{"type":"FeatureCollection","features":[{"type":"Feature","properties":{"districtId":6,"district":"Bidar"},"geometry":{"type":"Polygon","coordinates":[[[77.44324,17.58428],[77.37872,17.58395],[77.37938,17.59502],[77.35953,17.60022],[77.34033,17.58786],[77.31055,17.59534],[77.29765,17.6064],[77.27449,17.6269],[77.27449,17.6269],[77.27316,17.62723],[77.19772,17.63211],[77.18879,17.61551],[77.15007,17.63243],[77.12592,17.68676],[77.12426,17.68579],[77.08522,17.65911],[77.05808,17.6731],[77.03525,17.66952],[77.03426,17.68058],[77.01772,17.67798],[76.99091,17.69587],[76.97702,17.67993],[76.98727,17.65813],[76.94029,17.60901],[76.9211,17.61063],[76.91779,17.62365],[76.92904,17.63764],[76.90786,17.63503],[76.89893,17.64479],[76.79304,17.65325],[76.77848,17.63601],[76.77021,17.64642],[76.77352,17.66692],[76.73282,17.66562],[76.71429,17.63894],[76.69907,17.64252],[76.70039,17.64479],[76.70899,17.65813],[76.71098,17.66139],[76.69576,17.66171],[76.69443,17.66204],[76.69443,17.66269],[76.68583,17.68221],[76.69079,17.68091],[76.69311,17.69262],[76.69609,17.70889],[76.69973,17.72711],[76.70039,17.72743],[76.72819,17.73752],[76.71429,17.78079],[76.76194,17.78697],[76.79039,17.82634],[76.76756,17.85204],[76.73844,17.8566],[76.7401,17.89954],[76.76822,17.90117],[76.77517,17.87775],[76.80429,17.87059],[76.80462,17.87091],[76.81025,17.88718],[76.83109,17.88555],[76.8397,17.89889],[76.88437,17.89434],[76.90124,17.91711],[76.91911,17.91614],[76.90554,18.00984],[76.91448,18.03521],[76.9522,18.04009],[76.94525,18.08304],[76.96643,18.09833],[76.92043,18.11818],[76.93201,18.13347],[76.92407,18.14648],[76.93168,18.1595],[76.94227,18.15624],[76.95187,18.18813],[76.99058,18.19008],[77.00117,18.1608],[77.02334,18.15852],[77.02301,18.17577],[77.03327,18.18195],[77.05213,18.17316],[77.06404,18.15071],[77.1107,18.15527],[77.1107,18.15559],[77.11367,18.1621],[77.11698,18.16958],[77.11632,18.17056],[77.09779,18.19659],[77.15173,18.21709],[77.14875,18.23888],[77.16993,18.26101],[77.17489,18.28476],[77.21294,18.2802],[77.19937,18.31567],[77.21923,18.32575],[77.22949,18.3482],[77.22022,18.34918],[77.22585,18.36512],[77.24636,18.37065],[77.24636,18.37065],[77.24603,18.37163],[77.23577,18.3944],[77.24173,18.41262],[77.26555,18.42238],[77.31684,18.44223],[77.32379,18.45427],[77.3453,18.43344],[77.36581,18.45069],[77.36581,18.44971],[77.37276,18.40123],[77.41247,18.39342],[77.41379,18.39245],[77.39493,18.36837],[77.40023,18.34755],[77.35853,18.31762],[77.35787,18.31697],[77.36581,18.30721],[77.40916,18.30135],[77.43762,18.31046],[77.43828,18.28638],[77.44523,18.27988],[77.46111,18.26426],[77.4621,18.26328],[77.46276,18.26361],[77.46508,18.26263],[77.48493,18.27077],[77.49288,18.26719],[77.51174,18.28216],[77.51273,18.30948],[77.55144,18.29159],[77.55144,18.29192],[77.5617,18.28508],[77.57262,18.29322],[77.57295,18.29322],[77.60538,18.2815],[77.60075,18.27565],[77.60041,18.27565],[77.57196,18.24409],[77.58552,18.21969],[77.56369,18.19561],[77.58122,18.16243],[77.59677,18.15592],[77.59876,18.09443],[77.59876,18.09345],[77.59843,18.09313],[77.57295,18.07881],[77.56302,18.07328],[77.5478,18.05604],[77.55376,18.03587],[77.58056,18.03164],[77.5885,18.01211],[77.60604,18.02025],[77.62788,17.99682],[77.64906,17.99878],[77.656,17.96884],[77.65567,17.96852],[77.64939,17.94997],[77.63714,17.95225],[77.63317,17.96754],[77.62457,17.95973],[77.63251,17.94672],[77.61861,17.93956],[77.61894,17.9041],[77.58619,17.90768],[77.59909,17.87319],[77.57659,17.87547],[77.55409,17.82016],[77.52828,17.82797],[77.52894,17.813],[77.50644,17.786],[77.53755,17.77981],[77.55475,17.76387],[77.56931,17.76648],[77.56865,17.74891],[77.54615,17.72678],[77.52199,17.72613],[77.45251,17.69457],[77.4482,17.65098],[77.45582,17.63406],[77.45548,17.63276],[77.45284,17.62072],[77.44423,17.58428],[77.44324,17.58428]]]}},{"type":"Feature","properties":{"districtId":17,"district":"Kalaburagi"},"geometry":{"type":"Polygon","coordinates":[[[76.68583,17.68221],[76.69443,17.66269],[76.69443,17.66204],[76.69576,17.66171],[76.71098,17.66139],[76.70899,17.65813],[76.70039,17.64479],[76.69907,17.64252],[76.71429,17.63894],[76.73282,17.66562],[76.77352,17.66692],[76.77021,17.64642],[76.77848,17.63601],[76.79304,17.65325],[76.89893,17.64479],[76.90786,17.63503],[76.92904,17.63764],[76.91779,17.62365],[76.9211,17.61063],[76.94029,17.60901],[76.98727,17.65813],[76.97702,17.67993],[76.99091,17.69587],[77.01772,17.67798],[77.03426,17.68058],[77.03525,17.66952],[77.05808,17.6731],[77.08522,17.65911],[77.12426,17.68579],[77.12592,17.68676],[77.15007,17.63243],[77.18879,17.61551],[77.19772,17.63211],[77.27316,17.62723],[77.27449,17.6269],[77.27449,17.6269],[77.29765,17.6064],[77.31055,17.59534],[77.34033,17.58786],[77.35953,17.60022],[77.37938,17.59502],[77.37872,17.58395],[77.44324,17.58428],[77.44324,17.58395],[77.45251,17.58103],[77.46177,17.5807],[77.4664,17.5768],[77.47799,17.56671],[77.49387,17.56801],[77.49453,17.56704],[77.5071,17.54231],[77.52828,17.57549],[77.53755,17.57549],[77.55045,17.55174],[77.5938,17.56443],[77.59677,17.53418],[77.67387,17.51465],[77.68479,17.51205],[77.68876,17.51108],[77.68843,17.47529],[77.68843,17.47529],[77.65236,17.48277],[77.65733,17.50652],[77.64475,17.47756],[77.6153,17.47301],[77.61431,17.44601],[77.57626,17.45609],[77.57593,17.43071],[77.53721,17.44373],[77.51306,17.43071],[77.51405,17.41412],[77.53788,17.40599],[77.52431,17.38809],[77.52927,17.3728],[77.52993,17.37085],[77.52729,17.36987],[77.48394,17.35491],[77.47435,17.36141],[77.47898,17.37085],[77.4535,17.3741],[77.45615,17.33116],[77.43795,17.29179],[77.45846,17.2791],[77.42637,17.25633],[77.42041,17.23778],[77.40817,17.24136],[77.38037,17.22249],[77.40387,17.2098],[77.39394,17.19451],[77.37243,17.19549],[77.36383,17.15872],[77.40684,17.12456],[77.46376,17.10992],[77.46276,17.09398],[77.48096,17.07934],[77.49685,17.04257],[77.50214,17.00939],[77.47964,16.99605],[77.48129,16.97132],[77.48129,16.97034],[77.47799,16.96742],[77.4664,16.95408],[77.46938,16.91926],[77.45416,16.91406],[77.45879,16.88478],[77.42504,16.8851],[77.41114,16.87469],[77.40155,16.88315],[77.40651,16.90202],[77.37673,16.89454],[77.35158,16.90788],[77.34166,16.93423],[77.31883,16.93651],[77.31155,16.9274],[77.28938,16.93716],[77.26291,16.92837],[77.24206,16.94301],[77.21129,16.94497],[77.19607,16.92675],[77.18415,16.94236],[77.16562,16.93878],[77.16033,16.91568],[77.12559,16.91796],[77.09481,16.90625],[77.08621,16.93683],[77.07165,16.93976],[77.06503,16.95375],[77.06503,16.95375],[77.04121,16.92317],[77.0197,16.9274],[77.01772,16.89877],[77.03393,16.89324],[77.04154,16.87014],[77.00713,16.85777],[76.97999,16.86135],[76.9833,16.83988],[76.99521,16.83728],[76.98496,16.8145],[76.98264,16.80962],[76.94426,16.83109],[76.91084,16.81645],[76.90157,16.85484],[76.92076,16.87014],[76.90157,16.87827],[76.90157,16.89259],[76.87047,16.89584],[76.84135,16.86656],[76.81653,16.87371],[76.81322,16.85842],[76.79105,16.84996],[76.78907,16.83728],[76.75995,16.84411],[76.75466,16.82036],[76.74473,16.8158],[76.74506,16.75171],[76.74374,16.75171],[76.72885,16.75399],[76.7348,16.77871],[76.70932,16.78066],[76.70205,16.79303],[76.67954,16.78489],[76.67557,16.76505],[76.66068,16.767],[76.65274,16.75106],[76.6587,16.72503],[76.63554,16.73512],[76.63554,16.74585],[76.62296,16.7426],[76.62362,16.7657],[76.59649,16.7657],[76.54719,16.7478],[76.51642,16.75106],[76.50351,16.7413],[76.50285,16.72308],[76.48134,16.71202],[76.47141,16.71169],[76.46149,16.71104],[76.46083,16.71104],[76.45222,16.7221],[76.44858,16.72145],[76.44097,16.71364],[76.42277,16.7169],[76.42906,16.73772],[76.44031,16.74195],[76.43601,16.7644],[76.37082,16.76863],[76.37744,16.80181],[76.4102,16.79888],[76.41384,16.81353],[76.35229,16.81971],[76.37446,16.85875],[76.42906,16.85061],[76.42939,16.83728],[76.47108,16.8389],[76.45851,16.86688],[76.43799,16.86786],[76.43336,16.88185],[76.43369,16.89779],[76.46546,16.90267],[76.45851,16.92805],[76.43402,16.94334],[76.42807,16.9274],[76.39895,16.93521],[76.40027,16.97718],[76.43667,16.98173],[76.44064,16.9967],[76.42741,17.05363],[76.42939,17.09951],[76.39829,17.0699],[76.38803,17.0725],[76.39035,17.09723],[76.36222,17.1161],[76.39134,17.13074],[76.39465,17.1431],[76.3599,17.14018],[76.36884,17.16686],[76.35626,17.18865],[76.33343,17.17076],[76.27685,17.16751],[76.26395,17.15091],[76.25633,17.15091],[76.24608,17.15091],[76.24277,17.15091],[76.24178,17.15221],[76.2206,17.1854],[76.18817,17.18638],[76.18188,17.19256],[76.12762,17.24494],[76.08857,17.25698],[76.08857,17.25763],[76.09486,17.2765],[76.09916,17.29016],[76.09949,17.29114],[76.0664,17.31131],[76.06508,17.31229],[76.07236,17.33409],[76.07302,17.33636],[76.07534,17.33636],[76.07931,17.33148],[76.08195,17.33604],[76.09982,17.36467],[76.11901,17.37052],[76.16269,17.34515],[76.16501,17.30318],[76.17626,17.3009],[76.18321,17.31944],[76.1703,17.35263],[76.22953,17.36532],[76.22854,17.37573],[76.24211,17.37898],[76.25071,17.36044],[76.27222,17.36044],[76.27652,17.33474],[76.31788,17.33246],[76.31424,17.3484],[76.34534,17.35458],[76.35395,17.31424],[76.38307,17.31456],[76.39663,17.3471],[76.41218,17.351],[76.40921,17.3715],[76.36354,17.37768],[76.37148,17.43657],[76.33343,17.43397],[76.33079,17.47008],[76.37546,17.49025],[76.34568,17.49253],[76.34667,17.5127],[76.36718,17.51986],[76.36718,17.51986],[76.36288,17.53743],[76.34071,17.54263],[76.33145,17.59632],[76.41979,17.6038],[76.42906,17.64349],[76.42906,17.64349],[76.42939,17.64479],[76.44494,17.64089],[76.44196,17.64935],[76.45288,17.65586],[76.48994,17.66041],[76.4873,17.71474],[76.52403,17.71507],[76.52336,17.75964],[76.57267,17.76062],[76.56406,17.75086],[76.57035,17.70531],[76.58193,17.70563],[76.60046,17.72581],[76.61436,17.77038],[76.61436,17.7707],[76.6319,17.75476],[76.63322,17.72808],[76.65572,17.718],[76.66432,17.68742],[76.68451,17.68579],[76.68583,17.68221]]]}},{"type":"Feature","properties":{"districtId":3,"district":"Belagavi"},"geometry":{"type":"Polygon","coordinates":[[[75.34175,16.95603],[75.3358,16.86949],[75.39502,16.8633],[75.37881,16.82394],[75.38444,16.76342],[75.36624,16.76017],[75.3626,16.71429],[75.28914,16.71494],[75.27557,16.70258],[75.26565,16.69249],[75.26829,16.64109],[75.2587,16.6079],[75.2587,16.60725],[75.22131,16.61701],[75.17002,16.59912],[75.15744,16.58415],[75.15711,16.58383],[75.16142,16.53991],[75.16208,16.53437],[75.15645,16.53112],[75.14123,16.52169],[75.11542,16.50607],[75.11377,16.50867],[75.07141,16.56756],[75.06678,16.53925],[75.00755,16.53828],[74.98869,16.50086],[74.9867,16.46638],[74.98836,16.45369],[75.01682,16.45857],[75.01781,16.4397],[75.02807,16.43352],[75.07803,16.43775],[75.07307,16.40456],[75.03965,16.39805],[75.03501,16.38667],[75.04329,16.31834],[75.07638,16.33168],[75.12965,16.33103],[75.14884,16.31541],[75.15943,16.32095],[75.14818,16.28255],[75.23421,16.25945],[75.23223,16.21],[75.28583,16.20122],[75.28451,16.17649],[75.29245,16.17291],[75.2759,16.1202],[75.32785,16.11532],[75.35433,16.12866],[75.35532,16.11532],[75.40462,16.11402],[75.4119,16.13062],[75.41587,16.11565],[75.43903,16.11565],[75.42778,16.09287],[75.43109,16.06912],[75.44532,16.06912],[75.44499,16.05286],[75.41852,16.05253],[75.41686,16.04602],[75.42613,16.00926],[75.43804,16.00308],[75.43175,15.97542],[75.43969,15.96664],[75.4248,15.92142],[75.44168,15.91849],[75.43804,15.89376],[75.45161,15.88628],[75.45194,15.8827],[75.45392,15.88107],[75.45789,15.8186],[75.43705,15.77859],[75.41422,15.78477],[75.42447,15.84203],[75.37484,15.84528],[75.36458,15.80494],[75.34109,15.80494],[75.33943,15.82771],[75.32488,15.81112],[75.3037,15.81275],[75.30601,15.7659],[75.31826,15.7646],[75.31826,15.74508],[75.31429,15.73011],[75.29973,15.72751],[75.29907,15.72881],[75.29377,15.74117],[75.27458,15.74052],[75.27425,15.71775],[75.27888,15.68846],[75.28947,15.69074],[75.27789,15.68716],[75.27392,15.64877],[75.2491,15.64715],[75.2362,15.67903],[75.20278,15.68163],[75.20278,15.6491],[75.10814,15.67187],[75.09193,15.60778],[75.05652,15.6325],[75.05983,15.68196],[75.04858,15.67773],[75.04693,15.67057],[75.0284,15.66992],[75.01946,15.64389],[74.96652,15.6543],[74.9652,15.6273],[74.90233,15.63185],[74.87883,15.61786],[74.83052,15.61038],[74.84111,15.57492],[74.7981,15.54856],[74.81398,15.50497],[74.78685,15.4861],[74.77824,15.45942],[74.74879,15.49618],[74.72729,15.48903],[74.74449,15.46365],[74.7296,15.43144],[74.7392,15.41419],[74.74085,15.41094],[74.69949,15.40996],[74.68956,15.39793],[74.64953,15.39012],[74.61412,15.35856],[74.54463,15.4168],[74.48276,15.39597],[74.46456,15.41517],[74.45662,15.40313],[74.42651,15.39858],[74.42187,15.46365],[74.41327,15.47406],[74.37489,15.48089],[74.34246,15.51798],[74.27827,15.52286],[74.27827,15.52286],[74.27794,15.54629],[74.26172,15.56483],[74.24518,15.56678],[74.26437,15.61559],[74.24418,15.626],[74.25213,15.6543],[74.23657,15.66862],[74.20514,15.65105],[74.20415,15.66374],[74.18694,15.66764],[74.19091,15.67903],[74.18098,15.68228],[74.16709,15.67187],[74.16444,15.65365],[74.13565,15.64845],[74.12639,15.65268],[74.11911,15.65235],[74.11812,15.65203],[74.11845,15.65203],[74.09859,15.66536],[74.08834,15.66992],[74.09065,15.67057],[74.12573,15.68098],[74.13234,15.70245],[74.12209,15.72067],[74.16146,15.75126],[74.2015,15.75874],[74.20878,15.78086],[74.20911,15.78119],[74.22102,15.78607],[74.2283,15.78672],[74.2336,15.78705],[74.22797,15.76752],[74.22764,15.76102],[74.23955,15.74442],[74.26834,15.75484],[74.2872,15.74215],[74.30805,15.74865],[74.32327,15.77273],[74.34577,15.7646],[74.36198,15.78119],[74.36959,15.79388],[74.36992,15.80201],[74.36165,15.816],[74.36099,15.81763],[74.36066,15.81795],[74.38316,15.84919],[74.33816,15.85504],[74.36331,15.87489],[74.36331,15.87554],[74.36728,15.88953],[74.3686,15.89441],[74.38812,15.85439],[74.40632,15.85537],[74.3868,15.90515],[74.43081,15.95655],[74.46323,16.03919],[74.46224,16.04993],[74.42981,16.05904],[74.37356,16.03659],[74.37753,16.05513],[74.36132,16.05383],[74.37224,16.07823],[74.3911,16.08051],[74.39011,16.08962],[74.42783,16.11207],[74.48342,16.0919],[74.48507,16.0945],[74.48938,16.11109],[74.47978,16.14721],[74.49401,16.18658],[74.50129,16.18918],[74.50493,16.19601],[74.49665,16.2139],[74.49632,16.21456],[74.49599,16.21521],[74.50294,16.22594],[74.49434,16.23505],[74.48044,16.25002],[74.46886,16.24026],[74.45496,16.25327],[74.41757,16.25815],[74.41459,16.28255],[74.38283,16.27735],[74.37323,16.26173],[74.35934,16.29069],[74.34577,16.29362],[74.3504,16.2754],[74.32492,16.27182],[74.32095,16.28451],[74.34279,16.29817],[74.32525,16.31379],[74.32889,16.32387],[74.31665,16.32648],[74.32261,16.33428],[74.31533,16.34014],[74.32724,16.34242],[74.31731,16.38113],[74.32492,16.37821],[74.33584,16.39382],[74.35338,16.36649],[74.36364,16.40521],[74.33518,16.40131],[74.33253,16.45466],[74.28952,16.46312],[74.29084,16.50477],[74.27959,16.50477],[74.27463,16.48557],[74.26073,16.48004],[74.24749,16.49696],[74.27794,16.50477],[74.26437,16.53991],[74.27066,16.54804],[74.27132,16.54674],[74.28323,16.52461],[74.29183,16.53405],[74.30143,16.52917],[74.30176,16.52917],[74.30606,16.50379],[74.31533,16.50477],[74.31566,16.55455],[74.33981,16.54771],[74.35636,16.55975],[74.35801,16.53828],[74.37985,16.52852],[74.39673,16.58318],[74.4222,16.58448],[74.43544,16.60107],[74.46687,16.60693],[74.45496,16.64727],[74.46886,16.66386],[74.46985,16.66224],[74.48904,16.63003],[74.54463,16.63556],[74.54364,16.59522],[74.56713,16.58545],[74.55622,16.56366],[74.55986,16.56073],[74.57044,16.55455],[74.6032,16.56724],[74.61875,16.58415],[74.63067,16.58383],[74.63894,16.60725],[74.63993,16.61018],[74.63993,16.61051],[74.6482,16.60986],[74.68725,16.60855],[74.68758,16.61799],[74.6535,16.63881],[74.66508,16.66582],[74.68956,16.67688],[74.68096,16.68599],[74.68956,16.68631],[74.68857,16.71267],[74.69519,16.71364],[74.69552,16.71559],[74.73225,16.7182],[74.77196,16.75073],[74.79578,16.7478],[74.84475,16.76179],[74.85005,16.77286],[74.8656,16.76342],[74.86957,16.77416],[74.91953,16.77253],[74.90167,16.86265],[74.96056,16.88087],[74.96354,16.9095],[74.9556,16.90527],[74.93277,16.91894],[74.93078,16.92349],[74.92516,16.93488],[74.92317,16.93944],[74.92979,16.94171],[74.93442,16.94334],[74.93674,16.94432],[74.96454,16.92675],[74.96454,16.94757],[74.99034,16.95212],[74.99167,16.9518],[75.02674,16.94399],[75.02542,16.92805],[75.08928,16.95147],[75.09623,16.91373],[75.11741,16.91341],[75.13494,16.89486],[75.1366,16.87437],[75.17664,16.86786],[75.18921,16.87534],[75.18193,16.84346],[75.21436,16.84183],[75.22759,16.84313],[75.23785,16.86786],[75.26465,16.86265],[75.28219,16.88022],[75.29013,16.90397],[75.27954,16.92349],[75.27954,16.95668],[75.34175,16.95603]]]}},{"type":"Feature","properties":{"districtId":30,"district":"Yadgir"},"geometry":{"type":"Polygon","coordinates":[[[76.46149,16.71104],[76.47141,16.71169],[76.48134,16.71202],[76.50285,16.72308],[76.50351,16.7413],[76.51642,16.75106],[76.54719,16.7478],[76.59649,16.7657],[76.62362,16.7657],[76.62296,16.7426],[76.63554,16.74585],[76.63554,16.73512],[76.6587,16.72503],[76.65274,16.75106],[76.66068,16.767],[76.67557,16.76505],[76.67954,16.78489],[76.70205,16.79303],[76.70932,16.78066],[76.7348,16.77871],[76.72885,16.75399],[76.74374,16.75171],[76.74506,16.75171],[76.74473,16.8158],[76.75466,16.82036],[76.75995,16.84411],[76.78907,16.83728],[76.79105,16.84996],[76.81322,16.85842],[76.81653,16.87371],[76.84135,16.86656],[76.87047,16.89584],[76.90157,16.89259],[76.90157,16.87827],[76.92076,16.87014],[76.90157,16.85484],[76.91084,16.81645],[76.94426,16.83109],[76.98264,16.80962],[76.98496,16.8145],[76.99521,16.83728],[76.9833,16.83988],[76.97999,16.86135],[77.00713,16.85777],[77.04154,16.87014],[77.03393,16.89324],[77.01772,16.89877],[77.0197,16.9274],[77.04121,16.92317],[77.06503,16.95375],[77.06503,16.95375],[77.07165,16.93976],[77.08621,16.93683],[77.09481,16.90625],[77.12559,16.91796],[77.16033,16.91568],[77.16562,16.93878],[77.18415,16.94236],[77.19607,16.92675],[77.21129,16.94497],[77.24206,16.94301],[77.26291,16.92837],[77.28938,16.93716],[77.31155,16.9274],[77.31883,16.93651],[77.34166,16.93423],[77.35158,16.90788],[77.37673,16.89454],[77.40651,16.90202],[77.40155,16.88315],[77.41114,16.87469],[77.42504,16.8851],[77.45879,16.88478],[77.46045,16.88478],[77.45979,16.87697],[77.45714,16.83012],[77.47666,16.78847],[77.46707,16.78034],[77.4396,16.78912],[77.44324,16.76245],[77.42604,16.72145],[77.43861,16.71169],[77.44721,16.7208],[77.47401,16.71657],[77.47004,16.68761],[77.46409,16.67623],[77.41876,16.66874],[77.42901,16.65085],[77.43894,16.64337],[77.46243,16.65443],[77.476,16.6502],[77.45383,16.61669],[77.46773,16.60986],[77.4621,16.58545],[77.4396,16.58708],[77.42206,16.56886],[77.4214,16.56821],[77.39295,16.56984],[77.40387,16.55129],[77.41909,16.54902],[77.4171,16.52201],[77.41677,16.51746],[77.38335,16.51485],[77.37905,16.51388],[77.36912,16.48883],[77.32975,16.4859],[77.29864,16.49631],[77.29401,16.47679],[77.24173,16.47321],[77.25033,16.46117],[77.2864,16.41107],[77.28838,16.40879],[77.28805,16.40879],[77.27283,16.40489],[77.26522,16.40423],[77.26158,16.40554],[77.24305,16.41757],[77.17489,16.43221],[77.1739,16.43254],[77.15603,16.47256],[77.09217,16.49338],[77.05775,16.51973],[77.01341,16.49956],[77.00878,16.5386],[77.00977,16.54479],[77.00779,16.54641],[76.99919,16.55325],[76.98827,16.5617],[76.9833,16.5591],[76.97404,16.55422],[76.96941,16.55162],[76.96941,16.54674],[76.97139,16.50379],[76.91183,16.48492],[76.8708,16.48915],[76.86981,16.48948],[76.86484,16.45694],[76.84102,16.43059],[76.78543,16.4179],[76.76094,16.42864],[76.7444,16.40944],[76.61138,16.34177],[76.47969,16.29264],[76.47836,16.29231],[76.47042,16.28646],[76.33376,16.19569],[76.33211,16.19503],[76.35295,16.23538],[76.34799,16.27767],[76.29968,16.2832],[76.30299,16.31899],[76.2924,16.33136],[76.31424,16.34535],[76.30597,16.38113],[76.3106,16.39675],[76.3331,16.39122],[76.3331,16.3935],[76.33211,16.42701],[76.35759,16.42213],[76.38538,16.42571],[76.39035,16.43807],[76.43468,16.43775],[76.43535,16.43775],[76.43402,16.51876],[76.4049,16.64304],[76.42542,16.69542],[76.45222,16.71429],[76.46215,16.70844],[76.46149,16.71104]]]}},{"type":"Feature","properties":{"districtId":1,"district":"Bagalkote"},"geometry":{"type":"Polygon","coordinates":[[[75.45161,15.88628],[75.43804,15.89376],[75.44168,15.91849],[75.4248,15.92142],[75.43969,15.96664],[75.43175,15.97542],[75.43804,16.00308],[75.42613,16.00926],[75.41686,16.04602],[75.41852,16.05253],[75.44499,16.05286],[75.44532,16.06912],[75.43109,16.06912],[75.42778,16.09287],[75.43903,16.11565],[75.41587,16.11565],[75.4119,16.13062],[75.40462,16.11402],[75.35532,16.11532],[75.35433,16.12866],[75.32785,16.11532],[75.2759,16.1202],[75.29245,16.17291],[75.28451,16.17649],[75.28583,16.20122],[75.23223,16.21],[75.23421,16.25945],[75.14818,16.28255],[75.15943,16.32095],[75.14884,16.31541],[75.12965,16.33103],[75.07638,16.33168],[75.04329,16.31834],[75.03501,16.38667],[75.03965,16.39805],[75.07307,16.40456],[75.07803,16.43775],[75.02807,16.43352],[75.01781,16.4397],[75.01682,16.45857],[74.98836,16.45369],[74.9867,16.46638],[74.98869,16.50086],[75.00755,16.53828],[75.06678,16.53925],[75.07141,16.56756],[75.11377,16.50867],[75.11542,16.50607],[75.14123,16.52169],[75.15645,16.53112],[75.16208,16.53437],[75.16142,16.53991],[75.15711,16.58383],[75.15744,16.58415],[75.17002,16.59912],[75.22131,16.61701],[75.2587,16.60725],[75.2587,16.6079],[75.26829,16.64109],[75.26565,16.69249],[75.27557,16.70258],[75.28914,16.71494],[75.3626,16.71429],[75.36624,16.76017],[75.38444,16.76342],[75.40495,16.7657],[75.42183,16.76733],[75.49198,16.74423],[75.48834,16.69445],[75.43771,16.6977],[75.4622,16.62254],[75.49363,16.59326],[75.47245,16.56333],[75.48834,16.5552],[75.48602,16.50867],[75.45558,16.50672],[75.46319,16.47386],[75.43473,16.43352],[75.43275,16.43091],[75.44631,16.41595],[75.44797,16.414],[75.44896,16.41334],[75.48701,16.41757],[75.48767,16.41855],[75.489,16.42018],[75.49859,16.43059],[75.49926,16.45369],[75.53466,16.46573],[75.5522,16.45597],[75.55683,16.42473],[75.56643,16.4153],[75.56841,16.41334],[75.57007,16.41172],[75.59952,16.44653],[75.6336,16.44393],[75.72095,16.3909],[75.81029,16.3704],[75.95622,16.29719],[76.02637,16.30077],[76.06541,16.26206],[76.06442,16.23798],[76.0578,16.22757],[76.06342,16.21651],[76.06706,16.20902],[76.06773,16.20772],[76.1392,16.18104],[76.16997,16.18462],[76.1938,16.17844],[76.23847,16.1651],[76.23814,16.16152],[76.23747,16.16087],[76.23416,16.13062],[76.24641,16.12801],[76.25567,16.0971],[76.26792,16.10979],[76.33244,16.0919],[76.32814,16.07758],[76.26891,16.08669],[76.25733,16.08832],[76.25766,16.08604],[76.25898,16.074],[76.30332,16.07335],[76.31192,16.00015],[76.29803,15.99917],[76.29803,15.98941],[76.32781,15.93378],[76.31226,15.92272],[76.28545,15.9289],[76.28479,15.90287],[76.28181,15.9032],[76.26196,15.90677],[76.257,15.92272],[76.22986,15.92337],[76.22655,15.94094],[76.20041,15.94386],[76.19975,15.93508],[76.16071,15.92109],[76.14516,15.89539],[76.11736,15.88628],[76.10115,15.90059],[76.05813,15.90743],[76.05813,15.90743],[76.0846,15.99625],[76.07898,16.01089],[76.05648,16.00926],[75.98964,16.00536],[75.97375,15.98649],[75.97375,15.96859],[75.97442,15.86188],[75.97375,15.86188],[75.92842,15.87554],[75.91419,15.91231],[75.90162,15.92369],[75.89169,15.91621],[75.87713,15.9315],[75.78845,15.92499],[75.77356,15.90254],[75.77356,15.90254],[75.81029,15.89376],[75.8275,15.90027],[75.83544,15.88237],[75.82816,15.86643],[75.84868,15.87196],[75.84702,15.8391],[75.84702,15.8391],[75.84702,15.83878],[75.80004,15.85765],[75.79772,15.84789],[75.78018,15.84886],[75.77952,15.8173],[75.74478,15.81275],[75.74246,15.81405],[75.73684,15.8134],[75.69051,15.82999],[75.6872,15.82999],[75.68323,15.83032],[75.67694,15.82218],[75.67595,15.82121],[75.67231,15.83617],[75.65676,15.82674],[75.64253,15.84138],[75.63128,15.83097],[75.61771,15.83552],[75.61672,15.82121],[75.58727,15.83325],[75.57701,15.82479],[75.56643,15.83845],[75.55319,15.82576],[75.5522,15.82479],[75.5565,15.83259],[75.53003,15.83487],[75.51249,15.85146],[75.51977,15.85765],[75.50223,15.8583],[75.49793,15.87229],[75.47874,15.87099],[75.45161,15.88628]]]}},{"type":"Feature","properties":{"districtId":23,"district":"Raichur"},"geometry":{"type":"Polygon","coordinates":[[[76.33211,16.19503],[76.33376,16.19569],[76.47042,16.28646],[76.47836,16.29231],[76.47969,16.29264],[76.61138,16.34177],[76.7444,16.40944],[76.76094,16.42864],[76.78543,16.4179],[76.84102,16.43059],[76.86484,16.45694],[76.86981,16.48948],[76.8708,16.48915],[76.91183,16.48492],[76.97139,16.50379],[76.96941,16.54674],[76.96941,16.55162],[76.97404,16.55422],[76.9833,16.5591],[76.98827,16.5617],[76.99919,16.55325],[77.00779,16.54641],[77.00977,16.54479],[77.00878,16.5386],[77.01341,16.49956],[77.05775,16.51973],[77.09217,16.49338],[77.15603,16.47256],[77.1739,16.43254],[77.17489,16.43221],[77.24305,16.41757],[77.26158,16.40554],[77.26522,16.40423],[77.27283,16.40489],[77.28805,16.40879],[77.29401,16.40684],[77.29732,16.40716],[77.30824,16.40228],[77.36317,16.38439],[77.37872,16.38536],[77.40519,16.37105],[77.41412,16.36812],[77.42604,16.37072],[77.48924,16.38504],[77.48924,16.38504],[77.48924,16.38504],[77.5071,16.38016],[77.52266,16.37625],[77.52299,16.37593],[77.52332,16.37593],[77.56369,16.34762],[77.59479,16.34307],[77.59446,16.34242],[77.58883,16.33428],[77.5885,16.33396],[77.59578,16.30175],[77.59777,16.29329],[77.59777,16.29329],[77.56335,16.30175],[77.54516,16.29166],[77.53688,16.26694],[77.52199,16.278],[77.50479,16.27572],[77.49023,16.25522],[77.49221,16.2292],[77.51571,16.22789],[77.50115,16.22171],[77.48626,16.16315],[77.4899,16.11955],[77.51339,16.10817],[77.50082,16.10621],[77.49354,16.08637],[77.50677,16.07954],[77.49387,16.03691],[77.51405,16.00796],[77.51339,15.92792],[77.42967,15.94907],[77.37938,15.93996],[77.24901,15.96469],[77.15305,15.94907],[77.15239,15.94907],[77.14974,15.94809],[77.07628,15.91198],[77.07264,15.91035],[77.07198,15.90938],[77.04981,15.87522],[77.02533,15.83747],[77.02566,15.83747],[77.02566,15.83747],[77.02533,15.83747],[76.99588,15.80559],[76.94293,15.76199],[76.91679,15.69953],[76.88933,15.68489],[76.85756,15.64226],[76.8344,15.62795],[76.83473,15.56418],[76.81091,15.54759],[76.75896,15.56678],[76.74969,15.58826],[76.68881,15.59574],[76.67954,15.61266],[76.68054,15.62697],[76.69344,15.6247],[76.69046,15.64812],[76.67028,15.63901],[76.67193,15.65821],[76.59947,15.67382],[76.59715,15.69953],[76.53197,15.6992],[76.51046,15.71677],[76.4916,15.70733],[76.44726,15.73434],[76.43965,15.78444],[76.41285,15.79681],[76.45156,15.84593],[76.41814,15.86903],[76.42674,15.89018],[76.37512,15.90222],[76.37347,15.91751],[76.35362,15.90287],[76.35891,15.88172],[76.3513,15.86383],[76.33806,15.87164],[76.34501,15.90059],[76.31589,15.90515],[76.31358,15.89474],[76.29042,15.89278],[76.28975,15.89278],[76.28975,15.89344],[76.28181,15.9032],[76.28479,15.90287],[76.28545,15.9289],[76.31226,15.92272],[76.32781,15.93378],[76.29803,15.98941],[76.29803,15.99917],[76.31192,16.00015],[76.30332,16.07335],[76.25898,16.074],[76.25766,16.08604],[76.25733,16.08832],[76.26891,16.08669],[76.32814,16.07758],[76.33244,16.0919],[76.26792,16.10979],[76.25567,16.0971],[76.24641,16.12801],[76.23416,16.13062],[76.23747,16.16087],[76.23814,16.16152],[76.23847,16.1651],[76.24045,16.16478],[76.28049,16.15274],[76.29803,16.18495],[76.33145,16.19406],[76.33211,16.19503]]]}},{"type":"Feature","properties":{"districtId":20,"district":"Koppal"},"geometry":{"type":"Polygon","coordinates":[[[75.84702,15.8391],[75.84702,15.8391],[75.84868,15.87196],[75.82816,15.86643],[75.83544,15.88237],[75.8275,15.90027],[75.81029,15.89376],[75.77356,15.90254],[75.77356,15.90254],[75.78845,15.92499],[75.87713,15.9315],[75.89169,15.91621],[75.90162,15.92369],[75.91419,15.91231],[75.92842,15.87554],[75.97375,15.86188],[75.97442,15.86188],[75.97375,15.96859],[75.97375,15.98649],[75.98964,16.00536],[76.05648,16.00926],[76.07898,16.01089],[76.0846,15.99625],[76.05813,15.90743],[76.05813,15.90743],[76.10115,15.90059],[76.11736,15.88628],[76.14516,15.89539],[76.16071,15.92109],[76.19975,15.93508],[76.20041,15.94386],[76.22655,15.94094],[76.22986,15.92337],[76.257,15.92272],[76.26196,15.90677],[76.28181,15.9032],[76.28975,15.89344],[76.28975,15.89278],[76.29042,15.89278],[76.31358,15.89474],[76.31589,15.90515],[76.34501,15.90059],[76.33806,15.87164],[76.3513,15.86383],[76.35891,15.88172],[76.35362,15.90287],[76.37347,15.91751],[76.37512,15.90222],[76.42674,15.89018],[76.41814,15.86903],[76.45156,15.84593],[76.41285,15.79681],[76.43965,15.78444],[76.44726,15.73434],[76.4916,15.70733],[76.51046,15.71677],[76.53197,15.6992],[76.59715,15.69953],[76.59947,15.67382],[76.67193,15.65821],[76.67028,15.63901],[76.69046,15.64812],[76.69344,15.6247],[76.68054,15.62697],[76.67954,15.61266],[76.68881,15.59574],[76.74969,15.58826],[76.75896,15.56678],[76.81091,15.54759],[76.81157,15.51408],[76.80992,15.51245],[76.79139,15.50041],[76.70899,15.4887],[76.66664,15.45031],[76.61237,15.44283],[76.59252,15.41289],[76.55513,15.39663],[76.49325,15.34489],[76.47704,15.34945],[76.40457,15.3257],[76.36387,15.3283],[76.33376,15.26356],[76.30299,15.25575],[76.29141,15.22321],[76.25733,15.2063],[76.24905,15.19068],[76.21894,15.19654],[76.23119,15.23135],[76.18751,15.23493],[76.16005,15.21508],[76.15607,15.19588],[76.11174,15.19881],[76.09387,15.1627],[76.05681,15.15684],[76.04655,15.14871],[76.0353,15.14513],[75.97839,15.15294],[75.95258,15.1383],[75.95158,15.1383],[75.94827,15.17311],[75.92478,15.18255],[75.92445,15.20597],[75.91188,15.24046],[75.89996,15.24534],[75.8993,15.27657],[75.88871,15.29056],[75.88739,15.35335],[75.90294,15.35433],[75.90394,15.40281],[75.86588,15.40769],[75.85893,15.44413],[75.82618,15.45128],[75.82386,15.45161],[75.82022,15.46039],[75.81195,15.48122],[75.80963,15.48675],[75.8136,15.48903],[75.82419,15.49586],[75.81923,15.5079],[75.86026,15.51375],[75.86688,15.59607],[75.89765,15.60713],[75.89831,15.62502],[75.88574,15.63381],[75.88739,15.66829],[75.87118,15.67252],[75.87118,15.71449],[75.88706,15.71677],[75.88309,15.73759],[75.89732,15.75061],[75.90162,15.74865],[75.90261,15.748],[75.91055,15.74442],[75.91055,15.73889],[75.92147,15.72621],[75.91552,15.69757],[75.94033,15.69334],[75.94364,15.67643],[75.96714,15.67903],[75.96714,15.6787],[75.96813,15.66439],[76.01114,15.66244],[76.01412,15.68033],[75.98335,15.66732],[75.98434,15.69367],[76.00486,15.71547],[76.02339,15.70929],[76.04159,15.7184],[76.04126,15.72848],[76.03894,15.7685],[76.03199,15.7724],[75.9946,15.78086],[75.98434,15.80234],[75.96383,15.79453],[75.96085,15.78379],[75.92908,15.79095],[75.84702,15.8391]]]}},{"type":"Feature","properties":{"districtId":14,"district":"Gadag"},"geometry":{"type":"Polygon","coordinates":[[[75.28947,15.69074],[75.27888,15.68846],[75.27425,15.71775],[75.27458,15.74052],[75.29377,15.74117],[75.29907,15.72881],[75.29973,15.72751],[75.31429,15.73011],[75.31826,15.74508],[75.31826,15.7646],[75.30601,15.7659],[75.3037,15.81275],[75.32488,15.81112],[75.33943,15.82771],[75.34109,15.80494],[75.36458,15.80494],[75.37484,15.84528],[75.42447,15.84203],[75.41422,15.78477],[75.43705,15.77859],[75.45789,15.8186],[75.45392,15.88107],[75.45194,15.8827],[75.45161,15.88628],[75.47874,15.87099],[75.49793,15.87229],[75.50223,15.8583],[75.51977,15.85765],[75.51249,15.85146],[75.53003,15.83487],[75.5565,15.83259],[75.5522,15.82479],[75.55319,15.82576],[75.56643,15.83845],[75.57701,15.82479],[75.58727,15.83325],[75.61672,15.82121],[75.61771,15.83552],[75.63128,15.83097],[75.64253,15.84138],[75.65676,15.82674],[75.67231,15.83617],[75.67595,15.82121],[75.67694,15.82218],[75.68323,15.83032],[75.6872,15.82999],[75.69051,15.82999],[75.73684,15.8134],[75.74246,15.81405],[75.74478,15.81275],[75.77952,15.8173],[75.78018,15.84886],[75.79772,15.84789],[75.80004,15.85765],[75.84702,15.83878],[75.84702,15.8391],[75.92908,15.79095],[75.96085,15.78379],[75.96383,15.79453],[75.98434,15.80234],[75.9946,15.78086],[76.03199,15.7724],[76.03894,15.7685],[76.04126,15.72848],[76.04159,15.7184],[76.02339,15.70929],[76.00486,15.71547],[75.98434,15.69367],[75.98335,15.66732],[76.01412,15.68033],[76.01114,15.66244],[75.96813,15.66439],[75.96714,15.6787],[75.96714,15.67903],[75.94364,15.67643],[75.94033,15.69334],[75.91552,15.69757],[75.92147,15.72621],[75.91055,15.73889],[75.91055,15.74442],[75.90261,15.748],[75.90162,15.74865],[75.89732,15.75061],[75.88309,15.73759],[75.88706,15.71677],[75.87118,15.71449],[75.87118,15.67252],[75.88739,15.66829],[75.88574,15.63381],[75.89831,15.62502],[75.89765,15.60713],[75.86688,15.59607],[75.86026,15.51375],[75.81923,15.5079],[75.82419,15.49586],[75.8136,15.48903],[75.80963,15.48675],[75.81195,15.48122],[75.82022,15.46039],[75.82386,15.45161],[75.82618,15.45128],[75.85893,15.44413],[75.86588,15.40769],[75.90394,15.40281],[75.90294,15.35433],[75.88739,15.35335],[75.88871,15.29056],[75.8993,15.27657],[75.89996,15.24534],[75.91188,15.24046],[75.92445,15.20597],[75.92478,15.18255],[75.94827,15.17311],[75.95158,15.1383],[75.92809,15.14188],[75.90228,15.13179],[75.88474,15.10771],[75.88574,15.10674],[75.9089,15.07681],[75.90427,15.05891],[75.88375,15.05241],[75.87382,15.03549],[75.84603,15.04492],[75.83312,15.02865],[75.80765,15.02443],[75.78481,15.0023],[75.77919,14.97725],[75.74081,14.94537],[75.72029,14.95122],[75.70838,14.94764],[75.7011,14.94862],[75.6915,14.97302],[75.68985,14.974],[75.68621,14.97627],[75.66867,14.98668],[75.65841,14.98799],[75.63194,14.99156],[75.60911,14.97302],[75.61077,14.95838],[75.59786,14.9548],[75.56543,14.9792],[75.54128,14.97888],[75.54293,15.01369],[75.53301,15.03451],[75.49528,15.0472],[75.4612,15.04395],[75.44863,15.06086],[75.41719,15.06152],[75.41653,15.08494],[75.43341,15.10934],[75.4033,15.17148],[75.39569,15.16563],[75.399,15.20142],[75.43308,15.19881],[75.43308,15.20987],[75.44929,15.20825],[75.44036,15.22712],[75.41587,15.2346],[75.41653,15.26258],[75.40297,15.2603],[75.40197,15.27332],[75.41686,15.27494],[75.40627,15.27755],[75.41256,15.29967],[75.44962,15.30195],[75.45756,15.34197],[75.44466,15.38621],[75.46881,15.38589],[75.47543,15.39565],[75.49231,15.36865],[75.49528,15.46983],[75.48701,15.48935],[75.47179,15.4926],[75.4751,15.51668],[75.48172,15.53165],[75.52937,15.53783],[75.53433,15.59151],[75.55451,15.64715],[75.50256,15.64747],[75.48767,15.70245],[75.46848,15.70083],[75.47014,15.68424],[75.44764,15.68228],[75.41322,15.65528],[75.3626,15.66862],[75.35962,15.64552],[75.3358,15.64877],[75.33712,15.67382],[75.29377,15.69172],[75.28947,15.69074]]]}},{"type":"Feature","properties":{"districtId":2,"district":"Ballari"},"geometry":{"type":"Polygon","coordinates":[[[76.81091,15.54759],[76.83473,15.56418],[76.8344,15.62795],[76.85756,15.64226],[76.88933,15.68489],[76.91679,15.69953],[76.94293,15.76199],[76.99588,15.80559],[77.02533,15.83747],[77.02566,15.83747],[77.06536,15.82739],[77.06735,15.7877],[77.04849,15.74605],[77.04584,15.74052],[77.04915,15.73043],[77.07959,15.72751],[77.07893,15.71612],[77.08753,15.71547],[77.0786,15.6953],[77.12889,15.66602],[77.12162,15.6312],[77.08323,15.65918],[77.03062,15.63446],[77.02996,15.50269],[76.9747,15.5105],[76.97569,15.49456],[76.97569,15.49228],[77.03194,15.43567],[77.0293,15.40443],[77.04716,15.39012],[77.04187,15.36181],[77.06503,15.34359],[77.06371,15.32798],[77.11301,15.33383],[77.11831,15.29479],[77.15173,15.29251],[77.14709,15.27299],[77.16728,15.26356],[77.16728,15.26323],[77.14378,15.25738],[77.12625,15.24013],[77.12525,15.22712],[77.15173,15.21606],[77.15901,15.20272],[77.16529,15.18352],[77.16298,15.15749],[77.14081,15.15847],[77.13849,15.14708],[77.13783,15.1435],[77.15007,15.14285],[77.15702,15.14058],[77.15206,15.1191],[77.13022,15.10088],[77.11301,15.03419],[77.08489,15.03061],[77.08257,15.00621],[77.04419,15.00978],[77.04948,15.03321],[77.00415,15.03386],[76.98595,15.02638],[76.98529,15.01532],[76.91845,15.03549],[76.87709,15.03028],[76.86584,15.05956],[76.83606,15.07941],[76.80032,15.096],[76.77683,15.07843],[76.77352,15.05924],[76.79006,15.02085],[76.77352,14.99287],[76.76061,14.98994],[76.76094,14.98929],[76.73414,14.98538],[76.73183,15.01336],[76.7305,15.02703],[76.7219,15.03288],[76.7037,15.03353],[76.70171,15.01629],[76.70171,15.01597],[76.68815,15.02508],[76.67326,15.01922],[76.68881,14.97855],[76.71528,14.97302],[76.71528,14.97269],[76.71528,14.97172],[76.7166,14.94797],[76.7133,14.94439],[76.69708,14.92747],[76.66002,14.94179],[76.663,14.92617],[76.66532,14.91608],[76.67723,14.9112],[76.67789,14.88713],[76.69741,14.8881],[76.7133,14.86533],[76.7133,14.86533],[76.71164,14.83735],[76.74175,14.81848],[76.70469,14.81783],[76.66763,14.79375],[76.66697,14.77521],[76.64877,14.75634],[76.6448,14.71307],[76.6084,14.68769],[76.61072,14.66882],[76.59815,14.66947],[76.59748,14.65353],[76.61204,14.64832],[76.59616,14.63075],[76.60079,14.62099],[76.58524,14.61741],[76.56737,14.58748],[76.53461,14.56113],[76.53428,14.5608],[76.53329,14.56113],[76.51079,14.56048],[76.50516,14.56536],[76.42377,14.58162],[76.43204,14.61839],[76.39365,14.62685],[76.39001,14.64865],[76.37446,14.64669],[76.37943,14.66199],[76.34303,14.66589],[76.33575,14.68671],[76.33343,14.68769],[76.2795,14.68476],[76.26295,14.69647],[76.25501,14.69712],[76.23053,14.6493],[76.18387,14.70038],[76.20108,14.73909],[76.19247,14.76837],[76.18089,14.76415],[76.16898,14.78529],[76.14946,14.78399],[76.14284,14.7931],[76.14648,14.82336],[76.16071,14.82987],[76.19446,14.82076],[76.19082,14.84646],[76.15938,14.84711],[76.15475,14.8611],[76.1306,14.86077],[76.12894,14.86923],[76.07269,14.86891],[76.0664,14.88387],[76.0846,14.91348],[76.05118,14.91608],[76.04523,14.93072],[76.0128,14.89624],[76.01048,14.90535],[75.99725,14.89819],[75.98467,14.90828],[75.97706,14.89851],[75.96581,14.9086],[75.87316,14.86793],[75.86919,14.85427],[75.85364,14.8637],[75.85397,14.88355],[75.83213,14.88355],[75.81592,14.89982],[75.80169,14.86891],[75.8093,14.83735],[75.81459,14.83182],[75.8179,14.83442],[75.82982,14.81653],[75.83312,14.81132],[75.83412,14.81002],[75.83312,14.80742],[75.82618,14.78171],[75.82518,14.77911],[75.82419,14.77879],[75.79871,14.76903],[75.7729,14.7918],[75.75967,14.77521],[75.75636,14.73974],[75.75901,14.73421],[75.73882,14.72998],[75.71797,14.71957],[75.70805,14.7238],[75.70672,14.72413],[75.70441,14.7251],[75.72228,14.77195],[75.69183,14.78236],[75.6743,14.79766],[75.66503,14.80612],[75.66404,14.80709],[75.69018,14.85687],[75.71268,14.85264],[75.73286,14.8637],[75.73915,14.88745],[75.72823,14.89754],[75.69614,14.89201],[75.68356,14.93788],[75.6829,14.94016],[75.6915,14.94276],[75.7011,14.94862],[75.70838,14.94764],[75.72029,14.95122],[75.74081,14.94537],[75.77919,14.97725],[75.78481,15.0023],[75.80765,15.02443],[75.83312,15.02865],[75.84603,15.04492],[75.87382,15.03549],[75.88375,15.05241],[75.90427,15.05891],[75.9089,15.07681],[75.88574,15.10674],[75.88474,15.10771],[75.90228,15.13179],[75.92809,15.14188],[75.95158,15.1383],[75.95258,15.1383],[75.97839,15.15294],[76.0353,15.14513],[76.04655,15.14871],[76.05681,15.15684],[76.09387,15.1627],[76.11174,15.19881],[76.15607,15.19588],[76.16005,15.21508],[76.18751,15.23493],[76.23119,15.23135],[76.21894,15.19654],[76.24905,15.19068],[76.25733,15.2063],[76.29141,15.22321],[76.30299,15.25575],[76.33376,15.26356],[76.36387,15.3283],[76.40457,15.3257],[76.47704,15.34945],[76.49325,15.34489],[76.55513,15.39663],[76.59252,15.41289],[76.61237,15.44283],[76.66664,15.45031],[76.70899,15.4887],[76.79139,15.50041],[76.80992,15.51245],[76.81157,15.51408],[76.81091,15.54759]]]}},{"type":"Feature","properties":{"districtId":13,"district":"Dharwad"},"geometry":{"type":"Polygon","coordinates":[[[74.7392,15.41419],[74.7296,15.43144],[74.74449,15.46365],[74.72729,15.48903],[74.74879,15.49618],[74.77824,15.45942],[74.78685,15.4861],[74.81398,15.50497],[74.7981,15.54856],[74.84111,15.57492],[74.83052,15.61038],[74.87883,15.61786],[74.90233,15.63185],[74.9652,15.6273],[74.96652,15.6543],[75.01946,15.64389],[75.0284,15.66992],[75.04693,15.67057],[75.04858,15.67773],[75.05983,15.68196],[75.05652,15.6325],[75.09193,15.60778],[75.10814,15.67187],[75.20278,15.6491],[75.20278,15.68163],[75.2362,15.67903],[75.2491,15.64715],[75.27392,15.64877],[75.27789,15.68716],[75.28947,15.69074],[75.29377,15.69172],[75.33712,15.67382],[75.3358,15.64877],[75.35962,15.64552],[75.3626,15.66862],[75.41322,15.65528],[75.44764,15.68228],[75.47014,15.68424],[75.46848,15.70083],[75.48767,15.70245],[75.50256,15.64747],[75.55451,15.64715],[75.53433,15.59151],[75.52937,15.53783],[75.48172,15.53165],[75.4751,15.51668],[75.47179,15.4926],[75.48701,15.48935],[75.49528,15.46983],[75.49231,15.36865],[75.47543,15.39565],[75.46881,15.38589],[75.44466,15.38621],[75.45756,15.34197],[75.44962,15.30195],[75.41256,15.29967],[75.40627,15.27755],[75.41686,15.27494],[75.40197,15.27332],[75.40297,15.2603],[75.41653,15.26258],[75.41587,15.2346],[75.44036,15.22712],[75.44929,15.20825],[75.43308,15.20987],[75.43308,15.19881],[75.399,15.20142],[75.39569,15.16563],[75.4033,15.17148],[75.43341,15.10934],[75.41653,15.08494],[75.41653,15.05956],[75.36922,15.05013],[75.34407,15.06705],[75.33315,15.08657],[75.35069,15.10023],[75.35002,15.10056],[75.34473,15.10576],[75.33712,15.11325],[75.33646,15.16172],[75.30701,15.15522],[75.30965,15.1383],[75.28715,15.137],[75.26068,15.11845],[75.2534,15.09795],[75.23884,15.10902],[75.18822,15.09795],[75.15811,15.10153],[75.15877,15.10967],[75.13925,15.10446],[75.13296,15.1191],[75.15281,15.14578],[75.1409,15.16042],[75.13958,15.15814],[75.13197,15.1448],[75.10417,15.14123],[75.1045,15.14058],[75.11344,15.11715],[75.07737,15.11032],[75.082,15.07453],[75.05818,15.07225],[75.05421,15.08299],[75.01285,15.06835],[74.94071,15.0664],[74.94038,15.05175],[74.93012,15.04622],[74.91689,15.03874],[74.90828,15.05078],[74.88876,15.05045],[74.8785,15.07388],[74.89207,15.09698],[74.89008,15.0973],[74.85931,15.10283],[74.8388,15.12821],[74.83284,15.13537],[74.84177,15.15359],[74.87751,15.19328],[74.87321,15.21638],[74.91027,15.25119],[74.90531,15.27852],[74.90431,15.2821],[74.88876,15.30715],[74.87387,15.29837],[74.87619,15.31659],[74.85369,15.34132],[74.82854,15.34067],[74.81927,15.37027],[74.83086,15.37288],[74.82093,15.38524],[74.79512,15.37873],[74.76534,15.39955],[74.76666,15.41582],[74.76666,15.41712],[74.74019,15.41452],[74.7392,15.41419]]]}},{"type":"Feature","properties":{"districtId":28,"district":"Uttara Kannada"},"geometry":{"type":"Polygon","coordinates":[[[74.27827,15.52286],[74.27827,15.52286],[74.34246,15.51798],[74.37489,15.48089],[74.41327,15.47406],[74.42187,15.46365],[74.42651,15.39858],[74.45662,15.40313],[74.46456,15.41517],[74.48276,15.39597],[74.54463,15.4168],[74.61412,15.35856],[74.64953,15.39012],[74.68956,15.39793],[74.69949,15.40996],[74.74085,15.41094],[74.7392,15.41419],[74.74019,15.41452],[74.76666,15.41712],[74.76666,15.41582],[74.76534,15.39955],[74.79512,15.37873],[74.82093,15.38524],[74.83086,15.37288],[74.81927,15.37027],[74.82854,15.34067],[74.85369,15.34132],[74.87619,15.31659],[74.87387,15.29837],[74.88876,15.30715],[74.90431,15.2821],[74.90531,15.27852],[74.91027,15.25119],[74.87321,15.21638],[74.87751,15.19328],[74.84177,15.15359],[74.83284,15.13537],[74.8388,15.12821],[74.85931,15.10283],[74.89008,15.0973],[74.89207,15.09698],[74.8785,15.07388],[74.88876,15.05045],[74.90828,15.05078],[74.91689,15.03874],[74.93012,15.04622],[74.94038,15.05175],[74.94071,15.0664],[75.01285,15.06835],[75.05421,15.08299],[75.05818,15.07225],[75.082,15.07453],[75.06943,15.01532],[75.07638,14.974],[75.08399,14.95643],[75.09888,14.95643],[75.10285,14.9343],[75.06744,14.91869],[75.07439,14.86891],[75.06843,14.8393],[75.0916,14.81132],[75.05553,14.81457],[75.07009,14.78302],[75.0413,14.77391],[75.04726,14.74462],[75.03832,14.72803],[75.01516,14.72055],[75.01715,14.70981],[75.03204,14.70786],[75.03104,14.66491],[75.0509,14.64962],[75.02608,14.61091],[75.02343,14.58781],[75.0231,14.56731],[75.03237,14.55787],[75.06149,14.54356],[75.037,14.52957],[75.04064,14.50029],[75.01847,14.49671],[74.98968,14.47263],[74.99068,14.50126],[74.97181,14.52078],[74.97976,14.52436],[74.97678,14.54876],[74.95428,14.55137],[74.93575,14.51883],[74.92681,14.52892],[74.901,14.52924],[74.88942,14.47946],[74.92086,14.45929],[74.89042,14.46189],[74.87453,14.44758],[74.87883,14.43554],[74.91722,14.43164],[74.93376,14.40398],[74.94733,14.39943],[74.94865,14.3991],[74.94766,14.39487],[74.93939,14.35843],[74.97446,14.33761],[74.97512,14.33273],[74.97545,14.32915],[74.97678,14.31972],[74.97248,14.31939],[74.96586,14.31907],[74.92251,14.31581],[74.91755,14.30931],[74.90828,14.28718],[74.90895,14.28328],[74.91292,14.27807],[74.92648,14.27742],[74.92681,14.27645],[74.92714,14.27677],[74.92748,14.27514],[74.93442,14.24749],[74.93542,14.24326],[74.93145,14.24098],[74.90861,14.22764],[74.89008,14.21691],[74.87784,14.21593],[74.87321,14.24131],[74.85336,14.21138],[74.83218,14.22992],[74.79181,14.22732],[74.76368,14.23805],[74.72993,14.26376],[74.71604,14.23317],[74.71868,14.21398],[74.7478,14.14273],[74.66541,14.18437],[74.62537,14.16257],[74.62901,14.14435],[74.64489,14.14208],[74.64622,14.11442],[74.65581,14.11345],[74.63728,14.09457],[74.66078,14.05846],[74.65515,14.03927],[74.67765,14.03471],[74.6664,13.98688],[74.66508,13.98233],[74.64423,13.9576],[74.64754,13.94036],[74.64721,13.94036],[74.63033,13.94556],[74.59725,13.93157],[74.59559,13.94133],[74.58269,13.92572],[74.56879,13.95012],[74.54927,13.94817],[74.51518,13.98688],[74.46952,14.18828],[74.4414,14.22439],[74.39441,14.41862],[74.3825,14.42123],[74.38382,14.43945],[74.35536,14.50907],[74.31003,14.52143],[74.31466,14.54584],[74.26999,14.62717],[74.28191,14.62717],[74.28555,14.64572],[74.27231,14.70005],[74.25676,14.70786],[74.26305,14.71925],[74.23426,14.7482],[74.22764,14.73747],[74.20481,14.73682],[74.20845,14.71795],[74.20183,14.7199],[74.17768,14.75048],[74.1522,14.74723],[74.15749,14.75992],[74.14161,14.77944],[74.11911,14.77456],[74.11812,14.78594],[74.09297,14.80416],[74.11315,14.80514],[74.11315,14.79701],[74.12473,14.80546],[74.12506,14.8406],[74.11183,14.84971],[74.09595,14.89819],[74.08569,14.90079],[74.12407,14.92487],[74.16179,14.91185],[74.15418,14.94341],[74.16345,14.95805],[74.16477,14.95805],[74.17933,14.95675],[74.2015,14.92552],[74.23657,14.96651],[74.25246,14.9587],[74.26437,14.97855],[74.25345,14.99775],[74.26801,15.00165],[74.29647,15.04134],[74.27264,15.09763],[74.28488,15.1139],[74.28522,15.14871],[74.31698,15.18645],[74.30176,15.22452],[74.25974,15.24111],[74.25146,15.25868],[74.27628,15.28308],[74.32625,15.2834],[74.33617,15.29479],[74.31698,15.32928],[74.32327,15.36767],[74.27595,15.39175],[74.269,15.41907],[74.27562,15.44933],[74.25113,15.4913],[74.25113,15.49163],[74.27827,15.52286]]]}},{"type":"Feature","properties":{"districtId":16,"district":"Haveri"},"geometry":{"type":"Polygon","coordinates":[[[75.41653,15.08494],[75.41719,15.06152],[75.44863,15.06086],[75.4612,15.04395],[75.49528,15.0472],[75.53301,15.03451],[75.54293,15.01369],[75.54128,14.97888],[75.56543,14.9792],[75.59786,14.9548],[75.61077,14.95838],[75.60911,14.97302],[75.63194,14.99156],[75.65841,14.98799],[75.66867,14.98668],[75.68621,14.97627],[75.68985,14.974],[75.6915,14.97302],[75.7011,14.94862],[75.6915,14.94276],[75.6829,14.94016],[75.68356,14.93788],[75.69614,14.89201],[75.72823,14.89754],[75.73915,14.88745],[75.73286,14.8637],[75.71268,14.85264],[75.69018,14.85687],[75.66404,14.80709],[75.66503,14.80612],[75.6743,14.79766],[75.69183,14.78236],[75.72228,14.77195],[75.70441,14.7251],[75.70672,14.72413],[75.70805,14.7238],[75.71797,14.71957],[75.73882,14.72998],[75.75901,14.73421],[75.76364,14.7251],[75.76397,14.72283],[75.76231,14.72087],[75.74014,14.69419],[75.73783,14.69127],[75.73981,14.68997],[75.76364,14.67532],[75.79772,14.68118],[75.80334,14.66979],[75.81029,14.6519],[75.80467,14.59854],[75.81857,14.56503],[75.7997,14.54128],[75.79739,14.51102],[75.75768,14.5146],[75.71566,14.47231],[75.68985,14.49183],[75.66172,14.45181],[75.65477,14.46385],[75.63691,14.46547],[75.63029,14.44465],[75.64286,14.43131],[75.62301,14.34412],[75.63327,14.31711],[75.61077,14.31581],[75.60349,14.29304],[75.58231,14.2784],[75.53565,14.27742],[75.53301,14.27742],[75.534,14.28946],[75.50256,14.308],[75.50091,14.34444],[75.47642,14.34379],[75.47742,14.31744],[75.3487,14.38804],[75.35929,14.40919],[75.37782,14.40789],[75.38212,14.43359],[75.36458,14.44172],[75.35598,14.42838],[75.3401,14.43587],[75.34605,14.48532],[75.31958,14.51363],[75.26763,14.51493],[75.26796,14.52794],[75.29708,14.54063],[75.26532,14.57967],[75.24348,14.57804],[75.2405,14.55495],[75.22528,14.56763],[75.22726,14.5839],[75.20741,14.57219],[75.18425,14.58585],[75.1816,14.59789],[75.20509,14.59757],[75.20542,14.63758],[75.18789,14.62262],[75.16539,14.63335],[75.16009,14.61741],[75.09954,14.65288],[75.07274,14.65515],[75.0509,14.64962],[75.03104,14.66491],[75.03204,14.70786],[75.01715,14.70981],[75.01516,14.72055],[75.03832,14.72803],[75.04726,14.74462],[75.0413,14.77391],[75.07009,14.78302],[75.05553,14.81457],[75.0916,14.81132],[75.06843,14.8393],[75.07439,14.86891],[75.06744,14.91869],[75.10285,14.9343],[75.09888,14.95643],[75.08399,14.95643],[75.07638,14.974],[75.06943,15.01532],[75.082,15.07453],[75.07737,15.11032],[75.11344,15.11715],[75.1045,15.14058],[75.10417,15.14123],[75.13197,15.1448],[75.13958,15.15814],[75.1409,15.16042],[75.15281,15.14578],[75.13296,15.1191],[75.13925,15.10446],[75.15877,15.10967],[75.15811,15.10153],[75.18822,15.09795],[75.23884,15.10902],[75.2534,15.09795],[75.26068,15.11845],[75.28715,15.137],[75.30965,15.1383],[75.30701,15.15522],[75.33646,15.16172],[75.33712,15.11325],[75.34473,15.10576],[75.35002,15.10056],[75.35069,15.10023],[75.33315,15.08657],[75.34407,15.06705],[75.36922,15.05013],[75.41653,15.05956],[75.41653,15.08494]]]}},{"type":"Feature","properties":{"districtId":10,"district":"Chitradurga"},"geometry":{"type":"Polygon","coordinates":[[[76.51079,14.56048],[76.53329,14.56113],[76.53428,14.5608],[76.53461,14.56113],[76.56737,14.58748],[76.58524,14.61741],[76.60079,14.62099],[76.59616,14.63075],[76.61204,14.64832],[76.59748,14.65353],[76.59815,14.66947],[76.61072,14.66882],[76.6084,14.68769],[76.6448,14.71307],[76.64877,14.75634],[76.66697,14.77521],[76.66763,14.79375],[76.70469,14.81783],[76.74175,14.81848],[76.71164,14.83735],[76.7133,14.86533],[76.7133,14.86533],[76.69741,14.8881],[76.67789,14.88713],[76.67723,14.9112],[76.66532,14.91608],[76.663,14.92617],[76.66002,14.94179],[76.69708,14.92747],[76.7133,14.94439],[76.7166,14.94797],[76.71528,14.97172],[76.71528,14.97269],[76.71528,14.97302],[76.68881,14.97855],[76.67326,15.01922],[76.68815,15.02508],[76.70171,15.01597],[76.70171,15.01629],[76.7037,15.03353],[76.7219,15.03288],[76.7305,15.02703],[76.73183,15.01336],[76.73414,14.98538],[76.76094,14.98929],[76.76657,14.97562],[76.7669,14.97562],[76.81819,14.96944],[76.82845,14.95643],[76.86749,14.96977],[76.86385,14.89559],[76.84565,14.8894],[76.85723,14.86923],[76.85392,14.84321],[76.84168,14.8367],[76.85392,14.80937],[76.83738,14.81067],[76.83672,14.79082],[76.78278,14.78594],[76.80297,14.74202],[76.77517,14.68086],[76.76491,14.60212],[76.78179,14.59659],[76.80628,14.53119],[76.83109,14.53054],[76.85558,14.50972],[76.86782,14.47393],[76.90058,14.48922],[76.9747,14.48532],[76.95981,14.45051],[76.94492,14.45083],[76.94293,14.39975],[76.9158,14.42058],[76.89859,14.39813],[76.8847,14.39585],[76.8847,14.3477],[76.90356,14.32265],[76.94558,14.31321],[76.95683,14.29434],[76.92507,14.27384],[76.93962,14.24489],[76.98562,14.24749],[77.0058,14.23578],[77.00547,14.2322],[76.99919,14.22927],[77.00283,14.19804],[77.02268,14.17917],[76.96047,14.18177],[76.94757,14.19836],[76.94227,14.17331],[76.89462,14.16778],[76.88602,14.13817],[76.91282,14.12874],[76.92507,14.1372],[76.9469,14.10824],[76.94823,14.09457],[76.92837,14.07798],[76.92308,14.05716],[76.91018,14.06432],[76.88867,14.04805],[76.87278,14.00933],[76.83738,14.01812],[76.82348,13.99437],[76.84863,13.98038],[76.84995,13.96346],[76.81124,13.93645],[76.81554,13.91596],[76.76458,13.92442],[76.74936,13.91628],[76.75234,13.90652],[76.72289,13.89839],[76.76657,13.83592],[76.76889,13.79525],[76.76458,13.78191],[76.74903,13.78061],[76.73116,13.78452],[76.72388,13.79981],[76.69807,13.7715],[76.68451,13.72986],[76.68517,13.69049],[76.67293,13.7188],[76.62991,13.71359],[76.62098,13.73409],[76.56936,13.71457],[76.57664,13.69016],[76.53991,13.66316],[76.52965,13.66609],[76.53395,13.6508],[76.5002,13.62184],[76.46083,13.61891],[76.4552,13.59093],[76.43038,13.59321],[76.41318,13.57824],[76.39961,13.59484],[76.38274,13.57694],[76.37347,13.59321],[76.35295,13.57955],[76.34137,13.57629],[76.3331,13.59646],[76.30034,13.58898],[76.27321,13.60492],[76.28645,13.64657],[76.26328,13.64885],[76.22159,13.68203],[76.21961,13.71326],[76.17361,13.71684],[76.16997,13.72693],[76.14879,13.73246],[76.1296,13.81445],[76.11537,13.81217],[76.0985,13.8639],[76.07732,13.88017],[76.05548,13.88082],[76.04324,13.89904],[76.04059,13.89904],[76.02967,13.89871],[76.02835,13.89871],[76.02967,13.90197],[76.04456,13.94231],[76.06574,13.94166],[76.07236,13.98233],[76.05085,13.97875],[76.05085,13.97875],[76.05052,13.97908],[76.04324,13.98721],[76.04357,13.98949],[76.05449,14.08904],[76.04688,14.0975],[76.03331,14.09002],[76.02504,14.11312],[76.04622,14.15509],[76.06342,14.15964],[76.06111,14.22244],[76.07898,14.24521],[76.1349,14.25595],[76.12993,14.28002],[76.11703,14.27742],[76.12001,14.29499],[76.10644,14.31028],[76.11604,14.3233],[76.15674,14.32004],[76.15541,14.38674],[76.13622,14.42708],[76.17196,14.4479],[76.17328,14.46059],[76.20769,14.45734],[76.21861,14.44205],[76.23814,14.45051],[76.2613,14.44433],[76.28115,14.40431],[76.3834,14.42025],[76.39663,14.43457],[76.4241,14.43847],[76.42343,14.44986],[76.45983,14.45181],[76.46149,14.50614],[76.48498,14.50452],[76.53031,14.53835],[76.53263,14.54193],[76.51774,14.55462],[76.51013,14.56048],[76.51079,14.56048]]]}},{"type":"Feature","properties":{"districtId":12,"district":"Davanagere"},"geometry":{"type":"Polygon","coordinates":[[[75.75901,14.73421],[75.75636,14.73974],[75.75967,14.77521],[75.7729,14.7918],[75.79871,14.76903],[75.82419,14.77879],[75.82518,14.77911],[75.82618,14.78171],[75.83312,14.80742],[75.83412,14.81002],[75.83312,14.81132],[75.82982,14.81653],[75.8179,14.83442],[75.81459,14.83182],[75.8093,14.83735],[75.80169,14.86891],[75.81592,14.89982],[75.83213,14.88355],[75.85397,14.88355],[75.85364,14.8637],[75.86919,14.85427],[75.87316,14.86793],[75.96581,14.9086],[75.97706,14.89851],[75.98467,14.90828],[75.99725,14.89819],[76.01048,14.90535],[76.0128,14.89624],[76.04523,14.93072],[76.05118,14.91608],[76.0846,14.91348],[76.0664,14.88387],[76.07269,14.86891],[76.12894,14.86923],[76.1306,14.86077],[76.15475,14.8611],[76.15938,14.84711],[76.19082,14.84646],[76.19446,14.82076],[76.16071,14.82987],[76.14648,14.82336],[76.14284,14.7931],[76.14946,14.78399],[76.16898,14.78529],[76.18089,14.76415],[76.19247,14.76837],[76.20108,14.73909],[76.18387,14.70038],[76.23053,14.6493],[76.25501,14.69712],[76.26295,14.69647],[76.2795,14.68476],[76.33343,14.68769],[76.33575,14.68671],[76.34303,14.66589],[76.37943,14.66199],[76.37446,14.64669],[76.39001,14.64865],[76.39365,14.62685],[76.43204,14.61839],[76.42377,14.58162],[76.50516,14.56536],[76.51079,14.56048],[76.51013,14.56048],[76.51774,14.55462],[76.53263,14.54193],[76.53031,14.53835],[76.48498,14.50452],[76.46149,14.50614],[76.45983,14.45181],[76.42343,14.44986],[76.4241,14.43847],[76.39663,14.43457],[76.3834,14.42025],[76.28115,14.40431],[76.2613,14.44433],[76.23814,14.45051],[76.21861,14.44205],[76.20769,14.45734],[76.17328,14.46059],[76.17196,14.4479],[76.13622,14.42708],[76.15541,14.38674],[76.15674,14.32004],[76.11604,14.3233],[76.10644,14.31028],[76.12001,14.29499],[76.11703,14.27742],[76.12993,14.28002],[76.1349,14.25595],[76.07898,14.24521],[76.06111,14.22244],[76.06342,14.15964],[76.04622,14.15509],[76.02504,14.11312],[76.03331,14.09002],[76.04688,14.0975],[76.05449,14.08904],[76.04357,13.98949],[76.04324,13.98721],[76.05052,13.97908],[76.05085,13.97875],[76.05085,13.97875],[76.07236,13.98233],[76.06574,13.94166],[76.04456,13.94231],[76.02967,13.90197],[76.02835,13.89871],[76.02967,13.89871],[76.03,13.8857],[76.02471,13.86846],[76.01875,13.86846],[76.01578,13.87204],[76.01181,13.86846],[75.98897,13.84861],[75.97011,13.85642],[75.9496,13.83397],[75.95225,13.81608],[75.89566,13.80631],[75.87879,13.81022],[75.87151,13.85121],[75.85529,13.87269],[75.8596,13.91043],[75.82915,13.97159],[75.82386,14.01909],[75.79871,14.03341],[75.82088,14.06497],[75.81426,14.10564],[75.80599,14.09815],[75.75603,14.11019],[75.73882,14.10108],[75.73816,14.08742],[75.72128,14.08351],[75.72558,14.0757],[75.67297,14.06497],[75.63426,14.07993],[75.61771,14.07668],[75.60349,14.05651],[75.54326,14.07798],[75.53135,14.0975],[75.49065,14.10466],[75.44863,14.09555],[75.39966,14.11767],[75.44367,14.16355],[75.48437,14.17624],[75.4569,14.20584],[75.50256,14.21788],[75.50687,14.21918],[75.52672,14.20292],[75.53301,14.27742],[75.53565,14.27742],[75.58231,14.2784],[75.60349,14.29304],[75.61077,14.31581],[75.63327,14.31711],[75.62301,14.34412],[75.64286,14.43131],[75.63029,14.44465],[75.63691,14.46547],[75.65477,14.46385],[75.66172,14.45181],[75.68985,14.49183],[75.71566,14.47231],[75.75768,14.5146],[75.79739,14.51102],[75.7997,14.54128],[75.81857,14.56503],[75.80467,14.59854],[75.81029,14.6519],[75.80334,14.66979],[75.79772,14.68118],[75.76364,14.67532],[75.73981,14.68997],[75.73783,14.69127],[75.74014,14.69419],[75.76231,14.72087],[75.76397,14.72283],[75.76364,14.7251],[75.75901,14.73421]]]}},{"type":"Feature","properties":{"districtId":25,"district":"Shivamogga"},"geometry":{"type":"Polygon","coordinates":[[[74.6664,13.98688],[74.67765,14.03471],[74.65515,14.03927],[74.66078,14.05846],[74.63728,14.09457],[74.65581,14.11345],[74.64622,14.11442],[74.64489,14.14208],[74.62901,14.14435],[74.62537,14.16257],[74.66541,14.18437],[74.7478,14.14273],[74.71868,14.21398],[74.71604,14.23317],[74.72993,14.26376],[74.76368,14.23805],[74.79181,14.22732],[74.83218,14.22992],[74.85336,14.21138],[74.87321,14.24131],[74.87784,14.21593],[74.89008,14.21691],[74.90861,14.22764],[74.93145,14.24098],[74.93542,14.24326],[74.93442,14.24749],[74.92748,14.27514],[74.92714,14.27677],[74.92681,14.27645],[74.92648,14.27742],[74.91292,14.27807],[74.90895,14.28328],[74.90828,14.28718],[74.91755,14.30931],[74.92251,14.31581],[74.96586,14.31907],[74.97248,14.31939],[74.97678,14.31972],[74.97545,14.32915],[74.97512,14.33273],[74.97446,14.33761],[74.93939,14.35843],[74.94766,14.39487],[74.94865,14.3991],[74.94733,14.39943],[74.93376,14.40398],[74.91722,14.43164],[74.87883,14.43554],[74.87453,14.44758],[74.89042,14.46189],[74.92086,14.45929],[74.88942,14.47946],[74.901,14.52924],[74.92681,14.52892],[74.93575,14.51883],[74.95428,14.55137],[74.97678,14.54876],[74.97976,14.52436],[74.97181,14.52078],[74.99068,14.50126],[74.98968,14.47263],[75.01847,14.49671],[75.04064,14.50029],[75.037,14.52957],[75.06149,14.54356],[75.03237,14.55787],[75.0231,14.56731],[75.02343,14.58781],[75.02608,14.61091],[75.0509,14.64962],[75.07274,14.65515],[75.09954,14.65288],[75.16009,14.61741],[75.16539,14.63335],[75.18789,14.62262],[75.20542,14.63758],[75.20509,14.59757],[75.1816,14.59789],[75.18425,14.58585],[75.20741,14.57219],[75.22726,14.5839],[75.22528,14.56763],[75.2405,14.55495],[75.24348,14.57804],[75.26532,14.57967],[75.29708,14.54063],[75.26796,14.52794],[75.26763,14.51493],[75.31958,14.51363],[75.34605,14.48532],[75.3401,14.43587],[75.35598,14.42838],[75.36458,14.44172],[75.38212,14.43359],[75.37782,14.40789],[75.35929,14.40919],[75.3487,14.38804],[75.47742,14.31744],[75.47642,14.34379],[75.50091,14.34444],[75.50256,14.308],[75.534,14.28946],[75.53301,14.27742],[75.52672,14.20292],[75.50687,14.21918],[75.50256,14.21788],[75.4569,14.20584],[75.48437,14.17624],[75.44367,14.16355],[75.39966,14.11767],[75.44863,14.09555],[75.49065,14.10466],[75.53135,14.0975],[75.54326,14.07798],[75.60349,14.05651],[75.61771,14.07668],[75.63426,14.07993],[75.67297,14.06497],[75.72558,14.0757],[75.72128,14.08351],[75.73816,14.08742],[75.73882,14.10108],[75.75603,14.11019],[75.80599,14.09815],[75.81426,14.10564],[75.82088,14.06497],[75.79871,14.03341],[75.82386,14.01909],[75.82915,13.97159],[75.8596,13.91043],[75.85529,13.87269],[75.87151,13.85121],[75.87879,13.81022],[75.82551,13.81868],[75.80765,13.7946],[75.77753,13.78842],[75.76695,13.7972],[75.76463,13.78159],[75.6872,13.76662],[75.68654,13.75003],[75.66933,13.76402],[75.65577,13.74612],[75.67463,13.72335],[75.65113,13.7188],[75.63525,13.70155],[75.63492,13.70123],[75.62268,13.70578],[75.61738,13.72302],[75.62797,13.73311],[75.60911,13.74612],[75.61077,13.76109],[75.57139,13.75556],[75.56576,13.74092],[75.54095,13.72791],[75.50687,13.76565],[75.49826,13.75816],[75.48701,13.76825],[75.48701,13.76792],[75.48867,13.75979],[75.47345,13.75003],[75.45425,13.72368],[75.41918,13.70611],[75.38311,13.71099],[75.40727,13.66641],[75.41455,13.65275],[75.41157,13.64169],[75.40727,13.62575],[75.39105,13.62412],[75.38808,13.61729],[75.38708,13.61501],[75.38609,13.61338],[75.37352,13.62607],[75.37252,13.62575],[75.36988,13.59711],[75.3444,13.58052],[75.3262,13.59256],[75.2951,13.58475],[75.27888,13.56458],[75.2448,13.60525],[75.23554,13.59842],[75.22925,13.6033],[75.22329,13.60265],[75.21072,13.5854],[75.2266,13.56848],[75.21601,13.55775],[75.22594,13.52814],[75.22594,13.52814],[75.17631,13.49918],[75.16969,13.50797],[75.13627,13.47251],[75.1409,13.46144],[75.11575,13.45689],[75.10219,13.4891],[75.08002,13.49235],[75.07671,13.51448],[75.06049,13.51936],[75.06016,13.51936],[75.0595,13.51936],[75.06281,13.52879],[75.04924,13.54734],[75.03501,13.56718],[75.037,13.56979],[75.04428,13.57987],[75.06116,13.60232],[75.06116,13.60265],[75.02343,13.629],[75.01549,13.63486],[75.01549,13.63486],[75.01285,13.65795],[75.0284,13.66739],[75.01218,13.67683],[75.01086,13.69114],[75.02145,13.6983],[74.99101,13.71001],[74.99862,13.73832],[74.92814,13.7689],[74.93343,13.78809],[74.93244,13.79037],[74.90795,13.85772],[74.87883,13.86748],[74.86527,13.85739],[74.83979,13.89741],[74.8196,13.90782],[74.76269,13.91596],[74.71173,13.90522],[74.70776,13.92702],[74.69056,13.93353],[74.69883,13.95077],[74.67467,13.96899],[74.6717,13.97517],[74.6664,13.98688]]]}},{"type":"Feature","properties":{"districtId":27,"district":"Udupi"},"geometry":{"type":"Polygon","coordinates":[[[74.58269,13.92572],[74.59559,13.94133],[74.59725,13.93157],[74.63033,13.94556],[74.64721,13.94036],[74.64754,13.94036],[74.64423,13.9576],[74.66508,13.98233],[74.6664,13.98688],[74.6717,13.97517],[74.67467,13.96899],[74.69883,13.95077],[74.69056,13.93353],[74.70776,13.92702],[74.71173,13.90522],[74.76269,13.91596],[74.8196,13.90782],[74.83979,13.89741],[74.86527,13.85739],[74.87883,13.86748],[74.90795,13.85772],[74.93244,13.79037],[74.93343,13.78809],[74.92814,13.7689],[74.99862,13.73832],[74.99101,13.71001],[75.02145,13.6983],[75.01086,13.69114],[75.01218,13.67683],[75.0284,13.66739],[75.01285,13.65795],[75.01549,13.63486],[75.01549,13.63486],[75.02343,13.629],[75.06116,13.60265],[75.06116,13.60232],[75.04428,13.57987],[75.037,13.56979],[75.03501,13.56718],[75.04924,13.54734],[75.06281,13.52879],[75.0595,13.51936],[75.06016,13.51936],[75.06049,13.51936],[75.07671,13.51448],[75.08002,13.49235],[75.10219,13.4891],[75.11575,13.45689],[75.1409,13.46144],[75.15447,13.45331],[75.15513,13.43021],[75.13991,13.40678],[75.14653,13.39279],[75.127,13.38531],[75.12766,13.36612],[75.11211,13.35636],[75.08961,13.36124],[75.07869,13.34302],[75.11244,13.2825],[75.13991,13.28803],[75.16671,13.20279],[75.20575,13.17709],[75.15017,13.12503],[75.11509,13.13121],[75.12072,13.13642],[75.09755,13.16505],[75.08101,13.1618],[75.08366,13.14585],[75.05851,13.13154],[75.03667,13.14162],[75.01516,13.13089],[74.99432,13.15724],[74.97479,13.12959],[74.95428,13.12145],[74.95163,13.12373],[74.94137,13.13805],[74.9427,13.14325],[74.93641,13.1452],[74.92979,13.14716],[74.92814,13.14781],[74.9106,13.13284],[74.91192,13.10811],[74.87817,13.09542],[74.85997,13.12796],[74.82622,13.12959],[74.80968,13.11332],[74.79214,13.1169],[74.79843,13.10421],[74.79181,13.09673],[74.77758,13.10291],[74.77626,13.07167],[74.7167,13.31406],[74.69784,13.34757],[74.69585,13.37132],[74.70346,13.37555],[74.69585,13.37327],[74.69519,13.45591],[74.66971,13.63486],[74.64556,13.68301],[74.61015,13.86683],[74.58269,13.92572]]]}},{"type":"Feature","properties":{"districtId":9,"district":"Chikkamagaluru"},"geometry":{"type":"Polygon","coordinates":[[[76.02967,13.89871],[76.04059,13.89904],[76.04324,13.89904],[76.05548,13.88082],[76.07732,13.88017],[76.0985,13.8639],[76.11537,13.81217],[76.1296,13.81445],[76.14879,13.73246],[76.16997,13.72693],[76.17361,13.71684],[76.21961,13.71326],[76.22159,13.68203],[76.26328,13.64885],[76.28645,13.64657],[76.27321,13.60492],[76.30034,13.58898],[76.3331,13.59646],[76.34137,13.57629],[76.35295,13.57955],[76.36387,13.54734],[76.36255,13.53042],[76.34568,13.51382],[76.31589,13.53985],[76.31192,13.52554],[76.29306,13.52716],[76.28975,13.50504],[76.23383,13.50764],[76.23119,13.46795],[76.1981,13.46893],[76.19644,13.45038],[76.18718,13.45266],[76.19347,13.46893],[76.16236,13.4699],[76.13721,13.44225],[76.13953,13.40678],[76.0899,13.39377],[76.0889,13.37165],[76.05581,13.38076],[76.04159,13.37425],[76.02703,13.32707],[76.04291,13.32382],[76.03629,13.24866],[76.01644,13.25094],[76.01478,13.26135],[75.93603,13.25615],[75.90327,13.2581],[75.8993,13.26623],[75.8768,13.26038],[75.86158,13.24021],[75.85728,13.25843],[75.83908,13.25192],[75.81592,13.25908],[75.80566,13.21613],[75.77886,13.20995],[75.75834,13.21743],[75.74312,13.20767],[75.72889,13.18327],[75.73022,13.1644],[75.75371,13.13609],[75.73518,13.1234],[75.73849,13.11007],[75.72724,13.09933],[75.74246,13.0694],[75.74014,13.03003],[75.7279,13.02352],[75.71036,13.03816],[75.69647,13.03686],[75.69481,13.04597],[75.69051,13.03361],[75.65577,13.02255],[75.64253,13.03133],[75.59554,12.94381],[75.57238,12.9347],[75.55882,12.91583],[75.55683,12.9129],[75.55617,12.94284],[75.51415,12.97895],[75.53268,13.00465],[75.51514,13.06614],[75.48602,13.0925],[75.47973,13.07721],[75.47047,13.07753],[75.4708,13.09705],[75.45525,13.11007],[75.44499,13.10486],[75.43374,13.12178],[75.4248,13.10649],[75.40727,13.11169],[75.40429,13.15529],[75.38907,13.17156],[75.38013,13.17904],[75.34671,13.18132],[75.32818,13.17091],[75.3166,13.13642],[75.29443,13.12438],[75.28484,13.13512],[75.27756,13.12698],[75.25241,13.12894],[75.21734,13.15659],[75.20741,13.15334],[75.20575,13.17709],[75.20575,13.17709],[75.20575,13.17709],[75.16671,13.20279],[75.13991,13.28803],[75.11244,13.2825],[75.07869,13.34302],[75.08961,13.36124],[75.11211,13.35636],[75.12766,13.36612],[75.127,13.38531],[75.14653,13.39279],[75.13991,13.40678],[75.15513,13.43021],[75.15447,13.45331],[75.1409,13.46144],[75.13627,13.47251],[75.16969,13.50797],[75.17631,13.49918],[75.22594,13.52814],[75.22594,13.52814],[75.21601,13.55775],[75.2266,13.56848],[75.21072,13.5854],[75.22329,13.60265],[75.22925,13.6033],[75.23554,13.59842],[75.2448,13.60525],[75.27888,13.56458],[75.2951,13.58475],[75.3262,13.59256],[75.3444,13.58052],[75.36988,13.59711],[75.37252,13.62575],[75.37352,13.62607],[75.38609,13.61338],[75.38708,13.61501],[75.38808,13.61729],[75.39105,13.62412],[75.40727,13.62575],[75.41157,13.64169],[75.41455,13.65275],[75.40727,13.66641],[75.38311,13.71099],[75.41918,13.70611],[75.45425,13.72368],[75.47345,13.75003],[75.48867,13.75979],[75.48701,13.76792],[75.48701,13.76825],[75.49826,13.75816],[75.50687,13.76565],[75.54095,13.72791],[75.56576,13.74092],[75.57139,13.75556],[75.61077,13.76109],[75.60911,13.74612],[75.62797,13.73311],[75.61738,13.72302],[75.62268,13.70578],[75.63492,13.70123],[75.63525,13.70155],[75.65113,13.7188],[75.67463,13.72335],[75.65577,13.74612],[75.66933,13.76402],[75.68654,13.75003],[75.6872,13.76662],[75.76463,13.78159],[75.76695,13.7972],[75.77753,13.78842],[75.80765,13.7946],[75.82551,13.81868],[75.87879,13.81022],[75.89566,13.80631],[75.95225,13.81608],[75.9496,13.83397],[75.97011,13.85642],[75.98897,13.84861],[76.01181,13.86846],[76.01578,13.87204],[76.01875,13.86846],[76.02471,13.86846],[76.03,13.8857],[76.02967,13.89871]]]}},{"type":"Feature","properties":{"districtId":8,"district":"Chikkaballapura"},"geometry":{"type":"Polygon","coordinates":[[[77.45548,13.68236],[77.49221,13.68984],[77.48493,13.71489],[77.51405,13.71326],[77.5124,13.69732],[77.5253,13.69114],[77.52596,13.69374],[77.53655,13.73051],[77.52199,13.7445],[77.52696,13.75328],[77.54747,13.75296],[77.56071,13.72237],[77.56071,13.7227],[77.60008,13.75068],[77.61365,13.75198],[77.62788,13.73474],[77.64211,13.74678],[77.61894,13.75491],[77.62093,13.76857],[77.68016,13.78679],[77.67156,13.76044],[77.70332,13.76988],[77.70862,13.74092],[77.71722,13.74124],[77.7192,13.80046],[77.78141,13.81835],[77.78902,13.83039],[77.7824,13.84406],[77.81219,13.84894],[77.837,13.86976],[77.82741,13.87464],[77.83568,13.88115],[77.83204,13.89579],[77.81351,13.91466],[77.82674,13.94491],[77.83899,13.9358],[77.89557,13.94101],[77.8959,13.92051],[77.92667,13.90522],[77.97002,13.95988],[77.98756,13.95565],[77.98028,13.928],[77.98656,13.90294],[77.94917,13.88635],[77.95281,13.82746],[77.97598,13.82941],[78.00046,13.87301],[78.04613,13.86227],[78.04943,13.89579],[78.07888,13.88115],[78.08186,13.8613],[78.11462,13.86293],[78.12256,13.8408],[78.11363,13.80762],[78.12587,13.78712],[78.09146,13.74222],[78.12091,13.71554],[78.1133,13.69277],[78.07094,13.69862],[78.06565,13.67617],[78.0898,13.65926],[78.08716,13.64299],[78.11429,13.6573],[78.15598,13.65861],[78.16922,13.65405],[78.16822,13.6329],[78.20429,13.62835],[78.19536,13.59679],[78.19039,13.59028],[78.19106,13.58117],[78.19205,13.57271],[78.19304,13.5649],[78.19635,13.56848],[78.19734,13.56783],[78.20131,13.56393],[78.198,13.5571],[78.20363,13.52781],[78.18775,13.5135],[78.198,13.51252],[78.21025,13.4712],[78.19734,13.44745],[78.18245,13.42077],[78.1358,13.40516],[78.12455,13.38596],[78.12223,13.37523],[78.14275,13.37588],[78.15003,13.35798],[78.15036,13.35082],[78.13183,13.35245],[78.13083,13.32838],[78.10899,13.32317],[78.13646,13.3043],[78.13381,13.28771],[78.09179,13.31016],[78.05208,13.29356],[78.04679,13.27827],[78.01535,13.28283],[78.01138,13.30137],[77.99351,13.30397],[77.98458,13.28608],[77.96109,13.28413],[77.95612,13.26981],[77.93825,13.26786],[77.93495,13.24606],[77.93528,13.24606],[77.93098,13.24476],[77.92899,13.23825],[77.9141,13.23695],[77.89094,13.23467],[77.9055,13.25062],[77.89094,13.25745],[77.87406,13.24411],[77.87671,13.23435],[77.86347,13.24118],[77.85818,13.22036],[77.84991,13.21971],[77.8509,13.24118],[77.82145,13.25257],[77.8145,13.23955],[77.80755,13.24313],[77.82112,13.2581],[77.80888,13.26168],[77.81582,13.29747],[77.82939,13.29063],[77.82774,13.3056],[77.8102,13.31016],[77.82708,13.32707],[77.79035,13.35115],[77.75428,13.36384],[77.74402,13.35375],[77.72648,13.36351],[77.72847,13.3518],[77.71623,13.3518],[77.71093,13.36612],[77.69869,13.35896],[77.70001,13.33749],[77.68413,13.3518],[77.66692,13.3479],[77.656,13.35831],[77.65766,13.398],[77.63847,13.39377],[77.63383,13.37588],[77.62093,13.37555],[77.61266,13.38726],[77.61894,13.40256],[77.60736,13.40711],[77.6024,13.39833],[77.59909,13.41524],[77.6153,13.4211],[77.60306,13.44127],[77.58983,13.43639],[77.59148,13.41882],[77.55144,13.4198],[77.54846,13.43607],[77.52232,13.43151],[77.50413,13.4455],[77.50479,13.45786],[77.47137,13.46925],[77.43298,13.46405],[77.41545,13.49203],[77.38269,13.50049],[77.38633,13.51415],[77.39162,13.5327],[77.39096,13.53302],[77.38931,13.53497],[77.38269,13.54213],[77.38236,13.57532],[77.37409,13.58996],[77.36317,13.59028],[77.36217,13.62184],[77.36449,13.62867],[77.39725,13.67357],[77.43629,13.67943],[77.45548,13.68236]]]}},{"type":"Feature","properties":{"districtId":15,"district":"Hassan"},"geometry":{"type":"Polygon","coordinates":[[[75.55882,12.91583],[75.57238,12.9347],[75.59554,12.94381],[75.64253,13.03133],[75.65577,13.02255],[75.69051,13.03361],[75.69481,13.04597],[75.69647,13.03686],[75.71036,13.03816],[75.7279,13.02352],[75.74014,13.03003],[75.74246,13.0694],[75.72724,13.09933],[75.73849,13.11007],[75.73518,13.1234],[75.75371,13.13609],[75.73022,13.1644],[75.72889,13.18327],[75.74312,13.20767],[75.75834,13.21743],[75.77886,13.20995],[75.80566,13.21613],[75.81592,13.25908],[75.83908,13.25192],[75.85728,13.25843],[75.86158,13.24021],[75.8768,13.26038],[75.8993,13.26623],[75.90327,13.2581],[75.93603,13.25615],[76.01478,13.26135],[76.01644,13.25094],[76.03629,13.24866],[76.04291,13.32382],[76.02703,13.32707],[76.04159,13.37425],[76.05581,13.38076],[76.0889,13.37165],[76.0899,13.39377],[76.13953,13.40678],[76.13721,13.44225],[76.16236,13.4699],[76.19347,13.46893],[76.18718,13.45266],[76.19644,13.45038],[76.1981,13.46893],[76.23119,13.46795],[76.23383,13.50764],[76.28975,13.50504],[76.29306,13.52716],[76.31192,13.52554],[76.31589,13.53985],[76.34568,13.51382],[76.36255,13.53042],[76.36387,13.54734],[76.4006,13.52651],[76.42741,13.52554],[76.41516,13.50894],[76.39663,13.50406],[76.39597,13.49365],[76.41516,13.47901],[76.40689,13.45917],[76.41979,13.44843],[76.4006,13.42273],[76.39498,13.40581],[76.39035,13.39117],[76.38141,13.36416],[76.347,13.35993],[76.347,13.35831],[76.347,13.35245],[76.34766,13.30137],[76.35229,13.29454],[76.35626,13.24932],[76.36454,13.23402],[76.37976,13.23175],[76.37082,13.20051],[76.41252,13.19173],[76.44494,13.16993],[76.4552,13.15008],[76.47307,13.14976],[76.47241,13.09315],[76.47241,13.09315],[76.49458,13.09477],[76.51476,13.07005],[76.51575,13.06875],[76.52072,13.07428],[76.52733,13.07883],[76.60443,13.07135],[76.6094,13.06875],[76.61965,13.05411],[76.60609,13.05476],[76.60542,13.05313],[76.60542,13.05248],[76.60212,13.04012],[76.60476,13.03198],[76.61304,13.00595],[76.61304,13.00595],[76.61304,13.00595],[76.63223,13.00433],[76.63355,12.98123],[76.6319,12.97993],[76.61171,12.96528],[76.61634,12.9373],[76.60609,12.93861],[76.59649,12.92136],[76.59649,12.88102],[76.57895,12.87321],[76.57763,12.84686],[76.52039,12.84133],[76.5184,12.82636],[76.48994,12.80651],[76.49987,12.78049],[76.49292,12.76715],[76.48961,12.78569],[76.47472,12.7717],[76.4552,12.78114],[76.47141,12.79871],[76.44594,12.82343],[76.42542,12.82506],[76.42542,12.85792],[76.41351,12.86443],[76.40854,12.84393],[76.38604,12.84523],[76.38274,12.83124],[76.3695,12.82864],[76.36818,12.80912],[76.33244,12.80782],[76.33409,12.7896],[76.33476,12.78764],[76.34965,12.78569],[76.34303,12.76129],[76.35726,12.75023],[76.34137,12.73201],[76.36156,12.70305],[76.36288,12.70143],[76.35295,12.66791],[76.34204,12.65588],[76.34204,12.65588],[76.34237,12.65523],[76.32351,12.63505],[76.32781,12.6113],[76.32648,12.6113],[76.3063,12.61033],[76.30961,12.62269],[76.30034,12.6292],[76.28016,12.61683],[76.27983,12.63375],[76.25468,12.62041],[76.24575,12.63701],[76.21927,12.64449],[76.20571,12.62887],[76.2153,12.62172],[76.19214,12.59406],[76.19644,12.57747],[76.15243,12.57974],[76.15144,12.54721],[76.13324,12.52866],[76.11405,12.52704],[76.11537,12.51272],[76.08626,12.53875],[76.09056,12.54558],[76.05217,12.55437],[76.04556,12.57714],[76.01909,12.57096],[76.01875,12.57064],[76.01379,12.56966],[75.99228,12.58885],[75.98864,12.57421],[75.96879,12.57682],[75.97541,12.56348],[75.9625,12.5612],[75.93967,12.6087],[75.94894,12.62367],[75.9357,12.63017],[75.94794,12.66401],[75.94,12.67605],[75.94,12.67637],[75.95953,12.68321],[75.96515,12.71086],[75.94199,12.7203],[75.93305,12.76389],[75.97078,12.78406],[75.96912,12.80489],[75.93041,12.80782],[75.93008,12.80782],[75.93008,12.80814],[75.91982,12.82831],[75.91121,12.8153],[75.87978,12.83384],[75.8639,12.8179],[75.8639,12.8166],[75.86489,12.79513],[75.87813,12.77691],[75.85827,12.76975],[75.85993,12.75739],[75.84934,12.7499],[75.85496,12.72355],[75.88541,12.70566],[75.88673,12.705],[75.88739,12.67865],[75.88673,12.678],[75.88408,12.67637],[75.87779,12.67182],[75.8404,12.67149],[75.83412,12.67149],[75.83279,12.67149],[75.80765,12.70175],[75.76066,12.6741],[75.71301,12.70761],[75.69978,12.70468],[75.66669,12.69752],[75.64749,12.69329],[75.6336,12.69004],[75.6336,12.69004],[75.62599,12.70533],[75.6508,12.71899],[75.65213,12.72322],[75.6561,12.74535],[75.64683,12.75706],[75.63988,12.76585],[75.6336,12.77333],[75.61441,12.7974],[75.62135,12.85532],[75.60216,12.86508],[75.60282,12.87549],[75.56378,12.86638],[75.56378,12.8667],[75.56345,12.86768],[75.55451,12.90737],[75.55915,12.91453],[75.55882,12.91583]]]}},{"type":"Feature","properties":{"districtId":19,"district":"Kolar"},"geometry":{"type":"Polygon","coordinates":[[[77.93528,13.24606],[77.93495,13.24606],[77.93825,13.26786],[77.95612,13.26981],[77.96109,13.28413],[77.98458,13.28608],[77.99351,13.30397],[78.01138,13.30137],[78.01535,13.28283],[78.04679,13.27827],[78.05208,13.29356],[78.09179,13.31016],[78.13381,13.28771],[78.13646,13.3043],[78.10899,13.32317],[78.13083,13.32838],[78.13183,13.35245],[78.15036,13.35082],[78.15003,13.35798],[78.14275,13.37588],[78.12223,13.37523],[78.12455,13.38596],[78.1358,13.40516],[78.18245,13.42077],[78.19734,13.44745],[78.21025,13.4712],[78.198,13.51252],[78.18775,13.5135],[78.20363,13.52781],[78.198,13.5571],[78.20131,13.56393],[78.19734,13.56783],[78.19635,13.56848],[78.2076,13.58052],[78.21753,13.59093],[78.23275,13.58703],[78.23738,13.59842],[78.25955,13.58247],[78.32606,13.59484],[78.40183,13.58735],[78.40216,13.5867],[78.39687,13.55612],[78.37437,13.50894],[78.38165,13.39702],[78.3651,13.36189],[78.40878,13.34302],[78.3929,13.33391],[78.38297,13.34367],[78.37702,13.33195],[78.40117,13.31536],[78.42797,13.3313],[78.44022,13.32838],[78.44419,13.3082],[78.48323,13.32122],[78.47926,13.30137],[78.51401,13.29063],[78.5322,13.26688],[78.53915,13.28803],[78.56165,13.28868],[78.56562,13.31211],[78.57853,13.28055],[78.58349,13.28055],[78.58581,13.27632],[78.58151,13.26396],[78.56629,13.22101],[78.57853,13.21288],[78.55007,13.20019],[78.54974,13.18978],[78.57588,13.18685],[78.57985,13.16733],[78.55007,13.16407],[78.54478,13.14195],[78.51698,13.13154],[78.53849,13.10584],[78.50937,13.09152],[78.51434,13.06191],[78.46206,13.04337],[78.46371,13.0053],[78.47463,12.99164],[78.46735,12.97505],[78.43525,12.98123],[78.4379,12.96398],[78.4111,12.94544],[78.41871,12.92169],[78.4379,12.92917],[78.46669,12.90542],[78.4647,12.8667],[78.44551,12.91193],[78.41209,12.90314],[78.39852,12.91746],[78.3886,12.90705],[78.35584,12.94088],[78.33963,12.90314],[78.32341,12.90184],[78.32043,12.8872],[78.33698,12.88232],[78.31349,12.87646],[78.31249,12.85857],[78.26848,12.86768],[78.25227,12.86052],[78.24565,12.78829],[78.23076,12.76064],[78.13414,12.78211],[78.05771,12.85206],[78.05473,12.85239],[78.02396,12.85662],[78.02892,12.84523],[78.00377,12.82571],[78.01535,12.814],[78.00973,12.80586],[77.98855,12.80814],[77.98028,12.83514],[77.9644,12.83287],[77.96539,12.84816],[77.95215,12.85727],[77.93991,12.85304],[77.94057,12.82343],[77.92039,12.82831],[77.9227,12.85564],[77.93958,12.86898],[77.94156,12.87093],[77.92767,12.87484],[77.93594,12.88362],[77.93461,12.88525],[77.93362,12.88655],[77.92998,12.89045],[77.91046,12.88004],[77.87406,12.86996],[77.86645,12.86996],[77.85222,12.8911],[77.86182,12.9142],[77.83965,12.92169],[77.83965,12.92201],[77.83965,12.92201],[77.87075,12.9373],[77.8648,12.97374],[77.88597,13.00856],[77.89226,13.05215],[77.91377,13.04857],[77.92833,13.06842],[77.94156,13.06875],[77.93958,13.08371],[77.93197,13.07395],[77.91344,13.08078],[77.90119,13.10258],[77.91542,13.11918],[77.93726,13.10811],[77.93925,13.12503],[77.95579,13.12991],[77.95314,13.16049],[77.96373,13.18945],[77.95778,13.21873],[77.9452,13.21418],[77.96506,13.24411],[77.93528,13.24606]]]}},{"type":"Feature","properties":{"districtId":4,"district":"Bengaluru Rural"},"geometry":{"type":"Polygon","coordinates":[[[77.38633,13.51415],[77.38269,13.50049],[77.41545,13.49203],[77.43298,13.46405],[77.47137,13.46925],[77.50479,13.45786],[77.50413,13.4455],[77.52232,13.43151],[77.54846,13.43607],[77.55144,13.4198],[77.59148,13.41882],[77.58983,13.43639],[77.60306,13.44127],[77.6153,13.4211],[77.59909,13.41524],[77.6024,13.39833],[77.60736,13.40711],[77.61894,13.40256],[77.61266,13.38726],[77.62093,13.37555],[77.63383,13.37588],[77.63847,13.39377],[77.65766,13.398],[77.656,13.35831],[77.66692,13.3479],[77.68413,13.3518],[77.70001,13.33749],[77.69869,13.35896],[77.71093,13.36612],[77.71623,13.3518],[77.72847,13.3518],[77.72648,13.36351],[77.74402,13.35375],[77.75428,13.36384],[77.79035,13.35115],[77.82708,13.32707],[77.8102,13.31016],[77.82774,13.3056],[77.82939,13.29063],[77.81582,13.29747],[77.80888,13.26168],[77.82112,13.2581],[77.80755,13.24313],[77.8145,13.23955],[77.82145,13.25257],[77.8509,13.24118],[77.84991,13.21971],[77.85818,13.22036],[77.86347,13.24118],[77.87671,13.23435],[77.87406,13.24411],[77.89094,13.25745],[77.9055,13.25062],[77.89094,13.23467],[77.9141,13.23695],[77.92899,13.23825],[77.93098,13.24476],[77.93528,13.24606],[77.96506,13.24411],[77.9452,13.21418],[77.95778,13.21873],[77.96373,13.18945],[77.95314,13.16049],[77.95579,13.12991],[77.93925,13.12503],[77.93726,13.10811],[77.91542,13.11918],[77.90119,13.10258],[77.91344,13.08078],[77.93197,13.07395],[77.93958,13.08371],[77.94156,13.06875],[77.92833,13.06842],[77.91377,13.04857],[77.89226,13.05215],[77.88597,13.00856],[77.8648,12.97374],[77.87075,12.9373],[77.83965,12.92201],[77.83965,12.92201],[77.83965,12.92169],[77.86182,12.9142],[77.85222,12.8911],[77.86645,12.86996],[77.85983,12.86996],[77.83601,12.87028],[77.83105,12.86638],[77.81616,12.91486],[77.83237,12.92657],[77.81086,12.93308],[77.79763,12.91843],[77.7652,12.94251],[77.7791,12.97016],[77.77115,13.01409],[77.78108,13.03393],[77.76024,13.07395],[77.76487,13.10779],[77.73244,13.11495],[77.7245,13.12666],[77.73277,13.15952],[77.72549,13.1927],[77.69836,13.18945],[77.68413,13.20344],[77.68678,13.19336],[77.66295,13.18392],[77.65468,13.18815],[77.66031,13.20084],[77.61729,13.2106],[77.60008,13.19661],[77.57593,13.19856],[77.57427,13.19889],[77.56666,13.20149],[77.56964,13.21613],[77.55674,13.21938],[77.55905,13.23175],[77.54549,13.2324],[77.52232,13.20897],[77.51141,13.22849],[77.47997,13.22329],[77.46773,13.16245],[77.43166,13.16505],[77.4085,13.12373],[77.39394,13.1182],[77.41776,13.10486],[77.41611,13.09315],[77.42868,13.08664],[77.42868,13.08599],[77.42372,13.07037],[77.38401,13.06712],[77.38401,13.06614],[77.39394,13.05313],[77.38898,13.02645],[77.37541,13.02873],[77.36978,13.01344],[77.37177,12.99229],[77.3496,12.9757],[77.34761,12.97439],[77.34265,12.97537],[77.33107,12.97439],[77.33041,12.97732],[77.32247,13.00595],[77.32214,13.00823],[77.33107,13.04304],[77.32842,13.0502],[77.31088,13.0463],[77.31419,13.10616],[77.29269,13.11007],[77.28474,13.13447],[77.26853,13.11885],[77.27515,13.15269],[77.21757,13.14488],[77.20368,13.18457],[77.20301,13.18457],[77.20765,13.19661],[77.18283,13.22882],[77.19243,13.24346],[77.18349,13.25777],[77.18846,13.27632],[77.21923,13.26298],[77.22915,13.31341],[77.24934,13.3017],[77.26985,13.31113],[77.28177,13.29747],[77.2811,13.31048],[77.30857,13.31081],[77.31188,13.32219],[77.33868,13.32903],[77.34596,13.41752],[77.36283,13.42012],[77.34861,13.45721],[77.37342,13.47023],[77.38633,13.51415]]]}},{"type":"Feature","properties":{"districtId":11,"district":"Dakshina Kannada"},"geometry":{"type":"Polygon","coordinates":[[[74.77626,13.07167],[74.77758,13.10291],[74.79181,13.09673],[74.79843,13.10421],[74.79214,13.1169],[74.80968,13.11332],[74.82622,13.12959],[74.85997,13.12796],[74.87817,13.09542],[74.91192,13.10811],[74.9106,13.13284],[74.92814,13.14781],[74.92979,13.14716],[74.93641,13.1452],[74.9427,13.14325],[74.94137,13.13805],[74.95163,13.12373],[74.95428,13.12145],[74.97479,13.12959],[74.99432,13.15724],[75.01516,13.13089],[75.03667,13.14162],[75.05851,13.13154],[75.08366,13.14585],[75.08101,13.1618],[75.09755,13.16505],[75.12072,13.13642],[75.11509,13.13121],[75.15017,13.12503],[75.20575,13.17709],[75.20575,13.17709],[75.20575,13.17709],[75.20741,13.15334],[75.21734,13.15659],[75.25241,13.12894],[75.27756,13.12698],[75.28484,13.13512],[75.29443,13.12438],[75.3166,13.13642],[75.32818,13.17091],[75.34671,13.18132],[75.38013,13.17904],[75.38907,13.17156],[75.40429,13.15529],[75.40727,13.11169],[75.4248,13.10649],[75.43374,13.12178],[75.44499,13.10486],[75.45525,13.11007],[75.4708,13.09705],[75.47047,13.07753],[75.47973,13.07721],[75.48602,13.0925],[75.51514,13.06614],[75.53268,13.00465],[75.51415,12.97895],[75.55617,12.94284],[75.55683,12.9129],[75.55882,12.91583],[75.55915,12.91453],[75.55451,12.90737],[75.56345,12.86768],[75.56378,12.8667],[75.56378,12.86638],[75.60282,12.87549],[75.60216,12.86508],[75.62135,12.85532],[75.61441,12.7974],[75.6336,12.77333],[75.63988,12.76585],[75.64683,12.75706],[75.6561,12.74535],[75.65213,12.72322],[75.6508,12.71899],[75.62599,12.70533],[75.6336,12.69004],[75.6336,12.69004],[75.64749,12.69329],[75.66669,12.69752],[75.64187,12.6331],[75.65444,12.61846],[75.65808,12.60317],[75.66404,12.57877],[75.67066,12.55111],[75.66801,12.54916],[75.66437,12.54656],[75.61474,12.51012],[75.59091,12.54005],[75.55617,12.50134],[75.56576,12.48604],[75.52904,12.49938],[75.52374,12.48995],[75.4933,12.48377],[75.48999,12.46002],[75.46451,12.47205],[75.46186,12.488],[75.47245,12.49938],[75.4344,12.53029],[75.42878,12.515],[75.41653,12.51533],[75.4162,12.49971],[75.4162,12.49971],[75.38179,12.50199],[75.36789,12.4919],[75.37219,12.47693],[75.35995,12.4649],[75.33646,12.46425],[75.33216,12.49971],[75.30436,12.50329],[75.30304,12.52281],[75.28021,12.52411],[75.26962,12.54949],[75.27193,12.57031],[75.28385,12.57096],[75.2898,12.58397],[75.31462,12.57389],[75.32521,12.59211],[75.31131,12.59113],[75.27855,12.61749],[75.27326,12.61683],[75.23752,12.56836],[75.22031,12.56836],[75.20873,12.59243],[75.20046,12.58885],[75.20906,12.60154],[75.19848,12.61326],[75.20178,12.62887],[75.16108,12.62106],[75.13759,12.64481],[75.16042,12.67149],[75.15017,12.67377],[75.15248,12.68223],[75.13296,12.67442],[75.11178,12.68093],[75.10549,12.69817],[75.08531,12.70533],[75.08531,12.67377],[75.0691,12.66401],[75.0466,12.66661],[75.03965,12.68646],[75.05487,12.69459],[75.05024,12.71932],[75.00093,12.71542],[75.01119,12.7281],[74.9824,12.73852],[75.00954,12.76747],[75.00325,12.7909],[75.00259,12.79122],[74.99829,12.78602],[74.98935,12.79513],[74.98869,12.79383],[74.98737,12.78309],[74.98273,12.78146],[74.9781,12.77984],[74.96851,12.77658],[74.96387,12.78016],[74.9331,12.78049],[74.88247,12.75413],[74.86891,12.75901],[74.86494,12.76031],[74.82358,12.84686],[74.77626,13.07167]]]}},{"type":"Feature","properties":{"districtId":5,"district":"Bengaluru Urban"},"geometry":{"type":"Polygon","coordinates":[[[77.33107,12.97439],[77.34265,12.97537],[77.34761,12.97439],[77.3496,12.9757],[77.37177,12.99229],[77.36978,13.01344],[77.37541,13.02873],[77.38898,13.02645],[77.39394,13.05313],[77.38401,13.06614],[77.38401,13.06712],[77.42372,13.07037],[77.42868,13.08599],[77.42868,13.08664],[77.41611,13.09315],[77.41776,13.10486],[77.39394,13.1182],[77.4085,13.12373],[77.43166,13.16505],[77.46773,13.16245],[77.47997,13.22329],[77.51141,13.22849],[77.52232,13.20897],[77.54549,13.2324],[77.55905,13.23175],[77.55674,13.21938],[77.56964,13.21613],[77.56666,13.20149],[77.57427,13.19889],[77.57593,13.19856],[77.60008,13.19661],[77.61729,13.2106],[77.66031,13.20084],[77.65468,13.18815],[77.66295,13.18392],[77.68678,13.19336],[77.68413,13.20344],[77.69836,13.18945],[77.72549,13.1927],[77.73277,13.15952],[77.7245,13.12666],[77.73244,13.11495],[77.76487,13.10779],[77.76024,13.07395],[77.78108,13.03393],[77.77115,13.01409],[77.7791,12.97016],[77.7652,12.94251],[77.79763,12.91843],[77.81086,12.93308],[77.83237,12.92657],[77.81616,12.91486],[77.83105,12.86638],[77.81582,12.85402],[77.80524,12.84881],[77.79895,12.85174],[77.79299,12.84295],[77.79266,12.84263],[77.79233,12.8423],[77.80987,12.83157],[77.79961,12.80521],[77.80855,12.79675],[77.77877,12.7678],[77.79332,12.7499],[77.79299,12.74925],[77.76321,12.73689],[77.76123,12.72745],[77.77446,12.7242],[77.76189,12.69752],[77.7374,12.69785],[77.73906,12.6728],[77.7384,12.6728],[77.71159,12.68321],[77.70266,12.66141],[77.67851,12.66043],[77.67652,12.67963],[77.65998,12.68386],[77.60075,12.66791],[77.6153,12.70923],[77.59413,12.72225],[77.56733,12.7011],[77.55641,12.73071],[77.56898,12.72973],[77.57593,12.75153],[77.59479,12.75251],[77.59744,12.76585],[77.59181,12.773],[77.58056,12.78732],[77.56534,12.75901],[77.56005,12.78439],[77.56269,12.78732],[77.55872,12.79122],[77.55045,12.79903],[77.54846,12.80066],[77.54813,12.79871],[77.54416,12.77593],[77.55244,12.77235],[77.54085,12.75023],[77.53424,12.75608],[77.52133,12.73233],[77.51372,12.75023],[77.50479,12.73233],[77.47368,12.75706],[77.47765,12.78146],[77.46938,12.79513],[77.4846,12.80066],[77.47997,12.80879],[77.45151,12.81823],[77.43596,12.81042],[77.43331,12.82343],[77.41942,12.82636],[77.43795,12.85011],[77.4267,12.85044],[77.41842,12.86963],[77.43001,12.87549],[77.41048,12.87679],[77.37938,12.85499],[77.36548,12.87158],[77.33504,12.87842],[77.33339,12.88785],[77.34331,12.88818],[77.33934,12.94414],[77.33107,12.97439]]]}},{"type":"Feature","properties":{"districtId":18,"district":"Kodagu"},"geometry":{"type":"Polygon","coordinates":[[[75.66669,12.69752],[75.69978,12.70468],[75.71301,12.70761],[75.76066,12.6741],[75.80765,12.70175],[75.83279,12.67149],[75.83412,12.67149],[75.8404,12.67149],[75.87779,12.67182],[75.88408,12.67637],[75.88673,12.678],[75.88739,12.67865],[75.88673,12.705],[75.88541,12.70566],[75.85496,12.72355],[75.84934,12.7499],[75.85993,12.75739],[75.85827,12.76975],[75.87813,12.77691],[75.86489,12.79513],[75.8639,12.8166],[75.8639,12.8179],[75.87978,12.83384],[75.91121,12.8153],[75.91982,12.82831],[75.93008,12.80814],[75.93008,12.80782],[75.93041,12.80782],[75.96912,12.80489],[75.97078,12.78406],[75.93305,12.76389],[75.94199,12.7203],[75.96515,12.71086],[75.95953,12.68321],[75.94,12.67637],[75.94,12.67605],[75.94794,12.66401],[75.9357,12.63017],[75.94894,12.62367],[75.93967,12.6087],[75.9625,12.5612],[75.97541,12.56348],[75.96879,12.57682],[75.98864,12.57421],[75.99228,12.58885],[76.01379,12.56966],[76.01875,12.57064],[76.01247,12.55437],[75.99195,12.56218],[75.99261,12.56087],[75.9989,12.54754],[75.98335,12.54038],[75.99394,12.52216],[75.97541,12.51988],[75.9582,12.4906],[75.97144,12.45091],[75.97144,12.45026],[75.96383,12.44798],[75.92908,12.43952],[75.92809,12.43724],[75.90956,12.40015],[75.90857,12.3982],[75.91055,12.39625],[75.92213,12.38421],[75.96052,12.34387],[76.00122,12.33053],[75.9946,12.31751],[76.01445,12.29246],[76.02471,12.24886],[76.0621,12.24919],[76.10181,12.19713],[76.13324,12.1916],[76.14416,12.15451],[76.17096,12.11872],[76.18916,12.05008],[76.18288,12.03251],[76.1521,12.01949],[76.15111,12.01852],[76.15012,12.01754],[76.11372,11.98012],[76.07004,11.96711],[76.0032,11.93132],[75.93702,11.94173],[75.93669,11.94076],[75.87018,11.95214],[75.84702,11.98208],[75.82948,11.98468],[75.82287,12.01299],[75.80103,12.03706],[75.79441,12.05463],[75.79408,12.05561],[75.79408,12.05593],[75.80268,12.07936],[75.75371,12.08554],[75.71467,12.07057],[75.71797,12.08554],[75.70209,12.09237],[75.70342,12.10831],[75.66172,12.09855],[75.64882,12.10864],[75.63591,12.14833],[75.61937,12.15581],[75.59257,12.14703],[75.57701,12.15679],[75.55253,12.19193],[75.53268,12.20039],[75.53962,12.21568],[75.48503,12.28986],[75.41422,12.28953],[75.41455,12.29018],[75.43043,12.3071],[75.43175,12.30873],[75.41058,12.34712],[75.4215,12.37282],[75.37914,12.39234],[75.36591,12.41186],[75.36591,12.45774],[75.36624,12.45774],[75.39337,12.45156],[75.42249,12.4727],[75.4205,12.48702],[75.4162,12.49971],[75.4162,12.49971],[75.41653,12.51533],[75.42878,12.515],[75.4344,12.53029],[75.47245,12.49938],[75.46186,12.488],[75.46451,12.47205],[75.48999,12.46002],[75.4933,12.48377],[75.52374,12.48995],[75.52904,12.49938],[75.56576,12.48604],[75.55617,12.50134],[75.59091,12.54005],[75.61474,12.51012],[75.66437,12.54656],[75.66801,12.54916],[75.67066,12.55111],[75.66404,12.57877],[75.65808,12.60317],[75.65444,12.61846],[75.64187,12.6331],[75.66669,12.69752]]]}},{"type":"Feature","properties":{"districtId":7,"district":"Chamarajanagara"},"geometry":{"type":"Polygon","coordinates":[[[76.41384,11.75889],[76.41417,11.75889],[76.42277,11.77613],[76.42277,11.77646],[76.41318,11.78784],[76.42873,11.79565],[76.40987,11.81127],[76.46215,11.79272],[76.46877,11.81908],[76.49259,11.82233],[76.49127,11.86105],[76.53461,11.87341],[76.55347,11.85877],[76.55678,11.89488],[76.57664,11.92351],[76.55745,11.94889],[76.57829,11.98826],[76.64282,11.98305],[76.65109,12.0081],[76.69443,12.00062],[76.70502,11.98533],[76.71727,11.98501],[76.74076,12.00941],[76.7937,11.98631],[76.79205,12.01071],[76.81157,12.02698],[76.82017,12.0273],[76.82117,12.01103],[76.83639,11.99997],[76.85657,11.99965],[76.88304,12.01559],[76.88569,12.00127],[76.90422,11.999],[76.93599,12.01331],[76.93896,12.02632],[76.91514,12.026],[76.89065,12.05821],[76.85359,12.05984],[76.87014,12.06309],[76.88404,12.08261],[76.87676,12.11515],[76.84565,12.11319],[76.83142,12.13206],[76.84069,12.15614],[76.85359,12.15939],[76.84565,12.16753],[76.85161,12.17891],[76.87146,12.17403],[76.87146,12.1415],[76.89098,12.121],[76.94889,12.09758],[76.98926,12.14052],[76.9929,12.17566],[76.99356,12.17566],[77.00382,12.16004],[77.01408,12.1633],[77.01606,12.13402],[77.01606,12.13369],[77.03691,12.13922],[77.03989,12.12848],[77.04485,12.16915],[77.08456,12.19095],[77.12228,12.19713],[77.13419,12.22609],[77.13419,12.22674],[77.13253,12.22934],[77.12393,12.24268],[77.10838,12.24073],[77.10838,12.24073],[77.16993,12.25993],[77.16662,12.31003],[77.16662,12.31003],[77.22518,12.30352],[77.26787,12.31426],[77.30261,12.29864],[77.32611,12.30743],[77.32677,12.30775],[77.34629,12.28237],[77.37078,12.28107],[77.41512,12.28563],[77.4267,12.28693],[77.43034,12.28726],[77.43232,12.28303],[77.4482,12.25017],[77.47104,12.24366],[77.47236,12.24203],[77.47832,12.24008],[77.47765,12.23552],[77.47203,12.20787],[77.47236,12.20787],[77.47335,12.20722],[77.50512,12.19843],[77.5349,12.20039],[77.55277,12.20201],[77.60869,12.20592],[77.60968,12.20624],[77.61067,12.20624],[77.61365,12.20559],[77.72648,12.18152],[77.73012,12.18054],[77.73012,12.18054],[77.73145,12.18022],[77.74667,12.15581],[77.74965,12.13857],[77.77645,12.11222],[77.70895,12.03609],[77.67553,11.95214],[77.65336,11.95475],[77.62391,11.94466],[77.58685,11.93946],[77.56104,11.94206],[77.53788,11.93262],[77.49486,11.94401],[77.49453,11.94336],[77.48626,11.8874],[77.46144,11.90009],[77.46673,11.84706],[77.42736,11.76084],[77.39427,11.78784],[77.36482,11.79045],[77.36052,11.77971],[77.33504,11.77125],[77.29368,11.80899],[77.28805,11.80053],[77.24967,11.81322],[77.23842,11.79468],[77.1107,11.77353],[77.11764,11.72115],[77.08025,11.73611],[77.05643,11.76995],[77.06967,11.78231],[77.06305,11.79045],[77.0465,11.78784],[77.03492,11.76995],[77.02897,11.77483],[77.03856,11.79402],[77.01275,11.81485],[76.98198,11.81159],[76.96974,11.77711],[76.95385,11.79207],[76.90786,11.79533],[76.88834,11.73383],[76.86253,11.71106],[76.83506,11.65543],[76.83473,11.63948],[76.85823,11.61411],[76.84698,11.59459],[76.82381,11.6076],[76.75697,11.61866],[76.61403,11.6076],[76.59219,11.61866],[76.57664,11.61476],[76.55976,11.62257],[76.5505,11.6743],[76.51178,11.7052],[76.48167,11.69252],[76.45818,11.66454],[76.41715,11.67169],[76.41682,11.67169],[76.41649,11.67234],[76.40424,11.70846],[76.40325,11.71106],[76.42741,11.72603],[76.41053,11.74229],[76.41053,11.74229],[76.41053,11.74262],[76.41384,11.75889]]]}},{"type":"Feature","properties":{"districtId":26,"district":"Tumakuru"},"geometry":{"type":"MultiPolygon","coordinates":[[[[77.08058,13.07037],[77.08058,13.0707],[77.08224,13.07363],[77.08224,13.07395],[77.08257,13.0733],[77.0829,13.07232],[77.08323,13.07102],[77.08058,13.07037]]],[[[76.35295,13.57955],[76.37347,13.59321],[76.38274,13.57694],[76.39961,13.59484],[76.41318,13.57824],[76.43038,13.59321],[76.4552,13.59093],[76.46083,13.61891],[76.5002,13.62184],[76.53395,13.6508],[76.52965,13.66609],[76.53991,13.66316],[76.57664,13.69016],[76.56936,13.71457],[76.62098,13.73409],[76.62991,13.71359],[76.67293,13.7188],[76.68517,13.69049],[76.68451,13.72986],[76.69807,13.7715],[76.72388,13.79981],[76.73116,13.78452],[76.74903,13.78061],[76.76458,13.78191],[76.76889,13.79525],[76.76657,13.83592],[76.72289,13.89839],[76.75234,13.90652],[76.74936,13.91628],[76.76458,13.92442],[76.81554,13.91596],[76.81124,13.93645],[76.84995,13.96346],[76.84863,13.98038],[76.82348,13.99437],[76.83738,14.01812],[76.87278,14.00933],[76.88867,14.04805],[76.91018,14.06432],[76.92308,14.05716],[76.92837,14.07798],[76.94823,14.09457],[76.94856,14.09197],[76.97338,14.08351],[76.97271,14.06041],[76.93235,14.05391],[76.93102,14.03016],[76.99952,13.99046],[76.99389,13.96248],[77.04154,13.93353],[77.04716,13.90652],[77.02301,13.90262],[77.01408,13.86032],[76.99224,13.84894],[76.97801,13.82681],[76.97635,13.81738],[76.98959,13.81282],[76.98529,13.7907],[76.99852,13.74547],[77.01639,13.73864],[77.02433,13.77931],[77.04352,13.77768],[77.0647,13.74385],[77.08555,13.74255],[77.09051,13.76727],[77.1729,13.76207],[77.17853,13.78289],[77.15768,13.80599],[77.1686,13.82974],[77.12823,13.85642],[77.14776,13.86846],[77.1686,13.86455],[77.16198,13.90652],[77.18482,13.92507],[77.19077,13.91205],[77.18151,13.86976],[77.20037,13.86293],[77.21327,13.88635],[77.21989,13.86781],[77.23577,13.90424],[77.24835,13.90132],[77.24636,13.86781],[77.25927,13.86325],[77.25662,13.84666],[77.28838,13.84763],[77.31155,13.8665],[77.32544,13.83332],[77.3625,13.85414],[77.38203,13.8395],[77.43265,13.8434],[77.41644,13.80892],[77.4171,13.80859],[77.41611,13.80664],[77.42504,13.80209],[77.42273,13.79916],[77.43464,13.7972],[77.43596,13.79688],[77.43695,13.79688],[77.44523,13.81119],[77.46343,13.80631],[77.45648,13.78875],[77.47071,13.75816],[77.46508,13.71099],[77.45019,13.71099],[77.45449,13.68626],[77.45548,13.68236],[77.43629,13.67943],[77.39725,13.67357],[77.36449,13.62867],[77.36217,13.62184],[77.36317,13.59028],[77.37409,13.58996],[77.38236,13.57532],[77.38269,13.54213],[77.38931,13.53497],[77.39096,13.53302],[77.39162,13.5327],[77.38633,13.51415],[77.37342,13.47023],[77.34861,13.45721],[77.36283,13.42012],[77.34596,13.41752],[77.33868,13.32903],[77.31188,13.32219],[77.30857,13.31081],[77.2811,13.31048],[77.28177,13.29747],[77.26985,13.31113],[77.24934,13.3017],[77.22915,13.31341],[77.21923,13.26298],[77.18846,13.27632],[77.18349,13.25777],[77.19243,13.24346],[77.18283,13.22882],[77.20765,13.19661],[77.20301,13.18457],[77.20268,13.18294],[77.1964,13.18425],[77.16761,13.19075],[77.16231,13.19205],[77.14776,13.17416],[77.13849,13.17806],[77.11897,13.16212],[77.11599,13.13024],[77.09581,13.14585],[77.09217,13.13577],[77.08323,13.13349],[77.07331,13.12406],[77.08092,13.09022],[77.06834,13.0681],[77.07728,13.05833],[77.06967,13.04012],[77.11831,13.01474],[77.09812,12.99945],[77.1054,12.99261],[77.12956,12.99554],[77.12459,13.00628],[77.13452,13.0053],[77.14478,12.98773],[77.12989,12.97797],[77.15735,12.95813],[77.16529,12.92917],[77.15801,12.91355],[77.13981,12.91811],[77.13253,12.89794],[77.10706,12.89436],[77.11864,12.88395],[77.13154,12.88818],[77.13121,12.85922],[77.14908,12.84881],[77.14941,12.83059],[77.15867,12.82734],[77.14378,12.81432],[77.15106,12.79187],[77.14941,12.78895],[77.15007,12.78699],[77.14742,12.78569],[77.12691,12.77528],[77.12426,12.77398],[77.1236,12.77398],[77.12128,12.7743],[77.09746,12.77626],[77.0925,12.75283],[77.08025,12.75901],[77.07761,12.74925],[77.07661,12.74567],[77.06735,12.75836],[77.04882,12.74763],[77.04352,12.77821],[77.02533,12.76324],[77.00911,12.76422],[77.00977,12.78244],[76.99819,12.77593],[76.97569,12.79122],[76.97304,12.80359],[76.9244,12.80391],[76.89231,12.84718],[76.889,12.89761],[76.86551,12.90509],[76.86716,12.91876],[76.89628,12.92039],[76.89165,12.93275],[76.86253,12.92787],[76.8397,12.94576],[76.8397,12.97342],[76.85293,12.97862],[76.81455,13.01376],[76.78576,13.01539],[76.77252,13.03296],[76.76855,13.03458],[76.69344,13.03686],[76.67293,13.05541],[76.65473,13.01214],[76.65241,13.00725],[76.63951,13.00693],[76.63223,13.00433],[76.61304,13.00595],[76.61304,13.00595],[76.61304,13.00595],[76.60476,13.03198],[76.60212,13.04012],[76.60542,13.05248],[76.60542,13.05313],[76.60609,13.05476],[76.61965,13.05411],[76.6094,13.06875],[76.60443,13.07135],[76.52733,13.07883],[76.52072,13.07428],[76.51575,13.06875],[76.51476,13.07005],[76.49458,13.09477],[76.47241,13.09315],[76.47241,13.09315],[76.47307,13.14976],[76.4552,13.15008],[76.44494,13.16993],[76.41252,13.19173],[76.37082,13.20051],[76.37976,13.23175],[76.36454,13.23402],[76.35626,13.24932],[76.35229,13.29454],[76.34766,13.30137],[76.347,13.35245],[76.347,13.35831],[76.347,13.35993],[76.38141,13.36416],[76.39035,13.39117],[76.39498,13.40581],[76.4006,13.42273],[76.41979,13.44843],[76.40689,13.45917],[76.41516,13.47901],[76.39597,13.49365],[76.39663,13.50406],[76.41516,13.50894],[76.42741,13.52554],[76.4006,13.52651],[76.36387,13.54734],[76.35295,13.57955]]],[[[77.00283,14.19804],[76.99919,14.22927],[77.00547,14.2322],[77.0058,14.23578],[77.01904,14.2387],[77.04948,14.24489],[77.05345,14.24456],[77.08125,14.2143],[77.10077,14.21723],[77.10805,14.22146],[77.115,14.22537],[77.11665,14.22634],[77.12062,14.26311],[77.11533,14.26571],[77.11566,14.28165],[77.12261,14.29922],[77.13419,14.3285],[77.13783,14.33729],[77.15867,14.34152],[77.16165,14.34184],[77.19739,14.32134],[77.23809,14.31744],[77.28673,14.34021],[77.28342,14.28263],[77.36383,14.27579],[77.35953,14.23415],[77.37905,14.22667],[77.39262,14.19901],[77.39262,14.19901],[77.41842,14.2091],[77.41809,14.21105],[77.41809,14.21821],[77.41776,14.22602],[77.40883,14.25985],[77.38732,14.27091],[77.37839,14.3028],[77.38898,14.33306],[77.40916,14.33664],[77.42835,14.32883],[77.43133,14.31288],[77.44622,14.31744],[77.45019,14.28067],[77.47898,14.29206],[77.49817,14.27872],[77.50346,14.25985],[77.49288,14.2309],[77.50479,14.19413],[77.51703,14.186],[77.50346,14.15704],[77.46707,14.17201],[77.39361,14.17429],[77.37905,14.13589],[77.35158,14.13101],[77.35158,14.13004],[77.34761,14.10368],[77.39063,14.12678],[77.40089,14.11865],[77.36052,14.06269],[77.34067,14.06009],[77.33239,14.03081],[77.3903,14.01682],[77.3817,13.97615],[77.42604,13.98623],[77.43795,13.9755],[77.4353,13.94752],[77.41214,13.94556],[77.41578,13.92409],[77.43497,13.91498],[77.3989,13.8883],[77.39791,13.90652],[77.35688,13.90424],[77.34794,13.91596],[77.37144,13.95272],[77.3496,13.95825],[77.36118,13.99079],[77.33636,13.99534],[77.32214,14.03016],[77.30658,14.03211],[77.27515,14.01129],[77.27879,14.03243],[77.27052,14.03438],[77.24537,14.01194],[77.1739,14.01291],[77.1729,14.0012],[77.14974,14.0012],[77.14908,14.00152],[77.12757,14.04707],[77.07893,14.04252],[77.07628,14.05326],[77.0283,14.06204],[77.02797,14.06269],[77.02996,14.08807],[77.01474,14.10043],[77.02632,14.12516],[77.02599,14.17494],[77.02136,14.18893],[77.00283,14.19804]]]]}},{"type":"Feature","properties":{"districtId":24,"district":"Ramanagara"},"geometry":{"type":"Polygon","coordinates":[[[77.20301,13.18457],[77.20368,13.18457],[77.21757,13.14488],[77.27515,13.15269],[77.26853,13.11885],[77.28474,13.13447],[77.29269,13.11007],[77.31419,13.10616],[77.31088,13.0463],[77.32842,13.0502],[77.33107,13.04304],[77.32214,13.00823],[77.32247,13.00595],[77.33041,12.97732],[77.33107,12.97439],[77.33934,12.94414],[77.34331,12.88818],[77.33339,12.88785],[77.33504,12.87842],[77.36548,12.87158],[77.37938,12.85499],[77.41048,12.87679],[77.43001,12.87549],[77.41842,12.86963],[77.4267,12.85044],[77.43795,12.85011],[77.41942,12.82636],[77.43331,12.82343],[77.43596,12.81042],[77.45151,12.81823],[77.47997,12.80879],[77.4846,12.80066],[77.46938,12.79513],[77.47765,12.78146],[77.47368,12.75706],[77.50479,12.73233],[77.51372,12.75023],[77.52133,12.73233],[77.53424,12.75608],[77.54085,12.75023],[77.55244,12.77235],[77.54416,12.77593],[77.54813,12.79871],[77.54846,12.80066],[77.55045,12.79903],[77.55872,12.79122],[77.56269,12.78732],[77.56005,12.78439],[77.56534,12.75901],[77.58056,12.78732],[77.59181,12.773],[77.59744,12.76585],[77.59479,12.75251],[77.57593,12.75153],[77.56898,12.72973],[77.55641,12.73071],[77.56733,12.7011],[77.59413,12.72225],[77.6153,12.70923],[77.60075,12.66791],[77.59876,12.66726],[77.59942,12.66401],[77.59744,12.65848],[77.60571,12.62855],[77.60306,12.62627],[77.59148,12.61586],[77.59115,12.61521],[77.59049,12.61163],[77.58122,12.55795],[77.58023,12.55176],[77.58718,12.51467],[77.6163,12.50914],[77.58354,12.47889],[77.60736,12.47531],[77.62622,12.49646],[77.6345,12.488],[77.63417,12.48474],[77.61762,12.37445],[77.61564,12.36729],[77.57858,12.33573],[77.55144,12.29116],[77.53291,12.29148],[77.51835,12.27912],[77.48758,12.28042],[77.47898,12.27131],[77.47104,12.24366],[77.4482,12.25017],[77.43232,12.28303],[77.43034,12.28726],[77.4267,12.28693],[77.41512,12.28563],[77.37078,12.28107],[77.34629,12.28237],[77.32677,12.30775],[77.32611,12.30743],[77.32544,12.3084],[77.33041,12.36209],[77.3132,12.39234],[77.28607,12.39299],[77.28508,12.42878],[77.27019,12.43399],[77.26919,12.4649],[77.2361,12.4701],[77.23511,12.48344],[77.22552,12.47433],[77.23776,12.50003],[77.22419,12.50264],[77.21327,12.48507],[77.16827,12.48539],[77.14709,12.46197],[77.12559,12.48247],[77.13154,12.51858],[77.11434,12.55339],[77.1279,12.55339],[77.12856,12.56998],[77.10805,12.60838],[77.12228,12.62367],[77.10044,12.6305],[77.09746,12.67377],[77.09746,12.67572],[77.07364,12.6806],[77.08058,12.74665],[77.0786,12.74828],[77.07761,12.74925],[77.08025,12.75901],[77.0925,12.75283],[77.09746,12.77626],[77.12128,12.7743],[77.1236,12.77398],[77.12426,12.77398],[77.12691,12.77528],[77.14742,12.78569],[77.15007,12.78699],[77.14941,12.78895],[77.15106,12.79187],[77.14378,12.81432],[77.15867,12.82734],[77.14941,12.83059],[77.14908,12.84881],[77.13121,12.85922],[77.13154,12.88818],[77.11864,12.88395],[77.10706,12.89436],[77.13253,12.89794],[77.13981,12.91811],[77.15801,12.91355],[77.16529,12.92917],[77.15735,12.95813],[77.12989,12.97797],[77.14478,12.98773],[77.13452,13.0053],[77.12459,13.00628],[77.12956,12.99554],[77.1054,12.99261],[77.09812,12.99945],[77.11831,13.01474],[77.06967,13.04012],[77.07728,13.05833],[77.06834,13.0681],[77.08092,13.09022],[77.07331,13.12406],[77.08323,13.13349],[77.09217,13.13577],[77.09581,13.14585],[77.11599,13.13024],[77.11897,13.16212],[77.13849,13.17806],[77.14776,13.17416],[77.16231,13.19205],[77.16761,13.19075],[77.1964,13.18425],[77.20268,13.18294],[77.20301,13.18457]],[[77.08058,13.07037],[77.08323,13.07102],[77.0829,13.07232],[77.08257,13.0733],[77.08224,13.07395],[77.08224,13.07363],[77.08058,13.0707],[77.08058,13.07037]]]}},{"type":"Feature","properties":{"districtId":21,"district":"Mandya"},"geometry":{"type":"MultiPolygon","coordinates":[[[[76.9704,12.25537],[76.96974,12.27392],[76.98198,12.27034],[76.98231,12.2557],[76.9704,12.25537]]],[[[76.89826,12.35688],[76.89893,12.3738],[76.91746,12.38031],[76.91845,12.3712],[76.91348,12.35851],[76.89826,12.35688]]],[[[76.34237,12.65523],[76.34204,12.65588],[76.34204,12.65588],[76.35295,12.66791],[76.36288,12.70143],[76.36156,12.70305],[76.34137,12.73201],[76.35726,12.75023],[76.34303,12.76129],[76.34965,12.78569],[76.33476,12.78764],[76.33409,12.7896],[76.33244,12.80782],[76.36818,12.80912],[76.3695,12.82864],[76.38274,12.83124],[76.38604,12.84523],[76.40854,12.84393],[76.41351,12.86443],[76.42542,12.85792],[76.42542,12.82506],[76.44594,12.82343],[76.47141,12.79871],[76.4552,12.78114],[76.47472,12.7717],[76.48961,12.78569],[76.49292,12.76715],[76.49987,12.78049],[76.48994,12.80651],[76.5184,12.82636],[76.52039,12.84133],[76.57763,12.84686],[76.57895,12.87321],[76.59649,12.88102],[76.59649,12.92136],[76.60609,12.93861],[76.61634,12.9373],[76.61171,12.96528],[76.6319,12.97993],[76.63355,12.98123],[76.63223,13.00433],[76.63951,13.00693],[76.65241,13.00725],[76.65473,13.01214],[76.67293,13.05541],[76.69344,13.03686],[76.76855,13.03458],[76.77252,13.03296],[76.78576,13.01539],[76.81455,13.01376],[76.85293,12.97862],[76.8397,12.97342],[76.8397,12.94576],[76.86253,12.92787],[76.89165,12.93275],[76.89628,12.92039],[76.86716,12.91876],[76.86551,12.90509],[76.889,12.89761],[76.89231,12.84718],[76.9244,12.80391],[76.97304,12.80359],[76.97569,12.79122],[76.99819,12.77593],[77.00977,12.78244],[77.00911,12.76422],[77.02533,12.76324],[77.04352,12.77821],[77.04882,12.74763],[77.06735,12.75836],[77.07661,12.74567],[77.07761,12.74925],[77.0786,12.74828],[77.08058,12.74665],[77.07364,12.6806],[77.09746,12.67572],[77.09746,12.67377],[77.10044,12.6305],[77.12228,12.62367],[77.10805,12.60838],[77.12856,12.56998],[77.1279,12.55339],[77.11434,12.55339],[77.13154,12.51858],[77.12559,12.48247],[77.14709,12.46197],[77.16827,12.48539],[77.21327,12.48507],[77.22419,12.50264],[77.23776,12.50003],[77.22552,12.47433],[77.23511,12.48344],[77.2361,12.4701],[77.26919,12.4649],[77.27019,12.43399],[77.28508,12.42878],[77.28607,12.39299],[77.3132,12.39234],[77.33041,12.36209],[77.32544,12.3084],[77.32611,12.30743],[77.30261,12.29864],[77.26787,12.31426],[77.22518,12.30352],[77.16662,12.31003],[77.16662,12.31003],[77.16993,12.25993],[77.10838,12.24073],[77.10838,12.24073],[77.10838,12.24073],[77.10606,12.22056],[77.07794,12.22121],[77.0786,12.2365],[77.03625,12.23227],[76.99521,12.24236],[76.99058,12.28693],[76.97172,12.29051],[76.97702,12.3071],[76.9929,12.30059],[76.99786,12.31296],[76.98661,12.33345],[76.97668,12.32792],[76.97702,12.35298],[76.95617,12.35233],[76.95749,12.32695],[76.92176,12.32174],[76.93201,12.33834],[76.92407,12.3533],[76.93896,12.35265],[76.93764,12.40048],[76.92242,12.4418],[76.90488,12.43659],[76.90025,12.40894],[76.87742,12.39983],[76.85426,12.40861],[76.83242,12.40243],[76.83308,12.38453],[76.81455,12.38714],[76.80297,12.35525],[76.76558,12.35037],[76.76392,12.31166],[76.75399,12.30222],[76.74341,12.31816],[76.73149,12.31654],[76.7305,12.34256],[76.71892,12.35655],[76.70006,12.3507],[76.68186,12.36697],[76.68285,12.39104],[76.65241,12.3943],[76.64679,12.39495],[76.64348,12.39527],[76.62197,12.36762],[76.56605,12.352],[76.56638,12.38193],[76.55513,12.39202],[76.56539,12.39918],[76.56737,12.42585],[76.45189,12.48377],[76.45222,12.50557],[76.42277,12.53257],[76.42774,12.54233],[76.41119,12.55795],[76.39101,12.55242],[76.3963,12.57324],[76.37678,12.57649],[76.36255,12.62855],[76.3427,12.65555],[76.34237,12.65523]]]]}},{"type":"Feature","properties":{"districtId":22,"district":"Mysuru"},"geometry":{"type":"Polygon","coordinates":[[[76.01875,12.57064],[76.01909,12.57096],[76.04556,12.57714],[76.05217,12.55437],[76.09056,12.54558],[76.08626,12.53875],[76.11537,12.51272],[76.11405,12.52704],[76.13324,12.52866],[76.15144,12.54721],[76.15243,12.57974],[76.19644,12.57747],[76.19214,12.59406],[76.2153,12.62172],[76.20571,12.62887],[76.21927,12.64449],[76.24575,12.63701],[76.25468,12.62041],[76.27983,12.63375],[76.28016,12.61683],[76.30034,12.6292],[76.30961,12.62269],[76.3063,12.61033],[76.32648,12.6113],[76.32781,12.6113],[76.32351,12.63505],[76.34237,12.65523],[76.3427,12.65555],[76.36255,12.62855],[76.37678,12.57649],[76.3963,12.57324],[76.39101,12.55242],[76.41119,12.55795],[76.42774,12.54233],[76.42277,12.53257],[76.45222,12.50557],[76.45189,12.48377],[76.56737,12.42585],[76.56539,12.39918],[76.55513,12.39202],[76.56638,12.38193],[76.56605,12.352],[76.62197,12.36762],[76.64348,12.39527],[76.64679,12.39495],[76.65241,12.3943],[76.68285,12.39104],[76.68186,12.36697],[76.70006,12.3507],[76.71892,12.35655],[76.7305,12.34256],[76.73149,12.31654],[76.74341,12.31816],[76.75399,12.30222],[76.76392,12.31166],[76.76558,12.35037],[76.80297,12.35525],[76.81455,12.38714],[76.83308,12.38453],[76.83242,12.40243],[76.85426,12.40861],[76.87742,12.39983],[76.90025,12.40894],[76.90488,12.43659],[76.92242,12.4418],[76.93764,12.40048],[76.93896,12.35265],[76.92407,12.3533],[76.93201,12.33834],[76.92176,12.32174],[76.95749,12.32695],[76.95617,12.35233],[76.97702,12.35298],[76.97668,12.32792],[76.98661,12.33345],[76.99786,12.31296],[76.9929,12.30059],[76.97702,12.3071],[76.97172,12.29051],[76.99058,12.28693],[76.99521,12.24236],[77.03625,12.23227],[77.0786,12.2365],[77.07794,12.22121],[77.10606,12.22056],[77.10838,12.24073],[77.10838,12.24073],[77.12393,12.24268],[77.13253,12.22934],[77.13419,12.22674],[77.13419,12.22609],[77.12228,12.19713],[77.08456,12.19095],[77.04485,12.16915],[77.03989,12.12848],[77.03691,12.13922],[77.01606,12.13369],[77.01606,12.13402],[77.01408,12.1633],[77.00382,12.16004],[76.99356,12.17566],[76.9929,12.17566],[76.98926,12.14052],[76.94889,12.09758],[76.89098,12.121],[76.87146,12.1415],[76.87146,12.17403],[76.85161,12.17891],[76.84565,12.16753],[76.85359,12.15939],[76.84069,12.15614],[76.83142,12.13206],[76.84565,12.11319],[76.87676,12.11515],[76.88404,12.08261],[76.87014,12.06309],[76.85359,12.05984],[76.89065,12.05821],[76.91514,12.026],[76.93896,12.02632],[76.93599,12.01331],[76.90422,11.999],[76.88569,12.00127],[76.88304,12.01559],[76.85657,11.99965],[76.83639,11.99997],[76.82117,12.01103],[76.82017,12.0273],[76.81157,12.02698],[76.79205,12.01071],[76.7937,11.98631],[76.74076,12.00941],[76.71727,11.98501],[76.70502,11.98533],[76.69443,12.00062],[76.65109,12.0081],[76.64282,11.98305],[76.57829,11.98826],[76.55745,11.94889],[76.57664,11.92351],[76.55678,11.89488],[76.55347,11.85877],[76.53461,11.87341],[76.49127,11.86105],[76.49259,11.82233],[76.46877,11.81908],[76.46215,11.79272],[76.40987,11.81127],[76.42873,11.79565],[76.41318,11.78784],[76.42277,11.77646],[76.42277,11.77613],[76.41417,11.75889],[76.41384,11.75889],[76.35229,11.73839],[76.34568,11.74067],[76.31854,11.7514],[76.30762,11.78491],[76.28016,11.81257],[76.24542,11.80313],[76.22358,11.80834],[76.20968,11.82754],[76.20736,11.8617],[76.19049,11.87113],[76.15607,11.87016],[76.12001,11.85031],[76.11273,11.85844],[76.1124,11.97882],[76.11372,11.98012],[76.15012,12.01754],[76.15111,12.01852],[76.1521,12.01949],[76.18288,12.03251],[76.18916,12.05008],[76.17096,12.11872],[76.14416,12.15451],[76.13324,12.1916],[76.10181,12.19713],[76.0621,12.24919],[76.02471,12.24886],[76.01445,12.29246],[75.9946,12.31751],[76.00122,12.33053],[75.96052,12.34387],[75.92213,12.38421],[75.91055,12.39625],[75.90857,12.3982],[75.90956,12.40015],[75.92809,12.43724],[75.92908,12.43952],[75.96383,12.44798],[75.97144,12.45026],[75.97144,12.45091],[75.9582,12.4906],[75.97541,12.51988],[75.99394,12.52216],[75.98335,12.54038],[75.9989,12.54754],[75.99261,12.56087],[75.99195,12.56218],[76.01247,12.55437],[76.01875,12.57064]],[[76.9704,12.25537],[76.98231,12.2557],[76.98198,12.27034],[76.96974,12.27392],[76.9704,12.25537]],[[76.89826,12.35688],[76.91348,12.35851],[76.91845,12.3712],[76.91746,12.38031],[76.89893,12.3738],[76.89826,12.35688]]]}},{"type":"Feature","properties":{"districtId":29,"district":"Vijayapura"},"geometry":{"type":"Polygon","coordinates":[[[76.07534,17.33636],[76.07302,17.33636],[76.07236,17.33409],[76.06508,17.31229],[76.0664,17.31131],[76.09949,17.29114],[76.09916,17.29016],[76.09486,17.2765],[76.08857,17.25763],[76.08857,17.25698],[76.12762,17.24494],[76.18188,17.19256],[76.18817,17.18638],[76.2206,17.1854],[76.24178,17.15221],[76.24277,17.15091],[76.24608,17.15091],[76.25633,17.15091],[76.26395,17.15091],[76.27685,17.16751],[76.33343,17.17076],[76.35626,17.18865],[76.36884,17.16686],[76.3599,17.14018],[76.39465,17.1431],[76.39134,17.13074],[76.36222,17.1161],[76.39035,17.09723],[76.38803,17.0725],[76.39829,17.0699],[76.42939,17.09951],[76.42741,17.05363],[76.44064,16.9967],[76.43667,16.98173],[76.40027,16.97718],[76.39895,16.93521],[76.42807,16.9274],[76.43402,16.94334],[76.45851,16.92805],[76.46546,16.90267],[76.43369,16.89779],[76.43336,16.88185],[76.43799,16.86786],[76.45851,16.86688],[76.47108,16.8389],[76.42939,16.83728],[76.42906,16.85061],[76.37446,16.85875],[76.35229,16.81971],[76.41384,16.81353],[76.4102,16.79888],[76.37744,16.80181],[76.37082,16.76863],[76.43601,16.7644],[76.44031,16.74195],[76.42906,16.73772],[76.42277,16.7169],[76.44097,16.71364],[76.44858,16.72145],[76.45222,16.7221],[76.46083,16.71104],[76.46149,16.71104],[76.46215,16.70844],[76.45222,16.71429],[76.42542,16.69542],[76.4049,16.64304],[76.43402,16.51876],[76.43535,16.43775],[76.43468,16.43775],[76.39035,16.43807],[76.38538,16.42571],[76.35759,16.42213],[76.33211,16.42701],[76.3331,16.3935],[76.3331,16.39122],[76.3106,16.39675],[76.30597,16.38113],[76.31424,16.34535],[76.2924,16.33136],[76.30299,16.31899],[76.29968,16.2832],[76.34799,16.27767],[76.35295,16.23538],[76.33211,16.19503],[76.33145,16.19406],[76.29803,16.18495],[76.28049,16.15274],[76.24045,16.16478],[76.23847,16.1651],[76.1938,16.17844],[76.16997,16.18462],[76.1392,16.18104],[76.06773,16.20772],[76.06706,16.20902],[76.06342,16.21651],[76.0578,16.22757],[76.06442,16.23798],[76.06541,16.26206],[76.02637,16.30077],[75.95622,16.29719],[75.81029,16.3704],[75.72095,16.3909],[75.6336,16.44393],[75.59952,16.44653],[75.57007,16.41172],[75.56841,16.41334],[75.56643,16.4153],[75.55683,16.42473],[75.5522,16.45597],[75.53466,16.46573],[75.49926,16.45369],[75.49859,16.43059],[75.489,16.42018],[75.48767,16.41855],[75.48701,16.41757],[75.44896,16.41334],[75.44797,16.414],[75.44631,16.41595],[75.43275,16.43091],[75.43473,16.43352],[75.46319,16.47386],[75.45558,16.50672],[75.48602,16.50867],[75.48834,16.5552],[75.47245,16.56333],[75.49363,16.59326],[75.4622,16.62254],[75.43771,16.6977],[75.48834,16.69445],[75.49198,16.74423],[75.42183,16.76733],[75.40495,16.7657],[75.38444,16.76342],[75.37881,16.82394],[75.39502,16.8633],[75.3358,16.86949],[75.34175,16.95603],[75.34506,16.95766],[75.39205,16.9801],[75.42778,16.96644],[75.44168,16.98238],[75.4655,16.98824],[75.48337,16.97587],[75.49032,16.94529],[75.52937,16.96937],[75.56775,16.96579],[75.57304,17.00971],[75.6068,17.00451],[75.60779,16.97099],[75.63393,16.97034],[75.6422,16.9544],[75.67496,16.96611],[75.66602,16.97978],[75.66966,17.03802],[75.64121,17.03769],[75.65047,17.05721],[75.67694,17.06535],[75.67231,17.1161],[75.65047,17.11578],[75.64948,17.13432],[75.62532,17.17401],[75.62863,17.18865],[75.63988,17.18898],[75.66205,17.21468],[75.65775,17.26316],[75.65411,17.2739],[75.62797,17.27422],[75.62235,17.29504],[75.60448,17.30513],[75.60448,17.30513],[75.6101,17.34515],[75.58099,17.35133],[75.57437,17.38321],[75.61374,17.392],[75.6068,17.4203],[75.63294,17.47724],[75.67595,17.45609],[75.67661,17.45381],[75.69084,17.40957],[75.71235,17.40794],[75.73353,17.41998],[75.76529,17.40566],[75.76695,17.40241],[75.77224,17.38582],[75.77588,17.38289],[75.79011,17.37215],[75.79309,17.36955],[75.79408,17.36987],[75.80665,17.37183],[75.8136,17.3728],[75.81393,17.37345],[75.82154,17.42128],[75.85099,17.41054],[75.86092,17.38549],[75.88441,17.41803],[75.89401,17.40111],[75.8907,17.35653],[75.93074,17.3227],[75.99824,17.33799],[76.01379,17.35296],[76.06078,17.35491],[76.06309,17.35198],[76.07534,17.33636]]]}}]}