{"type":"FeatureCollection","features":[{"type":"Feature","properties":{"unitId":323,"unitName":"Challakere PS"},"geometry":{"type":"Polygon","coordinates":[[[76.64894,14.38293],[76.65456,14.38322],[76.65817,14.38236],[76.67461,14.38354],[76.67307,14.37889],[76.67931,14.37607],[76.68259,14.37242],[76.69113,14.36899],[76.70049,14.36609],[76.70523,14.36283],[76.71651,14.36063],[76.71915,14.35794],[76.71859,14.35682],[76.71741,14.35617],[76.71908,14.35619],[76.7189,14.35578],[76.72219,14.35614],[76.73145,14.35411],[76.73131,14.36227],[76.73825,14.36417],[76.7464,14.36544],[76.75639,14.36226],[76.76845,14.35921],[76.77195,14.3579],[76.77595,14.35435],[76.77855,14.34995],[76.78332,14.34575],[76.78963,14.3385],[76.78869,14.33367],[76.78908,14.32828],[76.78429,14.32414],[76.78022,14.31677],[76.77672,14.3169],[76.77583,14.30882],[76.77473,14.30413],[76.7721,14.3001],[76.76669,14.29356],[76.76218,14.28939],[76.75697,14.28629],[76.75663,14.28264],[76.7562,14.28272],[76.75741,14.27699],[76.75752,14.26634],[76.75861,14.26251],[76.75894,14.25602],[76.75966,14.25564],[76.763,14.25611],[76.76705,14.25334],[76.77277,14.24403],[76.77316,14.23712],[76.7759,14.22491],[76.77541,14.22306],[76.7736,14.22053],[76.76738,14.21798],[76.76982,14.21259],[76.77136,14.2103],[76.77321,14.20478],[76.7678,14.20207],[76.76487,14.19927],[76.76426,14.19982],[76.76228,14.19953],[76.75789,14.19987],[76.7492,14.20222],[76.7433,14.2062],[76.73771,14.20797],[76.73714,14.20271],[76.73614,14.19852],[76.73089,14.19786],[76.73139,14.18372],[76.7319,14.18313],[76.73225,14.17965],[76.74498,14.17819],[76.74871,14.17617],[76.75597,14.17632],[76.76752,14.18079],[76.77169,14.18177],[76.77408,14.18178],[76.77677,14.17747],[76.77671,14.17637],[76.77501,14.17282],[76.77292,14.17092],[76.77202,14.16915],[76.77397,14.16695],[76.78102,14.1642],[76.78239,14.16326],[76.78834,14.15582],[76.78652,14.15477],[76.78044,14.1533],[76.77705,14.15106],[76.77359,14.14964],[76.76751,14.14554],[76.7664,14.14311],[76.76471,14.13681],[76.76089,14.13455],[76.75942,14.13081],[76.76694,14.12568],[76.77075,14.12433],[76.77278,14.12273],[76.77452,14.12338],[76.77929,14.1231],[76.78383,14.12378],[76.78423,14.11861],[76.78647,14.11415],[76.78642,14.11244],[76.78526,14.11067],[76.781,14.1078],[76.77376,14.10948],[76.7717,14.10841],[76.76909,14.10392],[76.76465,14.09987],[76.76327,14.09683],[76.76317,14.09419],[76.76185,14.08906],[76.76198,14.08764],[76.7605,14.0872],[76.75913,14.08461],[76.75739,14.08354],[76.75762,14.08232],[76.75687,14.0813],[76.75668,14.07931],[76.75554,14.07756],[76.75518,14.07574],[76.75324,14.07372],[76.75262,14.07112],[76.74822,14.07197],[76.7403,14.07251],[76.73959,14.08235],[76.73777,14.08387],[76.74,14.08597],[76.73999,14.09018],[76.73928,14.0927],[76.73853,14.10386],[76.73825,14.11811],[76.73643,14.11781],[76.73063,14.11412],[76.72441,14.11385],[76.7205,14.11198],[76.71698,14.11131],[76.70972,14.11574],[76.70634,14.11675],[76.69468,14.11905],[76.68784,14.11928],[76.68874,14.12942],[76.68804,14.13853],[76.68681,14.14177],[76.68198,14.14199],[76.67285,14.14408],[76.66301,14.14508],[76.66123,14.14503],[76.66128,14.14175],[76.64549,14.1412],[76.64207,14.14188],[76.64199,14.15033],[76.64156,14.15207],[76.6392,14.15502],[76.63661,14.15703],[76.63651,14.15943],[76.63698,14.15944],[76.63927,14.16685],[76.64189,14.17882],[76.64139,14.18357],[76.63998,14.18883],[76.63597,14.18863],[76.63371,14.18722],[76.6208,14.18253],[76.61338,14.18118],[76.61048,14.18842],[76.61064,14.19333],[76.61153,14.1936],[76.60683,14.19973],[76.60443,14.20377],[76.60005,14.20261],[76.59555,14.20239],[76.59283,14.20158],[76.58137,14.20285],[76.58051,14.20722],[76.58133,14.22068],[76.57589,14.22109],[76.56742,14.22293],[76.56327,14.2231],[76.56545,14.22567],[76.56741,14.23193],[76.56801,14.23767],[76.56704,14.24002],[76.56744,14.2446],[76.56224,14.24552],[76.55691,14.24504],[76.55097,14.24545],[76.54618,14.24503],[76.54576,14.2471],[76.54576,14.25307],[76.54162,14.25421],[76.54182,14.25804],[76.54379,14.26033],[76.54284,14.26391],[76.54193,14.27189],[76.53859,14.27576],[76.53748,14.28355],[76.53608,14.28621],[76.5346,14.29093],[76.52604,14.28934],[76.52447,14.29454],[76.52177,14.29995],[76.52072,14.30013],[76.51849,14.29953],[76.51856,14.30394],[76.51744,14.31049],[76.51665,14.31059],[76.51593,14.31195],[76.51742,14.31213],[76.51792,14.31349],[76.52598,14.31464],[76.52388,14.31771],[76.52616,14.31856],[76.52522,14.31973],[76.52414,14.32304],[76.52468,14.32383],[76.53653,14.3223],[76.53647,14.32347],[76.53978,14.3242],[76.53939,14.32668],[76.53837,14.32711],[76.53719,14.33519],[76.53679,14.34195],[76.53451,14.34955],[76.55299,14.35784],[76.56857,14.36251],[76.57363,14.36198],[76.59738,14.36772],[76.59937,14.3669],[76.60432,14.36753],[76.61101,14.36727],[76.61679,14.36533],[76.62367,14.36507],[76.63156,14.36674],[76.63268,14.37457],[76.63705,14.38208],[76.63749,14.38462],[76.64894,14.38293]]]}},{"type":"Feature","properties":{"unitId":324,"unitName":"Parasurampura PS"},"geometry":{"type":"MultiPolygon","coordinates":[[[[76.78834,14.15582],[76.78239,14.16326],[76.78102,14.1642],[76.77397,14.16695],[76.77202,14.16915],[76.77292,14.17092],[76.77501,14.17282],[76.77671,14.17637],[76.77677,14.17747],[76.77408,14.18178],[76.77169,14.18177],[76.76752,14.18079],[76.75597,14.17632],[76.74871,14.17617],[76.74498,14.17819],[76.73225,14.17965],[76.7319,14.18313],[76.73139,14.18372],[76.73089,14.19786],[76.73614,14.19852],[76.73714,14.20271],[76.73771,14.20797],[76.7433,14.2062],[76.7492,14.20222],[76.75789,14.19987],[76.76228,14.19953],[76.76426,14.19982],[76.76487,14.19927],[76.7678,14.20207],[76.77321,14.20478],[76.77136,14.2103],[76.76982,14.21259],[76.76738,14.21798],[76.7736,14.22053],[76.77541,14.22306],[76.7759,14.22491],[76.77316,14.23712],[76.77277,14.24403],[76.76705,14.25334],[76.763,14.25611],[76.75966,14.25564],[76.75894,14.25602],[76.75861,14.26251],[76.75752,14.26634],[76.75741,14.27699],[76.7562,14.28272],[76.75663,14.28264],[76.75697,14.28629],[76.76218,14.28939],[76.76669,14.29356],[76.7721,14.3001],[76.77473,14.30413],[76.77583,14.30882],[76.77672,14.3169],[76.78022,14.31677],[76.78429,14.32414],[76.78908,14.32828],[76.78869,14.33367],[76.78966,14.33868],[76.79209,14.34521],[76.79189,14.34742],[76.79222,14.34789],[76.81006,14.35595],[76.81152,14.3606],[76.81023,14.36369],[76.80903,14.36505],[76.80592,14.36706],[76.80552,14.36861],[76.80438,14.36998],[76.805,14.37556],[76.80387,14.37571],[76.80434,14.37876],[76.79991,14.38159],[76.79687,14.38275],[76.79601,14.385],[76.79605,14.38653],[76.79696,14.38791],[76.80202,14.39174],[76.80248,14.39311],[76.80214,14.39635],[76.80283,14.40065],[76.80285,14.40592],[76.80201,14.41352],[76.80691,14.41261],[76.80918,14.41009],[76.81417,14.40818],[76.81962,14.41119],[76.82263,14.41154],[76.83669,14.41819],[76.84595,14.42166],[76.84573,14.42416],[76.83945,14.42875],[76.83796,14.43032],[76.82809,14.43523],[76.8319,14.44372],[76.83215,14.44731],[76.8304,14.45869],[76.83165,14.46008],[76.83493,14.46078],[76.83809,14.461],[76.8487,14.4599],[76.85562,14.4611],[76.85513,14.46306],[76.85669,14.469],[76.8565,14.4732],[76.85838,14.4742],[76.85765,14.47779],[76.85864,14.47893],[76.85961,14.48174],[76.85987,14.48752],[76.86118,14.48862],[76.86337,14.48886],[76.86477,14.48255],[76.86484,14.47907],[76.86668,14.47577],[76.86894,14.47449],[76.88423,14.4772],[76.88375,14.47934],[76.88646,14.48352],[76.88908,14.48347],[76.89783,14.4881],[76.90075,14.48908],[76.90446,14.48962],[76.91241,14.48978],[76.92414,14.49101],[76.93812,14.48911],[76.9443,14.48949],[76.94877,14.48901],[76.94999,14.48686],[76.95558,14.48733],[76.96568,14.48557],[76.97183,14.48576],[76.97487,14.48536],[76.9757,14.48131],[76.97557,14.47763],[76.97424,14.47383],[76.97182,14.46833],[76.96846,14.46532],[76.96863,14.46238],[76.96521,14.45715],[76.96325,14.45633],[76.96002,14.45104],[76.95692,14.45253],[76.95251,14.45291],[76.94618,14.45278],[76.94479,14.45159],[76.9457,14.44555],[76.94549,14.44039],[76.94631,14.43176],[76.94607,14.42109],[76.94704,14.4189],[76.94762,14.41369],[76.94661,14.40588],[76.94261,14.39979],[76.94133,14.40198],[76.93791,14.40593],[76.93184,14.41082],[76.92801,14.41308],[76.92555,14.41391],[76.91601,14.42085],[76.9139,14.42149],[76.91556,14.42094],[76.91512,14.42001],[76.90347,14.40271],[76.90021,14.39954],[76.89853,14.39812],[76.89627,14.39712],[76.88475,14.39536],[76.88751,14.39092],[76.88846,14.38793],[76.88824,14.37524],[76.88871,14.36287],[76.88486,14.34762],[76.8876,14.34666],[76.895,14.33621],[76.89816,14.32971],[76.90313,14.32296],[76.90741,14.32327],[76.92612,14.31482],[76.94509,14.31262],[76.94934,14.30495],[76.95649,14.29435],[76.94663,14.28602],[76.93853,14.2832],[76.93686,14.28029],[76.92792,14.27941],[76.92476,14.27392],[76.93315,14.26339],[76.9359,14.25892],[76.93906,14.24699],[76.93963,14.24546],[76.94036,14.24542],[76.94052,14.24465],[76.94005,14.2443],[76.95064,14.24296],[76.96092,14.24493],[76.97109,14.24285],[76.97518,14.24555],[76.98112,14.24718],[76.98583,14.24752],[76.98843,14.24594],[76.99344,14.24154],[76.99876,14.24114],[77.00549,14.23591],[77.00493,14.23079],[77.00374,14.23105],[77.00346,14.22978],[76.99889,14.22901],[76.99888,14.22749],[77.0012,14.22477],[77.00143,14.22332],[77.0006,14.22329],[77.0005,14.22253],[77.00258,14.2218],[77.00334,14.22079],[77.00532,14.22084],[77.00653,14.22008],[77.00693,14.21909],[77.00624,14.21693],[77.00672,14.21256],[77.00607,14.20744],[77.00484,14.20376],[77.00342,14.20245],[77.00231,14.19866],[77.00652,14.19696],[77.00748,14.19592],[77.00928,14.19507],[77.01522,14.19423],[77.01728,14.19173],[77.02198,14.18768],[77.024,14.18686],[77.02253,14.1774],[77.01572,14.17931],[77.00546,14.18328],[77.00526,14.18371],[77.00378,14.18251],[76.99514,14.17865],[76.9947,14.1781],[76.99052,14.17857],[76.9884,14.17826],[76.98708,14.17905],[76.9849,14.17831],[76.98499,14.17875],[76.98331,14.17848],[76.98171,14.17895],[76.98194,14.17869],[76.98109,14.17821],[76.97028,14.18242],[76.96897,14.18216],[76.96774,14.18299],[76.9645,14.18161],[76.96256,14.1818],[76.95855,14.18384],[76.95909,14.18575],[76.95753,14.18867],[76.95642,14.18949],[76.95615,14.18903],[76.95546,14.18927],[76.95085,14.19327],[76.94893,14.19571],[76.9478,14.19627],[76.94737,14.19807],[76.94288,14.19601],[76.9422,14.19062],[76.94292,14.19046],[76.94314,14.18994],[76.94241,14.18952],[76.94475,14.18576],[76.94331,14.18388],[76.94231,14.17872],[76.94251,14.1732],[76.93047,14.17102],[76.92598,14.17082],[76.92214,14.16953],[76.91959,14.16416],[76.91293,14.16715],[76.90672,14.16802],[76.90089,14.16717],[76.89969,14.16838],[76.89868,14.1674],[76.89477,14.16767],[76.89285,14.16255],[76.89328,14.1613],[76.89259,14.16074],[76.89258,14.15904],[76.89342,14.15829],[76.89319,14.1579],[76.89245,14.15798],[76.891,14.14635],[76.89121,14.14324],[76.89022,14.14088],[76.88681,14.13802],[76.88475,14.13901],[76.88226,14.14577],[76.87935,14.14762],[76.87859,14.14626],[76.87376,14.14752],[76.8719,14.14711],[76.86529,14.14966],[76.86153,14.15166],[76.86156,14.15323],[76.85629,14.15325],[76.85199,14.15036],[76.8501,14.14986],[76.84663,14.14995],[76.84341,14.14886],[76.83838,14.15005],[76.83541,14.15027],[76.83425,14.14987],[76.83093,14.15093],[76.82709,14.15286],[76.8238,14.15911],[76.82225,14.16049],[76.81658,14.16013],[76.81403,14.16078],[76.81274,14.16439],[76.81062,14.16756],[76.80714,14.16736],[76.80329,14.16636],[76.80103,14.1652],[76.79575,14.16062],[76.78834,14.15582]]],[[[76.78779,14.1556],[76.78834,14.15582],[76.79005,14.15308],[76.78994,14.15024],[76.78556,14.14113],[76.78509,14.13914],[76.78532,14.13669],[76.78388,14.1295],[76.78383,14.12378],[76.77929,14.1231],[76.77452,14.12338],[76.77278,14.12273],[76.77075,14.12433],[76.76694,14.12568],[76.75942,14.13081],[76.7609,14.13459],[76.76471,14.13681],[76.7664,14.14311],[76.76751,14.14554],[76.77359,14.14964],[76.77705,14.15106],[76.78044,14.1533],[76.78652,14.15477],[76.78779,14.1556]]]]}},{"type":"Feature","properties":{"unitId":325,"unitName":"Thalak PS"},"geometry":{"type":"Polygon","coordinates":[[[76.76598,14.60619],[76.76523,14.60187],[76.76899,14.60096],[76.78027,14.59295],[76.78023,14.59722],[76.78155,14.59667],[76.78271,14.59094],[76.78235,14.58362],[76.78484,14.5751],[76.78655,14.57228],[76.78901,14.57011],[76.78783,14.56785],[76.79066,14.55862],[76.79138,14.5543],[76.79327,14.55328],[76.79826,14.54845],[76.79792,14.54751],[76.80262,14.54172],[76.80514,14.53462],[76.80618,14.53423],[76.80659,14.53189],[76.80774,14.53158],[76.81066,14.53279],[76.81546,14.53048],[76.81882,14.53154],[76.82089,14.52955],[76.82175,14.52707],[76.82269,14.52653],[76.82651,14.52688],[76.82795,14.52905],[76.8316,14.5294],[76.83168,14.52862],[76.83249,14.52845],[76.83436,14.52609],[76.8332,14.52442],[76.83339,14.52202],[76.83654,14.52],[76.83825,14.5209],[76.84183,14.51923],[76.84633,14.51602],[76.84957,14.51153],[76.85142,14.51197],[76.85575,14.50927],[76.8595,14.49824],[76.86091,14.49719],[76.86314,14.48884],[76.86118,14.48862],[76.85987,14.48752],[76.85961,14.48174],[76.85864,14.47893],[76.85765,14.47779],[76.85838,14.4742],[76.8565,14.4732],[76.85669,14.469],[76.85513,14.46306],[76.85562,14.4611],[76.8487,14.4599],[76.83809,14.461],[76.83493,14.46078],[76.83165,14.46008],[76.8304,14.45869],[76.83215,14.44731],[76.8319,14.44372],[76.82809,14.43523],[76.83796,14.43032],[76.83945,14.42875],[76.84573,14.42416],[76.84595,14.42166],[76.83669,14.41819],[76.82263,14.41154],[76.81962,14.41119],[76.81417,14.40818],[76.80918,14.41009],[76.80691,14.41261],[76.80201,14.41352],[76.80285,14.40592],[76.80283,14.40065],[76.80214,14.39635],[76.80248,14.39311],[76.80202,14.39174],[76.79696,14.38791],[76.79605,14.38653],[76.79601,14.385],[76.79687,14.38275],[76.79991,14.38159],[76.80434,14.37876],[76.80387,14.37571],[76.805,14.37556],[76.80438,14.36998],[76.80552,14.36861],[76.80592,14.36706],[76.80903,14.36505],[76.81023,14.36369],[76.81151,14.36052],[76.81006,14.35595],[76.79222,14.34789],[76.79189,14.34742],[76.79209,14.34521],[76.78963,14.3385],[76.78332,14.34575],[76.77855,14.34995],[76.77595,14.35435],[76.77195,14.3579],[76.76845,14.35921],[76.75639,14.36226],[76.7464,14.36544],[76.73825,14.36417],[76.73131,14.36227],[76.73145,14.35411],[76.72219,14.35614],[76.7189,14.35578],[76.71908,14.35619],[76.71741,14.35617],[76.71859,14.35682],[76.71915,14.35794],[76.71651,14.36063],[76.70523,14.36283],[76.70049,14.36609],[76.69113,14.36899],[76.68259,14.37242],[76.67931,14.37607],[76.67307,14.37889],[76.67461,14.38354],[76.65817,14.38236],[76.65456,14.38322],[76.64918,14.38291],[76.63879,14.38441],[76.63794,14.38914],[76.63856,14.39424],[76.64156,14.40051],[76.64497,14.40355],[76.64958,14.40545],[76.64994,14.40734],[76.65144,14.40974],[76.65813,14.41184],[76.65956,14.4208],[76.65899,14.42836],[76.65777,14.43089],[76.65384,14.43579],[76.64779,14.43507],[76.64263,14.42756],[76.63967,14.42926],[76.6351,14.42743],[76.62915,14.4285],[76.63045,14.4335],[76.62278,14.43492],[76.62461,14.43933],[76.62384,14.44136],[76.62513,14.44531],[76.62422,14.44766],[76.62182,14.4485],[76.62056,14.44573],[76.61739,14.44251],[76.6174,14.44186],[76.60985,14.4395],[76.60548,14.43992],[76.60244,14.44103],[76.60137,14.44356],[76.60125,14.44758],[76.60397,14.45256],[76.6047,14.46205],[76.60657,14.46165],[76.60691,14.46272],[76.60669,14.47018],[76.60793,14.47004],[76.61302,14.46483],[76.61515,14.46551],[76.61645,14.46929],[76.62004,14.4691],[76.62382,14.47909],[76.62421,14.48098],[76.62347,14.48486],[76.62419,14.48665],[76.62673,14.48959],[76.62712,14.49189],[76.62914,14.4966],[76.62911,14.50025],[76.63023,14.50594],[76.63346,14.51296],[76.62982,14.51626],[76.62555,14.51573],[76.62509,14.52237],[76.62545,14.52445],[76.62842,14.52488],[76.62719,14.53688],[76.62453,14.53668],[76.62329,14.54207],[76.62257,14.55075],[76.62086,14.55739],[76.62347,14.56653],[76.6286,14.57124],[76.63178,14.57108],[76.63374,14.573],[76.64632,14.57446],[76.65282,14.57414],[76.65907,14.57754],[76.66233,14.57765],[76.66513,14.57681],[76.67196,14.57715],[76.67372,14.57776],[76.67515,14.58332],[76.67966,14.5845],[76.68464,14.58311],[76.68759,14.58313],[76.69164,14.58143],[76.69534,14.58102],[76.69865,14.58542],[76.70115,14.58484],[76.70193,14.58531],[76.70533,14.58515],[76.70616,14.58586],[76.70735,14.58596],[76.70854,14.58802],[76.71095,14.58673],[76.71132,14.58871],[76.71555,14.58833],[76.71638,14.59018],[76.71917,14.59178],[76.72299,14.59168],[76.7261,14.59374],[76.7278,14.59861],[76.72926,14.60512],[76.7395,14.6033],[76.74248,14.60237],[76.7481,14.59934],[76.75227,14.59901],[76.75308,14.59836],[76.75512,14.60552],[76.75703,14.60512],[76.75923,14.60656],[76.76218,14.60738],[76.76598,14.60619]]]}},{"type":"Feature","properties":{"unitId":326,"unitName":"Rampura PS"},"geometry":{"type":"Polygon","coordinates":[[[76.72055,15.0342],[76.72247,15.0348],[76.72376,15.03411],[76.72961,15.03313],[76.73291,15.03192],[76.73571,15.02347],[76.73597,15.02253],[76.72791,15.00957],[76.72779,15.00146],[76.72718,15.00011],[76.72844,15.00011],[76.72801,14.99763],[76.73017,14.99581],[76.73199,14.99231],[76.73219,14.9902],[76.73327,14.98715],[76.73454,14.98693],[76.73416,14.98538],[76.73612,14.98524],[76.73721,14.98706],[76.74042,14.9868],[76.74271,14.98737],[76.74837,14.98677],[76.75392,14.98428],[76.75737,14.98652],[76.75992,14.98922],[76.7629,14.98713],[76.76376,14.98256],[76.76327,14.98026],[76.76657,14.97787],[76.76651,14.97463],[76.77548,14.97479],[76.78348,14.97279],[76.79212,14.96919],[76.80015,14.96813],[76.80091,14.96852],[76.80426,14.96822],[76.80897,14.96936],[76.81338,14.96983],[76.81801,14.96931],[76.82501,14.96085],[76.82828,14.95601],[76.83421,14.95691],[76.83416,14.95952],[76.84147,14.96601],[76.85744,14.96909],[76.85908,14.96897],[76.8616,14.97018],[76.86688,14.96961],[76.86632,14.96486],[76.86661,14.95826],[76.86609,14.95755],[76.86725,14.95581],[76.86841,14.94285],[76.86915,14.93923],[76.86996,14.93769],[76.86767,14.92628],[76.86792,14.92376],[76.86639,14.91606],[76.8661,14.90964],[76.86358,14.89728],[76.86385,14.89542],[76.85189,14.89575],[76.85203,14.89622],[76.84733,14.89636],[76.84535,14.8898],[76.8454,14.88737],[76.85245,14.8873],[76.85158,14.884],[76.85331,14.88384],[76.85287,14.88059],[76.85324,14.87267],[76.85429,14.87271],[76.85411,14.86914],[76.8569,14.86883],[76.85633,14.86187],[76.85569,14.86228],[76.85452,14.8549],[76.85539,14.84873],[76.85427,14.84291],[76.85459,14.84282],[76.85454,14.84088],[76.85247,14.84109],[76.85057,14.84198],[76.84877,14.84142],[76.84471,14.83727],[76.84256,14.83623],[76.84511,14.83476],[76.84537,14.83373],[76.84679,14.82745],[76.84533,14.82522],[76.84607,14.82221],[76.84958,14.82155],[76.85476,14.81782],[76.8544,14.80989],[76.84844,14.8093],[76.83732,14.8111],[76.83679,14.80288],[76.83759,14.79852],[76.83689,14.79256],[76.83741,14.79122],[76.83309,14.79016],[76.83246,14.79271],[76.83094,14.79303],[76.81906,14.79262],[76.82097,14.78879],[76.81712,14.78771],[76.80707,14.78694],[76.8027,14.7859],[76.78884,14.78713],[76.78929,14.78612],[76.78876,14.7855],[76.78837,14.78608],[76.78281,14.78666],[76.78882,14.77378],[76.78882,14.77252],[76.78934,14.77243],[76.7891,14.77048],[76.78995,14.76804],[76.7902,14.76493],[76.78846,14.75976],[76.79391,14.75033],[76.79113,14.7464],[76.78417,14.74717],[76.77796,14.74845],[76.75506,14.74618],[76.75252,14.75175],[76.7527,14.75476],[76.75128,14.75684],[76.74959,14.76749],[76.74774,14.7725],[76.74708,14.77583],[76.7462,14.77651],[76.74597,14.77741],[76.74592,14.778],[76.74736,14.77922],[76.74681,14.78347],[76.74592,14.78492],[76.74387,14.78462],[76.74322,14.78449],[76.7436,14.7829],[76.73836,14.78205],[76.73745,14.78916],[76.73563,14.79022],[76.73388,14.78996],[76.73302,14.79149],[76.73227,14.79139],[76.72972,14.78849],[76.72809,14.78549],[76.7263,14.78501],[76.72437,14.78168],[76.71876,14.78243],[76.71921,14.78575],[76.71885,14.78618],[76.71528,14.78498],[76.71424,14.78508],[76.71203,14.78678],[76.71017,14.78688],[76.70884,14.78652],[76.70691,14.78488],[76.7048,14.78448],[76.70231,14.78485],[76.69858,14.78317],[76.69755,14.78314],[76.69566,14.78446],[76.69399,14.7844],[76.69234,14.78383],[76.68873,14.78128],[76.68428,14.77991],[76.6809,14.78245],[76.67198,14.78679],[76.67327,14.78716],[76.67351,14.78909],[76.67189,14.79037],[76.67026,14.79113],[76.66865,14.79115],[76.66837,14.79163],[76.67468,14.79284],[76.68194,14.80772],[76.69372,14.81323],[76.70517,14.81751],[76.71098,14.8171],[76.71833,14.81781],[76.73455,14.81314],[76.73491,14.81549],[76.74004,14.81525],[76.73976,14.81773],[76.74093,14.81795],[76.74128,14.81886],[76.74151,14.82161],[76.74047,14.82562],[76.73419,14.82732],[76.72406,14.83123],[76.72078,14.83173],[76.72063,14.8322],[76.71926,14.83258],[76.71191,14.8375],[76.71267,14.84388],[76.71444,14.84648],[76.71496,14.85296],[76.71418,14.85619],[76.7136,14.86484],[76.71225,14.8676],[76.6976,14.8907],[76.69449,14.89063],[76.67766,14.88776],[76.67752,14.91143],[76.66718,14.91531],[76.66617,14.91655],[76.66545,14.91985],[76.66247,14.92643],[76.66257,14.92858],[76.65957,14.94202],[76.67912,14.93874],[76.6912,14.929],[76.69115,14.92957],[76.69582,14.9269],[76.69806,14.92811],[76.69854,14.92759],[76.70368,14.93116],[76.70696,14.93041],[76.70623,14.9427],[76.71329,14.93932],[76.71478,14.9424],[76.71761,14.95316],[76.7171,14.96304],[76.71671,14.96347],[76.71706,14.96848],[76.71621,14.9705],[76.71601,14.97295],[76.71269,14.97375],[76.71229,14.97502],[76.70513,14.97731],[76.70037,14.97741],[76.69816,14.9781],[76.68937,14.97827],[76.68799,14.98085],[76.68727,14.98428],[76.68457,14.98983],[76.68128,14.99078],[76.67959,14.99489],[76.6777,14.99588],[76.67799,14.99651],[76.68166,14.99638],[76.68132,14.9989],[76.68018,14.99997],[76.68075,15.00144],[76.67982,15.00566],[76.67896,15.00797],[76.6779,15.00931],[76.67382,15.01203],[76.67444,15.01601],[76.67258,15.0175],[76.67309,15.01896],[76.6714,15.01932],[76.67237,15.02026],[76.67335,15.02012],[76.67582,15.0215],[76.67616,15.02199],[76.67573,15.02321],[76.67709,15.02381],[76.67749,15.02474],[76.68757,15.02516],[76.68847,15.02458],[76.68919,15.02326],[76.68815,15.0233],[76.68638,15.02206],[76.6862,15.02119],[76.68663,15.02111],[76.6861,15.01845],[76.69327,15.01908],[76.70084,15.01667],[76.70206,15.0168],[76.70449,15.02108],[76.70448,15.02286],[76.70378,15.02329],[76.70266,15.02765],[76.70254,15.02947],[76.70365,15.03319],[76.70588,15.03282],[76.70851,15.0334],[76.71083,15.03294],[76.71265,15.03331],[76.71387,15.03379],[76.71522,15.03534],[76.71763,15.03628],[76.71949,15.03429],[76.72055,15.0342]],[[76.69823,14.78478],[76.69733,14.78409],[76.69742,14.78363],[76.69875,14.78364],[76.70236,14.78538],[76.70049,14.7861],[76.69823,14.78478]]]}},{"type":"Feature","properties":{"unitId":327,"unitName":"Bharamasagara PS"},"geometry":{"type":"Polygon","coordinates":[[[76.19082,14.45999],[76.20284,14.45898],[76.20856,14.45647],[76.21489,14.44589],[76.21628,14.44569],[76.21892,14.44202],[76.22709,14.44598],[76.23841,14.45057],[76.24242,14.44805],[76.24506,14.44554],[76.2483,14.44395],[76.2529,14.44367],[76.26009,14.44462],[76.26263,14.44108],[76.26398,14.43713],[76.26477,14.43078],[76.26416,14.42488],[76.27056,14.42061],[76.2713,14.4186],[76.27186,14.41422],[76.27324,14.41442],[76.27311,14.41218],[76.27372,14.40907],[76.28185,14.40478],[76.28615,14.407],[76.29256,14.40883],[76.31113,14.40902],[76.31729,14.40831],[76.33134,14.40874],[76.32885,14.40212],[76.32729,14.39948],[76.32666,14.39198],[76.32671,14.38482],[76.32495,14.38498],[76.32467,14.38337],[76.323,14.38362],[76.32197,14.38317],[76.32217,14.38166],[76.3206,14.381],[76.32012,14.3789],[76.31863,14.379],[76.31828,14.37742],[76.31591,14.3758],[76.31365,14.37215],[76.31098,14.36928],[76.30961,14.36662],[76.30886,14.36147],[76.3108,14.35001],[76.31122,14.339],[76.30858,14.33407],[76.30613,14.32984],[76.30282,14.3299],[76.30287,14.33158],[76.30097,14.33197],[76.29396,14.33226],[76.28834,14.33159],[76.28819,14.32563],[76.29064,14.3251],[76.29345,14.32263],[76.29538,14.32183],[76.29914,14.32102],[76.30356,14.32083],[76.30735,14.31793],[76.31814,14.3135],[76.31829,14.31008],[76.3187,14.30995],[76.31787,14.30593],[76.31859,14.30381],[76.32892,14.30059],[76.32847,14.29928],[76.32666,14.29843],[76.32353,14.29474],[76.3236,14.29409],[76.32436,14.29381],[76.32622,14.29399],[76.32611,14.29284],[76.32513,14.29154],[76.32378,14.28811],[76.32131,14.28661],[76.32221,14.28385],[76.32135,14.28158],[76.32081,14.2772],[76.32155,14.27354],[76.31735,14.26782],[76.31767,14.26614],[76.31717,14.26599],[76.31629,14.26354],[76.31664,14.2631],[76.31627,14.2593],[76.31507,14.25933],[76.31512,14.25574],[76.31576,14.25467],[76.31489,14.25367],[76.31466,14.25247],[76.31597,14.24995],[76.31581,14.24922],[76.31351,14.24558],[76.31337,14.244],[76.31217,14.2421],[76.31207,14.24064],[76.31045,14.2397],[76.30837,14.23648],[76.30348,14.23278],[76.30191,14.23023],[76.30052,14.22932],[76.30074,14.23059],[76.29713,14.23164],[76.29722,14.23226],[76.29582,14.23252],[76.29279,14.23122],[76.29233,14.23],[76.28714,14.23034],[76.28279,14.23141],[76.2819,14.23096],[76.28154,14.22853],[76.26864,14.23005],[76.26853,14.22817],[76.2623,14.22833],[76.25872,14.22899],[76.25383,14.22641],[76.24771,14.2249],[76.23646,14.22515],[76.23593,14.22171],[76.22039,14.21566],[76.21102,14.21828],[76.20928,14.21975],[76.2064,14.21802],[76.19746,14.23101],[76.19506,14.23147],[76.19062,14.22938],[76.18952,14.22928],[76.18642,14.22961],[76.18534,14.23046],[76.18373,14.23078],[76.18247,14.23052],[76.18135,14.2309],[76.18166,14.23156],[76.1792,14.23243],[76.17692,14.23244],[76.1761,14.23328],[76.17364,14.23286],[76.17287,14.23207],[76.17257,14.23091],[76.17305,14.23032],[76.1721,14.22948],[76.17152,14.22768],[76.16949,14.22701],[76.16987,14.22518],[76.16758,14.22412],[76.16756,14.22657],[76.16691,14.22724],[76.1664,14.22611],[76.16498,14.22677],[76.16537,14.22679],[76.16343,14.2344],[76.1612,14.23534],[76.16029,14.24219],[76.15874,14.24249],[76.15655,14.2534],[76.15309,14.25896],[76.14997,14.25678],[76.13473,14.25601],[76.13506,14.26174],[76.13395,14.26444],[76.13049,14.26882],[76.131,14.27191],[76.12985,14.27342],[76.13037,14.2751],[76.12998,14.28181],[76.12513,14.28253],[76.1199,14.27977],[76.11708,14.27735],[76.1191,14.28392],[76.12146,14.28962],[76.1152,14.30106],[76.10977,14.30188],[76.10873,14.30616],[76.10594,14.30894],[76.10622,14.3109],[76.10796,14.31167],[76.10925,14.31361],[76.10973,14.31735],[76.11677,14.32357],[76.12037,14.32389],[76.14679,14.32128],[76.1525,14.31843],[76.15379,14.3182],[76.15722,14.32107],[76.15649,14.32122],[76.1566,14.3238],[76.15886,14.3297],[76.15726,14.33649],[76.15512,14.34981],[76.1558,14.35346],[76.15567,14.35844],[76.15406,14.36335],[76.15317,14.36347],[76.15129,14.36477],[76.15108,14.36665],[76.15063,14.3764],[76.15196,14.3777],[76.15538,14.37753],[76.15379,14.38329],[76.15401,14.39005],[76.15349,14.39297],[76.15357,14.39714],[76.15076,14.40236],[76.14877,14.40803],[76.1427,14.41142],[76.14131,14.41748],[76.14165,14.41825],[76.14025,14.42113],[76.13606,14.42697],[76.14524,14.43185],[76.16431,14.4458],[76.17374,14.44808],[76.17277,14.46017],[76.17461,14.46246],[76.19082,14.45999]]]}},{"type":"Feature","properties":{"unitId":328,"unitName":"Chitradurga Rural PS"},"geometry":{"type":"Polygon","coordinates":[[[76.37117,14.31825],[76.37196,14.31787],[76.374,14.31829],[76.37706,14.31736],[76.38361,14.31707],[76.38757,14.31615],[76.39898,14.31597],[76.40631,14.31644],[76.40678,14.31613],[76.4081,14.31297],[76.40846,14.30973],[76.41091,14.30081],[76.41314,14.28931],[76.416,14.28521],[76.42351,14.28321],[76.4266,14.28415],[76.43138,14.2838],[76.43785,14.28137],[76.43871,14.28755],[76.45211,14.28703],[76.46415,14.28801],[76.46472,14.2872],[76.46544,14.28716],[76.46657,14.28143],[76.46615,14.28089],[76.4575,14.27649],[76.45273,14.27478],[76.45201,14.2741],[76.45211,14.27268],[76.44733,14.27266],[76.44316,14.27047],[76.44051,14.2679],[76.44092,14.26514],[76.43993,14.26354],[76.43889,14.2644],[76.4356,14.26393],[76.43557,14.26138],[76.43731,14.25731],[76.43724,14.25205],[76.44169,14.24891],[76.44572,14.23961],[76.45226,14.24126],[76.45656,14.24176],[76.46366,14.24187],[76.46889,14.24096],[76.4856,14.24244],[76.49493,14.24076],[76.50111,14.24074],[76.50597,14.23912],[76.50639,14.23766],[76.51103,14.23539],[76.51592,14.23597],[76.51754,14.23726],[76.5175,14.23818],[76.51832,14.23842],[76.51975,14.23598],[76.52081,14.23605],[76.52088,14.23665],[76.52206,14.23771],[76.52297,14.23727],[76.52818,14.23837],[76.52964,14.23738],[76.52972,14.23611],[76.53043,14.23486],[76.53064,14.23538],[76.53573,14.23539],[76.53967,14.2459],[76.54162,14.25421],[76.54576,14.25307],[76.54576,14.2471],[76.54618,14.24503],[76.55097,14.24545],[76.55691,14.24504],[76.56224,14.24552],[76.56744,14.2446],[76.56704,14.24002],[76.56801,14.23767],[76.56741,14.23193],[76.56545,14.22567],[76.56327,14.2231],[76.56742,14.22293],[76.57589,14.22109],[76.58133,14.22068],[76.58051,14.21091],[76.58062,14.20543],[76.5813,14.20292],[76.58044,14.19834],[76.58193,14.19899],[76.58251,14.19629],[76.57932,14.19274],[76.57703,14.17983],[76.57681,14.17509],[76.57757,14.1677],[76.57641,14.15931],[76.57308,14.15807],[76.57132,14.15647],[76.56686,14.14809],[76.55955,14.14818],[76.55377,14.14731],[76.5471,14.14894],[76.53052,14.14797],[76.51648,14.14797],[76.51471,14.14839],[76.51349,14.1474],[76.50785,14.14647],[76.50696,14.14624],[76.50673,14.14561],[76.50496,14.14537],[76.50374,14.15727],[76.50366,14.16259],[76.48402,14.16336],[76.47314,14.16228],[76.46224,14.1621],[76.45806,14.16137],[76.45188,14.15871],[76.45062,14.15886],[76.44848,14.14933],[76.44832,14.1406],[76.44243,14.13257],[76.43929,14.12935],[76.43536,14.12919],[76.43759,14.12317],[76.43886,14.11818],[76.43901,14.11407],[76.44092,14.1092],[76.44173,14.09803],[76.44347,14.09168],[76.44046,14.0888],[76.43816,14.08794],[76.43838,14.08137],[76.43995,14.07613],[76.43881,14.07293],[76.43955,14.06534],[76.44288,14.05784],[76.44452,14.05796],[76.44526,14.05676],[76.43353,14.05729],[76.41703,14.05195],[76.40592,14.07158],[76.40619,14.07742],[76.40431,14.07833],[76.40213,14.07771],[76.39852,14.07493],[76.3902,14.07007],[76.37617,14.06875],[76.37478,14.06746],[76.37474,14.06933],[76.37383,14.07006],[76.36509,14.07165],[76.35628,14.07616],[76.35268,14.07611],[76.35233,14.07767],[76.34744,14.07361],[76.34634,14.07358],[76.33598,14.08027],[76.33011,14.08882],[76.3153,14.09219],[76.31284,14.10367],[76.31326,14.11191],[76.31532,14.11186],[76.31542,14.11394],[76.31467,14.11936],[76.31354,14.12258],[76.31191,14.11896],[76.30418,14.12244],[76.30237,14.12563],[76.2952,14.13182],[76.29356,14.13485],[76.29036,14.13645],[76.28735,14.14111],[76.2847,14.14413],[76.28371,14.14653],[76.28166,14.14851],[76.27998,14.15818],[76.27771,14.1636],[76.27559,14.16473],[76.26958,14.16362],[76.26182,14.16124],[76.25689,14.1604],[76.25107,14.16011],[76.24646,14.15887],[76.24652,14.15782],[76.2409,14.15696],[76.23807,14.15842],[76.23786,14.15897],[76.23337,14.15842],[76.21969,14.15919],[76.21266,14.15874],[76.20697,14.16017],[76.20537,14.16005],[76.20654,14.16697],[76.20775,14.17021],[76.20659,14.18076],[76.21251,14.19022],[76.2183,14.20093],[76.22135,14.20936],[76.2183,14.2132],[76.21991,14.21547],[76.23593,14.22171],[76.23646,14.22515],[76.24771,14.2249],[76.25383,14.22641],[76.25872,14.22899],[76.2623,14.22833],[76.26853,14.22817],[76.26864,14.23005],[76.28154,14.22853],[76.2819,14.23096],[76.28279,14.23141],[76.28714,14.23034],[76.29233,14.23],[76.29279,14.23122],[76.29582,14.23252],[76.29722,14.23226],[76.29713,14.23164],[76.30074,14.23059],[76.30052,14.22932],[76.30191,14.23023],[76.30298,14.23231],[76.30837,14.23648],[76.30976,14.23901],[76.31207,14.24064],[76.31217,14.2421],[76.31337,14.244],[76.31351,14.24558],[76.31593,14.24956],[76.31466,14.25247],[76.31489,14.25367],[76.31576,14.25467],[76.31512,14.25574],[76.31507,14.25933],[76.31627,14.2593],[76.31664,14.2631],[76.31629,14.26354],[76.31717,14.26599],[76.31767,14.26614],[76.31735,14.26782],[76.32155,14.27354],[76.32081,14.2772],[76.32135,14.28158],[76.32221,14.28385],[76.32131,14.28661],[76.32378,14.28811],[76.32631,14.29365],[76.32587,14.29415],[76.32492,14.29381],[76.3236,14.29409],[76.32398,14.29546],[76.32666,14.29843],[76.32847,14.29928],[76.32892,14.30059],[76.33016,14.30158],[76.3349,14.30256],[76.336,14.30372],[76.33674,14.30603],[76.33803,14.30678],[76.33805,14.3091],[76.33913,14.30956],[76.34104,14.30837],[76.34139,14.29982],[76.35205,14.30042],[76.35131,14.30797],[76.35576,14.31014],[76.35604,14.31105],[76.36703,14.31369],[76.36931,14.3192],[76.37117,14.31825]],[[76.37294,14.25946],[76.3747,14.24715],[76.37541,14.24713],[76.37507,14.24656],[76.3776,14.24521],[76.38332,14.24399],[76.38338,14.23974],[76.38246,14.23973],[76.38247,14.23873],[76.38083,14.23876],[76.38068,14.24035],[76.37772,14.2405],[76.37658,14.24013],[76.37624,14.23938],[76.37902,14.23814],[76.37861,14.23592],[76.37741,14.23477],[76.36394,14.2384],[76.3654,14.22864],[76.36697,14.22198],[76.373,14.22004],[76.37311,14.21954],[76.3701,14.21832],[76.37025,14.21787],[76.37552,14.21667],[76.37468,14.21065],[76.37624,14.2093],[76.37727,14.21004],[76.37825,14.2092],[76.37707,14.20269],[76.37427,14.2011],[76.37094,14.20228],[76.37043,14.20313],[76.36916,14.20115],[76.36897,14.19919],[76.36594,14.19589],[76.36578,14.18478],[76.36483,14.18491],[76.35915,14.18254],[76.35762,14.18262],[76.35815,14.18044],[76.35784,14.17888],[76.35576,14.17673],[76.35378,14.17734],[76.35349,14.17853],[76.35213,14.17851],[76.35134,14.17624],[76.3525,14.17602],[76.352,14.17534],[76.35147,14.17142],[76.35065,14.17012],[76.35055,14.16758],[76.34775,14.16661],[76.34695,14.16772],[76.34544,14.16826],[76.34249,14.16325],[76.34283,14.1599],[76.34198,14.15726],[76.34407,14.15465],[76.34336,14.1532],[76.34605,14.15211],[76.34977,14.15143],[76.35485,14.15148],[76.3581,14.15061],[76.3611,14.15591],[76.36544,14.15513],[76.36533,14.15093],[76.36581,14.14962],[76.36733,14.14969],[76.37138,14.15145],[76.37353,14.1543],[76.37302,14.15468],[76.37404,14.15698],[76.37576,14.15722],[76.37843,14.15874],[76.38165,14.15524],[76.38289,14.15319],[76.38532,14.15227],[76.38772,14.1474],[76.39048,14.14644],[76.39719,14.14528],[76.39975,14.14511],[76.40566,14.14599],[76.40492,14.14692],[76.40646,14.14861],[76.40929,14.15037],[76.40845,14.15221],[76.40754,14.15297],[76.40788,14.15477],[76.41214,14.15386],[76.41234,14.15542],[76.41805,14.16087],[76.41847,14.16343],[76.41759,14.16597],[76.41542,14.16731],[76.41617,14.16869],[76.42009,14.16777],[76.42075,14.16818],[76.42117,14.16911],[76.42052,14.17058],[76.42086,14.17122],[76.42489,14.17404],[76.42768,14.17765],[76.42557,14.18086],[76.42583,14.18501],[76.42827,14.18492],[76.43,14.18557],[76.43367,14.18944],[76.43333,14.19133],[76.43218,14.19118],[76.42994,14.1947],[76.4311,14.19739],[76.43087,14.20121],[76.43186,14.20241],[76.43053,14.20209],[76.42955,14.20243],[76.42841,14.2006],[76.42801,14.20168],[76.42828,14.20319],[76.42549,14.20476],[76.42651,14.20719],[76.42684,14.21095],[76.42773,14.21112],[76.42806,14.21453],[76.42883,14.21462],[76.42872,14.21665],[76.42909,14.21719],[76.42256,14.21702],[76.42251,14.21842],[76.4237,14.21838],[76.42386,14.21922],[76.42542,14.21921],[76.42555,14.22032],[76.4273,14.22054],[76.42705,14.22395],[76.42263,14.22398],[76.42287,14.22703],[76.4207,14.22711],[76.42012,14.23229],[76.42212,14.24951],[76.41882,14.24997],[76.41603,14.24971],[76.41053,14.24835],[76.40567,14.24823],[76.39947,14.24722],[76.39884,14.24405],[76.3981,14.2454],[76.39688,14.24573],[76.39668,14.24509],[76.39463,14.24523],[76.39378,14.24082],[76.39088,14.2425],[76.38968,14.24244],[76.38621,14.24923],[76.38794,14.24973],[76.38761,14.25174],[76.38686,14.25159],[76.38578,14.25423],[76.38571,14.25492],[76.3867,14.25531],[76.38371,14.26366],[76.37512,14.26316],[76.37391,14.26401],[76.37308,14.26382],[76.37251,14.26347],[76.37294,14.25946]]]}},{"type":"Feature","properties":{"unitId":329,"unitName":"Turuvanur PS"},"geometry":{"type":"Polygon","coordinates":[[[76.46018,14.45069],[76.4633,14.44039],[76.46754,14.43472],[76.46987,14.43405],[76.47699,14.43399],[76.48514,14.43184],[76.4872,14.43147],[76.48743,14.43188],[76.49251,14.4235],[76.49508,14.41506],[76.49555,14.41175],[76.48987,14.40742],[76.48834,14.40557],[76.48827,14.4022],[76.48692,14.40225],[76.48565,14.4033],[76.4804,14.40078],[76.47489,14.39744],[76.47274,14.39712],[76.46919,14.39774],[76.46907,14.39615],[76.46612,14.39442],[76.45748,14.39139],[76.45497,14.38996],[76.46193,14.37444],[76.46297,14.37114],[76.47252,14.36916],[76.48534,14.37451],[76.48938,14.37565],[76.49295,14.37858],[76.4982,14.37931],[76.49776,14.38392],[76.50743,14.38359],[76.5241,14.38408],[76.53388,14.38271],[76.53419,14.37664],[76.53263,14.36372],[76.53212,14.35131],[76.53441,14.34989],[76.53679,14.34195],[76.53719,14.33519],[76.53837,14.32711],[76.53939,14.32668],[76.53978,14.3242],[76.53647,14.32347],[76.53653,14.3223],[76.52482,14.32397],[76.52414,14.32304],[76.52522,14.31973],[76.52616,14.31856],[76.52388,14.31771],[76.52598,14.31464],[76.51792,14.31349],[76.51742,14.31213],[76.51593,14.31195],[76.51665,14.31059],[76.51744,14.31049],[76.51856,14.30394],[76.51849,14.29953],[76.52072,14.30013],[76.52177,14.29995],[76.52447,14.29454],[76.52604,14.28934],[76.5346,14.29093],[76.53608,14.28621],[76.53748,14.28355],[76.53859,14.27576],[76.54193,14.27189],[76.54284,14.26391],[76.54379,14.26033],[76.54182,14.25804],[76.54122,14.25151],[76.53967,14.2459],[76.53573,14.23539],[76.53064,14.23538],[76.53043,14.23486],[76.52972,14.23611],[76.52964,14.23738],[76.52818,14.23837],[76.52297,14.23727],[76.52206,14.23771],[76.52088,14.23665],[76.52081,14.23605],[76.51975,14.23598],[76.51832,14.23842],[76.5175,14.23818],[76.51754,14.23726],[76.51592,14.23597],[76.51103,14.23539],[76.50639,14.23766],[76.50597,14.23912],[76.50111,14.24074],[76.49493,14.24076],[76.4856,14.24244],[76.46889,14.24096],[76.46366,14.24187],[76.45656,14.24176],[76.45226,14.24126],[76.44572,14.23961],[76.44169,14.24891],[76.43724,14.25205],[76.43731,14.25731],[76.43557,14.26138],[76.4356,14.26393],[76.43889,14.2644],[76.43993,14.26354],[76.44092,14.26514],[76.44051,14.2679],[76.44316,14.27047],[76.44733,14.27266],[76.45211,14.27268],[76.45201,14.2741],[76.45273,14.27478],[76.4575,14.27649],[76.46615,14.28089],[76.46657,14.28143],[76.46544,14.28716],[76.46472,14.2872],[76.46415,14.28801],[76.45211,14.28703],[76.43871,14.28755],[76.43785,14.28137],[76.43138,14.2838],[76.4266,14.28415],[76.42351,14.28321],[76.416,14.28521],[76.41314,14.28931],[76.41091,14.30081],[76.40846,14.30973],[76.4081,14.31297],[76.4077,14.31451],[76.40631,14.31644],[76.39898,14.31597],[76.38757,14.31615],[76.38361,14.31707],[76.37706,14.31736],[76.374,14.31829],[76.37196,14.31787],[76.36931,14.3192],[76.36703,14.31369],[76.35604,14.31105],[76.35576,14.31014],[76.35131,14.30797],[76.35205,14.30042],[76.34139,14.29982],[76.34104,14.30837],[76.33913,14.30956],[76.33805,14.3091],[76.33803,14.30678],[76.33674,14.30603],[76.336,14.30372],[76.3349,14.30256],[76.33016,14.30158],[76.32892,14.30058],[76.31859,14.30381],[76.31787,14.30593],[76.3187,14.30995],[76.31829,14.31008],[76.31814,14.3135],[76.30735,14.31793],[76.30356,14.32083],[76.29914,14.32102],[76.29538,14.32183],[76.29345,14.32263],[76.29064,14.3251],[76.28819,14.32563],[76.28834,14.33159],[76.29396,14.33226],[76.30097,14.33197],[76.30287,14.33158],[76.30282,14.3299],[76.30613,14.32984],[76.31028,14.33712],[76.31122,14.339],[76.31126,14.34072],[76.3108,14.35001],[76.30886,14.36147],[76.30961,14.36662],[76.31098,14.36928],[76.31365,14.37215],[76.31591,14.3758],[76.31828,14.37742],[76.31863,14.379],[76.32012,14.3789],[76.3206,14.381],[76.32217,14.38166],[76.32197,14.38317],[76.323,14.38362],[76.32467,14.38337],[76.32495,14.38498],[76.32671,14.38482],[76.32666,14.39198],[76.32729,14.39948],[76.32885,14.40212],[76.3314,14.40888],[76.33845,14.41501],[76.33789,14.41934],[76.34228,14.41713],[76.34927,14.41677],[76.35409,14.41958],[76.36997,14.42021],[76.37328,14.41848],[76.37819,14.41771],[76.38113,14.41974],[76.38432,14.41945],[76.38488,14.42173],[76.38325,14.4258],[76.38425,14.42769],[76.38635,14.42715],[76.38815,14.4274],[76.38843,14.42782],[76.39074,14.42754],[76.39354,14.42806],[76.393,14.43079],[76.39538,14.43053],[76.39611,14.43348],[76.39579,14.43645],[76.40252,14.4368],[76.40731,14.4361],[76.41478,14.43949],[76.41968,14.43858],[76.42415,14.43838],[76.42395,14.44957],[76.43394,14.44766],[76.43706,14.4476],[76.44009,14.4484],[76.4403,14.44806],[76.44513,14.44843],[76.44892,14.44936],[76.45117,14.4494],[76.45575,14.4507],[76.46018,14.45069]]]}},{"type":"Feature","properties":{"unitId":330,"unitName":"Chitradurga Kote PS"},"geometry":{"type":"Polygon","coordinates":[[[76.37391,14.26401],[76.37512,14.26316],[76.38371,14.26366],[76.3867,14.25531],[76.38571,14.25492],[76.38578,14.25423],[76.38686,14.25159],[76.38761,14.25174],[76.38794,14.24973],[76.38621,14.24923],[76.39018,14.24142],[76.39232,14.23873],[76.39341,14.23817],[76.39696,14.23232],[76.39771,14.22499],[76.39913,14.22167],[76.39907,14.21603],[76.40002,14.21195],[76.39917,14.21072],[76.39975,14.20903],[76.40347,14.21089],[76.40501,14.20826],[76.40494,14.20695],[76.40847,14.20574],[76.40899,14.20434],[76.41021,14.20591],[76.40991,14.20649],[76.4109,14.21063],[76.41676,14.20975],[76.41625,14.20672],[76.42076,14.20572],[76.42053,14.20477],[76.42324,14.20496],[76.42429,14.20552],[76.42828,14.20319],[76.42801,14.20168],[76.42841,14.2006],[76.42955,14.20243],[76.43053,14.20209],[76.43186,14.20241],[76.43087,14.20121],[76.4311,14.19739],[76.42994,14.1947],[76.43218,14.19118],[76.43333,14.19133],[76.43367,14.18944],[76.43,14.18557],[76.42827,14.18492],[76.42583,14.18501],[76.42557,14.18086],[76.42768,14.17765],[76.42489,14.17404],[76.42086,14.17122],[76.42052,14.17058],[76.42117,14.16911],[76.42075,14.16818],[76.42009,14.16777],[76.41617,14.16869],[76.41542,14.16731],[76.41759,14.16597],[76.41847,14.16343],[76.41805,14.16087],[76.41234,14.15542],[76.41214,14.15386],[76.40788,14.15477],[76.40754,14.15297],[76.40845,14.15221],[76.40929,14.15037],[76.40646,14.14861],[76.40492,14.14692],[76.40566,14.14599],[76.39975,14.14511],[76.39719,14.14528],[76.39048,14.14644],[76.38772,14.1474],[76.38532,14.15227],[76.38289,14.15319],[76.38165,14.15524],[76.37843,14.15874],[76.37576,14.15722],[76.37404,14.15698],[76.37302,14.15468],[76.37353,14.1543],[76.37138,14.15145],[76.36733,14.14969],[76.36581,14.14962],[76.36533,14.15093],[76.36544,14.15513],[76.3611,14.15591],[76.3581,14.15061],[76.35485,14.15148],[76.34977,14.15143],[76.34605,14.15211],[76.34336,14.1532],[76.34407,14.15465],[76.34198,14.15726],[76.34283,14.1599],[76.34249,14.16325],[76.34544,14.16826],[76.34695,14.16772],[76.34775,14.16661],[76.35055,14.16758],[76.35065,14.17012],[76.35147,14.17142],[76.352,14.17534],[76.3525,14.17602],[76.35134,14.17624],[76.35213,14.17851],[76.35349,14.17853],[76.35378,14.17734],[76.35576,14.17673],[76.35784,14.17888],[76.35815,14.18044],[76.35762,14.18262],[76.35915,14.18254],[76.36483,14.18491],[76.36578,14.18478],[76.36594,14.19589],[76.36897,14.19919],[76.36916,14.20115],[76.37043,14.20313],[76.37094,14.20228],[76.37427,14.2011],[76.37707,14.20269],[76.37825,14.2092],[76.37727,14.21004],[76.37624,14.2093],[76.37468,14.21065],[76.37552,14.21667],[76.37025,14.21787],[76.3701,14.21832],[76.37311,14.21954],[76.373,14.22004],[76.36697,14.22198],[76.3654,14.22864],[76.36394,14.2384],[76.37741,14.23477],[76.37861,14.23592],[76.37902,14.23814],[76.37624,14.23938],[76.37658,14.24013],[76.37772,14.2405],[76.38068,14.24035],[76.38083,14.23876],[76.38247,14.23873],[76.38246,14.23973],[76.38338,14.23974],[76.38332,14.24399],[76.3776,14.24521],[76.37507,14.24656],[76.37541,14.24713],[76.3747,14.24715],[76.37251,14.26347],[76.37391,14.26401]]]}},{"type":"Feature","properties":{"unitId":331,"unitName":"Kelagote Extension PS"},"geometry":{"type":"Polygon","coordinates":[[[76.41882,14.24997],[76.42212,14.24951],[76.42012,14.23229],[76.4207,14.22711],[76.42287,14.22703],[76.42263,14.22398],[76.42705,14.22395],[76.4273,14.22054],[76.42555,14.22032],[76.42542,14.21921],[76.42386,14.21922],[76.4237,14.21838],[76.42251,14.21842],[76.42256,14.21702],[76.42909,14.21719],[76.42872,14.21665],[76.42883,14.21462],[76.42806,14.21453],[76.42773,14.21112],[76.42684,14.21095],[76.42651,14.20719],[76.42549,14.20476],[76.42429,14.20552],[76.42324,14.20496],[76.42053,14.20477],[76.42076,14.20572],[76.41625,14.20672],[76.41676,14.20975],[76.4109,14.21063],[76.41017,14.20787],[76.4092,14.20785],[76.40941,14.21143],[76.40847,14.21378],[76.40909,14.21705],[76.41075,14.22083],[76.40705,14.22197],[76.40717,14.22561],[76.40774,14.22785],[76.41008,14.23124],[76.4107,14.23384],[76.40861,14.23519],[76.40396,14.23593],[76.40486,14.24578],[76.40378,14.24537],[76.40319,14.24325],[76.39884,14.24405],[76.39947,14.24722],[76.40567,14.24823],[76.41053,14.24835],[76.41882,14.24997]]]}},{"type":"Feature","properties":{"unitId":332,"unitName":"Chikkajajur PS"},"geometry":{"type":"Polygon","coordinates":[[[76.15309,14.25896],[76.15655,14.2534],[76.15874,14.24249],[76.16029,14.24219],[76.1612,14.23534],[76.16343,14.2344],[76.16537,14.22679],[76.16498,14.22677],[76.1664,14.22611],[76.16691,14.22724],[76.16756,14.22657],[76.16758,14.22412],[76.16987,14.22518],[76.16949,14.22701],[76.17152,14.22768],[76.1721,14.22948],[76.17305,14.23032],[76.17257,14.23091],[76.17287,14.23207],[76.17364,14.23286],[76.1761,14.23328],[76.17692,14.23244],[76.1792,14.23243],[76.18166,14.23156],[76.18135,14.2309],[76.18247,14.23052],[76.18373,14.23078],[76.18534,14.23046],[76.18642,14.22961],[76.18952,14.22928],[76.19062,14.22938],[76.19506,14.23147],[76.19746,14.23101],[76.2064,14.21802],[76.20928,14.21975],[76.21102,14.21828],[76.22039,14.21566],[76.2183,14.2132],[76.22135,14.20936],[76.2183,14.20093],[76.21251,14.19022],[76.20659,14.18076],[76.20775,14.17021],[76.20654,14.16697],[76.20531,14.15977],[76.20337,14.1598],[76.20228,14.15873],[76.19724,14.16266],[76.19532,14.16266],[76.19121,14.1641],[76.1902,14.16325],[76.18843,14.16529],[76.17964,14.15981],[76.17959,14.15788],[76.18088,14.15561],[76.17981,14.15015],[76.18035,14.14716],[76.17859,14.14461],[76.17734,14.14101],[76.17758,14.13999],[76.17892,14.13922],[76.17968,14.13545],[76.17848,14.13546],[76.17792,14.13486],[76.17456,14.13404],[76.16876,14.1336],[76.16857,14.13063],[76.16635,14.12867],[76.1651,14.12828],[76.16527,14.12253],[76.16896,14.12203],[76.16835,14.11935],[76.1688,14.11748],[76.17219,14.11742],[76.17302,14.11885],[76.17375,14.11894],[76.17383,14.11796],[76.17741,14.11921],[76.17764,14.11982],[76.18146,14.1196],[76.18057,14.12314],[76.17971,14.12337],[76.17982,14.12389],[76.18612,14.12444],[76.18828,14.12635],[76.18919,14.1295],[76.19031,14.12912],[76.19209,14.12959],[76.19381,14.12941],[76.19281,14.12995],[76.19249,14.13094],[76.19459,14.13136],[76.19509,14.13096],[76.19515,14.13147],[76.19644,14.13172],[76.19934,14.13385],[76.20152,14.13402],[76.20184,14.13334],[76.20258,14.1341],[76.20653,14.13357],[76.20795,14.13395],[76.20802,14.13446],[76.20974,14.13395],[76.21029,14.1347],[76.21437,14.13324],[76.21435,14.13083],[76.21475,14.1308],[76.21835,14.12534],[76.22211,14.11851],[76.22115,14.11476],[76.2267,14.10964],[76.214,14.1016],[76.21472,14.06903],[76.21597,14.05884],[76.21578,14.05562],[76.20464,14.05367],[76.20239,14.06202],[76.19948,14.06548],[76.19645,14.07197],[76.19523,14.08526],[76.19243,14.08671],[76.18514,14.08594],[76.1767,14.08618],[76.17701,14.08336],[76.17503,14.07674],[76.17274,14.07634],[76.17267,14.07507],[76.1737,14.07167],[76.16358,14.06839],[76.15592,14.06846],[76.15332,14.06889],[76.15252,14.06633],[76.15081,14.06687],[76.13813,14.07375],[76.12468,14.07844],[76.12202,14.08024],[76.11381,14.08163],[76.11294,14.07963],[76.11144,14.07917],[76.11105,14.07757],[76.10958,14.07086],[76.10967,14.06279],[76.10794,14.05604],[76.10579,14.05184],[76.10311,14.05216],[76.10257,14.05261],[76.10014,14.0524],[76.09888,14.05292],[76.09756,14.0549],[76.09511,14.05669],[76.09447,14.05851],[76.09346,14.05882],[76.09329,14.06021],[76.09186,14.06038],[76.0903,14.06269],[76.09004,14.06392],[76.08888,14.06381],[76.08753,14.06509],[76.08655,14.0651],[76.08647,14.06601],[76.08424,14.06842],[76.07854,14.06582],[76.07349,14.06456],[76.06866,14.06954],[76.0655,14.07038],[76.06618,14.07306],[76.06834,14.07274],[76.0704,14.07377],[76.0728,14.07591],[76.0753,14.07599],[76.07742,14.08274],[76.07852,14.09086],[76.07267,14.0905],[76.07215,14.09315],[76.07163,14.09248],[76.06597,14.09025],[76.05904,14.09077],[76.05474,14.08969],[76.05458,14.08913],[76.0527,14.09232],[76.05227,14.09401],[76.0502,14.09435],[76.04769,14.09721],[76.04723,14.09722],[76.0412,14.09454],[76.03695,14.09059],[76.03473,14.09046],[76.03402,14.09085],[76.03378,14.09333],[76.03274,14.09468],[76.03272,14.09558],[76.03415,14.09587],[76.03493,14.09988],[76.02547,14.10036],[76.02634,14.10446],[76.02518,14.1132],[76.02634,14.11423],[76.02699,14.11719],[76.02674,14.11801],[76.02773,14.11857],[76.02782,14.11972],[76.02958,14.12059],[76.03028,14.12006],[76.0331,14.12027],[76.03199,14.12165],[76.03218,14.12391],[76.03245,14.12427],[76.03333,14.12405],[76.03361,14.125],[76.03266,14.13444],[76.03568,14.1356],[76.04029,14.14338],[76.04662,14.14523],[76.04667,14.1503],[76.04574,14.15549],[76.06385,14.15996],[76.06345,14.16903],[76.06423,14.17144],[76.06572,14.1706],[76.06558,14.17516],[76.06502,14.17774],[76.06624,14.18149],[76.05744,14.18126],[76.05648,14.19149],[76.05669,14.19912],[76.05801,14.20265],[76.06009,14.20238],[76.06024,14.20316],[76.06318,14.20372],[76.06343,14.20561],[76.06427,14.20659],[76.06596,14.20631],[76.06495,14.20959],[76.06406,14.21593],[76.06078,14.22224],[76.06518,14.22427],[76.07255,14.2266],[76.07357,14.22982],[76.07435,14.22974],[76.07599,14.23379],[76.07738,14.23796],[76.07774,14.24277],[76.07945,14.24528],[76.07984,14.24712],[76.08889,14.24893],[76.10044,14.24905],[76.11814,14.25148],[76.12245,14.25222],[76.13036,14.25537],[76.13497,14.25605],[76.14997,14.25678],[76.15309,14.25896]]]}},{"type":"Feature","properties":{"unitId":333,"unitName":"Chitrahalli Gate PS"},"geometry":{"type":"Polygon","coordinates":[[[76.2779,14.16313],[76.27998,14.15818],[76.28166,14.14851],[76.28371,14.14653],[76.2847,14.14413],[76.28735,14.14111],[76.29036,14.13645],[76.29356,14.13485],[76.2952,14.13182],[76.30237,14.12563],[76.30418,14.12244],[76.31191,14.11896],[76.31354,14.12258],[76.31467,14.11936],[76.31542,14.11394],[76.31532,14.11186],[76.31326,14.11191],[76.31284,14.10367],[76.3153,14.09219],[76.33011,14.08882],[76.33598,14.08027],[76.34634,14.07358],[76.34744,14.07361],[76.35233,14.07767],[76.35268,14.07611],[76.35628,14.07616],[76.36509,14.07165],[76.37383,14.07006],[76.37474,14.06933],[76.37478,14.06746],[76.37617,14.06875],[76.3902,14.07007],[76.39852,14.07493],[76.40213,14.07771],[76.40431,14.07833],[76.40619,14.07742],[76.40592,14.07158],[76.41703,14.05195],[76.43353,14.05729],[76.44526,14.05676],[76.4475,14.05574],[76.44899,14.05351],[76.45088,14.05315],[76.45381,14.05488],[76.45568,14.05483],[76.45686,14.05648],[76.46128,14.05833],[76.47666,14.03408],[76.47098,14.03052],[76.46772,14.02966],[76.4673,14.03094],[76.46424,14.03019],[76.46384,14.03156],[76.46227,14.03185],[76.45951,14.0289],[76.46015,14.0277],[76.45988,14.01939],[76.4565,13.99813],[76.45497,13.99625],[76.45385,13.99647],[76.43634,14.0076],[76.43502,14.00721],[76.42331,13.99981],[76.41727,13.98918],[76.42487,13.97706],[76.42468,13.96644],[76.41648,13.95373],[76.41307,13.95649],[76.40312,13.95505],[76.39874,13.95928],[76.38339,13.95666],[76.37608,13.95601],[76.37327,13.95516],[76.37318,13.95672],[76.37399,13.95745],[76.37394,13.95822],[76.37057,13.96228],[76.36967,13.96453],[76.3702,13.96556],[76.36957,13.96734],[76.3707,13.97115],[76.36752,13.97343],[76.36633,13.97492],[76.36455,13.97491],[76.36445,13.97568],[76.3653,13.97732],[76.36376,13.97916],[76.36469,13.98128],[76.36287,13.98286],[76.36147,13.98306],[76.36005,13.98613],[76.35562,13.9859],[76.34948,13.98631],[76.33239,13.98366],[76.31883,13.98094],[76.32635,13.9599],[76.30736,13.95768],[76.30133,13.95633],[76.3002,13.95679],[76.30045,13.94565],[76.29744,13.94362],[76.29365,13.94283],[76.29023,13.94141],[76.29008,13.93787],[76.28907,13.93596],[76.28899,13.93112],[76.28594,13.92991],[76.279,13.92881],[76.27864,13.93113],[76.27718,13.93246],[76.2781,13.93442],[76.2769,13.93659],[76.27696,13.93751],[76.27531,13.93963],[76.27381,13.93992],[76.27447,13.94165],[76.27363,13.94292],[76.27522,13.94633],[76.27431,13.94795],[76.275,13.95057],[76.27395,13.9537],[76.2732,13.95432],[76.27253,13.956],[76.27308,13.95681],[76.27004,13.95654],[76.26936,13.96014],[76.2686,13.96134],[76.26831,13.95937],[76.2666,13.95896],[76.26641,13.95621],[76.26368,13.95551],[76.26227,13.95609],[76.26064,13.95728],[76.26041,13.96077],[76.25786,13.96391],[76.25831,13.96466],[76.25925,13.96467],[76.25971,13.96526],[76.2603,13.96736],[76.26095,13.96766],[76.26077,13.96832],[76.26241,13.96996],[76.26272,13.97227],[76.26361,13.97277],[76.2646,13.97524],[76.26815,13.97593],[76.26948,13.97996],[76.26404,13.99564],[76.25357,13.99321],[76.2512,13.99304],[76.24928,13.99228],[76.24415,13.99175],[76.22857,13.98675],[76.22619,13.99069],[76.22741,13.99958],[76.22708,14.00506],[76.22318,14.01114],[76.22244,14.01409],[76.22141,14.01543],[76.21988,14.0191],[76.21748,14.02185],[76.21711,14.02172],[76.21695,14.02246],[76.21627,14.02264],[76.21967,14.0271],[76.22151,14.04727],[76.22297,14.04927],[76.22396,14.04942],[76.22808,14.05388],[76.22814,14.05462],[76.23046,14.05452],[76.23059,14.0555],[76.23361,14.05565],[76.23391,14.0565],[76.23616,14.05625],[76.23801,14.05691],[76.23791,14.05814],[76.23906,14.05835],[76.239,14.05903],[76.24092,14.05953],[76.24427,14.05935],[76.24423,14.06063],[76.24557,14.06062],[76.24516,14.06269],[76.24616,14.06279],[76.24669,14.06493],[76.2535,14.06881],[76.24601,14.07097],[76.24549,14.0719],[76.24364,14.07195],[76.24329,14.07399],[76.24132,14.07463],[76.24044,14.0868],[76.23707,14.09479],[76.23604,14.10053],[76.23646,14.10074],[76.23515,14.10363],[76.22683,14.1095],[76.22115,14.11476],[76.22211,14.11851],[76.21835,14.12534],[76.21475,14.1308],[76.21435,14.13083],[76.21437,14.13324],[76.21029,14.1347],[76.21006,14.13439],[76.20173,14.14488],[76.20186,14.15408],[76.20418,14.1564],[76.20227,14.15874],[76.20337,14.1598],[76.20697,14.16017],[76.21266,14.15874],[76.21969,14.15919],[76.23337,14.15842],[76.23786,14.15897],[76.23807,14.15842],[76.2409,14.15696],[76.24652,14.15782],[76.24646,14.15887],[76.25107,14.16011],[76.25689,14.1604],[76.26182,14.16124],[76.27217,14.16416],[76.27559,14.16473],[76.2779,14.16313]]]}},{"type":"Feature","properties":{"unitId":334,"unitName":"Holalkere PS"},"geometry":{"type":"MultiPolygon","coordinates":[[[[76.23398,14.10457],[76.23487,14.10417],[76.23646,14.10074],[76.23604,14.10053],[76.23707,14.09479],[76.24044,14.0868],[76.24132,14.07463],[76.24329,14.07399],[76.24364,14.07195],[76.24549,14.0719],[76.24601,14.07097],[76.2535,14.06881],[76.24669,14.06493],[76.24616,14.06279],[76.24516,14.06269],[76.24557,14.06062],[76.24423,14.06063],[76.24427,14.05935],[76.24092,14.05953],[76.239,14.05903],[76.23906,14.05835],[76.23791,14.05814],[76.23801,14.05691],[76.23616,14.05625],[76.23391,14.0565],[76.23361,14.05565],[76.23059,14.0555],[76.23046,14.05452],[76.22814,14.05462],[76.22808,14.05388],[76.22396,14.04942],[76.22297,14.04927],[76.22151,14.04727],[76.21967,14.0271],[76.21627,14.02264],[76.21695,14.02246],[76.21711,14.02172],[76.21748,14.02185],[76.21988,14.0191],[76.22141,14.01543],[76.22244,14.01409],[76.22318,14.01114],[76.22708,14.00506],[76.22741,13.99958],[76.22619,13.99069],[76.2283,13.98734],[76.23208,13.97889],[76.23584,13.96763],[76.23658,13.96218],[76.24486,13.95414],[76.24496,13.95303],[76.23505,13.94797],[76.23619,13.94634],[76.23562,13.93939],[76.24073,13.93144],[76.23381,13.93334],[76.23128,13.93252],[76.22349,13.92804],[76.22347,13.92873],[76.22156,13.92777],[76.22001,13.92591],[76.21624,13.92504],[76.21319,13.92493],[76.21373,13.92098],[76.21355,13.9154],[76.21182,13.91574],[76.20868,13.91442],[76.20796,13.9139],[76.20643,13.91084],[76.20585,13.9107],[76.20113,13.91078],[76.19671,13.91164],[76.18978,13.9161],[76.18997,13.91806],[76.18594,13.91872],[76.1805,13.91437],[76.18055,13.90852],[76.17824,13.90879],[76.17722,13.90707],[76.17644,13.90196],[76.17294,13.89797],[76.17245,13.89443],[76.1754,13.88957],[76.17517,13.88292],[76.17556,13.8766],[76.15813,13.87455],[76.15832,13.87382],[76.14882,13.87225],[76.1504,13.86892],[76.15012,13.86505],[76.14557,13.86466],[76.14374,13.86567],[76.14182,13.86498],[76.14115,13.86408],[76.13681,13.86358],[76.13603,13.8639],[76.13603,13.86681],[76.13263,13.86265],[76.12734,13.86295],[76.12215,13.86156],[76.11127,13.86099],[76.1015,13.85869],[76.09956,13.86441],[76.09105,13.86714],[76.08748,13.87402],[76.07608,13.87905],[76.0763,13.87931],[76.06621,13.87902],[76.05362,13.87945],[76.05376,13.89243],[76.05208,13.89235],[76.05032,13.89357],[76.04907,13.8959],[76.051,13.89764],[76.03431,13.89752],[76.02851,13.89876],[76.02925,13.9204],[76.03241,13.92178],[76.03824,13.93066],[76.0448,13.94206],[76.0466,13.94076],[76.06596,13.94135],[76.06723,13.94567],[76.06884,13.94783],[76.06853,13.95432],[76.06922,13.96759],[76.07119,13.97451],[76.07238,13.98215],[76.05118,13.97875],[76.04987,13.98343],[76.04731,13.98249],[76.04363,13.98724],[76.04418,13.99008],[76.04311,13.99027],[76.04593,14.01317],[76.04805,14.01264],[76.05115,14.03008],[76.05116,14.03785],[76.04829,14.03808],[76.04848,14.04485],[76.04978,14.05494],[76.05143,14.05691],[76.05172,14.06057],[76.05405,14.06171],[76.05416,14.06704],[76.05568,14.07263],[76.05437,14.07518],[76.05356,14.0818],[76.05474,14.08969],[76.0602,14.09087],[76.06597,14.09025],[76.07163,14.09248],[76.07215,14.09315],[76.07267,14.0905],[76.07852,14.09086],[76.07742,14.08274],[76.0753,14.07599],[76.0728,14.07591],[76.0704,14.07377],[76.06834,14.07274],[76.06618,14.07306],[76.0655,14.07038],[76.06866,14.06954],[76.07349,14.06456],[76.07854,14.06582],[76.08424,14.06842],[76.08647,14.06601],[76.08655,14.0651],[76.08753,14.06509],[76.08888,14.06381],[76.09004,14.06392],[76.0903,14.06269],[76.09186,14.06038],[76.09329,14.06021],[76.09346,14.05882],[76.09447,14.05851],[76.09511,14.05669],[76.09756,14.0549],[76.09888,14.05292],[76.10014,14.0524],[76.10257,14.05261],[76.10311,14.05216],[76.10579,14.05184],[76.10794,14.05604],[76.10943,14.06109],[76.1099,14.06531],[76.10958,14.07086],[76.11144,14.07917],[76.11294,14.07963],[76.11381,14.08163],[76.12202,14.08024],[76.12468,14.07844],[76.13813,14.07375],[76.15081,14.06687],[76.15252,14.06633],[76.15332,14.06889],[76.15592,14.06846],[76.16358,14.06839],[76.1737,14.07167],[76.17267,14.07507],[76.17274,14.07634],[76.17503,14.07674],[76.17701,14.08336],[76.1767,14.08618],[76.18514,14.08594],[76.19243,14.08671],[76.19523,14.08526],[76.19645,14.07197],[76.19948,14.06548],[76.20239,14.06202],[76.20464,14.05367],[76.21578,14.05562],[76.21597,14.05884],[76.21472,14.06903],[76.214,14.1016],[76.2267,14.10964],[76.23398,14.10457]]],[[[76.18843,14.16529],[76.1902,14.16325],[76.19121,14.1641],[76.19532,14.16266],[76.19724,14.16266],[76.20227,14.15874],[76.20418,14.1564],[76.20186,14.15408],[76.20173,14.14488],[76.21006,14.13439],[76.20974,14.13395],[76.20802,14.13446],[76.20795,14.13395],[76.20653,14.13357],[76.20258,14.1341],[76.20184,14.13334],[76.20152,14.13402],[76.19934,14.13385],[76.19644,14.13172],[76.19515,14.13147],[76.19509,14.13096],[76.19459,14.13136],[76.19249,14.13094],[76.19281,14.12995],[76.19381,14.12941],[76.19209,14.12959],[76.19031,14.12912],[76.18919,14.1295],[76.18828,14.12635],[76.18612,14.12444],[76.17982,14.12389],[76.17971,14.12337],[76.18057,14.12314],[76.18146,14.1196],[76.17813,14.11992],[76.17578,14.11843],[76.17383,14.11796],[76.17375,14.11894],[76.17302,14.11885],[76.17219,14.11742],[76.1688,14.11748],[76.16835,14.11935],[76.16896,14.12203],[76.16527,14.12253],[76.1651,14.12828],[76.16635,14.12867],[76.16857,14.13063],[76.16876,14.1336],[76.17456,14.13404],[76.17792,14.13486],[76.17848,14.13546],[76.17968,14.13545],[76.17892,14.13922],[76.17758,14.13999],[76.17734,14.14101],[76.17859,14.14461],[76.18035,14.14716],[76.17981,14.15015],[76.18088,14.15561],[76.17959,14.15788],[76.17964,14.15981],[76.18843,14.16529]]]]}},{"type":"Feature","properties":{"unitId":335,"unitName":"Hiriyur Rural PS"},"geometry":{"type":"Polygon","coordinates":[[[76.67287,14.03293],[76.67479,14.02868],[76.67826,14.0286],[76.67931,14.02973],[76.68085,14.03009],[76.68536,14.02939],[76.69149,14.03178],[76.69038,14.02472],[76.68997,14.01106],[76.69661,14.00748],[76.70301,14.00825],[76.70683,14.00798],[76.71326,14.00646],[76.71241,13.99684],[76.71404,13.98924],[76.71364,13.98138],[76.71433,13.97706],[76.72033,13.97622],[76.73212,13.97875],[76.73679,13.97846],[76.73914,13.97483],[76.73958,13.96721],[76.73871,13.96058],[76.73965,13.95744],[76.73674,13.95738],[76.73679,13.95277],[76.73823,13.94461],[76.73383,13.94402],[76.72986,13.94238],[76.72705,13.93911],[76.72467,13.9333],[76.72372,13.93205],[76.72486,13.92874],[76.72594,13.92722],[76.72675,13.92324],[76.72564,13.91963],[76.7275,13.91323],[76.73131,13.91128],[76.73403,13.91348],[76.73602,13.91421],[76.74296,13.91441],[76.74966,13.91614],[76.74941,13.91576],[76.75164,13.91046],[76.75256,13.90696],[76.73614,13.90337],[76.7228,13.89875],[76.72124,13.89522],[76.72296,13.89059],[76.72883,13.8815],[76.73048,13.88094],[76.73115,13.88133],[76.73397,13.8764],[76.73504,13.8739],[76.73528,13.87083],[76.73648,13.86854],[76.74065,13.86503],[76.74568,13.85745],[76.74889,13.8541],[76.74942,13.85377],[76.75164,13.855],[76.75271,13.85484],[76.75282,13.85379],[76.75096,13.85187],[76.75141,13.85088],[76.76183,13.83546],[76.76326,13.83494],[76.76579,13.83559],[76.76905,13.83729],[76.76699,13.834],[76.7666,13.83037],[76.76456,13.82189],[76.76366,13.82171],[76.76529,13.81636],[76.76577,13.81267],[76.76895,13.8054],[76.76955,13.79647],[76.76745,13.79334],[76.76465,13.78212],[76.75961,13.78146],[76.75608,13.7829],[76.73057,13.7841],[76.72941,13.78919],[76.7284,13.79001],[76.7271,13.79225],[76.72693,13.794],[76.7279,13.79697],[76.72417,13.79929],[76.7241,13.79979],[76.7196,13.79772],[76.71769,13.79598],[76.71694,13.79462],[76.71683,13.79157],[76.71533,13.79052],[76.71497,13.78957],[76.71487,13.78571],[76.70829,13.78237],[76.70731,13.77845],[76.70595,13.77657],[76.70377,13.77636],[76.70151,13.77515],[76.69745,13.76992],[76.69726,13.76581],[76.69475,13.76418],[76.69448,13.76329],[76.69498,13.76172],[76.69758,13.76049],[76.69605,13.75872],[76.6955,13.75523],[76.69146,13.75145],[76.68998,13.74886],[76.68983,13.74715],[76.68763,13.74582],[76.68392,13.72911],[76.68895,13.7273],[76.68824,13.72649],[76.68828,13.71819],[76.68417,13.69154],[76.67842,13.69756],[76.67768,13.69991],[76.67234,13.70534],[76.67334,13.71809],[76.66268,13.72146],[76.65647,13.71929],[76.64719,13.71695],[76.64192,13.71496],[76.63139,13.71355],[76.63003,13.71546],[76.62722,13.72324],[76.62486,13.7252],[76.62593,13.72878],[76.62448,13.7339],[76.62077,13.73437],[76.61335,13.72913],[76.61481,13.72719],[76.6085,13.72345],[76.60269,13.7255],[76.59995,13.72498],[76.59835,13.72399],[76.59649,13.72047],[76.5858,13.71871],[76.57701,13.71442],[76.57234,13.71023],[76.56888,13.71326],[76.56961,13.71027],[76.57306,13.70493],[76.57722,13.6903],[76.57379,13.68691],[76.56896,13.68936],[76.56471,13.68449],[76.56111,13.68396],[76.56008,13.68809],[76.55329,13.69255],[76.55308,13.69453],[76.54735,13.70148],[76.53971,13.71415],[76.53289,13.72745],[76.52493,13.73805],[76.52092,13.74525],[76.51422,13.76229],[76.51371,13.76258],[76.51507,13.7663],[76.51331,13.79894],[76.51212,13.80053],[76.51116,13.80048],[76.50662,13.81206],[76.5058,13.81873],[76.50549,13.82755],[76.50319,13.84387],[76.50072,13.84915],[76.49693,13.85954],[76.49145,13.86952],[76.48927,13.87551],[76.49048,13.88582],[76.49143,13.88601],[76.48979,13.88901],[76.48977,13.89054],[76.48755,13.89615],[76.48388,13.90252],[76.48223,13.90462],[76.48144,13.90426],[76.48007,13.90948],[76.47743,13.91503],[76.46577,13.934],[76.46718,13.94398],[76.46596,13.94476],[76.46671,13.9474],[76.48538,13.95106],[76.48802,13.94998],[76.49575,13.95114],[76.49946,13.9512],[76.5084,13.95306],[76.50917,13.95253],[76.50966,13.95054],[76.5136,13.9513],[76.5133,13.9541],[76.51679,13.95489],[76.51458,13.97685],[76.50591,13.97502],[76.50284,13.98141],[76.50258,13.98326],[76.49585,13.99699],[76.49614,14.00925],[76.49915,14.01095],[76.53035,14.01768],[76.54415,14.01764],[76.54396,14.01849],[76.54552,14.02057],[76.54663,14.02387],[76.54708,14.02402],[76.54812,14.0327],[76.55,14.0316],[76.55928,14.02877],[76.5677,14.02521],[76.56961,14.03303],[76.56915,14.03518],[76.57548,14.03532],[76.581,14.03739],[76.58863,14.04219],[76.59256,14.02886],[76.60208,14.02811],[76.61137,14.03009],[76.62045,14.0313],[76.62193,14.0317],[76.62377,14.03299],[76.63475,14.03485],[76.64636,14.03926],[76.65147,14.03946],[76.66179,14.0418],[76.66179,14.0422],[76.67037,14.04348],[76.67185,14.03581],[76.67287,14.03293]],[[76.60636,13.95234],[76.59877,13.95101],[76.5978,13.94858],[76.59772,13.94655],[76.59938,13.9411],[76.60087,13.92209],[76.60763,13.92467],[76.61043,13.92414],[76.61476,13.92414],[76.61486,13.92268],[76.61761,13.92123],[76.61871,13.92111],[76.61974,13.91875],[76.63284,13.91895],[76.63781,13.9176],[76.64089,13.92332],[76.64435,13.9246],[76.64185,13.92878],[76.63871,13.93575],[76.63769,13.9392],[76.6369,13.94862],[76.62709,13.9479],[76.62689,13.95099],[76.62819,13.9515],[76.62804,13.95224],[76.62219,13.95137],[76.62077,13.9532],[76.61729,13.96051],[76.61498,13.96301],[76.61497,13.96456],[76.61064,13.96332],[76.61002,13.96245],[76.6094,13.9603],[76.60988,13.95792],[76.61094,13.95612],[76.60756,13.95423],[76.60746,13.95339],[76.60636,13.95234]]]}},{"type":"Feature","properties":{"unitId":336,"unitName":"Hiriyur Town PS"},"geometry":{"type":"Polygon","coordinates":[[[76.62167,13.95213],[76.62219,13.95137],[76.62804,13.95224],[76.62819,13.9515],[76.62689,13.95099],[76.62709,13.9479],[76.6369,13.94862],[76.63769,13.9392],[76.63871,13.93575],[76.64185,13.92878],[76.64435,13.9246],[76.64089,13.92332],[76.63781,13.9176],[76.63284,13.91895],[76.61974,13.91875],[76.61871,13.92111],[76.61761,13.92123],[76.61486,13.92268],[76.61476,13.92414],[76.61043,13.92414],[76.60763,13.92467],[76.60087,13.92209],[76.59938,13.9411],[76.59772,13.94655],[76.5978,13.94858],[76.59877,13.95101],[76.60636,13.95234],[76.60746,13.95339],[76.60756,13.95423],[76.61039,13.95565],[76.61094,13.95612],[76.60988,13.95792],[76.6094,13.9603],[76.61002,13.96245],[76.61064,13.96332],[76.61497,13.96456],[76.61498,13.96301],[76.61729,13.96051],[76.61972,13.9552],[76.62167,13.95213]]]}},{"type":"Feature","properties":{"unitId":337,"unitName":"Hosadurga PS"},"geometry":{"type":"Polygon","coordinates":[[[76.48181,13.95667],[76.48479,13.95307],[76.48538,13.95106],[76.46671,13.9474],[76.46596,13.94476],[76.46718,13.94398],[76.46577,13.934],[76.47743,13.91503],[76.48007,13.90948],[76.48144,13.90426],[76.48223,13.90462],[76.48388,13.90252],[76.48755,13.89615],[76.48977,13.89054],[76.48979,13.88901],[76.49143,13.88601],[76.49048,13.88582],[76.48927,13.87551],[76.49145,13.86952],[76.49693,13.85954],[76.49872,13.85451],[76.49204,13.85732],[76.48339,13.85852],[76.48576,13.85165],[76.48781,13.84906],[76.48699,13.84771],[76.48614,13.84854],[76.48429,13.84812],[76.4818,13.84631],[76.48058,13.84402],[76.48003,13.83955],[76.48333,13.83268],[76.48438,13.82885],[76.48307,13.82719],[76.48178,13.82661],[76.48201,13.82792],[76.48003,13.82955],[76.47776,13.83431],[76.4735,13.8353],[76.47269,13.83505],[76.47341,13.83311],[76.4718,13.82983],[76.47208,13.82495],[76.47292,13.82353],[76.47748,13.82242],[76.48035,13.82401],[76.48119,13.82042],[76.47845,13.82219],[76.47788,13.82117],[76.4748,13.82067],[76.47362,13.81557],[76.47275,13.81604],[76.47083,13.815],[76.47126,13.81375],[76.47249,13.81432],[76.4729,13.81387],[76.47246,13.8118],[76.47366,13.80922],[76.47297,13.80921],[76.47271,13.81009],[76.47207,13.80979],[76.47053,13.81333],[76.46997,13.81326],[76.46852,13.81495],[76.46975,13.82188],[76.46834,13.82275],[76.46595,13.82301],[76.4654,13.81846],[76.46447,13.81722],[76.46297,13.81713],[76.46234,13.81764],[76.46252,13.81854],[76.46147,13.82132],[76.45754,13.82354],[76.45822,13.82498],[76.46035,13.82611],[76.46117,13.82733],[76.46119,13.8283],[76.46018,13.8282],[76.45789,13.8313],[76.45878,13.83231],[76.45952,13.83197],[76.45978,13.83349],[76.45913,13.83571],[76.45828,13.83565],[76.45749,13.83275],[76.45708,13.83276],[76.45684,13.83034],[76.45513,13.82996],[76.45375,13.82869],[76.45203,13.82951],[76.45146,13.82788],[76.45035,13.82746],[76.45085,13.82586],[76.45505,13.82282],[76.45655,13.8189],[76.45627,13.81749],[76.45495,13.81632],[76.45467,13.81823],[76.45201,13.81845],[76.45076,13.8191],[76.44904,13.81857],[76.44899,13.81762],[76.4499,13.81543],[76.45158,13.81359],[76.45122,13.81294],[76.4504,13.81251],[76.44818,13.81272],[76.44555,13.81498],[76.44615,13.81044],[76.44397,13.81115],[76.44382,13.81201],[76.44131,13.81275],[76.44116,13.81242],[76.43718,13.81522],[76.43691,13.8093],[76.43525,13.80919],[76.43179,13.81131],[76.42953,13.8138],[76.42916,13.81157],[76.4303,13.80521],[76.43292,13.80299],[76.43337,13.80461],[76.4362,13.80462],[76.43854,13.80589],[76.43752,13.80348],[76.43916,13.80282],[76.43841,13.799],[76.4281,13.79918],[76.42825,13.79742],[76.42912,13.79584],[76.43011,13.79511],[76.42778,13.79502],[76.42975,13.79108],[76.42944,13.78976],[76.42855,13.78967],[76.42373,13.79346],[76.42183,13.80116],[76.41927,13.80422],[76.41896,13.80895],[76.41823,13.81165],[76.41719,13.81328],[76.41447,13.8139],[76.41296,13.81836],[76.41014,13.82407],[76.40928,13.82749],[76.40722,13.82838],[76.40384,13.82354],[76.40335,13.82095],[76.40268,13.82014],[76.4023,13.81511],[76.40131,13.81404],[76.39915,13.81319],[76.39776,13.81403],[76.39711,13.81303],[76.39673,13.80724],[76.39346,13.80759],[76.39123,13.81035],[76.39071,13.81033],[76.38987,13.80855],[76.3906,13.80513],[76.39265,13.80283],[76.39517,13.80246],[76.39705,13.80153],[76.39784,13.80025],[76.39742,13.79845],[76.39633,13.79768],[76.39408,13.79767],[76.3927,13.79716],[76.39199,13.79658],[76.39169,13.79546],[76.39449,13.79308],[76.39492,13.79192],[76.39625,13.7906],[76.39624,13.78713],[76.39538,13.7874],[76.39431,13.78592],[76.39295,13.78796],[76.39207,13.78839],[76.39057,13.78752],[76.38694,13.79015],[76.38402,13.79457],[76.38319,13.79493],[76.38134,13.79334],[76.38094,13.79123],[76.379,13.79005],[76.37848,13.78909],[76.37803,13.7875],[76.3784,13.78638],[76.38154,13.78353],[76.38195,13.78223],[76.38072,13.7806],[76.38116,13.77925],[76.38009,13.77892],[76.37915,13.77661],[76.37973,13.775],[76.38047,13.77436],[76.38272,13.77386],[76.38397,13.77238],[76.38509,13.77053],[76.38481,13.76943],[76.38288,13.76874],[76.37972,13.76953],[76.37961,13.76853],[76.37682,13.77136],[76.37466,13.7718],[76.37161,13.76773],[76.37107,13.76768],[76.37055,13.76407],[76.37155,13.76238],[76.36605,13.76246],[76.36621,13.76371],[76.36497,13.76522],[76.36396,13.76554],[76.36294,13.76454],[76.36277,13.76271],[76.35962,13.75685],[76.35977,13.75389],[76.36076,13.74991],[76.36145,13.74899],[76.36371,13.74688],[76.36488,13.74705],[76.36486,13.74553],[76.36795,13.74374],[76.36803,13.74306],[76.36622,13.74288],[76.36514,13.74045],[76.36209,13.74214],[76.36153,13.74193],[76.36257,13.73857],[76.35985,13.7376],[76.36066,13.74007],[76.35659,13.74602],[76.35607,13.74611],[76.35606,13.74704],[76.35531,13.74709],[76.35418,13.74848],[76.35324,13.74851],[76.35118,13.74699],[76.35175,13.74886],[76.35053,13.74943],[76.35059,13.74994],[76.34927,13.75007],[76.34994,13.74912],[76.34938,13.748],[76.34758,13.747],[76.34732,13.74812],[76.34625,13.74872],[76.34067,13.74785],[76.34059,13.74849],[76.33945,13.74819],[76.33909,13.74865],[76.3361,13.74767],[76.33559,13.75067],[76.33919,13.75159],[76.34108,13.7517],[76.34226,13.75114],[76.34158,13.75286],[76.34187,13.75683],[76.34001,13.75749],[76.33413,13.75816],[76.33391,13.7616],[76.33187,13.76314],[76.32874,13.76374],[76.32691,13.76205],[76.32255,13.75588],[76.31783,13.75339],[76.31502,13.75083],[76.30803,13.7461],[76.30585,13.74414],[76.30472,13.74197],[76.30311,13.74023],[76.29888,13.73931],[76.29341,13.74009],[76.29156,13.73693],[76.28692,13.73369],[76.2835,13.72684],[76.28257,13.72606],[76.27708,13.72513],[76.27516,13.72281],[76.27433,13.72092],[76.27301,13.7216],[76.27016,13.71487],[76.27174,13.69676],[76.27543,13.69333],[76.26731,13.68522],[76.26691,13.68702],[76.26265,13.69327],[76.25929,13.70491],[76.25106,13.69986],[76.24541,13.69901],[76.24206,13.69714],[76.24014,13.68991],[76.23925,13.68872],[76.23308,13.68681],[76.23197,13.68282],[76.2308,13.68076],[76.22857,13.67992],[76.22555,13.68036],[76.2232,13.68271],[76.22142,13.68257],[76.22083,13.68322],[76.22076,13.69754],[76.21952,13.71014],[76.21434,13.71146],[76.20725,13.71249],[76.19463,13.71196],[76.18291,13.71641],[76.17977,13.71654],[76.17161,13.71976],[76.17098,13.72435],[76.16967,13.72811],[76.1607,13.73092],[76.15793,13.73089],[76.14898,13.73263],[76.14773,13.74369],[76.14777,13.75116],[76.13348,13.78523],[76.13203,13.80079],[76.131,13.80476],[76.13041,13.80478],[76.13018,13.81143],[76.12948,13.81453],[76.12674,13.81285],[76.12423,13.81224],[76.11563,13.8124],[76.11513,13.81541],[76.1133,13.81934],[76.11038,13.82231],[76.10948,13.82529],[76.10676,13.82929],[76.10701,13.83235],[76.10387,13.83793],[76.10161,13.85872],[76.11127,13.86099],[76.12215,13.86156],[76.12734,13.86295],[76.13263,13.86265],[76.13603,13.86681],[76.13603,13.8639],[76.13681,13.86358],[76.14115,13.86408],[76.14182,13.86498],[76.14374,13.86567],[76.14557,13.86466],[76.15012,13.86505],[76.1504,13.86892],[76.14882,13.87225],[76.15832,13.87382],[76.15813,13.87455],[76.17556,13.8766],[76.17517,13.88292],[76.1754,13.88957],[76.17245,13.89443],[76.17294,13.89797],[76.17644,13.90196],[76.17722,13.90707],[76.17824,13.90879],[76.18055,13.90852],[76.1805,13.91437],[76.18134,13.91515],[76.18599,13.91875],[76.18997,13.91806],[76.18978,13.9161],[76.19671,13.91164],[76.20113,13.91078],[76.20643,13.91084],[76.20796,13.9139],[76.20868,13.91442],[76.21182,13.91574],[76.21355,13.9154],[76.21373,13.92098],[76.21319,13.92493],[76.21624,13.92504],[76.22001,13.92591],[76.22156,13.92777],[76.22347,13.92873],[76.22349,13.92804],[76.23128,13.93252],[76.23381,13.93334],[76.24073,13.93144],[76.23562,13.93939],[76.23619,13.94634],[76.23505,13.94797],[76.24496,13.95303],[76.24486,13.95414],[76.23658,13.96218],[76.23584,13.96763],[76.23208,13.97889],[76.22857,13.98675],[76.24415,13.99175],[76.24928,13.99228],[76.2512,13.99304],[76.25357,13.99321],[76.26404,13.99564],[76.26948,13.97996],[76.26815,13.97593],[76.2646,13.97524],[76.26361,13.97277],[76.26272,13.97227],[76.26241,13.96996],[76.26077,13.96832],[76.26095,13.96766],[76.2603,13.96736],[76.25971,13.96526],[76.25925,13.96467],[76.25831,13.96466],[76.25786,13.96391],[76.26041,13.96077],[76.26064,13.95728],[76.26227,13.95609],[76.26368,13.95551],[76.26641,13.95621],[76.2666,13.95896],[76.26831,13.95937],[76.2686,13.96134],[76.26936,13.96014],[76.27004,13.95654],[76.27308,13.95681],[76.27253,13.956],[76.2732,13.95432],[76.27395,13.9537],[76.275,13.95057],[76.27431,13.94795],[76.27522,13.94633],[76.27363,13.94292],[76.27447,13.94165],[76.27381,13.93992],[76.27531,13.93963],[76.27696,13.93751],[76.2769,13.93659],[76.2781,13.93442],[76.27718,13.93246],[76.27864,13.93113],[76.279,13.92881],[76.28594,13.92991],[76.28899,13.93112],[76.28907,13.93596],[76.29008,13.93787],[76.29023,13.94141],[76.29365,13.94283],[76.29744,13.94362],[76.30045,13.94565],[76.3002,13.95679],[76.30133,13.95633],[76.30736,13.95768],[76.32635,13.9599],[76.31883,13.98094],[76.33239,13.98366],[76.34948,13.98631],[76.35562,13.9859],[76.36005,13.98613],[76.36147,13.98306],[76.36287,13.98286],[76.36469,13.98128],[76.36376,13.97916],[76.3653,13.97732],[76.36445,13.97568],[76.36455,13.97491],[76.36633,13.97492],[76.36752,13.97343],[76.3707,13.97115],[76.36957,13.96734],[76.3702,13.96556],[76.36967,13.96453],[76.37057,13.96228],[76.37394,13.95822],[76.37399,13.95745],[76.37318,13.95672],[76.37327,13.95516],[76.37608,13.95601],[76.38339,13.95666],[76.39874,13.95928],[76.40312,13.95505],[76.41307,13.95649],[76.41648,13.95373],[76.42468,13.96644],[76.42487,13.97706],[76.41727,13.98918],[76.42331,13.99981],[76.43502,14.00721],[76.43634,14.0076],[76.45385,13.99647],[76.46345,13.99482],[76.46674,13.98897],[76.47004,13.98546],[76.47516,13.97741],[76.47462,13.97517],[76.4748,13.97261],[76.47809,13.95935],[76.48181,13.95667]]]}},{"type":"Feature","properties":{"unitId":338,"unitName":"Srirampura PS"},"geometry":{"type":"Polygon","coordinates":[[[76.50131,13.84791],[76.50319,13.84387],[76.50549,13.82755],[76.5058,13.81873],[76.50662,13.81206],[76.51116,13.80048],[76.51212,13.80053],[76.51331,13.79894],[76.51507,13.7663],[76.51371,13.76258],[76.51422,13.76229],[76.52092,13.74525],[76.52493,13.73805],[76.53289,13.72745],[76.53971,13.71415],[76.54735,13.70148],[76.55308,13.69453],[76.55329,13.69255],[76.56008,13.68809],[76.56111,13.68396],[76.55608,13.68305],[76.55327,13.68129],[76.5529,13.67898],[76.54968,13.67731],[76.54772,13.67314],[76.54264,13.66784],[76.53957,13.66351],[76.53185,13.66825],[76.52844,13.66687],[76.52897,13.66383],[76.5283,13.6623],[76.53199,13.65625],[76.53418,13.65384],[76.53454,13.65011],[76.52744,13.64829],[76.51799,13.64133],[76.51764,13.63631],[76.51596,13.63408],[76.51495,13.63415],[76.51449,13.63323],[76.51233,13.6316],[76.49715,13.62844],[76.49994,13.62242],[76.49655,13.6229],[76.48932,13.62283],[76.48006,13.62204],[76.47635,13.62098],[76.46095,13.62009],[76.45644,13.61351],[76.45555,13.61293],[76.4553,13.61142],[76.4563,13.61039],[76.45602,13.60466],[76.4568,13.60464],[76.45673,13.60353],[76.45849,13.60303],[76.4588,13.60053],[76.46046,13.60061],[76.45812,13.5974],[76.4554,13.5953],[76.45449,13.59078],[76.44812,13.59101],[76.44567,13.5924],[76.43941,13.59412],[76.43915,13.59352],[76.4372,13.59336],[76.43431,13.59392],[76.42925,13.59238],[76.42774,13.59081],[76.42558,13.58274],[76.42411,13.58089],[76.41892,13.57852],[76.41277,13.57834],[76.40936,13.58005],[76.40838,13.58343],[76.40576,13.5882],[76.40478,13.59096],[76.40292,13.59215],[76.40183,13.59221],[76.40205,13.59345],[76.39968,13.594],[76.39954,13.59489],[76.39815,13.59468],[76.39794,13.591],[76.39735,13.59059],[76.39436,13.59036],[76.39223,13.59071],[76.39009,13.58695],[76.38539,13.58069],[76.38151,13.57748],[76.37878,13.58906],[76.37296,13.59222],[76.36804,13.58987],[76.36179,13.58588],[76.35848,13.58279],[76.35925,13.58276],[76.35442,13.58062],[76.34724,13.5764],[76.342,13.57636],[76.33971,13.57837],[76.33912,13.58228],[76.33303,13.59569],[76.33087,13.59485],[76.32167,13.59389],[76.30655,13.59126],[76.3056,13.59082],[76.3043,13.58886],[76.30088,13.58876],[76.29985,13.58914],[76.30003,13.58975],[76.29777,13.59012],[76.29768,13.58907],[76.29696,13.59025],[76.29235,13.59042],[76.29311,13.59171],[76.29374,13.5915],[76.29341,13.59211],[76.29208,13.59244],[76.29217,13.59316],[76.29332,13.59382],[76.29061,13.59599],[76.28905,13.59478],[76.28782,13.59499],[76.28734,13.59894],[76.28683,13.59967],[76.28569,13.60049],[76.282,13.60129],[76.28178,13.60275],[76.28263,13.60608],[76.27971,13.60619],[76.27835,13.60753],[76.27727,13.6078],[76.27667,13.60692],[76.27702,13.6047],[76.27635,13.6037],[76.2737,13.60467],[76.27317,13.60522],[76.27278,13.60734],[76.2737,13.60904],[76.27618,13.61134],[76.27648,13.61363],[76.27585,13.61529],[76.27529,13.62179],[76.27675,13.62296],[76.27893,13.62312],[76.27952,13.62367],[76.27888,13.62863],[76.28087,13.63125],[76.28116,13.63281],[76.28002,13.63483],[76.27989,13.6362],[76.28008,13.63665],[76.28266,13.63747],[76.28318,13.63807],[76.28404,13.64118],[76.28656,13.64352],[76.28589,13.64561],[76.28699,13.64735],[76.28204,13.64796],[76.28205,13.64908],[76.2631,13.64909],[76.26282,13.65281],[76.25427,13.66268],[76.24488,13.66596],[76.24443,13.66738],[76.24181,13.66778],[76.23929,13.6734],[76.23475,13.67798],[76.23231,13.6782],[76.23122,13.68134],[76.23271,13.68628],[76.23397,13.68729],[76.23925,13.68872],[76.24014,13.68991],[76.24206,13.69714],[76.24541,13.69901],[76.25106,13.69986],[76.25957,13.70486],[76.26265,13.69327],[76.26691,13.68702],[76.26731,13.68522],[76.27543,13.69333],[76.27174,13.69676],[76.27016,13.71487],[76.27301,13.7216],[76.27433,13.72092],[76.27516,13.72281],[76.27708,13.72513],[76.28257,13.72606],[76.2835,13.72684],[76.28692,13.73369],[76.29156,13.73693],[76.29341,13.74009],[76.29888,13.73931],[76.30311,13.74023],[76.30472,13.74197],[76.30585,13.74414],[76.30803,13.7461],[76.31502,13.75083],[76.31783,13.75339],[76.32255,13.75588],[76.32691,13.76205],[76.32874,13.76374],[76.33187,13.76314],[76.33391,13.7616],[76.33413,13.75816],[76.34001,13.75749],[76.34187,13.75683],[76.34158,13.75286],[76.34226,13.75114],[76.34108,13.7517],[76.33919,13.75159],[76.33559,13.75067],[76.3361,13.74767],[76.33909,13.74865],[76.33945,13.74819],[76.34059,13.74849],[76.34067,13.74785],[76.34625,13.74872],[76.34732,13.74812],[76.34758,13.747],[76.34938,13.748],[76.34994,13.74912],[76.34927,13.75007],[76.35059,13.74994],[76.35053,13.74943],[76.35175,13.74886],[76.35118,13.74699],[76.35324,13.74851],[76.35418,13.74848],[76.35531,13.74709],[76.35606,13.74704],[76.35607,13.74611],[76.35659,13.74602],[76.36066,13.74007],[76.35985,13.7376],[76.36257,13.73857],[76.36153,13.74193],[76.36209,13.74214],[76.36514,13.74045],[76.36622,13.74288],[76.36803,13.74306],[76.36795,13.74374],[76.36486,13.74553],[76.36488,13.74705],[76.36371,13.74688],[76.36223,13.74797],[76.36076,13.74991],[76.35972,13.75411],[76.35962,13.75685],[76.36277,13.76271],[76.36294,13.76454],[76.36396,13.76554],[76.36497,13.76522],[76.36621,13.76371],[76.36605,13.76246],[76.37155,13.76238],[76.37055,13.76407],[76.37107,13.76768],[76.37161,13.76773],[76.37466,13.7718],[76.37682,13.77136],[76.37961,13.76853],[76.37972,13.76953],[76.38288,13.76874],[76.38481,13.76943],[76.38509,13.77053],[76.38397,13.77238],[76.38272,13.77386],[76.38047,13.77436],[76.37973,13.775],[76.37915,13.77661],[76.38009,13.77892],[76.38116,13.77925],[76.38072,13.7806],[76.38195,13.78223],[76.38154,13.78353],[76.3784,13.78638],[76.37803,13.7875],[76.37848,13.78909],[76.379,13.79005],[76.38094,13.79123],[76.38134,13.79334],[76.38319,13.79493],[76.38402,13.79457],[76.38694,13.79015],[76.39057,13.78752],[76.39207,13.78839],[76.39295,13.78796],[76.39431,13.78592],[76.39538,13.7874],[76.39624,13.78713],[76.39625,13.7906],[76.39492,13.79192],[76.39449,13.79308],[76.39169,13.79546],[76.39199,13.79658],[76.3927,13.79716],[76.39408,13.79767],[76.39633,13.79768],[76.39742,13.79845],[76.39784,13.80025],[76.39705,13.80153],[76.39517,13.80246],[76.39265,13.80283],[76.3906,13.80513],[76.38987,13.80855],[76.39071,13.81033],[76.39123,13.81035],[76.39346,13.80759],[76.39673,13.80724],[76.39711,13.81303],[76.39776,13.81403],[76.39915,13.81319],[76.40131,13.81404],[76.4023,13.81511],[76.40268,13.82014],[76.40335,13.82095],[76.40384,13.82354],[76.40722,13.82838],[76.40928,13.82749],[76.41014,13.82407],[76.41296,13.81836],[76.41447,13.8139],[76.41719,13.81328],[76.41823,13.81165],[76.41896,13.80895],[76.41927,13.80422],[76.42183,13.80116],[76.42373,13.79346],[76.42808,13.78993],[76.42944,13.78976],[76.42975,13.79108],[76.42778,13.79502],[76.43011,13.79511],[76.42912,13.79584],[76.42825,13.79742],[76.4281,13.79918],[76.43841,13.799],[76.43916,13.80282],[76.43752,13.80348],[76.43854,13.80589],[76.4362,13.80462],[76.43337,13.80461],[76.43292,13.80299],[76.4303,13.80521],[76.42916,13.81157],[76.42953,13.8138],[76.43179,13.81131],[76.43525,13.80919],[76.43691,13.8093],[76.43718,13.81522],[76.44116,13.81242],[76.44131,13.81275],[76.44382,13.81201],[76.44397,13.81115],[76.44615,13.81044],[76.44555,13.81498],[76.44818,13.81272],[76.4504,13.81251],[76.45122,13.81294],[76.45158,13.81359],[76.4499,13.81543],[76.44899,13.81762],[76.44904,13.81857],[76.45076,13.8191],[76.45201,13.81845],[76.45467,13.81823],[76.45495,13.81632],[76.45627,13.81749],[76.45655,13.8189],[76.45505,13.82282],[76.45085,13.82586],[76.45035,13.82746],[76.45146,13.82788],[76.45203,13.82951],[76.45375,13.82869],[76.45513,13.82996],[76.45684,13.83034],[76.45708,13.83276],[76.45749,13.83275],[76.45828,13.83565],[76.45913,13.83571],[76.45978,13.83349],[76.45952,13.83197],[76.45878,13.83231],[76.45789,13.8313],[76.46018,13.8282],[76.46119,13.8283],[76.46117,13.82733],[76.46035,13.82611],[76.45822,13.82498],[76.45754,13.82354],[76.46147,13.82132],[76.46252,13.81854],[76.46234,13.81764],[76.46297,13.81713],[76.46447,13.81722],[76.4654,13.81846],[76.46595,13.82301],[76.46834,13.82275],[76.46975,13.82188],[76.46852,13.81495],[76.46997,13.81326],[76.47053,13.81333],[76.47207,13.80979],[76.47271,13.81009],[76.47297,13.80921],[76.47366,13.80922],[76.47246,13.8118],[76.4729,13.81387],[76.47249,13.81432],[76.47126,13.81375],[76.47083,13.815],[76.47275,13.81604],[76.47362,13.81557],[76.4748,13.82067],[76.47788,13.82117],[76.47845,13.82219],[76.48119,13.82042],[76.48035,13.82401],[76.47748,13.82242],[76.47292,13.82353],[76.47208,13.82495],[76.4718,13.82983],[76.47341,13.83311],[76.47269,13.83505],[76.4735,13.8353],[76.47776,13.83431],[76.48003,13.82955],[76.48201,13.82792],[76.48178,13.82661],[76.48307,13.82719],[76.48438,13.82885],[76.48333,13.83268],[76.48003,13.83955],[76.48058,13.84402],[76.4818,13.84631],[76.48429,13.84812],[76.48614,13.84854],[76.48699,13.84771],[76.48781,13.84906],[76.48576,13.85165],[76.48339,13.85852],[76.49204,13.85732],[76.49872,13.85451],[76.50131,13.84791]]]}},{"type":"Feature","properties":{"unitId":339,"unitName":"Imangala PS"},"geometry":{"type":"Polygon","coordinates":[[[76.60514,14.20258],[76.61153,14.1936],[76.61064,14.19333],[76.61048,14.18842],[76.61199,14.1854],[76.61331,14.1812],[76.6208,14.18253],[76.63371,14.18722],[76.63597,14.18863],[76.63998,14.18883],[76.64139,14.18357],[76.64189,14.17882],[76.63927,14.16685],[76.63698,14.15944],[76.63651,14.15943],[76.63661,14.15703],[76.6392,14.15502],[76.64156,14.15207],[76.64199,14.15033],[76.64207,14.14188],[76.64549,14.1412],[76.66128,14.14175],[76.66123,14.14503],[76.66301,14.14508],[76.66941,14.14462],[76.68198,14.14199],[76.68575,14.14204],[76.68709,14.14154],[76.68804,14.13853],[76.68874,14.12942],[76.68759,14.11788],[76.68272,14.11653],[76.68059,14.10935],[76.68035,14.10621],[76.67917,14.10573],[76.67825,14.10009],[76.67468,14.10024],[76.67165,14.09918],[76.67135,14.09545],[76.66864,14.08667],[76.66788,14.08144],[76.67127,14.08111],[76.67149,14.07893],[76.67664,14.07982],[76.67652,14.08045],[76.6814,14.08028],[76.68585,14.07929],[76.68499,14.07532],[76.68433,14.06842],[76.68347,14.06651],[76.68454,14.05926],[76.68116,14.05842],[76.67756,14.05591],[76.67395,14.05422],[76.6696,14.05319],[76.67037,14.04348],[76.66179,14.0422],[76.66179,14.0418],[76.65147,14.03946],[76.64636,14.03926],[76.63749,14.03565],[76.62719,14.03334],[76.62377,14.03299],[76.62193,14.0317],[76.62045,14.0313],[76.61244,14.03027],[76.60093,14.028],[76.59256,14.02886],[76.58863,14.04219],[76.581,14.03739],[76.57548,14.03532],[76.56915,14.03518],[76.56961,14.03303],[76.5677,14.02521],[76.55928,14.02877],[76.55,14.0316],[76.54812,14.0327],[76.54708,14.02402],[76.54663,14.02387],[76.54552,14.02057],[76.54396,14.01849],[76.54415,14.01764],[76.53103,14.01779],[76.49915,14.01095],[76.49614,14.00925],[76.49585,13.99699],[76.50258,13.98326],[76.50284,13.98141],[76.50591,13.97502],[76.51458,13.97685],[76.51679,13.95489],[76.5133,13.9541],[76.5136,13.9513],[76.50966,13.95054],[76.50917,13.95253],[76.5084,13.95306],[76.49946,13.9512],[76.49575,13.95114],[76.48802,13.94998],[76.48568,13.95069],[76.48479,13.95307],[76.48181,13.95667],[76.47809,13.95935],[76.4748,13.97261],[76.47462,13.97517],[76.47516,13.97741],[76.47004,13.98546],[76.46674,13.98897],[76.46345,13.99482],[76.45497,13.99625],[76.4565,13.99813],[76.45988,14.01939],[76.46015,14.0277],[76.45951,14.0289],[76.46227,14.03185],[76.46384,14.03156],[76.46424,14.03019],[76.4673,14.03094],[76.46772,14.02966],[76.47098,14.03052],[76.47666,14.03408],[76.46128,14.05833],[76.45686,14.05648],[76.45568,14.05483],[76.45381,14.05488],[76.45088,14.05315],[76.4494,14.05332],[76.4475,14.05574],[76.44526,14.05676],[76.44452,14.05796],[76.44288,14.05784],[76.43955,14.06534],[76.43881,14.07293],[76.43995,14.07613],[76.43838,14.08137],[76.43816,14.08794],[76.44046,14.0888],[76.44347,14.09168],[76.44173,14.09803],[76.44092,14.1092],[76.43901,14.11407],[76.43886,14.11818],[76.43759,14.12317],[76.43536,14.12919],[76.43929,14.12935],[76.44243,14.13257],[76.44832,14.1406],[76.44848,14.14933],[76.45062,14.15886],[76.45188,14.15871],[76.45806,14.16137],[76.46224,14.1621],[76.47314,14.16228],[76.48402,14.16336],[76.50366,14.16259],[76.50374,14.15727],[76.50496,14.14537],[76.50673,14.14561],[76.50696,14.14624],[76.50785,14.14647],[76.51349,14.1474],[76.51471,14.14839],[76.51648,14.14797],[76.53052,14.14797],[76.5471,14.14894],[76.55377,14.14731],[76.55955,14.14818],[76.56686,14.14809],[76.57132,14.15647],[76.57308,14.15807],[76.57641,14.15931],[76.57757,14.1677],[76.57681,14.17509],[76.57703,14.17983],[76.57932,14.19274],[76.58251,14.19629],[76.58193,14.19899],[76.58044,14.19834],[76.58124,14.2029],[76.58583,14.20206],[76.59283,14.20158],[76.59555,14.20239],[76.60005,14.20261],[76.60443,14.20377],[76.60514,14.20258]]]}},{"type":"Feature","properties":{"unitId":340,"unitName":"Molakalmuru PS"},"geometry":{"type":"MultiPolygon","coordinates":[[[[76.73306,14.79141],[76.73388,14.78996],[76.73563,14.79022],[76.73745,14.78916],[76.73836,14.78205],[76.7436,14.7829],[76.74322,14.78449],[76.74387,14.78462],[76.74592,14.78492],[76.74681,14.78347],[76.74736,14.77922],[76.74592,14.778],[76.74597,14.77741],[76.7462,14.77651],[76.74708,14.77583],[76.74774,14.7725],[76.74959,14.76749],[76.75128,14.75684],[76.7527,14.75476],[76.75252,14.75175],[76.75506,14.74618],[76.77796,14.74845],[76.78417,14.74717],[76.79435,14.74598],[76.7864,14.71029],[76.78609,14.69811],[76.77677,14.68057],[76.7708,14.67522],[76.77549,14.67108],[76.77404,14.66574],[76.77329,14.6467],[76.77225,14.63686],[76.77029,14.62983],[76.7689,14.62659],[76.76647,14.61723],[76.76613,14.60614],[76.76218,14.60738],[76.75923,14.60656],[76.75703,14.60512],[76.75512,14.60552],[76.75308,14.59836],[76.75227,14.59901],[76.7481,14.59934],[76.74248,14.60237],[76.7395,14.6033],[76.72926,14.60512],[76.7278,14.59861],[76.7261,14.59374],[76.72469,14.59267],[76.72299,14.59168],[76.71917,14.59178],[76.71638,14.59018],[76.71555,14.58833],[76.71132,14.58871],[76.71095,14.58673],[76.70854,14.58802],[76.70735,14.58596],[76.70616,14.58586],[76.70533,14.58515],[76.70193,14.58531],[76.70115,14.58484],[76.69865,14.58542],[76.69534,14.58102],[76.69164,14.58143],[76.68759,14.58313],[76.68464,14.58311],[76.67966,14.5845],[76.67515,14.58332],[76.67372,14.57776],[76.67196,14.57715],[76.66513,14.57681],[76.66233,14.57765],[76.65907,14.57754],[76.65282,14.57414],[76.64632,14.57446],[76.63374,14.573],[76.63412,14.57884],[76.6263,14.58606],[76.62764,14.60696],[76.62724,14.61509],[76.60475,14.62006],[76.60267,14.62547],[76.60013,14.62578],[76.59769,14.6302],[76.59818,14.63224],[76.59988,14.63208],[76.60388,14.63471],[76.61247,14.64847],[76.60803,14.65039],[76.60328,14.65111],[76.60046,14.65204],[76.59762,14.65394],[76.59922,14.65618],[76.59752,14.65713],[76.59623,14.6601],[76.59677,14.66256],[76.59826,14.66513],[76.59828,14.66994],[76.59907,14.67015],[76.60306,14.66908],[76.6104,14.66864],[76.61121,14.67022],[76.61018,14.67998],[76.60796,14.68713],[76.6146,14.6914],[76.61696,14.69231],[76.61705,14.69475],[76.62018,14.69668],[76.6241,14.70199],[76.62553,14.70222],[76.62916,14.70041],[76.63066,14.7012],[76.63086,14.70293],[76.6337,14.70278],[76.63572,14.70328],[76.63621,14.70384],[76.63588,14.70645],[76.63716,14.71002],[76.63814,14.71026],[76.63931,14.71155],[76.64369,14.71245],[76.64458,14.71314],[76.64442,14.71561],[76.64542,14.71771],[76.64715,14.71882],[76.64772,14.72186],[76.64894,14.72406],[76.65073,14.72583],[76.65012,14.72775],[76.64908,14.72817],[76.64929,14.73444],[76.651,14.73709],[76.64953,14.73849],[76.64938,14.74007],[76.64977,14.74257],[76.6509,14.74396],[76.65113,14.74501],[76.64966,14.74771],[76.65077,14.75193],[76.64875,14.75539],[76.6499,14.75696],[76.65078,14.7574],[76.65217,14.7576],[76.65521,14.75706],[76.65752,14.76474],[76.66007,14.76614],[76.65972,14.77163],[76.66693,14.77519],[76.66587,14.77716],[76.66626,14.77997],[76.66955,14.78661],[76.67198,14.78682],[76.673,14.78639],[76.6809,14.78245],[76.68428,14.77991],[76.68873,14.78128],[76.69234,14.78383],[76.69399,14.7844],[76.69566,14.78446],[76.69755,14.78314],[76.69858,14.78317],[76.70231,14.78485],[76.7048,14.78448],[76.70691,14.78488],[76.70884,14.78652],[76.71017,14.78688],[76.71203,14.78678],[76.71424,14.78508],[76.71528,14.78498],[76.71885,14.78618],[76.71921,14.78575],[76.71876,14.78243],[76.72437,14.78168],[76.7263,14.78501],[76.72809,14.78549],[76.72972,14.78849],[76.73227,14.79139],[76.73306,14.79141]]],[[[76.70226,14.78502],[76.70055,14.78475],[76.69875,14.78364],[76.69742,14.78363],[76.69733,14.78409],[76.70049,14.7861],[76.70191,14.78579],[76.70226,14.78502]]]]}},{"type":"Feature","properties":{"unitId":341,"unitName":"Chitradurga Town PS"},"geometry":{"type":"Polygon","coordinates":[[[76.40456,14.24431],[76.40396,14.23593],[76.40861,14.23519],[76.4107,14.23384],[76.41008,14.23124],[76.40774,14.22785],[76.40717,14.22561],[76.40705,14.22197],[76.41075,14.22083],[76.40909,14.21705],[76.40847,14.21378],[76.40941,14.21143],[76.4092,14.20785],[76.41017,14.20787],[76.41021,14.20591],[76.40899,14.20434],[76.40847,14.20574],[76.40494,14.20695],[76.40501,14.20826],[76.40347,14.21089],[76.39992,14.20895],[76.39965,14.2092],[76.39917,14.21072],[76.40002,14.21195],[76.39907,14.21603],[76.39913,14.22167],[76.39771,14.22499],[76.39696,14.23232],[76.39341,14.23817],[76.39232,14.23873],[76.38968,14.24244],[76.39088,14.2425],[76.39378,14.24082],[76.39463,14.24523],[76.39668,14.24509],[76.39688,14.24573],[76.3981,14.2454],[76.39884,14.24405],[76.40319,14.24325],[76.40378,14.24537],[76.40486,14.24578],[76.40456,14.24431]]]}},{"type":"Feature","properties":{"unitId":342,"unitName":"Abbinahole PS"},"geometry":{"type":"Polygon","coordinates":[[[76.81062,14.16756],[76.81274,14.16439],[76.81403,14.16078],[76.81658,14.16013],[76.82225,14.16049],[76.8238,14.15911],[76.82709,14.15286],[76.83303,14.15013],[76.83838,14.15005],[76.84341,14.14886],[76.84663,14.14995],[76.8501,14.14986],[76.85199,14.15036],[76.85629,14.15325],[76.86156,14.15323],[76.86153,14.15166],[76.86529,14.14966],[76.8719,14.14711],[76.87376,14.14752],[76.87859,14.14626],[76.87935,14.14762],[76.88139,14.14633],[76.88226,14.14577],[76.88464,14.13894],[76.88671,14.1379],[76.88892,14.13594],[76.89238,14.13539],[76.89787,14.13558],[76.90393,14.13403],[76.90614,14.13301],[76.90966,14.13011],[76.91517,14.12846],[76.9175,14.12881],[76.91986,14.13207],[76.92342,14.13476],[76.92515,14.13715],[76.925,14.13639],[76.93087,14.13108],[76.93567,14.12898],[76.93628,14.12439],[76.94464,14.12063],[76.94636,14.11798],[76.94653,14.11564],[76.94747,14.11259],[76.95087,14.10918],[76.95343,14.10547],[76.95466,14.10299],[76.9556,14.09919],[76.95091,14.09234],[76.9487,14.09219],[76.94288,14.08926],[76.94044,14.08683],[76.93468,14.08338],[76.92793,14.07736],[76.92447,14.06801],[76.92294,14.05661],[76.91689,14.05948],[76.91617,14.06003],[76.91699,14.06093],[76.90979,14.06381],[76.90978,14.06267],[76.90695,14.0624],[76.89883,14.05738],[76.88686,14.04646],[76.88688,14.03908],[76.88232,14.02801],[76.88194,14.02586],[76.88058,14.02406],[76.87978,14.01854],[76.87606,14.01912],[76.8754,14.01361],[76.87433,14.01374],[76.8728,14.0098],[76.8709,14.01011],[76.86179,14.01392],[76.86145,14.01441],[76.85679,14.01597],[76.84321,14.01827],[76.83991,14.01838],[76.83666,14.01786],[76.83642,14.01238],[76.83549,14.00735],[76.83347,14.00319],[76.83073,14.00266],[76.82954,14.00307],[76.82618,14.00117],[76.82215,14.00053],[76.82342,13.99581],[76.82344,13.99372],[76.82665,13.99214],[76.82929,13.9901],[76.83371,13.98941],[76.8394,13.98698],[76.84122,13.98496],[76.84906,13.9807],[76.84855,13.97925],[76.84832,13.9694],[76.84838,13.9676],[76.84932,13.9653],[76.84924,13.96484],[76.84336,13.96238],[76.84192,13.9625],[76.83935,13.96039],[76.83407,13.95731],[76.82873,13.95292],[76.82232,13.95055],[76.82113,13.94022],[76.81955,13.93876],[76.81966,13.937],[76.8142,13.93649],[76.81382,13.9289],[76.81519,13.91735],[76.81503,13.91556],[76.81158,13.9148],[76.80927,13.91484],[76.80157,13.91618],[76.79136,13.92132],[76.78683,13.92211],[76.77928,13.92437],[76.77384,13.92464],[76.7711,13.92389],[76.76406,13.92366],[76.76385,13.92444],[76.76228,13.92357],[76.76256,13.92326],[76.762,13.92115],[76.7517,13.91922],[76.74966,13.91614],[76.74296,13.91441],[76.73602,13.91421],[76.73403,13.91348],[76.73128,13.91129],[76.7275,13.91323],[76.72564,13.91963],[76.72675,13.92324],[76.72631,13.92543],[76.72372,13.93205],[76.72467,13.9333],[76.72705,13.93911],[76.72986,13.94238],[76.73383,13.94402],[76.73823,13.94461],[76.73679,13.95277],[76.73674,13.95738],[76.73965,13.95744],[76.73871,13.96058],[76.73958,13.96721],[76.73914,13.97483],[76.73679,13.97846],[76.73212,13.97875],[76.72033,13.97622],[76.71433,13.97706],[76.71364,13.98138],[76.71404,13.98924],[76.71241,13.99684],[76.71326,14.00646],[76.70683,14.00798],[76.70301,14.00825],[76.69661,14.00748],[76.68997,14.01106],[76.69038,14.02472],[76.69149,14.03178],[76.68536,14.02939],[76.68085,14.03009],[76.67931,14.02973],[76.67826,14.0286],[76.67523,14.02866],[76.67413,14.02974],[76.67179,14.03611],[76.67036,14.04354],[76.6696,14.05319],[76.67395,14.05422],[76.67756,14.05591],[76.68116,14.05842],[76.68454,14.05926],[76.68347,14.06651],[76.68433,14.06842],[76.68499,14.07532],[76.68585,14.07929],[76.6814,14.08028],[76.67652,14.08045],[76.67664,14.07982],[76.67149,14.07893],[76.67127,14.08111],[76.66788,14.08144],[76.66864,14.08667],[76.67135,14.09545],[76.67165,14.09918],[76.67468,14.10024],[76.67825,14.10009],[76.67917,14.10573],[76.68035,14.10621],[76.68059,14.10935],[76.68272,14.11653],[76.68682,14.11742],[76.68759,14.11788],[76.68784,14.11928],[76.69468,14.11905],[76.70634,14.11675],[76.70972,14.11574],[76.71698,14.11131],[76.7205,14.11198],[76.72441,14.11385],[76.73063,14.11412],[76.73643,14.11781],[76.73825,14.11811],[76.73853,14.10386],[76.73928,14.0927],[76.73999,14.09018],[76.74,14.08597],[76.73777,14.08387],[76.73959,14.08235],[76.7403,14.07251],[76.74822,14.07197],[76.75262,14.07112],[76.75324,14.07372],[76.75518,14.07574],[76.75554,14.07756],[76.75668,14.07931],[76.75687,14.0813],[76.75762,14.08232],[76.75739,14.08354],[76.75913,14.08461],[76.7605,14.0872],[76.76198,14.08764],[76.76185,14.08906],[76.76317,14.09419],[76.76327,14.09683],[76.76465,14.09987],[76.76909,14.10392],[76.7717,14.10841],[76.77376,14.10948],[76.781,14.1078],[76.78526,14.11067],[76.78642,14.11244],[76.78647,14.11415],[76.78423,14.11861],[76.78388,14.1295],[76.78521,14.13534],[76.78509,14.13914],[76.78556,14.14113],[76.78994,14.15024],[76.79005,14.15308],[76.78834,14.15582],[76.79575,14.16062],[76.80103,14.1652],[76.80329,14.16636],[76.80714,14.16736],[76.81062,14.16756]]]}},{"type":"Feature","properties":{"unitId":343,"unitName":"Nayakanahatti PS"},"geometry":{"type":"Polygon","coordinates":[[[76.61161,14.61862],[76.61561,14.61736],[76.62724,14.61509],[76.62764,14.60696],[76.6263,14.58606],[76.63412,14.57884],[76.63373,14.57277],[76.63178,14.57108],[76.6286,14.57124],[76.62347,14.56653],[76.62086,14.55739],[76.62257,14.55075],[76.62329,14.54207],[76.62453,14.53668],[76.62719,14.53688],[76.62842,14.52488],[76.62545,14.52445],[76.62509,14.52237],[76.62555,14.51573],[76.62982,14.51626],[76.63346,14.51296],[76.63023,14.50594],[76.62911,14.50025],[76.62914,14.4966],[76.62712,14.49189],[76.62673,14.48959],[76.62419,14.48665],[76.62347,14.48486],[76.62421,14.48098],[76.62382,14.47909],[76.62004,14.4691],[76.61645,14.46929],[76.61515,14.46551],[76.61302,14.46483],[76.60793,14.47004],[76.60669,14.47018],[76.60691,14.46272],[76.60657,14.46165],[76.6047,14.46205],[76.60397,14.45256],[76.60125,14.44758],[76.60137,14.44356],[76.60244,14.44103],[76.60548,14.43992],[76.60985,14.4395],[76.6174,14.44186],[76.61739,14.44251],[76.62056,14.44573],[76.62182,14.4485],[76.62283,14.44826],[76.62422,14.44766],[76.62513,14.44531],[76.62384,14.44136],[76.62461,14.43933],[76.62278,14.43492],[76.63045,14.4335],[76.62915,14.4285],[76.6351,14.42743],[76.63967,14.42926],[76.64263,14.42756],[76.64779,14.43507],[76.65384,14.43579],[76.65777,14.43089],[76.65899,14.42836],[76.65956,14.4208],[76.65813,14.41184],[76.65144,14.40974],[76.64994,14.40734],[76.64958,14.40545],[76.64421,14.40307],[76.64106,14.39972],[76.63856,14.39424],[76.63794,14.38914],[76.63879,14.38441],[76.63749,14.38462],[76.63705,14.38208],[76.63268,14.37457],[76.63156,14.36674],[76.62367,14.36507],[76.61679,14.36533],[76.61101,14.36727],[76.60432,14.36753],[76.59937,14.3669],[76.59738,14.36772],[76.57363,14.36198],[76.56857,14.36251],[76.55299,14.35784],[76.53451,14.34955],[76.53212,14.35131],[76.53263,14.36372],[76.53419,14.37664],[76.53388,14.38271],[76.5241,14.38408],[76.50743,14.38359],[76.49776,14.38392],[76.4982,14.37931],[76.49295,14.37858],[76.48938,14.37565],[76.48534,14.37451],[76.47252,14.36916],[76.46297,14.37114],[76.46193,14.37444],[76.45497,14.38996],[76.45748,14.39139],[76.46612,14.39442],[76.46907,14.39615],[76.46919,14.39774],[76.47274,14.39712],[76.47489,14.39744],[76.4804,14.40078],[76.48565,14.4033],[76.48692,14.40225],[76.48827,14.4022],[76.48834,14.40557],[76.48987,14.40742],[76.49555,14.41175],[76.49508,14.41506],[76.49251,14.4235],[76.48743,14.43188],[76.4872,14.43147],[76.48514,14.43184],[76.47699,14.43399],[76.46987,14.43405],[76.46754,14.43472],[76.4633,14.44039],[76.46012,14.45088],[76.45974,14.45798],[76.45599,14.46605],[76.45576,14.4702],[76.45516,14.47016],[76.45614,14.47292],[76.45713,14.47874],[76.45739,14.4895],[76.45963,14.49545],[76.46115,14.50485],[76.46465,14.50474],[76.46931,14.5038],[76.47231,14.50217],[76.4816,14.50503],[76.48442,14.50491],[76.48936,14.50914],[76.49395,14.5116],[76.50585,14.51517],[76.50825,14.51627],[76.5137,14.52313],[76.52216,14.52442],[76.52199,14.52532],[76.52796,14.53381],[76.53208,14.53694],[76.53444,14.5397],[76.53309,14.54346],[76.52787,14.54633],[76.52574,14.54939],[76.52404,14.55309],[76.5221,14.55301],[76.52005,14.55221],[76.51649,14.54956],[76.51382,14.55295],[76.51044,14.56069],[76.51623,14.56187],[76.51611,14.56244],[76.51837,14.56264],[76.52341,14.56213],[76.52854,14.56248],[76.52923,14.56239],[76.52993,14.56121],[76.53094,14.56281],[76.53285,14.56278],[76.53508,14.56166],[76.53583,14.56302],[76.5348,14.56468],[76.5352,14.56576],[76.53639,14.56606],[76.53826,14.56541],[76.54151,14.56622],[76.54318,14.5682],[76.5434,14.57011],[76.54494,14.57202],[76.54542,14.57166],[76.54911,14.57239],[76.54967,14.57292],[76.54994,14.57417],[76.54952,14.57726],[76.55014,14.57848],[76.5536,14.5806],[76.5559,14.58104],[76.55743,14.58211],[76.5584,14.58384],[76.56229,14.58561],[76.56474,14.58564],[76.56718,14.58684],[76.56788,14.58766],[76.56807,14.59055],[76.57106,14.5937],[76.57377,14.59832],[76.5742,14.59972],[76.57377,14.6023],[76.57645,14.60495],[76.5769,14.60891],[76.58159,14.61203],[76.58231,14.6133],[76.58445,14.61507],[76.58585,14.61822],[76.58815,14.61833],[76.59525,14.62063],[76.60087,14.62105],[76.60013,14.62578],[76.60267,14.62547],[76.60475,14.62006],[76.61161,14.61862]]]}}]}