{"type":"FeatureCollection","features":[{"type":"Feature","properties":{"unitId":344,"unitName":"Buntwala Rural PS"},"geometry":{"type":"Polygon","coordinates":[[[75.0443,13.01661],[75.04494,13.0157],[75.04599,13.01624],[75.04732,13.01583],[75.04858,13.01468],[75.04938,13.01499],[75.05058,13.01401],[75.05153,13.01402],[75.05284,13.0129],[75.05411,13.01261],[75.0552,13.01143],[75.05639,13.01126],[75.058,13.00845],[75.06464,13.00908],[75.06644,13.01027],[75.06651,13.00472],[75.06733,13.00323],[75.06194,12.99829],[75.06253,12.99588],[75.06344,12.99531],[75.06626,12.99064],[75.06617,12.98747],[75.06817,12.98646],[75.06649,12.9853],[75.0638,12.98705],[75.06327,12.98538],[75.06137,12.98482],[75.0612,12.98389],[75.06081,12.98439],[75.06028,12.98421],[75.06104,12.9884],[75.05756,12.98928],[75.05776,12.99194],[75.05373,12.99405],[75.05022,12.99339],[75.04856,12.99214],[75.04726,12.9936],[75.04142,12.99119],[75.03837,12.99205],[75.03649,12.99102],[75.03715,12.98518],[75.03791,12.98428],[75.03814,12.97906],[75.03889,12.97842],[75.04143,12.97901],[75.04196,12.97829],[75.04153,12.97746],[75.04338,12.97704],[75.0445,12.97714],[75.04509,12.97829],[75.04614,12.97812],[75.04674,12.97684],[75.04818,12.97651],[75.04893,12.97558],[75.05037,12.97553],[75.0519,12.97316],[75.05234,12.97327],[75.05517,12.97093],[75.05743,12.97049],[75.05792,12.96997],[75.05774,12.96934],[75.05923,12.96921],[75.06136,12.96287],[75.06498,12.95963],[75.06594,12.95926],[75.0757,12.95877],[75.08193,12.96007],[75.09155,12.95937],[75.09665,12.96251],[75.09704,12.96605],[75.09766,12.96275],[75.10002,12.96272],[75.10305,12.96178],[75.10178,12.95715],[75.1021,12.95335],[75.09981,12.95067],[75.10054,12.94819],[75.09918,12.94377],[75.10118,12.93952],[75.10149,12.93991],[75.10299,12.93922],[75.10364,12.93847],[75.10352,12.93768],[75.10586,12.93662],[75.10949,12.93684],[75.11054,12.93559],[75.11088,12.93428],[75.11016,12.93252],[75.11031,12.93133],[75.10975,12.93087],[75.10901,12.92846],[75.11711,12.9297],[75.11687,12.93043],[75.11744,12.93104],[75.11737,12.93287],[75.11835,12.93639],[75.12023,12.93758],[75.12311,12.93807],[75.12618,12.94021],[75.12752,12.94211],[75.12971,12.94155],[75.12969,12.94083],[75.13047,12.94059],[75.13055,12.94177],[75.13094,12.94186],[75.13112,12.94076],[75.13138,12.94197],[75.13222,12.94196],[75.13259,12.94114],[75.13462,12.9395],[75.13414,12.93873],[75.13432,12.93792],[75.13281,12.93844],[75.13182,12.93498],[75.1325,12.93117],[75.13149,12.92818],[75.13255,12.92833],[75.13268,12.92795],[75.13181,12.92791],[75.13167,12.9255],[75.12734,12.92385],[75.12653,12.91984],[75.12322,12.91107],[75.12727,12.90167],[75.12601,12.90144],[75.12606,12.89815],[75.12777,12.89761],[75.13088,12.89567],[75.13477,12.89201],[75.1408,12.89348],[75.14243,12.89519],[75.14415,12.89406],[75.14361,12.89193],[75.14521,12.89334],[75.14597,12.89279],[75.14667,12.89414],[75.14905,12.89509],[75.14845,12.89676],[75.15089,12.89572],[75.15431,12.89536],[75.15473,12.89431],[75.15654,12.89426],[75.15743,12.89222],[75.15825,12.89231],[75.15955,12.89102],[75.15916,12.89018],[75.15891,12.88441],[75.15712,12.8816],[75.15683,12.87898],[75.15609,12.87793],[75.15686,12.87676],[75.1595,12.8769],[75.16027,12.87553],[75.16224,12.87556],[75.16253,12.87364],[75.16115,12.87009],[75.16334,12.86726],[75.16963,12.86308],[75.16754,12.85735],[75.16718,12.85756],[75.16593,12.85665],[75.16441,12.85661],[75.1625,12.85498],[75.16038,12.85523],[75.16038,12.85279],[75.16907,12.84971],[75.17957,12.8483],[75.19047,12.84296],[75.19134,12.84305],[75.19129,12.84015],[75.18902,12.83874],[75.18852,12.83698],[75.18746,12.83648],[75.1828,12.83129],[75.18206,12.82883],[75.18102,12.82769],[75.18044,12.82525],[75.17899,12.82547],[75.17788,12.82492],[75.17847,12.82274],[75.17663,12.8222],[75.1767,12.8254],[75.17494,12.82509],[75.17319,12.82578],[75.17137,12.82548],[75.16925,12.82352],[75.16716,12.82355],[75.16675,12.82408],[75.16738,12.82464],[75.16381,12.82701],[75.15879,12.83273],[75.15331,12.83092],[75.15155,12.83111],[75.1474,12.83618],[75.14289,12.83905],[75.13865,12.83991],[75.13373,12.83854],[75.12947,12.84126],[75.12806,12.83845],[75.12397,12.84194],[75.11944,12.84293],[75.11734,12.84481],[75.11618,12.84678],[75.11557,12.84915],[75.10986,12.84897],[75.10719,12.85088],[75.10616,12.85173],[75.10627,12.85469],[75.1097,12.85521],[75.10851,12.85998],[75.10866,12.86173],[75.10774,12.86641],[75.1125,12.8683],[75.10985,12.87017],[75.10769,12.87563],[75.10589,12.87643],[75.10306,12.87695],[75.09934,12.87277],[75.10017,12.86606],[75.09969,12.8654],[75.09864,12.86531],[75.09684,12.86614],[75.09351,12.86852],[75.09275,12.86957],[75.09029,12.871],[75.08945,12.86907],[75.08868,12.86911],[75.08817,12.86786],[75.08961,12.86672],[75.08991,12.8648],[75.08538,12.86436],[75.08424,12.86209],[75.08393,12.86228],[75.08389,12.86107],[75.08135,12.86104],[75.08101,12.86206],[75.07672,12.86258],[75.07459,12.86474],[75.07148,12.86484],[75.07047,12.86579],[75.07087,12.86646],[75.07071,12.86769],[75.06944,12.87051],[75.07033,12.87146],[75.07137,12.87396],[75.07415,12.87641],[75.07332,12.88122],[75.07632,12.88309],[75.07697,12.88285],[75.07911,12.88563],[75.07934,12.88842],[75.07293,12.89463],[75.06473,12.89815],[75.06587,12.89965],[75.06617,12.90248],[75.06698,12.90389],[75.0667,12.90596],[75.06716,12.90745],[75.06675,12.90971],[75.06609,12.90969],[75.06606,12.91071],[75.06424,12.91239],[75.06415,12.91492],[75.0633,12.91666],[75.06387,12.91737],[75.06351,12.91867],[75.062,12.91869],[75.0544,12.92353],[75.05275,12.92382],[75.05159,12.92577],[75.04659,12.92895],[75.042,12.93036],[75.03824,12.92949],[75.03627,12.93018],[75.0347,12.93145],[75.03123,12.93062],[75.02788,12.92523],[75.02497,12.92417],[75.02065,12.92382],[75.02086,12.92313],[75.01999,12.92158],[75.01668,12.92011],[75.01566,12.91634],[75.00992,12.91185],[75.00454,12.91018],[75.00243,12.91055],[74.99976,12.9092],[74.99883,12.9092],[74.998,12.90931],[74.9989,12.91191],[74.99697,12.91283],[74.99108,12.90756],[74.9914,12.90528],[74.99049,12.90521],[74.99018,12.90406],[74.98844,12.90404],[74.9882,12.90043],[74.98758,12.89831],[74.98639,12.89664],[74.98538,12.89619],[74.98585,12.89584],[74.98562,12.89219],[74.98354,12.88932],[74.98373,12.88398],[74.98384,12.8831],[74.98828,12.88419],[74.98925,12.88132],[74.99197,12.88098],[74.99279,12.88145],[74.99297,12.88347],[74.99531,12.88364],[74.99719,12.88473],[74.99788,12.88396],[74.99658,12.8816],[74.99693,12.87957],[75.00096,12.87905],[75.00108,12.87491],[75.00178,12.87412],[75.00213,12.87497],[75.0051,12.87537],[75.00573,12.87235],[75.00213,12.87179],[74.99771,12.86833],[74.99717,12.86375],[74.99668,12.86282],[74.9967,12.86195],[74.99792,12.86016],[74.99956,12.85952],[75.00027,12.86002],[75.00038,12.85883],[75.00096,12.85864],[75.00053,12.85752],[75.00177,12.85455],[75.00402,12.85407],[75.00429,12.85067],[75.00281,12.84952],[75.00353,12.84823],[75.00453,12.84784],[75.0053,12.8444],[75.00489,12.84094],[75.01198,12.84068],[75.01387,12.84176],[75.01992,12.83651],[75.03028,12.83623],[75.03028,12.83409],[75.03163,12.83205],[75.0303,12.83085],[75.03233,12.82693],[75.03475,12.82755],[75.03576,12.82914],[75.03614,12.83074],[75.03517,12.83339],[75.03539,12.83421],[75.03689,12.83548],[75.03845,12.83549],[75.03976,12.83451],[75.04006,12.83318],[75.03902,12.83271],[75.03935,12.83223],[75.03894,12.83176],[75.03934,12.82943],[75.03806,12.82837],[75.04007,12.82487],[75.04203,12.82644],[75.04295,12.82662],[75.04392,12.82152],[75.04513,12.82141],[75.04845,12.81762],[75.04354,12.81765],[75.04435,12.81409],[75.04359,12.81402],[75.04334,12.81475],[75.04191,12.81472],[75.04196,12.81329],[75.04007,12.81011],[75.04184,12.80768],[75.04266,12.80742],[75.0427,12.80666],[75.04563,12.80502],[75.04551,12.80472],[75.04438,12.80378],[75.03794,12.80491],[75.03759,12.80372],[75.03556,12.80177],[75.03479,12.80287],[75.02946,12.8046],[75.02923,12.80644],[75.03109,12.80801],[75.03063,12.81448],[75.03,12.81562],[75.0276,12.81748],[75.02631,12.81554],[75.02325,12.81503],[75.02428,12.81118],[75.02418,12.80988],[75.0215,12.80829],[75.02097,12.80751],[75.02123,12.80621],[75.02348,12.80365],[75.02276,12.79917],[75.01644,12.79834],[75.01449,12.79752],[75.0137,12.80043],[75.01289,12.80097],[75.01144,12.80102],[75.01107,12.80018],[75.01139,12.79954],[75.01089,12.79928],[75.01069,12.79832],[75.01018,12.79872],[75.002,12.79933],[74.99955,12.79364],[74.99941,12.79087],[74.99977,12.7901],[75.00255,12.78832],[74.99833,12.78669],[74.99824,12.78777],[74.99891,12.78768],[74.99882,12.78805],[74.99954,12.78821],[74.99939,12.78868],[74.99859,12.78896],[74.99842,12.78969],[74.99735,12.78964],[74.9947,12.79063],[74.99448,12.79187],[74.99126,12.79586],[74.98877,12.7959],[74.98756,12.79391],[74.98556,12.7969],[74.98582,12.79766],[74.98249,12.80041],[74.98034,12.8061],[74.97953,12.80708],[74.97643,12.8089],[74.98413,12.81777],[74.98269,12.81905],[74.98067,12.82441],[74.97846,12.82731],[74.9806,12.82821],[74.98126,12.82943],[74.98108,12.83042],[74.98186,12.83182],[74.98175,12.83253],[74.98076,12.83242],[74.98028,12.83284],[74.97994,12.83209],[74.9766,12.83142],[74.97775,12.83434],[74.97718,12.83716],[74.97797,12.83873],[74.97578,12.84113],[74.97785,12.84254],[74.97796,12.84699],[74.97724,12.84982],[74.97585,12.85021],[74.97492,12.84996],[74.97458,12.85193],[74.97229,12.85199],[74.97141,12.85318],[74.9691,12.85273],[74.96804,12.85325],[74.96711,12.85513],[74.96455,12.85545],[74.96266,12.85843],[74.96193,12.85882],[74.95937,12.86721],[74.95707,12.87021],[74.95494,12.87002],[74.95417,12.8723],[74.95479,12.87398],[74.95426,12.87461],[74.95448,12.87505],[74.95589,12.87538],[74.95607,12.87594],[74.95573,12.87638],[74.95454,12.87539],[74.95349,12.87591],[74.95349,12.8768],[74.95298,12.87732],[74.95149,12.87547],[74.95179,12.87779],[74.95279,12.87776],[74.95243,12.8785],[74.95265,12.88084],[74.95356,12.88146],[74.953,12.88168],[74.95164,12.88462],[74.9525,12.88491],[74.95408,12.88836],[74.94895,12.88679],[74.94911,12.88643],[74.94749,12.88758],[74.94395,12.88613],[74.94075,12.88164],[74.93992,12.88111],[74.93978,12.88173],[74.9338,12.88282],[74.93534,12.88618],[74.9376,12.88912],[74.93573,12.89031],[74.93645,12.89413],[74.94046,12.8935],[74.94655,12.89503],[74.94777,12.90294],[74.95086,12.90423],[74.95442,12.89956],[74.9541,12.89674],[74.95452,12.89647],[74.95792,12.89745],[74.9615,12.89938],[74.96418,12.90116],[74.96503,12.90278],[74.96459,12.90619],[74.96599,12.90842],[74.96577,12.90905],[74.96625,12.90901],[74.96639,12.91075],[74.96599,12.91112],[74.96243,12.91138],[74.96201,12.91256],[74.96327,12.91383],[74.96395,12.91547],[74.96352,12.91928],[74.96231,12.92102],[74.94893,12.93428],[74.94809,12.93555],[74.94825,12.93689],[74.94896,12.93762],[74.95474,12.93895],[74.95663,12.93988],[74.95811,12.94108],[74.96033,12.9451],[74.96167,12.94644],[74.96858,12.95103],[74.97369,12.95319],[74.97696,12.95381],[74.97986,12.9532],[74.98277,12.9509],[74.99067,12.95081],[74.99172,12.95155],[74.99181,12.95416],[74.99252,12.95576],[74.99332,12.9563],[74.99958,12.95671],[75.00496,12.95451],[75.00725,12.95488],[75.01091,12.95675],[75.01228,12.95857],[75.01237,12.96322],[75.01142,12.96596],[75.0112,12.96899],[75.00973,12.97042],[75.01148,12.97414],[75.01147,12.97661],[75.01256,12.97799],[75.01148,12.97977],[75.01105,12.98344],[75.01173,12.98479],[75.01354,12.98602],[75.01476,12.98838],[75.01528,12.99195],[75.01727,12.9962],[75.0231,12.99768],[75.02429,12.99716],[75.02502,12.99882],[75.02814,12.99988],[75.03056,13.00546],[75.03,13.00973],[75.03039,13.01164],[75.0323,13.01423],[75.03597,13.01432],[75.04053,13.01603],[75.0443,13.01661]]]}},{"type":"Feature","properties":{"unitId":345,"unitName":"Bantwal Town PS"},"geometry":{"type":"Polygon","coordinates":[[[75.03714,12.93008],[75.03824,12.92949],[75.042,12.93036],[75.04659,12.92895],[75.05159,12.92577],[75.05275,12.92382],[75.0544,12.92353],[75.062,12.91869],[75.06351,12.91867],[75.06387,12.91737],[75.0633,12.91666],[75.06415,12.91492],[75.06424,12.91239],[75.06606,12.91071],[75.06609,12.90969],[75.06675,12.90971],[75.06716,12.90745],[75.0667,12.90596],[75.06698,12.90389],[75.06617,12.90248],[75.06587,12.89965],[75.06473,12.89815],[75.07293,12.89463],[75.07934,12.88842],[75.07911,12.88563],[75.07697,12.88285],[75.07632,12.88309],[75.07332,12.88122],[75.07415,12.87641],[75.07137,12.87396],[75.07033,12.87146],[75.06944,12.87051],[75.07071,12.86769],[75.07087,12.86646],[75.07047,12.86579],[75.07233,12.8646],[75.07459,12.86474],[75.07672,12.86258],[75.08101,12.86206],[75.08135,12.86104],[75.08389,12.86107],[75.08393,12.86228],[75.08424,12.86209],[75.08538,12.86436],[75.08991,12.8648],[75.08961,12.86672],[75.08817,12.86786],[75.08868,12.86911],[75.08945,12.86907],[75.09029,12.871],[75.09275,12.86957],[75.09351,12.86852],[75.09684,12.86614],[75.09864,12.86531],[75.09969,12.8654],[75.10017,12.86606],[75.09934,12.87277],[75.10306,12.87695],[75.10589,12.87643],[75.10769,12.87563],[75.10985,12.87017],[75.1125,12.8683],[75.10774,12.86641],[75.10866,12.86173],[75.10851,12.85998],[75.1097,12.85521],[75.10627,12.85469],[75.10616,12.85173],[75.10986,12.84897],[75.11557,12.84915],[75.11614,12.84689],[75.11144,12.84632],[75.10804,12.84645],[75.10481,12.84518],[75.10244,12.83926],[75.0845,12.83707],[75.08328,12.83539],[75.08295,12.83393],[75.08359,12.83214],[75.08253,12.82978],[75.07961,12.82958],[75.07757,12.82876],[75.06689,12.82837],[75.06517,12.8279],[75.0619,12.82881],[75.05953,12.82756],[75.05866,12.83162],[75.05742,12.83244],[75.05694,12.83229],[75.05594,12.83115],[75.05592,12.82787],[75.05544,12.82712],[75.05487,12.82675],[75.05295,12.82881],[75.05155,12.82904],[75.04935,12.82706],[75.0477,12.8268],[75.04827,12.82485],[75.04738,12.82379],[75.04543,12.82356],[75.04525,12.82257],[75.04372,12.82266],[75.04295,12.82662],[75.04203,12.82644],[75.04007,12.82487],[75.03806,12.82837],[75.03934,12.82943],[75.03902,12.83271],[75.04009,12.83336],[75.03976,12.83451],[75.03845,12.83549],[75.03689,12.83548],[75.03539,12.83421],[75.03517,12.83339],[75.03614,12.83074],[75.03576,12.82914],[75.03475,12.82755],[75.03233,12.82693],[75.0303,12.83085],[75.03163,12.83205],[75.03028,12.83409],[75.03028,12.83623],[75.01992,12.83651],[75.01387,12.84176],[75.01198,12.84068],[75.00489,12.84094],[75.0053,12.8444],[75.00453,12.84784],[75.00353,12.84823],[75.00281,12.84952],[75.00429,12.85067],[75.00402,12.85407],[75.00177,12.85455],[75.00053,12.85752],[75.00096,12.85864],[75.00038,12.85883],[75.00027,12.86002],[74.99956,12.85952],[74.99792,12.86016],[74.9967,12.86195],[74.99668,12.86282],[74.99717,12.86375],[74.99771,12.86833],[75.00213,12.87179],[75.00573,12.87235],[75.0051,12.87537],[75.00213,12.87497],[75.00178,12.87412],[75.00108,12.87491],[75.00096,12.87905],[74.99693,12.87957],[74.99658,12.8816],[74.99788,12.88396],[74.99719,12.88473],[74.99531,12.88364],[74.99297,12.88347],[74.99279,12.88145],[74.99197,12.88098],[74.98925,12.88132],[74.98828,12.88419],[74.98384,12.8831],[74.98354,12.88932],[74.98562,12.89219],[74.98585,12.89584],[74.98538,12.89619],[74.98639,12.89664],[74.98758,12.89831],[74.9882,12.90043],[74.98844,12.90404],[74.99018,12.90406],[74.99049,12.90521],[74.9914,12.90528],[74.99108,12.90756],[74.99697,12.91283],[74.9989,12.91191],[74.998,12.90931],[74.99883,12.9092],[74.99976,12.9092],[75.00243,12.91055],[75.00454,12.91018],[75.00992,12.91185],[75.01566,12.91634],[75.01668,12.92011],[75.01999,12.92158],[75.02086,12.92313],[75.02065,12.92382],[75.02497,12.92417],[75.02788,12.92523],[75.03123,12.93062],[75.03473,12.93146],[75.03627,12.93018],[75.03714,12.93008]]]}},{"type":"Feature","properties":{"unitId":346,"unitName":"Vitla PS"},"geometry":{"type":"Polygon","coordinates":[[[75.11618,12.84678],[75.11734,12.84481],[75.11944,12.84293],[75.12397,12.84194],[75.12806,12.83845],[75.12947,12.84126],[75.13373,12.83854],[75.13865,12.83991],[75.14289,12.83905],[75.14641,12.83691],[75.15155,12.83111],[75.15331,12.83092],[75.15879,12.83273],[75.16381,12.82701],[75.16738,12.82464],[75.16675,12.82408],[75.16716,12.82355],[75.16925,12.82352],[75.17199,12.82566],[75.17681,12.8252],[75.17663,12.8222],[75.17536,12.82221],[75.17604,12.82041],[75.17682,12.82057],[75.17687,12.82018],[75.17526,12.81933],[75.17498,12.82066],[75.17275,12.82052],[75.17295,12.81842],[75.17391,12.81766],[75.17321,12.81689],[75.17298,12.81362],[75.172,12.81283],[75.17224,12.81192],[75.17344,12.81121],[75.17275,12.81024],[75.17433,12.80978],[75.17546,12.81048],[75.17757,12.80981],[75.17601,12.80377],[75.17484,12.80369],[75.1741,12.8013],[75.16833,12.79959],[75.16653,12.80145],[75.16433,12.80178],[75.16257,12.79995],[75.16182,12.80078],[75.15834,12.80136],[75.15745,12.8027],[75.15603,12.80301],[75.15472,12.80195],[75.15176,12.8008],[75.15153,12.79717],[75.15055,12.79468],[75.14692,12.79451],[75.14711,12.79281],[75.14629,12.79073],[75.14646,12.78943],[75.15093,12.78693],[75.15485,12.78692],[75.15617,12.78549],[75.15706,12.78142],[75.15554,12.77848],[75.151,12.77652],[75.14918,12.77641],[75.14579,12.77263],[75.14599,12.7694],[75.15205,12.76297],[75.15164,12.76011],[75.15204,12.75899],[75.15112,12.75894],[75.15085,12.75738],[75.15157,12.75651],[75.15424,12.75565],[75.15825,12.74942],[75.15861,12.7477],[75.16086,12.74623],[75.16216,12.74167],[75.16357,12.74134],[75.16384,12.74004],[75.16268,12.73649],[75.16294,12.73507],[75.17217,12.72986],[75.17262,12.72894],[75.17533,12.72748],[75.17845,12.72441],[75.17605,12.72152],[75.17472,12.71825],[75.17332,12.71689],[75.17136,12.71204],[75.17093,12.71002],[75.17195,12.70837],[75.17164,12.70867],[75.17079,12.70721],[75.17059,12.70496],[75.17169,12.70363],[75.17044,12.70362],[75.16703,12.7006],[75.16835,12.69779],[75.16409,12.69544],[75.16344,12.69217],[75.16093,12.68869],[75.16166,12.68748],[75.16098,12.68623],[75.16124,12.68486],[75.16074,12.68094],[75.15663,12.68312],[75.15347,12.68224],[75.15231,12.68278],[75.15164,12.68236],[75.15088,12.68288],[75.14955,12.68282],[75.1458,12.68167],[75.14479,12.68095],[75.14428,12.67861],[75.14278,12.6778],[75.14152,12.67755],[75.14071,12.67965],[75.13966,12.68005],[75.13898,12.67981],[75.13796,12.67879],[75.13758,12.67612],[75.13717,12.67584],[75.13343,12.67797],[75.13299,12.67769],[75.13289,12.67525],[75.13055,12.67629],[75.12897,12.67593],[75.12768,12.67673],[75.12661,12.67957],[75.12448,12.68118],[75.12317,12.68089],[75.12237,12.67868],[75.118,12.68109],[75.11603,12.68163],[75.112,12.68156],[75.11376,12.68264],[75.11385,12.68429],[75.11344,12.68492],[75.11226,12.68511],[75.11092,12.6881],[75.11093,12.69089],[75.10748,12.69161],[75.10778,12.69307],[75.10715,12.69535],[75.10552,12.69784],[75.10036,12.69999],[75.09721,12.70038],[75.09641,12.70087],[75.09455,12.7011],[75.09378,12.70032],[75.09287,12.7002],[75.08717,12.70347],[75.08488,12.70537],[75.08532,12.70325],[75.0808,12.69922],[75.08192,12.69696],[75.08352,12.69698],[75.08507,12.69555],[75.08334,12.69365],[75.08541,12.69193],[75.08478,12.68691],[75.08533,12.68514],[75.08517,12.68361],[75.08729,12.67947],[75.08641,12.67821],[75.08714,12.67615],[75.08505,12.6741],[75.08404,12.67459],[75.08284,12.67424],[75.08119,12.67224],[75.07948,12.67106],[75.07803,12.67178],[75.07364,12.67185],[75.07118,12.66873],[75.06935,12.66415],[75.06709,12.66351],[75.06552,12.6639],[75.06433,12.66478],[75.06239,12.668],[75.06055,12.6685],[75.06031,12.67128],[75.05934,12.67158],[75.0582,12.67063],[75.05788,12.66925],[75.05931,12.66659],[75.05895,12.66573],[75.05704,12.66558],[75.05608,12.66657],[75.05481,12.6693],[75.05364,12.66966],[75.05046,12.66951],[75.04811,12.66826],[75.04682,12.66657],[75.0461,12.66883],[75.04571,12.66872],[75.04233,12.67241],[75.04211,12.67672],[75.04157,12.67856],[75.04266,12.68002],[75.04237,12.68017],[75.04322,12.68194],[75.04152,12.68389],[75.04042,12.68414],[75.04094,12.68605],[75.04141,12.68575],[75.04301,12.68787],[75.04288,12.69313],[75.04678,12.69479],[75.05301,12.69267],[75.05298,12.69122],[75.05587,12.69331],[75.05064,12.70382],[75.05074,12.70519],[75.05201,12.70696],[75.05462,12.7071],[75.05416,12.71114],[75.05021,12.71598],[75.05207,12.71949],[75.05173,12.72015],[75.04747,12.7208],[75.04479,12.72245],[75.0432,12.721],[75.03786,12.72421],[75.03385,12.72319],[75.03168,12.72081],[75.02663,12.71904],[75.01873,12.721],[75.01588,12.71394],[75.00141,12.71614],[75.00119,12.7198],[75.00509,12.71971],[75.01143,12.72488],[75.01343,12.72835],[74.99912,12.73261],[74.99636,12.73556],[74.9879,12.73547],[74.98608,12.73392],[74.98401,12.73639],[74.98525,12.73883],[74.98422,12.73953],[74.98358,12.73885],[74.98462,12.74141],[74.98466,12.74369],[74.98591,12.74426],[74.98659,12.7438],[74.98661,12.74254],[74.9877,12.74257],[74.99018,12.7459],[74.99208,12.74671],[74.99343,12.74976],[74.99718,12.75245],[74.99844,12.75448],[74.99835,12.75564],[74.99915,12.7573],[75.00355,12.75974],[75.00452,12.7613],[75.0051,12.76453],[75.00697,12.76654],[75.0084,12.76703],[75.00826,12.76862],[75.00632,12.77085],[75.00341,12.77929],[75.00348,12.78022],[75.00294,12.78017],[75.00338,12.78056],[75.00366,12.78565],[75.0053,12.79107],[75.00294,12.79125],[75.00222,12.79203],[74.99942,12.79066],[74.99955,12.79364],[75.002,12.79933],[75.01018,12.79872],[75.01069,12.79832],[75.01089,12.79928],[75.01139,12.79954],[75.01107,12.80018],[75.01144,12.80102],[75.01289,12.80097],[75.0137,12.80043],[75.01449,12.79752],[75.01644,12.79834],[75.02276,12.79917],[75.02348,12.80365],[75.02123,12.80621],[75.02097,12.80751],[75.0215,12.80829],[75.02418,12.80988],[75.02428,12.81118],[75.02325,12.81503],[75.02631,12.81554],[75.0276,12.81748],[75.03,12.81562],[75.03063,12.81448],[75.03109,12.80801],[75.02923,12.80644],[75.02946,12.8046],[75.03479,12.80287],[75.03556,12.80177],[75.03759,12.80372],[75.03794,12.80491],[75.04438,12.80378],[75.04563,12.80502],[75.0427,12.80666],[75.04266,12.80742],[75.04184,12.80768],[75.04007,12.81011],[75.04196,12.81329],[75.04191,12.81472],[75.04334,12.81475],[75.04359,12.81402],[75.04435,12.81409],[75.04354,12.81765],[75.04845,12.81762],[75.04513,12.82141],[75.04392,12.82152],[75.04372,12.82266],[75.04525,12.82257],[75.04583,12.8238],[75.04738,12.82379],[75.04827,12.82485],[75.0477,12.8268],[75.04935,12.82706],[75.05155,12.82904],[75.05295,12.82881],[75.05507,12.82683],[75.05586,12.82748],[75.05594,12.83115],[75.05694,12.83229],[75.05742,12.83244],[75.05866,12.83162],[75.05953,12.82756],[75.0619,12.82881],[75.06517,12.8279],[75.06689,12.82837],[75.07757,12.82876],[75.07961,12.82958],[75.08253,12.82978],[75.08359,12.83214],[75.08295,12.83393],[75.08328,12.83539],[75.0845,12.83707],[75.10244,12.83926],[75.10481,12.84518],[75.10804,12.84645],[75.11618,12.84678]]]}},{"type":"Feature","properties":{"unitId":347,"unitName":"Belthangadi PS"},"geometry":{"type":"Polygon","coordinates":[[[75.35988,13.1847],[75.36319,13.18185],[75.36728,13.18164],[75.37381,13.18245],[75.3782,13.18134],[75.38425,13.17789],[75.3862,13.17559],[75.38753,13.17273],[75.38842,13.17209],[75.38854,13.17072],[75.39006,13.16996],[75.3903,13.16918],[75.39407,13.16611],[75.39494,13.16638],[75.39554,13.16548],[75.39786,13.16506],[75.39911,13.16372],[75.40001,13.16341],[75.40084,13.16116],[75.40292,13.16069],[75.40698,13.15808],[75.40699,13.15649],[75.40812,13.1543],[75.40763,13.15247],[75.40962,13.15008],[75.40899,13.14957],[75.40901,13.14267],[75.40768,13.13957],[75.41081,13.13105],[75.41238,13.12482],[75.41082,13.11741],[75.40984,13.11635],[75.40965,13.11499],[75.40913,13.11496],[75.40777,13.11248],[75.39211,13.11182],[75.38687,13.10738],[75.38747,13.10666],[75.38681,13.10452],[75.38531,13.10423],[75.3854,13.10353],[75.38393,13.1034],[75.38434,13.1027],[75.38347,13.1008],[75.38597,13.09655],[75.38824,13.09713],[75.38886,13.09607],[75.39036,13.09503],[75.39152,13.09321],[75.39164,13.09145],[75.39283,13.0904],[75.3928,13.08929],[75.39146,13.08662],[75.39003,13.08516],[75.38969,13.08367],[75.38824,13.08219],[75.38791,13.08098],[75.38827,13.07869],[75.38735,13.07651],[75.38611,13.07595],[75.38574,13.07415],[75.38599,13.07326],[75.38541,13.07201],[75.38648,13.07189],[75.38634,13.06985],[75.38575,13.06899],[75.3862,13.05803],[75.38439,13.05512],[75.3839,13.05259],[75.38568,13.05157],[75.3855,13.04968],[75.38597,13.04699],[75.38418,13.04124],[75.37915,13.0433],[75.37558,13.04407],[75.37235,13.04165],[75.37039,13.04449],[75.36869,13.04537],[75.36679,13.04313],[75.36647,13.04212],[75.36222,13.04286],[75.36119,13.04144],[75.36129,13.03995],[75.36052,13.03663],[75.36174,13.03445],[75.36156,13.03367],[75.36054,13.03338],[75.35968,13.03129],[75.35768,13.02379],[75.35559,13.02137],[75.35403,13.01675],[75.35203,13.01527],[75.35076,13.01335],[75.351,13.01026],[75.34888,13.0106],[75.34564,13.01242],[75.3462,13.01203],[75.34663,13.00895],[75.34606,13.00591],[75.34521,13.0043],[75.34216,13.00299],[75.34078,13.00002],[75.34414,12.99391],[75.34813,12.99312],[75.34842,12.9915],[75.34767,12.99039],[75.34872,12.98769],[75.34817,12.98629],[75.34936,12.98404],[75.34712,12.98214],[75.34554,12.97445],[75.3415,12.97146],[75.34256,12.96603],[75.33952,12.96801],[75.33597,12.96719],[75.33629,12.96563],[75.33588,12.9608],[75.33635,12.95926],[75.33166,12.95674],[75.32819,12.94987],[75.32742,12.94949],[75.32654,12.9492],[75.32566,12.94956],[75.32499,12.9489],[75.32352,12.94951],[75.3228,12.94931],[75.32304,12.94993],[75.32233,12.95008],[75.31776,12.95018],[75.31684,12.95289],[75.31472,12.95453],[75.31063,12.95418],[75.31221,12.94447],[75.30583,12.93381],[75.30495,12.92915],[75.30601,12.92695],[75.30626,12.92274],[75.309,12.92074],[75.30951,12.91697],[75.30905,12.91572],[75.30639,12.91369],[75.30619,12.91196],[75.30174,12.91147],[75.29988,12.91021],[75.29833,12.90779],[75.29784,12.90541],[75.29569,12.90672],[75.29415,12.90852],[75.29382,12.90968],[75.29067,12.91122],[75.28925,12.91252],[75.28604,12.91651],[75.28456,12.91952],[75.28102,12.91912],[75.27671,12.92377],[75.26681,12.92317],[75.26064,12.91828],[75.2541,12.91794],[75.25342,12.91879],[75.24824,12.92074],[75.24606,12.91766],[75.24593,12.91902],[75.24557,12.91899],[75.24517,12.92002],[75.24902,12.92331],[75.25027,12.92572],[75.25097,12.92572],[75.25368,12.93223],[75.25234,12.93352],[75.25141,12.93352],[75.25012,12.93248],[75.24233,12.93492],[75.23957,12.9422],[75.24072,12.94391],[75.23836,12.9464],[75.23676,12.95152],[75.23686,12.95272],[75.23347,12.95196],[75.23279,12.95374],[75.23091,12.9541],[75.2287,12.956],[75.22796,12.9559],[75.22671,12.95777],[75.22668,12.95938],[75.22378,12.96086],[75.22148,12.9633],[75.22086,12.96306],[75.22051,12.96402],[75.22183,12.96688],[75.22036,12.97125],[75.21596,12.97294],[75.2162,12.97429],[75.2174,12.97492],[75.21704,12.9753],[75.21609,12.97561],[75.21504,12.97415],[75.21356,12.97428],[75.20573,12.97175],[75.20458,12.97164],[75.20375,12.97211],[75.20202,12.97184],[75.20145,12.97424],[75.20178,12.97855],[75.20358,12.97973],[75.20287,12.98434],[75.20247,12.98474],[75.20145,12.9847],[75.1993,12.98615],[75.19748,12.9858],[75.1984,12.98446],[75.19451,12.97824],[75.18631,12.97839],[75.18486,12.97891],[75.18415,12.97825],[75.18315,12.97854],[75.18311,12.97725],[75.18033,12.98056],[75.17625,12.98227],[75.17554,12.98358],[75.17158,12.9856],[75.17308,12.9868],[75.17268,12.98846],[75.17379,12.98909],[75.17339,12.99007],[75.17522,12.99054],[75.17614,12.99286],[75.17117,12.99865],[75.17194,13.00621],[75.17277,13.00687],[75.1731,13.00906],[75.1747,13.0095],[75.18001,13.00792],[75.18328,13.00888],[75.18657,13.00906],[75.18699,13.00988],[75.1888,13.01062],[75.1916,13.01024],[75.19383,13.00765],[75.19451,13.00741],[75.19687,13.00748],[75.19951,13.00947],[75.20417,13.0083],[75.20659,13.00862],[75.21023,13.00832],[75.21243,13.01013],[75.21373,13.01235],[75.21598,13.01321],[75.22057,13.01308],[75.22195,13.01151],[75.22569,13.00931],[75.2251,13.00694],[75.22714,13.00584],[75.2275,13.00514],[75.23159,13.00544],[75.23391,13.00631],[75.2349,13.00557],[75.23676,13.00414],[75.23882,12.99958],[75.24088,12.99969],[75.24235,13.00173],[75.24535,13.00269],[75.24588,13.0032],[75.24446,13.00465],[75.24356,13.00425],[75.24358,13.00378],[75.24303,13.00381],[75.243,13.00494],[75.24353,13.00493],[75.24413,13.00615],[75.24123,13.00857],[75.24089,13.01009],[75.24156,13.01342],[75.23879,13.01702],[75.24231,13.0184],[75.24239,13.02045],[75.24296,13.02075],[75.24152,13.02195],[75.24181,13.02314],[75.24499,13.02354],[75.24453,13.02623],[75.24542,13.02644],[75.2457,13.02757],[75.24669,13.02747],[75.24728,13.02835],[75.24791,13.02757],[75.2493,13.0284],[75.2507,13.03183],[75.25219,13.03148],[75.25442,13.03217],[75.25424,13.03518],[75.25028,13.04367],[75.25269,13.04637],[75.2534,13.05089],[75.25426,13.07534],[75.25463,13.07571],[75.25398,13.07776],[75.24609,13.12878],[75.24711,13.12854],[75.24795,13.13011],[75.2551,13.12932],[75.25928,13.12661],[75.26046,13.12492],[75.26156,13.12489],[75.26182,13.12372],[75.26268,13.12369],[75.263,13.12471],[75.2642,13.12519],[75.26462,13.12453],[75.26662,13.12406],[75.26755,13.12491],[75.27078,13.12472],[75.27069,13.12583],[75.27202,13.12744],[75.27559,13.13086],[75.27765,13.1319],[75.28059,13.12708],[75.28005,13.12702],[75.28024,13.1257],[75.28124,13.12613],[75.28093,13.12462],[75.28197,13.12418],[75.28207,13.12563],[75.28325,13.12581],[75.28508,13.12276],[75.28835,13.12266],[75.28864,13.12537],[75.28925,13.12656],[75.28986,13.12669],[75.29034,13.12963],[75.29179,13.12914],[75.29234,13.12812],[75.29448,13.12699],[75.29732,13.12721],[75.29901,13.12668],[75.2997,13.12723],[75.30391,13.12577],[75.30562,13.12648],[75.31059,13.12952],[75.31048,13.13516],[75.31111,13.13817],[75.31391,13.13918],[75.31815,13.13986],[75.31915,13.14402],[75.31857,13.14441],[75.31824,13.14651],[75.31849,13.14867],[75.31719,13.15076],[75.31785,13.15317],[75.31925,13.15393],[75.3215,13.15781],[75.32168,13.16052],[75.32358,13.16416],[75.32392,13.16592],[75.32528,13.16542],[75.32608,13.16617],[75.32667,13.16582],[75.3266,13.16497],[75.32872,13.1641],[75.32946,13.16818],[75.33051,13.16884],[75.33113,13.1705],[75.33334,13.17195],[75.33368,13.17288],[75.33454,13.17308],[75.33472,13.17437],[75.33543,13.17479],[75.33538,13.17627],[75.33547,13.1759],[75.33695,13.17586],[75.3369,13.17638],[75.33806,13.17682],[75.33834,13.17838],[75.33982,13.17926],[75.3418,13.17898],[75.34596,13.18061],[75.34825,13.18299],[75.35401,13.18461],[75.35531,13.18584],[75.35577,13.18706],[75.35711,13.18674],[75.35988,13.1847]]]}},{"type":"Feature","properties":{"unitId":348,"unitName":"Dharmasthala PS"},"geometry":{"type":"Polygon","coordinates":[[[75.43333,13.11822],[75.43871,13.11572],[75.4415,13.11388],[75.4432,13.10962],[75.44244,13.10798],[75.44415,13.10542],[75.44603,13.10547],[75.44689,13.10677],[75.448,13.10705],[75.44908,13.10834],[75.45249,13.10945],[75.45577,13.10921],[75.45648,13.10872],[75.45662,13.10772],[75.46028,13.1068],[75.46285,13.10435],[75.46331,13.1031],[75.46621,13.10133],[75.46699,13.10157],[75.46752,13.09964],[75.46815,13.09947],[75.46853,13.09871],[75.47008,13.09841],[75.47382,13.09375],[75.46667,13.08287],[75.46764,13.07815],[75.46941,13.07572],[75.47152,13.07763],[75.4734,13.07851],[75.47819,13.0767],[75.47911,13.08202],[75.48059,13.08424],[75.48798,13.09016],[75.49187,13.08924],[75.5031,13.07508],[75.50596,13.07259],[75.50785,13.06908],[75.51288,13.06491],[75.51391,13.06482],[75.51875,13.06054],[75.51956,13.05837],[75.51768,13.05622],[75.51496,13.05456],[75.52705,13.04922],[75.52736,13.04735],[75.52593,13.04505],[75.52656,13.0404],[75.52624,13.03773],[75.52292,13.03425],[75.52037,13.03036],[75.52093,13.02728],[75.52958,13.02499],[75.53004,13.02306],[75.5302,13.01603],[75.531,13.01275],[75.53159,13.01281],[75.5327,13.00923],[75.52997,13.00214],[75.52751,13.00207],[75.5273,13.00172],[75.525,13.00221],[75.52632,12.99927],[75.52698,12.99913],[75.52783,12.99659],[75.52376,12.99278],[75.52376,12.99185],[75.52302,12.991],[75.52234,12.99126],[75.52107,12.98938],[75.52036,12.98599],[75.50215,12.98122],[75.50619,12.98147],[75.50982,12.98065],[75.51758,12.97014],[75.51865,12.96966],[75.51928,12.96999],[75.52164,12.96833],[75.52318,12.96939],[75.52303,12.96982],[75.52393,12.97073],[75.52638,12.96946],[75.52694,12.96764],[75.52803,12.96695],[75.52839,12.96532],[75.53301,12.96223],[75.53374,12.96076],[75.53347,12.95997],[75.5354,12.96023],[75.54053,12.95782],[75.54606,12.95629],[75.54625,12.95571],[75.54808,12.95467],[75.54802,12.95392],[75.5504,12.95221],[75.55159,12.95199],[75.55145,12.95067],[75.55312,12.95014],[75.55114,12.94544],[75.55268,12.94414],[75.55324,12.94258],[75.55277,12.9391],[75.5518,12.93652],[75.55116,12.93621],[75.55178,12.93233],[75.55153,12.92671],[75.55244,12.9227],[75.55265,12.91927],[75.5522,12.91699],[75.55233,12.91346],[75.54931,12.90867],[75.54486,12.90435],[75.54531,12.90186],[75.54711,12.89924],[75.5473,12.89481],[75.54782,12.89352],[75.5509,12.89047],[75.55164,12.88879],[75.55108,12.88497],[75.55147,12.87846],[75.55107,12.8744],[75.55137,12.87336],[75.55363,12.87048],[75.55364,12.86819],[75.55236,12.86532],[75.50135,12.86625],[75.50067,12.86403],[75.49968,12.86429],[75.49867,12.8635],[75.49946,12.86224],[75.49906,12.85731],[75.49681,12.85663],[75.50036,12.85145],[75.50016,12.85079],[75.4991,12.85027],[75.49868,12.84902],[75.49748,12.84873],[75.49536,12.84026],[75.49566,12.83],[75.49489,12.82957],[75.48628,12.82916],[75.48553,12.8295],[75.48268,12.82815],[75.47652,12.82635],[75.47623,12.8267],[75.47373,12.82643],[75.47132,12.82677],[75.46968,12.82587],[75.46813,12.82379],[75.46631,12.82422],[75.46547,12.8239],[75.46614,12.82234],[75.46535,12.81985],[75.46571,12.81882],[75.46429,12.81824],[75.45855,12.82202],[75.44248,12.83061],[75.44105,12.83255],[75.44102,12.83294],[75.44191,12.83331],[75.44732,12.84288],[75.44767,12.84429],[75.4461,12.85087],[75.44519,12.84999],[75.44295,12.84948],[75.44162,12.85198],[75.44018,12.85201],[75.44185,12.85887],[75.44095,12.86326],[75.44025,12.86324],[75.43998,12.86391],[75.43979,12.8657],[75.44055,12.86719],[75.43996,12.86856],[75.44039,12.86946],[75.43916,12.87028],[75.43855,12.86975],[75.43859,12.8684],[75.43798,12.86819],[75.43788,12.86874],[75.4355,12.87079],[75.43573,12.8739],[75.43443,12.87514],[75.43424,12.87745],[75.43141,12.87819],[75.43161,12.87459],[75.43051,12.87404],[75.42984,12.87459],[75.42729,12.88087],[75.42468,12.88132],[75.42163,12.88382],[75.41971,12.88378],[75.41791,12.88476],[75.41559,12.88521],[75.41662,12.88132],[75.41516,12.87926],[75.41122,12.87664],[75.40758,12.87766],[75.40426,12.87685],[75.40103,12.87753],[75.40075,12.87714],[75.40068,12.8751],[75.40181,12.87309],[75.4035,12.87174],[75.40354,12.86971],[75.40662,12.86771],[75.40665,12.8665],[75.40515,12.86493],[75.4051,12.86326],[75.40806,12.86212],[75.40807,12.86132],[75.40984,12.86074],[75.41197,12.86135],[75.41228,12.85851],[75.41084,12.85144],[75.411,12.84578],[75.41025,12.84367],[75.40807,12.84491],[75.40629,12.84464],[75.40496,12.84206],[75.40158,12.84182],[75.40016,12.84515],[75.39547,12.84522],[75.39574,12.84445],[75.3929,12.84412],[75.39049,12.84304],[75.38889,12.84285],[75.38847,12.84389],[75.38749,12.84419],[75.38694,12.84494],[75.3869,12.84626],[75.38625,12.84674],[75.38579,12.84888],[75.38284,12.84935],[75.38055,12.84872],[75.37416,12.85257],[75.37027,12.85333],[75.3696,12.85661],[75.3679,12.85824],[75.36629,12.85907],[75.36197,12.8593],[75.3593,12.86142],[75.35879,12.86246],[75.36125,12.86264],[75.36121,12.86344],[75.35977,12.86552],[75.35734,12.86704],[75.35515,12.8698],[75.35305,12.87063],[75.34796,12.87406],[75.34708,12.87375],[75.3464,12.87125],[75.34456,12.871],[75.34361,12.87182],[75.34237,12.87463],[75.33925,12.87654],[75.33618,12.87916],[75.33482,12.87963],[75.33396,12.87976],[75.33188,12.87584],[75.33255,12.87278],[75.33187,12.86879],[75.33052,12.86745],[75.3293,12.86499],[75.32696,12.86281],[75.32666,12.86078],[75.32739,12.85871],[75.32558,12.85725],[75.32534,12.85637],[75.3237,12.85549],[75.32305,12.85812],[75.32069,12.85965],[75.31977,12.86156],[75.31721,12.86446],[75.31034,12.87488],[75.30361,12.88243],[75.29947,12.88312],[75.29839,12.8839],[75.29551,12.88047],[75.29521,12.8825],[75.29143,12.88868],[75.29074,12.89158],[75.29415,12.89298],[75.29551,12.89411],[75.29758,12.89323],[75.2975,12.89824],[75.29664,12.89973],[75.29693,12.90271],[75.29831,12.90334],[75.29893,12.9051],[75.29814,12.9055],[75.29833,12.90779],[75.29904,12.90927],[75.30174,12.91147],[75.30619,12.91196],[75.30639,12.91369],[75.3095,12.91642],[75.309,12.92074],[75.30626,12.92274],[75.30601,12.92695],[75.30495,12.92915],[75.30583,12.93381],[75.31221,12.94447],[75.31063,12.95418],[75.31472,12.95453],[75.31684,12.95289],[75.31776,12.95018],[75.32233,12.95008],[75.32304,12.94993],[75.3228,12.94931],[75.32352,12.94951],[75.32499,12.9489],[75.32566,12.94956],[75.32654,12.9492],[75.32742,12.94949],[75.32819,12.94987],[75.33166,12.95674],[75.33635,12.95926],[75.33588,12.9608],[75.33629,12.96563],[75.33597,12.96719],[75.33952,12.96801],[75.34256,12.96603],[75.3415,12.97146],[75.34554,12.97445],[75.34712,12.98214],[75.34936,12.98404],[75.34817,12.98629],[75.34872,12.98769],[75.34767,12.99039],[75.34842,12.9915],[75.34813,12.99312],[75.34414,12.99391],[75.34078,13.00002],[75.34216,13.00299],[75.34521,13.0043],[75.34606,13.00591],[75.34663,13.00895],[75.3462,13.01203],[75.34564,13.01242],[75.34888,13.0106],[75.351,13.01026],[75.35076,13.01335],[75.35203,13.01527],[75.35403,13.01675],[75.35559,13.02137],[75.35768,13.02379],[75.35968,13.03129],[75.36054,13.03338],[75.36156,13.03367],[75.36174,13.03445],[75.36052,13.03663],[75.36129,13.03995],[75.36119,13.04144],[75.36222,13.04286],[75.36647,13.04212],[75.36679,13.04313],[75.36869,13.04537],[75.37039,13.04449],[75.37235,13.04165],[75.37558,13.04407],[75.37915,13.0433],[75.38418,13.04124],[75.38597,13.04699],[75.3855,13.04968],[75.38568,13.05157],[75.3839,13.05259],[75.38439,13.05512],[75.3862,13.05803],[75.38575,13.06899],[75.38634,13.06985],[75.38648,13.07189],[75.38541,13.07201],[75.38599,13.07326],[75.38574,13.07415],[75.38611,13.07595],[75.38735,13.07651],[75.38827,13.07869],[75.38791,13.08098],[75.38824,13.08219],[75.38969,13.08367],[75.39003,13.08516],[75.39146,13.08662],[75.3928,13.08929],[75.39283,13.0904],[75.39164,13.09145],[75.39152,13.09321],[75.39036,13.09503],[75.38886,13.09607],[75.38824,13.09713],[75.38597,13.09655],[75.38347,13.1008],[75.38434,13.1027],[75.38401,13.1037],[75.3854,13.10353],[75.38531,13.10423],[75.38681,13.10452],[75.38747,13.10666],[75.38687,13.10738],[75.39211,13.11182],[75.40777,13.11248],[75.40755,13.11165],[75.41042,13.11109],[75.41245,13.10865],[75.41538,13.1062],[75.41884,13.10788],[75.42386,13.10631],[75.42562,13.10968],[75.42537,13.11171],[75.42675,13.11418],[75.4287,13.11486],[75.43205,13.11724],[75.43228,13.1202],[75.43287,13.11998],[75.43255,13.11907],[75.43333,13.11822]]]}},{"type":"Feature","properties":{"unitId":349,"unitName":"Punjalkatte PS"},"geometry":{"type":"Polygon","coordinates":[[[75.08387,13.00016],[75.08537,12.99968],[75.08455,12.99659],[75.08484,12.99424],[75.08594,12.99407],[75.0868,12.99285],[75.08648,12.99216],[75.08733,12.99176],[75.0875,12.98866],[75.089,12.98795],[75.09346,12.98979],[75.09216,12.99056],[75.09177,12.99376],[75.09405,12.99409],[75.09433,12.99484],[75.09657,12.9953],[75.09826,12.99639],[75.09883,12.9959],[75.0997,12.99623],[75.09999,12.99329],[75.10077,12.99236],[75.10323,12.99228],[75.10613,12.99028],[75.11223,12.99054],[75.1126,12.98914],[75.11327,12.9886],[75.11571,12.98788],[75.11951,12.98549],[75.12092,12.98412],[75.12094,12.98188],[75.12246,12.98102],[75.12371,12.98106],[75.12416,12.97901],[75.12557,12.97681],[75.12637,12.97631],[75.12599,12.97559],[75.12696,12.97514],[75.12655,12.97459],[75.12452,12.97443],[75.12777,12.97358],[75.14447,12.97804],[75.15274,12.98137],[75.15549,12.98075],[75.15638,12.98096],[75.15717,12.97973],[75.15667,12.97848],[75.15722,12.9759],[75.15759,12.97606],[75.15874,12.97481],[75.15963,12.97471],[75.15939,12.97398],[75.1602,12.97329],[75.15963,12.97033],[75.16122,12.97088],[75.16181,12.97223],[75.16371,12.97278],[75.16563,12.97416],[75.17046,12.97266],[75.17463,12.97367],[75.17495,12.97331],[75.17878,12.97316],[75.17993,12.97257],[75.18116,12.97369],[75.18188,12.97204],[75.18323,12.97367],[75.18289,12.9743],[75.18364,12.97615],[75.18315,12.97854],[75.18415,12.97825],[75.18486,12.97891],[75.18631,12.97839],[75.19453,12.97825],[75.1984,12.98446],[75.19748,12.9858],[75.1993,12.98615],[75.20145,12.9847],[75.20205,12.9849],[75.20287,12.98434],[75.20357,12.97964],[75.20178,12.97855],[75.20145,12.97424],[75.20202,12.97184],[75.20375,12.97211],[75.20458,12.97164],[75.20573,12.97175],[75.21356,12.97428],[75.21504,12.97415],[75.21609,12.97561],[75.21704,12.9753],[75.2174,12.97492],[75.2162,12.97429],[75.21596,12.97294],[75.22036,12.97125],[75.22183,12.96688],[75.22051,12.96402],[75.22086,12.96306],[75.22148,12.9633],[75.22378,12.96086],[75.22668,12.95938],[75.22671,12.95777],[75.22796,12.9559],[75.2287,12.956],[75.23091,12.9541],[75.23279,12.95374],[75.23347,12.95196],[75.23686,12.95272],[75.23676,12.95152],[75.23836,12.9464],[75.24072,12.94391],[75.23957,12.9422],[75.24233,12.93492],[75.25012,12.93248],[75.25141,12.93352],[75.25234,12.93352],[75.25368,12.93223],[75.25097,12.92572],[75.25027,12.92572],[75.24902,12.92331],[75.24517,12.92002],[75.24557,12.91899],[75.24593,12.91902],[75.24606,12.91766],[75.24543,12.91689],[75.246,12.91529],[75.24652,12.91506],[75.24805,12.9093],[75.2513,12.90563],[75.2518,12.90429],[75.2513,12.90396],[75.25074,12.90542],[75.24893,12.9032],[75.24897,12.89936],[75.24942,12.89859],[75.24804,12.89689],[75.24761,12.89239],[75.24936,12.89033],[75.24999,12.888],[75.25107,12.88637],[75.24857,12.88501],[75.24683,12.88473],[75.24681,12.8842],[75.2453,12.8828],[75.24319,12.88215],[75.24462,12.88577],[75.24508,12.88573],[75.24439,12.88792],[75.24313,12.88853],[75.24215,12.88525],[75.24023,12.8856],[75.23601,12.88324],[75.23317,12.87848],[75.2262,12.87832],[75.223,12.88096],[75.21949,12.88162],[75.2194,12.88267],[75.21892,12.88295],[75.21282,12.88156],[75.21188,12.88066],[75.21151,12.87594],[75.208,12.87766],[75.20518,12.87832],[75.20454,12.87604],[75.20381,12.87574],[75.20381,12.87493],[75.20218,12.87246],[75.20108,12.87182],[75.2018,12.87103],[75.20239,12.8685],[75.20134,12.86635],[75.20209,12.86575],[75.20161,12.86421],[75.20063,12.8635],[75.20068,12.86265],[75.19762,12.86057],[75.19508,12.86176],[75.19317,12.86169],[75.19098,12.86322],[75.18948,12.86523],[75.18692,12.86388],[75.17628,12.86431],[75.16975,12.86305],[75.16334,12.86726],[75.16115,12.87009],[75.16253,12.87364],[75.16224,12.87556],[75.16027,12.87553],[75.1595,12.8769],[75.15686,12.87676],[75.15609,12.87793],[75.15683,12.87898],[75.15712,12.8816],[75.15891,12.88441],[75.15916,12.89018],[75.15955,12.89102],[75.15825,12.89231],[75.15743,12.89222],[75.15654,12.89426],[75.15473,12.89431],[75.15431,12.89536],[75.15089,12.89572],[75.14845,12.89676],[75.14905,12.89509],[75.14667,12.89414],[75.14597,12.89279],[75.14521,12.89334],[75.14361,12.89193],[75.14415,12.89406],[75.14243,12.89519],[75.1408,12.89348],[75.13477,12.89201],[75.13088,12.89567],[75.12777,12.89761],[75.12606,12.89815],[75.12601,12.90144],[75.12727,12.90167],[75.12322,12.91107],[75.12653,12.91984],[75.12734,12.92385],[75.13167,12.9255],[75.13181,12.92791],[75.13268,12.92795],[75.13255,12.92833],[75.13149,12.92818],[75.1325,12.93117],[75.13182,12.93498],[75.13281,12.93844],[75.13432,12.93792],[75.13414,12.93873],[75.13462,12.9395],[75.13259,12.94114],[75.13236,12.94187],[75.13138,12.94197],[75.13112,12.94076],[75.13094,12.94186],[75.13055,12.94177],[75.13047,12.94059],[75.12969,12.94083],[75.12971,12.94155],[75.12752,12.94211],[75.12618,12.94021],[75.12311,12.93807],[75.12023,12.93758],[75.11835,12.93639],[75.11688,12.92956],[75.10901,12.92846],[75.10975,12.93087],[75.11031,12.93133],[75.11016,12.93252],[75.11088,12.93428],[75.11054,12.93559],[75.10949,12.93684],[75.10586,12.93662],[75.10352,12.93768],[75.10364,12.93847],[75.10299,12.93922],[75.10149,12.93991],[75.10118,12.93952],[75.09918,12.94377],[75.10054,12.94819],[75.09981,12.95067],[75.1021,12.95335],[75.10178,12.95715],[75.10305,12.96178],[75.10002,12.96272],[75.09766,12.96275],[75.09704,12.96605],[75.09665,12.96251],[75.09155,12.95937],[75.08193,12.96007],[75.0757,12.95877],[75.06594,12.95926],[75.06498,12.95963],[75.06136,12.96287],[75.05923,12.96921],[75.05774,12.96934],[75.05792,12.96997],[75.05743,12.97049],[75.05517,12.97093],[75.05234,12.97327],[75.0519,12.97316],[75.05037,12.97553],[75.04893,12.97558],[75.04818,12.97651],[75.04674,12.97684],[75.04614,12.97812],[75.04509,12.97829],[75.0445,12.97714],[75.04338,12.97704],[75.04153,12.97746],[75.04196,12.97829],[75.04143,12.97901],[75.03889,12.97842],[75.03814,12.97906],[75.03791,12.98428],[75.03715,12.98518],[75.03649,12.99102],[75.03837,12.99205],[75.04142,12.99119],[75.04726,12.9936],[75.04856,12.99214],[75.05022,12.99339],[75.05373,12.99405],[75.05776,12.99194],[75.05756,12.98928],[75.06104,12.9884],[75.06017,12.98451],[75.0612,12.98389],[75.06137,12.98482],[75.06369,12.98587],[75.06333,12.9861],[75.0638,12.98705],[75.06649,12.9853],[75.06817,12.98646],[75.06617,12.98747],[75.0662,12.99076],[75.06344,12.99531],[75.06253,12.99588],[75.06194,12.99829],[75.064,13.00014],[75.07257,13.00065],[75.07718,13.00216],[75.08387,13.00016]]]}},{"type":"Feature","properties":{"unitId":350,"unitName":"VenoorPS"},"geometry":{"type":"Polygon","coordinates":[[[75.20676,13.15871],[75.20713,13.15874],[75.20666,13.15681],[75.20495,13.15464],[75.20553,13.15215],[75.20759,13.15104],[75.20939,13.15128],[75.212,13.15411],[75.21593,13.15461],[75.21717,13.15204],[75.21963,13.15133],[75.22276,13.14725],[75.22308,13.14615],[75.22671,13.14708],[75.22689,13.1447],[75.2278,13.14514],[75.22794,13.14417],[75.2302,13.14047],[75.23743,13.13891],[75.23985,13.13633],[75.24081,13.13401],[75.24356,13.13047],[75.24376,13.12938],[75.24609,13.12878],[75.25398,13.07776],[75.25463,13.07571],[75.25426,13.07534],[75.2534,13.05089],[75.25269,13.04637],[75.25028,13.04367],[75.25424,13.03518],[75.25442,13.03217],[75.25219,13.03148],[75.2507,13.03183],[75.2493,13.0284],[75.24791,13.02757],[75.24728,13.02835],[75.24669,13.02747],[75.2457,13.02757],[75.24542,13.02644],[75.24453,13.02623],[75.24499,13.02354],[75.24181,13.02314],[75.24152,13.02195],[75.24296,13.02075],[75.24239,13.02045],[75.24231,13.0184],[75.23879,13.01702],[75.24156,13.01342],[75.24089,13.01009],[75.24123,13.00857],[75.24413,13.00615],[75.24353,13.00493],[75.243,13.00494],[75.24303,13.00381],[75.24358,13.00378],[75.24356,13.00425],[75.24446,13.00465],[75.24588,13.0032],[75.24535,13.00269],[75.24235,13.00173],[75.24088,12.99969],[75.23882,12.99958],[75.23676,13.00414],[75.2349,13.00557],[75.23391,13.00631],[75.23159,13.00544],[75.2275,13.00514],[75.22714,13.00584],[75.2251,13.00694],[75.22569,13.00931],[75.22195,13.01151],[75.22057,13.01308],[75.21598,13.01321],[75.21373,13.01235],[75.21243,13.01013],[75.21023,13.00832],[75.20659,13.00862],[75.20417,13.0083],[75.19951,13.00947],[75.19687,13.00748],[75.19451,13.00741],[75.19383,13.00765],[75.1916,13.01024],[75.1888,13.01062],[75.18699,13.00988],[75.18657,13.00906],[75.18328,13.00888],[75.18001,13.00792],[75.1747,13.0095],[75.1731,13.00906],[75.17277,13.00687],[75.17194,13.00621],[75.17117,12.99865],[75.17614,12.99286],[75.17522,12.99054],[75.17339,12.99007],[75.17379,12.98909],[75.17268,12.98846],[75.17308,12.9868],[75.17158,12.9856],[75.17554,12.98358],[75.17625,12.98227],[75.18033,12.98056],[75.1836,12.97643],[75.18289,12.9743],[75.18319,12.97354],[75.18188,12.97204],[75.18116,12.97369],[75.17993,12.97257],[75.17878,12.97316],[75.17495,12.97331],[75.17463,12.97367],[75.17046,12.97266],[75.16563,12.97416],[75.16371,12.97278],[75.16181,12.97223],[75.16122,12.97088],[75.15963,12.97033],[75.1602,12.97329],[75.15939,12.97398],[75.15963,12.97471],[75.15874,12.97481],[75.15759,12.97606],[75.15722,12.9759],[75.15667,12.97848],[75.15717,12.97973],[75.15638,12.98096],[75.15549,12.98075],[75.15328,12.98134],[75.14447,12.97804],[75.12777,12.97358],[75.12452,12.97443],[75.12655,12.97459],[75.12696,12.97514],[75.12599,12.97559],[75.12637,12.97631],[75.12557,12.97681],[75.12416,12.97901],[75.12371,12.98106],[75.12246,12.98102],[75.12094,12.98188],[75.12092,12.98412],[75.11951,12.98549],[75.11571,12.98788],[75.11327,12.9886],[75.1126,12.98914],[75.11223,12.99054],[75.10613,12.99028],[75.10323,12.99228],[75.10077,12.99236],[75.09999,12.99329],[75.0997,12.99623],[75.09883,12.9959],[75.09826,12.99639],[75.09657,12.9953],[75.09433,12.99484],[75.09405,12.99409],[75.09177,12.99376],[75.09216,12.99056],[75.09346,12.98979],[75.08882,12.98801],[75.0875,12.98866],[75.08733,12.99176],[75.08648,12.99216],[75.0868,12.99285],[75.08594,12.99407],[75.08484,12.99424],[75.08455,12.99659],[75.08537,12.99968],[75.07718,13.00216],[75.07257,13.00065],[75.064,13.00014],[75.06733,13.00323],[75.06651,13.00472],[75.06644,13.01027],[75.06464,13.00908],[75.058,13.00845],[75.05639,13.01126],[75.0552,13.01143],[75.05411,13.01261],[75.05284,13.0129],[75.05153,13.01402],[75.05058,13.01401],[75.04938,13.01499],[75.04858,13.01468],[75.04732,13.01583],[75.04599,13.01624],[75.04494,13.0157],[75.04439,13.01606],[75.04426,13.01677],[75.04705,13.01826],[75.04931,13.02033],[75.051,13.0225],[75.0523,13.02529],[75.05416,13.02684],[75.05601,13.03033],[75.05883,13.03176],[75.06407,13.03242],[75.06705,13.03434],[75.06776,13.04145],[75.066,13.04396],[75.06608,13.04446],[75.06888,13.04477],[75.07238,13.04638],[75.07709,13.04469],[75.07785,13.04537],[75.07997,13.04868],[75.07871,13.05123],[75.07882,13.05215],[75.08189,13.05636],[75.08137,13.0576],[75.08152,13.05855],[75.08344,13.06161],[75.08355,13.06313],[75.08507,13.06426],[75.08521,13.06484],[75.08931,13.0659],[75.09034,13.06947],[75.09047,13.07075],[75.08993,13.07246],[75.08999,13.07441],[75.09051,13.07462],[75.09081,13.07664],[75.09051,13.07736],[75.09365,13.07735],[75.09764,13.08003],[75.09956,13.08345],[75.09661,13.08742],[75.09655,13.08828],[75.10128,13.09268],[75.10338,13.0959],[75.10488,13.09653],[75.10658,13.09856],[75.10833,13.09837],[75.10846,13.10128],[75.11064,13.10139],[75.11173,13.10215],[75.11428,13.10605],[75.11601,13.10758],[75.11628,13.10961],[75.11993,13.1104],[75.12034,13.11293],[75.12237,13.1122],[75.12293,13.11421],[75.12166,13.11756],[75.12228,13.11865],[75.12291,13.11868],[75.12595,13.11755],[75.12577,13.12725],[75.12672,13.12899],[75.12696,13.13067],[75.1271,13.12999],[75.12808,13.12976],[75.12947,13.13046],[75.12948,13.13326],[75.13034,13.1321],[75.13192,13.13211],[75.13288,13.13265],[75.13478,13.13263],[75.13585,13.13337],[75.13727,13.13074],[75.1383,13.13218],[75.13876,13.13193],[75.13982,13.13239],[75.14086,13.13138],[75.14154,13.13151],[75.142,13.13068],[75.14245,13.13091],[75.14257,13.1303],[75.14341,13.13035],[75.14348,13.13209],[75.14442,13.13216],[75.14522,13.1314],[75.14446,13.12949],[75.14464,13.12801],[75.14381,13.12757],[75.14423,13.12632],[75.14877,13.12355],[75.14952,13.12455],[75.15047,13.12438],[75.15239,13.12519],[75.15609,13.12867],[75.15775,13.12922],[75.15793,13.13022],[75.1588,13.13029],[75.15901,13.13074],[75.15951,13.13045],[75.15933,13.13171],[75.16012,13.13175],[75.16053,13.13097],[75.16206,13.13023],[75.16903,13.14161],[75.179,13.14981],[75.18361,13.15868],[75.18337,13.16027],[75.18449,13.16123],[75.18829,13.16089],[75.19357,13.15892],[75.20676,13.15871]]]}},{"type":"Feature","properties":{"unitId":351,"unitName":"Puttur Rural PS"},"geometry":{"type":"Polygon","coordinates":[[[75.18414,12.73892],[75.18397,12.74162],[75.18542,12.74375],[75.19001,12.74324],[75.19361,12.74728],[75.19339,12.74921],[75.19586,12.75179],[75.20071,12.74861],[75.20463,12.74747],[75.21194,12.74665],[75.21953,12.73893],[75.22804,12.73983],[75.23454,12.74157],[75.23867,12.74082],[75.23655,12.73528],[75.23704,12.73094],[75.23914,12.73077],[75.24175,12.73163],[75.24436,12.73133],[75.24602,12.73451],[75.24769,12.73995],[75.25184,12.74314],[75.25189,12.7451],[75.25307,12.74558],[75.25297,12.74918],[75.25473,12.75163],[75.25453,12.75325],[75.25629,12.75356],[75.25724,12.75516],[75.25936,12.75568],[75.26301,12.75503],[75.26362,12.75332],[75.26669,12.75221],[75.26749,12.75148],[75.26722,12.74987],[75.26996,12.75004],[75.27209,12.749],[75.27402,12.74871],[75.27443,12.74658],[75.27809,12.7475],[75.28541,12.74668],[75.29658,12.74301],[75.29671,12.74176],[75.29844,12.74093],[75.2979,12.739],[75.2992,12.73725],[75.29798,12.73462],[75.29882,12.73278],[75.29545,12.72639],[75.2964,12.72457],[75.29714,12.72103],[75.29886,12.72065],[75.29804,12.71909],[75.29804,12.71554],[75.30066,12.708],[75.30584,12.70363],[75.30663,12.70204],[75.30667,12.7005],[75.30731,12.69966],[75.31053,12.70023],[75.31191,12.69881],[75.31366,12.69803],[75.31449,12.69672],[75.31931,12.69618],[75.32048,12.69429],[75.32244,12.69378],[75.32417,12.68985],[75.32067,12.68583],[75.31578,12.6873],[75.31391,12.68717],[75.31273,12.68654],[75.31197,12.68538],[75.3108,12.68135],[75.30615,12.68205],[75.30492,12.68125],[75.30557,12.67999],[75.30535,12.67913],[75.30468,12.67871],[75.30646,12.67728],[75.30656,12.6735],[75.30719,12.67274],[75.30918,12.67186],[75.30812,12.6691],[75.30739,12.66884],[75.30778,12.6676],[75.3075,12.66556],[75.30897,12.66636],[75.31027,12.66398],[75.30854,12.66393],[75.3048,12.65922],[75.30218,12.65939],[75.29772,12.66073],[75.29724,12.65902],[75.29562,12.6586],[75.29042,12.66058],[75.28997,12.65755],[75.29143,12.65203],[75.29074,12.65051],[75.29098,12.64825],[75.29171,12.64712],[75.29382,12.64727],[75.29785,12.64661],[75.29413,12.63684],[75.29387,12.6323],[75.28996,12.6275],[75.2989,12.62604],[75.29897,12.62446],[75.29567,12.62272],[75.29433,12.62042],[75.2908,12.62056],[75.28946,12.62008],[75.28766,12.61753],[75.28323,12.61682],[75.2822,12.61609],[75.28067,12.61612],[75.2795,12.61692],[75.27683,12.61743],[75.27575,12.61824],[75.27499,12.6176],[75.27435,12.61768],[75.2723,12.61537],[75.268,12.61433],[75.26599,12.61148],[75.26517,12.61114],[75.26616,12.60712],[75.26661,12.60705],[75.26571,12.60649],[75.26549,12.60537],[75.26407,12.60511],[75.26361,12.60208],[75.26207,12.5998],[75.26262,12.59854],[75.26046,12.59776],[75.26004,12.59628],[75.25665,12.59634],[75.25635,12.59601],[75.25689,12.59504],[75.2554,12.59425],[75.25511,12.59188],[75.25158,12.58811],[75.24988,12.5843],[75.24806,12.58448],[75.24655,12.58236],[75.24469,12.58114],[75.24242,12.58116],[75.24139,12.57971],[75.23916,12.58078],[75.23875,12.57805],[75.23757,12.5774],[75.23687,12.57601],[75.23814,12.57518],[75.23802,12.56931],[75.23744,12.56888],[75.23391,12.56946],[75.22672,12.56859],[75.22598,12.56984],[75.22405,12.5703],[75.21978,12.56891],[75.22013,12.57155],[75.21886,12.57362],[75.21707,12.57403],[75.21735,12.57609],[75.2147,12.57753],[75.21276,12.57768],[75.2118,12.58354],[75.2111,12.58514],[75.21024,12.58584],[75.2107,12.58844],[75.20927,12.59167],[75.20107,12.58753],[75.20181,12.59074],[75.20185,12.59349],[75.20228,12.59406],[75.20359,12.59378],[75.21059,12.59706],[75.20978,12.60078],[75.20787,12.60271],[75.20837,12.60608],[75.20807,12.60653],[75.2057,12.60796],[75.20415,12.60955],[75.20356,12.60948],[75.20357,12.60989],[75.20258,12.60957],[75.20033,12.61015],[75.19988,12.61133],[75.19855,12.6126],[75.19887,12.61382],[75.19785,12.6141],[75.1985,12.61428],[75.19898,12.61676],[75.20154,12.62016],[75.20102,12.62108],[75.20132,12.62257],[75.20249,12.62486],[75.20238,12.62875],[75.20134,12.63036],[75.19683,12.63158],[75.19672,12.63271],[75.19547,12.63342],[75.19447,12.63246],[75.19129,12.63319],[75.19079,12.63525],[75.18516,12.6332],[75.1839,12.63439],[75.18577,12.63224],[75.18272,12.63295],[75.18163,12.63268],[75.18117,12.6318],[75.18034,12.63155],[75.17264,12.62427],[75.17057,12.62283],[75.16947,12.62241],[75.16752,12.6226],[75.16424,12.62424],[75.16272,12.62258],[75.16083,12.62236],[75.15768,12.62416],[75.15546,12.62445],[75.15358,12.62529],[75.15198,12.62749],[75.15195,12.62873],[75.15116,12.63033],[75.14935,12.63273],[75.1481,12.63355],[75.14527,12.63887],[75.1433,12.63967],[75.1426,12.63846],[75.13826,12.64363],[75.14112,12.64451],[75.14337,12.64652],[75.15018,12.64956],[75.15169,12.65289],[75.15268,12.65693],[75.15717,12.66295],[75.16153,12.67178],[75.15875,12.67144],[75.15414,12.67276],[75.15024,12.67285],[75.14912,12.67322],[75.14832,12.67514],[75.15084,12.67976],[75.15157,12.68232],[75.15231,12.68278],[75.15347,12.68224],[75.15663,12.68312],[75.15806,12.68259],[75.15965,12.68118],[75.16093,12.68111],[75.16098,12.68623],[75.16166,12.68748],[75.16093,12.68869],[75.16344,12.69217],[75.16409,12.69544],[75.16835,12.69779],[75.16703,12.7006],[75.17044,12.70362],[75.17169,12.70363],[75.17059,12.70496],[75.17079,12.70721],[75.17164,12.70867],[75.17195,12.70837],[75.17093,12.71002],[75.17136,12.71204],[75.17332,12.71689],[75.17472,12.71825],[75.17647,12.72214],[75.17845,12.72408],[75.17587,12.72704],[75.17262,12.72894],[75.17217,12.72986],[75.16294,12.73507],[75.16268,12.73649],[75.16384,12.74004],[75.16357,12.74134],[75.16216,12.74167],[75.16086,12.74623],[75.15861,12.7477],[75.15825,12.74942],[75.15737,12.75049],[75.16692,12.75398],[75.16757,12.75835],[75.16801,12.75798],[75.1698,12.74996],[75.17118,12.74786],[75.17197,12.74557],[75.17432,12.74261],[75.17549,12.74195],[75.17773,12.74186],[75.183,12.74036],[75.18414,12.73892]]]}},{"type":"Feature","properties":{"unitId":352,"unitName":"Uppinangadi PS"},"geometry":{"type":"MultiPolygon","coordinates":[[[[75.27741,12.92306],[75.28102,12.91912],[75.28456,12.91952],[75.28604,12.91651],[75.28925,12.91252],[75.29067,12.91122],[75.29382,12.90968],[75.29415,12.90852],[75.29569,12.90672],[75.29893,12.9051],[75.29831,12.90334],[75.29693,12.90271],[75.29664,12.89973],[75.2975,12.89824],[75.29758,12.89323],[75.29551,12.89411],[75.29415,12.89298],[75.29074,12.89158],[75.29143,12.88868],[75.29521,12.8825],[75.29551,12.88047],[75.29839,12.8839],[75.29947,12.88312],[75.30361,12.88243],[75.31034,12.87488],[75.31721,12.86446],[75.31977,12.86156],[75.32069,12.85965],[75.32305,12.85812],[75.3237,12.85549],[75.32534,12.85637],[75.32558,12.85725],[75.32739,12.85871],[75.32666,12.86078],[75.32696,12.86281],[75.3293,12.86499],[75.33052,12.86745],[75.33187,12.86879],[75.33255,12.87278],[75.33188,12.87584],[75.33396,12.87976],[75.33482,12.87963],[75.33618,12.87916],[75.33925,12.87654],[75.34237,12.87463],[75.34361,12.87182],[75.34456,12.871],[75.3464,12.87125],[75.34708,12.87375],[75.34796,12.87406],[75.35305,12.87063],[75.35515,12.8698],[75.35734,12.86704],[75.3594,12.86587],[75.36095,12.8639],[75.36125,12.86264],[75.35869,12.86226],[75.36109,12.85985],[75.36222,12.85922],[75.36629,12.85907],[75.36752,12.8585],[75.3696,12.85661],[75.37027,12.85333],[75.37416,12.85257],[75.38055,12.84872],[75.38284,12.84935],[75.38579,12.84888],[75.38625,12.84674],[75.3869,12.84626],[75.38694,12.84494],[75.38749,12.84419],[75.38847,12.84389],[75.38889,12.84285],[75.39049,12.84304],[75.3929,12.84412],[75.39574,12.84445],[75.39547,12.84522],[75.40016,12.84515],[75.40158,12.84182],[75.40496,12.84206],[75.40629,12.84464],[75.40807,12.84491],[75.41025,12.84367],[75.41063,12.84451],[75.41108,12.84805],[75.41084,12.85144],[75.41228,12.85851],[75.41197,12.86135],[75.40984,12.86074],[75.40807,12.86132],[75.40806,12.86212],[75.4051,12.86326],[75.40515,12.86493],[75.40665,12.8665],[75.40662,12.86771],[75.40354,12.86971],[75.4035,12.87174],[75.40181,12.87309],[75.40068,12.8751],[75.40103,12.87753],[75.40426,12.87685],[75.40758,12.87766],[75.41122,12.87664],[75.41516,12.87926],[75.41662,12.88132],[75.41559,12.88521],[75.41791,12.88476],[75.41971,12.88378],[75.42163,12.88382],[75.42468,12.88132],[75.42729,12.88087],[75.42984,12.87459],[75.43051,12.87404],[75.43161,12.87459],[75.43141,12.87819],[75.43424,12.87745],[75.43443,12.87514],[75.43573,12.8739],[75.4355,12.87079],[75.43788,12.86874],[75.43798,12.86819],[75.43859,12.8684],[75.43855,12.86975],[75.43916,12.87028],[75.44039,12.86946],[75.43996,12.86856],[75.44055,12.86719],[75.43979,12.8657],[75.43998,12.86391],[75.44025,12.86324],[75.44095,12.86326],[75.44185,12.85887],[75.44018,12.85201],[75.44162,12.85198],[75.44295,12.84948],[75.44519,12.84999],[75.4461,12.85087],[75.44767,12.84429],[75.44732,12.84288],[75.44191,12.83331],[75.44102,12.83294],[75.44105,12.83255],[75.44248,12.83061],[75.45855,12.82202],[75.46429,12.81824],[75.4595,12.816],[75.45856,12.81492],[75.45862,12.81277],[75.45764,12.80956],[75.45814,12.80884],[75.45888,12.80532],[75.45862,12.80494],[75.4592,12.8037],[75.45844,12.80293],[75.45873,12.80027],[75.45803,12.79877],[75.45696,12.79873],[75.45628,12.79779],[75.45672,12.79549],[75.45501,12.79565],[75.45389,12.79473],[75.45508,12.79132],[75.45825,12.79165],[75.4562,12.78564],[75.45592,12.78341],[75.45479,12.78353],[75.45407,12.78488],[75.45421,12.787],[75.45152,12.78752],[75.45,12.78926],[75.44813,12.78488],[75.44684,12.78478],[75.44577,12.78695],[75.44576,12.79073],[75.44729,12.79241],[75.44925,12.79212],[75.45017,12.79247],[75.4504,12.79387],[75.44938,12.79307],[75.44637,12.79351],[75.44631,12.79486],[75.4469,12.79683],[75.44964,12.79669],[75.44662,12.8008],[75.44572,12.80055],[75.44336,12.80248],[75.44315,12.80579],[75.44364,12.80592],[75.43116,12.81646],[75.42903,12.81458],[75.42664,12.81359],[75.42562,12.81527],[75.41721,12.81685],[75.40885,12.81131],[75.40539,12.81067],[75.41141,12.80916],[75.41445,12.80311],[75.41387,12.79855],[75.41242,12.79758],[75.40999,12.79726],[75.40929,12.7976],[75.40791,12.79717],[75.4062,12.79786],[75.40354,12.79595],[75.40251,12.8009],[75.40354,12.80283],[75.40349,12.80432],[75.40273,12.80424],[75.4019,12.80154],[75.39964,12.80116],[75.39554,12.79763],[75.39658,12.79054],[75.39621,12.79033],[75.39086,12.79234],[75.38633,12.7934],[75.38499,12.79435],[75.38516,12.79506],[75.38239,12.7952],[75.37954,12.79608],[75.37934,12.79654],[75.37878,12.79574],[75.37748,12.79615],[75.36747,12.8069],[75.36611,12.80581],[75.36379,12.80518],[75.36009,12.8045],[75.35782,12.80498],[75.35707,12.80585],[75.35533,12.81407],[75.35136,12.81257],[75.34946,12.81261],[75.34853,12.81134],[75.34743,12.81205],[75.34667,12.81484],[75.34494,12.8147],[75.34493,12.81575],[75.34388,12.81549],[75.34332,12.81376],[75.34159,12.81212],[75.34103,12.8124],[75.33903,12.81197],[75.33082,12.80977],[75.33057,12.8118],[75.32817,12.81603],[75.32839,12.81849],[75.32227,12.82108],[75.31865,12.82116],[75.31612,12.82061],[75.30924,12.81636],[75.30793,12.81676],[75.30661,12.81622],[75.30472,12.81701],[75.30448,12.81609],[75.30356,12.81691],[75.29921,12.81776],[75.29807,12.81463],[75.30132,12.81217],[75.30146,12.81132],[75.29929,12.8102],[75.29632,12.81159],[75.29486,12.81115],[75.29369,12.80493],[75.29014,12.80327],[75.28549,12.80289],[75.28118,12.80026],[75.2792,12.79862],[75.28027,12.79412],[75.27178,12.7886],[75.27096,12.78603],[75.26974,12.78569],[75.27028,12.78826],[75.26956,12.79221],[75.26796,12.79296],[75.25611,12.79256],[75.25198,12.79486],[75.25031,12.80047],[75.24526,12.80462],[75.2438,12.80912],[75.2444,12.81227],[75.24299,12.81214],[75.23996,12.8133],[75.23779,12.81626],[75.23378,12.8163],[75.22255,12.81863],[75.21646,12.82193],[75.21536,12.82399],[75.21463,12.82436],[75.21298,12.82327],[75.21038,12.82353],[75.20859,12.82249],[75.20603,12.82267],[75.20422,12.82187],[75.20341,12.82013],[75.20252,12.82048],[75.20257,12.81721],[75.20432,12.81539],[75.20442,12.81468],[75.20301,12.81366],[75.20349,12.8123],[75.20267,12.81085],[75.19889,12.8072],[75.18736,12.81109],[75.17789,12.81017],[75.17757,12.80981],[75.17546,12.81048],[75.17433,12.80978],[75.17289,12.80996],[75.17344,12.81121],[75.17224,12.81192],[75.172,12.81283],[75.17298,12.81362],[75.17321,12.81689],[75.17391,12.81766],[75.17295,12.81842],[75.17275,12.82052],[75.17498,12.82066],[75.17526,12.81933],[75.17687,12.82018],[75.17682,12.82057],[75.17604,12.82041],[75.17536,12.82221],[75.17847,12.82274],[75.17788,12.82492],[75.17899,12.82547],[75.18044,12.82525],[75.18102,12.82769],[75.18206,12.82883],[75.1828,12.83129],[75.18746,12.83648],[75.18852,12.83698],[75.18902,12.83874],[75.19129,12.84015],[75.19134,12.84305],[75.19047,12.84296],[75.17957,12.8483],[75.16907,12.84971],[75.16142,12.85214],[75.16038,12.85279],[75.16038,12.85523],[75.1625,12.85498],[75.16441,12.85661],[75.16593,12.85665],[75.16718,12.85756],[75.16754,12.85735],[75.16963,12.86308],[75.17517,12.86423],[75.18692,12.86388],[75.18948,12.86523],[75.19098,12.86322],[75.19317,12.86169],[75.19508,12.86176],[75.19762,12.86057],[75.20068,12.86265],[75.20063,12.8635],[75.20161,12.86421],[75.20209,12.86575],[75.20134,12.86635],[75.20239,12.8685],[75.2018,12.87103],[75.20108,12.87182],[75.20218,12.87246],[75.20381,12.87493],[75.20381,12.87574],[75.20454,12.87604],[75.20518,12.87832],[75.208,12.87766],[75.21151,12.87594],[75.21188,12.88066],[75.21282,12.88156],[75.21892,12.88295],[75.2194,12.88267],[75.21949,12.88162],[75.223,12.88096],[75.2262,12.87832],[75.23317,12.87848],[75.23601,12.88324],[75.24023,12.8856],[75.24215,12.88525],[75.24313,12.88853],[75.24439,12.88792],[75.24508,12.88573],[75.24462,12.88577],[75.24319,12.88215],[75.2453,12.8828],[75.24681,12.8842],[75.24683,12.88473],[75.24857,12.88501],[75.25107,12.88637],[75.24999,12.888],[75.24936,12.89033],[75.24761,12.89239],[75.24804,12.89689],[75.24942,12.89859],[75.24897,12.89936],[75.24893,12.9032],[75.25074,12.90542],[75.2513,12.90396],[75.2518,12.90429],[75.2513,12.90563],[75.24805,12.9093],[75.24652,12.91506],[75.246,12.91529],[75.24543,12.91689],[75.24793,12.92065],[75.25342,12.91879],[75.2541,12.91794],[75.26064,12.91828],[75.26681,12.92317],[75.27671,12.92377],[75.27741,12.92306]]],[[[75.59542,12.87443],[75.59865,12.87451],[75.60172,12.87399],[75.60033,12.86956],[75.60129,12.86724],[75.60371,12.86452],[75.60739,12.86474],[75.60909,12.8617],[75.61245,12.85868],[75.6151,12.85702],[75.61788,12.85658],[75.61896,12.8569],[75.61977,12.85533],[75.62097,12.8547],[75.62158,12.85314],[75.62139,12.84979],[75.62204,12.84852],[75.62205,12.84731],[75.61975,12.84193],[75.61735,12.83837],[75.61599,12.83285],[75.61706,12.83088],[75.61745,12.82818],[75.61826,12.82665],[75.61771,12.82349],[75.61906,12.81903],[75.61873,12.81791],[75.61934,12.81399],[75.61854,12.81177],[75.61857,12.8098],[75.61913,12.80844],[75.618,12.80526],[75.61874,12.80376],[75.6132,12.79687],[75.58512,12.78594],[75.58231,12.78102],[75.53869,12.7797],[75.53764,12.77889],[75.53662,12.77898],[75.53606,12.77998],[75.53625,12.78099],[75.52276,12.78798],[75.51401,12.77827],[75.51229,12.77906],[75.51153,12.78118],[75.50891,12.78107],[75.49896,12.7852],[75.49819,12.78801],[75.49911,12.78982],[75.49789,12.79159],[75.49716,12.79156],[75.49597,12.79311],[75.49518,12.79336],[75.49753,12.79521],[75.49717,12.79717],[75.49563,12.79921],[75.4947,12.79944],[75.49456,12.80042],[75.49293,12.80068],[75.49272,12.80191],[75.48947,12.80347],[75.4877,12.81375],[75.48894,12.81439],[75.48901,12.8156],[75.49514,12.82638],[75.49516,12.82738],[75.49577,12.82771],[75.49528,12.82964],[75.49566,12.83],[75.49536,12.84026],[75.49748,12.84873],[75.49868,12.84902],[75.4991,12.85027],[75.50016,12.85079],[75.50036,12.85145],[75.49681,12.85663],[75.49906,12.85731],[75.49946,12.86224],[75.49867,12.8635],[75.49896,12.86407],[75.50067,12.86403],[75.50135,12.86625],[75.55236,12.86532],[75.55364,12.86819],[75.55363,12.86945],[75.56097,12.8699],[75.56126,12.86836],[75.56204,12.86777],[75.56463,12.86715],[75.57438,12.87074],[75.5778,12.87278],[75.58505,12.87275],[75.5911,12.87451],[75.59542,12.87443]]]]}},{"type":"Feature","properties":{"unitId":353,"unitName":"Bellare PS"},"geometry":{"type":"Polygon","coordinates":[[[75.31096,12.76319],[75.31308,12.7533],[75.31464,12.75243],[75.31795,12.7532],[75.32438,12.75573],[75.32631,12.75563],[75.3281,12.75491],[75.33003,12.75255],[75.33299,12.75102],[75.33782,12.74927],[75.33978,12.74903],[75.34315,12.7472],[75.34653,12.74665],[75.34861,12.74791],[75.34841,12.74653],[75.34946,12.74488],[75.35267,12.7434],[75.35259,12.74261],[75.35401,12.74235],[75.35331,12.74164],[75.35408,12.74107],[75.35557,12.74085],[75.36218,12.74457],[75.36649,12.7445],[75.3671,12.74416],[75.36894,12.73991],[75.37011,12.73996],[75.37196,12.73679],[75.3702,12.73435],[75.36908,12.73163],[75.37345,12.7295],[75.375,12.7277],[75.37786,12.72222],[75.38017,12.72206],[75.38252,12.71999],[75.3884,12.71803],[75.39416,12.71378],[75.39694,12.71389],[75.39659,12.71611],[75.40294,12.71436],[75.40849,12.71542],[75.41117,12.71424],[75.41008,12.71007],[75.41265,12.70838],[75.41296,12.709],[75.41755,12.70733],[75.41901,12.71017],[75.41866,12.711],[75.41901,12.71414],[75.42266,12.71324],[75.42386,12.71664],[75.42381,12.7172],[75.42288,12.71763],[75.42242,12.72327],[75.42523,12.72474],[75.42572,12.72597],[75.42613,12.72578],[75.42521,12.729],[75.42219,12.72725],[75.42083,12.72853],[75.42066,12.72958],[75.41965,12.73084],[75.42291,12.73215],[75.42271,12.73618],[75.42061,12.73713],[75.42162,12.73841],[75.42586,12.73601],[75.42654,12.73668],[75.42784,12.73668],[75.42797,12.73734],[75.43386,12.73855],[75.43357,12.73952],[75.43546,12.73922],[75.43572,12.73862],[75.43781,12.73789],[75.43942,12.73658],[75.43816,12.73524],[75.44306,12.73259],[75.44433,12.73133],[75.44539,12.73278],[75.4465,12.73275],[75.44786,12.73239],[75.44863,12.73152],[75.4532,12.7302],[75.45351,12.73096],[75.45769,12.72251],[75.46324,12.72046],[75.46549,12.71782],[75.46529,12.71744],[75.46822,12.71517],[75.46737,12.71477],[75.46644,12.7129],[75.46648,12.71008],[75.46782,12.70802],[75.46946,12.70846],[75.46997,12.70638],[75.46894,12.70353],[75.47035,12.70253],[75.4711,12.70084],[75.47199,12.70028],[75.4718,12.69584],[75.47097,12.69517],[75.46939,12.69476],[75.46814,12.6952],[75.46622,12.69428],[75.46482,12.69424],[75.46418,12.69457],[75.46395,12.69808],[75.46154,12.69841],[75.4589,12.69563],[75.45939,12.69441],[75.46049,12.6936],[75.45921,12.69319],[75.45955,12.69175],[75.45758,12.69106],[75.45694,12.69343],[75.45637,12.69343],[75.45249,12.69113],[75.45237,12.69035],[75.45415,12.69013],[75.45283,12.68872],[75.44856,12.68745],[75.44906,12.68552],[75.45113,12.68527],[75.44977,12.68408],[75.45102,12.68199],[75.45092,12.6807],[75.44941,12.67973],[75.44635,12.68028],[75.44784,12.67845],[75.44649,12.67516],[75.44346,12.67261],[75.44442,12.67206],[75.44737,12.67274],[75.45046,12.67222],[75.45045,12.67171],[75.4482,12.67182],[75.44903,12.66942],[75.45042,12.66828],[75.44969,12.6677],[75.44818,12.66774],[75.44776,12.66662],[75.44661,12.66621],[75.44594,12.66463],[75.446,12.66356],[75.44763,12.66303],[75.45089,12.66022],[75.45124,12.65884],[75.45052,12.65767],[75.45129,12.65582],[75.45039,12.6542],[75.45129,12.65304],[75.45141,12.65137],[75.45516,12.65327],[75.45579,12.65448],[75.45427,12.6561],[75.45597,12.65739],[75.45884,12.65595],[75.46022,12.65622],[75.46116,12.65762],[75.46155,12.65668],[75.46061,12.65572],[75.46059,12.65437],[75.45963,12.65417],[75.45793,12.65471],[75.45688,12.65289],[75.4543,12.65241],[75.45418,12.65005],[75.45219,12.64822],[75.45329,12.64613],[75.46042,12.64142],[75.46288,12.64141],[75.46076,12.62984],[75.46152,12.62945],[75.46122,12.62695],[75.46477,12.62539],[75.46586,12.62437],[75.46621,12.61948],[75.46399,12.61986],[75.46306,12.61745],[75.4629,12.61557],[75.46108,12.61329],[75.46017,12.6112],[75.46349,12.60863],[75.46388,12.60753],[75.46404,12.60616],[75.4633,12.60513],[75.46448,12.60021],[75.46397,12.60026],[75.46421,12.59969],[75.46374,12.59949],[75.45993,12.6013],[75.45972,12.60057],[75.45747,12.60049],[75.45596,12.60159],[75.45454,12.60187],[75.45476,12.60126],[75.45416,12.59929],[75.45216,12.59945],[75.4519,12.5988],[75.45235,12.59835],[75.44792,12.59518],[75.44792,12.5913],[75.44561,12.59335],[75.44542,12.59416],[75.44433,12.59446],[75.44418,12.59512],[75.44331,12.59566],[75.4405,12.59412],[75.43997,12.59319],[75.43952,12.59347],[75.43773,12.59284],[75.43727,12.59339],[75.4365,12.5932],[75.43729,12.59218],[75.4368,12.59158],[75.43488,12.59151],[75.43269,12.59014],[75.43087,12.59141],[75.42584,12.59203],[75.4264,12.59479],[75.42545,12.59534],[75.42199,12.59624],[75.41905,12.59579],[75.41335,12.60125],[75.41113,12.59936],[75.41019,12.60112],[75.40884,12.6023],[75.40883,12.60297],[75.40784,12.60351],[75.40627,12.60554],[75.40007,12.60693],[75.39943,12.60795],[75.40054,12.60373],[75.40052,12.60314],[75.39995,12.60289],[75.39435,12.60434],[75.39058,12.60444],[75.38869,12.6038],[75.38669,12.60447],[75.38191,12.60415],[75.37915,12.60458],[75.37642,12.60594],[75.37296,12.60588],[75.37237,12.60639],[75.37075,12.6064],[75.36467,12.60832],[75.36134,12.61123],[75.35525,12.6126],[75.35319,12.61244],[75.35313,12.61311],[75.35173,12.61405],[75.34508,12.61627],[75.34155,12.61613],[75.33272,12.61875],[75.32635,12.62124],[75.32277,12.61865],[75.2989,12.62604],[75.28996,12.6275],[75.29387,12.6323],[75.29413,12.63684],[75.29785,12.64661],[75.29382,12.64727],[75.29171,12.64712],[75.29098,12.64825],[75.29074,12.65051],[75.29143,12.65203],[75.28997,12.65755],[75.29042,12.66058],[75.29562,12.6586],[75.29724,12.65902],[75.29772,12.66073],[75.30218,12.65939],[75.3048,12.65922],[75.30854,12.66393],[75.31027,12.66398],[75.30897,12.66636],[75.3075,12.66556],[75.30778,12.6676],[75.30739,12.66884],[75.30812,12.6691],[75.30918,12.67186],[75.30719,12.67274],[75.30656,12.6735],[75.30646,12.67728],[75.30468,12.67871],[75.30535,12.67913],[75.30557,12.67999],[75.30492,12.68125],[75.30615,12.68205],[75.3108,12.68135],[75.31197,12.68538],[75.31273,12.68654],[75.31391,12.68717],[75.31578,12.6873],[75.32067,12.68583],[75.32417,12.68985],[75.32244,12.69378],[75.32048,12.69429],[75.31931,12.69618],[75.31449,12.69672],[75.31366,12.69803],[75.31191,12.69881],[75.31053,12.70023],[75.30731,12.69966],[75.30667,12.7005],[75.30663,12.70204],[75.30584,12.70363],[75.30066,12.708],[75.29804,12.71554],[75.29804,12.71909],[75.29886,12.72065],[75.29714,12.72103],[75.2964,12.72457],[75.29545,12.72639],[75.29882,12.73278],[75.29798,12.73462],[75.2992,12.73725],[75.2979,12.739],[75.29844,12.74093],[75.29671,12.74176],[75.29659,12.7427],[75.29707,12.74275],[75.29841,12.74515],[75.29749,12.74601],[75.29558,12.74591],[75.29408,12.74675],[75.29468,12.74875],[75.2944,12.74967],[75.29341,12.7505],[75.2939,12.75234],[75.29475,12.7524],[75.2955,12.75132],[75.29784,12.7524],[75.29722,12.75317],[75.29767,12.75796],[75.29719,12.75909],[75.29738,12.76113],[75.29846,12.76323],[75.29838,12.76446],[75.30141,12.76264],[75.30342,12.7629],[75.30959,12.76532],[75.31096,12.76319]]]}},{"type":"Feature","properties":{"unitId":354,"unitName":"Sullia PS"},"geometry":{"type":"Polygon","coordinates":[[[75.31777,12.62024],[75.32277,12.61865],[75.32635,12.62124],[75.33272,12.61875],[75.34155,12.61613],[75.34508,12.61627],[75.35173,12.61405],[75.35313,12.61311],[75.35319,12.61244],[75.35525,12.6126],[75.36134,12.61123],[75.36467,12.60832],[75.36977,12.60665],[75.37237,12.60639],[75.37417,12.60567],[75.37642,12.60594],[75.3787,12.60468],[75.38191,12.60415],[75.38669,12.60447],[75.38869,12.6038],[75.39058,12.60444],[75.39435,12.60434],[75.39995,12.60289],[75.40052,12.60314],[75.40054,12.60373],[75.39943,12.60795],[75.40007,12.60693],[75.40627,12.60554],[75.40784,12.60351],[75.40883,12.60297],[75.40884,12.6023],[75.41019,12.60112],[75.41113,12.59936],[75.41335,12.60125],[75.41905,12.59579],[75.42199,12.59624],[75.42545,12.59534],[75.4264,12.59479],[75.42584,12.59203],[75.43087,12.59141],[75.43269,12.59014],[75.43488,12.59151],[75.4368,12.59158],[75.43729,12.59218],[75.4365,12.5932],[75.43727,12.59339],[75.43773,12.59284],[75.43952,12.59347],[75.43997,12.59319],[75.4405,12.59412],[75.44331,12.59566],[75.44418,12.59512],[75.44433,12.59446],[75.44542,12.59416],[75.44561,12.59335],[75.44792,12.5913],[75.44792,12.59518],[75.45235,12.59835],[75.4519,12.5988],[75.45216,12.59945],[75.45416,12.59929],[75.45476,12.60126],[75.45454,12.60187],[75.45596,12.60159],[75.45747,12.60049],[75.45972,12.60057],[75.45993,12.6013],[75.46374,12.59949],[75.46824,12.59962],[75.46841,12.60038],[75.46936,12.60104],[75.47108,12.60059],[75.47389,12.6017],[75.47638,12.60096],[75.47677,12.60029],[75.47907,12.60091],[75.48198,12.60057],[75.48213,12.60093],[75.48585,12.5992],[75.48588,12.59717],[75.49073,12.5963],[75.49331,12.59654],[75.49537,12.59487],[75.49574,12.59356],[75.49518,12.5931],[75.49124,12.59284],[75.49426,12.5913],[75.49439,12.59009],[75.49512,12.58922],[75.49765,12.58894],[75.49744,12.58811],[75.49831,12.58809],[75.49753,12.58548],[75.4976,12.58322],[75.49842,12.58292],[75.49871,12.58441],[75.50078,12.58482],[75.50323,12.58636],[75.50357,12.58498],[75.50703,12.58559],[75.50589,12.58951],[75.50625,12.59077],[75.50771,12.59187],[75.50858,12.59159],[75.51021,12.58986],[75.51012,12.58904],[75.51193,12.58852],[75.51345,12.58665],[75.51382,12.58799],[75.51482,12.58806],[75.5157,12.58873],[75.51858,12.58782],[75.52056,12.58643],[75.52041,12.58785],[75.52095,12.58914],[75.5221,12.58921],[75.5227,12.58999],[75.52269,12.59216],[75.52312,12.59287],[75.52479,12.59347],[75.52528,12.59446],[75.5245,12.59639],[75.52448,12.59796],[75.52365,12.59828],[75.52359,12.59949],[75.52519,12.60142],[75.52596,12.60135],[75.52686,12.60201],[75.52694,12.60263],[75.5287,12.60439],[75.53086,12.60358],[75.53217,12.60262],[75.53262,12.60137],[75.53565,12.60041],[75.53677,12.59922],[75.54346,12.59813],[75.54527,12.59743],[75.54572,12.59593],[75.54493,12.59502],[75.54448,12.59334],[75.54251,12.59257],[75.54249,12.58959],[75.54326,12.58972],[75.545,12.59169],[75.5477,12.59328],[75.54841,12.59312],[75.5493,12.59479],[75.55109,12.59471],[75.5522,12.59434],[75.55224,12.59348],[75.55326,12.59206],[75.55605,12.59142],[75.55756,12.59017],[75.5593,12.58981],[75.56196,12.58706],[75.56293,12.58751],[75.56425,12.58693],[75.56649,12.58442],[75.56965,12.58516],[75.57648,12.58845],[75.57974,12.59206],[75.58429,12.58859],[75.58597,12.58954],[75.58536,12.59756],[75.58771,12.59811],[75.58929,12.59648],[75.59165,12.5918],[75.59206,12.58996],[75.59105,12.5847],[75.59228,12.58066],[75.59436,12.58067],[75.59649,12.5787],[75.59814,12.57863],[75.59844,12.57511],[75.59993,12.57517],[75.60381,12.57388],[75.60358,12.57491],[75.60533,12.57548],[75.60576,12.57343],[75.60697,12.57269],[75.60723,12.57006],[75.60772,12.56951],[75.60545,12.56679],[75.60532,12.5654],[75.60793,12.5544],[75.58642,12.53069],[75.58522,12.52859],[75.58269,12.52705],[75.58173,12.52382],[75.5802,12.52263],[75.58104,12.52063],[75.5807,12.51929],[75.57772,12.51879],[75.57599,12.51578],[75.57015,12.51138],[75.56752,12.51098],[75.56559,12.51176],[75.56427,12.51062],[75.5634,12.51046],[75.56281,12.5086],[75.56183,12.50824],[75.56144,12.50662],[75.56017,12.50643],[75.55997,12.50535],[75.55848,12.50347],[75.55706,12.50274],[75.55584,12.49953],[75.55613,12.49816],[75.56482,12.49508],[75.56515,12.49331],[75.56555,12.49413],[75.56616,12.49402],[75.56602,12.48619],[75.5612,12.48716],[75.56016,12.48807],[75.55967,12.48952],[75.5564,12.48949],[75.55423,12.49219],[75.55202,12.49325],[75.55076,12.49326],[75.54737,12.49208],[75.54085,12.49506],[75.53747,12.49462],[75.53357,12.4953],[75.53226,12.49674],[75.53107,12.49955],[75.53048,12.49842],[75.53087,12.49771],[75.53043,12.49611],[75.52871,12.49314],[75.52656,12.49301],[75.52314,12.49096],[75.52169,12.49149],[75.52127,12.49232],[75.51607,12.49134],[75.51428,12.49045],[75.51049,12.48959],[75.50958,12.48839],[75.50831,12.48805],[75.50586,12.48839],[75.50418,12.48739],[75.50278,12.48795],[75.50062,12.48622],[75.49688,12.48488],[75.49584,12.48498],[75.49453,12.48398],[75.49593,12.48077],[75.49725,12.48008],[75.49731,12.47861],[75.49644,12.47711],[75.49599,12.47403],[75.49279,12.47146],[75.4928,12.47005],[75.49083,12.46537],[75.48924,12.46529],[75.49158,12.46466],[75.49151,12.46316],[75.4929,12.46256],[75.49248,12.46079],[75.49161,12.46036],[75.48977,12.45989],[75.48716,12.46164],[75.48513,12.46163],[75.4822,12.46544],[75.48071,12.46548],[75.48074,12.46688],[75.48141,12.46782],[75.48017,12.46818],[75.47946,12.46675],[75.47763,12.46645],[75.47727,12.46484],[75.47568,12.46325],[75.47621,12.46256],[75.4748,12.46107],[75.4743,12.46125],[75.47469,12.46247],[75.4736,12.46363],[75.4739,12.46438],[75.47289,12.46543],[75.47015,12.46713],[75.46723,12.46819],[75.46596,12.46954],[75.46274,12.47068],[75.46174,12.47156],[75.45918,12.47482],[75.45922,12.47911],[75.45981,12.47992],[75.45957,12.48202],[75.46057,12.48324],[75.46196,12.48388],[75.46123,12.48551],[75.45991,12.48615],[75.46223,12.48863],[75.46533,12.48912],[75.4676,12.49103],[75.46864,12.49247],[75.46847,12.4938],[75.46891,12.49512],[75.47165,12.49917],[75.46825,12.50076],[75.46666,12.50085],[75.4656,12.50192],[75.46177,12.50224],[75.45998,12.50337],[75.45924,12.50675],[75.45754,12.50709],[75.45594,12.50996],[75.45875,12.50828],[75.4604,12.50921],[75.46108,12.51081],[75.45905,12.51224],[75.45877,12.51333],[75.45936,12.51403],[75.45927,12.51629],[75.45771,12.51649],[75.45789,12.51548],[75.45673,12.51339],[75.45472,12.51412],[75.45251,12.51578],[75.45143,12.51777],[75.45132,12.51922],[75.45022,12.51984],[75.44717,12.51875],[75.44649,12.51934],[75.44735,12.52075],[75.44723,12.52132],[75.44299,12.52272],[75.44163,12.5257],[75.44171,12.52719],[75.44098,12.52792],[75.44048,12.52733],[75.43967,12.52806],[75.43653,12.52891],[75.43553,12.5289],[75.43491,12.52782],[75.43446,12.52484],[75.43296,12.52332],[75.43321,12.52225],[75.43043,12.51968],[75.43153,12.51809],[75.43309,12.51753],[75.43357,12.51648],[75.4321,12.51611],[75.43204,12.51552],[75.43083,12.5151],[75.4305,12.51404],[75.4292,12.51382],[75.42667,12.51546],[75.42495,12.51596],[75.42377,12.51477],[75.42135,12.51363],[75.42094,12.51453],[75.41957,12.51505],[75.41813,12.51455],[75.41838,12.51239],[75.41783,12.51024],[75.41824,12.50982],[75.42015,12.50964],[75.41938,12.50833],[75.41758,12.5082],[75.41646,12.50575],[75.41509,12.50467],[75.4162,12.50284],[75.41561,12.5021],[75.41279,12.50262],[75.41211,12.50315],[75.40924,12.50229],[75.40863,12.50166],[75.40383,12.49969],[75.40274,12.49962],[75.39878,12.5025],[75.39943,12.50337],[75.39922,12.50399],[75.39194,12.50125],[75.38798,12.50249],[75.38575,12.50226],[75.38276,12.50289],[75.38061,12.49825],[75.37919,12.49672],[75.3702,12.49309],[75.36895,12.49087],[75.3693,12.48866],[75.36971,12.48817],[75.37193,12.48781],[75.37309,12.4831],[75.37469,12.48166],[75.37349,12.48031],[75.37342,12.47849],[75.37077,12.47524],[75.36832,12.47622],[75.36487,12.47134],[75.36125,12.46798],[75.36058,12.4671],[75.36059,12.46577],[75.3594,12.46477],[75.35845,12.46496],[75.3572,12.46434],[75.35508,12.46619],[75.35124,12.46602],[75.34933,12.46531],[75.34868,12.46452],[75.34536,12.46438],[75.34415,12.4637],[75.3374,12.46522],[75.33585,12.46478],[75.33983,12.46808],[75.34147,12.471],[75.33819,12.47295],[75.33698,12.47677],[75.33584,12.47792],[75.33655,12.48039],[75.33725,12.49429],[75.33363,12.49907],[75.33281,12.49938],[75.32932,12.49889],[75.3278,12.49813],[75.32337,12.49757],[75.32126,12.49832],[75.31998,12.49746],[75.3172,12.49813],[75.3147,12.4973],[75.31451,12.50005],[75.31221,12.5019],[75.31204,12.50341],[75.30996,12.50335],[75.30896,12.50259],[75.30725,12.50263],[75.30399,12.50452],[75.30513,12.50808],[75.30431,12.50932],[75.30431,12.51087],[75.30317,12.51438],[75.30355,12.5232],[75.30179,12.52381],[75.29833,12.52288],[75.29724,12.52349],[75.28989,12.5236],[75.28578,12.52723],[75.28284,12.52745],[75.28039,12.52685],[75.28001,12.52595],[75.27294,12.53764],[75.27465,12.53987],[75.27602,12.54025],[75.2766,12.54182],[75.26946,12.54694],[75.27237,12.5524],[75.27006,12.55796],[75.26952,12.56222],[75.26896,12.56332],[75.26981,12.56328],[75.27082,12.57],[75.27137,12.57109],[75.2727,12.57099],[75.27342,12.57183],[75.27757,12.57348],[75.28001,12.57352],[75.28189,12.57164],[75.28381,12.57089],[75.28522,12.57239],[75.28489,12.57462],[75.28894,12.58337],[75.29119,12.58259],[75.29884,12.58176],[75.3,12.58113],[75.30246,12.58113],[75.30793,12.57878],[75.30902,12.57756],[75.31119,12.57648],[75.31133,12.57503],[75.31196,12.57447],[75.31449,12.57344],[75.31572,12.57364],[75.31571,12.57438],[75.3169,12.57601],[75.31712,12.57756],[75.32046,12.5784],[75.32436,12.58091],[75.32564,12.5809],[75.3261,12.58132],[75.3278,12.58453],[75.32728,12.58712],[75.32795,12.59054],[75.32705,12.59239],[75.32486,12.59115],[75.32059,12.591],[75.31956,12.59045],[75.31676,12.59017],[75.31512,12.59111],[75.3141,12.59113],[75.31208,12.58984],[75.30988,12.59188],[75.30738,12.59538],[75.30567,12.60077],[75.30189,12.60549],[75.29895,12.60582],[75.29634,12.60383],[75.29148,12.60209],[75.29104,12.60555],[75.28951,12.61035],[75.28839,12.61094],[75.28603,12.61107],[75.28198,12.6161],[75.28323,12.61682],[75.28766,12.61753],[75.28946,12.62008],[75.2908,12.62056],[75.29433,12.62042],[75.29567,12.62272],[75.29897,12.62446],[75.29909,12.62597],[75.31777,12.62024]]]}},{"type":"Feature","properties":{"unitId":355,"unitName":"Panambur PS"},"geometry":{"type":"Polygon","coordinates":[[[74.82795,12.97434],[74.83007,12.97377],[74.83186,12.97456],[74.83518,12.97128],[74.83616,12.97157],[74.83811,12.97046],[74.83816,12.96974],[74.8372,12.96958],[74.83712,12.9687],[74.83772,12.96858],[74.84026,12.97001],[74.84091,12.96886],[74.84133,12.96904],[74.84126,12.9698],[74.84058,12.96976],[74.84055,12.97011],[74.84082,12.97049],[74.84213,12.97036],[74.84332,12.9744],[74.8466,12.97423],[74.84684,12.97265],[74.848,12.97094],[74.84741,12.97082],[74.84711,12.97183],[74.84614,12.97186],[74.84669,12.96996],[74.84715,12.96941],[74.84861,12.96978],[74.84795,12.96728],[74.84694,12.96708],[74.847,12.96625],[74.84793,12.96624],[74.84841,12.96532],[74.84739,12.96428],[74.84752,12.96179],[74.84649,12.96127],[74.8464,12.95902],[74.84536,12.95823],[74.84524,12.95701],[74.84352,12.95645],[74.84305,12.95577],[74.84304,12.95455],[74.84491,12.9551],[74.84555,12.95379],[74.84485,12.95373],[74.84517,12.95256],[74.84456,12.95259],[74.84454,12.95335],[74.84372,12.9534],[74.84366,12.95277],[74.84506,12.95148],[74.84518,12.95043],[74.84393,12.94987],[74.8445,12.94798],[74.84179,12.94675],[74.84132,12.94573],[74.83857,12.94391],[74.83281,12.93814],[74.83133,12.93535],[74.82958,12.92792],[74.82723,12.92621],[74.82558,12.92589],[74.82295,12.92675],[74.8217,12.92671],[74.81937,12.92559],[74.81638,12.9205],[74.81626,12.91442],[74.81806,12.91424],[74.81701,12.90859],[74.82096,12.90086],[74.82092,12.89677],[74.81962,12.88964],[74.81869,12.88957],[74.81859,12.88672],[74.81581,12.88661],[74.81397,12.89106],[74.81382,12.89286],[74.81317,12.89351],[74.81221,12.89778],[74.80798,12.92304],[74.80296,12.94252],[74.80102,12.95467],[74.80235,12.95512],[74.80292,12.95362],[74.8039,12.95367],[74.80464,12.95259],[74.80464,12.95542],[74.80638,12.95604],[74.80607,12.95716],[74.8041,12.95689],[74.80589,12.95759],[74.80577,12.95819],[74.80783,12.95845],[74.808,12.95789],[74.80813,12.95902],[74.81039,12.95937],[74.81082,12.95994],[74.81203,12.95959],[74.81291,12.96211],[74.81353,12.96253],[74.82072,12.96315],[74.82231,12.96262],[74.82259,12.96315],[74.82131,12.96425],[74.82251,12.96532],[74.82259,12.96667],[74.82352,12.96643],[74.82541,12.96697],[74.8225,12.96784],[74.82332,12.96974],[74.82115,12.97608],[74.82795,12.97434]]]}},{"type":"Feature","properties":{"unitId":356,"unitName":"Kavoor PS"},"geometry":{"type":"Polygon","coordinates":[[[74.8594,12.94721],[74.86213,12.94555],[74.86344,12.94411],[74.86323,12.94376],[74.86742,12.94005],[74.86915,12.93771],[74.87496,12.93784],[74.88446,12.94156],[74.88771,12.94186],[74.8908,12.9415],[74.89727,12.94231],[74.90474,12.94095],[74.90788,12.93561],[74.91038,12.9327],[74.90631,12.93072],[74.90511,12.92576],[74.90406,12.92365],[74.90015,12.92377],[74.89467,12.92188],[74.89287,12.92028],[74.89195,12.92007],[74.89058,12.92147],[74.88354,12.92574],[74.88304,12.92548],[74.88231,12.92601],[74.88061,12.9255],[74.87794,12.92663],[74.8731,12.92705],[74.87153,12.92608],[74.86993,12.92319],[74.86853,12.9234],[74.8686,12.9158],[74.86981,12.91452],[74.86957,12.91165],[74.8663,12.90923],[74.86022,12.90185],[74.85948,12.90017],[74.85781,12.90004],[74.85768,12.89923],[74.85637,12.89873],[74.84947,12.89953],[74.8488,12.89921],[74.84694,12.90083],[74.84399,12.90066],[74.84337,12.90103],[74.84215,12.89981],[74.84006,12.89929],[74.83866,12.89822],[74.83602,12.8973],[74.83582,12.89892],[74.83538,12.89881],[74.83437,12.90073],[74.83278,12.90005],[74.83123,12.90036],[74.82963,12.90158],[74.82975,12.9086],[74.83128,12.91415],[74.831,12.91602],[74.83201,12.91641],[74.83165,12.91672],[74.82932,12.91674],[74.82912,12.9161],[74.82674,12.91581],[74.82535,12.91505],[74.82485,12.90789],[74.82137,12.90471],[74.81889,12.90458],[74.81701,12.90859],[74.81806,12.91424],[74.81626,12.91442],[74.81612,12.91609],[74.81638,12.9205],[74.81937,12.92559],[74.8217,12.92671],[74.82295,12.92675],[74.82558,12.92589],[74.82723,12.92621],[74.82958,12.92792],[74.83133,12.93535],[74.83281,12.93814],[74.84264,12.94736],[74.85301,12.94946],[74.8594,12.94721]]]}},{"type":"Feature","properties":{"unitId":357,"unitName":"Bajpe PS"},"geometry":{"type":"Polygon","coordinates":[[[74.88461,13.05142],[74.88452,13.0476],[74.88585,13.04711],[74.88671,13.04602],[74.88775,13.04595],[74.88756,13.04435],[74.88949,13.04409],[74.89127,13.04129],[74.89366,13.04083],[74.89443,13.03999],[74.89442,13.03923],[74.89712,13.0389],[74.89741,13.03788],[74.89611,13.0323],[74.90665,13.02596],[74.90902,13.02576],[74.90949,13.02722],[74.90925,13.02935],[74.90701,13.0341],[74.90794,13.03797],[74.90999,13.03739],[74.91295,13.03733],[74.91534,13.03625],[74.91626,13.03627],[74.91702,13.03686],[74.91706,13.03793],[74.9185,13.03835],[74.91881,13.03738],[74.91779,13.03588],[74.91795,13.03523],[74.92071,13.03642],[74.92128,13.03563],[74.92366,13.0378],[74.92414,13.03544],[74.92591,13.03607],[74.92642,13.03518],[74.92625,13.03419],[74.93,13.0355],[74.93121,13.0327],[74.93168,13.03428],[74.93344,13.03517],[74.93408,13.02865],[74.93178,13.02247],[74.93683,13.01404],[74.93439,13.01117],[74.93211,13.01139],[74.9306,13.01014],[74.92958,13.00847],[74.93143,13.00732],[74.93213,13.0058],[74.93315,13.00499],[74.93708,13.0062],[74.94235,13.00621],[74.94717,13.0155],[74.95082,13.018],[74.95284,13.01861],[74.95716,13.0189],[74.95732,13.01645],[74.96503,13.01453],[74.9646,13.01683],[74.9678,13.01694],[74.96942,13.01789],[74.96939,13.01864],[74.97221,13.02093],[74.97321,13.02455],[74.97758,13.02814],[74.98218,13.02637],[74.99915,13.01651],[74.99836,13.01335],[74.99432,13.00762],[74.99434,13.00631],[74.99568,13.00522],[74.9935,13.00411],[74.99049,13.00453],[74.98852,13.0054],[74.98539,13.0029],[74.98627,12.99977],[74.98483,12.99923],[74.98467,12.99724],[74.98784,12.99509],[74.98732,12.99268],[74.99189,12.98924],[74.99489,12.99007],[74.99661,12.9887],[74.9975,12.98926],[74.99851,12.98869],[74.99895,12.98913],[74.99873,12.98967],[75.0007,12.98973],[75.00158,12.9891],[75.00095,12.98834],[75.00367,12.9855],[75.01138,12.98427],[75.01106,12.9823],[75.01148,12.97977],[75.01256,12.97799],[75.01147,12.97661],[75.01148,12.97414],[75.00973,12.97042],[75.0112,12.96899],[75.01138,12.96818],[75.01142,12.96596],[75.01237,12.96322],[75.01228,12.95857],[75.01091,12.95675],[75.0093,12.95585],[75.00725,12.95488],[75.00496,12.95451],[74.99958,12.95671],[74.99332,12.9563],[74.99252,12.95576],[74.99181,12.95416],[74.99172,12.95155],[74.99067,12.95081],[74.98277,12.9509],[74.97986,12.9532],[74.97696,12.95381],[74.97369,12.95319],[74.96858,12.95103],[74.96167,12.94644],[74.96033,12.9451],[74.95811,12.94108],[74.95663,12.93988],[74.95474,12.93895],[74.94896,12.93762],[74.94825,12.93689],[74.94809,12.93555],[74.94893,12.93428],[74.96231,12.92102],[74.96352,12.91928],[74.96395,12.91547],[74.96327,12.91383],[74.96201,12.91256],[74.96032,12.91298],[74.95955,12.91644],[74.95824,12.91754],[74.94972,12.9171],[74.94282,12.92256],[74.93696,12.92582],[74.93375,12.92692],[74.92696,12.92813],[74.92221,12.93074],[74.91038,12.9327],[74.90788,12.93561],[74.90474,12.94095],[74.89727,12.94231],[74.8908,12.9415],[74.88771,12.94186],[74.88446,12.94156],[74.87496,12.93784],[74.86915,12.93771],[74.86742,12.94005],[74.86323,12.94376],[74.86344,12.94411],[74.86213,12.94555],[74.8594,12.94721],[74.85301,12.94946],[74.8445,12.94798],[74.84393,12.94987],[74.84518,12.95043],[74.84506,12.95148],[74.84366,12.95277],[74.84372,12.9534],[74.84454,12.95335],[74.84456,12.95259],[74.84517,12.95256],[74.84485,12.95373],[74.84555,12.95379],[74.84491,12.9551],[74.84304,12.95455],[74.84305,12.95577],[74.84352,12.95645],[74.84524,12.95701],[74.84536,12.95823],[74.8464,12.95902],[74.84649,12.96127],[74.84752,12.96179],[74.84739,12.96428],[74.84841,12.96532],[74.84793,12.96624],[74.847,12.96625],[74.84694,12.96708],[74.84795,12.96728],[74.84863,12.96893],[74.84973,12.96893],[74.85022,12.96973],[74.85078,12.96969],[74.85027,12.97085],[74.85185,12.97222],[74.85594,12.97233],[74.85778,12.97441],[74.85978,12.98096],[74.86165,12.97997],[74.86322,12.98081],[74.86311,12.98161],[74.86382,12.98164],[74.86427,12.98335],[74.86642,12.98649],[74.86799,12.98726],[74.86795,12.98771],[74.8648,12.98879],[74.86079,12.99127],[74.85289,12.99233],[74.85208,12.98903],[74.85054,12.98928],[74.85093,12.9954],[74.85151,12.99747],[74.85611,12.99996],[74.85791,13.00324],[74.85751,13.00374],[74.85771,13.00573],[74.85839,13.00666],[74.85847,13.00896],[74.8549,13.01252],[74.85514,13.01919],[74.8466,13.01971],[74.84223,13.02639],[74.84141,13.02661],[74.84247,13.02899],[74.84244,13.03034],[74.84311,13.03053],[74.84393,13.02976],[74.84437,13.02991],[74.84413,13.03092],[74.84254,13.03266],[74.8434,13.03348],[74.84326,13.03519],[74.84396,13.03784],[74.84463,13.03813],[74.84609,13.0376],[74.84654,13.03828],[74.84718,13.04158],[74.8465,13.04263],[74.84739,13.04324],[74.84733,13.04363],[74.84496,13.04347],[74.8445,13.04402],[74.84363,13.0437],[74.84332,13.0442],[74.8453,13.04772],[74.84708,13.04923],[74.84728,13.04992],[74.84863,13.04907],[74.85081,13.04871],[74.85136,13.04905],[74.85282,13.04883],[74.85324,13.04946],[74.85437,13.04942],[74.8551,13.04992],[74.85547,13.04939],[74.85892,13.04997],[74.8607,13.04979],[74.8612,13.05083],[74.86221,13.05134],[74.86503,13.05186],[74.86493,13.05229],[74.86593,13.05283],[74.86513,13.05343],[74.86617,13.05442],[74.8661,13.05521],[74.86747,13.05559],[74.87072,13.05606],[74.87149,13.0556],[74.8714,13.05482],[74.87284,13.05161],[74.87453,13.05126],[74.87475,13.052],[74.87938,13.05392],[74.88315,13.05618],[74.88375,13.05608],[74.8834,13.05349],[74.88461,13.05142]]]}},{"type":"Feature","properties":{"unitId":358,"unitName":"Surathkal PS"},"geometry":{"type":"Polygon","coordinates":[[[74.78175,13.06391],[74.78196,13.06191],[74.78315,13.05937],[74.78462,13.05923],[74.78443,13.05846],[74.7866,13.05714],[74.78756,13.05191],[74.78756,13.05087],[74.78332,13.04837],[74.78303,13.04722],[74.78347,13.04519],[74.78446,13.04389],[74.78731,13.04222],[74.78788,13.041],[74.78785,13.03935],[74.78839,13.03886],[74.78791,13.03846],[74.7878,13.03567],[74.78674,13.03555],[74.786,13.0347],[74.78566,13.03275],[74.7861,13.03149],[74.78796,13.02983],[74.79046,13.02951],[74.79189,13.03055],[74.79377,13.03086],[74.79481,13.03156],[74.79489,13.03253],[74.79656,13.03477],[74.79992,13.0354],[74.80119,13.03629],[74.80159,13.03707],[74.80102,13.03825],[74.80119,13.04074],[74.80505,13.04162],[74.80726,13.03988],[74.81076,13.03949],[74.81098,13.03758],[74.8099,13.03548],[74.81019,13.03306],[74.81246,13.02956],[74.8122,13.02809],[74.8127,13.02674],[74.81415,13.02662],[74.81569,13.02582],[74.8154,13.02439],[74.8163,13.02405],[74.81639,13.0257],[74.81836,13.0272],[74.81913,13.02696],[74.81818,13.02569],[74.81876,13.02414],[74.82077,13.02372],[74.82302,13.02519],[74.82561,13.02458],[74.82576,13.02408],[74.82637,13.02418],[74.82716,13.02555],[74.8265,13.02741],[74.82735,13.02871],[74.82773,13.03219],[74.82823,13.03259],[74.82983,13.03174],[74.83184,13.03195],[74.83336,13.03362],[74.83141,13.03528],[74.83309,13.03695],[74.83485,13.03704],[74.83655,13.03488],[74.83695,13.03229],[74.83828,13.03197],[74.83896,13.03015],[74.84179,13.02832],[74.84141,13.02661],[74.84223,13.02639],[74.8466,13.01971],[74.85514,13.01919],[74.8549,13.01252],[74.85847,13.00896],[74.85839,13.00666],[74.85771,13.00573],[74.85751,13.00374],[74.85791,13.00324],[74.85611,12.99996],[74.85151,12.99747],[74.85093,12.9954],[74.85054,12.98928],[74.85208,12.98903],[74.85289,12.99233],[74.86079,12.99127],[74.8648,12.98879],[74.86795,12.98771],[74.86799,12.98726],[74.86642,12.98649],[74.86427,12.98335],[74.86382,12.98164],[74.86311,12.98161],[74.86322,12.98081],[74.86165,12.97997],[74.85978,12.98096],[74.85778,12.97441],[74.85594,12.97233],[74.85185,12.97222],[74.85027,12.97085],[74.85078,12.96969],[74.85022,12.96973],[74.84973,12.96893],[74.84863,12.96893],[74.84861,12.96978],[74.84715,12.96941],[74.84676,12.97076],[74.84627,12.971],[74.84614,12.97186],[74.84711,12.97183],[74.84741,12.97082],[74.848,12.97094],[74.84684,12.97265],[74.8466,12.97423],[74.84332,12.9744],[74.84213,12.97036],[74.84082,12.97049],[74.84055,12.97011],[74.84058,12.96976],[74.84126,12.9698],[74.84133,12.96904],[74.84091,12.96886],[74.84026,12.97001],[74.83772,12.96858],[74.83712,12.9687],[74.8372,12.96958],[74.83816,12.96974],[74.83811,12.97046],[74.83616,12.97157],[74.83518,12.97128],[74.83186,12.97456],[74.83007,12.97377],[74.82115,12.97608],[74.82332,12.96974],[74.8225,12.96784],[74.82541,12.96697],[74.82352,12.96643],[74.82259,12.96667],[74.82251,12.96532],[74.82131,12.96425],[74.82259,12.96315],[74.82231,12.96262],[74.82072,12.96315],[74.81353,12.96253],[74.81291,12.96211],[74.81203,12.95959],[74.81082,12.95994],[74.81039,12.95937],[74.80813,12.95902],[74.808,12.95789],[74.80783,12.95845],[74.80577,12.95819],[74.80589,12.95759],[74.8041,12.95689],[74.80607,12.95716],[74.80638,12.95604],[74.80464,12.95542],[74.80464,12.95259],[74.8039,12.95367],[74.80292,12.95362],[74.80235,12.95512],[74.80111,12.95483],[74.79557,12.97959],[74.79477,12.98729],[74.79336,12.99391],[74.78932,13.00621],[74.78479,13.03354],[74.78412,13.03361],[74.78365,13.03772],[74.78071,13.04895],[74.77842,13.06023],[74.77843,13.06314],[74.77801,13.06301],[74.77708,13.07119],[74.77967,13.07139],[74.78175,13.06391]]]}},{"type":"Feature","properties":{"unitId":359,"unitName":"Mulki PS"},"geometry":{"type":"Polygon","coordinates":[[[74.83379,13.12911],[74.8338,13.12797],[74.83515,13.12788],[74.83801,13.12896],[74.84248,13.1271],[74.8445,13.12932],[74.84711,13.12913],[74.84999,13.12607],[74.85271,13.12622],[74.8555,13.12573],[74.85678,13.12594],[74.85782,13.12743],[74.85891,13.12749],[74.8603,13.12705],[74.86071,13.12641],[74.86226,13.12635],[74.86327,13.12472],[74.86311,13.12297],[74.86358,13.12209],[74.8682,13.12107],[74.86992,13.11799],[74.87076,13.1129],[74.87324,13.1108],[74.87425,13.10638],[74.87417,13.10035],[74.8735,13.09988],[74.87398,13.09986],[74.87427,13.0988],[74.87651,13.09632],[74.87835,13.09461],[74.88765,13.09874],[74.88859,13.09569],[74.89143,13.09295],[74.89188,13.08754],[74.89065,13.08468],[74.89154,13.08343],[74.89164,13.08127],[74.89095,13.08071],[74.89003,13.07683],[74.88923,13.07626],[74.88742,13.07236],[74.88904,13.06769],[74.89011,13.06775],[74.89195,13.06635],[74.89036,13.06055],[74.8883,13.06014],[74.8838,13.056],[74.88315,13.05618],[74.87938,13.05392],[74.87475,13.052],[74.87453,13.05126],[74.87284,13.05161],[74.8714,13.05482],[74.87149,13.0556],[74.87072,13.05606],[74.8661,13.05521],[74.86617,13.05442],[74.86513,13.05343],[74.86593,13.05283],[74.86493,13.05229],[74.86503,13.05186],[74.86221,13.05134],[74.8612,13.05083],[74.8607,13.04979],[74.85892,13.04997],[74.85547,13.04939],[74.8551,13.04992],[74.85437,13.04942],[74.85324,13.04946],[74.85282,13.04883],[74.85136,13.04905],[74.85081,13.04871],[74.84863,13.04907],[74.84728,13.04992],[74.84708,13.04923],[74.8453,13.04772],[74.84332,13.0442],[74.84363,13.0437],[74.8445,13.04402],[74.84496,13.04347],[74.84733,13.04363],[74.84739,13.04324],[74.8465,13.04263],[74.84718,13.04158],[74.84654,13.03828],[74.84609,13.0376],[74.84463,13.03813],[74.84396,13.03784],[74.84326,13.03519],[74.8434,13.03348],[74.84254,13.03266],[74.84413,13.03092],[74.84437,13.02991],[74.84393,13.02976],[74.84311,13.03053],[74.84244,13.03034],[74.84247,13.02899],[74.84181,13.02823],[74.84072,13.02937],[74.83896,13.03015],[74.83828,13.03197],[74.83695,13.03229],[74.83655,13.03488],[74.8351,13.03688],[74.83338,13.03701],[74.83141,13.03528],[74.83336,13.03362],[74.83184,13.03195],[74.82983,13.03174],[74.82823,13.03259],[74.82773,13.03219],[74.82735,13.02871],[74.8265,13.02741],[74.82727,13.02601],[74.82637,13.02418],[74.82302,13.02519],[74.82077,13.02372],[74.81876,13.02414],[74.81818,13.02569],[74.81913,13.02696],[74.81836,13.0272],[74.81639,13.0257],[74.8163,13.02405],[74.81578,13.02413],[74.81518,13.02475],[74.81569,13.02582],[74.81415,13.02662],[74.8127,13.02674],[74.8122,13.02809],[74.81246,13.02956],[74.81019,13.03306],[74.8099,13.03548],[74.81098,13.03758],[74.81076,13.03949],[74.80726,13.03988],[74.80505,13.04162],[74.80119,13.04074],[74.80102,13.03825],[74.80159,13.03707],[74.80119,13.03629],[74.79992,13.0354],[74.79656,13.03477],[74.79489,13.03253],[74.79481,13.03156],[74.79377,13.03086],[74.79189,13.03055],[74.79046,13.02951],[74.78819,13.0297],[74.7861,13.03149],[74.78566,13.03275],[74.786,13.0347],[74.78674,13.03555],[74.7878,13.03567],[74.78791,13.03846],[74.78839,13.03886],[74.78785,13.03935],[74.78788,13.041],[74.78731,13.04222],[74.78446,13.04389],[74.78347,13.04519],[74.78303,13.04722],[74.78332,13.04837],[74.78756,13.05087],[74.7866,13.05714],[74.78443,13.05846],[74.78462,13.05923],[74.78315,13.05937],[74.78247,13.06038],[74.77847,13.07714],[74.77757,13.0787],[74.77689,13.08179],[74.7781,13.08563],[74.77906,13.08553],[74.78062,13.08822],[74.78093,13.09094],[74.78075,13.093],[74.77908,13.09788],[74.77766,13.09885],[74.77747,13.10219],[74.77877,13.10378],[74.78181,13.10449],[74.78355,13.1034],[74.78472,13.10025],[74.78614,13.09915],[74.78856,13.09845],[74.79167,13.09646],[74.79285,13.09672],[74.7958,13.1003],[74.79725,13.10102],[74.79762,13.10206],[74.79722,13.10213],[74.798,13.10343],[74.79763,13.10573],[74.79815,13.10576],[74.7987,13.10815],[74.79718,13.11079],[74.79592,13.11111],[74.79562,13.10933],[74.79455,13.10891],[74.79377,13.10973],[74.79146,13.11277],[74.79107,13.11522],[74.79145,13.11691],[74.79231,13.11749],[74.79579,13.11823],[74.80053,13.11481],[74.80293,13.11424],[74.80344,13.11503],[74.80626,13.1161],[74.80725,13.11552],[74.80814,13.11366],[74.80993,13.11339],[74.81226,13.11536],[74.8122,13.11871],[74.8146,13.12253],[74.82268,13.12382],[74.8242,13.12749],[74.82605,13.12924],[74.82939,13.12905],[74.83251,13.12983],[74.83378,13.12971],[74.83379,13.12911]]]}},{"type":"Feature","properties":{"unitId":360,"unitName":"Moodabidre PS"},"geometry":{"type":"Polygon","coordinates":[[[75.10029,13.15991],[75.10033,13.15326],[75.10397,13.15384],[75.10313,13.15098],[75.10435,13.14857],[75.10538,13.14844],[75.10553,13.14764],[75.10645,13.14721],[75.10676,13.14815],[75.10578,13.14879],[75.11429,13.15038],[75.11163,13.14755],[75.11274,13.14673],[75.11651,13.1416],[75.11639,13.14096],[75.12014,13.13829],[75.11912,13.13499],[75.11947,13.13392],[75.12166,13.13223],[75.12556,13.13155],[75.1265,13.13041],[75.12696,13.13067],[75.12672,13.12899],[75.12577,13.12725],[75.12595,13.11755],[75.12228,13.11865],[75.12166,13.11709],[75.12293,13.11421],[75.12237,13.1122],[75.12034,13.11293],[75.11993,13.1104],[75.11628,13.10961],[75.11601,13.10758],[75.11428,13.10605],[75.11173,13.10215],[75.11064,13.10139],[75.10846,13.10128],[75.10833,13.09837],[75.10658,13.09856],[75.10488,13.09653],[75.10338,13.0959],[75.10128,13.09268],[75.09655,13.08828],[75.09661,13.08742],[75.09956,13.08345],[75.09764,13.08003],[75.09365,13.07735],[75.09051,13.07736],[75.09081,13.07664],[75.09051,13.07462],[75.08999,13.07441],[75.08993,13.07246],[75.09047,13.07075],[75.09034,13.06947],[75.08931,13.0659],[75.08521,13.06484],[75.08507,13.06426],[75.08355,13.06313],[75.08344,13.06161],[75.08152,13.05855],[75.08137,13.0576],[75.08189,13.05636],[75.07882,13.05215],[75.07871,13.05123],[75.07997,13.04868],[75.07785,13.04537],[75.07709,13.04469],[75.07238,13.04638],[75.06888,13.04477],[75.06608,13.04446],[75.066,13.04396],[75.06776,13.04145],[75.06705,13.03434],[75.06407,13.03242],[75.05883,13.03176],[75.05601,13.03033],[75.05416,13.02684],[75.0523,13.02529],[75.051,13.0225],[75.04705,13.01826],[75.04388,13.01658],[75.04053,13.01603],[75.03633,13.01441],[75.0323,13.01423],[75.03039,13.01164],[75.03,13.00973],[75.03056,13.00546],[75.02814,12.99988],[75.02502,12.99882],[75.02429,12.99716],[75.0231,12.99768],[75.01727,12.9962],[75.01528,12.99195],[75.01476,12.98838],[75.01411,12.98706],[75.01354,12.98602],[75.01138,12.98427],[75.00367,12.9855],[75.00095,12.98834],[75.00158,12.9891],[75.0007,12.98973],[74.99873,12.98967],[74.99895,12.98913],[74.99851,12.98869],[74.9975,12.98926],[74.99661,12.9887],[74.99489,12.99007],[74.99189,12.98924],[74.98727,12.99275],[74.98784,12.99509],[74.98467,12.99724],[74.98483,12.99923],[74.98627,12.99977],[74.98539,13.0029],[74.98852,13.0054],[74.99049,13.00453],[74.9935,13.00411],[74.99568,13.00522],[74.99434,13.00631],[74.99432,13.00762],[74.99836,13.01335],[74.99915,13.01651],[74.98218,13.02637],[74.97758,13.02814],[74.97321,13.02455],[74.97221,13.02093],[74.96939,13.01864],[74.96942,13.01789],[74.9678,13.01694],[74.9646,13.01683],[74.96503,13.01453],[74.95732,13.01645],[74.95716,13.0189],[74.95284,13.01861],[74.95082,13.018],[74.94717,13.0155],[74.94235,13.00621],[74.93708,13.0062],[74.93315,13.00499],[74.93213,13.0058],[74.93143,13.00732],[74.92958,13.00847],[74.9306,13.01014],[74.93211,13.01139],[74.93439,13.01117],[74.93683,13.01404],[74.93178,13.02247],[74.93408,13.02865],[74.93344,13.03517],[74.93168,13.03428],[74.93121,13.0327],[74.93,13.0355],[74.92625,13.03419],[74.92642,13.03518],[74.92591,13.03607],[74.92414,13.03544],[74.92366,13.0378],[74.92128,13.03563],[74.92071,13.03642],[74.91795,13.03523],[74.91779,13.03588],[74.91881,13.03738],[74.9185,13.03835],[74.91706,13.03793],[74.91702,13.03686],[74.91626,13.03627],[74.91534,13.03625],[74.91295,13.03733],[74.90999,13.03739],[74.90794,13.03797],[74.90701,13.0341],[74.90925,13.02935],[74.90949,13.02722],[74.90902,13.02576],[74.90665,13.02596],[74.89611,13.0323],[74.89741,13.03788],[74.89712,13.0389],[74.89442,13.03923],[74.89443,13.03999],[74.89366,13.04083],[74.89138,13.04121],[74.88949,13.04409],[74.88756,13.04435],[74.88775,13.04595],[74.88671,13.04602],[74.88585,13.04711],[74.88452,13.0476],[74.88483,13.05063],[74.8834,13.05349],[74.88373,13.05591],[74.8883,13.06014],[74.89036,13.06055],[74.89195,13.06635],[74.89011,13.06775],[74.88904,13.06769],[74.88742,13.07236],[74.88923,13.07626],[74.89003,13.07683],[74.89095,13.08071],[74.89164,13.08127],[74.89154,13.08343],[74.89065,13.08468],[74.89188,13.08754],[74.89143,13.09295],[74.88859,13.09569],[74.88765,13.09874],[74.89252,13.10293],[74.89588,13.10345],[74.89768,13.10479],[74.89963,13.10419],[74.90075,13.1044],[74.9025,13.10784],[74.90517,13.10721],[74.90786,13.10843],[74.90909,13.10852],[74.9092,13.10798],[74.91157,13.1084],[74.91141,13.1102],[74.91051,13.11069],[74.90855,13.11009],[74.90803,13.11137],[74.90924,13.11276],[74.91218,13.113],[74.91309,13.1137],[74.9137,13.11547],[74.91319,13.11984],[74.91091,13.12014],[74.90949,13.12097],[74.90724,13.12103],[74.90829,13.12278],[74.90956,13.1267],[74.90907,13.12907],[74.91064,13.13067],[74.9146,13.13173],[74.91693,13.13583],[74.92134,13.14011],[74.93255,13.1469],[74.93495,13.14501],[74.93413,13.14339],[74.9346,13.14243],[74.93514,13.14222],[74.93624,13.14298],[74.93644,13.14266],[74.93574,13.14132],[74.93689,13.14094],[74.93901,13.14219],[74.94006,13.14219],[74.94026,13.14357],[74.94065,13.14231],[74.94165,13.14166],[74.94158,13.14105],[74.94259,13.14131],[74.94237,13.14073],[74.94334,13.13946],[74.94141,13.14003],[74.94254,13.13803],[74.94139,13.13722],[74.94219,13.13572],[74.94102,13.13531],[74.94232,13.13522],[74.9425,13.13572],[74.94349,13.13426],[74.94308,13.13337],[74.94147,13.13308],[74.94157,13.1324],[74.94067,13.13199],[74.94032,13.13253],[74.93917,13.13125],[74.93983,13.13108],[74.9406,13.13158],[74.94085,13.13044],[74.94259,13.12794],[74.94768,13.12165],[74.94959,13.1202],[74.94839,13.11993],[74.951,13.11929],[74.95226,13.11803],[74.95424,13.11884],[74.95507,13.12055],[74.95891,13.11955],[74.96014,13.12097],[74.96012,13.12264],[74.96187,13.12315],[74.9634,13.12246],[74.96361,13.12295],[74.97488,13.12753],[74.98415,13.14263],[74.98448,13.14331],[74.98399,13.14391],[74.98483,13.14452],[74.98703,13.14861],[74.99151,13.15032],[74.99457,13.15428],[74.99736,13.15193],[74.99901,13.15143],[75.00031,13.14862],[75.00232,13.14833],[75.00252,13.14684],[75.00208,13.14646],[75.00268,13.14571],[75.00767,13.14297],[75.01659,13.13703],[75.0159,13.13202],[75.02562,13.13698],[75.02579,13.13788],[75.02792,13.13703],[75.03242,13.1394],[75.03339,13.14225],[75.03593,13.14318],[75.04996,13.13547],[75.05955,13.13849],[75.06676,13.13964],[75.06396,13.1466],[75.07336,13.14898],[75.07875,13.14632],[75.07887,13.14921],[75.08106,13.15838],[75.08868,13.15874],[75.09178,13.16038],[75.09228,13.1599],[75.09359,13.15986],[75.09398,13.16179],[75.0955,13.16205],[75.09723,13.16178],[75.09959,13.16072],[75.10029,13.15991]]]}},{"type":"Feature","properties":{"unitId":361,"unitName":"Mangaluru North PS"},"geometry":{"type":"Polygon","coordinates":[[[74.82118,12.8858],[74.82169,12.8849],[74.82284,12.88589],[74.82659,12.87999],[74.82973,12.87359],[74.83066,12.87419],[74.82961,12.8772],[74.83022,12.87831],[74.83345,12.87794],[74.83345,12.87633],[74.83467,12.87226],[74.83544,12.87248],[74.83657,12.87396],[74.84074,12.87472],[74.84207,12.87596],[74.84705,12.87595],[74.84806,12.87662],[74.84891,12.87406],[74.84866,12.87268],[74.8492,12.87168],[74.84808,12.86869],[74.84749,12.86788],[74.84216,12.86768],[74.84044,12.86567],[74.83777,12.86398],[74.83386,12.86385],[74.82255,12.86151],[74.81716,12.88666],[74.81859,12.88672],[74.81869,12.88957],[74.81962,12.88964],[74.81989,12.89108],[74.82129,12.89009],[74.82083,12.89006],[74.82036,12.88912],[74.82118,12.8858]]]}},{"type":"Feature","properties":{"unitId":362,"unitName":"Barke PS"},"geometry":{"type":"Polygon","coordinates":[[[74.83467,12.87226],[74.83345,12.87633],[74.83345,12.87794],[74.82992,12.87818],[74.82961,12.8772],[74.83066,12.87419],[74.82973,12.87359],[74.82659,12.87999],[74.82284,12.88589],[74.82169,12.8849],[74.82118,12.8858],[74.82036,12.88912],[74.82083,12.89006],[74.82732,12.89034],[74.83018,12.88956],[74.83509,12.88951],[74.83595,12.8876],[74.83856,12.88714],[74.83911,12.88568],[74.84142,12.88607],[74.84758,12.8855],[74.84775,12.88504],[74.84543,12.88342],[74.84623,12.88235],[74.84544,12.87962],[74.84582,12.87868],[74.84695,12.87851],[74.84671,12.87714],[74.84745,12.87621],[74.84547,12.87579],[74.84207,12.87596],[74.84074,12.87472],[74.83657,12.87396],[74.83544,12.87248],[74.83467,12.87226]]]}},{"type":"Feature","properties":{"unitId":363,"unitName":"Mangaluru East PS"},"geometry":{"type":"Polygon","coordinates":[[[74.84337,12.90103],[74.84399,12.90066],[74.84694,12.90083],[74.8488,12.89921],[74.84947,12.89953],[74.85637,12.89873],[74.85768,12.89923],[74.85781,12.90004],[74.85948,12.90017],[74.8595,12.89775],[74.86054,12.8966],[74.85939,12.89382],[74.85832,12.89294],[74.85832,12.8916],[74.86104,12.88759],[74.86277,12.88635],[74.86334,12.88429],[74.8642,12.88378],[74.86332,12.88207],[74.8632,12.8804],[74.86202,12.88082],[74.86203,12.88173],[74.85903,12.88212],[74.85909,12.88287],[74.85828,12.88276],[74.85806,12.88219],[74.85667,12.8821],[74.85648,12.88107],[74.85217,12.88109],[74.85221,12.88049],[74.85127,12.88059],[74.85115,12.87994],[74.84938,12.87982],[74.84947,12.87752],[74.84744,12.87629],[74.84689,12.87662],[74.84695,12.87851],[74.84582,12.87868],[74.84544,12.87962],[74.84623,12.88235],[74.84543,12.88342],[74.84775,12.88504],[74.84758,12.8855],[74.8439,12.88586],[74.84392,12.88657],[74.84473,12.88605],[74.8454,12.88649],[74.84542,12.88598],[74.84691,12.88692],[74.84801,12.88642],[74.84828,12.88744],[74.84704,12.88916],[74.84808,12.89081],[74.84746,12.89173],[74.84508,12.89155],[74.84494,12.89217],[74.84173,12.89213],[74.84191,12.89441],[74.84057,12.89484],[74.84049,12.89649],[74.84253,12.89688],[74.8427,12.89801],[74.84239,12.89923],[74.84136,12.89885],[74.84114,12.89962],[74.84215,12.89981],[74.84337,12.90103]]]}},{"type":"Feature","properties":{"unitId":364,"unitName":"Urva PS"},"geometry":{"type":"Polygon","coordinates":[[[74.82936,12.91674],[74.83201,12.91641],[74.831,12.91602],[74.83128,12.91415],[74.82975,12.9086],[74.82963,12.90158],[74.83208,12.89999],[74.83437,12.90073],[74.83538,12.89881],[74.83582,12.89892],[74.83602,12.8973],[74.84114,12.89962],[74.84136,12.89885],[74.84239,12.89923],[74.84274,12.89846],[74.84253,12.89688],[74.84049,12.89649],[74.84057,12.89484],[74.84191,12.89441],[74.84173,12.89213],[74.84494,12.89217],[74.84508,12.89155],[74.84746,12.89173],[74.84808,12.89081],[74.84704,12.88884],[74.84812,12.88787],[74.84801,12.88642],[74.84691,12.88692],[74.84582,12.88601],[74.84542,12.88598],[74.8454,12.88649],[74.84473,12.88605],[74.84392,12.88657],[74.8439,12.88586],[74.83911,12.88568],[74.83856,12.88714],[74.83595,12.8876],[74.83509,12.88951],[74.83018,12.88956],[74.82732,12.89034],[74.82208,12.88993],[74.81989,12.89108],[74.82091,12.89638],[74.82096,12.90086],[74.81941,12.90444],[74.82137,12.90471],[74.82485,12.90789],[74.82535,12.91505],[74.82674,12.91581],[74.82912,12.9161],[74.82936,12.91674]]]}},{"type":"Feature","properties":{"unitId":365,"unitName":"Mangaluru South PS"},"geometry":{"type":"Polygon","coordinates":[[[74.84806,12.87662],[74.84947,12.87752],[74.84938,12.87982],[74.85115,12.87994],[74.85127,12.88059],[74.85221,12.88049],[74.85217,12.88109],[74.85648,12.88107],[74.85667,12.8821],[74.85806,12.88219],[74.85828,12.88276],[74.85909,12.88287],[74.85903,12.88212],[74.86203,12.88173],[74.86239,12.88048],[74.86576,12.88042],[74.86531,12.87878],[74.86398,12.87922],[74.86374,12.87815],[74.86441,12.87633],[74.86637,12.87491],[74.86629,12.8734],[74.8653,12.87281],[74.86598,12.87218],[74.86464,12.87103],[74.86332,12.87093],[74.86335,12.87038],[74.86176,12.87077],[74.86177,12.87136],[74.85992,12.87169],[74.85885,12.87057],[74.85946,12.86847],[74.8591,12.86851],[74.85903,12.86734],[74.85988,12.86683],[74.85932,12.86656],[74.86023,12.86513],[74.86008,12.86384],[74.85878,12.86387],[74.85889,12.86074],[74.8571,12.86046],[74.85752,12.85914],[74.85696,12.85908],[74.85698,12.85834],[74.85609,12.85815],[74.85557,12.85636],[74.85623,12.85416],[74.85587,12.8535],[74.8558,12.85393],[74.85421,12.85381],[74.85462,12.85225],[74.85411,12.85221],[74.85413,12.84968],[74.85514,12.84873],[74.85723,12.84382],[74.85528,12.8436],[74.85556,12.8431],[74.85368,12.8423],[74.85382,12.83507],[74.83301,12.83898],[74.83396,12.83437],[74.83298,12.83413],[74.83341,12.83212],[74.83167,12.83485],[74.83065,12.8404],[74.82756,12.84457],[74.82472,12.84697],[74.82505,12.85126],[74.82255,12.86151],[74.83386,12.86385],[74.83728,12.86385],[74.84044,12.86567],[74.84216,12.86768],[74.84749,12.86788],[74.84918,12.87079],[74.84861,12.87296],[74.84891,12.87406],[74.84806,12.87662]]]}},{"type":"Feature","properties":{"unitId":366,"unitName":"Mangaluru Rural PS"},"geometry":{"type":"Polygon","coordinates":[[[74.94028,12.92421],[74.94972,12.9171],[74.95824,12.91754],[74.95955,12.91644],[74.95995,12.91348],[74.96058,12.9127],[74.96201,12.91256],[74.96243,12.91138],[74.96599,12.91112],[74.96639,12.91075],[74.96625,12.90901],[74.96577,12.90905],[74.96599,12.90842],[74.96459,12.90619],[74.96503,12.90278],[74.96418,12.90116],[74.9615,12.89938],[74.95792,12.89745],[74.95452,12.89647],[74.9541,12.89674],[74.95442,12.89956],[74.95086,12.90423],[74.94777,12.90294],[74.94655,12.89503],[74.94046,12.8935],[74.93645,12.89413],[74.93573,12.89031],[74.9376,12.88912],[74.93534,12.88618],[74.9338,12.88282],[74.93978,12.88173],[74.93992,12.88111],[74.94075,12.88164],[74.94395,12.88613],[74.94749,12.88758],[74.94911,12.88643],[74.94895,12.88679],[74.95408,12.88836],[74.9525,12.88491],[74.95164,12.88462],[74.953,12.88168],[74.95356,12.88146],[74.95265,12.88084],[74.95243,12.8785],[74.95279,12.87776],[74.95179,12.87779],[74.95149,12.87547],[74.95298,12.87732],[74.95349,12.8768],[74.95349,12.87591],[74.95454,12.87539],[74.95573,12.87638],[74.95607,12.87594],[74.95589,12.87538],[74.95448,12.87505],[74.95426,12.87461],[74.95479,12.87398],[74.95417,12.8723],[74.95494,12.87002],[74.95453,12.87042],[74.94898,12.87108],[74.94338,12.86684],[74.93293,12.86331],[74.93269,12.86282],[74.92231,12.86234],[74.92117,12.8619],[74.91927,12.86227],[74.91317,12.86141],[74.91292,12.86454],[74.91386,12.86475],[74.91335,12.86527],[74.9127,12.86498],[74.91309,12.86637],[74.91257,12.86724],[74.91304,12.8678],[74.91371,12.86775],[74.9137,12.86838],[74.91293,12.86837],[74.91263,12.86931],[74.91182,12.86924],[74.91194,12.87016],[74.91054,12.87248],[74.90966,12.8715],[74.90986,12.87051],[74.91072,12.87004],[74.91059,12.86951],[74.9083,12.86926],[74.90755,12.86997],[74.90721,12.87311],[74.90817,12.87625],[74.90878,12.87619],[74.90905,12.87705],[74.9067,12.87733],[74.90338,12.88069],[74.90185,12.88125],[74.90039,12.88088],[74.90024,12.88224],[74.89672,12.88391],[74.89638,12.88223],[74.89401,12.88213],[74.89128,12.88043],[74.88927,12.88052],[74.88901,12.88281],[74.8879,12.8833],[74.88587,12.8833],[74.88394,12.88224],[74.88275,12.88239],[74.88253,12.8806],[74.88069,12.87927],[74.87905,12.88098],[74.87714,12.88203],[74.87026,12.88363],[74.8694,12.88204],[74.86751,12.88416],[74.8642,12.88378],[74.86334,12.88429],[74.86277,12.88635],[74.86104,12.88759],[74.85832,12.8916],[74.85832,12.89294],[74.85939,12.89382],[74.86054,12.8966],[74.8595,12.89775],[74.85939,12.89997],[74.86022,12.90185],[74.8663,12.90923],[74.86957,12.91165],[74.86981,12.91452],[74.8686,12.9158],[74.86853,12.9234],[74.86993,12.92319],[74.87153,12.92608],[74.8731,12.92705],[74.87794,12.92663],[74.88061,12.9255],[74.88231,12.92601],[74.88304,12.92548],[74.88354,12.92574],[74.89238,12.92011],[74.89467,12.92188],[74.90015,12.92377],[74.90406,12.92365],[74.90511,12.92576],[74.90631,12.93072],[74.91038,12.9327],[74.92221,12.93074],[74.92696,12.92813],[74.93462,12.92668],[74.94028,12.92421]]]}},{"type":"Feature","properties":{"unitId":367,"unitName":"Kankanady Town PS"},"geometry":{"type":"Polygon","coordinates":[[[74.86929,12.88218],[74.87026,12.88363],[74.87346,12.88259],[74.87492,12.88261],[74.87905,12.88098],[74.88069,12.87927],[74.88253,12.8806],[74.88275,12.88239],[74.88394,12.88224],[74.88587,12.8833],[74.8879,12.8833],[74.88901,12.88281],[74.88927,12.88052],[74.89093,12.8804],[74.89401,12.88213],[74.89638,12.88223],[74.89672,12.88391],[74.90024,12.88224],[74.90039,12.88088],[74.90185,12.88125],[74.90338,12.88069],[74.9067,12.87733],[74.90905,12.87705],[74.90878,12.87619],[74.90817,12.87625],[74.90721,12.87311],[74.90755,12.86997],[74.9083,12.86926],[74.91059,12.86951],[74.91072,12.87004],[74.90986,12.87051],[74.90966,12.8715],[74.91054,12.87248],[74.91194,12.87016],[74.91182,12.86924],[74.91263,12.86931],[74.91293,12.86837],[74.9137,12.86838],[74.91371,12.86775],[74.91304,12.8678],[74.91257,12.86724],[74.91309,12.86637],[74.91258,12.86534],[74.9127,12.86498],[74.91337,12.86527],[74.91384,12.86455],[74.91292,12.86454],[74.91317,12.86141],[74.9059,12.85972],[74.90494,12.85897],[74.90244,12.85827],[74.89842,12.8557],[74.89573,12.85285],[74.89274,12.84862],[74.88928,12.84514],[74.88509,12.84419],[74.87464,12.83936],[74.87308,12.83302],[74.86951,12.83136],[74.86611,12.83085],[74.86406,12.82984],[74.85936,12.82866],[74.85402,12.82993],[74.85368,12.8423],[74.85556,12.8431],[74.85528,12.8436],[74.85723,12.84382],[74.85514,12.84873],[74.85413,12.84968],[74.85411,12.85221],[74.85462,12.85225],[74.85421,12.85381],[74.8558,12.85393],[74.85587,12.8535],[74.85623,12.85416],[74.85557,12.85636],[74.85609,12.85815],[74.85698,12.85834],[74.85696,12.85908],[74.85752,12.85914],[74.8571,12.86046],[74.85889,12.86074],[74.85878,12.86387],[74.86008,12.86384],[74.86023,12.86513],[74.85932,12.86656],[74.85988,12.86683],[74.85903,12.86734],[74.8591,12.86851],[74.85946,12.86847],[74.85885,12.87057],[74.85992,12.87169],[74.86177,12.87136],[74.86176,12.87077],[74.86335,12.87038],[74.86332,12.87093],[74.86464,12.87103],[74.86598,12.87218],[74.8653,12.87281],[74.86629,12.8734],[74.86637,12.87491],[74.86441,12.87633],[74.86374,12.87815],[74.86398,12.87922],[74.86531,12.87878],[74.86576,12.88042],[74.8632,12.8804],[74.86332,12.88207],[74.8642,12.88378],[74.86686,12.88437],[74.86929,12.88218]]]}},{"type":"Feature","properties":{"unitId":368,"unitName":"Konaje PS"},"geometry":{"type":"Polygon","coordinates":[[[74.95453,12.87042],[74.95494,12.87002],[74.95707,12.87021],[74.95937,12.86721],[74.96193,12.85882],[74.96266,12.85843],[74.96455,12.85545],[74.96711,12.85513],[74.96804,12.85325],[74.9691,12.85273],[74.97141,12.85318],[74.97229,12.85199],[74.97458,12.85193],[74.97492,12.84996],[74.97715,12.84994],[74.97764,12.84896],[74.97785,12.84254],[74.97578,12.84113],[74.97797,12.83873],[74.97718,12.83716],[74.97775,12.83434],[74.9766,12.83142],[74.97994,12.83209],[74.98028,12.83284],[74.98076,12.83242],[74.98175,12.83253],[74.98186,12.83182],[74.98108,12.83042],[74.98126,12.82943],[74.9806,12.82821],[74.97846,12.82731],[74.98067,12.82441],[74.98269,12.81905],[74.98413,12.81777],[74.97643,12.8089],[74.97961,12.80699],[74.98034,12.8061],[74.98249,12.80041],[74.98582,12.79766],[74.98608,12.79273],[74.98869,12.79285],[74.99056,12.79056],[74.99128,12.79046],[74.99249,12.78801],[74.98645,12.78231],[74.98569,12.78219],[74.98468,12.78313],[74.98331,12.78296],[74.98254,12.78198],[74.9826,12.78],[74.97618,12.77951],[74.96688,12.77649],[74.96655,12.77651],[74.9664,12.77837],[74.96731,12.77954],[74.96564,12.78056],[74.96445,12.78224],[74.96358,12.78155],[74.96321,12.77912],[74.96028,12.77843],[74.95858,12.78493],[74.95061,12.7845],[74.94185,12.78019],[74.93461,12.7798],[74.92545,12.77746],[74.91635,12.77118],[74.91535,12.77101],[74.91476,12.7717],[74.91131,12.77075],[74.90324,12.766],[74.90291,12.77644],[74.90228,12.78066],[74.90305,12.78133],[74.90279,12.7821],[74.90118,12.78263],[74.90093,12.78347],[74.9015,12.78429],[74.9003,12.78478],[74.9003,12.78565],[74.89939,12.78558],[74.89913,12.78691],[74.90116,12.78713],[74.90125,12.78805],[74.90076,12.78864],[74.89954,12.78817],[74.89896,12.78902],[74.89936,12.78939],[74.89835,12.78947],[74.89901,12.78974],[74.89833,12.79307],[74.89675,12.79435],[74.89718,12.79639],[74.89979,12.79777],[74.90192,12.80079],[74.90211,12.80203],[74.89726,12.80616],[74.89135,12.80942],[74.88603,12.80906],[74.88287,12.81134],[74.88125,12.81313],[74.8855,12.8155],[74.89008,12.81636],[74.88976,12.81794],[74.8903,12.82004],[74.88989,12.82041],[74.88996,12.82168],[74.88901,12.82221],[74.88945,12.82258],[74.88887,12.82415],[74.88938,12.82416],[74.88833,12.82475],[74.88895,12.82534],[74.8882,12.8275],[74.88743,12.83294],[74.88654,12.83362],[74.88856,12.83698],[74.88704,12.83959],[74.88731,12.84446],[74.88928,12.84514],[74.89274,12.84862],[74.89573,12.85285],[74.89842,12.8557],[74.90244,12.85827],[74.90494,12.85897],[74.9059,12.85972],[74.91386,12.86164],[74.91927,12.86227],[74.92117,12.8619],[74.92231,12.86234],[74.93269,12.86282],[74.93293,12.86331],[74.94338,12.86684],[74.94898,12.87108],[74.95453,12.87042]]]}},{"type":"Feature","properties":{"unitId":369,"unitName":"Ullal PS"},"geometry":{"type":"Polygon","coordinates":[[[74.88731,12.84445],[74.88704,12.83959],[74.88856,12.83698],[74.88654,12.83362],[74.88743,12.83294],[74.8882,12.8275],[74.88895,12.82534],[74.88833,12.82475],[74.88938,12.82416],[74.88887,12.82415],[74.88945,12.82258],[74.88901,12.82221],[74.88996,12.82168],[74.88989,12.82041],[74.8903,12.82004],[74.88976,12.81794],[74.89008,12.81636],[74.8855,12.8155],[74.88125,12.81313],[74.88287,12.81134],[74.88603,12.80906],[74.89135,12.80942],[74.89726,12.80616],[74.90211,12.80203],[74.90192,12.80079],[74.89979,12.79777],[74.89718,12.79639],[74.89675,12.79435],[74.89833,12.79307],[74.89901,12.78974],[74.89835,12.78947],[74.89936,12.78939],[74.89896,12.78902],[74.89954,12.78817],[74.90076,12.78864],[74.90125,12.78805],[74.90116,12.78713],[74.89913,12.78691],[74.89939,12.78558],[74.9003,12.78565],[74.9003,12.78478],[74.9015,12.78429],[74.90093,12.78347],[74.90118,12.78263],[74.90279,12.7821],[74.90305,12.78133],[74.90228,12.78066],[74.90291,12.77644],[74.90324,12.76593],[74.89915,12.76242],[74.89325,12.76231],[74.88318,12.75395],[74.8802,12.75534],[74.87838,12.7549],[74.87635,12.75507],[74.87499,12.75444],[74.87246,12.75966],[74.8722,12.76128],[74.87045,12.76007],[74.86495,12.75951],[74.8542,12.7851],[74.84836,12.79396],[74.84679,12.79512],[74.84118,12.81033],[74.8369,12.82395],[74.83263,12.83135],[74.83253,12.83179],[74.83358,12.83218],[74.83298,12.83413],[74.83396,12.83437],[74.83301,12.83898],[74.85382,12.83507],[74.85402,12.82993],[74.85936,12.82866],[74.86406,12.82984],[74.86611,12.83085],[74.86951,12.83136],[74.87308,12.83302],[74.87464,12.83936],[74.88212,12.843],[74.88509,12.84419],[74.88731,12.84445]]]}},{"type":"Feature","properties":{"unitId":370,"unitName":"Kadaba PS"},"geometry":{"type":"Polygon","coordinates":[[[75.49537,12.82926],[75.49577,12.82771],[75.49516,12.82738],[75.49514,12.82638],[75.48901,12.8156],[75.48894,12.81439],[75.4877,12.81375],[75.48947,12.80347],[75.49272,12.80191],[75.49293,12.80068],[75.49456,12.80042],[75.4947,12.79944],[75.49563,12.79921],[75.49717,12.79717],[75.49753,12.79521],[75.49518,12.79336],[75.49597,12.79311],[75.49716,12.79156],[75.49789,12.79159],[75.49911,12.78982],[75.49819,12.78801],[75.49896,12.7852],[75.50891,12.78107],[75.51153,12.78118],[75.51229,12.77906],[75.51401,12.77827],[75.52276,12.78798],[75.53625,12.78099],[75.53606,12.77998],[75.53662,12.77898],[75.53764,12.77889],[75.53869,12.7797],[75.58231,12.78102],[75.58512,12.78594],[75.6132,12.79687],[75.6134,12.79341],[75.6146,12.79278],[75.61751,12.79341],[75.62569,12.78516],[75.62629,12.78327],[75.62567,12.77864],[75.62631,12.77751],[75.62712,12.77697],[75.62932,12.77702],[75.63125,12.77626],[75.60049,12.75231],[75.58584,12.75952],[75.58464,12.75791],[75.5813,12.75631],[75.57636,12.74976],[75.57621,12.74754],[75.57696,12.74709],[75.57676,12.73303],[75.5661,12.73399],[75.56383,12.7352],[75.56332,12.73411],[75.55806,12.73527],[75.55649,12.73155],[75.55518,12.7261],[75.55393,12.72685],[75.55284,12.72889],[75.55235,12.72903],[75.55224,12.72804],[75.5528,12.72719],[75.55234,12.72639],[75.55269,12.72491],[75.55391,12.72434],[75.55528,12.72446],[75.55515,12.72339],[75.55286,12.72221],[75.55115,12.72316],[75.55188,12.71425],[75.55172,12.71039],[75.55479,12.70376],[75.55353,12.70283],[75.55439,12.70144],[75.55369,12.69774],[75.5551,12.69257],[75.55216,12.6914],[75.55077,12.69513],[75.54817,12.69819],[75.54912,12.69946],[75.54871,12.70044],[75.54003,12.70121],[75.53402,12.70344],[75.53386,12.70538],[75.53284,12.7077],[75.53098,12.70859],[75.52529,12.70928],[75.52126,12.70925],[75.52149,12.70773],[75.52043,12.70478],[75.51871,12.70432],[75.51863,12.70344],[75.51676,12.70329],[75.51473,12.70169],[75.51179,12.70121],[75.50857,12.70238],[75.51164,12.70593],[75.51028,12.70622],[75.509,12.70775],[75.50924,12.71194],[75.50707,12.71301],[75.50563,12.71461],[75.50292,12.715],[75.49894,12.71317],[75.49864,12.71089],[75.49672,12.70905],[75.49044,12.70994],[75.48936,12.71102],[75.48856,12.71071],[75.48895,12.70995],[75.48857,12.7092],[75.48704,12.70888],[75.48596,12.7074],[75.48577,12.7063],[75.48758,12.7019],[75.48393,12.70316],[75.48207,12.70433],[75.47956,12.7006],[75.47767,12.70244],[75.47519,12.70327],[75.47352,12.70235],[75.47273,12.70118],[75.4728,12.70038],[75.47215,12.70018],[75.4711,12.70084],[75.47035,12.70253],[75.46894,12.70353],[75.46997,12.70638],[75.46946,12.70846],[75.46782,12.70802],[75.46648,12.71008],[75.46644,12.7129],[75.46737,12.71477],[75.46822,12.71517],[75.46529,12.71744],[75.46549,12.71782],[75.46324,12.72046],[75.45769,12.72251],[75.45351,12.73096],[75.4532,12.7302],[75.44863,12.73152],[75.44786,12.73239],[75.4465,12.73275],[75.44539,12.73278],[75.44433,12.73133],[75.44306,12.73259],[75.43816,12.73524],[75.43942,12.73658],[75.43781,12.73789],[75.43572,12.73862],[75.43546,12.73922],[75.43357,12.73952],[75.43386,12.73855],[75.42797,12.73734],[75.42784,12.73668],[75.42654,12.73668],[75.42586,12.73601],[75.42162,12.73841],[75.42141,12.73767],[75.42067,12.73747],[75.42061,12.73713],[75.42271,12.73618],[75.42291,12.73215],[75.41965,12.73084],[75.41993,12.73022],[75.42066,12.72958],[75.42083,12.72853],[75.42219,12.72725],[75.42521,12.729],[75.42613,12.72578],[75.42572,12.72597],[75.42523,12.72474],[75.42242,12.72327],[75.42288,12.71763],[75.42381,12.7172],[75.42386,12.71664],[75.42266,12.71324],[75.41901,12.71414],[75.41866,12.711],[75.41901,12.71017],[75.41755,12.70733],[75.41296,12.709],[75.41265,12.70838],[75.41008,12.71007],[75.41117,12.71424],[75.40849,12.71542],[75.40294,12.71436],[75.39659,12.71611],[75.39694,12.71389],[75.39416,12.71378],[75.3884,12.71803],[75.38252,12.71999],[75.38017,12.72206],[75.37786,12.72222],[75.375,12.7277],[75.37345,12.7295],[75.36908,12.73163],[75.3702,12.73435],[75.37196,12.73679],[75.37011,12.73996],[75.36894,12.73991],[75.3671,12.74416],[75.36649,12.7445],[75.36218,12.74457],[75.35557,12.74085],[75.35408,12.74107],[75.35331,12.74164],[75.35401,12.74235],[75.35259,12.74261],[75.35267,12.7434],[75.34946,12.74488],[75.34841,12.74653],[75.34861,12.74791],[75.34653,12.74665],[75.34315,12.7472],[75.33978,12.74903],[75.33782,12.74927],[75.33299,12.75102],[75.33003,12.75255],[75.3281,12.75491],[75.32631,12.75563],[75.32438,12.75573],[75.31795,12.7532],[75.31464,12.75243],[75.31308,12.7533],[75.31096,12.76319],[75.30959,12.76532],[75.30342,12.7629],[75.30141,12.76264],[75.29937,12.76377],[75.29827,12.76502],[75.29422,12.7669],[75.29322,12.76984],[75.29433,12.77343],[75.29331,12.77437],[75.2924,12.77624],[75.29208,12.77726],[75.29279,12.78032],[75.29097,12.78365],[75.28703,12.78456],[75.28091,12.78131],[75.28001,12.78041],[75.27929,12.77803],[75.27704,12.77747],[75.27261,12.77876],[75.26916,12.78303],[75.26974,12.78569],[75.27096,12.78603],[75.27178,12.7886],[75.28027,12.79412],[75.2792,12.79862],[75.28549,12.80289],[75.29014,12.80327],[75.29369,12.80493],[75.29486,12.81115],[75.29632,12.81159],[75.29929,12.8102],[75.30146,12.81132],[75.30132,12.81217],[75.29807,12.81463],[75.29921,12.81776],[75.30356,12.81691],[75.30448,12.81609],[75.30472,12.81701],[75.30661,12.81622],[75.30793,12.81676],[75.30924,12.81636],[75.31612,12.82061],[75.31865,12.82116],[75.32227,12.82108],[75.32839,12.81849],[75.32817,12.81603],[75.33057,12.8118],[75.33082,12.80977],[75.33903,12.81197],[75.34103,12.8124],[75.34159,12.81212],[75.34332,12.81376],[75.34388,12.81549],[75.34493,12.81575],[75.34494,12.8147],[75.34667,12.81484],[75.34743,12.81205],[75.34853,12.81134],[75.34946,12.81261],[75.35136,12.81257],[75.35533,12.81407],[75.35707,12.80585],[75.35782,12.80498],[75.36009,12.8045],[75.36379,12.80518],[75.36611,12.80581],[75.36747,12.8069],[75.37748,12.79615],[75.37878,12.79574],[75.37934,12.79654],[75.37954,12.79608],[75.38239,12.7952],[75.38516,12.79506],[75.38499,12.79435],[75.38633,12.7934],[75.39086,12.79234],[75.39621,12.79033],[75.39658,12.79054],[75.39554,12.79763],[75.39964,12.80116],[75.4019,12.80154],[75.40273,12.80424],[75.40349,12.80432],[75.40354,12.80283],[75.40251,12.8009],[75.40354,12.79595],[75.4062,12.79786],[75.40791,12.79717],[75.40929,12.7976],[75.40999,12.79726],[75.41242,12.79758],[75.41387,12.79855],[75.41445,12.80311],[75.41141,12.80916],[75.40539,12.81067],[75.40885,12.81131],[75.41721,12.81685],[75.42562,12.81527],[75.42664,12.81359],[75.42903,12.81458],[75.43116,12.81646],[75.44364,12.80592],[75.44315,12.80579],[75.44336,12.80248],[75.44572,12.80055],[75.44662,12.8008],[75.44964,12.79669],[75.4469,12.79683],[75.44631,12.79486],[75.44637,12.79351],[75.44938,12.79307],[75.4504,12.79387],[75.45017,12.79247],[75.44925,12.79212],[75.44729,12.79241],[75.44576,12.79073],[75.44577,12.78695],[75.44684,12.78478],[75.44813,12.78488],[75.45,12.78926],[75.45152,12.78752],[75.45421,12.787],[75.45407,12.78488],[75.45479,12.78353],[75.45592,12.78341],[75.4562,12.78564],[75.45825,12.79165],[75.45508,12.79132],[75.45389,12.79473],[75.45501,12.79565],[75.45672,12.79549],[75.45628,12.79779],[75.45696,12.79873],[75.45803,12.79877],[75.45873,12.80027],[75.45844,12.80293],[75.4592,12.8037],[75.45862,12.80494],[75.45888,12.80532],[75.45814,12.80884],[75.45764,12.80956],[75.45862,12.81277],[75.45856,12.81492],[75.4595,12.816],[75.46571,12.81882],[75.46535,12.81985],[75.46614,12.82234],[75.46547,12.8239],[75.46631,12.82422],[75.46813,12.82379],[75.46968,12.82587],[75.47132,12.82677],[75.47373,12.82643],[75.47623,12.8267],[75.47652,12.82635],[75.48268,12.82815],[75.48553,12.8295],[75.48628,12.82916],[75.49528,12.82964],[75.49537,12.82926]]]}},{"type":"Feature","properties":{"unitId":371,"unitName":"Puttur Town PS"},"geometry":{"type":"Polygon","coordinates":[[[75.21544,12.82354],[75.21646,12.82193],[75.22255,12.81863],[75.23378,12.8163],[75.23779,12.81626],[75.23996,12.8133],[75.24299,12.81214],[75.2444,12.81227],[75.2438,12.80912],[75.24526,12.80462],[75.25031,12.80047],[75.25198,12.79486],[75.2532,12.79384],[75.25611,12.79256],[75.26796,12.79296],[75.26956,12.79221],[75.27028,12.78826],[75.26916,12.78303],[75.27261,12.77876],[75.27704,12.77747],[75.27929,12.77803],[75.28001,12.78041],[75.28091,12.78131],[75.28703,12.78456],[75.29097,12.78365],[75.29279,12.78032],[75.29208,12.77726],[75.2924,12.77624],[75.29331,12.77437],[75.29433,12.77343],[75.29322,12.76984],[75.29422,12.7669],[75.29827,12.76502],[75.2985,12.76451],[75.29719,12.75909],[75.29767,12.75796],[75.29722,12.75317],[75.29784,12.7524],[75.2955,12.75132],[75.29475,12.7524],[75.2939,12.75234],[75.29341,12.7505],[75.2944,12.74967],[75.29468,12.74875],[75.29408,12.74675],[75.29558,12.74591],[75.29749,12.74601],[75.29824,12.74552],[75.29707,12.74275],[75.28541,12.74668],[75.27809,12.7475],[75.27443,12.74658],[75.27402,12.74871],[75.27209,12.749],[75.26996,12.75004],[75.26722,12.74987],[75.26749,12.75148],[75.26669,12.75221],[75.26362,12.75332],[75.26301,12.75503],[75.25936,12.75568],[75.25724,12.75516],[75.25629,12.75356],[75.25453,12.75325],[75.25473,12.75163],[75.25297,12.74918],[75.25307,12.74558],[75.25189,12.7451],[75.25184,12.74314],[75.24769,12.73995],[75.24602,12.73451],[75.24436,12.73133],[75.24175,12.73163],[75.23914,12.73077],[75.23704,12.73094],[75.23665,12.73287],[75.23655,12.73528],[75.23867,12.74082],[75.23454,12.74157],[75.22804,12.73983],[75.21953,12.73893],[75.21194,12.74665],[75.20463,12.74747],[75.20071,12.74861],[75.19586,12.75179],[75.19339,12.74921],[75.19361,12.74728],[75.19001,12.74324],[75.18542,12.74375],[75.18397,12.74162],[75.18421,12.73885],[75.183,12.74036],[75.17773,12.74186],[75.17549,12.74195],[75.17432,12.74261],[75.17197,12.74557],[75.17118,12.74786],[75.1698,12.74996],[75.16801,12.75798],[75.16757,12.75835],[75.16692,12.75398],[75.15737,12.75049],[75.15424,12.75565],[75.15157,12.75651],[75.15085,12.75738],[75.15112,12.75894],[75.15204,12.75899],[75.15164,12.76011],[75.15205,12.76297],[75.14599,12.7694],[75.14579,12.77027],[75.14579,12.77263],[75.14881,12.77616],[75.151,12.77652],[75.15554,12.77848],[75.15706,12.78142],[75.15617,12.78549],[75.15485,12.78692],[75.15093,12.78693],[75.14646,12.78943],[75.14635,12.79164],[75.14711,12.79281],[75.14692,12.79451],[75.15055,12.79468],[75.15153,12.79717],[75.15176,12.8008],[75.15472,12.80195],[75.15603,12.80301],[75.15745,12.8027],[75.15834,12.80136],[75.16182,12.80078],[75.16257,12.79995],[75.16433,12.80178],[75.16653,12.80145],[75.16833,12.79959],[75.17323,12.80093],[75.17437,12.80172],[75.17484,12.80369],[75.17601,12.80377],[75.17789,12.81017],[75.18736,12.81109],[75.19889,12.8072],[75.20267,12.81085],[75.20349,12.8123],[75.20301,12.81366],[75.20442,12.81468],[75.20432,12.81539],[75.20257,12.81721],[75.20252,12.82048],[75.20341,12.82013],[75.20422,12.82187],[75.20603,12.82267],[75.20859,12.82249],[75.21038,12.82353],[75.21298,12.82327],[75.21463,12.82436],[75.21544,12.82354]]]}},{"type":"Feature","properties":{"unitId":372,"unitName":"Subramanya PS"},"geometry":{"type":"Polygon","coordinates":[[[75.65259,12.75223],[75.65582,12.75084],[75.65737,12.7511],[75.66018,12.7464],[75.65848,12.73971],[75.65715,12.73736],[75.65671,12.73479],[75.65717,12.73102],[75.65619,12.72933],[75.65633,12.7248],[75.65542,12.72029],[75.65155,12.71734],[75.64825,12.71562],[75.64247,12.71405],[75.6372,12.7106],[75.63295,12.70439],[75.63014,12.70211],[75.62864,12.69979],[75.62971,12.69947],[75.63097,12.6981],[75.6316,12.69632],[75.63397,12.69431],[75.63564,12.69173],[75.64025,12.69276],[75.64167,12.69472],[75.64543,12.69438],[75.64798,12.69526],[75.65188,12.69518],[75.65612,12.69736],[75.66414,12.69766],[75.66633,12.69843],[75.66684,12.69822],[75.66011,12.68685],[75.65687,12.68281],[75.65598,12.68054],[75.65397,12.67792],[75.65269,12.67217],[75.64934,12.66879],[75.64807,12.66641],[75.64769,12.66522],[75.64787,12.66293],[75.64534,12.65827],[75.64531,12.65306],[75.64351,12.64616],[75.64519,12.64169],[75.64469,12.6387],[75.64153,12.63317],[75.64143,12.63169],[75.64229,12.62729],[75.64693,12.62489],[75.64913,12.62459],[75.65074,12.62365],[75.65272,12.62193],[75.65368,12.61994],[75.65311,12.61894],[75.65406,12.61693],[75.65454,12.61388],[75.65274,12.61155],[75.65435,12.61032],[75.656,12.60601],[75.65593,12.60405],[75.65636,12.60338],[75.6588,12.60209],[75.65939,12.60083],[75.661,12.59934],[75.66018,12.5971],[75.66037,12.59442],[75.66196,12.59256],[75.66272,12.59066],[75.66264,12.58786],[75.66351,12.58658],[75.66362,12.58526],[75.66344,12.58386],[75.66257,12.58349],[75.66089,12.58037],[75.6619,12.57994],[75.66338,12.57555],[75.66456,12.57552],[75.66536,12.57612],[75.66734,12.57414],[75.66745,12.57218],[75.66356,12.57108],[75.66298,12.56992],[75.66536,12.56871],[75.6664,12.56703],[75.66831,12.56546],[75.66844,12.56092],[75.67012,12.55798],[75.67045,12.55028],[75.66877,12.54947],[75.66824,12.54828],[75.66667,12.54765],[75.66636,12.54659],[75.66219,12.5458],[75.66017,12.54349],[75.65632,12.54256],[75.65543,12.54088],[75.65346,12.53977],[75.65184,12.54065],[75.65111,12.54015],[75.64424,12.53921],[75.64369,12.53846],[75.64143,12.53765],[75.63906,12.53479],[75.63622,12.52901],[75.63342,12.52766],[75.63324,12.52599],[75.63233,12.52505],[75.63345,12.52312],[75.63255,12.52105],[75.63026,12.51911],[75.63078,12.5204],[75.62849,12.51908],[75.62802,12.51948],[75.6278,12.5211],[75.62691,12.52123],[75.62383,12.51629],[75.6204,12.51453],[75.61526,12.51053],[75.61414,12.51034],[75.61209,12.51157],[75.60778,12.51197],[75.60559,12.51273],[75.60522,12.51404],[75.60589,12.51719],[75.60576,12.52118],[75.60249,12.52306],[75.59991,12.52649],[75.59574,12.5283],[75.59516,12.53194],[75.59307,12.53804],[75.60793,12.5544],[75.60532,12.5654],[75.60545,12.56679],[75.60772,12.56951],[75.60723,12.57006],[75.60731,12.57189],[75.60697,12.57269],[75.60576,12.57343],[75.60533,12.57548],[75.60358,12.57491],[75.60381,12.57388],[75.59993,12.57517],[75.59844,12.57511],[75.59814,12.57863],[75.59649,12.5787],[75.59436,12.58067],[75.59228,12.58066],[75.59105,12.5847],[75.59206,12.58996],[75.59165,12.5918],[75.58929,12.59648],[75.58771,12.59811],[75.58536,12.59756],[75.58597,12.58954],[75.58429,12.58859],[75.57974,12.59206],[75.57648,12.58845],[75.56965,12.58516],[75.56649,12.58442],[75.56425,12.58693],[75.56293,12.58751],[75.56196,12.58706],[75.5593,12.58981],[75.55756,12.59017],[75.55605,12.59142],[75.55326,12.59206],[75.55224,12.59348],[75.5522,12.59434],[75.55109,12.59471],[75.5493,12.59479],[75.54841,12.59312],[75.5477,12.59328],[75.545,12.59169],[75.54326,12.58972],[75.54249,12.58959],[75.54251,12.59257],[75.54448,12.59334],[75.54493,12.59502],[75.54572,12.59593],[75.54527,12.59743],[75.54346,12.59813],[75.53677,12.59922],[75.53565,12.60041],[75.53262,12.60137],[75.53217,12.60262],[75.53086,12.60358],[75.5287,12.60439],[75.52694,12.60263],[75.52686,12.60201],[75.52596,12.60135],[75.52519,12.60142],[75.52359,12.59949],[75.52365,12.59828],[75.52448,12.59796],[75.5245,12.59639],[75.52528,12.59446],[75.52479,12.59347],[75.52312,12.59287],[75.52269,12.59216],[75.5227,12.58999],[75.5221,12.58921],[75.52095,12.58914],[75.52041,12.58785],[75.52056,12.58643],[75.51858,12.58782],[75.5157,12.58873],[75.51482,12.58806],[75.51382,12.58799],[75.51345,12.58665],[75.51193,12.58852],[75.51012,12.58904],[75.51021,12.58986],[75.50858,12.59159],[75.50771,12.59187],[75.50625,12.59077],[75.50589,12.58951],[75.50703,12.58559],[75.50357,12.58498],[75.50323,12.58636],[75.50078,12.58482],[75.49871,12.58441],[75.49842,12.58292],[75.4976,12.58322],[75.49753,12.58548],[75.49831,12.58809],[75.49744,12.58811],[75.49765,12.58894],[75.49512,12.58922],[75.49439,12.59009],[75.49426,12.5913],[75.49124,12.59284],[75.4933,12.59321],[75.49387,12.59283],[75.49574,12.59356],[75.49537,12.59487],[75.49331,12.59654],[75.49073,12.5963],[75.48588,12.59717],[75.48585,12.5992],[75.48213,12.60093],[75.48198,12.60057],[75.47907,12.60091],[75.47677,12.60029],[75.47638,12.60096],[75.47389,12.6017],[75.47108,12.60059],[75.46936,12.60104],[75.46841,12.60038],[75.46824,12.59962],[75.46421,12.59969],[75.46397,12.60026],[75.46448,12.60021],[75.4633,12.60513],[75.46404,12.60616],[75.46388,12.60753],[75.46349,12.60863],[75.46017,12.6112],[75.46108,12.61329],[75.4629,12.61557],[75.46306,12.61745],[75.46399,12.61986],[75.46621,12.61948],[75.46586,12.62437],[75.46477,12.62539],[75.46122,12.62695],[75.46152,12.62945],[75.46076,12.62984],[75.46288,12.64141],[75.46042,12.64142],[75.45329,12.64613],[75.45219,12.64822],[75.45418,12.65005],[75.4543,12.65241],[75.45688,12.65289],[75.45793,12.65471],[75.45963,12.65417],[75.46059,12.65437],[75.46061,12.65572],[75.46155,12.65668],[75.46116,12.65762],[75.46022,12.65622],[75.45884,12.65595],[75.45597,12.65739],[75.45427,12.6561],[75.45579,12.65448],[75.45516,12.65327],[75.45141,12.65137],[75.45129,12.65304],[75.45039,12.6542],[75.45129,12.65582],[75.45052,12.65767],[75.45124,12.65884],[75.45089,12.66022],[75.44763,12.66303],[75.446,12.66356],[75.44594,12.66463],[75.44661,12.66621],[75.44776,12.66662],[75.44818,12.66774],[75.44969,12.6677],[75.45042,12.66828],[75.44903,12.66942],[75.4482,12.67182],[75.45045,12.67171],[75.45046,12.67222],[75.44737,12.67274],[75.44442,12.67206],[75.44346,12.67261],[75.44649,12.67516],[75.44784,12.67845],[75.44635,12.68028],[75.44941,12.67973],[75.45092,12.6807],[75.45102,12.68199],[75.44977,12.68408],[75.45113,12.68527],[75.44906,12.68552],[75.44856,12.68745],[75.45283,12.68872],[75.45415,12.69013],[75.45237,12.69035],[75.45249,12.69113],[75.45637,12.69343],[75.45694,12.69343],[75.45758,12.69106],[75.45955,12.69175],[75.45921,12.69319],[75.46049,12.6936],[75.45939,12.69441],[75.4589,12.69563],[75.46104,12.69815],[75.46395,12.69808],[75.46418,12.69457],[75.46482,12.69424],[75.46622,12.69428],[75.46814,12.6952],[75.47018,12.6948],[75.4718,12.69584],[75.47199,12.70028],[75.4728,12.70038],[75.4731,12.70189],[75.47414,12.7028],[75.47519,12.70327],[75.47669,12.70285],[75.47956,12.7006],[75.48207,12.70433],[75.48393,12.70316],[75.48758,12.7019],[75.48577,12.7063],[75.48596,12.7074],[75.48704,12.70888],[75.48857,12.7092],[75.48895,12.70995],[75.48856,12.71071],[75.48936,12.71102],[75.49044,12.70994],[75.49672,12.70905],[75.49864,12.71089],[75.49894,12.71317],[75.50292,12.715],[75.50563,12.71461],[75.50707,12.71301],[75.50924,12.71194],[75.509,12.70775],[75.51028,12.70622],[75.51164,12.70593],[75.50857,12.70238],[75.51179,12.70121],[75.51473,12.70169],[75.51676,12.70329],[75.51863,12.70344],[75.51871,12.70432],[75.52043,12.70478],[75.52149,12.70773],[75.52126,12.70925],[75.52529,12.70928],[75.53098,12.70859],[75.53284,12.7077],[75.53386,12.70538],[75.53402,12.70344],[75.54003,12.70121],[75.54871,12.70044],[75.54912,12.69946],[75.54817,12.69819],[75.55077,12.69513],[75.55216,12.6914],[75.5551,12.69257],[75.55369,12.69774],[75.55439,12.70144],[75.55353,12.70283],[75.55479,12.70376],[75.55172,12.71039],[75.55188,12.71425],[75.55115,12.72316],[75.55286,12.72221],[75.55381,12.7225],[75.55515,12.72339],[75.55528,12.72446],[75.55391,12.72434],[75.55269,12.72491],[75.55234,12.72639],[75.5528,12.72719],[75.55224,12.72804],[75.55235,12.72903],[75.55284,12.72889],[75.55393,12.72685],[75.55518,12.7261],[75.55649,12.73155],[75.55806,12.73527],[75.56332,12.73411],[75.56383,12.7352],[75.5661,12.73399],[75.57676,12.73303],[75.57696,12.74709],[75.57621,12.74754],[75.57636,12.74976],[75.5813,12.75631],[75.58464,12.75791],[75.58584,12.75952],[75.60049,12.75231],[75.62853,12.77428],[75.63177,12.77229],[75.63349,12.77033],[75.63715,12.769],[75.6386,12.76584],[75.63791,12.76326],[75.63855,12.76175],[75.63854,12.76021],[75.64323,12.75846],[75.64457,12.75713],[75.65109,12.75367],[75.65259,12.75223]]]}}]}