{"type":"FeatureCollection","features":[{"type":"Feature","properties":{"unitId":432,"unitName":"Arasikere Rural PS"},"geometry":{"type":"MultiPolygon","coordinates":[[[[76.30044,13.41222],[76.29586,13.40114],[76.30974,13.4066],[76.31417,13.41199],[76.31534,13.41017],[76.31874,13.40155],[76.32145,13.39697],[76.32128,13.39573],[76.32277,13.39144],[76.32269,13.39012],[76.31985,13.39092],[76.32155,13.3736],[76.32223,13.37372],[76.3294,13.36856],[76.3351,13.36885],[76.34138,13.36809],[76.34655,13.3604],[76.34589,13.36001],[76.34654,13.34507],[76.34885,13.3367],[76.35218,13.33338],[76.35263,13.33077],[76.3516,13.325],[76.34906,13.31824],[76.3476,13.30209],[76.34957,13.29648],[76.347,13.29766],[76.35254,13.29273],[76.35725,13.28686],[76.35685,13.27689],[76.35724,13.27582],[76.35767,13.27608],[76.35653,13.27291],[76.35509,13.26396],[76.3578,13.26251],[76.35759,13.26188],[76.3585,13.26173],[76.35674,13.25048],[76.35125,13.24663],[76.35149,13.2408],[76.34973,13.24078],[76.34979,13.23881],[76.35238,13.23579],[76.35231,13.23008],[76.34576,13.22789],[76.34193,13.22871],[76.34208,13.22338],[76.34286,13.22028],[76.34408,13.21969],[76.33972,13.20839],[76.33505,13.20813],[76.33334,13.20888],[76.32722,13.20852],[76.3252,13.20676],[76.32213,13.20622],[76.31794,13.20638],[76.30807,13.19928],[76.30364,13.19739],[76.30224,13.19848],[76.30146,13.20313],[76.3056,13.20402],[76.30704,13.20672],[76.30657,13.20809],[76.30309,13.21109],[76.30062,13.21466],[76.29592,13.21305],[76.29544,13.21469],[76.2935,13.21547],[76.29092,13.21558],[76.28671,13.21849],[76.27999,13.22003],[76.27807,13.22274],[76.27151,13.22341],[76.26953,13.21816],[76.26948,13.21691],[76.2687,13.21736],[76.26966,13.21434],[76.26841,13.21281],[76.26833,13.21138],[76.26044,13.20378],[76.25429,13.20377],[76.2476,13.19843],[76.24594,13.19195],[76.24139,13.19217],[76.23629,13.19168],[76.23598,13.19412],[76.23157,13.199],[76.2272,13.20248],[76.22256,13.20189],[76.21542,13.20771],[76.20178,13.21436],[76.19743,13.21555],[76.19805,13.22857],[76.19495,13.22891],[76.19425,13.23129],[76.19349,13.23137],[76.19318,13.23201],[76.19355,13.2345],[76.19244,13.23429],[76.19242,13.23469],[76.19291,13.23912],[76.20327,13.24001],[76.20388,13.24177],[76.2031,13.24268],[76.20374,13.25443],[76.20282,13.25731],[76.20525,13.26461],[76.20471,13.26607],[76.20024,13.27184],[76.19978,13.27353],[76.19695,13.27599],[76.19355,13.28356],[76.19265,13.28753],[76.19283,13.29343],[76.19134,13.30866],[76.19113,13.32093],[76.19066,13.32415],[76.19146,13.3244],[76.19129,13.32536],[76.19307,13.32515],[76.19362,13.323],[76.19321,13.32147],[76.20318,13.3217],[76.21852,13.32356],[76.22839,13.32289],[76.22904,13.32549],[76.22843,13.32679],[76.22902,13.33016],[76.23548,13.32735],[76.2401,13.32805],[76.23879,13.32357],[76.2385,13.31987],[76.23963,13.31298],[76.23899,13.30661],[76.24809,13.30464],[76.24826,13.29959],[76.24976,13.29723],[76.25048,13.29416],[76.2522,13.2933],[76.25626,13.29425],[76.26074,13.29414],[76.26858,13.29568],[76.26899,13.29273],[76.27377,13.29377],[76.27441,13.29685],[76.27574,13.29952],[76.27646,13.29982],[76.27636,13.3027],[76.27512,13.30429],[76.27484,13.30585],[76.27588,13.30748],[76.27584,13.30822],[76.27428,13.30929],[76.27438,13.31013],[76.27345,13.31001],[76.27343,13.31091],[76.2725,13.31094],[76.2711,13.31188],[76.27116,13.31399],[76.2692,13.31394],[76.26862,13.31733],[76.26713,13.31766],[76.26549,13.3196],[76.26559,13.32084],[76.26655,13.32179],[76.26628,13.32218],[76.26521,13.32298],[76.2643,13.32243],[76.26338,13.32269],[76.26347,13.32383],[76.26408,13.32464],[76.26398,13.3268],[76.2646,13.32686],[76.2675,13.33499],[76.26226,13.34735],[76.27082,13.34964],[76.26894,13.35349],[76.26933,13.3592],[76.27585,13.36543],[76.27427,13.3703],[76.28061,13.38715],[76.27987,13.39217],[76.27574,13.39983],[76.26998,13.40537],[76.27473,13.41931],[76.2753,13.43451],[76.28066,13.43433],[76.29966,13.4283],[76.30044,13.41222]]],[[[76.21345,13.18375],[76.21197,13.18346],[76.21048,13.18527],[76.20027,13.19288],[76.20107,13.20037],[76.20647,13.20115],[76.22157,13.20187],[76.22282,13.1901],[76.22138,13.18796],[76.21927,13.18739],[76.22057,13.18564],[76.21345,13.18375]]]]}},{"type":"Feature","properties":{"unitId":433,"unitName":"Banavara PS"},"geometry":{"type":"MultiPolygon","coordinates":[[[[76.36646,13.54807],[76.37096,13.54641],[76.37561,13.54198],[76.37769,13.54184],[76.38185,13.53944],[76.38813,13.5343],[76.39539,13.53598],[76.39794,13.52818],[76.4006,13.52645],[76.4247,13.52401],[76.41973,13.52003],[76.41767,13.51585],[76.41548,13.50913],[76.41135,13.50778],[76.41044,13.50803],[76.40906,13.50554],[76.40286,13.50641],[76.40282,13.50609],[76.39779,13.5062],[76.39752,13.50549],[76.39802,13.50527],[76.39629,13.49976],[76.39606,13.49727],[76.39683,13.49498],[76.39809,13.49339],[76.40115,13.49158],[76.40522,13.49118],[76.4079,13.48445],[76.41522,13.48119],[76.41176,13.47918],[76.41231,13.47678],[76.41085,13.4732],[76.411,13.46929],[76.40771,13.45948],[76.41549,13.45227],[76.4195,13.44951],[76.41224,13.43924],[76.40934,13.43649],[76.40664,13.43169],[76.40425,13.431],[76.40546,13.42747],[76.40052,13.42303],[76.39754,13.40971],[76.3971,13.40695],[76.39756,13.40651],[76.3974,13.4043],[76.39488,13.40016],[76.38965,13.39455],[76.39248,13.39042],[76.39348,13.37893],[76.38792,13.37333],[76.38603,13.36993],[76.38375,13.37108],[76.38218,13.37017],[76.38246,13.36706],[76.38358,13.36678],[76.38286,13.36398],[76.37365,13.36397],[76.368,13.36248],[76.34917,13.36157],[76.34653,13.36032],[76.34138,13.36809],[76.3351,13.36885],[76.3294,13.36856],[76.32223,13.37372],[76.32155,13.3736],[76.31985,13.39092],[76.32269,13.39012],[76.32277,13.39144],[76.32128,13.39573],[76.32145,13.39697],[76.31874,13.40155],[76.31534,13.41017],[76.31417,13.41199],[76.30974,13.4066],[76.29586,13.40114],[76.30044,13.41222],[76.29966,13.4283],[76.27914,13.43468],[76.2753,13.43451],[76.27473,13.41931],[76.26998,13.40537],[76.27574,13.39983],[76.27987,13.39217],[76.2805,13.38799],[76.28041,13.38657],[76.27427,13.3703],[76.27585,13.36543],[76.26933,13.3592],[76.26894,13.35349],[76.27082,13.34964],[76.26226,13.34735],[76.26619,13.33818],[76.25823,13.33781],[76.25325,13.33613],[76.25347,13.33022],[76.25286,13.32938],[76.25183,13.32983],[76.24975,13.32673],[76.24676,13.32758],[76.24403,13.33056],[76.24218,13.32791],[76.23957,13.32803],[76.23548,13.32735],[76.22902,13.33016],[76.22843,13.32679],[76.22904,13.32549],[76.22839,13.32289],[76.21852,13.32356],[76.20318,13.3217],[76.19455,13.32146],[76.19321,13.32147],[76.19362,13.323],[76.19307,13.32515],[76.19129,13.32536],[76.19146,13.3244],[76.19066,13.32415],[76.19149,13.30868],[76.17917,13.30721],[76.17718,13.30395],[76.1744,13.30356],[76.17071,13.30587],[76.16585,13.30445],[76.16292,13.30435],[76.16137,13.30484],[76.16293,13.31096],[76.15834,13.32252],[76.14716,13.32965],[76.14029,13.33551],[76.14199,13.34588],[76.14029,13.34808],[76.13131,13.35076],[76.12632,13.35384],[76.12774,13.35611],[76.12789,13.35755],[76.1272,13.36077],[76.12603,13.36188],[76.12607,13.36307],[76.12442,13.36363],[76.12437,13.36627],[76.12009,13.36701],[76.11445,13.36681],[76.10245,13.36389],[76.09832,13.36245],[76.09641,13.36239],[76.09617,13.36114],[76.09028,13.36727],[76.08908,13.37181],[76.08719,13.37603],[76.08724,13.38169],[76.08851,13.38769],[76.08927,13.38747],[76.08879,13.39187],[76.08924,13.39243],[76.09636,13.39301],[76.09834,13.39373],[76.09849,13.39146],[76.09958,13.39222],[76.11056,13.39611],[76.10991,13.39651],[76.1112,13.4005],[76.12363,13.40159],[76.1296,13.40022],[76.12963,13.40411],[76.13481,13.40588],[76.13713,13.4058],[76.13784,13.40699],[76.13941,13.40669],[76.13948,13.40815],[76.14058,13.40827],[76.14081,13.40966],[76.14039,13.41066],[76.13931,13.41119],[76.13856,13.41271],[76.13873,13.41639],[76.13897,13.41742],[76.1397,13.41795],[76.13943,13.41986],[76.1411,13.42013],[76.14113,13.42056],[76.14029,13.42157],[76.13909,13.42696],[76.14009,13.43134],[76.14007,13.43623],[76.13638,13.44403],[76.13884,13.44239],[76.14224,13.44575],[76.145,13.44666],[76.1447,13.44727],[76.14703,13.44762],[76.15137,13.45798],[76.15848,13.45977],[76.16072,13.46338],[76.16206,13.46971],[76.16351,13.46943],[76.16945,13.47005],[76.17483,13.47],[76.17785,13.46928],[76.18383,13.46906],[76.18903,13.46978],[76.19396,13.46907],[76.19239,13.46092],[76.1898,13.4559],[76.18708,13.45251],[76.19124,13.45173],[76.19346,13.45191],[76.19338,13.45042],[76.19423,13.4509],[76.19956,13.45098],[76.19976,13.45611],[76.1993,13.45834],[76.19975,13.46107],[76.19807,13.4693],[76.20007,13.46997],[76.20735,13.46799],[76.21554,13.46836],[76.22663,13.46754],[76.23147,13.46849],[76.23215,13.46905],[76.2337,13.47564],[76.23339,13.47932],[76.23453,13.48052],[76.23351,13.48155],[76.23293,13.48146],[76.23267,13.48224],[76.2298,13.48474],[76.23696,13.49276],[76.23826,13.4955],[76.23355,13.50685],[76.24192,13.50824],[76.24691,13.50829],[76.26111,13.51171],[76.26235,13.50544],[76.2647,13.50533],[76.26879,13.5065],[76.27512,13.5058],[76.2754,13.50631],[76.27678,13.50572],[76.27958,13.50569],[76.28123,13.50462],[76.28225,13.50539],[76.28347,13.50546],[76.29254,13.50473],[76.29118,13.50743],[76.29281,13.52012],[76.29255,13.52307],[76.29335,13.52409],[76.2937,13.5272],[76.2955,13.52763],[76.29644,13.52496],[76.29805,13.52338],[76.30053,13.52254],[76.30065,13.5218],[76.30341,13.52457],[76.30673,13.52455],[76.30682,13.52585],[76.30905,13.52608],[76.30924,13.52536],[76.31202,13.5255],[76.31181,13.5269],[76.31088,13.52808],[76.31088,13.52936],[76.31151,13.53057],[76.31235,13.53028],[76.31397,13.53198],[76.31597,13.53203],[76.31604,13.53671],[76.31661,13.53901],[76.31761,13.53916],[76.31814,13.53642],[76.31989,13.53721],[76.32129,13.53712],[76.32327,13.53217],[76.32339,13.53075],[76.32587,13.52739],[76.32682,13.52705],[76.32695,13.52506],[76.32869,13.52395],[76.33023,13.52148],[76.33684,13.51689],[76.33997,13.5157],[76.34305,13.51342],[76.3451,13.51372],[76.34518,13.51531],[76.34813,13.51815],[76.34814,13.52079],[76.34916,13.52536],[76.35227,13.5252],[76.35233,13.52571],[76.3534,13.52576],[76.35339,13.52692],[76.3555,13.52713],[76.36256,13.53034],[76.3623,13.5324],[76.36412,13.54541],[76.36641,13.54853],[76.36646,13.54807]]],[[[76.11736,13.26377],[76.11687,13.26377],[76.11723,13.26461],[76.11799,13.26517],[76.11736,13.26377]]]]}},{"type":"Feature","properties":{"unitId":434,"unitName":"Gandasi PS"},"geometry":{"type":"Polygon","coordinates":[[[76.37987,13.22887],[76.38001,13.22497],[76.3795,13.22364],[76.38023,13.22354],[76.37991,13.22222],[76.37648,13.21607],[76.36965,13.2126],[76.36934,13.20989],[76.37017,13.20538],[76.37005,13.20011],[76.37285,13.19981],[76.37674,13.20039],[76.37861,13.19919],[76.38078,13.19889],[76.38079,13.19834],[76.38156,13.19873],[76.38564,13.19818],[76.38908,13.19851],[76.39393,13.19739],[76.39374,13.18865],[76.39518,13.18955],[76.40028,13.19111],[76.40786,13.19251],[76.41114,13.19213],[76.41339,13.19123],[76.41387,13.18997],[76.4145,13.18995],[76.41472,13.18827],[76.41552,13.18832],[76.41552,13.18762],[76.41637,13.18756],[76.41627,13.18589],[76.41735,13.18573],[76.41737,13.18638],[76.41874,13.1864],[76.42101,13.18592],[76.42285,13.18456],[76.42443,13.18448],[76.42454,13.1833],[76.42596,13.18285],[76.42681,13.18189],[76.42669,13.18058],[76.4287,13.17229],[76.42429,13.16504],[76.41834,13.16342],[76.41269,13.16352],[76.41263,13.1616],[76.41097,13.15662],[76.40722,13.15199],[76.40422,13.15091],[76.39647,13.14995],[76.3924,13.14976],[76.39236,13.15009],[76.38531,13.14948],[76.38093,13.15],[76.38132,13.14908],[76.38176,13.14906],[76.38173,13.14812],[76.38104,13.14638],[76.38042,13.14634],[76.38041,13.14496],[76.37954,13.14476],[76.37957,13.14411],[76.38012,13.1438],[76.37981,13.14278],[76.37764,13.14279],[76.37823,13.13567],[76.37335,13.1337],[76.37383,13.13236],[76.36888,13.13159],[76.36819,13.12858],[76.36707,13.12862],[76.3668,13.1216],[76.36894,13.12109],[76.36897,13.12062],[76.36529,13.11953],[76.36085,13.11767],[76.36067,13.11718],[76.35902,13.11763],[76.35844,13.11685],[76.35875,13.11496],[76.36052,13.11576],[76.36109,13.10383],[76.36207,13.10365],[76.36219,13.10254],[76.36285,13.10268],[76.36298,13.10195],[76.36099,13.09341],[76.35659,13.09276],[76.34803,13.09048],[76.34326,13.09175],[76.3433,13.09755],[76.34361,13.09762],[76.34194,13.10091],[76.33854,13.10226],[76.33121,13.10791],[76.33085,13.10246],[76.32911,13.10246],[76.32899,13.10056],[76.32788,13.10096],[76.3237,13.10016],[76.32345,13.10112],[76.32351,13.0956],[76.31878,13.09357],[76.31806,13.09133],[76.31818,13.08858],[76.31572,13.08526],[76.31156,13.08232],[76.29633,13.07897],[76.29504,13.07908],[76.28304,13.10421],[76.26886,13.1085],[76.26717,13.11598],[76.26805,13.12081],[76.26742,13.12439],[76.25846,13.12755],[76.2336,13.13048],[76.22622,13.13281],[76.21664,13.13485],[76.21673,13.13738],[76.21429,13.14412],[76.21477,13.14393],[76.20951,13.15092],[76.20879,13.15259],[76.20461,13.15679],[76.20008,13.16689],[76.19726,13.17545],[76.19164,13.18358],[76.18952,13.18884],[76.18739,13.18903],[76.16692,13.2183],[76.16814,13.21873],[76.16767,13.22086],[76.17605,13.21887],[76.18432,13.21443],[76.18782,13.21434],[76.19723,13.21561],[76.20178,13.21436],[76.21542,13.20771],[76.22256,13.20189],[76.2272,13.20248],[76.23157,13.199],[76.23598,13.19412],[76.23629,13.19168],[76.24139,13.19217],[76.24594,13.19195],[76.2476,13.19843],[76.25429,13.20377],[76.26044,13.20378],[76.26833,13.21138],[76.26841,13.21281],[76.26966,13.21434],[76.2687,13.21736],[76.26948,13.21691],[76.26953,13.21816],[76.27151,13.22341],[76.27807,13.22274],[76.27999,13.22003],[76.28671,13.21849],[76.29092,13.21558],[76.2935,13.21547],[76.29544,13.21469],[76.29592,13.21305],[76.30062,13.21466],[76.30309,13.21109],[76.30657,13.20809],[76.30704,13.20672],[76.3056,13.20402],[76.30146,13.20313],[76.30224,13.19848],[76.30364,13.19739],[76.30807,13.19928],[76.31794,13.20638],[76.32213,13.20622],[76.3252,13.20676],[76.32722,13.20852],[76.33334,13.20888],[76.33505,13.20813],[76.33972,13.20839],[76.34408,13.21969],[76.34286,13.22028],[76.34208,13.22338],[76.34193,13.22871],[76.34576,13.22789],[76.35231,13.23008],[76.35238,13.23579],[76.34979,13.23881],[76.34973,13.24078],[76.35149,13.2408],[76.35125,13.24663],[76.35674,13.25048],[76.36193,13.24958],[76.36163,13.24803],[76.36407,13.24463],[76.36487,13.23869],[76.36414,13.23483],[76.3737,13.23367],[76.37992,13.23235],[76.37987,13.22887]],[[76.22271,13.19173],[76.22216,13.19383],[76.22232,13.19597],[76.22157,13.20187],[76.20647,13.20115],[76.20107,13.20037],[76.20027,13.19288],[76.21048,13.18527],[76.21197,13.18346],[76.22057,13.18564],[76.21927,13.18739],[76.22138,13.18796],[76.22282,13.1901],[76.22271,13.19173]]]}},{"type":"Feature","properties":{"unitId":435,"unitName":"Javagal PS"},"geometry":{"type":"Polygon","coordinates":[[[76.0671,13.37811],[76.07791,13.37474],[76.0797,13.3739],[76.08172,13.37195],[76.08895,13.37181],[76.09028,13.36727],[76.09617,13.36114],[76.09641,13.36239],[76.09832,13.36245],[76.10245,13.36389],[76.11445,13.36681],[76.12009,13.36701],[76.12437,13.36627],[76.12442,13.36363],[76.12607,13.36307],[76.12603,13.36188],[76.1272,13.36077],[76.12789,13.35755],[76.12774,13.35611],[76.12632,13.35384],[76.13131,13.35076],[76.14029,13.34808],[76.14199,13.34588],[76.14029,13.33551],[76.14716,13.32965],[76.15834,13.32252],[76.16293,13.31096],[76.16137,13.30484],[76.1643,13.30426],[76.17071,13.30587],[76.1744,13.30356],[76.17718,13.30395],[76.17917,13.30721],[76.19134,13.30866],[76.19283,13.29343],[76.19265,13.28753],[76.19355,13.28356],[76.19695,13.27599],[76.19978,13.27353],[76.20024,13.27184],[76.20471,13.26607],[76.20525,13.26461],[76.20282,13.25731],[76.20374,13.25443],[76.2031,13.24268],[76.20388,13.24177],[76.20327,13.24001],[76.19291,13.23912],[76.19242,13.23469],[76.19244,13.23429],[76.19355,13.2345],[76.19318,13.23201],[76.19349,13.23137],[76.19425,13.23129],[76.19495,13.22891],[76.19805,13.22857],[76.19753,13.21561],[76.18782,13.21434],[76.18432,13.21443],[76.17605,13.21887],[76.16767,13.22086],[76.16814,13.21873],[76.16692,13.2183],[76.18739,13.18903],[76.18952,13.18884],[76.19164,13.18358],[76.19726,13.17545],[76.20008,13.16689],[76.20461,13.15679],[76.20879,13.15259],[76.20931,13.15139],[76.20784,13.1505],[76.20394,13.15121],[76.20357,13.15044],[76.19966,13.15288],[76.19816,13.15461],[76.18965,13.15082],[76.18894,13.14145],[76.1911,13.14154],[76.1914,13.14089],[76.19089,13.14048],[76.19046,13.13489],[76.18142,13.13288],[76.17979,13.13339],[76.17471,13.13247],[76.1682,13.13279],[76.16801,13.14239],[76.16926,13.14394],[76.1711,13.14842],[76.17268,13.15469],[76.16865,13.15788],[76.16854,13.16008],[76.16695,13.1628],[76.16012,13.16262],[76.158,13.16403],[76.15703,13.16396],[76.15614,13.1689],[76.15695,13.16939],[76.15651,13.1697],[76.15658,13.17069],[76.15728,13.17115],[76.15442,13.17924],[76.15234,13.17885],[76.14592,13.16987],[76.1438,13.1722],[76.14263,13.17735],[76.14168,13.17728],[76.14128,13.18309],[76.13712,13.18717],[76.13466,13.19203],[76.14073,13.19476],[76.14601,13.19585],[76.14742,13.19816],[76.14761,13.19694],[76.1491,13.19665],[76.14923,13.19736],[76.15156,13.19658],[76.15211,13.19893],[76.1518,13.20181],[76.15114,13.20162],[76.15118,13.20107],[76.149,13.20138],[76.14989,13.20167],[76.14927,13.20465],[76.15023,13.20936],[76.14503,13.21571],[76.14201,13.21526],[76.13767,13.21039],[76.1262,13.20849],[76.12546,13.2107],[76.12061,13.20983],[76.10854,13.26983],[76.11029,13.26951],[76.10985,13.27118],[76.09675,13.27118],[76.09086,13.27357],[76.08944,13.28122],[76.08637,13.28832],[76.0853,13.28761],[76.08085,13.28719],[76.07705,13.28794],[76.07363,13.28798],[76.07249,13.28727],[76.07192,13.28742],[76.07176,13.2866],[76.06825,13.28247],[76.06349,13.28029],[76.06221,13.27856],[76.05511,13.27468],[76.05438,13.26948],[76.05459,13.2664],[76.05621,13.26201],[76.05857,13.25838],[76.05894,13.25054],[76.05651,13.25055],[76.05211,13.25202],[76.04896,13.25243],[76.04857,13.25395],[76.0456,13.25487],[76.04517,13.25599],[76.042,13.25773],[76.04041,13.25986],[76.03906,13.25995],[76.0395,13.26261],[76.04049,13.26392],[76.04018,13.26507],[76.03896,13.26563],[76.03881,13.26645],[76.04195,13.26616],[76.04201,13.26659],[76.04051,13.26768],[76.04149,13.26879],[76.04128,13.27022],[76.04339,13.27459],[76.04236,13.27859],[76.04269,13.27981],[76.04081,13.28121],[76.03864,13.29035],[76.03936,13.29382],[76.03828,13.29499],[76.03726,13.29494],[76.03711,13.29556],[76.03723,13.30032],[76.03319,13.30169],[76.03364,13.31345],[76.03458,13.31776],[76.03678,13.32028],[76.03212,13.32134],[76.03192,13.322],[76.03436,13.33297],[76.03298,13.33569],[76.03291,13.33669],[76.03449,13.33738],[76.03239,13.34027],[76.02986,13.34266],[76.02905,13.34585],[76.03225,13.34589],[76.03765,13.35734],[76.03826,13.3563],[76.04204,13.36488],[76.03885,13.36766],[76.04177,13.37422],[76.04911,13.37816],[76.05365,13.37975],[76.05603,13.38156],[76.0583,13.38053],[76.0671,13.37811]],[[76.11723,13.26461],[76.11687,13.26377],[76.11736,13.26377],[76.11799,13.26517],[76.11723,13.26461]]]}},{"type":"Feature","properties":{"unitId":436,"unitName":"Arasikere Town PS"},"geometry":{"type":"Polygon","coordinates":[[[76.2654,13.32944],[76.2646,13.32686],[76.26398,13.3268],[76.26408,13.32464],[76.26347,13.32383],[76.26338,13.32269],[76.2643,13.32243],[76.26521,13.32298],[76.26628,13.32218],[76.26655,13.32179],[76.26559,13.32084],[76.26549,13.3196],[76.26713,13.31766],[76.26862,13.31733],[76.2692,13.31394],[76.27116,13.31399],[76.2711,13.31188],[76.2725,13.31094],[76.27343,13.31091],[76.27345,13.31001],[76.27438,13.31013],[76.27428,13.30929],[76.27584,13.30822],[76.27588,13.30748],[76.27484,13.30585],[76.27512,13.30429],[76.27636,13.3027],[76.27646,13.29982],[76.27574,13.29952],[76.27441,13.29685],[76.27377,13.29377],[76.2728,13.29336],[76.26899,13.29273],[76.26858,13.29568],[76.26074,13.29414],[76.25626,13.29425],[76.2522,13.2933],[76.25048,13.29416],[76.24976,13.29723],[76.24826,13.29959],[76.24809,13.30464],[76.23899,13.30661],[76.23963,13.31298],[76.2385,13.31987],[76.23879,13.32357],[76.2401,13.32805],[76.24218,13.32791],[76.24403,13.33056],[76.24676,13.32758],[76.24975,13.32673],[76.25183,13.32983],[76.25286,13.32938],[76.25347,13.33022],[76.25325,13.33613],[76.25823,13.33781],[76.26619,13.33818],[76.2675,13.33499],[76.2654,13.32944]]]}},{"type":"Feature","properties":{"unitId":437,"unitName":"Belur PS"},"geometry":{"type":"MultiPolygon","coordinates":[[[[75.78898,13.14983],[75.78994,13.14999],[75.7904,13.14603],[75.79223,13.14599],[75.79317,13.14598],[75.79518,13.14857],[75.79543,13.15143],[75.79637,13.15225],[75.79787,13.14996],[75.79787,13.14901],[75.80037,13.14955],[75.80062,13.15038],[75.79962,13.15082],[75.79994,13.15307],[75.80342,13.15583],[75.80632,13.15739],[75.80842,13.15958],[75.81327,13.16237],[75.81344,13.16714],[75.81088,13.16662],[75.80922,13.16728],[75.80685,13.16717],[75.80507,13.16639],[75.80412,13.16711],[75.80415,13.16784],[75.80489,13.16822],[75.80097,13.17222],[75.80022,13.17466],[75.79894,13.17603],[75.79865,13.17701],[75.79667,13.17735],[75.79575,13.17812],[75.79513,13.18038],[75.79587,13.1817],[75.79531,13.18265],[75.79497,13.18269],[75.79441,13.18069],[75.79322,13.17981],[75.79293,13.1781],[75.79189,13.17759],[75.79099,13.17853],[75.78682,13.17884],[75.78303,13.18374],[75.78095,13.18285],[75.77919,13.18096],[75.7776,13.18081],[75.7751,13.1795],[75.76922,13.18046],[75.76667,13.17873],[75.76452,13.17856],[75.7647,13.17661],[75.76606,13.17255],[75.76471,13.17053],[75.76127,13.16721],[75.75755,13.16888],[75.75697,13.17024],[75.75482,13.17105],[75.75125,13.17448],[75.74904,13.1689],[75.74954,13.16867],[75.74937,13.16787],[75.75022,13.16596],[75.75011,13.16288],[75.74953,13.16187],[75.7498,13.16106],[75.74742,13.15945],[75.74494,13.16018],[75.73431,13.16002],[75.73029,13.16341],[75.72955,13.16518],[75.72982,13.16797],[75.73054,13.16874],[75.7309,13.17039],[75.73,13.17479],[75.72902,13.17696],[75.72916,13.18023],[75.72783,13.18326],[75.72829,13.18316],[75.72965,13.18439],[75.73045,13.18432],[75.73261,13.18665],[75.73356,13.18965],[75.73431,13.19035],[75.73379,13.19088],[75.73486,13.19458],[75.7432,13.20733],[75.74737,13.20679],[75.74847,13.20511],[75.74937,13.20608],[75.74996,13.20582],[75.75097,13.20721],[75.75127,13.20923],[75.753,13.21306],[75.75553,13.21556],[75.75776,13.21642],[75.75851,13.21817],[75.76178,13.21756],[75.76193,13.2159],[75.76443,13.21476],[75.76646,13.21197],[75.77025,13.21397],[75.77182,13.21274],[75.77295,13.21294],[75.7741,13.21402],[75.7743,13.21592],[75.77533,13.21656],[75.77933,13.21],[75.78692,13.21237],[75.78968,13.21437],[75.79384,13.2137],[75.79678,13.21474],[75.79761,13.21447],[75.79788,13.21586],[75.79917,13.21612],[75.80569,13.21559],[75.80819,13.2194],[75.80939,13.22047],[75.80984,13.22177],[75.80875,13.229],[75.80975,13.22955],[75.81004,13.23115],[75.81301,13.23071],[75.81295,13.23219],[75.81159,13.23348],[75.81016,13.23709],[75.80945,13.24243],[75.80871,13.2426],[75.80866,13.24437],[75.80759,13.24681],[75.80747,13.24975],[75.80943,13.25467],[75.80869,13.25731],[75.80744,13.25883],[75.81324,13.26074],[75.81345,13.25844],[75.81505,13.25908],[75.81584,13.25881],[75.81612,13.25924],[75.81834,13.25926],[75.81821,13.25771],[75.82093,13.25681],[75.82226,13.25576],[75.82225,13.25502],[75.8242,13.25294],[75.82594,13.25313],[75.83074,13.25736],[75.83578,13.25317],[75.83578,13.2522],[75.83722,13.25159],[75.8403,13.25131],[75.84293,13.25276],[75.84288,13.25424],[75.84725,13.25606],[75.84738,13.25659],[75.85014,13.25625],[75.85043,13.25688],[75.85163,13.25714],[75.85167,13.25855],[75.85526,13.25869],[75.85602,13.2579],[75.85689,13.25836],[75.85768,13.25774],[75.85765,13.25684],[75.85528,13.25586],[75.85559,13.25379],[75.86032,13.25356],[75.85963,13.24854],[75.8599,13.2444],[75.86122,13.24329],[75.86306,13.24297],[75.8609,13.24128],[75.86165,13.2405],[75.86782,13.24407],[75.8719,13.24789],[75.87313,13.24987],[75.87371,13.25214],[75.87515,13.25258],[75.87743,13.26064],[75.88184,13.25994],[75.88736,13.26156],[75.89318,13.2646],[75.89339,13.26394],[75.90026,13.26625],[75.90482,13.25797],[75.90712,13.25877],[75.90706,13.2591],[75.91012,13.26081],[75.91201,13.26027],[75.91259,13.2609],[75.91535,13.26167],[75.91672,13.26002],[75.91772,13.2606],[75.91953,13.2572],[75.91731,13.24862],[75.91681,13.24229],[75.92231,13.23928],[75.92298,13.23943],[75.92413,13.23241],[75.92516,13.23267],[75.92765,13.22935],[75.92859,13.22671],[75.92787,13.22422],[75.92607,13.2232],[75.9233,13.21833],[75.92184,13.2168],[75.91662,13.21663],[75.91339,13.21153],[75.91167,13.20559],[75.90958,13.20612],[75.90951,13.20535],[75.90011,13.20608],[75.89891,13.20228],[75.89875,13.19945],[75.89943,13.19753],[75.90297,13.19592],[75.90847,13.19483],[75.9096,13.19346],[75.91112,13.19284],[75.91185,13.19199],[75.91417,13.19168],[75.91491,13.19102],[75.91398,13.18808],[75.91135,13.18307],[75.91116,13.17752],[75.91079,13.17612],[75.90812,13.1721],[75.90924,13.17206],[75.90519,13.15887],[75.90775,13.15754],[75.90732,13.15506],[75.9092,13.15295],[75.91142,13.1464],[75.91029,13.14174],[75.90564,13.13448],[75.90809,13.13317],[75.90637,13.13197],[75.90453,13.12614],[75.90178,13.12479],[75.89888,13.12436],[75.89335,13.11766],[75.89022,13.11191],[75.89063,13.10973],[75.88947,13.10443],[75.8872,13.10221],[75.88239,13.09892],[75.87992,13.1037],[75.87735,13.10361],[75.87722,13.10791],[75.87218,13.11078],[75.87304,13.1139],[75.87374,13.11463],[75.87331,13.11957],[75.86391,13.12003],[75.86327,13.12244],[75.85405,13.1247],[75.85288,13.12562],[75.85216,13.12497],[75.84948,13.12598],[75.84812,13.12518],[75.8435,13.12487],[75.84039,13.12609],[75.84151,13.13229],[75.84018,13.13716],[75.8407,13.13817],[75.83991,13.13902],[75.83969,13.14053],[75.84086,13.14165],[75.84055,13.13961],[75.84102,13.13962],[75.84133,13.14072],[75.84301,13.14056],[75.84355,13.14116],[75.84532,13.14149],[75.84557,13.14262],[75.8416,13.14857],[75.83908,13.14864],[75.83628,13.14765],[75.83166,13.15294],[75.83129,13.15429],[75.83345,13.1589],[75.83205,13.16017],[75.82742,13.1598],[75.82782,13.15916],[75.82764,13.15851],[75.82684,13.15823],[75.8264,13.1555],[75.82498,13.15439],[75.82223,13.15387],[75.82292,13.15211],[75.82093,13.15076],[75.82017,13.1493],[75.81823,13.14802],[75.81657,13.148],[75.81459,13.14669],[75.80987,13.14036],[75.80757,13.1406],[75.80726,13.14162],[75.80284,13.14039],[75.80087,13.14036],[75.79971,13.13954],[75.79954,13.13885],[75.79793,13.13814],[75.79221,13.13786],[75.78901,13.13861],[75.78783,13.13583],[75.78684,13.13682],[75.78335,13.13674],[75.78161,13.13724],[75.77856,13.13933],[75.77601,13.14185],[75.77645,13.14669],[75.78033,13.14824],[75.7805,13.1489],[75.78153,13.14964],[75.78059,13.15203],[75.78213,13.15457],[75.7825,13.15624],[75.78064,13.15731],[75.78052,13.15832],[75.78205,13.1588],[75.7837,13.15758],[75.78386,13.15697],[75.78276,13.15654],[75.7828,13.15592],[75.78353,13.15619],[75.78423,13.15573],[75.7857,13.1516],[75.78537,13.15054],[75.78591,13.14958],[75.78584,13.14833],[75.78647,13.14797],[75.78768,13.1496],[75.78898,13.14983]],[[75.91727,13.25602],[75.91658,13.25626],[75.9159,13.25567],[75.9152,13.25612],[75.91487,13.25551],[75.91774,13.25541],[75.91727,13.25602]],[[75.80123,13.1831],[75.80223,13.18267],[75.80362,13.18021],[75.80596,13.18086],[75.81045,13.18072],[75.80991,13.18349],[75.8117,13.19112],[75.81328,13.19191],[75.81902,13.19004],[75.82126,13.19132],[75.82078,13.19487],[75.81721,13.19819],[75.81559,13.19656],[75.81102,13.19625],[75.80932,13.19511],[75.80633,13.19491],[75.80569,13.19396],[75.80564,13.1919],[75.8051,13.19116],[75.80171,13.19234],[75.80054,13.19226],[75.79985,13.19198],[75.79901,13.19009],[75.79835,13.18968],[75.79542,13.19013],[75.79485,13.18982],[75.79416,13.1865],[75.79541,13.18396],[75.80123,13.1831]]],[[[75.75394,13.16017],[75.75624,13.16264],[75.75705,13.16187],[75.75818,13.1622],[75.75924,13.16144],[75.7612,13.16109],[75.76183,13.16008],[75.76348,13.16041],[75.765,13.15939],[75.76522,13.15886],[75.76396,13.15564],[75.76439,13.15227],[75.76421,13.1518],[75.75853,13.14979],[75.75527,13.14912],[75.75193,13.14622],[75.75158,13.1454],[75.75112,13.14587],[75.75072,13.14536],[75.74932,13.1453],[75.74714,13.14762],[75.74628,13.14926],[75.74447,13.15045],[75.74548,13.15158],[75.74737,13.15221],[75.74803,13.15405],[75.74926,13.15424],[75.75032,13.15525],[75.75059,13.15805],[75.75212,13.16032],[75.75394,13.16017]]],[[[75.78994,13.14999],[75.78787,13.15282],[75.78629,13.15232],[75.78617,13.15414],[75.78727,13.15446],[75.78693,13.15594],[75.7866,13.15568],[75.78589,13.15708],[75.78613,13.1584],[75.78692,13.15896],[75.78581,13.15851],[75.78539,13.16026],[75.78463,13.1606],[75.78445,13.16183],[75.78404,13.16128],[75.78199,13.16357],[75.78293,13.16529],[75.78619,13.16568],[75.78623,13.16715],[75.78667,13.16733],[75.78618,13.16859],[75.78667,13.16932],[75.78888,13.17123],[75.79012,13.17129],[75.79076,13.17038],[75.79268,13.17047],[75.79365,13.16941],[75.7963,13.1689],[75.79747,13.16306],[75.79745,13.16266],[75.79433,13.16438],[75.79406,13.16369],[75.79139,13.16371],[75.79219,13.16232],[75.79028,13.16067],[75.79197,13.15968],[75.79206,13.15864],[75.79022,13.15695],[75.78819,13.15772],[75.78841,13.15655],[75.78885,13.15698],[75.78966,13.15443],[75.7884,13.15432],[75.78847,13.1532],[75.79047,13.14999],[75.78994,13.14999]]]]}},{"type":"Feature","properties":{"unitId":438,"unitName":"Halebeedu PS"},"geometry":{"type":"MultiPolygon","coordinates":[[[[76.08637,13.28832],[76.08944,13.28122],[76.09086,13.27357],[76.09675,13.27118],[76.10985,13.27118],[76.11029,13.26951],[76.10854,13.26983],[76.12061,13.20983],[76.12546,13.2107],[76.1262,13.20849],[76.13767,13.21039],[76.13532,13.20682],[76.13277,13.20539],[76.1293,13.19949],[76.12897,13.19794],[76.13028,13.19515],[76.1322,13.19288],[76.13466,13.19203],[76.13589,13.18988],[76.13371,13.18667],[76.12914,13.18212],[76.12775,13.17859],[76.12583,13.17745],[76.12511,13.17785],[76.12221,13.17649],[76.11074,13.17456],[76.09953,13.175],[76.09884,13.17235],[76.09891,13.16954],[76.0976,13.16893],[76.0971,13.16636],[76.0992,13.16421],[76.10086,13.16385],[76.09079,13.15532],[76.06326,13.14663],[76.05883,13.14216],[76.05348,13.12943],[76.05249,13.12916],[76.04466,13.12287],[76.0447,13.12175],[76.04353,13.12196],[76.0417,13.12049],[76.02549,13.1267],[76.02556,13.12634],[76.0206,13.12337],[76.02179,13.12243],[76.02188,13.12177],[76.0204,13.1214],[76.01961,13.12233],[76.01899,13.12165],[76.02062,13.11541],[76.01872,13.11527],[76.01823,13.11997],[76.01726,13.11514],[76.01847,13.11412],[76.01864,13.11233],[76.02006,13.11246],[76.02057,13.11049],[76.02461,13.10718],[76.024,13.10516],[76.02456,13.10467],[76.02498,13.10182],[76.02654,13.09933],[76.01956,13.09861],[76.01636,13.09873],[76.01556,13.09826],[76.01372,13.09873],[76.01322,13.09823],[76.01181,13.09827],[76.01077,13.10005],[76.01012,13.09991],[76.01038,13.10121],[76.00899,13.10486],[76.00667,13.1063],[76.00235,13.10612],[75.99374,13.10819],[75.99308,13.10294],[75.99158,13.10213],[75.9914,13.1014],[75.98849,13.10177],[75.98823,13.10104],[75.98714,13.10102],[75.98549,13.09886],[75.98395,13.09948],[75.9841,13.09919],[75.98219,13.09864],[75.98081,13.09765],[75.98089,13.09619],[75.98008,13.09594],[75.98107,13.09245],[75.98398,13.0929],[75.99073,13.08672],[75.98887,13.08514],[75.98852,13.08584],[75.98522,13.08429],[75.9802,13.08466],[75.98014,13.08347],[75.97946,13.08344],[75.97931,13.08212],[75.97725,13.0821],[75.97695,13.08064],[75.97486,13.07709],[75.97375,13.07757],[75.97395,13.07872],[75.97346,13.07957],[75.97389,13.0796],[75.97431,13.08131],[75.97385,13.08189],[75.97269,13.08171],[75.97162,13.08227],[75.97324,13.08407],[75.97306,13.08434],[75.97196,13.08384],[75.97158,13.08536],[75.97052,13.08591],[75.96987,13.08461],[75.96889,13.08506],[75.96885,13.08575],[75.96793,13.08586],[75.96257,13.08544],[75.96183,13.07918],[75.96373,13.07557],[75.96318,13.07505],[75.96584,13.07411],[75.96569,13.07353],[75.96675,13.07199],[75.96718,13.07185],[75.96835,13.0729],[75.96841,13.0721],[75.96893,13.07182],[75.96792,13.07043],[75.96711,13.07024],[75.96735,13.06961],[75.966,13.06821],[75.9665,13.06695],[75.96629,13.06619],[75.96515,13.06626],[75.96381,13.06306],[75.96421,13.05889],[75.96644,13.05663],[75.96558,13.05504],[75.96491,13.05492],[75.96145,13.05797],[75.95708,13.06391],[75.95107,13.06593],[75.94912,13.07245],[75.93955,13.08669],[75.93656,13.08783],[75.93458,13.09265],[75.93177,13.09409],[75.92815,13.09057],[75.92232,13.08984],[75.92074,13.09071],[75.92185,13.09633],[75.92591,13.10031],[75.92716,13.10041],[75.92788,13.10106],[75.92374,13.1044],[75.923,13.10422],[75.92225,13.10325],[75.921,13.10308],[75.92043,13.10391],[75.91774,13.10241],[75.91728,13.10258],[75.91696,13.10163],[75.91562,13.10136],[75.915,13.10215],[75.91368,13.10261],[75.91074,13.10289],[75.91126,13.10392],[75.91349,13.10483],[75.91345,13.10536],[75.90928,13.10555],[75.90901,13.10673],[75.90475,13.10745],[75.89957,13.10734],[75.89719,13.10682],[75.88989,13.10726],[75.89063,13.10973],[75.89022,13.11191],[75.89335,13.11766],[75.89888,13.12436],[75.90178,13.12479],[75.90453,13.12614],[75.90637,13.13197],[75.90809,13.13317],[75.90564,13.13448],[75.91029,13.14174],[75.91142,13.1464],[75.9092,13.15295],[75.90732,13.15506],[75.90775,13.15754],[75.90519,13.15887],[75.90924,13.17206],[75.90812,13.1721],[75.91079,13.17612],[75.91116,13.17752],[75.91135,13.18307],[75.91398,13.18808],[75.91491,13.19102],[75.91417,13.19168],[75.91185,13.19199],[75.91112,13.19284],[75.9096,13.19346],[75.90847,13.19483],[75.90297,13.19592],[75.89943,13.19753],[75.89875,13.19945],[75.89891,13.20228],[75.90011,13.20608],[75.90951,13.20535],[75.90958,13.20612],[75.91167,13.20559],[75.91339,13.21153],[75.91662,13.21663],[75.92184,13.2168],[75.9233,13.21833],[75.92607,13.2232],[75.92787,13.22422],[75.92859,13.22671],[75.92765,13.22935],[75.92516,13.23267],[75.92413,13.23241],[75.92298,13.23943],[75.92231,13.23928],[75.91681,13.24229],[75.91731,13.24862],[75.91916,13.25693],[75.93745,13.25625],[75.94121,13.25861],[75.95003,13.25967],[75.95632,13.26097],[75.96476,13.26088],[75.96836,13.26234],[75.97194,13.26203],[75.9776,13.26493],[75.98132,13.26543],[75.98221,13.26663],[75.98499,13.26661],[75.98447,13.2662],[75.98562,13.2662],[75.98481,13.26531],[75.98423,13.26547],[75.98438,13.2635],[75.98511,13.26335],[75.98488,13.265],[75.9856,13.26497],[75.98652,13.26405],[75.98738,13.26453],[75.98862,13.26441],[75.98943,13.26025],[75.99025,13.25985],[75.998,13.26072],[76.00838,13.26043],[76.01474,13.26155],[76.01749,13.2577],[76.01791,13.25562],[76.01757,13.25409],[76.01786,13.25002],[76.02116,13.25179],[76.03276,13.24923],[76.03669,13.24951],[76.03673,13.25209],[76.03812,13.25408],[76.03914,13.25992],[76.04041,13.25986],[76.042,13.25773],[76.04517,13.25599],[76.0456,13.25487],[76.04857,13.25395],[76.04896,13.25243],[76.05211,13.25202],[76.05651,13.25055],[76.05894,13.25054],[76.05857,13.25838],[76.05621,13.26201],[76.05459,13.2664],[76.05438,13.26948],[76.05511,13.27468],[76.06221,13.27856],[76.06349,13.28029],[76.06825,13.28247],[76.07176,13.2866],[76.07192,13.28742],[76.07249,13.28727],[76.07363,13.28798],[76.07658,13.28796],[76.08085,13.28719],[76.0853,13.28761],[76.08637,13.28832]]],[[[75.91751,13.25574],[75.91774,13.25541],[75.9174,13.25535],[75.91487,13.25551],[75.91507,13.25609],[75.91601,13.25567],[75.91696,13.25631],[75.91751,13.25574]]],[[[76.02432,13.12365],[76.02315,13.12428],[76.02475,13.12473],[76.02432,13.12365]]]]}},{"type":"Feature","properties":{"unitId":439,"unitName":"Hassan City PS"},"geometry":{"type":"Polygon","coordinates":[[[76.10495,13.01853],[76.10464,13.01773],[76.10582,13.01776],[76.10542,13.01588],[76.10624,13.01553],[76.10762,13.01372],[76.10866,13.01404],[76.10838,13.01354],[76.10964,13.01262],[76.10951,13.01221],[76.10773,13.01265],[76.10736,13.01172],[76.10383,13.01077],[76.10395,13.00866],[76.10213,13.00769],[76.10227,13.0054],[76.10376,13.0058],[76.10379,13.00489],[76.10525,13.00441],[76.10822,13.00469],[76.10778,13.00271],[76.11023,13.00268],[76.10732,12.99654],[76.10375,12.99664],[76.1043,12.99461],[76.10341,12.99427],[76.10307,12.99428],[76.10275,12.99576],[76.10213,12.99599],[76.10203,12.99416],[76.1013,12.99675],[76.10167,12.99439],[76.0991,12.99308],[76.09768,12.99177],[76.09687,12.99051],[76.09696,12.98986],[76.09768,12.98799],[76.09857,12.98747],[76.0985,12.98623],[76.09944,12.98623],[76.10055,12.9855],[76.10126,12.98305],[76.10971,12.98444],[76.1166,12.97314],[76.11651,12.97205],[76.11212,12.9722],[76.11204,12.97253],[76.10884,12.97201],[76.10537,12.97232],[76.10513,12.97367],[76.09995,12.97364],[76.09329,12.9723],[76.09212,12.97696],[76.0878,12.97788],[76.08632,12.97906],[76.08458,12.97967],[76.08404,12.98055],[76.0825,12.98097],[76.08206,12.98262],[76.08143,12.98272],[76.07862,12.98581],[76.07358,12.98486],[76.07213,12.98547],[76.06909,12.98462],[76.06548,12.98503],[76.06531,12.98666],[76.06601,12.98777],[76.06535,12.98783],[76.0652,12.98727],[76.0637,12.98674],[76.06276,12.98702],[76.06202,12.98872],[76.06156,12.98887],[76.05893,12.98697],[76.06019,12.99255],[76.05441,12.99201],[76.05394,12.99048],[76.0472,12.99166],[76.04655,12.99479],[76.04024,12.99413],[76.03916,12.99434],[76.03811,12.9953],[76.03751,13.00134],[76.04037,13.00226],[76.04078,13.00333],[76.04303,13.00193],[76.04468,12.99836],[76.04583,12.998],[76.06013,12.99786],[76.06891,12.99934],[76.06787,13.00147],[76.06793,13.00452],[76.07071,13.01034],[76.07486,13.01062],[76.08056,13.00787],[76.08082,13.00824],[76.08224,13.00806],[76.08261,13.00735],[76.0841,13.00708],[76.08351,13.00604],[76.08378,13.00484],[76.08253,13.00353],[76.08278,13.00073],[76.08211,12.99908],[76.08347,12.9984],[76.08419,12.9996],[76.08511,12.9996],[76.08637,12.99624],[76.0896,12.99979],[76.09016,13.00342],[76.08948,13.00636],[76.08955,13.01029],[76.09171,13.0105],[76.09167,13.01089],[76.09221,13.01092],[76.09266,13.01043],[76.09432,13.01019],[76.09426,13.01069],[76.09267,13.01099],[76.09276,13.01253],[76.09379,13.01261],[76.09402,13.01159],[76.09524,13.01164],[76.09561,13.01007],[76.09667,13.00998],[76.0973,13.01158],[76.09683,13.0129],[76.09642,13.01284],[76.09614,13.01431],[76.09563,13.01417],[76.09559,13.01499],[76.09648,13.01538],[76.09669,13.01726],[76.10039,13.01942],[76.10234,13.02153],[76.10464,13.02243],[76.1056,13.02443],[76.10585,13.02375],[76.10441,13.0209],[76.10495,13.01853]]]}},{"type":"Feature","properties":{"unitId":440,"unitName":"Hassan Extention PS"},"geometry":{"type":"Polygon","coordinates":[[[76.11799,13.06058],[76.12149,13.0597],[76.12406,13.06014],[76.12348,13.05883],[76.1257,13.05256],[76.12804,13.05179],[76.12665,13.05088],[76.12503,13.04636],[76.12449,13.04591],[76.12425,13.04205],[76.12458,13.03944],[76.1255,13.0384],[76.12454,13.03487],[76.12414,13.02901],[76.12677,13.02631],[76.12847,13.02613],[76.13282,13.02343],[76.13746,13.02353],[76.14273,13.0271],[76.14731,13.02878],[76.15437,13.03343],[76.15444,13.03224],[76.15646,13.03052],[76.15644,13.02996],[76.15862,13.02947],[76.15806,13.02899],[76.15859,13.0277],[76.16001,13.02707],[76.16257,13.02714],[76.16384,13.02096],[76.1653,13.01829],[76.17153,13.01563],[76.1719,13.01204],[76.17219,13.00758],[76.16571,13.00935],[76.16212,13.00836],[76.15698,13.00899],[76.15233,13.00778],[76.15235,13.00712],[76.15113,13.00595],[76.15012,12.99928],[76.14975,12.99934],[76.14944,12.99813],[76.14907,12.99504],[76.14785,12.99408],[76.14786,12.99268],[76.14723,12.99249],[76.14674,12.99344],[76.14687,12.99459],[76.14743,12.99468],[76.14614,12.9977],[76.14607,12.99934],[76.14508,12.99993],[76.14499,12.99942],[76.14409,12.9993],[76.14305,12.9999],[76.14248,12.99805],[76.14165,12.9981],[76.14107,12.99042],[76.1372,12.99082],[76.13607,12.98821],[76.133,12.9867],[76.13461,12.97928],[76.13453,12.97865],[76.13402,12.9786],[76.13462,12.97668],[76.13399,12.97166],[76.13334,12.97003],[76.13033,12.96967],[76.12689,12.96828],[76.12408,12.97014],[76.12179,12.96985],[76.12039,12.97123],[76.11822,12.97204],[76.11875,12.97301],[76.11874,12.97559],[76.11686,12.97629],[76.11502,12.97572],[76.10971,12.98444],[76.10126,12.98305],[76.10055,12.9855],[76.09944,12.98623],[76.0985,12.98623],[76.09857,12.98747],[76.09768,12.98799],[76.09687,12.99051],[76.0991,12.99308],[76.10167,12.99439],[76.1013,12.99675],[76.10203,12.99416],[76.10213,12.99599],[76.10275,12.99576],[76.10307,12.99428],[76.10341,12.99427],[76.1043,12.99461],[76.10375,12.99664],[76.10732,12.99654],[76.11023,13.00268],[76.10778,13.00271],[76.10822,13.00469],[76.10525,13.00441],[76.10379,13.00489],[76.10376,13.0058],[76.10219,13.00565],[76.10213,13.00769],[76.10395,13.00866],[76.10383,13.01077],[76.10736,13.01172],[76.10773,13.01265],[76.10951,13.01221],[76.10964,13.01262],[76.10838,13.01354],[76.10866,13.01404],[76.10762,13.01372],[76.10624,13.01553],[76.10542,13.01588],[76.10582,13.01776],[76.10464,13.01773],[76.10495,13.01853],[76.10441,13.0209],[76.10585,13.02375],[76.10588,13.02499],[76.10424,13.02875],[76.10332,13.03353],[76.10168,13.03352],[76.10102,13.03427],[76.10011,13.04122],[76.10056,13.0439],[76.10004,13.04403],[76.10133,13.04908],[76.10095,13.05164],[76.10029,13.05291],[76.09794,13.05167],[76.09762,13.05287],[76.09845,13.05361],[76.10013,13.05383],[76.10034,13.05457],[76.10491,13.05639],[76.10501,13.05766],[76.10997,13.05814],[76.11125,13.05867],[76.11088,13.05973],[76.11612,13.06111],[76.11799,13.06058]]]}},{"type":"Feature","properties":{"unitId":441,"unitName":"Pension Mohalla PS"},"geometry":{"type":"Polygon","coordinates":[[[76.0927,13.04933],[76.09276,13.04865],[76.09361,13.04841],[76.09422,13.04695],[76.09337,13.04697],[76.09365,13.04556],[76.09449,13.0456],[76.09449,13.04525],[76.09433,13.04387],[76.09277,13.04243],[76.09209,13.04097],[76.09267,13.04002],[76.10032,13.03919],[76.10113,13.03383],[76.10332,13.03353],[76.10424,13.02875],[76.10588,13.02499],[76.10464,13.02243],[76.10234,13.02153],[76.10039,13.01942],[76.09669,13.01726],[76.09648,13.01538],[76.09559,13.01499],[76.09563,13.01417],[76.09614,13.01431],[76.09642,13.01284],[76.09683,13.0129],[76.0973,13.01158],[76.09667,13.00998],[76.09561,13.01007],[76.09524,13.01164],[76.09402,13.01159],[76.09379,13.01261],[76.09276,13.01253],[76.09267,13.01099],[76.09426,13.01069],[76.09432,13.01019],[76.09266,13.01043],[76.09221,13.01092],[76.09167,13.01089],[76.09171,13.0105],[76.08955,13.01029],[76.08948,13.00636],[76.09016,13.00342],[76.0896,12.99979],[76.0872,12.99691],[76.08637,12.99624],[76.08511,12.9996],[76.08419,12.9996],[76.08347,12.9984],[76.08211,12.99908],[76.08278,13.00073],[76.08253,13.00353],[76.08378,13.00484],[76.08351,13.00604],[76.0841,13.00708],[76.08261,13.00735],[76.08224,13.00806],[76.08082,13.00824],[76.08056,13.00787],[76.07486,13.01062],[76.07071,13.01034],[76.06793,13.00452],[76.06787,13.00147],[76.06891,12.99934],[76.06013,12.99786],[76.04583,12.998],[76.04468,12.99836],[76.04303,13.00193],[76.04078,13.00333],[76.03791,13.01504],[76.04148,13.01765],[76.04214,13.01893],[76.04456,13.02656],[76.04426,13.02764],[76.04513,13.02744],[76.04527,13.02675],[76.04763,13.02763],[76.04881,13.02899],[76.04889,13.03063],[76.06214,13.03028],[76.06295,13.03107],[76.06592,13.03136],[76.07143,13.03127],[76.07563,13.03052],[76.08036,13.02877],[76.08176,13.02774],[76.08238,13.03087],[76.08335,13.03092],[76.08312,13.03185],[76.08377,13.03175],[76.08426,13.03608],[76.08383,13.03719],[76.08274,13.03742],[76.08244,13.0392],[76.08139,13.03903],[76.08088,13.04222],[76.07972,13.04338],[76.07981,13.04391],[76.08284,13.04501],[76.08327,13.04602],[76.0828,13.04806],[76.08325,13.04922],[76.08399,13.04911],[76.08458,13.05064],[76.0856,13.05633],[76.08781,13.05781],[76.0882,13.05254],[76.09181,13.05208],[76.09177,13.05144],[76.09291,13.05126],[76.0927,13.04933]]]}},{"type":"Feature","properties":{"unitId":442,"unitName":"Dudda PS"},"geometry":{"type":"MultiPolygon","coordinates":[[[[76.14764,13.15944],[76.15022,13.16041],[76.14932,13.15741],[76.14958,13.15124],[76.15019,13.14998],[76.15301,13.14916],[76.1548,13.14938],[76.16239,13.15515],[76.16862,13.15845],[76.16865,13.15788],[76.17268,13.15469],[76.1711,13.14842],[76.16926,13.14394],[76.16801,13.14239],[76.1682,13.13279],[76.17471,13.13247],[76.17979,13.13339],[76.18142,13.13288],[76.19046,13.13489],[76.19089,13.14048],[76.1914,13.14089],[76.1911,13.14154],[76.18894,13.14145],[76.18965,13.15082],[76.19816,13.15461],[76.19966,13.15288],[76.20357,13.15044],[76.20394,13.15121],[76.20784,13.1505],[76.20931,13.15139],[76.21477,13.14393],[76.21429,13.14412],[76.21673,13.13738],[76.21664,13.13485],[76.22622,13.13281],[76.2336,13.13048],[76.25846,13.12755],[76.26742,13.12439],[76.26805,13.12081],[76.26717,13.11598],[76.26886,13.1085],[76.28304,13.10421],[76.29653,13.07566],[76.29672,13.07297],[76.29524,13.0704],[76.29466,13.06424],[76.29493,13.05622],[76.29302,13.05181],[76.28723,13.05345],[76.28416,13.05316],[76.28296,13.04369],[76.28197,13.04115],[76.28097,13.04174],[76.27912,13.03868],[76.27995,13.0305],[76.27973,13.02321],[76.277,13.02226],[76.27566,13.01933],[76.27237,13.01787],[76.27226,13.01912],[76.26474,13.01632],[76.26203,13.02043],[76.25807,13.02122],[76.25651,13.01738],[76.25584,13.01208],[76.25478,13.01006],[76.24377,13.00952],[76.23619,13.01043],[76.23456,13.00865],[76.23544,13.00807],[76.23397,13.00491],[76.23368,12.9994],[76.23401,12.9982],[76.23475,12.99787],[76.23466,12.99705],[76.23416,12.99512],[76.23288,12.99546],[76.2325,12.99304],[76.23016,12.99333],[76.23094,12.99589],[76.2298,12.99571],[76.22851,12.99441],[76.22654,12.99476],[76.22693,12.99751],[76.2244,12.99877],[76.22469,12.9997],[76.22323,13.00039],[76.22486,13.00453],[76.22232,13.00521],[76.22291,13.00837],[76.21096,13.00788],[76.20381,13.00637],[76.20253,13.00493],[76.20057,13.00415],[76.19996,13.00303],[76.18858,13.00255],[76.18616,13.00125],[76.18554,13.00202],[76.1854,13.00379],[76.18443,13.0046],[76.18426,13.0056],[76.17651,13.00639],[76.17219,13.00788],[76.17153,13.01563],[76.1653,13.01829],[76.16384,13.02096],[76.16257,13.02714],[76.16001,13.02707],[76.15859,13.0277],[76.15806,13.02899],[76.15862,13.02947],[76.15644,13.02996],[76.15646,13.03052],[76.15444,13.03224],[76.15446,13.03525],[76.15558,13.03713],[76.15673,13.03799],[76.15669,13.04505],[76.15602,13.04354],[76.15351,13.04408],[76.1508,13.04234],[76.14821,13.04195],[76.14783,13.04314],[76.14867,13.04713],[76.14775,13.04734],[76.14756,13.04805],[76.14844,13.05345],[76.15118,13.05294],[76.15267,13.05342],[76.15074,13.05904],[76.14116,13.05667],[76.13432,13.05611],[76.13114,13.05639],[76.12804,13.05179],[76.1257,13.05256],[76.12348,13.05883],[76.12406,13.06014],[76.12149,13.0597],[76.11661,13.06088],[76.11521,13.06232],[76.11437,13.0625],[76.11367,13.06432],[76.11173,13.06455],[76.11092,13.06896],[76.11192,13.0717],[76.11146,13.07275],[76.11011,13.07392],[76.10879,13.07711],[76.11918,13.0847],[76.11814,13.09018],[76.11772,13.09128],[76.11662,13.09108],[76.11574,13.09589],[76.11675,13.09582],[76.11688,13.09907],[76.11634,13.10255],[76.11728,13.1106],[76.11669,13.11486],[76.11697,13.11569],[76.11903,13.11596],[76.12151,13.11522],[76.12618,13.1168],[76.12749,13.11788],[76.12654,13.12411],[76.12763,13.12524],[76.1309,13.13241],[76.13263,13.14004],[76.13269,13.14074],[76.13186,13.14103],[76.13197,13.14229],[76.13355,13.1439],[76.13667,13.14379],[76.14075,13.14443],[76.14142,13.14226],[76.14371,13.14277],[76.14413,13.14612],[76.14466,13.14667],[76.14472,13.15085],[76.1454,13.15581],[76.14637,13.15893],[76.14651,13.16267],[76.14712,13.16313],[76.14764,13.15944]]],[[[76.15654,13.16649],[76.15669,13.1651],[76.15228,13.16592],[76.1499,13.16488],[76.14726,13.16516],[76.14667,13.16866],[76.14592,13.16987],[76.15234,13.17885],[76.15442,13.17924],[76.15726,13.17125],[76.15658,13.17069],[76.15651,13.1697],[76.15695,13.16939],[76.15614,13.1689],[76.15654,13.16649]]]]}},{"type":"Feature","properties":{"unitId":443,"unitName":"Goruru PS"},"geometry":{"type":"Polygon","coordinates":[[[76.0505,12.95971],[76.05282,12.95892],[76.05526,12.95882],[76.05562,12.9571],[76.05414,12.95337],[76.05541,12.95277],[76.06347,12.95226],[76.06577,12.9526],[76.06684,12.94968],[76.0699,12.9501],[76.07237,12.94847],[76.07293,12.94875],[76.07626,12.94846],[76.07765,12.94781],[76.0826,12.94771],[76.08433,12.94381],[76.08666,12.94041],[76.08688,12.93841],[76.08645,12.93519],[76.08455,12.93317],[76.0834,12.92876],[76.08617,12.9278],[76.08844,12.92762],[76.09031,12.92862],[76.09204,12.93125],[76.0905,12.92384],[76.08715,12.92254],[76.09271,12.92184],[76.0943,12.9205],[76.09667,12.91994],[76.09602,12.91823],[76.0951,12.91773],[76.09563,12.91586],[76.09428,12.9152],[76.09325,12.91571],[76.09169,12.91537],[76.09154,12.91391],[76.10076,12.9139],[76.10163,12.91439],[76.10375,12.91372],[76.10344,12.91395],[76.1039,12.91504],[76.10494,12.91523],[76.10481,12.91371],[76.10738,12.91202],[76.10874,12.92025],[76.10724,12.92238],[76.10827,12.92483],[76.1082,12.92611],[76.1086,12.92603],[76.10995,12.92831],[76.1108,12.92875],[76.11136,12.93041],[76.11099,12.93089],[76.11318,12.93047],[76.11512,12.93559],[76.11904,12.93316],[76.12159,12.93091],[76.13251,12.92463],[76.13197,12.92424],[76.1382,12.91706],[76.13202,12.90595],[76.13091,12.90511],[76.12919,12.90225],[76.12769,12.90166],[76.12736,12.90082],[76.12601,12.90046],[76.12497,12.89932],[76.124,12.89642],[76.12392,12.89422],[76.1258,12.89448],[76.12796,12.89341],[76.12927,12.89078],[76.12742,12.88555],[76.12627,12.88447],[76.12328,12.88313],[76.12355,12.87995],[76.12314,12.87781],[76.12364,12.87686],[76.12291,12.87336],[76.12577,12.86587],[76.12699,12.86473],[76.12961,12.86394],[76.13069,12.86451],[76.13369,12.86404],[76.13505,12.86469],[76.14016,12.86507],[76.14268,12.86198],[76.14573,12.86452],[76.14634,12.85103],[76.14594,12.84633],[76.1467,12.84484],[76.14694,12.84254],[76.14763,12.84118],[76.14738,12.84072],[76.14825,12.8399],[76.14853,12.8377],[76.14975,12.83563],[76.15472,12.83427],[76.15397,12.83156],[76.15476,12.8239],[76.15309,12.82037],[76.15015,12.81797],[76.14835,12.81748],[76.14396,12.81983],[76.14211,12.81995],[76.12732,12.81918],[76.1254,12.81888],[76.12173,12.81653],[76.12217,12.81608],[76.11862,12.8159],[76.11312,12.8188],[76.11231,12.81853],[76.11207,12.81898],[76.11336,12.81983],[76.11264,12.8228],[76.10946,12.82577],[76.10782,12.82587],[76.10641,12.82474],[76.10504,12.81907],[76.10355,12.81738],[76.10126,12.81586],[76.0961,12.81529],[76.09186,12.81547],[76.08812,12.81623],[76.08121,12.8156],[76.07647,12.81748],[76.07405,12.81794],[76.06646,12.81688],[76.06174,12.81733],[76.0592,12.81824],[76.0515,12.82419],[76.04843,12.82463],[76.04678,12.82664],[76.04701,12.8318],[76.04497,12.83553],[76.04594,12.83707],[76.04808,12.8377],[76.04885,12.83857],[76.04889,12.84011],[76.04712,12.84494],[76.04834,12.84687],[76.04913,12.85135],[76.04716,12.85258],[76.04254,12.85396],[76.04182,12.85146],[76.04209,12.85053],[76.0411,12.84931],[76.03898,12.84821],[76.03668,12.84839],[76.03379,12.84782],[76.02925,12.8484],[76.02877,12.84889],[76.03052,12.85203],[76.0302,12.85292],[76.02883,12.85374],[76.02797,12.85319],[76.0271,12.85139],[76.02466,12.8508],[76.02414,12.85119],[76.02413,12.85208],[76.02581,12.85491],[76.02743,12.86107],[76.02629,12.86464],[76.02552,12.86527],[76.01922,12.8671],[76.01517,12.8672],[76.00908,12.86939],[76.00802,12.87082],[76.00577,12.87674],[76.00112,12.88154],[75.99899,12.88313],[75.999,12.8862],[75.99673,12.88907],[75.9965,12.89018],[75.99724,12.89113],[75.99892,12.89193],[76.00356,12.89073],[76.00451,12.89293],[76.00349,12.8942],[76.00159,12.89499],[75.99813,12.89556],[75.99764,12.89645],[75.99791,12.89725],[75.9992,12.89825],[76.00369,12.89832],[76.00505,12.8991],[76.00901,12.90371],[76.01116,12.90739],[76.01213,12.90739],[76.01393,12.90613],[76.01472,12.90435],[76.01514,12.90431],[76.0149,12.90233],[76.01593,12.90007],[76.01816,12.89776],[76.01858,12.89823],[76.01881,12.89998],[76.01789,12.90396],[76.02413,12.90996],[76.02572,12.91718],[76.02452,12.92435],[76.02325,12.92676],[76.02247,12.93066],[76.0247,12.93151],[76.02581,12.93121],[76.02681,12.93071],[76.02742,12.9287],[76.03006,12.92825],[76.03171,12.92596],[76.03246,12.92579],[76.03375,12.92605],[76.03453,12.92679],[76.03429,12.92955],[76.03611,12.93076],[76.03965,12.93169],[76.04025,12.93311],[76.03968,12.93486],[76.04146,12.93854],[76.04247,12.94341],[76.0386,12.94507],[76.03884,12.94644],[76.04072,12.94674],[76.04022,12.94902],[76.04181,12.94966],[76.04221,12.94904],[76.04354,12.95014],[76.04427,12.95655],[76.04529,12.95742],[76.04497,12.96105],[76.0505,12.95971]]]}},{"type":"Feature","properties":{"unitId":444,"unitName":"Hassan Rural PS"},"geometry":{"type":"MultiPolygon","coordinates":[[[[76.1417,13.17799],[76.14168,13.17728],[76.14263,13.17735],[76.1438,13.1722],[76.14667,13.16866],[76.14726,13.16516],[76.1499,13.16488],[76.15228,13.16592],[76.15669,13.1651],[76.15703,13.16396],[76.158,13.16403],[76.16012,13.16262],[76.16695,13.1628],[76.16854,13.16008],[76.16862,13.15845],[76.16239,13.15515],[76.1548,13.14938],[76.15301,13.14916],[76.15019,13.14998],[76.14958,13.15124],[76.14932,13.15741],[76.15022,13.16041],[76.14773,13.15931],[76.14712,13.16313],[76.14651,13.16267],[76.14637,13.15893],[76.1454,13.15581],[76.14472,13.15085],[76.14466,13.14667],[76.14413,13.14612],[76.14371,13.14277],[76.14142,13.14226],[76.14075,13.14443],[76.13667,13.14379],[76.13355,13.1439],[76.13197,13.14229],[76.13186,13.14103],[76.13269,13.14074],[76.13263,13.14004],[76.1309,13.13241],[76.12763,13.12524],[76.12654,13.12411],[76.12749,13.11788],[76.12618,13.1168],[76.12151,13.11522],[76.11903,13.11596],[76.117,13.11578],[76.11669,13.11486],[76.11728,13.1106],[76.11634,13.10255],[76.11688,13.09907],[76.11675,13.09582],[76.11574,13.09589],[76.11662,13.09108],[76.11772,13.09128],[76.11814,13.09018],[76.11918,13.0847],[76.10879,13.07711],[76.11011,13.07392],[76.11146,13.07275],[76.11192,13.0717],[76.11092,13.06896],[76.11173,13.06455],[76.11367,13.06432],[76.11437,13.0625],[76.11521,13.06232],[76.11614,13.06116],[76.11088,13.05973],[76.11125,13.05867],[76.10997,13.05814],[76.10501,13.05766],[76.10491,13.05639],[76.10034,13.05457],[76.10013,13.05383],[76.09845,13.05361],[76.09762,13.05287],[76.09794,13.05167],[76.10029,13.05291],[76.10095,13.05164],[76.10133,13.04908],[76.10048,13.04515],[76.10009,13.04516],[76.10004,13.04403],[76.10056,13.0439],[76.10011,13.04191],[76.10032,13.03919],[76.09267,13.04002],[76.09209,13.04097],[76.09277,13.04243],[76.09433,13.04387],[76.09449,13.04525],[76.09449,13.0456],[76.09365,13.04556],[76.09337,13.04697],[76.09422,13.04695],[76.09361,13.04841],[76.09276,13.04865],[76.09291,13.05126],[76.09177,13.05144],[76.09181,13.05208],[76.0882,13.05254],[76.08781,13.05781],[76.0856,13.05633],[76.08458,13.05064],[76.08399,13.04911],[76.08325,13.04922],[76.0828,13.04806],[76.08327,13.04602],[76.08284,13.04501],[76.07981,13.04391],[76.07972,13.04338],[76.08088,13.04222],[76.08139,13.03903],[76.08244,13.0392],[76.08274,13.03742],[76.08383,13.03719],[76.08426,13.03608],[76.08377,13.03175],[76.08312,13.03185],[76.08335,13.03092],[76.08238,13.03087],[76.08176,13.02774],[76.07822,13.02968],[76.07143,13.03127],[76.06295,13.03107],[76.06214,13.03028],[76.04889,13.03063],[76.04881,13.02899],[76.04763,13.02763],[76.04527,13.02675],[76.04513,13.02744],[76.0441,13.02745],[76.04456,13.02656],[76.04434,13.0257],[76.04148,13.01765],[76.03431,13.01238],[76.02418,13.01396],[76.02182,13.02252],[76.0209,13.02445],[76.02029,13.03016],[76.0207,13.0319],[76.01984,13.03473],[76.01917,13.03506],[76.01911,13.03609],[76.01722,13.03608],[76.01699,13.03573],[76.0164,13.03702],[76.01589,13.03707],[76.01605,13.03548],[76.01101,13.03125],[76.0086,13.02983],[76.00635,13.02968],[76.00551,13.02991],[76.00522,13.03073],[76.00125,13.03126],[75.9999,13.03266],[75.99828,13.03864],[75.99449,13.03889],[75.99329,13.03695],[75.9905,13.03584],[75.98959,13.03452],[75.98781,13.03347],[75.98236,13.03196],[75.9798,13.03517],[75.97803,13.03833],[75.97597,13.04021],[75.97373,13.04323],[75.97123,13.04832],[75.96768,13.05135],[75.96491,13.05492],[75.96558,13.05504],[75.96644,13.05663],[75.96421,13.05889],[75.96381,13.06306],[75.96515,13.06626],[75.96629,13.06619],[75.9665,13.06695],[75.966,13.06821],[75.96735,13.06961],[75.96711,13.07024],[75.96792,13.07043],[75.96893,13.07182],[75.96841,13.0721],[75.96835,13.0729],[75.96718,13.07185],[75.96675,13.07199],[75.96569,13.07353],[75.96584,13.07411],[75.96318,13.07505],[75.96373,13.07557],[75.96183,13.07918],[75.96257,13.08544],[75.96793,13.08586],[75.96885,13.08575],[75.96889,13.08506],[75.96987,13.08461],[75.97052,13.08591],[75.97158,13.08536],[75.97196,13.08384],[75.97306,13.08434],[75.97324,13.08407],[75.97162,13.08227],[75.97269,13.08171],[75.97385,13.08189],[75.97431,13.08131],[75.97389,13.0796],[75.97346,13.07957],[75.97395,13.07872],[75.97375,13.07757],[75.97486,13.07709],[75.97695,13.08064],[75.97725,13.0821],[75.97931,13.08212],[75.97946,13.08344],[75.98014,13.08347],[75.9802,13.08466],[75.98522,13.08429],[75.98852,13.08584],[75.98887,13.08514],[75.99073,13.08672],[75.98398,13.0929],[75.98107,13.09245],[75.98008,13.09594],[75.98089,13.09619],[75.98081,13.09765],[75.98219,13.09864],[75.9841,13.09919],[75.98395,13.09948],[75.98549,13.09886],[75.98714,13.10102],[75.98823,13.10104],[75.98849,13.10177],[75.9914,13.1014],[75.99158,13.10213],[75.99308,13.10294],[75.99374,13.10819],[76.00235,13.10612],[76.00667,13.1063],[76.00899,13.10486],[76.01038,13.10121],[76.01012,13.09991],[76.01077,13.10005],[76.01181,13.09827],[76.01322,13.09823],[76.01372,13.09873],[76.01556,13.09826],[76.01636,13.09873],[76.01956,13.09861],[76.02654,13.09933],[76.02498,13.10182],[76.02456,13.10467],[76.024,13.10516],[76.02461,13.10718],[76.02057,13.11049],[76.02006,13.11246],[76.01864,13.11233],[76.01847,13.11412],[76.01726,13.11514],[76.01823,13.11997],[76.01872,13.11527],[76.02062,13.11541],[76.01899,13.12165],[76.01961,13.12233],[76.0204,13.1214],[76.02188,13.12177],[76.02179,13.12243],[76.0206,13.12337],[76.02556,13.12634],[76.02549,13.1267],[76.0417,13.12049],[76.04353,13.12196],[76.0447,13.12175],[76.04466,13.12287],[76.05249,13.12916],[76.05348,13.12943],[76.05883,13.14216],[76.06326,13.14663],[76.09079,13.15532],[76.10086,13.16385],[76.0992,13.16421],[76.0971,13.16636],[76.0976,13.16893],[76.09891,13.16954],[76.09884,13.17235],[76.09953,13.175],[76.11074,13.17456],[76.12221,13.17649],[76.12511,13.17785],[76.12583,13.17745],[76.12775,13.17859],[76.12914,13.18212],[76.13371,13.18667],[76.13589,13.18988],[76.13712,13.18717],[76.13847,13.18545],[76.14128,13.18309],[76.1417,13.17799]],[[76.02475,13.12471],[76.02307,13.12406],[76.02461,13.12368],[76.02475,13.12471]]],[[[76.04685,12.99416],[76.0472,12.99166],[76.05394,12.99048],[76.05441,12.99201],[76.06019,12.99255],[76.05893,12.98697],[76.06156,12.98887],[76.06202,12.98872],[76.06276,12.98702],[76.0637,12.98674],[76.0652,12.98727],[76.06535,12.98783],[76.06601,12.98777],[76.06531,12.98666],[76.06548,12.98503],[76.06909,12.98462],[76.07213,12.98547],[76.07358,12.98486],[76.07862,12.98581],[76.08143,12.98272],[76.08206,12.98262],[76.0825,12.98097],[76.08404,12.98055],[76.08458,12.97967],[76.08632,12.97906],[76.0878,12.97788],[76.09212,12.97696],[76.09329,12.9723],[76.09995,12.97364],[76.10513,12.97367],[76.10537,12.97232],[76.10884,12.97201],[76.11204,12.97253],[76.11212,12.9722],[76.11651,12.97205],[76.1166,12.97314],[76.11502,12.97572],[76.11686,12.97629],[76.11874,12.97559],[76.11875,12.97301],[76.11822,12.97204],[76.12039,12.97123],[76.12205,12.96997],[76.12407,12.96698],[76.12772,12.95656],[76.11997,12.95619],[76.1197,12.95867],[76.11819,12.95986],[76.11817,12.96061],[76.11866,12.96082],[76.11732,12.96304],[76.11711,12.96519],[76.1175,12.96642],[76.11658,12.97055],[76.11032,12.96507],[76.10709,12.96126],[76.10537,12.95833],[76.10769,12.95818],[76.1107,12.95432],[76.11025,12.95136],[76.11292,12.94455],[76.11253,12.94322],[76.10922,12.93945],[76.11512,12.93559],[76.11318,12.93047],[76.11099,12.93089],[76.11136,12.93041],[76.1108,12.92875],[76.10995,12.92831],[76.1086,12.92603],[76.1082,12.92611],[76.10827,12.92483],[76.10724,12.92238],[76.10874,12.92025],[76.10738,12.91202],[76.10481,12.91371],[76.10494,12.91523],[76.1039,12.91504],[76.10344,12.91395],[76.10375,12.91372],[76.10163,12.91439],[76.10076,12.9139],[76.0963,12.91407],[76.09559,12.91371],[76.09142,12.91405],[76.09169,12.91537],[76.09325,12.91571],[76.09428,12.9152],[76.09563,12.91586],[76.0951,12.91773],[76.09602,12.91823],[76.09667,12.91994],[76.0943,12.9205],[76.09271,12.92184],[76.08715,12.92254],[76.0905,12.92384],[76.09204,12.93125],[76.09031,12.92862],[76.08844,12.92762],[76.08617,12.9278],[76.0834,12.92876],[76.08455,12.93317],[76.08645,12.93519],[76.08688,12.93841],[76.08666,12.94041],[76.08433,12.94381],[76.0826,12.94771],[76.07765,12.94781],[76.07626,12.94846],[76.07293,12.94875],[76.07237,12.94847],[76.0699,12.9501],[76.06684,12.94968],[76.06577,12.9526],[76.06347,12.95226],[76.05541,12.95277],[76.05414,12.95337],[76.05562,12.9571],[76.05513,12.96034],[76.05587,12.96199],[76.05838,12.96432],[76.05844,12.96587],[76.05767,12.96666],[76.05513,12.96675],[76.05158,12.96616],[76.05013,12.96746],[76.04962,12.96912],[76.04792,12.96861],[76.04267,12.96867],[76.03871,12.96804],[76.03589,12.96859],[76.0325,12.97142],[76.0263,12.97064],[76.02592,12.97199],[76.02647,12.97824],[76.03359,12.98333],[76.03365,12.98507],[76.03337,12.98558],[76.03229,12.9856],[76.03236,12.98839],[76.03136,12.98944],[76.03156,12.98971],[76.03884,12.99458],[76.04024,12.99413],[76.04655,12.99479],[76.04685,12.99416]]],[[[76.15149,13.05638],[76.15267,13.05342],[76.15118,13.05294],[76.14844,13.05345],[76.14756,13.04805],[76.14775,13.04734],[76.14869,13.04683],[76.14783,13.04314],[76.14821,13.04195],[76.14993,13.04213],[76.15351,13.04408],[76.15602,13.04354],[76.15669,13.04505],[76.15673,13.03799],[76.15558,13.03713],[76.15446,13.03525],[76.15437,13.03343],[76.14731,13.02878],[76.14273,13.0271],[76.13746,13.02353],[76.13282,13.02343],[76.12847,13.02613],[76.12677,13.02631],[76.12414,13.02901],[76.12454,13.03487],[76.1255,13.0384],[76.12458,13.03944],[76.12449,13.04591],[76.12503,13.04636],[76.12665,13.05088],[76.12806,13.05173],[76.13114,13.05639],[76.13432,13.05611],[76.14116,13.05667],[76.15074,13.05904],[76.15149,13.05638]]],[[[76.1688,13.00853],[76.17191,13.00766],[76.16859,13.00326],[76.16695,12.99994],[76.16662,12.99397],[76.16612,12.99398],[76.16601,12.99286],[76.15349,12.99222],[76.14846,12.99046],[76.14107,12.99042],[76.14165,12.9981],[76.14248,12.99805],[76.14323,13.00005],[76.14409,12.9993],[76.14499,12.99942],[76.14508,12.99993],[76.14607,12.99934],[76.14614,12.9977],[76.14743,12.99468],[76.14687,12.99459],[76.14674,12.99344],[76.14723,12.99249],[76.14786,12.99268],[76.14785,12.99408],[76.14907,12.99504],[76.14944,12.99813],[76.14975,12.99934],[76.15012,12.99928],[76.15113,13.00595],[76.15235,13.00712],[76.15233,13.00778],[76.15698,13.00899],[76.16212,13.00836],[76.16571,13.00935],[76.1688,13.00853]]],[[[76.14967,13.2016],[76.149,13.20138],[76.15118,13.20107],[76.15114,13.20162],[76.15193,13.20148],[76.15211,13.19893],[76.15156,13.19658],[76.14923,13.19736],[76.1491,13.19665],[76.14761,13.19694],[76.14742,13.19816],[76.14601,13.19585],[76.14073,13.19476],[76.13466,13.19203],[76.1322,13.19288],[76.13028,13.19515],[76.12897,13.19794],[76.1293,13.19949],[76.13061,13.20113],[76.13077,13.20247],[76.13277,13.20539],[76.13532,13.20682],[76.13783,13.21072],[76.14201,13.21526],[76.14503,13.21571],[76.15023,13.20936],[76.14927,13.20465],[76.14967,13.2016]]],[[[76.16977,12.99983],[76.16981,12.99736],[76.16781,12.99677],[76.16798,12.99919],[76.16894,12.99992],[76.16977,12.99983]]]]}},{"type":"Feature","properties":{"unitId":445,"unitName":"Shanthigrama PS"},"geometry":{"type":"Polygon","coordinates":[[[76.26438,13.01684],[76.26474,13.01632],[76.27226,13.01912],[76.27237,13.01787],[76.27572,13.01945],[76.27624,13.0175],[76.27855,13.01367],[76.28085,13.00841],[76.285,13.00345],[76.28422,13.00011],[76.28425,12.99763],[76.28703,12.98849],[76.28533,12.98814],[76.27873,12.99078],[76.27731,12.9893],[76.27261,12.99036],[76.27303,12.97967],[76.27279,12.97609],[76.27206,12.97422],[76.27212,12.97155],[76.27449,12.95953],[76.2741,12.9545],[76.28723,12.95086],[76.29356,12.9504],[76.295,12.94899],[76.29367,12.94527],[76.29248,12.93847],[76.29044,12.93061],[76.29504,12.92966],[76.29621,12.92797],[76.29558,12.92623],[76.29539,12.92119],[76.29367,12.91463],[76.29058,12.913],[76.28644,12.91182],[76.28516,12.90936],[76.28405,12.90864],[76.28064,12.90829],[76.27421,12.90854],[76.26866,12.91066],[76.26788,12.91064],[76.26757,12.90979],[76.26614,12.91027],[76.2664,12.91123],[76.26527,12.91132],[76.26076,12.91356],[76.26132,12.91574],[76.263,12.91794],[76.26414,12.91731],[76.26535,12.91777],[76.26722,12.91738],[76.26942,12.91848],[76.27271,12.91624],[76.27971,12.91336],[76.27977,12.91504],[76.28121,12.91881],[76.2732,12.92088],[76.27267,12.92042],[76.26932,12.92112],[76.27009,12.9241],[76.26839,12.92424],[76.26862,12.92513],[76.26715,12.92554],[76.26682,12.92458],[76.26631,12.92463],[76.26626,12.92624],[76.26253,12.92688],[76.26258,12.92732],[76.26115,12.92771],[76.26132,12.92903],[76.26066,12.92912],[76.26104,12.93102],[76.26016,12.93838],[76.25951,12.93807],[76.25647,12.93861],[76.25683,12.93683],[76.25598,12.93381],[76.25772,12.93217],[76.25879,12.93221],[76.25868,12.93048],[76.25793,12.93064],[76.25443,12.92933],[76.25465,12.92761],[76.25072,12.92858],[76.24975,12.92636],[76.24909,12.92644],[76.24879,12.92739],[76.24797,12.92776],[76.2451,12.92506],[76.24534,12.9323],[76.24174,12.93285],[76.24173,12.93252],[76.24044,12.93245],[76.24112,12.9332],[76.24054,12.93352],[76.23882,12.93362],[76.23849,12.93324],[76.23804,12.9337],[76.23831,12.9345],[76.23913,12.93455],[76.23825,12.93574],[76.23832,12.93689],[76.23797,12.93686],[76.23831,12.93934],[76.23758,12.94005],[76.23741,12.94164],[76.23365,12.942],[76.22979,12.9431],[76.2251,12.94293],[76.22437,12.9393],[76.2239,12.93922],[76.22194,12.93567],[76.21775,12.93024],[76.21637,12.92514],[76.2146,12.9233],[76.21563,12.92022],[76.21281,12.91755],[76.21216,12.91565],[76.2125,12.91315],[76.21359,12.91132],[76.212,12.90842],[76.21164,12.90435],[76.211,12.90461],[76.21066,12.89185],[76.21112,12.89081],[76.21075,12.88597],[76.20998,12.88601],[76.21186,12.88014],[76.21269,12.86755],[76.21374,12.86757],[76.21328,12.85446],[76.20879,12.85628],[76.20298,12.8622],[76.20554,12.86648],[76.20321,12.86658],[76.20109,12.86551],[76.19576,12.86752],[76.19529,12.86808],[76.18901,12.86681],[76.18688,12.86927],[76.1835,12.87653],[76.17581,12.87341],[76.17429,12.8747],[76.16625,12.87476],[76.16696,12.87035],[76.16485,12.86866],[76.15388,12.8653],[76.14573,12.86452],[76.14268,12.86198],[76.14016,12.86507],[76.13505,12.86469],[76.13369,12.86404],[76.13069,12.86451],[76.12961,12.86394],[76.12699,12.86473],[76.12577,12.86587],[76.12291,12.87336],[76.12364,12.87686],[76.12314,12.87781],[76.12355,12.87995],[76.12328,12.88313],[76.12627,12.88447],[76.12742,12.88555],[76.12927,12.89078],[76.12796,12.89341],[76.1258,12.89448],[76.12392,12.89422],[76.124,12.89642],[76.12497,12.89932],[76.12601,12.90046],[76.12736,12.90082],[76.12769,12.90166],[76.12919,12.90225],[76.13091,12.90511],[76.13202,12.90595],[76.1382,12.91706],[76.13197,12.92424],[76.13251,12.92463],[76.12159,12.93091],[76.11904,12.93316],[76.10922,12.93945],[76.11253,12.94322],[76.11292,12.94455],[76.11025,12.95136],[76.1107,12.95432],[76.10769,12.95818],[76.10537,12.95833],[76.10709,12.96126],[76.11032,12.96507],[76.11658,12.97055],[76.1175,12.96642],[76.11711,12.96519],[76.11732,12.96304],[76.11866,12.96082],[76.11817,12.96061],[76.11819,12.95986],[76.1197,12.95867],[76.11997,12.95619],[76.12772,12.95656],[76.12407,12.96698],[76.12205,12.96997],[76.12408,12.97014],[76.12689,12.96828],[76.13033,12.96967],[76.13334,12.97003],[76.13399,12.97166],[76.13462,12.97668],[76.13402,12.9786],[76.13453,12.97865],[76.13461,12.97928],[76.133,12.9867],[76.13607,12.98821],[76.1372,12.99082],[76.14651,12.99032],[76.14989,12.99065],[76.15112,12.99165],[76.15349,12.99222],[76.16601,12.99286],[76.16612,12.99398],[76.16662,12.99397],[76.16695,12.99994],[76.16859,13.00326],[76.17219,13.00788],[76.17651,13.00639],[76.18426,13.0056],[76.18443,13.0046],[76.1854,13.00379],[76.18554,13.00202],[76.18616,13.00125],[76.18858,13.00255],[76.19996,13.00303],[76.20057,13.00415],[76.20253,13.00493],[76.20381,13.00637],[76.21096,13.00788],[76.22291,13.00837],[76.22232,13.00521],[76.22486,13.00453],[76.22323,13.00039],[76.22469,12.9997],[76.2244,12.99877],[76.22693,12.99751],[76.22654,12.99476],[76.22851,12.99441],[76.2298,12.99571],[76.23094,12.99589],[76.23016,12.99333],[76.2325,12.99304],[76.23288,12.99546],[76.23416,12.99512],[76.23466,12.99705],[76.23475,12.99787],[76.23401,12.9982],[76.23368,12.9994],[76.23397,13.00491],[76.23544,13.00807],[76.23456,13.00865],[76.23619,13.01043],[76.24377,13.00952],[76.25478,13.01006],[76.25584,13.01208],[76.25651,13.01738],[76.25807,13.02122],[76.26203,13.02043],[76.26438,13.01684]],[[76.16781,12.99677],[76.16981,12.99736],[76.16977,12.99983],[76.16894,12.99992],[76.16798,12.99919],[76.16781,12.99677]]]}},{"type":"Feature","properties":{"unitId":446,"unitName":"Arakalagud PS"},"geometry":{"type":"Polygon","coordinates":[[[76.15767,12.82615],[76.16259,12.82268],[76.16418,12.81844],[76.16555,12.8049],[76.16669,12.80038],[76.17117,12.79971],[76.17212,12.79571],[76.17136,12.78689],[76.16987,12.78602],[76.16696,12.78611],[76.16686,12.78509],[76.16607,12.78538],[76.16501,12.785],[76.16276,12.78411],[76.16169,12.78312],[76.16119,12.77473],[76.16197,12.772],[76.16336,12.77251],[76.16442,12.77233],[76.16529,12.77156],[76.16691,12.77153],[76.16676,12.77072],[76.1696,12.76973],[76.17057,12.76779],[76.17018,12.76427],[76.16794,12.76391],[76.16771,12.76095],[76.16666,12.76112],[76.16666,12.76057],[76.16454,12.75914],[76.163,12.75881],[76.16292,12.75837],[76.16126,12.7591],[76.15734,12.75891],[76.15734,12.75637],[76.15875,12.75376],[76.16057,12.75345],[76.16106,12.75215],[76.16307,12.75052],[76.16446,12.74183],[76.16425,12.74082],[76.1629,12.73973],[76.16201,12.73977],[76.1612,12.73886],[76.16042,12.73544],[76.1594,12.73443],[76.15927,12.73309],[76.15876,12.73287],[76.15897,12.73012],[76.15726,12.72985],[76.15715,12.72022],[76.15991,12.71914],[76.15993,12.71836],[76.16058,12.71833],[76.16029,12.71431],[76.15931,12.71448],[76.15674,12.71345],[76.15659,12.71294],[76.15456,12.71243],[76.15479,12.70897],[76.1555,12.70637],[76.15498,12.70343],[76.15689,12.70255],[76.15643,12.69811],[76.15737,12.69285],[76.15692,12.68959],[76.15745,12.68943],[76.15606,12.68555],[76.15746,12.6849],[76.16076,12.68171],[76.16133,12.68043],[76.16296,12.67113],[76.16248,12.66464],[76.1632,12.66114],[76.16575,12.65864],[76.16553,12.65582],[76.1687,12.65306],[76.16805,12.65026],[76.16609,12.65032],[76.16544,12.64959],[76.16382,12.64939],[76.15925,12.64997],[76.15893,12.64865],[76.1593,12.64623],[76.1599,12.64396],[76.16085,12.6428],[76.16166,12.64277],[76.16127,12.63918],[76.16159,12.63791],[76.16291,12.6365],[76.16303,12.63416],[76.16812,12.63373],[76.17036,12.63498],[76.1692,12.63259],[76.16902,12.6293],[76.1687,12.62985],[76.16215,12.63076],[76.16043,12.62934],[76.1594,12.62759],[76.15943,12.62631],[76.15995,12.62594],[76.15955,12.62558],[76.15699,12.62485],[76.15007,12.62464],[76.1501,12.62208],[76.14435,12.62289],[76.14436,12.62338],[76.14215,12.62289],[76.14192,12.62425],[76.14098,12.62434],[76.14085,12.62369],[76.13999,12.62342],[76.13987,12.6242],[76.13883,12.6248],[76.1372,12.62944],[76.13354,12.62906],[76.13329,12.63108],[76.13246,12.63048],[76.1321,12.6326],[76.13136,12.63237],[76.13124,12.63297],[76.12784,12.63289],[76.12625,12.63385],[76.12448,12.63637],[76.12229,12.63621],[76.12187,12.63709],[76.11656,12.63597],[76.11633,12.63506],[76.11336,12.63469],[76.11149,12.63537],[76.1082,12.63797],[76.1033,12.63964],[76.09955,12.63771],[76.09521,12.63848],[76.08869,12.63874],[76.08593,12.63317],[76.0854,12.63441],[76.08219,12.63558],[76.0824,12.63757],[76.07994,12.64009],[76.08023,12.64146],[76.07897,12.642],[76.07951,12.64335],[76.07853,12.64633],[76.07972,12.64815],[76.08023,12.64824],[76.0803,12.64967],[76.07859,12.65106],[76.0788,12.65244],[76.07829,12.65335],[76.07872,12.65376],[76.07732,12.65433],[76.07803,12.65486],[76.07815,12.65589],[76.07672,12.6579],[76.07738,12.65867],[76.07674,12.65925],[76.07667,12.66215],[76.07626,12.66214],[76.07563,12.66335],[76.07642,12.6633],[76.07662,12.66387],[76.07534,12.66469],[76.07592,12.66605],[76.07538,12.6664],[76.07555,12.66779],[76.07507,12.6683],[76.07271,12.66829],[76.07069,12.66712],[76.06828,12.66755],[76.06844,12.6654],[76.06761,12.66075],[76.06815,12.65903],[76.06529,12.65942],[76.0654,12.6621],[76.06333,12.66205],[76.06133,12.65939],[76.05974,12.65958],[76.05897,12.65614],[76.05899,12.65192],[76.0582,12.65188],[76.05681,12.65026],[76.05498,12.65017],[76.05364,12.6492],[76.05367,12.64958],[76.05272,12.64947],[76.05279,12.64862],[76.0516,12.64915],[76.05147,12.65046],[76.05241,12.65015],[76.05269,12.65071],[76.0546,12.65111],[76.05637,12.65669],[76.05101,12.65705],[76.05089,12.65878],[76.05121,12.65929],[76.0525,12.65949],[76.05247,12.66011],[76.0514,12.66023],[76.05228,12.66428],[76.05319,12.66402],[76.05598,12.66523],[76.05843,12.66741],[76.06026,12.66986],[76.06197,12.67792],[76.0621,12.68053],[76.06117,12.68076],[76.06069,12.68154],[76.05722,12.68226],[76.05531,12.68325],[76.04806,12.6846],[76.04685,12.68536],[76.047,12.68705],[76.04487,12.68602],[76.04347,12.68591],[76.04283,12.68157],[76.04203,12.67932],[76.04014,12.67845],[76.03897,12.67417],[76.03524,12.67449],[76.03216,12.6738],[76.03139,12.66972],[76.02952,12.67145],[76.02216,12.67049],[76.0202,12.67068],[76.01899,12.66722],[76.01685,12.66643],[76.01627,12.66557],[76.00977,12.66598],[76.00764,12.66694],[76.0048,12.67198],[75.99955,12.67655],[75.99775,12.67179],[76.00028,12.66484],[75.99862,12.66232],[75.99705,12.65749],[75.99022,12.66003],[75.98537,12.65982],[75.98391,12.66121],[75.98316,12.66115],[75.98224,12.66326],[75.98254,12.66595],[75.98206,12.66792],[75.98143,12.66782],[75.9808,12.66843],[75.97857,12.66796],[75.97386,12.66813],[75.9726,12.67206],[75.97362,12.67261],[75.97143,12.67463],[75.96891,12.675],[75.96723,12.67673],[75.96619,12.67909],[75.95612,12.67939],[75.9567,12.68108],[75.95861,12.68269],[75.95922,12.68473],[75.95809,12.69037],[75.96128,12.69244],[75.9619,12.69433],[75.96136,12.69436],[75.96157,12.69539],[75.96345,12.69896],[75.96311,12.69901],[75.96393,12.69938],[75.96475,12.7014],[75.96476,12.70361],[75.96244,12.7056],[75.96402,12.70643],[75.96465,12.70869],[75.9659,12.7099],[75.96515,12.71028],[75.96372,12.71002],[75.95977,12.71262],[75.95337,12.71515],[75.95091,12.71678],[75.94491,12.71766],[75.94286,12.71899],[75.94152,12.72242],[75.93866,12.72743],[75.93492,12.73285],[75.93461,12.73685],[75.93632,12.7419],[75.93674,12.74734],[75.93787,12.75032],[75.93573,12.75606],[75.93442,12.75757],[75.93366,12.75771],[75.93496,12.75929],[75.93338,12.76154],[75.93369,12.76244],[75.93271,12.76257],[75.93269,12.76387],[75.93479,12.7676],[75.93656,12.76721],[75.94043,12.76763],[75.94621,12.76581],[75.95011,12.76775],[75.95276,12.768],[75.95453,12.77076],[75.95492,12.77572],[75.95608,12.7789],[75.95818,12.78215],[75.96233,12.78232],[75.96493,12.78171],[75.96556,12.78052],[75.96623,12.78032],[75.96817,12.78284],[75.97075,12.78277],[75.97129,12.78456],[75.97057,12.78661],[75.969,12.7886],[75.96799,12.79206],[75.96673,12.79343],[75.96653,12.79694],[75.96692,12.80076],[75.96769,12.80228],[75.9677,12.80301],[75.96719,12.80316],[75.9675,12.8038],[75.97258,12.80248],[75.97455,12.80262],[75.97578,12.80274],[75.97617,12.80353],[75.9786,12.80333],[75.98528,12.80561],[75.98917,12.80558],[75.9901,12.80502],[75.99162,12.80228],[75.99344,12.80109],[75.99656,12.8004],[76.00397,12.80189],[76.01064,12.80411],[76.01934,12.80502],[76.02036,12.80612],[76.02154,12.80874],[76.02287,12.80967],[76.03222,12.81228],[76.03382,12.81347],[76.03575,12.81612],[76.03998,12.81826],[76.0479,12.8192],[76.04903,12.8199],[76.04953,12.82452],[76.0515,12.82419],[76.0592,12.81824],[76.06174,12.81733],[76.06646,12.81688],[76.07405,12.81794],[76.07647,12.81748],[76.08121,12.8156],[76.08812,12.81623],[76.09186,12.81547],[76.0961,12.81529],[76.10126,12.81586],[76.10355,12.81738],[76.10504,12.81907],[76.10641,12.82474],[76.10782,12.82587],[76.10946,12.82577],[76.11264,12.8228],[76.11336,12.81983],[76.11207,12.81898],[76.11231,12.81853],[76.11312,12.8188],[76.11862,12.8159],[76.12217,12.81608],[76.12173,12.81653],[76.1254,12.81888],[76.13849,12.81978],[76.14396,12.81983],[76.14835,12.81748],[76.15015,12.81797],[76.15309,12.82037],[76.15476,12.8239],[76.15476,12.82566],[76.15591,12.82547],[76.15767,12.82615]]]}},{"type":"Feature","properties":{"unitId":447,"unitName":"Konanur PS"},"geometry":{"type":"Polygon","coordinates":[[[76.04706,12.68619],[76.04685,12.68536],[76.04858,12.68438],[76.05531,12.68325],[76.05722,12.68226],[76.06069,12.68154],[76.06117,12.68076],[76.0621,12.68053],[76.06197,12.67792],[76.06026,12.66986],[76.05843,12.66741],[76.05598,12.66523],[76.05319,12.66402],[76.05228,12.66428],[76.0514,12.66023],[76.05247,12.66011],[76.0525,12.65949],[76.05121,12.65929],[76.05089,12.65878],[76.05101,12.65705],[76.05637,12.65669],[76.0546,12.65111],[76.05269,12.65071],[76.05241,12.65015],[76.05147,12.65046],[76.0516,12.64915],[76.05279,12.64862],[76.05272,12.64947],[76.05367,12.64958],[76.05364,12.6492],[76.05498,12.65017],[76.05681,12.65026],[76.0582,12.65188],[76.05899,12.65192],[76.05897,12.65614],[76.05974,12.65958],[76.06133,12.65939],[76.06333,12.66205],[76.0654,12.6621],[76.06529,12.65942],[76.06815,12.65903],[76.06761,12.66075],[76.06844,12.6654],[76.06828,12.66755],[76.07069,12.66712],[76.07271,12.66829],[76.07507,12.6683],[76.07555,12.66779],[76.07538,12.6664],[76.07592,12.66605],[76.07534,12.66469],[76.07662,12.66387],[76.07642,12.6633],[76.07563,12.66335],[76.07626,12.66214],[76.07667,12.66215],[76.07674,12.65925],[76.07738,12.65867],[76.07672,12.6579],[76.07815,12.65589],[76.07803,12.65486],[76.07732,12.65433],[76.07872,12.65376],[76.07829,12.65335],[76.0788,12.65244],[76.07859,12.65106],[76.0803,12.64967],[76.08023,12.64824],[76.07972,12.64815],[76.07853,12.64633],[76.07951,12.64335],[76.07897,12.642],[76.08023,12.64146],[76.07994,12.64009],[76.0824,12.63757],[76.08219,12.63558],[76.0854,12.63441],[76.08593,12.63317],[76.08869,12.63874],[76.09521,12.63848],[76.09955,12.63771],[76.1033,12.63964],[76.1082,12.63797],[76.11149,12.63537],[76.11336,12.63469],[76.11633,12.63506],[76.11656,12.63597],[76.12187,12.63709],[76.12229,12.63621],[76.12448,12.63637],[76.12625,12.63385],[76.12784,12.63289],[76.13124,12.63297],[76.13136,12.63237],[76.1321,12.6326],[76.13246,12.63048],[76.13329,12.63108],[76.13354,12.62906],[76.1372,12.62944],[76.13883,12.6248],[76.13987,12.6242],[76.13999,12.62342],[76.14085,12.62369],[76.14098,12.62434],[76.14192,12.62425],[76.14215,12.62289],[76.14436,12.62338],[76.14435,12.62289],[76.1501,12.62208],[76.15007,12.62464],[76.15699,12.62485],[76.15955,12.62558],[76.15995,12.62594],[76.15943,12.62631],[76.1594,12.62759],[76.16043,12.62934],[76.16215,12.63076],[76.1687,12.62985],[76.16901,12.62903],[76.16974,12.62885],[76.16923,12.62522],[76.16993,12.62507],[76.16998,12.62304],[76.17164,12.62284],[76.17151,12.62168],[76.1722,12.62147],[76.17217,12.62108],[76.17586,12.62043],[76.17566,12.61845],[76.1759,12.61712],[76.17635,12.61709],[76.17551,12.61292],[76.1772,12.61206],[76.17695,12.61059],[76.17765,12.61047],[76.17738,12.60768],[76.18194,12.6082],[76.18135,12.61112],[76.183,12.61093],[76.18344,12.6122],[76.18151,12.61267],[76.18123,12.61387],[76.18578,12.61242],[76.18578,12.61132],[76.18718,12.61074],[76.18665,12.61141],[76.1868,12.61229],[76.1888,12.61253],[76.18879,12.61089],[76.19006,12.60892],[76.18965,12.60892],[76.18961,12.60809],[76.19019,12.60824],[76.19068,12.60664],[76.19139,12.60207],[76.19283,12.59879],[76.19324,12.59871],[76.19183,12.59825],[76.19001,12.59383],[76.19197,12.5922],[76.19214,12.59261],[76.19339,12.59209],[76.1934,12.5907],[76.19191,12.59007],[76.19312,12.58771],[76.19288,12.58577],[76.19227,12.58521],[76.19318,12.58387],[76.19476,12.58286],[76.19522,12.58056],[76.19655,12.57757],[76.19515,12.57713],[76.18634,12.57664],[76.18397,12.57721],[76.18257,12.57532],[76.1821,12.57562],[76.18065,12.57517],[76.16762,12.58004],[76.15813,12.57855],[76.15449,12.57888],[76.15203,12.58022],[76.15183,12.57935],[76.15225,12.57889],[76.15181,12.57678],[76.14891,12.57386],[76.15019,12.5738],[76.14763,12.56589],[76.15141,12.56495],[76.1516,12.56534],[76.15459,12.56431],[76.15425,12.56377],[76.15641,12.56362],[76.15593,12.56156],[76.15333,12.55796],[76.1518,12.55428],[76.15072,12.54897],[76.1525,12.54641],[76.14377,12.54495],[76.14304,12.54013],[76.14355,12.53665],[76.14152,12.53672],[76.13948,12.53796],[76.13592,12.5379],[76.13464,12.52956],[76.13132,12.52941],[76.12717,12.53013],[76.12611,12.53007],[76.12479,12.52934],[76.12505,12.52911],[76.12186,12.52952],[76.11864,12.52908],[76.11864,12.52955],[76.11742,12.52988],[76.11707,12.52899],[76.1154,12.52927],[76.11663,12.52676],[76.11703,12.52677],[76.1171,12.52463],[76.11931,12.52363],[76.11969,12.52203],[76.11914,12.51884],[76.11793,12.51757],[76.1157,12.51754],[76.11578,12.51599],[76.11646,12.51616],[76.11595,12.51261],[76.11513,12.51274],[76.11469,12.5134],[76.11185,12.51378],[76.11119,12.5144],[76.11152,12.5157],[76.10993,12.51591],[76.10919,12.51776],[76.10706,12.51729],[76.10435,12.51859],[76.10354,12.52327],[76.10315,12.52323],[76.10092,12.52681],[76.10096,12.52737],[76.10328,12.52799],[76.10365,12.53026],[76.10039,12.52973],[76.10042,12.52892],[76.09814,12.52893],[76.09828,12.53076],[76.0993,12.5322],[76.09744,12.53258],[76.09698,12.53352],[76.09616,12.5339],[76.09591,12.53317],[76.09369,12.53366],[76.09349,12.53541],[76.0904,12.53703],[76.08941,12.53846],[76.08652,12.53786],[76.0865,12.53892],[76.08705,12.53949],[76.08687,12.54081],[76.08902,12.54299],[76.08881,12.54358],[76.08958,12.5436],[76.08979,12.54283],[76.09378,12.5431],[76.08991,12.54738],[76.08921,12.54377],[76.08865,12.54723],[76.08869,12.54583],[76.08753,12.54551],[76.08791,12.54318],[76.08454,12.54291],[76.08456,12.544],[76.08282,12.54448],[76.082,12.54446],[76.08134,12.54359],[76.0802,12.54365],[76.07986,12.54419],[76.08009,12.54561],[76.07841,12.54589],[76.07764,12.54707],[76.0741,12.54794],[76.07498,12.55138],[76.07013,12.54965],[76.06978,12.55678],[76.06613,12.55827],[76.06367,12.55647],[76.05807,12.55636],[76.05636,12.55682],[76.05577,12.55861],[76.0532,12.55879],[76.04988,12.56069],[76.0477,12.56135],[76.04806,12.56645],[76.04693,12.56885],[76.04683,12.57016],[76.04735,12.57031],[76.046,12.57777],[76.04041,12.577],[76.03412,12.57519],[76.03227,12.5758],[76.03076,12.57703],[76.02906,12.57565],[76.02568,12.57623],[76.02572,12.57668],[76.02512,12.57693],[76.02307,12.57695],[76.02296,12.57734],[76.02134,12.57711],[76.01995,12.57336],[76.01811,12.57091],[76.01695,12.57143],[76.0162,12.57014],[76.01478,12.56978],[76.01424,12.56897],[76.01291,12.56991],[76.0124,12.57222],[76.0118,12.57265],[76.01114,12.57261],[76.00987,12.57096],[76.00923,12.57102],[76.0057,12.57424],[76.00413,12.57381],[76.00233,12.57456],[76.00071,12.57816],[75.99973,12.57901],[75.99825,12.57928],[75.99728,12.58023],[75.99746,12.58227],[75.99701,12.58373],[75.99632,12.58457],[75.99524,12.58482],[75.99524,12.58642],[75.99356,12.58832],[75.99086,12.58692],[75.99117,12.58503],[75.98762,12.5811],[75.98806,12.57901],[75.98774,12.57738],[75.98932,12.57414],[75.98628,12.57368],[75.98472,12.57402],[75.98298,12.57345],[75.98065,12.57376],[75.97735,12.5758],[75.97519,12.57615],[75.97354,12.577],[75.96907,12.57697],[75.97019,12.57426],[75.97273,12.57119],[75.97363,12.56512],[75.97559,12.56248],[75.97376,12.56213],[75.97191,12.56043],[75.96602,12.55962],[75.96427,12.56011],[75.9625,12.56119],[75.96158,12.56387],[75.9602,12.56538],[75.95498,12.57414],[75.95507,12.57571],[75.95296,12.58202],[75.9528,12.58394],[75.9496,12.59084],[75.94873,12.59475],[75.94763,12.59596],[75.94737,12.59735],[75.94627,12.59802],[75.94386,12.60144],[75.94017,12.60434],[75.93902,12.60903],[75.94257,12.61111],[75.94362,12.61124],[75.94574,12.61327],[75.94704,12.61363],[75.94802,12.61652],[75.94797,12.61823],[75.94849,12.61841],[75.94831,12.6191],[75.94941,12.62114],[75.94655,12.62719],[75.94442,12.62942],[75.94212,12.62838],[75.94013,12.62818],[75.93866,12.62833],[75.93643,12.62956],[75.93631,12.63024],[75.94057,12.63235],[75.94293,12.63648],[75.94077,12.64191],[75.9382,12.64384],[75.93878,12.64978],[75.93975,12.65353],[75.9406,12.65492],[75.9407,12.65789],[75.94361,12.66137],[75.94524,12.6623],[75.94592,12.6633],[75.94756,12.66401],[75.94734,12.66594],[75.94654,12.66587],[75.94683,12.66638],[75.94633,12.66694],[75.94593,12.66673],[75.94495,12.66852],[75.94422,12.66788],[75.94397,12.66903],[75.94278,12.66911],[75.94309,12.67012],[75.94244,12.67008],[75.94155,12.67099],[75.94145,12.67204],[75.94003,12.67445],[75.94121,12.67582],[75.94781,12.67586],[75.95164,12.67682],[75.95434,12.67629],[75.95615,12.67819],[75.95676,12.67924],[75.95652,12.6795],[75.96619,12.67909],[75.96723,12.67673],[75.96891,12.675],[75.97143,12.67463],[75.97362,12.67261],[75.9726,12.67206],[75.97386,12.66813],[75.97857,12.66796],[75.9808,12.66843],[75.98143,12.66782],[75.98206,12.66792],[75.98254,12.66595],[75.98224,12.66326],[75.98316,12.66115],[75.98391,12.66121],[75.98537,12.65982],[75.99022,12.66003],[75.99705,12.65749],[75.99862,12.66232],[76.00028,12.66484],[75.99775,12.67179],[75.99955,12.67655],[76.0048,12.67198],[76.00764,12.66694],[76.00977,12.66598],[76.01627,12.66557],[76.01685,12.66643],[76.01899,12.66722],[76.0202,12.67068],[76.02216,12.67049],[76.02952,12.67145],[76.03139,12.66972],[76.03216,12.6738],[76.03524,12.67449],[76.03897,12.67417],[76.04014,12.67845],[76.04203,12.67932],[76.04283,12.68157],[76.04347,12.68591],[76.04487,12.68602],[76.047,12.68705],[76.04706,12.68619]]]}},{"type":"Feature","properties":{"unitId":448,"unitName":"Channarayapatna Rural PS"},"geometry":{"type":"Polygon","coordinates":[[[76.43729,13.17025],[76.4391,13.1706],[76.44514,13.16927],[76.44576,13.16564],[76.44715,13.16305],[76.44905,13.16152],[76.44896,13.1598],[76.45064,13.15954],[76.45057,13.15885],[76.45251,13.15684],[76.45274,13.15524],[76.4544,13.15502],[76.45521,13.15082],[76.45743,13.15101],[76.45843,13.14926],[76.45956,13.14933],[76.46024,13.15011],[76.46431,13.15089],[76.47337,13.14971],[76.46981,13.13667],[76.46952,13.12577],[76.4703,13.12084],[76.4688,13.12004],[76.47047,13.10959],[76.47041,13.10856],[76.46967,13.10874],[76.4701,13.10457],[76.47217,13.09628],[76.47137,13.09325],[76.47235,13.09302],[76.47095,13.08659],[76.46926,13.08602],[76.46699,13.08336],[76.46468,13.08325],[76.46573,13.08039],[76.4639,13.07536],[76.46512,13.07023],[76.45999,13.06915],[76.45745,13.06647],[76.45588,13.06722],[76.45557,13.06595],[76.4516,13.0655],[76.45057,13.06682],[76.44823,13.06689],[76.44049,13.06436],[76.44045,13.05677],[76.42182,13.05893],[76.42087,13.05805],[76.42042,13.0546],[76.42233,13.0474],[76.42026,13.04108],[76.41993,13.03369],[76.41944,13.03234],[76.41548,13.03026],[76.41482,13.02709],[76.41266,13.02177],[76.41112,13.01467],[76.41831,13.01285],[76.41892,13.01435],[76.42201,13.01454],[76.43266,13.01489],[76.43785,13.01398],[76.4384,13.01156],[76.43806,13.00639],[76.43849,13.0048],[76.43599,13.00358],[76.4222,13.0023],[76.41719,13.00551],[76.41214,13.00354],[76.4103,13.00203],[76.40805,13.00098],[76.40224,13.00121],[76.39541,13.00049],[76.39578,12.99992],[76.39162,12.99775],[76.39044,12.99768],[76.39015,12.99702],[76.38595,12.99654],[76.37758,12.99276],[76.37217,12.99263],[76.37235,12.99159],[76.37192,12.99115],[76.36713,12.99197],[76.36806,12.98821],[76.367,12.9881],[76.36805,12.98594],[76.36982,12.97905],[76.37303,12.97384],[76.37732,12.96846],[76.37828,12.96587],[76.37844,12.96223],[76.37796,12.93727],[76.3742,12.93459],[76.37057,12.93056],[76.37122,12.92851],[76.3697,12.92481],[76.36996,12.922],[76.37746,12.92154],[76.38191,12.92066],[76.39008,12.9213],[76.39608,12.92057],[76.39529,12.91752],[76.39468,12.91655],[76.39208,12.91609],[76.39209,12.91648],[76.3898,12.91705],[76.38015,12.91839],[76.37815,12.91817],[76.37529,12.91958],[76.37518,12.91923],[76.37146,12.9203],[76.37159,12.92108],[76.37102,12.92132],[76.36849,12.9213],[76.36636,12.91783],[76.36546,12.90929],[76.36424,12.90711],[76.36488,12.89788],[76.36338,12.89356],[76.36343,12.89249],[76.36112,12.89145],[76.36449,12.88187],[76.36471,12.87865],[76.37142,12.87675],[76.37148,12.87467],[76.3704,12.87343],[76.36955,12.87319],[76.36948,12.87385],[76.36112,12.87391],[76.36099,12.87177],[76.362,12.86733],[76.36195,12.86375],[76.35906,12.8647],[76.35543,12.86438],[76.34931,12.86906],[76.34899,12.86554],[76.34833,12.8643],[76.34865,12.86093],[76.34822,12.85657],[76.34781,12.85623],[76.3505,12.85522],[76.35092,12.85462],[76.35201,12.85458],[76.35169,12.85165],[76.349,12.84975],[76.34735,12.84993],[76.34688,12.84828],[76.34027,12.8481],[76.33982,12.84534],[76.33896,12.84433],[76.33527,12.84672],[76.3337,12.84927],[76.33303,12.8523],[76.32653,12.85618],[76.32519,12.85627],[76.32456,12.85546],[76.32431,12.85394],[76.32518,12.85185],[76.32678,12.84985],[76.32719,12.84796],[76.3264,12.84626],[76.32458,12.84465],[76.32093,12.84342],[76.31966,12.84147],[76.31837,12.83197],[76.31941,12.82843],[76.3192,12.82733],[76.31723,12.8257],[76.31174,12.82496],[76.30776,12.82376],[76.30733,12.82502],[76.30977,12.82632],[76.30964,12.82668],[76.30778,12.82657],[76.30732,12.82827],[76.30901,12.83093],[76.30768,12.83189],[76.30672,12.83306],[76.3062,12.83475],[76.30511,12.83565],[76.30408,12.83907],[76.29978,12.83886],[76.2981,12.84004],[76.29592,12.83902],[76.29455,12.8396],[76.29573,12.84296],[76.29594,12.84649],[76.3015,12.84749],[76.3035,12.85382],[76.30364,12.86073],[76.30288,12.86211],[76.30431,12.86325],[76.30312,12.86459],[76.30422,12.86547],[76.30461,12.86732],[76.30443,12.86959],[76.30489,12.86964],[76.30506,12.87123],[76.30445,12.87468],[76.3098,12.87392],[76.31127,12.87339],[76.31169,12.87252],[76.3178,12.87272],[76.32101,12.87527],[76.32175,12.87939],[76.32295,12.87981],[76.31801,12.88399],[76.31645,12.89052],[76.31425,12.89165],[76.31266,12.89152],[76.30992,12.89599],[76.30659,12.89816],[76.29959,12.89642],[76.29429,12.89664],[76.29294,12.89718],[76.29246,12.89827],[76.29012,12.89764],[76.28744,12.89858],[76.28351,12.89827],[76.27995,12.89878],[76.28064,12.90829],[76.28405,12.90864],[76.28516,12.90936],[76.28644,12.91182],[76.29058,12.913],[76.29367,12.91463],[76.29539,12.92119],[76.29558,12.92623],[76.29621,12.92797],[76.29504,12.92966],[76.29044,12.93061],[76.29248,12.93847],[76.29367,12.94527],[76.295,12.94899],[76.29356,12.9504],[76.28723,12.95086],[76.2741,12.9545],[76.27449,12.95953],[76.27212,12.97155],[76.27206,12.97422],[76.27279,12.97609],[76.27303,12.97967],[76.27261,12.99036],[76.27731,12.9893],[76.27873,12.99078],[76.28533,12.98814],[76.28703,12.98849],[76.28425,12.99763],[76.28422,13.00011],[76.285,13.00345],[76.28085,13.00841],[76.27855,13.01367],[76.27624,13.0175],[76.27572,13.01945],[76.277,13.02226],[76.27973,13.02321],[76.27995,13.0305],[76.27912,13.03868],[76.28097,13.04174],[76.28197,13.04115],[76.28296,13.04369],[76.28416,13.05316],[76.28723,13.05345],[76.29302,13.05181],[76.29493,13.05622],[76.29466,13.06424],[76.29524,13.0704],[76.29672,13.07297],[76.29653,13.07566],[76.29504,13.07908],[76.29855,13.07938],[76.31156,13.08232],[76.31572,13.08526],[76.31818,13.08858],[76.31806,13.09133],[76.31878,13.09357],[76.32351,13.0956],[76.32345,13.10112],[76.3237,13.10016],[76.32788,13.10096],[76.32899,13.10056],[76.32911,13.10246],[76.33085,13.10246],[76.33121,13.10791],[76.33854,13.10226],[76.34194,13.10091],[76.34361,13.09762],[76.3433,13.09755],[76.34326,13.09175],[76.34803,13.09048],[76.35659,13.09276],[76.36099,13.09341],[76.36298,13.10195],[76.36285,13.10268],[76.36219,13.10254],[76.36207,13.10365],[76.36109,13.10383],[76.36052,13.11576],[76.35875,13.11496],[76.35844,13.11685],[76.35902,13.11763],[76.36067,13.11718],[76.36085,13.11767],[76.36529,13.11953],[76.36897,13.12062],[76.36894,13.12109],[76.3668,13.1216],[76.36707,13.12862],[76.36819,13.12858],[76.36888,13.13159],[76.37383,13.13236],[76.37335,13.1337],[76.37823,13.13567],[76.37764,13.14279],[76.37981,13.14278],[76.38012,13.1438],[76.37957,13.14411],[76.37954,13.14476],[76.38041,13.14496],[76.38042,13.14634],[76.38104,13.14638],[76.38173,13.14812],[76.38176,13.14906],[76.38132,13.14908],[76.38093,13.15],[76.38627,13.1495],[76.39236,13.15009],[76.3924,13.14976],[76.39647,13.14995],[76.40422,13.15091],[76.40722,13.15199],[76.41097,13.15662],[76.41263,13.1616],[76.41269,13.16352],[76.41834,13.16342],[76.42429,13.16504],[76.4287,13.17229],[76.43729,13.17025]]]}},{"type":"Feature","properties":{"unitId":449,"unitName":"Channarayapatna Town PS"},"geometry":{"type":"Polygon","coordinates":[[[76.42198,13.00096],[76.41987,12.99383],[76.41195,12.97807],[76.41109,12.97436],[76.41029,12.96875],[76.41109,12.96693],[76.41094,12.96632],[76.41183,12.96596],[76.41179,12.96449],[76.41252,12.96433],[76.41343,12.96263],[76.41384,12.9586],[76.41613,12.95678],[76.41614,12.95772],[76.41961,12.9605],[76.41925,12.9616],[76.42121,12.96217],[76.42275,12.96025],[76.42399,12.96038],[76.42484,12.95929],[76.42728,12.95972],[76.42731,12.95831],[76.4281,12.95794],[76.42927,12.95626],[76.43065,12.956],[76.43106,12.95486],[76.43532,12.95398],[76.4357,12.95697],[76.43702,12.95853],[76.43827,12.96166],[76.44497,12.96973],[76.44846,12.96223],[76.44821,12.96148],[76.44923,12.9588],[76.44896,12.95613],[76.44939,12.95427],[76.44465,12.95115],[76.44375,12.94951],[76.44393,12.94839],[76.44368,12.94803],[76.44261,12.94812],[76.44127,12.94519],[76.44138,12.94456],[76.44201,12.94467],[76.44127,12.94305],[76.43878,12.94022],[76.43906,12.93768],[76.43715,12.93571],[76.43692,12.93335],[76.44028,12.93194],[76.44017,12.93068],[76.43715,12.93068],[76.43405,12.92986],[76.43777,12.92458],[76.43906,12.92368],[76.44429,12.92215],[76.44779,12.91835],[76.4486,12.92002],[76.45309,12.92181],[76.45648,12.9331],[76.46996,12.93141],[76.47294,12.93723],[76.47341,12.94181],[76.47268,12.9426],[76.47623,12.9421],[76.47972,12.94098],[76.48348,12.94152],[76.48373,12.93968],[76.49394,12.93859],[76.49432,12.93658],[76.49083,12.92329],[76.48878,12.92233],[76.48628,12.92211],[76.48424,12.91511],[76.48324,12.91312],[76.47744,12.90799],[76.46876,12.90741],[76.4635,12.89861],[76.46095,12.89967],[76.45807,12.89949],[76.45653,12.896],[76.45471,12.88866],[76.45413,12.88731],[76.4521,12.88521],[76.44621,12.88688],[76.44441,12.88785],[76.44242,12.88685],[76.43355,12.87914],[76.43279,12.87605],[76.43279,12.87046],[76.43054,12.87052],[76.43032,12.86963],[76.42947,12.86894],[76.42913,12.86926],[76.42768,12.86804],[76.42594,12.86753],[76.41737,12.8666],[76.41705,12.86502],[76.42089,12.86519],[76.42345,12.86452],[76.42536,12.8634],[76.4258,12.8619],[76.42537,12.85738],[76.42088,12.85791],[76.4205,12.85757],[76.41806,12.8585],[76.41653,12.85968],[76.41569,12.86272],[76.41654,12.8653],[76.41611,12.86495],[76.41492,12.86579],[76.41416,12.86563],[76.41316,12.8645],[76.41214,12.86487],[76.41151,12.86457],[76.40956,12.86506],[76.40937,12.86549],[76.40725,12.86571],[76.40739,12.8664],[76.40642,12.86655],[76.40805,12.8635],[76.4075,12.86249],[76.40811,12.86057],[76.40799,12.85603],[76.40837,12.85584],[76.40846,12.85354],[76.40773,12.8478],[76.40817,12.84781],[76.40736,12.84534],[76.40444,12.84645],[76.40304,12.84613],[76.40242,12.8454],[76.40115,12.84676],[76.40017,12.84633],[76.39941,12.84676],[76.39858,12.84643],[76.39756,12.84741],[76.39309,12.8462],[76.3913,12.84441],[76.38877,12.84538],[76.38587,12.84501],[76.38607,12.84315],[76.38748,12.84226],[76.38806,12.84079],[76.38676,12.83912],[76.38657,12.83646],[76.38572,12.83524],[76.38436,12.83454],[76.38419,12.83276],[76.38173,12.83006],[76.38038,12.83012],[76.37855,12.82856],[76.37668,12.82809],[76.37509,12.83159],[76.37408,12.83095],[76.37396,12.82998],[76.37301,12.83004],[76.37138,12.82905],[76.37098,12.82998],[76.37044,12.82923],[76.3687,12.83223],[76.36345,12.83716],[76.35561,12.83879],[76.35098,12.83891],[76.34583,12.83785],[76.34175,12.83927],[76.33896,12.84433],[76.33982,12.84534],[76.34027,12.8481],[76.34688,12.84828],[76.34735,12.84993],[76.349,12.84975],[76.35169,12.85165],[76.35201,12.85458],[76.35092,12.85462],[76.3505,12.85522],[76.34781,12.85623],[76.34822,12.85657],[76.34865,12.86093],[76.34833,12.8643],[76.34899,12.86554],[76.34931,12.86906],[76.35543,12.86438],[76.35906,12.8647],[76.36195,12.86375],[76.362,12.86733],[76.36099,12.87177],[76.36112,12.87391],[76.36948,12.87385],[76.36955,12.87319],[76.3704,12.87343],[76.37148,12.87467],[76.37142,12.87675],[76.36471,12.87865],[76.36449,12.88187],[76.36112,12.89145],[76.36343,12.89249],[76.36338,12.89356],[76.36488,12.89788],[76.36424,12.90711],[76.36545,12.90929],[76.3659,12.91545],[76.36636,12.91783],[76.36721,12.91937],[76.36871,12.92145],[76.37024,12.92146],[76.37159,12.92108],[76.37146,12.9203],[76.37518,12.91923],[76.37529,12.91958],[76.37815,12.91817],[76.38015,12.91839],[76.3898,12.91705],[76.39252,12.91605],[76.39274,12.91642],[76.39468,12.91655],[76.39608,12.92057],[76.39008,12.9213],[76.38191,12.92066],[76.37746,12.92154],[76.36996,12.922],[76.3697,12.92481],[76.37122,12.92851],[76.37057,12.93056],[76.3742,12.93459],[76.37796,12.93727],[76.37844,12.96223],[76.37828,12.96587],[76.37732,12.96846],[76.37303,12.97384],[76.36982,12.97905],[76.36805,12.98594],[76.367,12.9881],[76.36806,12.98821],[76.36713,12.99197],[76.37192,12.99115],[76.37235,12.99159],[76.37217,12.99263],[76.37758,12.99276],[76.38595,12.99654],[76.39015,12.99702],[76.39044,12.99768],[76.39162,12.99775],[76.39578,12.99992],[76.39541,13.00049],[76.40224,13.00121],[76.40805,13.00098],[76.4103,13.00203],[76.41214,13.00354],[76.41719,13.00551],[76.4222,13.0023],[76.42198,13.00096]],[[76.41167,12.86943],[76.41251,12.86956],[76.41091,12.87028],[76.41078,12.86984],[76.41167,12.86943]]]}},{"type":"Feature","properties":{"unitId":450,"unitName":"Hirisave PS"},"geometry":{"type":"Polygon","coordinates":[[[76.52825,13.07896],[76.52987,13.07786],[76.53461,13.07665],[76.53921,13.0773],[76.55131,13.07714],[76.56231,13.07366],[76.56844,13.07451],[76.58553,13.071],[76.59025,13.07461],[76.59264,13.07538],[76.59526,13.07435],[76.60057,13.07331],[76.60785,13.07383],[76.61349,13.06929],[76.61709,13.06506],[76.61701,13.06423],[76.61829,13.06393],[76.61839,13.06059],[76.61956,13.05593],[76.61921,13.05365],[76.60678,13.05665],[76.60637,13.0549],[76.60534,13.05329],[76.60487,13.04547],[76.6034,13.04189],[76.60803,13.03761],[76.60781,13.03316],[76.60919,13.0316],[76.605,13.01911],[76.60428,13.01645],[76.6045,13.01455],[76.6055,13.01145],[76.60866,13.01018],[76.61148,13.00789],[76.61415,13.00759],[76.61844,13.00851],[76.63196,13.00396],[76.6313,12.99624],[76.63034,12.99349],[76.63286,12.99291],[76.63251,12.99161],[76.63456,12.98409],[76.63419,12.98121],[76.63147,12.98248],[76.63085,12.9792],[76.63172,12.97468],[76.6316,12.97232],[76.62959,12.97216],[76.62314,12.96665],[76.62034,12.96535],[76.61045,12.96624],[76.61071,12.96316],[76.61034,12.9595],[76.61078,12.95794],[76.61191,12.9579],[76.61279,12.95678],[76.6149,12.95602],[76.61547,12.95499],[76.61717,12.95444],[76.61774,12.95361],[76.61778,12.94496],[76.61564,12.9368],[76.61056,12.93837],[76.60579,12.93888],[76.60277,12.92303],[76.59949,12.92338],[76.596,12.92083],[76.59908,12.9056],[76.59996,12.90541],[76.59851,12.90229],[76.59543,12.89983],[76.59336,12.89458],[76.59083,12.89003],[76.591,12.88703],[76.5947,12.88282],[76.59553,12.88245],[76.59603,12.88019],[76.59026,12.87732],[76.59017,12.87663],[76.58747,12.87547],[76.58637,12.87603],[76.58378,12.87335],[76.58018,12.87287],[76.58003,12.87508],[76.5789,12.87775],[76.57931,12.8835],[76.57961,12.88445],[76.58243,12.88511],[76.58249,12.8857],[76.58324,12.8862],[76.5859,12.8873],[76.58741,12.88744],[76.58763,12.88873],[76.5865,12.8917],[76.5799,12.89576],[76.57964,12.90402],[76.57399,12.90538],[76.56803,12.90509],[76.5642,12.90084],[76.56388,12.89895],[76.55642,12.89935],[76.5563,12.89969],[76.55306,12.90022],[76.55224,12.899],[76.55129,12.89965],[76.55017,12.89969],[76.54942,12.89746],[76.54534,12.89729],[76.54296,12.89802],[76.5425,12.89859],[76.53747,12.89985],[76.53481,12.89751],[76.53445,12.89195],[76.53353,12.89518],[76.5315,12.89892],[76.53046,12.90296],[76.53152,12.90817],[76.5323,12.90924],[76.5306,12.91042],[76.53042,12.91229],[76.5315,12.91286],[76.53164,12.91376],[76.53052,12.91739],[76.53899,12.91674],[76.53842,12.91503],[76.54019,12.9149],[76.54163,12.91186],[76.54379,12.91148],[76.54949,12.90915],[76.55228,12.90941],[76.55329,12.91198],[76.55369,12.91636],[76.55573,12.92318],[76.55328,12.92294],[76.55128,12.92208],[76.54009,12.92329],[76.53797,12.92894],[76.53712,12.93536],[76.53765,12.93583],[76.53742,12.93671],[76.53908,12.94035],[76.5436,12.94109],[76.54482,12.94083],[76.54635,12.94196],[76.54627,12.9429],[76.54771,12.94324],[76.54815,12.94392],[76.54831,12.94578],[76.54736,12.94602],[76.54747,12.94744],[76.54585,12.95143],[76.54259,12.95573],[76.54378,12.95595],[76.54613,12.95977],[76.54538,12.96956],[76.54093,12.9696],[76.5413,12.9711],[76.54518,12.97101],[76.54162,12.97488],[76.5374,12.97743],[76.54443,12.97915],[76.54592,12.98001],[76.54741,12.98475],[76.54788,12.98504],[76.54763,12.98714],[76.5484,12.98984],[76.54837,12.99117],[76.5462,12.99108],[76.54632,12.99177],[76.54712,12.99169],[76.54747,12.99483],[76.54645,12.99489],[76.54633,12.99561],[76.54542,12.99566],[76.54527,12.99492],[76.54459,12.99493],[76.54426,12.99598],[76.53931,12.99638],[76.5376,12.99571],[76.53483,12.99601],[76.53126,12.99394],[76.53238,13.00515],[76.53335,13.00654],[76.53376,13.00924],[76.53372,13.01103],[76.53207,13.01167],[76.53294,13.01342],[76.53414,13.01319],[76.53475,13.01902],[76.53552,13.02115],[76.53482,13.02326],[76.53234,13.02644],[76.52873,13.02792],[76.52582,13.02824],[76.52645,13.03059],[76.52608,13.03637],[76.52536,13.03886],[76.52605,13.04634],[76.52535,13.04677],[76.52501,13.04632],[76.51869,13.0443],[76.51707,13.04175],[76.51672,13.04036],[76.51374,13.0374],[76.51046,13.03659],[76.50814,13.04145],[76.50867,13.0482],[76.50775,13.05311],[76.50864,13.05683],[76.5089,13.06322],[76.51177,13.06665],[76.51315,13.06942],[76.51549,13.06877],[76.51921,13.07133],[76.52019,13.07151],[76.52131,13.07267],[76.52266,13.07832],[76.52467,13.07874],[76.52792,13.07823],[76.52825,13.07896]]]}},{"type":"Feature","properties":{"unitId":451,"unitName":"Nuggehalli PS"},"geometry":{"type":"Polygon","coordinates":[[[76.49384,13.09458],[76.49512,13.09436],[76.4953,13.0896],[76.49627,13.08599],[76.50179,13.08123],[76.50509,13.07881],[76.50585,13.07869],[76.50616,13.07763],[76.50734,13.07724],[76.51025,13.07406],[76.51106,13.0719],[76.51068,13.07175],[76.51161,13.07074],[76.5122,13.07128],[76.51317,13.07096],[76.51549,13.06877],[76.51315,13.06942],[76.51177,13.06665],[76.5089,13.06322],[76.50864,13.05683],[76.50775,13.05311],[76.50867,13.0482],[76.50814,13.04145],[76.51046,13.03659],[76.51374,13.0374],[76.51672,13.04036],[76.51707,13.04175],[76.51869,13.0443],[76.52541,13.04675],[76.52614,13.04619],[76.52536,13.03886],[76.52634,13.03422],[76.52645,13.03059],[76.52582,13.02824],[76.52873,13.02792],[76.53234,13.02644],[76.53506,13.0228],[76.53552,13.02115],[76.53475,13.01902],[76.53414,13.01319],[76.53294,13.01342],[76.53207,13.01167],[76.53372,13.01103],[76.53376,13.00924],[76.53335,13.00654],[76.53238,13.00515],[76.53126,12.99394],[76.53483,12.99601],[76.5376,12.99571],[76.53931,12.99638],[76.54426,12.99598],[76.54459,12.99493],[76.54527,12.99492],[76.54542,12.99566],[76.54633,12.99561],[76.54645,12.99489],[76.54747,12.99483],[76.54712,12.99169],[76.54632,12.99177],[76.5462,12.99108],[76.54837,12.99117],[76.5484,12.98984],[76.54763,12.98714],[76.54788,12.98504],[76.54741,12.98475],[76.54592,12.98001],[76.54443,12.97915],[76.5374,12.97743],[76.54162,12.97488],[76.54518,12.97101],[76.5413,12.9711],[76.54093,12.9696],[76.54538,12.96956],[76.54613,12.95977],[76.54378,12.95595],[76.54259,12.95573],[76.54585,12.95143],[76.54747,12.94744],[76.54736,12.94602],[76.54831,12.94578],[76.54815,12.94392],[76.54771,12.94324],[76.54627,12.9429],[76.54635,12.94196],[76.54482,12.94083],[76.5436,12.94109],[76.53908,12.94035],[76.53741,12.93633],[76.53247,12.93594],[76.52791,12.93437],[76.52716,12.92609],[76.52654,12.92457],[76.52686,12.92307],[76.53052,12.91739],[76.52696,12.91778],[76.52209,12.91598],[76.52096,12.91694],[76.51597,12.91879],[76.51464,12.92054],[76.51251,12.92127],[76.51385,12.92717],[76.51655,12.93452],[76.51734,12.94149],[76.51161,12.94174],[76.51041,12.94066],[76.50907,12.94097],[76.5063,12.93857],[76.50467,12.93843],[76.50584,12.93577],[76.50514,12.93431],[76.50566,12.93375],[76.50471,12.92974],[76.50459,12.92557],[76.50513,12.92548],[76.50467,12.92237],[76.50505,12.92139],[76.5044,12.91978],[76.50373,12.91952],[76.50384,12.91762],[76.5034,12.91656],[76.49878,12.91605],[76.49851,12.91747],[76.49033,12.92197],[76.49352,12.93278],[76.49432,12.93658],[76.49394,12.93859],[76.48373,12.93968],[76.48348,12.94152],[76.47972,12.94098],[76.47623,12.9421],[76.47268,12.9426],[76.47341,12.94181],[76.47294,12.93723],[76.46996,12.93141],[76.45648,12.9331],[76.45309,12.92181],[76.4486,12.92002],[76.44779,12.91835],[76.44429,12.92215],[76.43906,12.92368],[76.43777,12.92458],[76.43405,12.92986],[76.43715,12.93068],[76.44017,12.93068],[76.44028,12.93194],[76.43692,12.93335],[76.4368,12.93384],[76.43728,12.93603],[76.43906,12.93768],[76.43878,12.94022],[76.44127,12.94305],[76.44201,12.94467],[76.44138,12.94456],[76.44127,12.94519],[76.44261,12.94812],[76.44368,12.94803],[76.44393,12.94839],[76.44375,12.94951],[76.44465,12.95115],[76.44939,12.95427],[76.44896,12.95613],[76.44923,12.9588],[76.44821,12.96148],[76.44846,12.96223],[76.44497,12.96973],[76.43827,12.96166],[76.43702,12.95853],[76.4357,12.95697],[76.43532,12.95398],[76.43106,12.95486],[76.43065,12.956],[76.42927,12.95626],[76.4281,12.95794],[76.42731,12.95831],[76.42728,12.95972],[76.42484,12.95929],[76.42399,12.96038],[76.42275,12.96025],[76.42121,12.96217],[76.41925,12.9616],[76.41961,12.9605],[76.41614,12.95772],[76.41584,12.95684],[76.41384,12.9586],[76.41343,12.96263],[76.41252,12.96433],[76.41179,12.96449],[76.41183,12.96596],[76.41094,12.96632],[76.41109,12.96693],[76.41029,12.96875],[76.41195,12.97807],[76.4163,12.98639],[76.41762,12.98934],[76.4173,12.98936],[76.41867,12.99091],[76.42185,13.00017],[76.42221,13.00239],[76.43599,13.00358],[76.43849,13.0048],[76.43806,13.00639],[76.4384,13.01156],[76.43785,13.01398],[76.43266,13.01489],[76.42201,13.01454],[76.41892,13.01435],[76.41831,13.01285],[76.41112,13.01467],[76.41266,13.02177],[76.41482,13.02709],[76.41548,13.03026],[76.41944,13.03234],[76.41993,13.03369],[76.42026,13.04108],[76.42233,13.0474],[76.42042,13.0546],[76.42087,13.05805],[76.42182,13.05893],[76.44045,13.05677],[76.44049,13.06436],[76.44823,13.06689],[76.45057,13.06682],[76.4516,13.0655],[76.45557,13.06595],[76.45588,13.06722],[76.45745,13.06647],[76.45999,13.06915],[76.46512,13.07023],[76.4639,13.07536],[76.46573,13.08039],[76.46468,13.08325],[76.46699,13.08336],[76.46926,13.08602],[76.47095,13.08659],[76.47235,13.09302],[76.4788,13.09141],[76.48164,13.09116],[76.48828,13.09366],[76.48943,13.09368],[76.49077,13.09463],[76.49384,13.09458]]]}},{"type":"Feature","properties":{"unitId":452,"unitName":"Shravanabelagola PS"},"geometry":{"type":"MultiPolygon","coordinates":[[[[76.52908,12.91752],[76.53052,12.91739],[76.53164,12.91376],[76.5315,12.91286],[76.53042,12.91229],[76.5306,12.91042],[76.5323,12.90924],[76.53152,12.90817],[76.53046,12.90296],[76.5315,12.89892],[76.53353,12.89518],[76.53445,12.89195],[76.53481,12.89751],[76.53747,12.89985],[76.5425,12.89859],[76.54296,12.89802],[76.54534,12.89729],[76.54942,12.89746],[76.55017,12.89969],[76.55129,12.89965],[76.55224,12.899],[76.55306,12.90022],[76.5563,12.89969],[76.55642,12.89935],[76.56388,12.89895],[76.5642,12.90084],[76.56803,12.90509],[76.57399,12.90538],[76.57964,12.90402],[76.5799,12.89576],[76.5865,12.8917],[76.58763,12.88873],[76.58741,12.88744],[76.5859,12.8873],[76.58324,12.8862],[76.58249,12.8857],[76.58243,12.88511],[76.57961,12.88445],[76.5789,12.87775],[76.58003,12.87508],[76.58008,12.87334],[76.5787,12.87341],[76.57981,12.8712],[76.57477,12.86696],[76.57478,12.86547],[76.5772,12.85861],[76.57685,12.85574],[76.57748,12.85402],[76.57714,12.84619],[76.5733,12.84708],[76.5689,12.84493],[76.5637,12.8446],[76.56032,12.84515],[76.55793,12.84607],[76.5558,12.84607],[76.55037,12.84244],[76.54671,12.84135],[76.5402,12.84202],[76.53543,12.84424],[76.53267,12.84257],[76.52039,12.8408],[76.51889,12.83699],[76.51697,12.83386],[76.51788,12.83329],[76.51836,12.82948],[76.51807,12.8268],[76.51395,12.82491],[76.51278,12.82495],[76.51175,12.82421],[76.51167,12.82352],[76.50945,12.82246],[76.50464,12.82163],[76.50189,12.82228],[76.49741,12.81338],[76.49461,12.81039],[76.49418,12.81114],[76.49149,12.80678],[76.49172,12.80549],[76.49445,12.80523],[76.49516,12.80322],[76.49286,12.79493],[76.49233,12.79504],[76.49129,12.7928],[76.49191,12.78967],[76.4903,12.78888],[76.49318,12.78217],[76.49799,12.77889],[76.4983,12.77439],[76.49776,12.77063],[76.49616,12.76868],[76.49558,12.76872],[76.49307,12.76645],[76.49271,12.76664],[76.4909,12.76521],[76.48968,12.7657],[76.48977,12.76886],[76.48894,12.76888],[76.48896,12.77072],[76.4879,12.77071],[76.48788,12.77271],[76.48909,12.77269],[76.48967,12.77559],[76.48925,12.7794],[76.48951,12.78469],[76.48815,12.7841],[76.48614,12.78416],[76.48371,12.78348],[76.47993,12.78104],[76.47969,12.7798],[76.47828,12.77983],[76.47677,12.77463],[76.47704,12.77136],[76.47626,12.77177],[76.47576,12.77089],[76.47164,12.77066],[76.46913,12.77134],[76.46838,12.77178],[76.46875,12.77288],[76.46743,12.77328],[76.46661,12.77442],[76.46528,12.77449],[76.46486,12.77516],[76.46201,12.77603],[76.45956,12.77598],[76.4569,12.77662],[76.45609,12.77981],[76.45524,12.77985],[76.45691,12.78857],[76.4611,12.78853],[76.46147,12.78976],[76.46551,12.79179],[76.46662,12.79327],[76.46871,12.79433],[76.46961,12.79697],[76.46926,12.79877],[76.46971,12.80083],[76.46789,12.80187],[76.4674,12.80419],[76.46334,12.80491],[76.46165,12.80212],[76.45679,12.80257],[76.45739,12.80646],[76.45066,12.80966],[76.4511,12.81024],[76.45073,12.81211],[76.44725,12.81457],[76.44435,12.81814],[76.44465,12.81926],[76.44514,12.81925],[76.44505,12.82134],[76.42548,12.82447],[76.42393,12.82588],[76.42226,12.83665],[76.42178,12.83845],[76.42071,12.83954],[76.42045,12.84316],[76.42145,12.84435],[76.42315,12.84447],[76.42493,12.84524],[76.42515,12.8462],[76.42574,12.84618],[76.42679,12.85412],[76.42584,12.85599],[76.42593,12.85717],[76.42537,12.85738],[76.42578,12.86229],[76.42536,12.8634],[76.42345,12.86452],[76.42089,12.86519],[76.41705,12.86502],[76.41737,12.8666],[76.42594,12.86753],[76.42768,12.86804],[76.42913,12.86926],[76.42947,12.86894],[76.43032,12.86963],[76.43054,12.87052],[76.43279,12.87046],[76.43279,12.87605],[76.43355,12.87914],[76.44242,12.88685],[76.44441,12.88785],[76.44621,12.88688],[76.4521,12.88521],[76.45413,12.88731],[76.45471,12.88866],[76.45653,12.896],[76.45807,12.89949],[76.46095,12.89967],[76.4635,12.89861],[76.46876,12.90741],[76.47744,12.90799],[76.48324,12.91312],[76.48424,12.91511],[76.48628,12.92211],[76.48878,12.92233],[76.49083,12.92329],[76.49033,12.92197],[76.49851,12.91747],[76.49878,12.91605],[76.5034,12.91656],[76.50384,12.91762],[76.50373,12.91952],[76.5044,12.91978],[76.50505,12.92139],[76.50467,12.92237],[76.50513,12.92548],[76.50459,12.92557],[76.50471,12.92974],[76.50566,12.93375],[76.50514,12.93431],[76.50584,12.93577],[76.50467,12.93843],[76.5063,12.93857],[76.50907,12.94097],[76.51041,12.94066],[76.51161,12.94174],[76.51734,12.94149],[76.51655,12.93452],[76.51385,12.92717],[76.51256,12.92119],[76.51464,12.92054],[76.51597,12.91879],[76.52096,12.91694],[76.52209,12.91598],[76.52696,12.91778],[76.52908,12.91752]]],[[[76.53052,12.91739],[76.52686,12.92307],[76.52654,12.92457],[76.52716,12.92609],[76.52791,12.93437],[76.53247,12.93594],[76.53752,12.93634],[76.53765,12.93583],[76.53712,12.93536],[76.53797,12.92894],[76.54009,12.92329],[76.55128,12.92208],[76.55328,12.92294],[76.55573,12.92318],[76.55369,12.91636],[76.55329,12.91198],[76.55228,12.90941],[76.54949,12.90915],[76.54379,12.91148],[76.54163,12.91186],[76.54019,12.9149],[76.53842,12.91503],[76.53899,12.91674],[76.53052,12.91739]]],[[[76.41077,12.86999],[76.41091,12.87028],[76.41251,12.86956],[76.41208,12.86923],[76.41077,12.86999]]]]}},{"type":"Feature","properties":{"unitId":453,"unitName":"Hallymysore PS"},"geometry":{"type":"Polygon","coordinates":[[[76.34491,12.77252],[76.35003,12.77043],[76.34795,12.76823],[76.34327,12.767],[76.34249,12.76248],[76.34364,12.75991],[76.35136,12.75235],[76.35727,12.74953],[76.35746,12.74702],[76.35504,12.74386],[76.35122,12.74211],[76.34689,12.74463],[76.34578,12.74403],[76.34655,12.7429],[76.34451,12.74217],[76.34591,12.73824],[76.34218,12.7351],[76.34065,12.73466],[76.33947,12.73311],[76.34478,12.73028],[76.34422,12.7289],[76.34421,12.72275],[76.34548,12.72136],[76.3461,12.71959],[76.34597,12.71694],[76.34692,12.71757],[76.34787,12.71706],[76.35019,12.7138],[76.35364,12.71135],[76.35665,12.71038],[76.35929,12.71144],[76.36182,12.71168],[76.3621,12.70043],[76.36277,12.69731],[76.36183,12.69618],[76.36167,12.69122],[76.35892,12.69025],[76.35969,12.68659],[76.35648,12.68516],[76.35426,12.68494],[76.35343,12.67707],[76.35361,12.67294],[76.35383,12.67206],[76.35422,12.6721],[76.35415,12.67177],[76.35278,12.672],[76.35333,12.66795],[76.34921,12.66875],[76.34203,12.65925],[76.34267,12.65477],[76.34066,12.65366],[76.33852,12.65021],[76.33879,12.64539],[76.33219,12.64342],[76.33233,12.64212],[76.33044,12.64183],[76.33013,12.64075],[76.3283,12.63884],[76.32812,12.63776],[76.32677,12.63729],[76.32264,12.63417],[76.32307,12.63254],[76.3238,12.63257],[76.32892,12.62651],[76.3284,12.62626],[76.32839,12.62102],[76.32898,12.61817],[76.32859,12.6137],[76.32808,12.61405],[76.32707,12.61003],[76.32602,12.60989],[76.32079,12.61225],[76.31763,12.6106],[76.3102,12.61057],[76.30638,12.60933],[76.30614,12.61116],[76.30654,12.61266],[76.30867,12.61728],[76.30908,12.61932],[76.30927,12.62032],[76.30859,12.62051],[76.30877,12.62115],[76.30921,12.62099],[76.30944,12.62229],[76.30837,12.62314],[76.30908,12.62337],[76.30665,12.62421],[76.30599,12.62517],[76.30483,12.62563],[76.30372,12.62175],[76.30099,12.62191],[76.30107,12.62468],[76.2995,12.62419],[76.29899,12.62488],[76.29915,12.6263],[76.29959,12.62622],[76.29985,12.62725],[76.29972,12.62886],[76.29871,12.62912],[76.29671,12.62809],[76.29564,12.62875],[76.29517,12.62719],[76.29359,12.6276],[76.29323,12.6266],[76.29223,12.62647],[76.29064,12.61874],[76.29077,12.61684],[76.28743,12.61556],[76.28285,12.61689],[76.27984,12.61715],[76.27932,12.61945],[76.27926,12.62354],[76.2815,12.63065],[76.27916,12.63115],[76.27934,12.63301],[76.27873,12.63316],[76.27803,12.63325],[76.27793,12.63201],[76.27715,12.63149],[76.27196,12.63042],[76.27035,12.62942],[76.26578,12.62856],[76.26654,12.62674],[76.26683,12.62392],[76.26546,12.61898],[76.26414,12.62024],[76.258,12.622],[76.25714,12.62203],[76.25652,12.62087],[76.25503,12.62059],[76.25328,12.62147],[76.25346,12.62353],[76.24973,12.62424],[76.24768,12.62593],[76.24572,12.62573],[76.24751,12.63184],[76.24697,12.63542],[76.24559,12.63592],[76.24391,12.63772],[76.2426,12.63835],[76.23673,12.63902],[76.23659,12.64093],[76.23114,12.64418],[76.21994,12.64439],[76.21905,12.64422],[76.21884,12.64362],[76.21806,12.64391],[76.21323,12.63925],[76.21151,12.63834],[76.20956,12.63821],[76.20836,12.63667],[76.20819,12.63497],[76.20754,12.63497],[76.20777,12.63355],[76.20677,12.63028],[76.20727,12.6291],[76.21298,12.6275],[76.21645,12.62531],[76.21351,12.61672],[76.20601,12.61639],[76.20435,12.61476],[76.20289,12.61241],[76.20135,12.60969],[76.2009,12.60826],[76.20105,12.60681],[76.20048,12.60568],[76.19912,12.60439],[76.19539,12.59862],[76.19394,12.59538],[76.1922,12.59358],[76.19216,12.59227],[76.19001,12.59383],[76.19183,12.59825],[76.19324,12.59871],[76.19283,12.59879],[76.19139,12.60207],[76.19068,12.60664],[76.19019,12.60824],[76.18961,12.60809],[76.18965,12.60892],[76.19006,12.60892],[76.18879,12.61089],[76.1888,12.61253],[76.1868,12.61229],[76.18665,12.61141],[76.18718,12.61074],[76.18578,12.61132],[76.18578,12.61242],[76.18123,12.61387],[76.18151,12.61267],[76.18344,12.6122],[76.183,12.61093],[76.18135,12.61112],[76.18194,12.6082],[76.17738,12.60768],[76.17765,12.61047],[76.17695,12.61059],[76.1772,12.61206],[76.17551,12.61292],[76.17635,12.61709],[76.1759,12.61712],[76.17566,12.61845],[76.17586,12.62043],[76.17217,12.62108],[76.1722,12.62147],[76.17151,12.62168],[76.17164,12.62284],[76.16998,12.62304],[76.16993,12.62507],[76.16923,12.62522],[76.16974,12.62885],[76.16901,12.62903],[76.1692,12.63259],[76.17036,12.63498],[76.16812,12.63373],[76.16303,12.63416],[76.16291,12.6365],[76.16159,12.63791],[76.16127,12.63918],[76.16166,12.64277],[76.16085,12.6428],[76.1599,12.64396],[76.1593,12.64623],[76.15893,12.64865],[76.15925,12.64997],[76.16382,12.64939],[76.16544,12.64959],[76.16609,12.65032],[76.16805,12.65026],[76.1687,12.65306],[76.16553,12.65582],[76.16575,12.65864],[76.1632,12.66114],[76.16248,12.66464],[76.16296,12.67113],[76.16133,12.68043],[76.16076,12.68171],[76.15746,12.6849],[76.15606,12.68555],[76.15745,12.68943],[76.15692,12.68959],[76.15737,12.69285],[76.15643,12.69811],[76.15689,12.70255],[76.15498,12.70343],[76.1555,12.70637],[76.15479,12.70897],[76.15456,12.71243],[76.15659,12.71294],[76.15674,12.71345],[76.15931,12.71448],[76.16029,12.71431],[76.16058,12.71833],[76.15993,12.71836],[76.15991,12.71914],[76.15715,12.72022],[76.15726,12.72985],[76.15897,12.73012],[76.15876,12.73287],[76.15927,12.73309],[76.1594,12.73443],[76.16042,12.73544],[76.1612,12.73886],[76.16201,12.73977],[76.1629,12.73973],[76.16425,12.74082],[76.16369,12.74832],[76.16302,12.75037],[76.16635,12.75175],[76.17145,12.75183],[76.17457,12.75125],[76.17515,12.75082],[76.17491,12.74933],[76.17803,12.74823],[76.17979,12.75045],[76.18188,12.74924],[76.1842,12.74906],[76.18398,12.74511],[76.18704,12.7387],[76.19093,12.73798],[76.19192,12.74056],[76.20104,12.74107],[76.20346,12.74059],[76.2056,12.73741],[76.20992,12.73611],[76.21198,12.73613],[76.21062,12.73468],[76.21011,12.73213],[76.20855,12.72973],[76.20772,12.72421],[76.20876,12.72275],[76.21216,12.721],[76.21288,12.71906],[76.21319,12.71906],[76.21317,12.72042],[76.21873,12.72088],[76.21897,12.7217],[76.22369,12.72079],[76.2246,12.72283],[76.22826,12.72483],[76.23164,12.72283],[76.23482,12.7223],[76.2395,12.72444],[76.24142,12.72483],[76.2423,12.72417],[76.24284,12.72175],[76.24196,12.71638],[76.24528,12.71659],[76.25033,12.71606],[76.25383,12.71659],[76.25489,12.71722],[76.25631,12.71653],[76.25752,12.7168],[76.26039,12.71606],[76.2615,12.71626],[76.26191,12.71748],[76.26149,12.71993],[76.2607,12.71986],[76.25998,12.72099],[76.25839,12.72589],[76.25791,12.72985],[76.25842,12.73182],[76.25782,12.73196],[76.25855,12.73547],[76.26071,12.73578],[76.26081,12.73737],[76.26219,12.73794],[76.26709,12.73587],[76.27051,12.73645],[76.27216,12.73722],[76.2732,12.73845],[76.27589,12.73891],[76.27632,12.7414],[76.28654,12.74507],[76.28857,12.7477],[76.28951,12.74285],[76.29075,12.73955],[76.29648,12.73884],[76.29978,12.74312],[76.30319,12.75583],[76.30702,12.763],[76.3055,12.77021],[76.30581,12.77133],[76.30698,12.77233],[76.31345,12.77417],[76.31938,12.774],[76.32341,12.77329],[76.32717,12.77176],[76.32959,12.77135],[76.33452,12.77371],[76.33839,12.7747],[76.34145,12.77423],[76.34491,12.77252]]]}},{"type":"Feature","properties":{"unitId":454,"unitName":"Holenarasipura Rural PS"},"geometry":{"type":"Polygon","coordinates":[[[76.22979,12.9431],[76.23365,12.942],[76.23741,12.94164],[76.23758,12.94005],[76.23831,12.93934],[76.23797,12.93686],[76.23832,12.93689],[76.23825,12.93574],[76.23913,12.93455],[76.23831,12.9345],[76.23804,12.9337],[76.23849,12.93324],[76.23882,12.93362],[76.24054,12.93352],[76.24112,12.9332],[76.24044,12.93245],[76.24173,12.93252],[76.24174,12.93285],[76.24534,12.9323],[76.2451,12.92506],[76.24797,12.92776],[76.24879,12.92739],[76.24909,12.92644],[76.24975,12.92636],[76.25072,12.92858],[76.25465,12.92761],[76.25443,12.92933],[76.25793,12.93064],[76.25868,12.93048],[76.25879,12.93221],[76.25772,12.93217],[76.25598,12.93381],[76.25683,12.93683],[76.25647,12.93861],[76.25951,12.93807],[76.26016,12.93838],[76.26104,12.93102],[76.26066,12.92912],[76.26132,12.92903],[76.26115,12.92771],[76.26258,12.92732],[76.26253,12.92688],[76.26626,12.92624],[76.26631,12.92463],[76.26682,12.92458],[76.26715,12.92554],[76.26862,12.92513],[76.26839,12.92424],[76.27009,12.9241],[76.26932,12.92112],[76.27267,12.92042],[76.2732,12.92088],[76.28121,12.91881],[76.27977,12.91504],[76.27971,12.91336],[76.27271,12.91624],[76.26942,12.91848],[76.26722,12.91738],[76.26535,12.91777],[76.26414,12.91731],[76.263,12.91794],[76.26132,12.91574],[76.26097,12.91324],[76.26189,12.91316],[76.26527,12.91132],[76.2664,12.91123],[76.26614,12.91027],[76.26728,12.90985],[76.26788,12.91064],[76.26866,12.91066],[76.27421,12.90854],[76.28064,12.90829],[76.27995,12.89878],[76.28351,12.89827],[76.28744,12.89858],[76.29012,12.89764],[76.29246,12.89827],[76.29294,12.89718],[76.29429,12.89664],[76.29959,12.89642],[76.30659,12.89816],[76.30992,12.89599],[76.31266,12.89152],[76.31425,12.89165],[76.31645,12.89052],[76.31801,12.88399],[76.32295,12.87981],[76.32175,12.87939],[76.32101,12.87527],[76.3178,12.87272],[76.31169,12.87252],[76.31127,12.87339],[76.3098,12.87392],[76.30445,12.87468],[76.30506,12.87123],[76.30489,12.86964],[76.30443,12.86959],[76.30461,12.86732],[76.30422,12.86547],[76.30312,12.86459],[76.30431,12.86325],[76.30288,12.86211],[76.30364,12.86073],[76.3035,12.85382],[76.3015,12.84749],[76.29594,12.84649],[76.29573,12.84296],[76.29455,12.8396],[76.29592,12.83902],[76.2981,12.84004],[76.29978,12.83886],[76.30408,12.83907],[76.30511,12.83565],[76.3062,12.83475],[76.30672,12.83306],[76.30768,12.83189],[76.30901,12.83093],[76.30732,12.82827],[76.30778,12.82657],[76.30964,12.82668],[76.30977,12.82632],[76.30733,12.82502],[76.30776,12.82376],[76.30437,12.82334],[76.30288,12.82187],[76.30171,12.82147],[76.29836,12.82256],[76.29555,12.82271],[76.29202,12.81779],[76.2868,12.81569],[76.28383,12.81319],[76.27836,12.81227],[76.27596,12.81245],[76.27348,12.81347],[76.26779,12.81477],[76.26666,12.81564],[76.26616,12.81673],[76.26719,12.82405],[76.26681,12.82536],[76.26606,12.82601],[76.26499,12.82637],[76.26348,12.82598],[76.26055,12.82646],[76.25883,12.82616],[76.25535,12.82421],[76.25201,12.82352],[76.25119,12.82074],[76.25106,12.81694],[76.25155,12.81497],[76.252,12.81333],[76.25418,12.81066],[76.25478,12.80869],[76.25431,12.80481],[76.25631,12.80093],[76.25918,12.79803],[76.25904,12.79683],[76.25562,12.79382],[76.25272,12.79361],[76.24878,12.7954],[76.24712,12.79723],[76.24551,12.79763],[76.24321,12.79618],[76.23741,12.78565],[76.23626,12.7852],[76.22928,12.7847],[76.22856,12.78492],[76.2274,12.78658],[76.22757,12.79166],[76.22843,12.79484],[76.23196,12.79945],[76.23211,12.80102],[76.23134,12.80247],[76.2285,12.80251],[76.22683,12.80169],[76.22429,12.79699],[76.22073,12.79365],[76.21963,12.79299],[76.21827,12.79314],[76.21728,12.79382],[76.21697,12.79468],[76.21638,12.7994],[76.21033,12.80646],[76.20894,12.80988],[76.20772,12.81045],[76.2019,12.81005],[76.20054,12.81067],[76.20073,12.80946],[76.20033,12.80921],[76.19725,12.81122],[76.19627,12.81137],[76.19521,12.81082],[76.1953,12.81127],[76.19207,12.81194],[76.1881,12.81076],[76.18776,12.81146],[76.18476,12.81117],[76.18211,12.81419],[76.18195,12.81582],[76.18413,12.82192],[76.18344,12.82404],[76.18125,12.8248],[76.1798,12.82467],[76.17737,12.8234],[76.17483,12.82316],[76.17411,12.82437],[76.17349,12.82923],[76.17265,12.83136],[76.17027,12.83328],[76.16737,12.83424],[76.16467,12.83443],[76.15472,12.83427],[76.14975,12.83563],[76.14853,12.8377],[76.14825,12.8399],[76.14738,12.84072],[76.14763,12.84118],[76.14694,12.84254],[76.1467,12.84484],[76.14594,12.84633],[76.14634,12.85103],[76.14573,12.86452],[76.15388,12.8653],[76.16485,12.86866],[76.16696,12.87035],[76.16625,12.87476],[76.17429,12.8747],[76.17581,12.87341],[76.1835,12.87653],[76.18688,12.86927],[76.18901,12.86681],[76.19529,12.86808],[76.19576,12.86752],[76.20109,12.86551],[76.20321,12.86658],[76.20554,12.86648],[76.20298,12.8622],[76.20879,12.85628],[76.21328,12.85446],[76.21374,12.86757],[76.21269,12.86755],[76.21186,12.88014],[76.20998,12.88601],[76.21075,12.88597],[76.21112,12.89081],[76.21066,12.89185],[76.211,12.90461],[76.21164,12.90435],[76.212,12.90842],[76.21359,12.91132],[76.2125,12.91315],[76.21226,12.91635],[76.21281,12.91755],[76.21563,12.92022],[76.2146,12.9233],[76.21637,12.92514],[76.21806,12.93085],[76.22194,12.93567],[76.2239,12.93922],[76.22437,12.9393],[76.2251,12.94293],[76.22979,12.9431]]]}},{"type":"Feature","properties":{"unitId":455,"unitName":"Holenarasipura Town PS"},"geometry":{"type":"Polygon","coordinates":[[[76.34351,12.83842],[76.34583,12.83785],[76.35098,12.83891],[76.35561,12.83879],[76.36345,12.83716],[76.3687,12.83223],[76.37044,12.82923],[76.36752,12.82499],[76.3672,12.82282],[76.368,12.82053],[76.3702,12.81735],[76.37087,12.81522],[76.37076,12.81161],[76.3696,12.80971],[76.36798,12.80831],[76.36255,12.80927],[76.35922,12.809],[76.35443,12.8094],[76.3512,12.80861],[76.34775,12.8095],[76.34494,12.81095],[76.34381,12.81204],[76.33992,12.81162],[76.33676,12.81247],[76.33187,12.81192],[76.33016,12.80865],[76.32989,12.8036],[76.33023,12.80107],[76.332,12.79556],[76.33436,12.79083],[76.33487,12.78774],[76.33574,12.78646],[76.33814,12.78564],[76.34854,12.78676],[76.34958,12.7861],[76.35009,12.78485],[76.34868,12.78206],[76.34801,12.77819],[76.34947,12.77609],[76.35055,12.77337],[76.35003,12.77043],[76.34145,12.77423],[76.33839,12.7747],[76.33452,12.77371],[76.32959,12.77135],[76.32717,12.77176],[76.32341,12.77329],[76.31938,12.774],[76.31345,12.77417],[76.30779,12.77286],[76.30581,12.77133],[76.3055,12.77021],[76.30702,12.763],[76.30319,12.75583],[76.29978,12.74312],[76.29648,12.73884],[76.29075,12.73955],[76.28951,12.74285],[76.28857,12.7477],[76.28654,12.74507],[76.27632,12.7414],[76.27589,12.73891],[76.2732,12.73845],[76.27216,12.73722],[76.27051,12.73645],[76.26709,12.73587],[76.26219,12.73794],[76.26081,12.73737],[76.26071,12.73578],[76.25855,12.73547],[76.25782,12.73196],[76.25842,12.73182],[76.25802,12.72831],[76.25984,12.7213],[76.2607,12.71986],[76.26149,12.71993],[76.26191,12.71748],[76.2615,12.71626],[76.26039,12.71606],[76.25752,12.7168],[76.25631,12.71653],[76.25489,12.71722],[76.25383,12.71659],[76.25033,12.71606],[76.24528,12.71659],[76.24196,12.71638],[76.24284,12.72175],[76.2423,12.72417],[76.24142,12.72483],[76.2395,12.72444],[76.23482,12.7223],[76.23164,12.72283],[76.22826,12.72483],[76.2246,12.72283],[76.22369,12.72079],[76.21897,12.7217],[76.21873,12.72088],[76.21317,12.72042],[76.21319,12.71906],[76.21288,12.71906],[76.21216,12.721],[76.20876,12.72275],[76.20772,12.72421],[76.20855,12.72973],[76.21011,12.73213],[76.21062,12.73468],[76.21198,12.73613],[76.20992,12.73611],[76.2056,12.73741],[76.20346,12.74059],[76.20104,12.74107],[76.19192,12.74056],[76.19093,12.73798],[76.18704,12.7387],[76.18398,12.74511],[76.1842,12.74906],[76.18188,12.74924],[76.17979,12.75045],[76.17803,12.74823],[76.17734,12.74832],[76.17491,12.74933],[76.17515,12.75082],[76.17457,12.75125],[76.16924,12.75199],[76.16635,12.75175],[76.16302,12.75037],[76.16106,12.75215],[76.16057,12.75345],[76.15875,12.75376],[76.15734,12.75637],[76.15734,12.75891],[76.16126,12.7591],[76.16292,12.75837],[76.163,12.75881],[76.16454,12.75914],[76.16666,12.76057],[76.16666,12.76112],[76.16771,12.76095],[76.16794,12.76391],[76.17018,12.76427],[76.17057,12.76779],[76.1696,12.76973],[76.16732,12.77042],[76.16676,12.77072],[76.16691,12.77153],[76.16529,12.77156],[76.16442,12.77233],[76.16336,12.77251],[76.16197,12.772],[76.16119,12.77473],[76.16169,12.78312],[76.16276,12.78411],[76.16501,12.785],[76.16607,12.78538],[76.16686,12.78509],[76.16696,12.78611],[76.16987,12.78602],[76.17136,12.78689],[76.17212,12.79571],[76.17117,12.79971],[76.16669,12.80038],[76.16555,12.8049],[76.16418,12.81844],[76.16259,12.82268],[76.15767,12.82615],[76.15591,12.82547],[76.15476,12.82566],[76.15397,12.83156],[76.15472,12.83427],[76.16467,12.83443],[76.16737,12.83424],[76.17027,12.83328],[76.17265,12.83136],[76.17349,12.82923],[76.17411,12.82437],[76.17483,12.82316],[76.17737,12.8234],[76.1798,12.82467],[76.18125,12.8248],[76.18344,12.82404],[76.18413,12.82192],[76.18195,12.81582],[76.18211,12.81419],[76.18476,12.81117],[76.18776,12.81146],[76.1881,12.81076],[76.19207,12.81194],[76.1953,12.81127],[76.19521,12.81082],[76.19627,12.81137],[76.19725,12.81122],[76.20033,12.80921],[76.20073,12.80946],[76.20054,12.81067],[76.2019,12.81005],[76.20772,12.81045],[76.20894,12.80988],[76.21033,12.80646],[76.21638,12.7994],[76.21697,12.79468],[76.21728,12.79382],[76.21827,12.79314],[76.21963,12.79299],[76.22073,12.79365],[76.22429,12.79699],[76.22683,12.80169],[76.2285,12.80251],[76.23134,12.80247],[76.23211,12.80102],[76.23196,12.79945],[76.22843,12.79484],[76.22757,12.79166],[76.2274,12.78658],[76.22856,12.78492],[76.22928,12.7847],[76.23626,12.7852],[76.23741,12.78565],[76.24321,12.79618],[76.24551,12.79763],[76.24712,12.79723],[76.24878,12.7954],[76.25272,12.79361],[76.25562,12.79382],[76.25904,12.79683],[76.25918,12.79803],[76.25631,12.80093],[76.25431,12.80481],[76.25478,12.80869],[76.25418,12.81066],[76.252,12.81333],[76.25155,12.81497],[76.25106,12.81694],[76.25119,12.82074],[76.25201,12.82352],[76.25535,12.82421],[76.25883,12.82616],[76.26055,12.82646],[76.26348,12.82598],[76.26499,12.82637],[76.26606,12.82601],[76.26681,12.82536],[76.26719,12.82405],[76.26616,12.81673],[76.26666,12.81564],[76.26779,12.81477],[76.27348,12.81347],[76.27596,12.81245],[76.27836,12.81227],[76.28383,12.81319],[76.2868,12.81569],[76.29202,12.81779],[76.29555,12.82271],[76.29836,12.82256],[76.30171,12.82147],[76.30288,12.82187],[76.30437,12.82334],[76.31723,12.8257],[76.3192,12.82733],[76.31941,12.82843],[76.31837,12.83197],[76.31966,12.84147],[76.32093,12.84342],[76.32458,12.84465],[76.3264,12.84626],[76.32719,12.84796],[76.32678,12.84985],[76.32518,12.85185],[76.32431,12.85394],[76.32456,12.85546],[76.32519,12.85627],[76.32653,12.85618],[76.33303,12.8523],[76.3337,12.84927],[76.33527,12.84672],[76.33896,12.84433],[76.34175,12.83927],[76.34351,12.83842]]]}},{"type":"Feature","properties":{"unitId":456,"unitName":"Alur PS"},"geometry":{"type":"MultiPolygon","coordinates":[[[[75.91859,13.06738],[75.91919,13.06724],[75.92054,13.06797],[75.9267,13.06681],[75.93134,13.06684],[75.9364,13.06213],[75.93762,13.06211],[75.93834,13.0611],[75.94035,13.06087],[75.93973,13.05926],[75.94143,13.05859],[75.9409,13.05752],[75.94338,13.05436],[75.94477,13.05132],[75.94416,13.05007],[75.94575,13.04911],[75.94606,13.0481],[75.94727,13.04704],[75.94799,13.04464],[75.95111,13.0441],[75.95564,13.04741],[75.95604,13.04947],[75.95679,13.05068],[75.95861,13.05164],[75.95873,13.05307],[75.95986,13.0539],[75.96003,13.0549],[75.96078,13.05529],[75.96133,13.05647],[75.96241,13.05717],[75.96491,13.05492],[75.96768,13.05135],[75.97123,13.04832],[75.97373,13.04323],[75.97597,13.04021],[75.97803,13.03833],[75.9798,13.03517],[75.98236,13.03196],[75.98781,13.03347],[75.98959,13.03452],[75.9905,13.03584],[75.99329,13.03695],[75.99449,13.03889],[75.99828,13.03864],[75.9999,13.03266],[76.00125,13.03126],[76.00522,13.03073],[76.00551,13.02991],[76.00635,13.02968],[76.0086,13.02983],[76.01101,13.03125],[76.01605,13.03548],[76.01589,13.03707],[76.0164,13.03702],[76.01699,13.03573],[76.01722,13.03608],[76.01911,13.03609],[76.01917,13.03506],[76.01984,13.03473],[76.0207,13.0319],[76.02029,13.03016],[76.0209,13.02445],[76.02182,13.02252],[76.02418,13.01396],[76.03431,13.01238],[76.03791,13.01504],[76.04086,13.00354],[76.04037,13.00226],[76.03751,13.00134],[76.03811,12.9953],[76.03884,12.99458],[76.03136,12.98944],[76.03236,12.98839],[76.03229,12.9856],[76.03337,12.98558],[76.03365,12.98507],[76.03359,12.98333],[76.02647,12.97824],[76.02592,12.97199],[76.0263,12.97064],[76.0325,12.97142],[76.03589,12.96859],[76.03871,12.96804],[76.04267,12.96867],[76.04792,12.96861],[76.04962,12.96912],[76.05013,12.96746],[76.05107,12.96631],[76.05669,12.96683],[76.05767,12.96666],[76.05844,12.96587],[76.05838,12.96432],[76.05587,12.96199],[76.05513,12.96034],[76.05526,12.95882],[76.05282,12.95892],[76.04815,12.96052],[76.04497,12.96105],[76.04529,12.95742],[76.04427,12.95655],[76.04354,12.95014],[76.04221,12.94904],[76.04181,12.94966],[76.04022,12.94902],[76.04072,12.94674],[76.03884,12.94644],[76.0386,12.94507],[76.04247,12.94341],[76.04146,12.93854],[76.03968,12.93486],[76.04025,12.93311],[76.03965,12.93169],[76.03611,12.93076],[76.03429,12.92955],[76.03453,12.92679],[76.03375,12.92605],[76.03246,12.92579],[76.03171,12.92596],[76.03006,12.92825],[76.02742,12.9287],[76.02681,12.93071],[76.02581,12.93121],[76.0247,12.93151],[76.02247,12.93066],[76.02325,12.92676],[76.02452,12.92435],[76.02572,12.91718],[76.02413,12.90996],[76.01789,12.90396],[76.01881,12.89998],[76.01858,12.89823],[76.01816,12.89776],[76.01593,12.90007],[76.0149,12.90233],[76.01514,12.90431],[76.01472,12.90435],[76.01393,12.90613],[76.01213,12.90739],[76.01116,12.90739],[76.00901,12.90371],[76.00505,12.8991],[76.00369,12.89832],[75.9992,12.89825],[75.99791,12.89725],[75.99764,12.89645],[75.99813,12.89556],[76.00349,12.8942],[76.00451,12.89293],[76.00356,12.89073],[75.99892,12.89193],[75.99724,12.89113],[75.9965,12.89018],[75.99673,12.88907],[75.999,12.8862],[75.99899,12.88313],[76.00112,12.88154],[76.00577,12.87674],[76.00802,12.87082],[76.00908,12.86939],[76.01517,12.8672],[76.01922,12.8671],[76.02552,12.86527],[76.02629,12.86464],[76.02743,12.86107],[76.02581,12.85491],[76.02413,12.85208],[76.02414,12.85119],[76.02466,12.8508],[76.0271,12.85139],[76.02797,12.85319],[76.02883,12.85374],[76.0302,12.85292],[76.03052,12.85203],[76.02877,12.84889],[76.02925,12.8484],[76.03379,12.84782],[76.03668,12.84839],[76.03898,12.84821],[76.0411,12.84931],[76.04209,12.85053],[76.04182,12.85146],[76.04254,12.85396],[76.04716,12.85258],[76.04913,12.85135],[76.04834,12.84687],[76.04712,12.84494],[76.04889,12.84011],[76.04885,12.83857],[76.04808,12.8377],[76.04594,12.83707],[76.04497,12.83553],[76.04701,12.8318],[76.04678,12.82664],[76.04843,12.82463],[76.04953,12.82452],[76.04903,12.8199],[76.0479,12.8192],[76.03998,12.81826],[76.03575,12.81612],[76.03382,12.81347],[76.03222,12.81228],[76.02287,12.80967],[76.02154,12.80874],[76.02036,12.80612],[76.01934,12.80502],[76.01064,12.80411],[76.00397,12.80189],[75.99656,12.8004],[75.99344,12.80109],[75.99162,12.80228],[75.9901,12.80502],[75.98917,12.80558],[75.98528,12.80561],[75.9786,12.80333],[75.97617,12.80353],[75.97578,12.80274],[75.97455,12.80262],[75.97258,12.80248],[75.96566,12.80388],[75.96329,12.80292],[75.95619,12.80182],[75.95517,12.8002],[75.94959,12.79908],[75.94847,12.80042],[75.94816,12.80558],[75.94566,12.80733],[75.94206,12.80595],[75.93456,12.80664],[75.92992,12.80569],[75.92834,12.80669],[75.92681,12.80958],[75.92473,12.81102],[75.92522,12.81597],[75.92686,12.82166],[75.92169,12.82441],[75.91962,12.82766],[75.91753,12.82691],[75.9177,12.82397],[75.91914,12.82082],[75.91876,12.82011],[75.91601,12.81771],[75.91264,12.81626],[75.90917,12.81589],[75.90821,12.81673],[75.90459,12.81705],[75.90219,12.8185],[75.90126,12.8197],[75.89999,12.82784],[75.89731,12.82853],[75.89369,12.82789],[75.88082,12.83344],[75.87897,12.83273],[75.87547,12.82945],[75.87696,12.82903],[75.87797,12.82815],[75.87824,12.82624],[75.87764,12.82413],[75.87549,12.82261],[75.86633,12.82029],[75.86353,12.81812],[75.86355,12.81757],[75.85351,12.81998],[75.85183,12.82146],[75.85294,12.82159],[75.85481,12.82894],[75.85376,12.83252],[75.85261,12.83345],[75.84902,12.83317],[75.8481,12.83799],[75.84493,12.83999],[75.84123,12.84341],[75.84094,12.84405],[75.84272,12.84623],[75.84274,12.84812],[75.8378,12.85543],[75.83642,12.85604],[75.83396,12.85598],[75.83259,12.85389],[75.83182,12.85365],[75.83131,12.85437],[75.83207,12.8585],[75.83137,12.86416],[75.82717,12.86822],[75.82512,12.87348],[75.82359,12.87533],[75.8237,12.87827],[75.8246,12.87821],[75.82499,12.8788],[75.82949,12.88009],[75.83097,12.87925],[75.82966,12.88088],[75.83012,12.88111],[75.83705,12.88147],[75.83851,12.88042],[75.83666,12.87476],[75.84764,12.87342],[75.84922,12.87403],[75.85175,12.87619],[75.85683,12.87595],[75.85655,12.87933],[75.85799,12.88122],[75.86118,12.88776],[75.86213,12.89066],[75.86273,12.89492],[75.86461,12.8985],[75.86494,12.9022],[75.86598,12.90432],[75.87187,12.90855],[75.87249,12.90922],[75.87267,12.91116],[75.88109,12.91098],[75.88966,12.91151],[75.89331,12.91974],[75.89595,12.92385],[75.89919,12.9276],[75.90136,12.92773],[75.9028,12.92891],[75.90159,12.92994],[75.90297,12.93315],[75.90281,12.93626],[75.90683,12.93997],[75.91013,12.94163],[75.90933,12.94397],[75.90666,12.9455],[75.90544,12.94845],[75.9072,12.95251],[75.90776,12.9529],[75.90772,12.95489],[75.907,12.9556],[75.90725,12.95604],[75.89753,12.96311],[75.89664,12.96879],[75.8977,12.97311],[75.89898,12.97432],[75.89868,12.97572],[75.89641,12.97598],[75.89538,12.97701],[75.89315,12.97683],[75.8916,12.97813],[75.89182,12.97934],[75.88795,12.97887],[75.88694,12.98045],[75.88671,12.98239],[75.88278,12.98298],[75.88261,12.98433],[75.88336,12.98726],[75.8819,12.98682],[75.88051,12.99215],[75.87732,12.99494],[75.87963,12.99826],[75.87983,13.00193],[75.88104,13.00297],[75.87842,13.00736],[75.87677,13.00888],[75.87911,13.01098],[75.88145,13.01438],[75.88294,13.01445],[75.88378,13.0136],[75.88664,13.01275],[75.88711,13.01219],[75.88677,13.00848],[75.8903,13.00434],[75.89113,13.00455],[75.89203,13.00338],[75.89442,13.0028],[75.89558,13.00323],[75.89614,13.00264],[75.89733,13.00266],[75.89789,13.00358],[75.89851,13.00336],[75.89915,13.00499],[75.90325,13.00492],[75.90461,13.00662],[75.90368,13.00738],[75.90053,13.00539],[75.90146,13.01207],[75.90252,13.01492],[75.89418,13.01737],[75.89391,13.01992],[75.89441,13.02322],[75.89367,13.02357],[75.89346,13.02433],[75.89089,13.02464],[75.89009,13.0257],[75.89199,13.02664],[75.89365,13.02929],[75.89641,13.02764],[75.90519,13.02984],[75.90457,13.03072],[75.90475,13.03204],[75.90554,13.03354],[75.90597,13.03689],[75.90655,13.03701],[75.9071,13.03835],[75.90628,13.0399],[75.90709,13.04009],[75.90758,13.04109],[75.90658,13.04204],[75.90715,13.04215],[75.90731,13.04312],[75.90932,13.04314],[75.9096,13.04504],[75.91525,13.04554],[75.91699,13.04715],[75.91792,13.05331],[75.91882,13.05313],[75.91945,13.05842],[75.91403,13.06015],[75.91233,13.06126],[75.91292,13.06305],[75.91428,13.06378],[75.91528,13.06595],[75.91515,13.06778],[75.91602,13.06902],[75.91678,13.06915],[75.91859,13.06738]]],[[[75.89022,13.02522],[75.89001,13.02551],[75.89022,13.02522]]]]}},{"type":"Feature","properties":{"unitId":457,"unitName":"Sakaleshpura Rural PS"},"geometry":{"type":"MultiPolygon","coordinates":[[[[75.6957,13.04487],[75.69611,13.03928],[75.69675,13.0369],[75.69918,13.03585],[75.70156,13.03557],[75.70614,13.03584],[75.70916,13.0371],[75.71008,13.03704],[75.71205,13.03401],[75.71391,13.03389],[75.71567,13.03284],[75.71687,13.03089],[75.72286,13.031],[75.72498,13.03154],[75.72512,13.03196],[75.72541,13.03169],[75.7238,13.02973],[75.72351,13.02819],[75.72472,13.02534],[75.72712,13.02424],[75.72799,13.02298],[75.72596,13.02117],[75.72539,13.01892],[75.73062,13.01771],[75.73302,13.01478],[75.73343,13.01349],[75.73644,13.01093],[75.73664,13.00957],[75.73517,13.00559],[75.73527,13.00479],[75.7369,13.00316],[75.7414,13.00154],[75.74187,13.00075],[75.74033,12.99778],[75.74066,12.99423],[75.74204,12.99318],[75.74593,12.99535],[75.74666,12.99464],[75.74573,12.99154],[75.75004,12.98852],[75.75323,12.98243],[75.7582,12.97955],[75.75795,12.97912],[75.75835,12.97869],[75.75661,12.97718],[75.75412,12.97663],[75.75135,12.97459],[75.75022,12.97463],[75.7479,12.97341],[75.74751,12.9719],[75.7452,12.96997],[75.74565,12.96659],[75.74294,12.96458],[75.74308,12.96268],[75.74255,12.9616],[75.74038,12.96115],[75.74355,12.95617],[75.74325,12.95546],[75.74067,12.9537],[75.73974,12.95232],[75.73761,12.95143],[75.73555,12.94948],[75.73452,12.94891],[75.73028,12.94816],[75.73045,12.94749],[75.72915,12.94703],[75.72842,12.94578],[75.72755,12.94627],[75.72709,12.94513],[75.72813,12.94291],[75.72554,12.94259],[75.72476,12.94089],[75.72411,12.94121],[75.72355,12.94074],[75.72292,12.94176],[75.72075,12.94228],[75.72034,12.94173],[75.71849,12.94126],[75.71818,12.93961],[75.71691,12.9385],[75.71378,12.93945],[75.71194,12.93935],[75.71153,12.93738],[75.70759,12.93904],[75.7063,12.93908],[75.70444,12.93768],[75.70097,12.93884],[75.69762,12.93539],[75.69218,12.92433],[75.68986,12.92357],[75.68908,12.9245],[75.6853,12.9247],[75.67753,12.92626],[75.67485,12.91501],[75.69031,12.92028],[75.69091,12.91809],[75.69161,12.91778],[75.69135,12.91276],[75.69288,12.91048],[75.69484,12.91036],[75.6973,12.91251],[75.70003,12.91231],[75.7002,12.90328],[75.69882,12.90339],[75.69705,12.90238],[75.69449,12.90398],[75.69426,12.90584],[75.6926,12.90593],[75.69199,12.90687],[75.68782,12.90668],[75.68624,12.90789],[75.68624,12.89976],[75.69272,12.89793],[75.6973,12.89906],[75.70099,12.8854],[75.68871,12.8594],[75.67767,12.85744],[75.67763,12.85699],[75.67275,12.85665],[75.66159,12.87032],[75.63989,12.88583],[75.63989,12.88522],[75.63084,12.87799],[75.61757,12.8682],[75.62099,12.85569],[75.61948,12.85571],[75.61896,12.8569],[75.61788,12.85658],[75.6151,12.85702],[75.61245,12.85868],[75.60909,12.8617],[75.60739,12.86474],[75.60371,12.86452],[75.60067,12.86829],[75.60043,12.87057],[75.60175,12.87363],[75.60094,12.87419],[75.59253,12.87466],[75.58505,12.87275],[75.5778,12.87278],[75.57438,12.87074],[75.56463,12.86715],[75.56204,12.86777],[75.56126,12.86836],[75.56097,12.8699],[75.55363,12.86945],[75.55344,12.87108],[75.55194,12.87254],[75.55107,12.8744],[75.55147,12.87846],[75.55108,12.88497],[75.55164,12.88879],[75.5509,12.89047],[75.54782,12.89352],[75.5473,12.89481],[75.54711,12.89924],[75.54531,12.90186],[75.54486,12.90435],[75.54636,12.90581],[75.55729,12.91324],[75.56602,12.92482],[75.57134,12.93012],[75.57225,12.93409],[75.5732,12.93531],[75.57817,12.93838],[75.58487,12.94096],[75.5856,12.94058],[75.59513,12.94428],[75.60285,12.95766],[75.60222,12.96439],[75.60586,12.97343],[75.60712,12.97431],[75.60922,12.98117],[75.61543,12.98829],[75.61952,12.99105],[75.62243,12.99644],[75.62456,13.00137],[75.62427,13.00172],[75.64724,13.02735],[75.6499,13.02627],[75.65138,13.02719],[75.652,13.02817],[75.6562,13.02927],[75.65709,13.02481],[75.65908,13.02528],[75.65953,13.02486],[75.66165,13.02534],[75.66211,13.02931],[75.6638,13.03005],[75.66472,13.03138],[75.66568,13.03146],[75.6663,13.03125],[75.66681,13.03],[75.66977,13.02996],[75.67062,13.03058],[75.67057,13.02946],[75.67268,13.02972],[75.67316,13.02673],[75.67395,13.02598],[75.67379,13.02526],[75.6741,13.02467],[75.67441,13.0252],[75.67487,13.02495],[75.6749,13.02814],[75.67386,13.02977],[75.67878,13.03183],[75.67987,13.03168],[75.6812,13.03047],[75.68282,13.03125],[75.68327,13.0321],[75.68266,13.03217],[75.6829,13.03252],[75.68213,13.03364],[75.68376,13.03593],[75.6848,13.03567],[75.68458,13.03499],[75.68604,13.03427],[75.68668,13.03218],[75.68662,13.03277],[75.68824,13.03301],[75.68882,13.03357],[75.69033,13.03324],[75.68896,13.03464],[75.68806,13.03682],[75.68892,13.03743],[75.68853,13.03949],[75.69027,13.04055],[75.69051,13.04374],[75.69125,13.04434],[75.69396,13.04471],[75.69548,13.046],[75.6959,13.04601],[75.6957,13.04487]]],[[[75.80647,13.04032],[75.80799,13.0392],[75.80882,13.03934],[75.81019,13.03687],[75.81592,13.0341],[75.81668,13.03404],[75.82185,13.03793],[75.82678,13.03954],[75.83018,13.03834],[75.83227,13.03928],[75.83267,13.0382],[75.83466,13.03744],[75.8358,13.0355],[75.83911,13.03576],[75.83969,13.03792],[75.84195,13.03742],[75.84502,13.03581],[75.84691,13.03264],[75.8462,13.03078],[75.84629,13.02569],[75.8454,13.02428],[75.84555,13.02259],[75.84809,13.01577],[75.85013,13.01265],[75.85166,13.01337],[75.85378,13.0125],[75.85433,13.01468],[75.85615,13.01624],[75.85758,13.01955],[75.86092,13.01858],[75.86186,13.01874],[75.86487,13.02089],[75.86436,13.01714],[75.86578,13.01629],[75.86536,13.01599],[75.8699,13.01825],[75.87098,13.01789],[75.87111,13.01604],[75.87208,13.01569],[75.8718,13.01103],[75.87475,13.01125],[75.87712,13.00831],[75.87801,13.00791],[75.88104,13.00297],[75.87983,13.00193],[75.87963,12.99826],[75.87732,12.99494],[75.88051,12.99215],[75.8819,12.98682],[75.88336,12.98726],[75.88261,12.98433],[75.88278,12.98298],[75.88671,12.98239],[75.88694,12.98045],[75.88795,12.97887],[75.89182,12.97934],[75.8916,12.97813],[75.89315,12.97683],[75.89538,12.97701],[75.89641,12.97598],[75.89868,12.97572],[75.89898,12.97432],[75.8977,12.97311],[75.89664,12.96879],[75.89753,12.96311],[75.90725,12.95604],[75.907,12.9556],[75.90772,12.95489],[75.90776,12.9529],[75.9072,12.95251],[75.90544,12.94845],[75.90666,12.9455],[75.90933,12.94397],[75.91013,12.94163],[75.90683,12.93997],[75.90281,12.93626],[75.90297,12.93315],[75.90159,12.92994],[75.9028,12.92891],[75.90136,12.92773],[75.89919,12.9276],[75.89595,12.92385],[75.89331,12.91974],[75.88966,12.91151],[75.88109,12.91098],[75.87267,12.91116],[75.87249,12.90922],[75.87187,12.90855],[75.86598,12.90432],[75.86494,12.9022],[75.86461,12.8985],[75.86273,12.89492],[75.86213,12.89066],[75.86118,12.88776],[75.85799,12.88122],[75.85655,12.87933],[75.85683,12.87595],[75.85175,12.87619],[75.84922,12.87403],[75.84764,12.87342],[75.83666,12.87476],[75.83851,12.88042],[75.83705,12.88147],[75.83012,12.88111],[75.82966,12.88088],[75.83097,12.87925],[75.82949,12.88009],[75.82499,12.8788],[75.8246,12.87821],[75.8237,12.87827],[75.82359,12.87533],[75.82081,12.87635],[75.81861,12.87981],[75.8161,12.88249],[75.81554,12.88413],[75.81574,12.88704],[75.81398,12.89029],[75.81521,12.89154],[75.81615,12.89131],[75.81568,12.89294],[75.81426,12.8931],[75.81479,12.89367],[75.81436,12.89461],[75.81514,12.89531],[75.8159,12.89489],[75.81645,12.89536],[75.81653,12.89601],[75.81593,12.89649],[75.81649,12.89746],[75.81733,12.89802],[75.82177,12.89859],[75.82525,12.89794],[75.82731,12.89892],[75.83168,12.89963],[75.83139,12.90055],[75.83309,12.90383],[75.83244,12.90509],[75.83293,12.90611],[75.8356,12.90766],[75.83667,12.91015],[75.83738,12.91014],[75.83842,12.91499],[75.83737,12.91661],[75.83795,12.91834],[75.83958,12.91959],[75.83896,12.92229],[75.83893,12.92836],[75.84044,12.92965],[75.84077,12.9334],[75.84051,12.93838],[75.83933,12.94136],[75.83951,12.94381],[75.84034,12.94396],[75.83842,12.94524],[75.83642,12.94528],[75.83538,12.94993],[75.83598,12.95142],[75.83479,12.95352],[75.83421,12.95328],[75.83335,12.95419],[75.83028,12.95541],[75.82502,12.9562],[75.82534,12.95669],[75.82804,12.95768],[75.83289,12.95902],[75.83446,12.96018],[75.8355,12.96316],[75.83501,12.96396],[75.83353,12.96471],[75.83251,12.96511],[75.83182,12.96478],[75.83025,12.96554],[75.83053,12.96603],[75.82986,12.96633],[75.83013,12.96775],[75.83368,12.97167],[75.84496,12.98106],[75.84181,12.98188],[75.84027,12.98352],[75.83757,12.99128],[75.83568,12.99373],[75.83384,12.99231],[75.83283,12.99237],[75.83256,12.99328],[75.83096,12.99332],[75.82892,12.9956],[75.82664,12.99508],[75.82525,12.99538],[75.82518,12.99627],[75.82096,12.99621],[75.8202,12.99663],[75.8204,12.99775],[75.81835,12.99779],[75.81669,12.99892],[75.81347,12.99958],[75.81295,12.99995],[75.81331,13.00157],[75.81251,13.00233],[75.81244,13.00343],[75.80904,13.00514],[75.80576,13.00784],[75.80667,13.0094],[75.80474,13.01173],[75.80221,13.01242],[75.80071,13.01209],[75.79788,13.01346],[75.7968,13.01483],[75.79472,13.01895],[75.79408,13.02379],[75.79418,13.02702],[75.79579,13.03058],[75.79747,13.03191],[75.7992,13.0363],[75.80076,13.03728],[75.80214,13.04023],[75.80647,13.04032]]]]}},{"type":"Feature","properties":{"unitId":458,"unitName":"Sakaleshpura Town PS"},"geometry":{"type":"Polygon","coordinates":[[[75.7996,13.0129],[75.80071,13.01209],[75.80221,13.01242],[75.80474,13.01173],[75.80667,13.0094],[75.80576,13.00784],[75.80904,13.00514],[75.81244,13.00343],[75.81251,13.00233],[75.81331,13.00157],[75.81295,12.99995],[75.81347,12.99958],[75.81669,12.99892],[75.81835,12.99779],[75.8204,12.99775],[75.8202,12.99663],[75.82096,12.99621],[75.82518,12.99627],[75.82525,12.99538],[75.82664,12.99508],[75.82892,12.9956],[75.83096,12.99332],[75.83256,12.99328],[75.83283,12.99237],[75.83384,12.99231],[75.83568,12.99373],[75.83757,12.99128],[75.84027,12.98352],[75.84181,12.98188],[75.84496,12.98106],[75.83368,12.97167],[75.83013,12.96775],[75.82986,12.96633],[75.83053,12.96603],[75.83025,12.96554],[75.83182,12.96478],[75.83251,12.96511],[75.83353,12.96471],[75.83501,12.96396],[75.8355,12.96316],[75.83446,12.96018],[75.83289,12.95902],[75.82804,12.95768],[75.82534,12.95669],[75.82502,12.9562],[75.83028,12.95541],[75.83335,12.95419],[75.83421,12.95328],[75.83479,12.95352],[75.83598,12.95142],[75.83538,12.94993],[75.83642,12.94528],[75.83842,12.94524],[75.84034,12.94396],[75.83951,12.94381],[75.83935,12.94077],[75.84051,12.93838],[75.84077,12.9334],[75.84044,12.92965],[75.83893,12.92836],[75.83896,12.92229],[75.83958,12.91959],[75.83795,12.91834],[75.83737,12.91661],[75.83837,12.91558],[75.83835,12.91355],[75.83738,12.91014],[75.83667,12.91015],[75.83606,12.90819],[75.83293,12.90611],[75.83244,12.90509],[75.83309,12.90383],[75.83139,12.90055],[75.83168,12.89963],[75.82731,12.89892],[75.82525,12.89794],[75.82264,12.8986],[75.81733,12.89802],[75.81593,12.89649],[75.81653,12.89601],[75.81605,12.8949],[75.81514,12.89531],[75.81436,12.89461],[75.81479,12.89367],[75.81426,12.8931],[75.81568,12.89294],[75.81625,12.89168],[75.81589,12.89121],[75.81521,12.89154],[75.81398,12.89029],[75.81574,12.88704],[75.81554,12.88413],[75.8161,12.88249],[75.81861,12.87981],[75.82081,12.87635],[75.82359,12.87533],[75.82512,12.87348],[75.82422,12.87333],[75.82448,12.8727],[75.82364,12.87268],[75.81956,12.86965],[75.81662,12.86962],[75.8129,12.87062],[75.8124,12.87121],[75.81165,12.87276],[75.81354,12.87482],[75.81341,12.87587],[75.81229,12.87586],[75.81097,12.87765],[75.80937,12.87848],[75.80744,12.87845],[75.80682,12.87795],[75.80624,12.87821],[75.80604,12.87742],[75.80726,12.87572],[75.80741,12.87445],[75.80661,12.87326],[75.80683,12.87253],[75.80502,12.87333],[75.80336,12.87336],[75.80181,12.87237],[75.79927,12.86942],[75.79993,12.86817],[75.7983,12.86923],[75.7966,12.86936],[75.79468,12.86879],[75.79504,12.86819],[75.79372,12.86738],[75.79382,12.86662],[75.78714,12.86484],[75.7868,12.86357],[75.78559,12.86324],[75.78447,12.8616],[75.78148,12.8599],[75.78288,12.8579],[75.78254,12.85724],[75.77886,12.85672],[75.77883,12.85769],[75.77767,12.85816],[75.77864,12.8596],[75.77877,12.86122],[75.77662,12.86382],[75.775,12.86078],[75.77133,12.85873],[75.77124,12.85932],[75.76871,12.86095],[75.76717,12.85964],[75.76571,12.85747],[75.76536,12.85809],[75.76427,12.85821],[75.76352,12.85744],[75.76154,12.85967],[75.75999,12.86019],[75.75667,12.85881],[75.754,12.85546],[75.75052,12.85685],[75.74931,12.85393],[75.74829,12.85278],[75.74711,12.85232],[75.74727,12.85065],[75.74591,12.85062],[75.74609,12.84954],[75.74342,12.8474],[75.74291,12.84488],[75.74165,12.84351],[75.73405,12.84435],[75.73125,12.83482],[75.72723,12.83411],[75.72613,12.83278],[75.72113,12.83147],[75.72114,12.82978],[75.71833,12.8291],[75.70803,12.82488],[75.70582,12.82532],[75.70556,12.82681],[75.70372,12.82882],[75.70333,12.83022],[75.70214,12.83078],[75.70188,12.83206],[75.70098,12.83267],[75.6997,12.83194],[75.69896,12.82941],[75.69806,12.82922],[75.69649,12.82783],[75.6877,12.82764],[75.68411,12.82976],[75.6833,12.82858],[75.68311,12.82967],[75.68363,12.83183],[75.6829,12.83447],[75.68341,12.83608],[75.68268,12.84009],[75.68189,12.84069],[75.68435,12.84097],[75.68695,12.84419],[75.69146,12.84462],[75.69232,12.84425],[75.69367,12.84509],[75.69443,12.84479],[75.69642,12.84536],[75.69689,12.84763],[75.69894,12.84796],[75.70064,12.84744],[75.70344,12.84802],[75.7039,12.84908],[75.70493,12.84943],[75.70456,12.85079],[75.70518,12.85216],[75.70529,12.85285],[75.70476,12.85351],[75.70527,12.85463],[75.70766,12.85605],[75.70773,12.85717],[75.70968,12.85811],[75.71124,12.85808],[75.71222,12.85903],[75.71339,12.85921],[75.71641,12.86451],[75.72225,12.86842],[75.72574,12.86998],[75.7276,12.87021],[75.72751,12.86956],[75.72817,12.86986],[75.72843,12.87141],[75.7295,12.8734],[75.72864,12.87394],[75.72821,12.87541],[75.72994,12.87615],[75.72963,12.87805],[75.73004,12.8787],[75.73807,12.87644],[75.74138,12.88627],[75.74299,12.88836],[75.74218,12.88952],[75.73778,12.88976],[75.7375,12.88854],[75.73598,12.88896],[75.73634,12.89205],[75.73491,12.89238],[75.7348,12.8931],[75.73359,12.89349],[75.73279,12.89311],[75.73287,12.89415],[75.73371,12.89453],[75.73161,12.89506],[75.73196,12.89584],[75.73303,12.89724],[75.73491,12.89755],[75.73464,12.89813],[75.73216,12.89916],[75.73259,12.90032],[75.73112,12.90391],[75.73113,12.90733],[75.7306,12.90713],[75.72934,12.90792],[75.72799,12.90778],[75.72425,12.90936],[75.71763,12.90947],[75.71703,12.91036],[75.71163,12.91096],[75.71142,12.909],[75.70882,12.9085],[75.70524,12.90443],[75.70523,12.90327],[75.70383,12.90248],[75.70218,12.90054],[75.70277,12.90035],[75.7015,12.90028],[75.7002,12.90318],[75.70003,12.91231],[75.6973,12.91251],[75.69484,12.91036],[75.69288,12.91048],[75.69135,12.91276],[75.69161,12.91778],[75.69091,12.91809],[75.69064,12.9202],[75.67485,12.91501],[75.67753,12.92626],[75.6853,12.9247],[75.68908,12.9245],[75.68986,12.92357],[75.69218,12.92433],[75.69762,12.93539],[75.70097,12.93884],[75.70444,12.93768],[75.7063,12.93908],[75.70759,12.93904],[75.71153,12.93738],[75.71194,12.93935],[75.71378,12.93945],[75.71691,12.9385],[75.71818,12.93961],[75.71849,12.94126],[75.72034,12.94173],[75.72075,12.94228],[75.72292,12.94176],[75.72355,12.94074],[75.72411,12.94121],[75.72476,12.94089],[75.72554,12.94259],[75.72813,12.94291],[75.72709,12.94513],[75.72755,12.94627],[75.72842,12.94578],[75.72915,12.94703],[75.73045,12.94749],[75.73028,12.94816],[75.73452,12.94891],[75.73555,12.94948],[75.73761,12.95143],[75.73974,12.95232],[75.74067,12.9537],[75.74325,12.95546],[75.74355,12.95617],[75.74038,12.96115],[75.74255,12.9616],[75.74308,12.96268],[75.74294,12.96458],[75.74565,12.96659],[75.7452,12.96997],[75.74751,12.9719],[75.7479,12.97341],[75.75022,12.97463],[75.75135,12.97459],[75.7538,12.97648],[75.75745,12.97766],[75.75835,12.97869],[75.75795,12.97912],[75.7582,12.97955],[75.76122,12.97578],[75.7645,12.97664],[75.76574,12.97575],[75.7663,12.97276],[75.76617,12.97066],[75.76699,12.97075],[75.76931,12.9728],[75.76997,12.97277],[75.77027,12.9731],[75.76973,12.97507],[75.77151,12.97567],[75.77085,12.97771],[75.77129,12.97815],[75.77123,12.97905],[75.77189,12.97995],[75.77268,12.98006],[75.77334,12.98142],[75.77347,12.98417],[75.77427,12.98613],[75.77701,12.98607],[75.77707,12.98759],[75.77916,12.9886],[75.78188,12.99397],[75.78252,12.99423],[75.7824,12.99473],[75.7834,12.99572],[75.78251,12.99696],[75.78336,12.99775],[75.78582,12.99847],[75.78608,13.00099],[75.78798,13.00161],[75.78871,13.00256],[75.79264,13.00288],[75.79335,13.00356],[75.79528,13.00348],[75.79668,13.00417],[75.7967,13.00515],[75.79567,13.0058],[75.79607,13.00754],[75.79727,13.01061],[75.79912,13.01302],[75.7996,13.0129]]]}},{"type":"Feature","properties":{"unitId":459,"unitName":"Yeslur PS"},"geometry":{"type":"Polygon","coordinates":[[[75.71501,12.91076],[75.71703,12.91036],[75.71763,12.90947],[75.72425,12.90936],[75.72799,12.90778],[75.72934,12.90792],[75.7306,12.90713],[75.73113,12.90733],[75.73112,12.90391],[75.73259,12.90032],[75.73216,12.89916],[75.73464,12.89813],[75.73491,12.89755],[75.73303,12.89724],[75.73196,12.89584],[75.73161,12.89506],[75.73371,12.89453],[75.73287,12.89415],[75.73279,12.89311],[75.73359,12.89349],[75.7348,12.8931],[75.73491,12.89238],[75.73634,12.89205],[75.73598,12.88896],[75.7375,12.88854],[75.73778,12.88976],[75.74218,12.88952],[75.74299,12.88836],[75.74138,12.88627],[75.73807,12.87644],[75.73004,12.8787],[75.72963,12.87805],[75.72994,12.87615],[75.72821,12.87541],[75.72864,12.87394],[75.7295,12.8734],[75.72843,12.87141],[75.72817,12.86986],[75.72751,12.86956],[75.7276,12.87021],[75.72574,12.86998],[75.72225,12.86842],[75.71641,12.86451],[75.71339,12.85921],[75.71222,12.85903],[75.71124,12.85808],[75.70968,12.85811],[75.70773,12.85717],[75.70766,12.85605],[75.70527,12.85463],[75.70476,12.85351],[75.70529,12.85285],[75.70518,12.85216],[75.70456,12.85079],[75.70493,12.84943],[75.7039,12.84908],[75.70344,12.84802],[75.70064,12.84744],[75.69894,12.84796],[75.69689,12.84763],[75.69642,12.84536],[75.69443,12.84479],[75.69367,12.84509],[75.69232,12.84425],[75.69146,12.84462],[75.68695,12.84419],[75.68435,12.84097],[75.68189,12.84069],[75.68268,12.84009],[75.68341,12.83608],[75.6829,12.83447],[75.68363,12.83183],[75.68311,12.82967],[75.6833,12.82858],[75.68411,12.82976],[75.6877,12.82764],[75.69649,12.82783],[75.69806,12.82922],[75.69896,12.82941],[75.6997,12.83194],[75.70098,12.83267],[75.70188,12.83206],[75.70214,12.83078],[75.70333,12.83022],[75.70372,12.82882],[75.70556,12.82681],[75.70582,12.82532],[75.70803,12.82488],[75.71833,12.8291],[75.72114,12.82978],[75.72113,12.83147],[75.72613,12.83278],[75.72723,12.83411],[75.73125,12.83482],[75.73405,12.84435],[75.74165,12.84351],[75.74291,12.84488],[75.74342,12.8474],[75.74609,12.84954],[75.74591,12.85062],[75.74727,12.85065],[75.74711,12.85232],[75.74829,12.85278],[75.74931,12.85393],[75.75052,12.85685],[75.754,12.85546],[75.75667,12.85881],[75.75999,12.86019],[75.76154,12.85967],[75.76352,12.85744],[75.76427,12.85821],[75.76536,12.85809],[75.76571,12.85747],[75.76717,12.85964],[75.76871,12.86095],[75.77124,12.85932],[75.77133,12.85873],[75.775,12.86078],[75.77662,12.86382],[75.77877,12.86122],[75.77864,12.8596],[75.77767,12.85816],[75.77883,12.85769],[75.77886,12.85672],[75.78254,12.85724],[75.78288,12.8579],[75.78148,12.8599],[75.78447,12.8616],[75.78559,12.86324],[75.7868,12.86357],[75.78714,12.86484],[75.79382,12.86662],[75.79372,12.86738],[75.79504,12.86819],[75.79468,12.86879],[75.7966,12.86936],[75.7983,12.86923],[75.79993,12.86817],[75.79927,12.86942],[75.80181,12.87237],[75.80336,12.87336],[75.80502,12.87333],[75.80683,12.87253],[75.80661,12.87326],[75.80741,12.87445],[75.80726,12.87572],[75.80604,12.87742],[75.80624,12.87821],[75.80682,12.87795],[75.80744,12.87845],[75.80937,12.87848],[75.81097,12.87765],[75.81229,12.87586],[75.81341,12.87587],[75.81354,12.87482],[75.81165,12.87276],[75.8124,12.87121],[75.8129,12.87062],[75.81662,12.86962],[75.81956,12.86965],[75.82364,12.87268],[75.82448,12.8727],[75.82422,12.87333],[75.82512,12.87348],[75.82717,12.86822],[75.83137,12.86416],[75.83207,12.8585],[75.83131,12.85437],[75.83182,12.85365],[75.83259,12.85389],[75.83396,12.85598],[75.83642,12.85604],[75.8378,12.85543],[75.84274,12.84812],[75.84272,12.84623],[75.84094,12.84405],[75.84123,12.84341],[75.84493,12.83999],[75.8481,12.83799],[75.84902,12.83317],[75.85261,12.83345],[75.85376,12.83252],[75.85481,12.82894],[75.85294,12.82159],[75.85183,12.82146],[75.85351,12.81998],[75.86405,12.81757],[75.86496,12.81522],[75.8653,12.81104],[75.86416,12.80584],[75.86542,12.80464],[75.86642,12.80251],[75.86616,12.80157],[75.86439,12.8006],[75.86427,12.79981],[75.86522,12.79948],[75.8653,12.79876],[75.86484,12.79809],[75.86338,12.79786],[75.8637,12.79553],[75.86561,12.79205],[75.86671,12.79116],[75.86725,12.78883],[75.86832,12.78738],[75.86886,12.78338],[75.87158,12.78266],[75.87165,12.7806],[75.87252,12.77976],[75.87271,12.77866],[75.87333,12.77872],[75.87437,12.77692],[75.87725,12.77762],[75.87756,12.7771],[75.8776,12.77636],[75.87369,12.77527],[75.8726,12.77445],[75.87271,12.77341],[75.8746,12.77262],[75.87567,12.77274],[75.87573,12.77222],[75.87304,12.76951],[75.87171,12.77081],[75.86823,12.76865],[75.86618,12.7685],[75.86534,12.76799],[75.86254,12.76892],[75.86106,12.77046],[75.85796,12.77037],[75.8574,12.76519],[75.85756,12.76217],[75.85951,12.75735],[75.85312,12.75421],[75.85029,12.75174],[75.84894,12.7499],[75.84965,12.74809],[75.85232,12.7455],[75.85456,12.73664],[75.85147,12.73038],[75.85291,12.72473],[75.85785,12.72007],[75.86141,12.71741],[75.86602,12.71576],[75.87029,12.71497],[75.87088,12.71188],[75.87308,12.70978],[75.87828,12.70809],[75.87915,12.70908],[75.88522,12.70817],[75.88622,12.70557],[75.88561,12.70463],[75.88667,12.70308],[75.88529,12.70059],[75.88632,12.69718],[75.88753,12.69561],[75.88916,12.69469],[75.88971,12.69365],[75.88954,12.69172],[75.88823,12.6911],[75.8875,12.68976],[75.88802,12.68717],[75.88738,12.68672],[75.88849,12.68602],[75.88891,12.68435],[75.88822,12.68342],[75.88728,12.67931],[75.88824,12.67845],[75.88703,12.67574],[75.88595,12.67539],[75.88592,12.67452],[75.88214,12.67444],[75.87952,12.67199],[75.87559,12.67123],[75.87327,12.67194],[75.8723,12.67344],[75.86723,12.67436],[75.86454,12.67224],[75.86395,12.67296],[75.86063,12.67122],[75.85264,12.66961],[75.85126,12.67045],[75.85094,12.66969],[75.84931,12.67145],[75.84629,12.67222],[75.84543,12.67075],[75.84364,12.66989],[75.84391,12.66869],[75.84331,12.66856],[75.84192,12.66954],[75.83972,12.66975],[75.83776,12.67092],[75.8349,12.67084],[75.8334,12.67149],[75.83063,12.67476],[75.82957,12.67529],[75.82546,12.68242],[75.82328,12.68268],[75.81978,12.68453],[75.81851,12.68635],[75.81873,12.68824],[75.81686,12.69287],[75.81232,12.69636],[75.80919,12.70019],[75.80751,12.70103],[75.80241,12.69658],[75.80156,12.69481],[75.79743,12.69356],[75.79684,12.69224],[75.79519,12.69086],[75.7942,12.68916],[75.7924,12.68895],[75.79092,12.68688],[75.78852,12.68631],[75.78739,12.68638],[75.78623,12.68713],[75.78417,12.68709],[75.78586,12.68928],[75.78451,12.68953],[75.78048,12.68755],[75.77755,12.68822],[75.77544,12.68672],[75.77413,12.68349],[75.77461,12.68122],[75.77335,12.67978],[75.7711,12.6808],[75.76707,12.68053],[75.76539,12.67946],[75.76285,12.67617],[75.76117,12.67511],[75.76039,12.67362],[75.75565,12.67548],[75.75496,12.67649],[75.75349,12.6772],[75.75193,12.67662],[75.75112,12.67755],[75.74753,12.67862],[75.74377,12.68064],[75.74192,12.68223],[75.74063,12.68416],[75.73985,12.68596],[75.74009,12.68777],[75.73891,12.69036],[75.73629,12.69297],[75.73438,12.69356],[75.73373,12.69506],[75.7313,12.69739],[75.73048,12.6972],[75.72938,12.69776],[75.72234,12.69672],[75.72268,12.70094],[75.72003,12.70314],[75.72028,12.70444],[75.71993,12.70533],[75.71911,12.7057],[75.71711,12.70429],[75.71607,12.70501],[75.71527,12.70668],[75.71334,12.70748],[75.71254,12.70677],[75.71234,12.70528],[75.71161,12.70556],[75.71075,12.7047],[75.70784,12.70603],[75.70484,12.70635],[75.70077,12.70438],[75.69561,12.70299],[75.68981,12.7021],[75.6877,12.70112],[75.68294,12.70158],[75.67966,12.70074],[75.67492,12.70081],[75.66821,12.69756],[75.66653,12.69845],[75.66414,12.69766],[75.65612,12.69736],[75.65227,12.69524],[75.64798,12.69526],[75.64543,12.69438],[75.64167,12.69472],[75.64025,12.69276],[75.63628,12.6917],[75.63515,12.69204],[75.63397,12.69431],[75.6316,12.69632],[75.63097,12.6981],[75.62971,12.69947],[75.62864,12.69979],[75.63014,12.70211],[75.63295,12.70439],[75.6372,12.7106],[75.64247,12.71405],[75.64825,12.71562],[75.65155,12.71734],[75.65542,12.72029],[75.65633,12.7248],[75.65619,12.72933],[75.65717,12.73102],[75.65671,12.73479],[75.65715,12.73736],[75.65848,12.73971],[75.66018,12.7464],[75.65737,12.7511],[75.65582,12.75084],[75.65442,12.7512],[75.64812,12.75554],[75.64457,12.75713],[75.64323,12.75846],[75.63854,12.76021],[75.63855,12.76175],[75.63791,12.76326],[75.6386,12.76584],[75.63715,12.769],[75.63349,12.77033],[75.63177,12.77229],[75.62853,12.77428],[75.63125,12.77626],[75.62932,12.77702],[75.62712,12.77697],[75.62585,12.77812],[75.62629,12.78327],[75.62569,12.78516],[75.61751,12.79341],[75.6146,12.79278],[75.61314,12.79397],[75.6132,12.79687],[75.61874,12.80376],[75.618,12.80526],[75.61913,12.80844],[75.61857,12.8098],[75.61854,12.81177],[75.61934,12.81399],[75.61873,12.81791],[75.61906,12.81903],[75.61771,12.82349],[75.61826,12.82665],[75.61745,12.82818],[75.61706,12.83088],[75.61599,12.83285],[75.61735,12.83837],[75.61975,12.84193],[75.62205,12.84731],[75.62204,12.84852],[75.62139,12.84979],[75.62158,12.85314],[75.62097,12.8547],[75.61948,12.85571],[75.62099,12.85569],[75.61757,12.8682],[75.63084,12.87799],[75.63989,12.88522],[75.63989,12.88583],[75.66159,12.87032],[75.67275,12.85665],[75.67763,12.85699],[75.67767,12.85744],[75.68871,12.8594],[75.70099,12.8854],[75.6973,12.89906],[75.69272,12.89793],[75.68624,12.89976],[75.68624,12.90789],[75.68782,12.90668],[75.69199,12.90687],[75.6926,12.90593],[75.69426,12.90584],[75.69449,12.90398],[75.69705,12.90238],[75.69882,12.90339],[75.7002,12.90328],[75.7015,12.90028],[75.70277,12.90035],[75.70218,12.90054],[75.70383,12.90248],[75.70523,12.90327],[75.70524,12.90443],[75.70882,12.9085],[75.71142,12.909],[75.71163,12.91096],[75.71501,12.91076]]]}},{"type":"Feature","properties":{"unitId":460,"unitName":"Arehalli PS"},"geometry":{"type":"MultiPolygon","coordinates":[[[[75.78869,13.15136],[75.78994,13.14999],[75.78768,13.1496],[75.78647,13.14797],[75.78584,13.14833],[75.78591,13.14958],[75.78537,13.15054],[75.7857,13.1516],[75.78423,13.15573],[75.78353,13.15619],[75.7828,13.15592],[75.78276,13.15654],[75.78386,13.15697],[75.7837,13.15758],[75.78205,13.1588],[75.78052,13.15832],[75.78064,13.15731],[75.7825,13.15624],[75.78213,13.15457],[75.78059,13.15203],[75.78153,13.14964],[75.7805,13.1489],[75.78033,13.14824],[75.77645,13.14669],[75.77601,13.14185],[75.77856,13.13933],[75.78161,13.13724],[75.78335,13.13674],[75.78684,13.13682],[75.78783,13.13583],[75.78901,13.13861],[75.79221,13.13786],[75.79793,13.13814],[75.79954,13.13885],[75.79971,13.13954],[75.80087,13.14036],[75.80284,13.14039],[75.80726,13.14162],[75.80757,13.1406],[75.80987,13.14036],[75.81459,13.14669],[75.81657,13.148],[75.81823,13.14802],[75.82017,13.1493],[75.82093,13.15076],[75.82292,13.15211],[75.82223,13.15387],[75.82498,13.15439],[75.8264,13.1555],[75.82684,13.15823],[75.82764,13.15851],[75.82782,13.15916],[75.82742,13.1598],[75.83205,13.16017],[75.83345,13.1589],[75.83129,13.15429],[75.83166,13.15294],[75.83628,13.14765],[75.83908,13.14864],[75.8416,13.14857],[75.84557,13.14262],[75.84532,13.14149],[75.84355,13.14116],[75.84301,13.14056],[75.84133,13.14072],[75.84102,13.13962],[75.84055,13.13961],[75.84086,13.14165],[75.83969,13.14053],[75.83991,13.13902],[75.8407,13.13817],[75.84018,13.13716],[75.84151,13.13229],[75.84039,13.12609],[75.8435,13.12487],[75.84812,13.12518],[75.84948,13.12598],[75.85216,13.12497],[75.85288,13.12562],[75.85405,13.1247],[75.86327,13.12244],[75.86391,13.12003],[75.87331,13.11957],[75.87374,13.11463],[75.87304,13.1139],[75.87218,13.11078],[75.87722,13.10791],[75.87735,13.10361],[75.87992,13.1037],[75.88239,13.09892],[75.8872,13.10221],[75.88947,13.10443],[75.88989,13.10726],[75.89719,13.10682],[75.89957,13.10734],[75.90475,13.10745],[75.90901,13.10673],[75.90928,13.10555],[75.91345,13.10536],[75.91349,13.10483],[75.91126,13.10392],[75.91074,13.10289],[75.91368,13.10261],[75.915,13.10215],[75.91562,13.10136],[75.91696,13.10163],[75.91728,13.10258],[75.91774,13.10241],[75.92043,13.10391],[75.921,13.10308],[75.92225,13.10325],[75.923,13.10422],[75.92374,13.1044],[75.92788,13.10106],[75.92716,13.10041],[75.92591,13.10031],[75.92185,13.09633],[75.92074,13.09071],[75.92232,13.08984],[75.92815,13.09057],[75.93177,13.09409],[75.93458,13.09265],[75.93656,13.08783],[75.93955,13.08669],[75.94912,13.07245],[75.95107,13.06593],[75.95708,13.06391],[75.96241,13.05717],[75.96133,13.05647],[75.96078,13.05529],[75.96003,13.0549],[75.95986,13.0539],[75.95873,13.05307],[75.95861,13.05164],[75.95679,13.05068],[75.95604,13.04947],[75.95564,13.04741],[75.95111,13.0441],[75.94799,13.04464],[75.94727,13.04704],[75.94606,13.0481],[75.94575,13.04911],[75.94416,13.05007],[75.94477,13.05132],[75.94338,13.05436],[75.9409,13.05752],[75.94143,13.05859],[75.93973,13.05926],[75.94035,13.06087],[75.93834,13.0611],[75.93762,13.06211],[75.9364,13.06213],[75.93134,13.06684],[75.9267,13.06681],[75.92054,13.06797],[75.91919,13.06724],[75.91678,13.06915],[75.91602,13.06902],[75.91515,13.06778],[75.91528,13.06595],[75.91428,13.06378],[75.91292,13.06305],[75.91233,13.06126],[75.91403,13.06015],[75.91945,13.05842],[75.91882,13.05313],[75.91792,13.05331],[75.91699,13.04715],[75.91525,13.04554],[75.9096,13.04504],[75.90932,13.04314],[75.90731,13.04312],[75.90715,13.04215],[75.90658,13.04204],[75.90758,13.04109],[75.90709,13.04009],[75.90628,13.0399],[75.9071,13.03835],[75.90655,13.03701],[75.90597,13.03689],[75.90554,13.03354],[75.90475,13.03204],[75.90457,13.03072],[75.90519,13.02984],[75.89641,13.02764],[75.89365,13.02929],[75.89199,13.02664],[75.89009,13.0257],[75.89089,13.02464],[75.89346,13.02433],[75.89367,13.02357],[75.89441,13.02322],[75.89391,13.01992],[75.89418,13.01737],[75.90252,13.01492],[75.90146,13.01207],[75.90053,13.00539],[75.90368,13.00738],[75.90461,13.00662],[75.90325,13.00492],[75.89915,13.00499],[75.89851,13.00336],[75.89789,13.00358],[75.89733,13.00266],[75.89672,13.00255],[75.89558,13.00323],[75.89442,13.0028],[75.89203,13.00338],[75.89113,13.00455],[75.8903,13.00434],[75.88677,13.00848],[75.88711,13.01219],[75.88664,13.01275],[75.88378,13.0136],[75.88294,13.01445],[75.88145,13.01438],[75.87911,13.01098],[75.87677,13.00888],[75.87475,13.01125],[75.8718,13.01103],[75.87208,13.01569],[75.87111,13.01604],[75.87098,13.01789],[75.8699,13.01825],[75.86536,13.01599],[75.86578,13.01629],[75.86436,13.01714],[75.86487,13.02089],[75.86186,13.01874],[75.86092,13.01858],[75.85758,13.01955],[75.85615,13.01624],[75.85433,13.01468],[75.85378,13.0125],[75.85166,13.01337],[75.85011,13.01266],[75.84809,13.01577],[75.84555,13.02259],[75.8454,13.02428],[75.84629,13.02569],[75.8462,13.03078],[75.84691,13.03264],[75.84502,13.03581],[75.84195,13.03742],[75.83969,13.03792],[75.83911,13.03576],[75.8358,13.0355],[75.83466,13.03744],[75.83267,13.0382],[75.83227,13.03928],[75.83018,13.03834],[75.82678,13.03954],[75.82185,13.03793],[75.81668,13.03404],[75.8151,13.03436],[75.81019,13.03687],[75.80882,13.03934],[75.80799,13.0392],[75.80608,13.04056],[75.80214,13.04023],[75.80076,13.03728],[75.7992,13.0363],[75.79747,13.03191],[75.79579,13.03058],[75.79418,13.02702],[75.79408,13.02379],[75.79472,13.01895],[75.7968,13.01483],[75.79788,13.01346],[75.79912,13.01302],[75.79727,13.01061],[75.79607,13.00754],[75.79567,13.0058],[75.7967,13.00515],[75.79668,13.00417],[75.79528,13.00348],[75.79335,13.00356],[75.79264,13.00288],[75.78871,13.00256],[75.78798,13.00161],[75.78608,13.00099],[75.78582,12.99847],[75.78336,12.99775],[75.78251,12.99696],[75.7834,12.99572],[75.78154,12.9934],[75.77943,12.98895],[75.77707,12.98759],[75.77701,12.98607],[75.77427,12.98613],[75.7739,12.98552],[75.77334,12.98142],[75.77268,12.98006],[75.77189,12.97995],[75.77123,12.97905],[75.77129,12.97815],[75.77085,12.97771],[75.77151,12.97567],[75.76973,12.97507],[75.77027,12.9731],[75.76828,12.97209],[75.76699,12.97075],[75.76617,12.97066],[75.7663,12.97276],[75.76574,12.97575],[75.7645,12.97664],[75.76122,12.97578],[75.7582,12.97955],[75.75323,12.98243],[75.75004,12.98852],[75.74573,12.99154],[75.74666,12.99464],[75.74593,12.99535],[75.74204,12.99318],[75.74066,12.99423],[75.74033,12.99778],[75.74187,13.00075],[75.7414,13.00154],[75.7369,13.00316],[75.73527,13.00479],[75.73517,13.00559],[75.73664,13.00957],[75.73644,13.01093],[75.73343,13.01349],[75.73302,13.01478],[75.73062,13.01771],[75.72539,13.01892],[75.72596,13.02117],[75.72799,13.02298],[75.72762,13.02381],[75.73067,13.02525],[75.732,13.02644],[75.73474,13.02737],[75.73634,13.0286],[75.74052,13.02985],[75.74001,13.03644],[75.74071,13.04135],[75.74197,13.04141],[75.74048,13.0451],[75.74042,13.04749],[75.74007,13.04735],[75.73997,13.04868],[75.73923,13.05],[75.73937,13.05088],[75.74182,13.05428],[75.74196,13.05708],[75.74055,13.05962],[75.74236,13.07108],[75.73503,13.08543],[75.73257,13.0892],[75.73048,13.08993],[75.72736,13.09579],[75.72831,13.1051],[75.73042,13.10606],[75.73392,13.10897],[75.73427,13.10986],[75.73616,13.11093],[75.73898,13.11066],[75.7387,13.11229],[75.73924,13.11217],[75.73927,13.11293],[75.7403,13.11384],[75.73911,13.11545],[75.73817,13.1146],[75.73773,13.11516],[75.73609,13.12235],[75.7422,13.12684],[75.74689,13.1292],[75.75168,13.13323],[75.75197,13.13514],[75.75032,13.13558],[75.7536,13.13707],[75.75311,13.13768],[75.75313,13.13915],[75.751,13.14331],[75.75153,13.14424],[75.75161,13.14581],[75.75527,13.14912],[75.76421,13.1518],[75.76396,13.15564],[75.76527,13.15911],[75.76348,13.16041],[75.76183,13.16008],[75.7612,13.16109],[75.75924,13.16144],[75.75818,13.1622],[75.75705,13.16187],[75.75624,13.16264],[75.75394,13.16017],[75.75266,13.16042],[75.75182,13.16],[75.75059,13.15805],[75.75065,13.15571],[75.74926,13.15424],[75.74803,13.15405],[75.74737,13.15221],[75.74548,13.15158],[75.74413,13.15001],[75.74178,13.14971],[75.74028,13.14844],[75.73692,13.15298],[75.73575,13.15337],[75.7349,13.155],[75.73431,13.16002],[75.74494,13.16018],[75.74742,13.15945],[75.7498,13.16106],[75.74953,13.16187],[75.75011,13.16288],[75.75022,13.16596],[75.74937,13.16787],[75.74954,13.16867],[75.74904,13.1689],[75.75125,13.17448],[75.75482,13.17105],[75.75697,13.17024],[75.75755,13.16888],[75.76127,13.16721],[75.76471,13.17053],[75.76606,13.17255],[75.7647,13.17661],[75.76452,13.17856],[75.76667,13.17873],[75.76922,13.18046],[75.7751,13.1795],[75.7776,13.18081],[75.77919,13.18096],[75.78095,13.18285],[75.78303,13.18374],[75.78682,13.17884],[75.79099,13.17853],[75.79189,13.17759],[75.79293,13.1781],[75.79322,13.17981],[75.79441,13.18069],[75.79497,13.18269],[75.79531,13.18265],[75.79587,13.1817],[75.79513,13.18038],[75.79575,13.17812],[75.79667,13.17735],[75.79865,13.17701],[75.79894,13.17603],[75.80022,13.17466],[75.80097,13.17222],[75.80489,13.16822],[75.80415,13.16784],[75.80412,13.16711],[75.80507,13.16639],[75.80685,13.16717],[75.80922,13.16728],[75.81088,13.16662],[75.81344,13.16714],[75.81327,13.16237],[75.80842,13.15958],[75.80632,13.15739],[75.80342,13.15583],[75.79994,13.15307],[75.79962,13.15082],[75.80062,13.15038],[75.80037,13.14955],[75.79787,13.14901],[75.79787,13.14996],[75.79637,13.15225],[75.79543,13.15143],[75.79518,13.14857],[75.79317,13.14598],[75.7904,13.14603],[75.78992,13.14918],[75.78994,13.14999],[75.79047,13.14999],[75.78847,13.1532],[75.7884,13.15432],[75.78966,13.15443],[75.78885,13.15698],[75.78841,13.15655],[75.78819,13.15772],[75.79022,13.15695],[75.79206,13.15864],[75.79197,13.15968],[75.79028,13.16067],[75.79219,13.16232],[75.79139,13.16371],[75.79406,13.16369],[75.79433,13.16438],[75.79745,13.16266],[75.79741,13.16482],[75.7963,13.1689],[75.79365,13.16941],[75.79268,13.17047],[75.79076,13.17038],[75.79012,13.17129],[75.78888,13.17123],[75.78618,13.16859],[75.78667,13.16733],[75.78623,13.16715],[75.78619,13.16568],[75.78293,13.16529],[75.78199,13.16357],[75.78404,13.16128],[75.78445,13.16183],[75.78463,13.1606],[75.78539,13.16026],[75.78581,13.15851],[75.78692,13.15896],[75.78613,13.1584],[75.78589,13.15708],[75.7866,13.15568],[75.78693,13.15594],[75.78727,13.15446],[75.78617,13.15414],[75.78629,13.15232],[75.78787,13.15282],[75.78869,13.15136]],[[75.88998,13.0254],[75.89034,13.02538],[75.88998,13.0254]]],[[[75.81472,13.19654],[75.81559,13.19656],[75.81721,13.19819],[75.81934,13.19659],[75.82078,13.19487],[75.82126,13.19132],[75.81902,13.19004],[75.81328,13.19191],[75.8117,13.19112],[75.80991,13.18349],[75.81045,13.18072],[75.80596,13.18086],[75.80362,13.18021],[75.80223,13.18267],[75.79541,13.18396],[75.79416,13.1865],[75.79485,13.18982],[75.79542,13.19013],[75.79835,13.18968],[75.79901,13.19009],[75.79985,13.19198],[75.80054,13.19226],[75.80171,13.19234],[75.8051,13.19116],[75.80564,13.1919],[75.80569,13.19396],[75.80633,13.19491],[75.80932,13.19511],[75.81102,13.19625],[75.81472,13.19654]]]]}}]}