{"type":"FeatureCollection","features":[{"type":"Feature","properties":{"unitId":480,"unitName":"Afzalpur PS"},"geometry":{"type":"Polygon","coordinates":[[[76.24463,17.37904],[76.24457,17.37182],[76.24637,17.37171],[76.24869,17.37075],[76.24947,17.37098],[76.25037,17.36938],[76.24906,17.36631],[76.25071,17.36061],[76.25527,17.36162],[76.25619,17.36069],[76.25824,17.36055],[76.26486,17.36189],[76.26688,17.3635],[76.27039,17.36043],[76.27181,17.36072],[76.27569,17.34149],[76.27628,17.33434],[76.3172,17.33232],[76.31904,17.33643],[76.31756,17.33897],[76.31351,17.34372],[76.31162,17.34447],[76.31062,17.3456],[76.31119,17.34743],[76.31279,17.34783],[76.31427,17.34897],[76.31558,17.34853],[76.33047,17.35141],[76.33854,17.35422],[76.34556,17.35428],[76.34801,17.34247],[76.34944,17.33857],[76.35037,17.33851],[76.35315,17.32768],[76.35413,17.32571],[76.35392,17.3144],[76.35634,17.31419],[76.36282,17.31498],[76.36893,17.31436],[76.37212,17.31486],[76.38183,17.31418],[76.38425,17.31461],[76.38432,17.32038],[76.38503,17.32381],[76.39668,17.34761],[76.40188,17.34993],[76.40593,17.35107],[76.40879,17.35144],[76.41492,17.35027],[76.41905,17.34874],[76.4284,17.34331],[76.43033,17.34319],[76.43744,17.34094],[76.43812,17.33987],[76.44019,17.339],[76.44119,17.33798],[76.44541,17.33265],[76.44502,17.33275],[76.44604,17.33114],[76.44748,17.32434],[76.44842,17.31432],[76.44809,17.30919],[76.44697,17.30664],[76.44408,17.29213],[76.4442,17.29142],[76.44726,17.2881],[76.44798,17.28626],[76.45007,17.28524],[76.4522,17.28269],[76.45251,17.28107],[76.45211,17.27803],[76.45024,17.27799],[76.44979,17.276],[76.45046,17.26902],[76.44965,17.2654],[76.44922,17.26414],[76.44871,17.26414],[76.44489,17.25859],[76.44504,17.24905],[76.44636,17.2426],[76.44806,17.23747],[76.44828,17.23489],[76.4478,17.21659],[76.44837,17.20906],[76.45987,17.20953],[76.46866,17.20822],[76.47007,17.19633],[76.47006,17.18772],[76.46951,17.18508],[76.47733,17.18208],[76.47717,17.17517],[76.47627,17.16851],[76.48064,17.16041],[76.4811,17.15838],[76.47868,17.15059],[76.47546,17.14376],[76.47098,17.14591],[76.46622,17.14734],[76.45833,17.14841],[76.4541,17.14857],[76.45013,17.1476],[76.44774,17.14572],[76.44753,17.14348],[76.44875,17.14042],[76.45203,17.13477],[76.45271,17.13253],[76.45271,17.12861],[76.45018,17.12624],[76.44746,17.12503],[76.42503,17.12294],[76.42224,17.12186],[76.42,17.12021],[76.41946,17.11628],[76.42172,17.11098],[76.42582,17.1071],[76.42754,17.10398],[76.42789,17.10131],[76.42761,17.10001],[76.41795,17.09229],[76.4101,17.08794],[76.40814,17.08625],[76.40553,17.08275],[76.40173,17.07431],[76.39815,17.0714],[76.39598,17.07057],[76.39171,17.0711],[76.38901,17.07256],[76.38682,17.07822],[76.38576,17.07884],[76.38815,17.09026],[76.38754,17.09448],[76.38693,17.09406],[76.37867,17.10179],[76.37937,17.1043],[76.37364,17.10537],[76.36662,17.10756],[76.3633,17.11134],[76.36262,17.11392],[76.36341,17.11804],[76.36594,17.12237],[76.37058,17.12521],[76.38281,17.12776],[76.38896,17.13024],[76.39282,17.13436],[76.39386,17.13655],[76.39475,17.14058],[76.39389,17.14247],[76.39185,17.14453],[76.38844,17.14629],[76.38387,17.14602],[76.37943,17.14453],[76.36734,17.13862],[76.36501,17.13831],[76.36258,17.13862],[76.35998,17.14096],[76.35919,17.14388],[76.36013,17.14768],[76.36601,17.15546],[76.36709,17.15759],[76.36814,17.16373],[76.36755,17.17088],[76.36524,17.17919],[76.3629,17.18346],[76.36001,17.18566],[76.3564,17.18672],[76.35415,17.18652],[76.35061,17.18483],[76.34785,17.18263],[76.34242,17.177],[76.33131,17.17095],[76.32677,17.17003],[76.32683,17.16905],[76.32184,17.16904],[76.30966,17.17054],[76.30454,17.17016],[76.28536,17.16474],[76.2841,17.16464],[76.28408,17.16729],[76.27906,17.16655],[76.27263,17.16278],[76.26915,17.15968],[76.26149,17.1508],[76.2572,17.14926],[76.24356,17.15041],[76.24203,17.15085],[76.23932,17.15383],[76.23649,17.16273],[76.23338,17.16716],[76.23125,17.16936],[76.22791,17.17105],[76.22199,17.17511],[76.22111,17.17636],[76.22198,17.18269],[76.22178,17.18417],[76.22067,17.18577],[76.21897,17.18655],[76.21648,17.18684],[76.21429,17.18637],[76.2085,17.18394],[76.20621,17.18343],[76.20142,17.18333],[76.19293,17.18446],[76.19025,17.18515],[76.18665,17.18694],[76.17794,17.19237],[76.17654,17.19409],[76.17034,17.20579],[76.16395,17.21251],[76.15269,17.22163],[76.13466,17.23854],[76.12238,17.2484],[76.11717,17.25107],[76.11082,17.25265],[76.10179,17.25404],[76.09318,17.25472],[76.08991,17.25543],[76.08791,17.25682],[76.08623,17.2621],[76.08655,17.26473],[76.08991,17.27452],[76.09193,17.27756],[76.09775,17.28343],[76.09876,17.28711],[76.09882,17.28957],[76.09813,17.29177],[76.09705,17.29381],[76.09339,17.29743],[76.08675,17.29951],[76.07929,17.30282],[76.07381,17.30402],[76.06828,17.30675],[76.0668,17.30909],[76.06462,17.31527],[76.07102,17.32686],[76.07276,17.33127],[76.07364,17.33648],[76.07903,17.33167],[76.08133,17.33377],[76.08401,17.33429],[76.08412,17.33517],[76.08552,17.33611],[76.08767,17.33619],[76.08867,17.33833],[76.08809,17.34306],[76.08899,17.34485],[76.09069,17.34597],[76.08981,17.34699],[76.08986,17.34818],[76.0915,17.3496],[76.08892,17.35272],[76.09034,17.35487],[76.09461,17.35852],[76.09949,17.36449],[76.1011,17.36518],[76.10717,17.36602],[76.1197,17.37103],[76.12165,17.36782],[76.12543,17.36372],[76.13436,17.35691],[76.14403,17.35124],[76.14733,17.35009],[76.14669,17.34814],[76.14861,17.3476],[76.14891,17.34998],[76.16257,17.34485],[76.16225,17.33954],[76.16324,17.33388],[76.16394,17.31014],[76.16466,17.30308],[76.16917,17.30218],[76.17575,17.29996],[76.18105,17.30929],[76.182,17.31356],[76.18158,17.31519],[76.18304,17.31547],[76.18264,17.31864],[76.17875,17.31831],[76.17628,17.32437],[76.17269,17.33537],[76.17177,17.34612],[76.17019,17.35228],[76.18127,17.3586],[76.19557,17.36318],[76.20239,17.36221],[76.21239,17.36195],[76.22283,17.36458],[76.22874,17.36525],[76.22854,17.37303],[76.22759,17.37583],[76.2323,17.37646],[76.23598,17.37822],[76.23865,17.3788],[76.24463,17.37904]]]}},{"type":"Feature","properties":{"unitId":481,"unitName":"Devalagangapur PS"},"geometry":{"type":"Polygon","coordinates":[[[76.64632,17.2776],[76.6468,17.27868],[76.64821,17.27854],[76.65321,17.27982],[76.66048,17.27821],[76.6685,17.27952],[76.66864,17.28742],[76.67715,17.28573],[76.67731,17.2867],[76.67989,17.28796],[76.68719,17.28728],[76.69448,17.28736],[76.69511,17.28014],[76.69368,17.27214],[76.69708,17.27314],[76.69868,17.2727],[76.69907,17.27207],[76.70285,17.27215],[76.70968,17.26996],[76.70799,17.26188],[76.70816,17.24783],[76.7076,17.24184],[76.70636,17.24183],[76.70489,17.23282],[76.69389,17.2357],[76.68507,17.2338],[76.67855,17.23424],[76.67399,17.23548],[76.67098,17.22973],[76.66995,17.22528],[76.67056,17.22278],[76.67214,17.22025],[76.67142,17.21506],[76.67219,17.21502],[76.67201,17.21133],[76.67282,17.21142],[76.67157,17.20527],[76.68726,17.19887],[76.68627,17.19191],[76.68645,17.1832],[76.67934,17.1836],[76.67624,17.18318],[76.67003,17.18554],[76.66567,17.18579],[76.65749,17.18833],[76.65568,17.19047],[76.65354,17.19143],[76.65326,17.18893],[76.64923,17.18911],[76.6395,17.18833],[76.64078,17.18001],[76.64117,17.1714],[76.64037,17.16536],[76.63754,17.15284],[76.61784,17.15289],[76.61233,17.1545],[76.6124,17.14043],[76.60631,17.12935],[76.6028,17.11519],[76.61016,17.11329],[76.60876,17.10661],[76.60706,17.09344],[76.60554,17.08764],[76.60546,17.08217],[76.60665,17.08069],[76.60573,17.07815],[76.60565,17.06656],[76.60327,17.06042],[76.60232,17.05955],[76.59958,17.05948],[76.59219,17.06351],[76.58736,17.06507],[76.58052,17.066],[76.57432,17.06547],[76.56849,17.06384],[76.56402,17.06153],[76.56106,17.06085],[76.56024,17.06153],[76.55919,17.06432],[76.5592,17.06664],[76.56025,17.07036],[76.56315,17.07291],[76.56727,17.07555],[76.57249,17.07778],[76.58376,17.08419],[76.58537,17.08714],[76.58618,17.09208],[76.58587,17.09812],[76.58289,17.10168],[76.5734,17.10804],[76.57147,17.1085],[76.56873,17.10781],[76.56632,17.1065],[76.5623,17.102],[76.55945,17.10011],[76.56008,17.09857],[76.56008,17.09398],[76.55812,17.08235],[76.55447,17.08268],[76.54523,17.0814],[76.54253,17.07651],[76.5325,17.07781],[76.53239,17.08773],[76.53189,17.09193],[76.53076,17.09555],[76.52628,17.09362],[76.52024,17.08903],[76.51561,17.08929],[76.51379,17.08998],[76.5112,17.09222],[76.50971,17.09457],[76.50902,17.09684],[76.50915,17.10174],[76.51252,17.11012],[76.5175,17.11832],[76.51983,17.12174],[76.52538,17.12576],[76.53256,17.12753],[76.5456,17.12619],[76.54797,17.12664],[76.55431,17.13076],[76.55843,17.13583],[76.56514,17.1478],[76.5684,17.16236],[76.57004,17.16512],[76.57793,17.17275],[76.57823,17.17456],[76.57781,17.17601],[76.57657,17.1775],[76.57418,17.17902],[76.56496,17.18089],[76.55643,17.18516],[76.55269,17.1861],[76.55047,17.1859],[76.54817,17.18422],[76.54357,17.17608],[76.54178,17.17515],[76.53871,17.17482],[76.53391,17.17544],[76.52867,17.17708],[76.52569,17.17745],[76.52135,17.177],[76.51695,17.17442],[76.51627,17.17293],[76.5155,17.16548],[76.51433,17.16124],[76.50329,17.14712],[76.501,17.14468],[76.49456,17.13951],[76.49151,17.13793],[76.48672,17.13821],[76.48045,17.14094],[76.47546,17.14376],[76.47868,17.15059],[76.48114,17.15912],[76.47627,17.16851],[76.47717,17.17517],[76.47733,17.18208],[76.46951,17.18508],[76.47006,17.18772],[76.47007,17.19633],[76.46866,17.20822],[76.47313,17.20756],[76.47794,17.20758],[76.4916,17.20515],[76.49245,17.20473],[76.49348,17.20281],[76.49378,17.20066],[76.49541,17.19919],[76.4969,17.19927],[76.49743,17.19876],[76.49906,17.19672],[76.50006,17.19381],[76.50099,17.19376],[76.5033,17.19554],[76.50566,17.19983],[76.50679,17.20087],[76.51688,17.20771],[76.51754,17.20936],[76.51728,17.21796],[76.51801,17.21945],[76.5211,17.21921],[76.52196,17.21838],[76.5255,17.21832],[76.5292,17.22075],[76.53521,17.22136],[76.53665,17.22534],[76.53583,17.23077],[76.53686,17.23238],[76.54287,17.23562],[76.54072,17.23667],[76.52205,17.24246],[76.52321,17.25168],[76.53977,17.25482],[76.55064,17.2557],[76.55061,17.25325],[76.54448,17.24662],[76.54283,17.24412],[76.54326,17.24399],[76.55677,17.24471],[76.5694,17.24764],[76.57851,17.24841],[76.58505,17.2484],[76.58548,17.25043],[76.59529,17.25176],[76.60323,17.25728],[76.6054,17.26021],[76.60563,17.2617],[76.60935,17.26457],[76.6107,17.26498],[76.61259,17.27041],[76.61284,17.27458],[76.6172,17.27928],[76.62351,17.28744],[76.62732,17.29089],[76.63339,17.29522],[76.63433,17.29505],[76.63416,17.29196],[76.63525,17.29168],[76.63615,17.2839],[76.63854,17.28352],[76.63897,17.2791],[76.64294,17.27861],[76.64632,17.2776]]]}},{"type":"Feature","properties":{"unitId":482,"unitName":"Revoor PS"},"geometry":{"type":"Polygon","coordinates":[[[76.41581,17.37789],[76.42323,17.37684],[76.42345,17.37733],[76.42481,17.377],[76.43676,17.37319],[76.44058,17.37128],[76.44299,17.371],[76.4433,17.37021],[76.44511,17.37031],[76.44522,17.36935],[76.44788,17.36883],[76.44828,17.36052],[76.46294,17.35772],[76.47343,17.35898],[76.47225,17.34597],[76.47435,17.33427],[76.49387,17.32956],[76.51154,17.3261],[76.51579,17.32595],[76.51727,17.32537],[76.5168,17.32818],[76.51727,17.33602],[76.51873,17.33734],[76.5199,17.33704],[76.52072,17.3376],[76.52587,17.34275],[76.52785,17.34347],[76.5298,17.34183],[76.53441,17.34127],[76.55165,17.34107],[76.55313,17.34125],[76.55328,17.34489],[76.55694,17.34736],[76.55923,17.34756],[76.57379,17.34585],[76.59282,17.34562],[76.59505,17.34592],[76.59509,17.34628],[76.59803,17.34633],[76.60136,17.34729],[76.60149,17.34686],[76.60236,17.34707],[76.60436,17.34938],[76.61094,17.35483],[76.61384,17.35835],[76.61659,17.3602],[76.61919,17.36836],[76.61895,17.37028],[76.62307,17.3693],[76.62634,17.36737],[76.62807,17.36841],[76.63032,17.36762],[76.63112,17.36579],[76.6383,17.36548],[76.64145,17.36404],[76.64922,17.36263],[76.65252,17.36122],[76.65519,17.36086],[76.66047,17.36147],[76.66412,17.3613],[76.66346,17.35285],[76.66303,17.34982],[76.65613,17.33238],[76.65317,17.33237],[76.65166,17.32784],[76.64967,17.32787],[76.64907,17.32673],[76.64641,17.32838],[76.64023,17.32199],[76.63906,17.32174],[76.63911,17.31984],[76.63831,17.31698],[76.63539,17.31672],[76.6319,17.31378],[76.63143,17.31276],[76.63155,17.31073],[76.62909,17.31048],[76.63,17.30399],[76.63354,17.29765],[76.63306,17.29527],[76.63339,17.29522],[76.62732,17.29089],[76.62351,17.28744],[76.6172,17.27928],[76.61284,17.27458],[76.61259,17.27041],[76.6107,17.26498],[76.60935,17.26457],[76.60563,17.2617],[76.6054,17.26021],[76.60323,17.25728],[76.59529,17.25176],[76.58548,17.25043],[76.58505,17.2484],[76.57851,17.24841],[76.5694,17.24764],[76.55677,17.24471],[76.55057,17.24409],[76.54283,17.24412],[76.54448,17.24662],[76.55061,17.25325],[76.55064,17.2557],[76.53977,17.25482],[76.52321,17.25168],[76.52205,17.24246],[76.54072,17.23667],[76.54287,17.23562],[76.53686,17.23238],[76.53583,17.23077],[76.53665,17.22534],[76.53521,17.22136],[76.5292,17.22075],[76.5255,17.21832],[76.52196,17.21838],[76.5211,17.21921],[76.51801,17.21945],[76.51728,17.21796],[76.51754,17.20936],[76.51688,17.20771],[76.50679,17.20087],[76.50566,17.19983],[76.5033,17.19554],[76.50039,17.19355],[76.49858,17.1976],[76.4969,17.19927],[76.49541,17.19919],[76.49378,17.20066],[76.49348,17.20281],[76.49245,17.20473],[76.4916,17.20515],[76.47794,17.20758],[76.47188,17.20766],[76.45987,17.20953],[76.44837,17.20906],[76.4478,17.21659],[76.44828,17.23489],[76.44806,17.23747],[76.44636,17.2426],[76.44504,17.24905],[76.44489,17.25859],[76.44871,17.26414],[76.44922,17.26414],[76.44965,17.2654],[76.45046,17.26902],[76.44979,17.276],[76.45024,17.27799],[76.45211,17.27803],[76.45251,17.28107],[76.4522,17.28269],[76.45007,17.28524],[76.44798,17.28626],[76.44726,17.2881],[76.4442,17.29142],[76.44408,17.29213],[76.44697,17.30664],[76.44809,17.30919],[76.44831,17.3169],[76.44796,17.31714],[76.44771,17.3228],[76.44699,17.32696],[76.44604,17.33114],[76.44502,17.33275],[76.44541,17.33265],[76.44119,17.33798],[76.44019,17.339],[76.43812,17.33987],[76.43744,17.34094],[76.43033,17.34319],[76.4284,17.34331],[76.41905,17.34874],[76.4122,17.35083],[76.41219,17.35452],[76.40965,17.36385],[76.40874,17.36995],[76.4101,17.37342],[76.41125,17.37846],[76.41581,17.37789]]]}},{"type":"Feature","properties":{"unitId":483,"unitName":"Alland PS"},"geometry":{"type":"MultiPolygon","coordinates":[[[[76.62381,17.76039],[76.62593,17.75949],[76.62568,17.7578],[76.62762,17.75647],[76.6319,17.75571],[76.63161,17.75355],[76.6305,17.75195],[76.62841,17.75045],[76.62787,17.75088],[76.62968,17.74493],[76.63017,17.74141],[76.6326,17.73554],[76.63357,17.7281],[76.64088,17.7267],[76.65369,17.72241],[76.65908,17.71038],[76.66381,17.69124],[76.66447,17.69006],[76.66502,17.69023],[76.66531,17.68963],[76.66515,17.68799],[76.66685,17.68859],[76.66971,17.69058],[76.67301,17.69111],[76.67806,17.68878],[76.67991,17.68723],[76.68434,17.68577],[76.68838,17.68009],[76.6915,17.68161],[76.69522,17.67701],[76.69518,17.67077],[76.69436,17.66586],[76.69447,17.66379],[76.69532,17.6624],[76.6996,17.66195],[76.70709,17.66282],[76.70899,17.66252],[76.71094,17.66085],[76.71224,17.6577],[76.71187,17.65581],[76.70817,17.65182],[76.69991,17.64766],[76.69868,17.64636],[76.6983,17.6452],[76.69888,17.64208],[76.71117,17.63938],[76.71454,17.63896],[76.71475,17.63925],[76.71923,17.6367],[76.71944,17.63544],[76.71858,17.63448],[76.70852,17.63394],[76.70809,17.62415],[76.70575,17.61659],[76.70595,17.60869],[76.69988,17.60936],[76.69307,17.60596],[76.68899,17.60317],[76.6762,17.59921],[76.65783,17.59726],[76.64191,17.59812],[76.64117,17.59731],[76.63769,17.58947],[76.63808,17.58941],[76.63612,17.58076],[76.63585,17.57747],[76.63941,17.57686],[76.64009,17.57474],[76.64204,17.57453],[76.64456,17.56878],[76.64848,17.56196],[76.64885,17.55845],[76.64951,17.55797],[76.64892,17.55584],[76.64918,17.55342],[76.65476,17.55095],[76.65832,17.55065],[76.65726,17.54396],[76.64301,17.5468],[76.63464,17.54585],[76.63124,17.52961],[76.63041,17.52032],[76.63148,17.51192],[76.62536,17.51151],[76.62417,17.51101],[76.62182,17.50795],[76.6171,17.50549],[76.61035,17.50066],[76.60591,17.49574],[76.60054,17.49389],[76.59474,17.49521],[76.59188,17.49291],[76.58994,17.49224],[76.58883,17.49067],[76.58719,17.48564],[76.58435,17.48203],[76.58517,17.48174],[76.58266,17.47457],[76.58013,17.47099],[76.57935,17.4705],[76.57953,17.46725],[76.57988,17.46707],[76.57937,17.46538],[76.57758,17.46517],[76.56886,17.46733],[76.5648,17.46967],[76.56123,17.47031],[76.56223,17.47673],[76.56139,17.47768],[76.56318,17.47895],[76.56422,17.48106],[76.56356,17.48232],[76.56181,17.48362],[76.54746,17.48525],[76.54658,17.48704],[76.54736,17.48886],[76.54886,17.49041],[76.54823,17.49089],[76.54579,17.49196],[76.54212,17.49266],[76.53341,17.49221],[76.52924,17.49423],[76.52121,17.49497],[76.52238,17.50366],[76.51281,17.50353],[76.48682,17.50667],[76.48151,17.50676],[76.48273,17.5162],[76.47902,17.51728],[76.47077,17.51756],[76.47119,17.52232],[76.4706,17.52927],[76.46872,17.5296],[76.46486,17.52936],[76.45978,17.53027],[76.44931,17.53032],[76.44194,17.53088],[76.43829,17.5305],[76.43504,17.53106],[76.4342,17.54294],[76.43221,17.55001],[76.42964,17.5491],[76.42841,17.54778],[76.42361,17.54514],[76.42249,17.54367],[76.42049,17.54261],[76.41763,17.53678],[76.41225,17.5374],[76.39477,17.53695],[76.39184,17.53642],[76.39129,17.53688],[76.39052,17.54209],[76.39107,17.54231],[76.39102,17.54903],[76.39256,17.55836],[76.39275,17.56726],[76.3897,17.56757],[76.39211,17.57304],[76.39124,17.5748],[76.39219,17.57888],[76.39113,17.57971],[76.39119,17.58121],[76.39151,17.58222],[76.39355,17.58358],[76.39385,17.58546],[76.39228,17.58715],[76.38873,17.58872],[76.38949,17.59088],[76.38996,17.596],[76.38977,17.59981],[76.38885,17.60311],[76.39202,17.60417],[76.39698,17.60479],[76.41866,17.60509],[76.41879,17.60779],[76.42031,17.61365],[76.42211,17.61915],[76.4251,17.62516],[76.42688,17.6314],[76.42749,17.63641],[76.42731,17.64039],[76.42825,17.64523],[76.42745,17.6474],[76.42882,17.64668],[76.43097,17.64717],[76.43709,17.64587],[76.44086,17.64361],[76.44404,17.64236],[76.44113,17.64913],[76.45018,17.64878],[76.45042,17.64922],[76.45239,17.64883],[76.45212,17.65005],[76.45331,17.65126],[76.45152,17.65596],[76.45654,17.65798],[76.45805,17.65915],[76.46153,17.65969],[76.46793,17.65972],[76.4733,17.6606],[76.48599,17.66095],[76.48885,17.66168],[76.48578,17.66735],[76.4832,17.68051],[76.4835,17.69027],[76.48543,17.70095],[76.48569,17.71137],[76.48623,17.71581],[76.50177,17.71874],[76.50853,17.71816],[76.5086,17.71943],[76.51205,17.71962],[76.51573,17.7195],[76.51888,17.71775],[76.51987,17.7178],[76.52002,17.7163],[76.52402,17.71537],[76.52658,17.73019],[76.52727,17.73819],[76.52356,17.75781],[76.52378,17.7602],[76.52678,17.76019],[76.52919,17.75876],[76.53063,17.75857],[76.53714,17.76009],[76.5419,17.76227],[76.5457,17.76113],[76.55196,17.7644],[76.55599,17.7655],[76.55619,17.76597],[76.56092,17.76645],[76.5664,17.765],[76.57246,17.76138],[76.57246,17.75964],[76.57187,17.75978],[76.57094,17.75921],[76.57083,17.75842],[76.56906,17.7578],[76.56897,17.75649],[76.56701,17.75495],[76.56445,17.75102],[76.56761,17.7457],[76.56815,17.7403],[76.56783,17.73293],[76.57012,17.71851],[76.57079,17.70589],[76.57672,17.70619],[76.57678,17.70571],[76.57868,17.70547],[76.58646,17.70676],[76.58787,17.70774],[76.58897,17.71205],[76.594,17.72259],[76.59655,17.72361],[76.60063,17.7262],[76.60014,17.73332],[76.60101,17.73943],[76.60339,17.74586],[76.60425,17.75155],[76.60495,17.75834],[76.60398,17.75877],[76.605,17.75894],[76.60707,17.76063],[76.61143,17.77091],[76.61335,17.77118],[76.6167,17.77009],[76.61855,17.76837],[76.62275,17.76065],[76.62381,17.76039]]],[[[76.70011,17.70778],[76.70057,17.70622],[76.70377,17.70322],[76.70663,17.70141],[76.71105,17.69981],[76.71198,17.69889],[76.7125,17.6966],[76.71176,17.6945],[76.70341,17.69329],[76.69402,17.69593],[76.69445,17.69633],[76.69133,17.70073],[76.69233,17.7069],[76.693,17.70732],[76.69623,17.7073],[76.70035,17.70841],[76.70011,17.70778]]]]}},{"type":"Feature","properties":{"unitId":484,"unitName":"Madanahipparga PS"},"geometry":{"type":"Polygon","coordinates":[[[76.38977,17.59981],[76.38988,17.59436],[76.38949,17.59088],[76.38873,17.58872],[76.39228,17.58715],[76.39385,17.58546],[76.39355,17.58358],[76.39151,17.58222],[76.39119,17.58121],[76.39113,17.57971],[76.39219,17.57888],[76.39124,17.5748],[76.39211,17.57304],[76.3897,17.56757],[76.39275,17.56726],[76.39256,17.55836],[76.39102,17.54903],[76.39107,17.54231],[76.39052,17.54209],[76.39129,17.53688],[76.39184,17.53642],[76.39477,17.53695],[76.41225,17.5374],[76.41763,17.53678],[76.42049,17.54261],[76.42249,17.54367],[76.42361,17.54514],[76.42841,17.54778],[76.42964,17.5491],[76.43221,17.55001],[76.4342,17.54294],[76.43504,17.53106],[76.43829,17.5305],[76.44194,17.53088],[76.44931,17.53032],[76.45978,17.53027],[76.46486,17.52936],[76.46872,17.5296],[76.4706,17.52927],[76.47119,17.52232],[76.47077,17.51756],[76.47902,17.51728],[76.48273,17.5162],[76.48217,17.51041],[76.48009,17.50156],[76.47608,17.50161],[76.46873,17.50274],[76.46786,17.4969],[76.46731,17.48288],[76.4656,17.47761],[76.46497,17.47294],[76.4654,17.47129],[76.46437,17.46896],[76.46225,17.46629],[76.46485,17.46108],[76.46653,17.46112],[76.46754,17.4586],[76.46907,17.4589],[76.46947,17.45706],[76.47247,17.45801],[76.47531,17.45813],[76.47629,17.45798],[76.47653,17.45701],[76.48285,17.45683],[76.48488,17.45636],[76.48913,17.45697],[76.49259,17.45808],[76.4944,17.45786],[76.49586,17.44706],[76.49591,17.4396],[76.49508,17.43704],[76.49254,17.43648],[76.47413,17.42874],[76.45921,17.42722],[76.45401,17.42753],[76.45413,17.42942],[76.4483,17.43118],[76.43495,17.43153],[76.43002,17.43118],[76.42829,17.42274],[76.42578,17.41941],[76.42421,17.41871],[76.42282,17.41944],[76.42129,17.41759],[76.418,17.41028],[76.41763,17.4009],[76.41621,17.38935],[76.41534,17.38928],[76.41458,17.38556],[76.41255,17.38037],[76.41125,17.37846],[76.4091,17.37076],[76.40248,17.37197],[76.40178,17.37251],[76.37988,17.37387],[76.36805,17.37588],[76.36312,17.37749],[76.36689,17.39743],[76.36827,17.40193],[76.36925,17.40172],[76.36951,17.40303],[76.37061,17.41324],[76.36985,17.41682],[76.36952,17.42293],[76.37143,17.43605],[76.36742,17.43591],[76.35868,17.4374],[76.34673,17.43631],[76.33911,17.4345],[76.33253,17.43495],[76.33382,17.4412],[76.33369,17.44308],[76.33285,17.44524],[76.33335,17.45308],[76.33307,17.45545],[76.33102,17.45545],[76.33054,17.46407],[76.32958,17.47105],[76.34438,17.47241],[76.35005,17.47411],[76.36867,17.48326],[76.37542,17.48957],[76.37544,17.49041],[76.37498,17.49505],[76.37186,17.4958],[76.3654,17.49595],[76.3636,17.49638],[76.36036,17.49509],[76.35098,17.49411],[76.34584,17.49266],[76.34301,17.4995],[76.34268,17.50219],[76.34364,17.508],[76.3457,17.51355],[76.35609,17.51467],[76.36533,17.51718],[76.3653,17.51896],[76.36696,17.52],[76.36303,17.5358],[76.36302,17.53793],[76.35891,17.53879],[76.34913,17.53964],[76.34248,17.54181],[76.34057,17.54303],[76.33962,17.54562],[76.33928,17.55015],[76.33713,17.55713],[76.33551,17.56627],[76.33533,17.56682],[76.33336,17.56573],[76.33335,17.57449],[76.33236,17.57445],[76.33207,17.57984],[76.33266,17.58252],[76.33112,17.59067],[76.33046,17.59724],[76.33297,17.59844],[76.33558,17.59848],[76.33796,17.5977],[76.3416,17.59761],[76.34842,17.59578],[76.35153,17.59666],[76.36758,17.59709],[76.37669,17.6002],[76.37858,17.60246],[76.37924,17.60247],[76.38031,17.60351],[76.38917,17.60197],[76.38977,17.59981]]]}},{"type":"Feature","properties":{"unitId":485,"unitName":"Narona PS"},"geometry":{"type":"Polygon","coordinates":[[[76.75185,17.66623],[76.75827,17.66602],[76.75846,17.6657],[76.76941,17.66639],[76.77299,17.66572],[76.77324,17.65744],[76.7717,17.65134],[76.77145,17.64605],[76.77376,17.63979],[76.77348,17.63879],[76.7769,17.63634],[76.78099,17.63601],[76.78482,17.63685],[76.78375,17.63903],[76.78848,17.64314],[76.78714,17.6473],[76.7913,17.65218],[76.79148,17.65299],[76.79807,17.65088],[76.80078,17.65063],[76.80185,17.65001],[76.80715,17.65026],[76.80686,17.64852],[76.81412,17.65062],[76.81864,17.64967],[76.82234,17.65145],[76.82915,17.64957],[76.83535,17.64938],[76.83607,17.6495],[76.83767,17.65262],[76.83976,17.65275],[76.84157,17.65406],[76.84635,17.65023],[76.85031,17.64559],[76.85572,17.64356],[76.85674,17.64464],[76.85947,17.64561],[76.86391,17.64673],[76.86557,17.64603],[76.86587,17.64661],[76.86701,17.64705],[76.87497,17.64393],[76.87957,17.64372],[76.8831,17.64282],[76.89296,17.64317],[76.89832,17.64494],[76.89955,17.64449],[76.90207,17.64216],[76.90607,17.63744],[76.90763,17.63487],[76.90836,17.63642],[76.90974,17.63749],[76.91418,17.63903],[76.91969,17.63915],[76.92941,17.63737],[76.92838,17.63193],[76.92522,17.62741],[76.92451,17.62477],[76.91949,17.622],[76.91946,17.6206],[76.92225,17.61811],[76.92293,17.61424],[76.92192,17.60991],[76.92745,17.60663],[76.92943,17.60599],[76.93614,17.607],[76.94125,17.60665],[76.94171,17.60389],[76.94065,17.59997],[76.94062,17.59686],[76.93522,17.59449],[76.93001,17.59417],[76.92333,17.59144],[76.91725,17.59156],[76.91589,17.58783],[76.91574,17.5833],[76.91164,17.57586],[76.90917,17.57313],[76.90346,17.56286],[76.90306,17.5634],[76.90048,17.56399],[76.89787,17.56426],[76.89625,17.56393],[76.88997,17.56554],[76.88292,17.56422],[76.88273,17.55802],[76.88157,17.55566],[76.87956,17.5453],[76.87786,17.54215],[76.87488,17.53894],[76.87411,17.53728],[76.87341,17.53886],[76.87158,17.53853],[76.87048,17.53811],[76.86901,17.53591],[76.86692,17.53518],[76.86389,17.52834],[76.85841,17.52082],[76.85733,17.51582],[76.85347,17.5158],[76.84923,17.51481],[76.84184,17.51134],[76.84017,17.49515],[76.84024,17.48899],[76.83347,17.48818],[76.83324,17.48322],[76.8311,17.48356],[76.82965,17.48442],[76.82352,17.48459],[76.82342,17.48746],[76.82183,17.49102],[76.82026,17.49108],[76.81587,17.49031],[76.81148,17.4887],[76.7927,17.48559],[76.7881,17.48521],[76.77949,17.48546],[76.77393,17.48461],[76.77427,17.48409],[76.77409,17.48017],[76.77373,17.47843],[76.77187,17.47525],[76.77185,17.47377],[76.76854,17.47293],[76.76466,17.47078],[76.75862,17.46899],[76.75606,17.46777],[76.75155,17.46683],[76.75332,17.45871],[76.75655,17.45328],[76.7584,17.45119],[76.75334,17.45096],[76.74766,17.45136],[76.73339,17.4499],[76.73804,17.43825],[76.74001,17.43674],[76.7392,17.43587],[76.73625,17.43466],[76.72861,17.4346],[76.7247,17.42976],[76.72283,17.42661],[76.71926,17.42663],[76.71095,17.42957],[76.70635,17.42982],[76.70615,17.42907],[76.70013,17.43765],[76.69842,17.43809],[76.69795,17.44176],[76.69749,17.44243],[76.69464,17.44485],[76.69261,17.44434],[76.69056,17.44325],[76.68929,17.44042],[76.68835,17.44103],[76.68685,17.43978],[76.68465,17.43655],[76.68242,17.43618],[76.68161,17.43541],[76.67957,17.43199],[76.67846,17.42497],[76.67489,17.42463],[76.6704,17.42543],[76.66772,17.42537],[76.66554,17.41967],[76.66334,17.42015],[76.65846,17.4197],[76.65561,17.41314],[76.65496,17.41035],[76.65263,17.40886],[76.64952,17.40819],[76.64754,17.40663],[76.64693,17.40673],[76.64271,17.40321],[76.63957,17.39855],[76.63943,17.39693],[76.63633,17.39352],[76.63597,17.3914],[76.63342,17.39281],[76.62803,17.39427],[76.62121,17.39333],[76.62114,17.39533],[76.61996,17.39878],[76.6193,17.4032],[76.61657,17.40564],[76.61531,17.40923],[76.61409,17.40918],[76.6147,17.41211],[76.6142,17.41211],[76.61429,17.41268],[76.61513,17.41401],[76.61477,17.41621],[76.61439,17.41623],[76.61483,17.41682],[76.61376,17.41775],[76.61319,17.41946],[76.60853,17.42095],[76.60878,17.42458],[76.60819,17.42602],[76.60829,17.42745],[76.60874,17.42753],[76.60867,17.43008],[76.60763,17.43212],[76.61345,17.43354],[76.62178,17.43763],[76.62949,17.45461],[76.62602,17.45658],[76.62572,17.45805],[76.62497,17.45861],[76.624,17.4606],[76.6234,17.46254],[76.62382,17.46721],[76.62354,17.46997],[76.62314,17.47179],[76.62091,17.47645],[76.62057,17.47838],[76.62096,17.48171],[76.62008,17.48348],[76.61197,17.4946],[76.60688,17.49705],[76.61035,17.50066],[76.6171,17.50549],[76.62182,17.50795],[76.62417,17.51101],[76.62536,17.51151],[76.63148,17.51192],[76.63041,17.52032],[76.63124,17.52961],[76.63464,17.54585],[76.64301,17.5468],[76.65726,17.54396],[76.65832,17.55065],[76.65476,17.55095],[76.64918,17.55342],[76.64892,17.55584],[76.64951,17.55797],[76.64885,17.55845],[76.64848,17.56196],[76.64456,17.56878],[76.64204,17.57453],[76.64009,17.57474],[76.63941,17.57686],[76.63585,17.57747],[76.63612,17.58076],[76.63808,17.58941],[76.63769,17.58947],[76.63989,17.59496],[76.64191,17.59812],[76.65742,17.59723],[76.6762,17.59921],[76.68899,17.60317],[76.69307,17.60596],[76.69988,17.60936],[76.70595,17.60869],[76.70575,17.61659],[76.70809,17.62415],[76.70852,17.63394],[76.71858,17.63448],[76.71944,17.63544],[76.71923,17.6367],[76.71475,17.63925],[76.71965,17.64829],[76.7207,17.65185],[76.72071,17.65401],[76.72369,17.65531],[76.72477,17.65641],[76.72708,17.65677],[76.73222,17.65883],[76.73272,17.66527],[76.74182,17.66451],[76.74447,17.66489],[76.747,17.66672],[76.75185,17.66623]]]}},{"type":"Feature","properties":{"unitId":486,"unitName":"Nimbarga PS"},"geometry":{"type":"Polygon","coordinates":[[[76.48548,17.50669],[76.50558,17.5047],[76.51281,17.50353],[76.52238,17.50366],[76.52121,17.49497],[76.52924,17.49423],[76.53341,17.49221],[76.54212,17.49266],[76.54579,17.49196],[76.54823,17.49089],[76.54886,17.49041],[76.54736,17.48886],[76.54658,17.48704],[76.54746,17.48525],[76.56181,17.48362],[76.56356,17.48232],[76.56422,17.48106],[76.56318,17.47895],[76.56139,17.47768],[76.56223,17.47673],[76.56123,17.47031],[76.5648,17.46967],[76.56886,17.46733],[76.57758,17.46517],[76.57937,17.46538],[76.57988,17.46707],[76.57953,17.46725],[76.57935,17.4705],[76.58013,17.47099],[76.58266,17.47457],[76.58517,17.48174],[76.58435,17.48203],[76.58719,17.48564],[76.58883,17.49067],[76.58994,17.49224],[76.59188,17.49291],[76.59474,17.49521],[76.60054,17.49389],[76.60591,17.49574],[76.6071,17.49691],[76.61197,17.4946],[76.61491,17.49006],[76.61708,17.48794],[76.62096,17.48171],[76.62057,17.47838],[76.62091,17.47645],[76.62314,17.47179],[76.62354,17.46997],[76.62382,17.46721],[76.6234,17.46254],[76.624,17.4606],[76.62497,17.45861],[76.62572,17.45805],[76.62602,17.45658],[76.62949,17.45461],[76.62178,17.43763],[76.61345,17.43354],[76.60763,17.43212],[76.60867,17.43008],[76.60874,17.42753],[76.60829,17.42745],[76.60819,17.42602],[76.60878,17.42458],[76.60853,17.42095],[76.61319,17.41946],[76.61376,17.41775],[76.61483,17.41682],[76.61439,17.41623],[76.61477,17.41621],[76.61513,17.41401],[76.61429,17.41268],[76.6142,17.41211],[76.6147,17.41211],[76.61409,17.40918],[76.61531,17.40923],[76.61657,17.40564],[76.6193,17.4032],[76.61996,17.39878],[76.62114,17.39533],[76.62121,17.39333],[76.62803,17.39427],[76.63342,17.39281],[76.63597,17.3914],[76.63633,17.39352],[76.63943,17.39693],[76.63957,17.39855],[76.64271,17.40321],[76.64693,17.40673],[76.64754,17.40663],[76.64952,17.40819],[76.65263,17.40886],[76.65496,17.41035],[76.65561,17.41314],[76.65846,17.4197],[76.66334,17.42015],[76.66554,17.41967],[76.66772,17.42537],[76.6704,17.42543],[76.67489,17.42463],[76.67811,17.42508],[76.68075,17.42407],[76.68154,17.42422],[76.68194,17.42357],[76.68532,17.41453],[76.68579,17.41114],[76.68733,17.4092],[76.69216,17.40913],[76.69123,17.40573],[76.69758,17.40252],[76.6984,17.40135],[76.69872,17.39403],[76.69829,17.38968],[76.69415,17.38864],[76.6902,17.38628],[76.68145,17.38244],[76.66818,17.37568],[76.65808,17.37595],[76.65778,17.37119],[76.66135,17.37132],[76.66047,17.36147],[76.65519,17.36086],[76.65252,17.36122],[76.64922,17.36263],[76.64145,17.36404],[76.6383,17.36548],[76.63112,17.36579],[76.63032,17.36762],[76.62807,17.36841],[76.62634,17.36737],[76.62307,17.3693],[76.61895,17.37028],[76.61919,17.36836],[76.61659,17.3602],[76.61384,17.35835],[76.61094,17.35483],[76.60436,17.34938],[76.60236,17.34707],[76.60149,17.34686],[76.60136,17.34729],[76.59803,17.34633],[76.59509,17.34628],[76.59505,17.34592],[76.59282,17.34562],[76.57379,17.34585],[76.55923,17.34756],[76.55694,17.34736],[76.55328,17.34489],[76.55313,17.34125],[76.55165,17.34107],[76.53441,17.34127],[76.5298,17.34183],[76.52785,17.34347],[76.52587,17.34275],[76.52072,17.3376],[76.5199,17.33704],[76.51873,17.33734],[76.51727,17.33602],[76.5168,17.32818],[76.51727,17.32537],[76.51579,17.32595],[76.51154,17.3261],[76.49387,17.32956],[76.47435,17.33427],[76.47225,17.34597],[76.47343,17.35898],[76.46294,17.35772],[76.44828,17.36052],[76.44788,17.36883],[76.44522,17.36935],[76.44511,17.37031],[76.4433,17.37021],[76.44299,17.371],[76.44058,17.37128],[76.43676,17.37319],[76.42345,17.37733],[76.42323,17.37684],[76.41125,17.37846],[76.41255,17.38037],[76.41458,17.38556],[76.41534,17.38928],[76.41621,17.38935],[76.41763,17.4009],[76.418,17.41028],[76.42129,17.41759],[76.42282,17.41944],[76.42421,17.41871],[76.42578,17.41941],[76.42829,17.42274],[76.43002,17.43118],[76.43495,17.43153],[76.4483,17.43118],[76.45413,17.42942],[76.45401,17.42753],[76.46259,17.42742],[76.47413,17.42874],[76.49254,17.43648],[76.49508,17.43704],[76.49591,17.4396],[76.49588,17.44667],[76.4944,17.45786],[76.49259,17.45808],[76.48913,17.45697],[76.48488,17.45636],[76.48285,17.45683],[76.47653,17.45701],[76.47629,17.45798],[76.47531,17.45813],[76.47247,17.45801],[76.46947,17.45706],[76.46907,17.4589],[76.46754,17.4586],[76.46653,17.46112],[76.46485,17.46108],[76.46225,17.46629],[76.46437,17.46896],[76.4654,17.47129],[76.46497,17.47294],[76.4656,17.47761],[76.46731,17.48288],[76.46786,17.4969],[76.46873,17.50274],[76.47608,17.50161],[76.48009,17.50156],[76.48151,17.50676],[76.48548,17.50669]]]}},{"type":"Feature","properties":{"unitId":487,"unitName":"Chincholi PS"},"geometry":{"type":"Polygon","coordinates":[[[77.23021,17.63225],[77.23143,17.6322],[77.23218,17.63084],[77.23325,17.63033],[77.23567,17.63032],[77.23707,17.63139],[77.23963,17.63072],[77.24207,17.62919],[77.24307,17.6292],[77.24345,17.63005],[77.24435,17.62991],[77.25351,17.6261],[77.25338,17.62513],[77.25858,17.62327],[77.26321,17.62544],[77.27495,17.62733],[77.2772,17.62195],[77.27694,17.62134],[77.27864,17.6204],[77.27956,17.61786],[77.28199,17.61761],[77.28224,17.61714],[77.28297,17.61917],[77.28415,17.61907],[77.28698,17.61711],[77.28526,17.61504],[77.28728,17.61504],[77.28995,17.61334],[77.29034,17.61152],[77.29127,17.61119],[77.29459,17.61502],[77.29598,17.6144],[77.29419,17.61188],[77.29447,17.60844],[77.29654,17.6071],[77.29678,17.60779],[77.29862,17.60695],[77.29933,17.60591],[77.29803,17.60309],[77.30015,17.59894],[77.30028,17.59735],[77.30378,17.59771],[77.30459,17.59844],[77.31123,17.59535],[77.34319,17.58819],[77.34958,17.59897],[77.35781,17.60091],[77.36809,17.59737],[77.37686,17.59496],[77.37859,17.58358],[77.38427,17.58351],[77.38655,17.58375],[77.38792,17.58453],[77.39112,17.58481],[77.39285,17.58369],[77.39887,17.58304],[77.40306,17.58433],[77.40833,17.58298],[77.4149,17.58483],[77.42815,17.58617],[77.42821,17.58758],[77.44214,17.58401],[77.44616,17.58354],[77.45923,17.57964],[77.45991,17.58078],[77.46762,17.57778],[77.47282,17.57275],[77.47658,17.57333],[77.47767,17.56927],[77.48066,17.56863],[77.48589,17.56925],[77.48644,17.56972],[77.48828,17.56922],[77.49039,17.56938],[77.49279,17.56811],[77.49191,17.56282],[77.49243,17.56248],[77.49212,17.56225],[77.49261,17.56033],[77.49856,17.55204],[77.4998,17.5432],[77.50545,17.54471],[77.50684,17.53749],[77.5049,17.53198],[77.50432,17.52783],[77.50433,17.5024],[77.50304,17.48911],[77.49982,17.48425],[77.49698,17.4815],[77.49227,17.47421],[77.49042,17.46866],[77.48989,17.46826],[77.4893,17.46457],[77.48499,17.4553],[77.47755,17.4502],[77.47482,17.44741],[77.47198,17.44783],[77.47161,17.44725],[77.46657,17.4461],[77.46574,17.44571],[77.46413,17.44341],[77.46166,17.4443],[77.46159,17.44258],[77.46189,17.44272],[77.46216,17.4416],[77.45399,17.44106],[77.4524,17.44132],[77.452,17.44051],[77.451,17.44062],[77.45053,17.44115],[77.44764,17.43811],[77.4503,17.43392],[77.45132,17.42686],[77.45395,17.41855],[77.44483,17.40585],[77.4457,17.39872],[77.44093,17.39904],[77.43155,17.40505],[77.42499,17.4079],[77.42092,17.40854],[77.41765,17.40498],[77.41745,17.40371],[77.41862,17.4011],[77.41837,17.39966],[77.41502,17.39672],[77.41479,17.39801],[77.41403,17.39877],[77.4129,17.39941],[77.41214,17.39914],[77.41217,17.40157],[77.40943,17.40368],[77.40673,17.40497],[77.40659,17.4041],[77.40495,17.40344],[77.4041,17.40117],[77.40066,17.39992],[77.39993,17.39985],[77.39869,17.40062],[77.39859,17.40017],[77.39623,17.39996],[77.38911,17.39493],[77.38636,17.39573],[77.38564,17.40389],[77.38437,17.40335],[77.38059,17.40511],[77.37468,17.40572],[77.37468,17.41243],[77.37654,17.41853],[77.37468,17.4189],[77.37551,17.42094],[77.37449,17.42148],[77.37426,17.4234],[77.3717,17.42453],[77.37095,17.42809],[77.36929,17.42776],[77.36697,17.42806],[77.366,17.42862],[77.36423,17.43087],[77.36353,17.43107],[77.36234,17.43054],[77.35881,17.43253],[77.35476,17.43135],[77.34851,17.4313],[77.34952,17.43425],[77.34892,17.43953],[77.34832,17.44092],[77.35107,17.44118],[77.35184,17.44308],[77.35088,17.44614],[77.35089,17.45103],[77.35666,17.45639],[77.35404,17.4604],[77.35394,17.46316],[77.35484,17.46506],[77.34751,17.46669],[77.34748,17.4689],[77.34708,17.46906],[77.33997,17.46957],[77.33562,17.46746],[77.33716,17.46326],[77.33408,17.46269],[77.33141,17.46093],[77.32286,17.46004],[77.31991,17.46062],[77.32022,17.46309],[77.31781,17.4638],[77.31788,17.46573],[77.31601,17.4666],[77.31347,17.46679],[77.31283,17.46867],[77.29701,17.47281],[77.29658,17.47197],[77.29564,17.47235],[77.29531,17.47168],[77.29408,17.47112],[77.29429,17.46936],[77.28508,17.47091],[77.28292,17.46991],[77.28031,17.46953],[77.27789,17.46807],[77.2769,17.46875],[77.27602,17.4704],[77.27432,17.47142],[77.26958,17.47117],[77.26224,17.47452],[77.26839,17.48572],[77.27103,17.49194],[77.27032,17.49286],[77.25298,17.48955],[77.24318,17.49361],[77.23213,17.49454],[77.23584,17.49995],[77.23818,17.50445],[77.23847,17.50613],[77.23718,17.50827],[77.23828,17.51487],[77.23892,17.5162],[77.24037,17.51813],[77.24311,17.51808],[77.24565,17.52051],[77.23653,17.52581],[77.2192,17.52689],[77.21725,17.52842],[77.21451,17.52932],[77.214,17.53191],[77.19719,17.53463],[77.19528,17.53606],[77.19483,17.53713],[77.19008,17.5391],[77.18881,17.54008],[77.19035,17.54178],[77.19109,17.54545],[77.19362,17.55042],[77.19397,17.55197],[77.19398,17.55385],[77.19314,17.55484],[77.19287,17.55709],[77.19153,17.56076],[77.19232,17.56403],[77.19093,17.56384],[77.1896,17.56754],[77.19103,17.57318],[77.19277,17.57378],[77.19366,17.57812],[77.19428,17.57822],[77.19736,17.58138],[77.19767,17.58316],[77.19672,17.58373],[77.19761,17.58469],[77.19728,17.58986],[77.19991,17.59338],[77.1998,17.59571],[77.19705,17.59741],[77.19656,17.59889],[77.19411,17.60172],[77.19289,17.60419],[77.19228,17.60705],[77.18973,17.60878],[77.19006,17.61208],[77.18922,17.61584],[77.19419,17.61535],[77.19424,17.61711],[77.19368,17.61813],[77.19453,17.61849],[77.19499,17.62012],[77.19443,17.62467],[77.19619,17.6318],[77.19736,17.63142],[77.19726,17.6322],[77.19996,17.63235],[77.20063,17.63201],[77.20017,17.63112],[77.20273,17.63016],[77.20318,17.62949],[77.20311,17.63028],[77.20387,17.63024],[77.20442,17.6285],[77.20656,17.62685],[77.20915,17.6276],[77.21029,17.62949],[77.21082,17.62896],[77.21239,17.62878],[77.21602,17.63031],[77.21854,17.62915],[77.21989,17.62917],[77.22039,17.62933],[77.22022,17.63004],[77.2193,17.6302],[77.21945,17.63073],[77.22029,17.63063],[77.22159,17.63194],[77.22266,17.63103],[77.22805,17.63021],[77.22777,17.63162],[77.23021,17.63225]]]}},{"type":"Feature","properties":{"unitId":488,"unitName":"Kunchavaram PS"},"geometry":{"type":"Polygon","coordinates":[[[77.54439,17.56684],[77.54681,17.56161],[77.54753,17.5616],[77.54766,17.55929],[77.54821,17.55854],[77.54795,17.55584],[77.54889,17.55051],[77.55056,17.55125],[77.55585,17.55537],[77.56212,17.5525],[77.56838,17.55721],[77.57277,17.55651],[77.57322,17.55789],[77.57405,17.55825],[77.58278,17.5599],[77.58826,17.55987],[77.58814,17.56164],[77.58881,17.56523],[77.59027,17.56531],[77.59115,17.56469],[77.59194,17.56498],[77.59394,17.56422],[77.59674,17.5533],[77.59597,17.55241],[77.59613,17.55078],[77.59556,17.54886],[77.59519,17.53748],[77.59598,17.53559],[77.59756,17.53452],[77.59964,17.53523],[77.60056,17.53616],[77.60298,17.53513],[77.604,17.53598],[77.60515,17.53529],[77.60607,17.53345],[77.6099,17.53195],[77.61277,17.53414],[77.61419,17.5323],[77.61598,17.53191],[77.61959,17.52917],[77.63516,17.53245],[77.63945,17.52538],[77.6394,17.52391],[77.64144,17.52384],[77.64538,17.52248],[77.6538,17.52253],[77.65557,17.52207],[77.65988,17.52277],[77.6623,17.52256],[77.66394,17.52025],[77.66535,17.51937],[77.66573,17.51809],[77.66677,17.51761],[77.66784,17.51388],[77.6705,17.51298],[77.67546,17.50721],[77.67642,17.5079],[77.67809,17.50631],[77.67437,17.51013],[77.67762,17.50913],[77.67869,17.50763],[77.68021,17.5072],[77.68266,17.50739],[77.68394,17.51057],[77.68551,17.51217],[77.68656,17.5119],[77.68893,17.50379],[77.69002,17.50227],[77.69054,17.49573],[77.68866,17.49289],[77.68884,17.49181],[77.68642,17.49074],[77.68663,17.48893],[77.68739,17.48788],[77.68701,17.48432],[77.68733,17.48299],[77.68534,17.47532],[77.68411,17.4739],[77.68297,17.47412],[77.67689,17.47687],[77.67164,17.47738],[77.66628,17.47913],[77.66056,17.48026],[77.65871,17.47979],[77.65397,17.48248],[77.65248,17.48415],[77.65242,17.48556],[77.65323,17.48698],[77.65398,17.49116],[77.65443,17.49172],[77.65451,17.49635],[77.6555,17.50045],[77.65537,17.5018],[77.65618,17.50302],[77.65631,17.50516],[77.65542,17.50528],[77.6531,17.50159],[77.65074,17.49938],[77.64854,17.49643],[77.64781,17.49459],[77.64757,17.48971],[77.64429,17.47776],[77.6429,17.47772],[77.64071,17.47676],[77.63875,17.47335],[77.63711,17.47408],[77.6336,17.47335],[77.62762,17.47335],[77.6185,17.47408],[77.61623,17.47377],[77.61354,17.47188],[77.61171,17.46829],[77.61161,17.46647],[77.61371,17.46645],[77.61461,17.45975],[77.61396,17.45049],[77.61448,17.44618],[77.60754,17.44439],[77.60263,17.44469],[77.59982,17.44712],[77.59816,17.44722],[77.59782,17.4468],[77.5974,17.44701],[77.59745,17.4477],[77.59298,17.4494],[77.58948,17.45197],[77.58833,17.45198],[77.58586,17.45318],[77.58511,17.45499],[77.58171,17.45538],[77.58012,17.45613],[77.57888,17.45595],[77.57846,17.45639],[77.57911,17.45803],[77.57715,17.45416],[77.57712,17.4489],[77.57592,17.44703],[77.5754,17.44436],[77.57603,17.43699],[77.57677,17.43397],[77.57668,17.43054],[77.5739,17.43003],[77.56839,17.43272],[77.56032,17.432],[77.55617,17.43366],[77.55534,17.43447],[77.55208,17.43536],[77.54999,17.4369],[77.54535,17.43847],[77.5421,17.44046],[77.53889,17.44105],[77.53753,17.44536],[77.53269,17.44485],[77.51777,17.43212],[77.5059,17.44455],[77.50124,17.45663],[77.49712,17.46091],[77.49205,17.46503],[77.49042,17.46866],[77.49227,17.47421],[77.49698,17.4815],[77.49982,17.48425],[77.50304,17.48911],[77.50433,17.5024],[77.50432,17.52783],[77.5049,17.53198],[77.50684,17.53749],[77.50545,17.54471],[77.51195,17.54469],[77.51344,17.54958],[77.51687,17.55345],[77.52086,17.561],[77.52332,17.56265],[77.52271,17.56485],[77.52576,17.57343],[77.52848,17.57564],[77.53255,17.57695],[77.53633,17.57699],[77.5368,17.5759],[77.54229,17.57176],[77.54439,17.56684]]]}},{"type":"Feature","properties":{"unitId":489,"unitName":"Miryan PS"},"geometry":{"type":"Polygon","coordinates":[[[77.50124,17.45663],[77.5059,17.44455],[77.51451,17.43559],[77.51571,17.41896],[77.51049,17.41379],[77.51322,17.41533],[77.52743,17.41047],[77.54031,17.40747],[77.53955,17.40606],[77.52809,17.39394],[77.52609,17.39038],[77.52547,17.39037],[77.52359,17.38813],[77.523,17.38633],[77.52446,17.38609],[77.52467,17.38371],[77.5257,17.38357],[77.52518,17.3823],[77.52665,17.38051],[77.52859,17.37962],[77.53005,17.38118],[77.53204,17.3807],[77.53266,17.37899],[77.5315,17.37742],[77.53138,17.37419],[77.52956,17.37424],[77.52987,17.37384],[77.52955,17.37085],[77.52612,17.36818],[77.52408,17.36397],[77.51406,17.35998],[77.51043,17.36031],[77.50928,17.35939],[77.50534,17.35832],[77.50319,17.35506],[77.50231,17.35633],[77.49129,17.35844],[77.48867,17.35856],[77.48693,17.3581],[77.48652,17.3564],[77.48371,17.35474],[77.48315,17.35643],[77.48224,17.35608],[77.48121,17.35758],[77.47967,17.35743],[77.47868,17.35955],[77.47484,17.3615],[77.47528,17.36254],[77.47635,17.3623],[77.477,17.36507],[77.47681,17.36825],[77.47801,17.36888],[77.47857,17.37013],[77.47934,17.37038],[77.46618,17.37159],[77.46146,17.37306],[77.45296,17.37373],[77.45226,17.37169],[77.45313,17.37045],[77.45261,17.36805],[77.45306,17.36758],[77.45229,17.36606],[77.45273,17.36483],[77.45204,17.36435],[77.45224,17.36158],[77.4511,17.35937],[77.45196,17.35643],[77.45143,17.3527],[77.45446,17.35207],[77.45587,17.34926],[77.45689,17.34923],[77.45716,17.33703],[77.45607,17.332],[77.45718,17.33189],[77.45678,17.32323],[77.45141,17.32332],[77.45163,17.32161],[77.45202,17.32164],[77.45223,17.31753],[77.45151,17.31764],[77.44848,17.30892],[77.44808,17.30907],[77.44781,17.30671],[77.44574,17.30706],[77.44404,17.30293],[77.44317,17.3028],[77.44282,17.30078],[77.44003,17.30059],[77.43938,17.29764],[77.43869,17.29591],[77.43789,17.29564],[77.43701,17.29247],[77.43426,17.29285],[77.43275,17.2936],[77.43034,17.30151],[77.42292,17.30784],[77.42239,17.30939],[77.42261,17.31072],[77.42591,17.31598],[77.42611,17.31845],[77.42418,17.32373],[77.42146,17.33477],[77.42195,17.33942],[77.42112,17.34233],[77.42159,17.34578],[77.42379,17.34757],[77.42801,17.3498],[77.43174,17.35061],[77.43474,17.35462],[77.43487,17.35589],[77.43049,17.35903],[77.4303,17.36339],[77.42514,17.37033],[77.42241,17.37542],[77.42224,17.37517],[77.41744,17.37792],[77.41659,17.37941],[77.41694,17.38346],[77.42021,17.38654],[77.42082,17.3885],[77.41493,17.39517],[77.41502,17.39672],[77.41837,17.39966],[77.41862,17.4011],[77.41745,17.40371],[77.41765,17.40498],[77.42092,17.40854],[77.42499,17.4079],[77.43155,17.40505],[77.44093,17.39904],[77.4457,17.39872],[77.44483,17.40585],[77.45395,17.41855],[77.45132,17.42686],[77.4503,17.43392],[77.44764,17.43811],[77.45053,17.44115],[77.451,17.44062],[77.452,17.44051],[77.4524,17.44132],[77.45399,17.44106],[77.46216,17.4416],[77.46189,17.44272],[77.46159,17.44258],[77.46166,17.4443],[77.46413,17.44341],[77.46574,17.44571],[77.46657,17.4461],[77.47161,17.44725],[77.47198,17.44783],[77.47482,17.44741],[77.47755,17.4502],[77.48499,17.4553],[77.4893,17.46457],[77.48989,17.46826],[77.49042,17.46866],[77.49205,17.46503],[77.49712,17.46091],[77.50124,17.45663]]]}},{"type":"Feature","properties":{"unitId":490,"unitName":"Mudhol PS"},"geometry":{"type":"MultiPolygon","coordinates":[[[[77.36972,17.17814],[77.36914,17.17487],[77.36525,17.17154],[77.36524,17.17049],[77.36674,17.16989],[77.36684,17.16881],[77.3621,17.16463],[77.36166,17.16364],[77.36358,17.16321],[77.36381,17.16208],[77.36342,17.16124],[77.36404,17.16097],[77.36362,17.16023],[77.36427,17.15889],[77.36569,17.15978],[77.36745,17.15931],[77.36729,17.15766],[77.36634,17.15645],[77.36609,17.15666],[77.36615,17.15503],[77.36847,17.15368],[77.37613,17.15296],[77.38008,17.15205],[77.37894,17.14622],[77.37891,17.14228],[77.37826,17.14219],[77.37821,17.13994],[77.38469,17.13979],[77.39484,17.13581],[77.40463,17.13543],[77.40742,17.12598],[77.43011,17.11956],[77.431,17.11872],[77.44344,17.12345],[77.4551,17.11628],[77.45951,17.11459],[77.46315,17.11075],[77.46459,17.10663],[77.46275,17.10052],[77.46306,17.09951],[77.46277,17.09673],[77.46135,17.09136],[77.46475,17.09087],[77.47533,17.08018],[77.48261,17.08005],[77.48082,17.07488],[77.47893,17.07498],[77.47904,17.07311],[77.4823,17.06511],[77.48385,17.05883],[77.48471,17.05747],[77.48641,17.05666],[77.48655,17.05456],[77.49003,17.05165],[77.49095,17.05008],[77.48923,17.04937],[77.48984,17.04706],[77.49421,17.04483],[77.4976,17.04382],[77.49647,17.03939],[77.49582,17.02933],[77.498,17.02214],[77.5005,17.0196],[77.5021,17.0142],[77.50305,17.01403],[77.50231,17.00972],[77.49874,17.0099],[77.49797,17.00948],[77.49697,17.00784],[77.4935,17.00638],[77.4929,17.00419],[77.49093,17.00337],[77.48688,17.00316],[77.48545,17.00236],[77.4809,16.99759],[77.47914,16.99436],[77.4799,16.99189],[77.48276,16.98996],[77.48255,16.98817],[77.4831,16.9841],[77.48189,16.97612],[77.48205,16.97267],[77.48028,16.96957],[77.47848,16.96859],[77.47467,16.95951],[77.47297,16.95773],[77.46566,16.95906],[77.46501,16.95688],[77.4661,16.95545],[77.46564,16.95239],[77.46602,16.95056],[77.46668,16.95036],[77.46593,16.94684],[77.46496,16.9459],[77.46507,16.94414],[77.46655,16.94202],[77.4675,16.94179],[77.46817,16.93959],[77.46701,16.93866],[77.46585,16.93586],[77.46441,16.92912],[77.46905,16.92789],[77.46964,16.92138],[77.46908,16.91922],[77.46688,16.91682],[77.46662,16.91506],[77.46253,16.91684],[77.45903,16.91715],[77.45838,16.91485],[77.45367,16.91404],[77.45423,16.91032],[77.45759,16.90935],[77.45794,16.90879],[77.45598,16.90011],[77.45773,16.89812],[77.45715,16.89647],[77.45893,16.89477],[77.4574,16.89215],[77.45601,16.88828],[77.45569,16.88547],[77.44768,16.88629],[77.4372,16.88588],[77.43561,16.88641],[77.43318,16.88529],[77.43148,16.88517],[77.42943,16.8857],[77.42455,16.885],[77.41836,16.88189],[77.41753,16.88107],[77.41606,16.87752],[77.41616,16.87638],[77.41541,16.87568],[77.4139,16.87665],[77.41149,16.87433],[77.40968,16.87332],[77.4089,16.87558],[77.41005,16.8771],[77.40919,16.87849],[77.40331,16.88067],[77.40258,16.88209],[77.40119,16.88229],[77.40251,16.88393],[77.40144,16.88426],[77.40182,16.88752],[77.40433,16.89527],[77.40259,16.89518],[77.39995,16.89599],[77.39956,16.89892],[77.4013,16.8995],[77.40181,16.89696],[77.40455,16.89687],[77.4045,16.89828],[77.40464,16.89877],[77.40544,16.89877],[77.40593,16.90163],[77.40383,16.90105],[77.40405,16.90013],[77.40289,16.90135],[77.40008,16.9014],[77.40107,16.90165],[77.40116,16.90246],[77.39756,16.90354],[77.39588,16.90356],[77.39567,16.9028],[77.39511,16.9031],[77.395,16.90143],[77.39358,16.90084],[77.3932,16.89968],[77.39329,16.8975],[77.39114,16.89693],[77.39121,16.89475],[77.39011,16.89378],[77.38919,16.89129],[77.38853,16.8911],[77.38816,16.8927],[77.38758,16.89283],[77.38809,16.89384],[77.38868,16.89396],[77.38859,16.89681],[77.38717,16.8972],[77.38717,16.89808],[77.38449,16.89834],[77.38431,16.89647],[77.38307,16.89457],[77.38135,16.89621],[77.38017,16.89655],[77.37824,16.89639],[77.37815,16.89505],[77.37646,16.89525],[77.37643,16.89819],[77.37158,16.89875],[77.37135,16.89718],[77.36971,16.89882],[77.36854,16.90157],[77.36695,16.90186],[77.36623,16.90425],[77.36467,16.90502],[77.35492,16.90663],[77.35412,16.90806],[77.35158,16.90737],[77.3497,16.9087],[77.34926,16.91068],[77.34891,16.91061],[77.3475,16.91455],[77.34638,16.91626],[77.3467,16.91762],[77.34634,16.91967],[77.34441,16.9241],[77.34348,16.92493],[77.34217,16.92885],[77.34171,16.93447],[77.34092,16.93377],[77.34027,16.93136],[77.33867,16.93046],[77.33656,16.9309],[77.33631,16.93054],[77.32655,16.93465],[77.32062,16.93614],[77.32113,16.9384],[77.31992,16.94046],[77.32358,16.93917],[77.32482,16.94079],[77.32431,16.94285],[77.32315,16.94453],[77.32294,16.94371],[77.32344,16.94321],[77.32274,16.943],[77.32197,16.94394],[77.31966,16.94842],[77.31921,16.95033],[77.31981,16.9511],[77.32272,16.94987],[77.32056,16.94948],[77.32105,16.94774],[77.32249,16.94663],[77.32407,16.94661],[77.32405,16.94722],[77.32104,16.94924],[77.32145,16.94954],[77.32606,16.94799],[77.32544,16.94989],[77.32357,16.95129],[77.32316,16.95076],[77.32242,16.95188],[77.32408,16.95352],[77.32609,16.95376],[77.32619,16.95656],[77.32678,16.95721],[77.32762,16.95718],[77.32772,16.96111],[77.33166,16.96138],[77.33205,16.95854],[77.33291,16.95876],[77.33352,16.95839],[77.33475,16.95564],[77.33717,16.9554],[77.33749,16.95603],[77.33834,16.95622],[77.33873,16.95582],[77.33956,16.95671],[77.33859,16.95651],[77.33651,16.9574],[77.33568,16.95892],[77.33638,16.95962],[77.33548,16.95992],[77.33505,16.96225],[77.33527,16.96381],[77.33437,16.96601],[77.33622,16.96665],[77.33967,16.96129],[77.33928,16.9585],[77.33951,16.95709],[77.34005,16.95698],[77.34013,16.95564],[77.34125,16.95472],[77.34201,16.95576],[77.34308,16.95542],[77.34458,16.95307],[77.3475,16.95702],[77.35054,16.95762],[77.35029,16.95626],[77.35362,16.95581],[77.35547,16.95612],[77.35576,16.95746],[77.35738,16.95696],[77.35746,16.95799],[77.35784,16.95704],[77.35917,16.95644],[77.35762,16.9533],[77.35824,16.95253],[77.35656,16.94844],[77.35521,16.94716],[77.35551,16.94698],[77.36025,16.95322],[77.36236,16.95636],[77.35955,16.9696],[77.35808,16.98041],[77.361,16.98018],[77.3623,16.99416],[77.35465,17.00115],[77.35234,17.00188],[77.34892,17.00731],[77.34589,17.01029],[77.34562,17.01192],[77.33577,17.01891],[77.33335,17.01866],[77.33248,17.0176],[77.32814,17.01962],[77.32758,17.01616],[77.3312,17.01452],[77.33095,17.01107],[77.33251,17.0102],[77.33219,17.00799],[77.3329,17.00793],[77.33319,17.00332],[77.3338,17.00158],[77.33279,17.00149],[77.33246,16.999],[77.3317,16.99929],[77.33137,16.99826],[77.33112,16.99634],[77.33221,16.99619],[77.33089,16.99591],[77.33074,16.99528],[77.32925,16.99493],[77.32871,16.99533],[77.32709,16.99479],[77.32372,16.99603],[77.32407,16.99612],[77.32318,16.99698],[77.32273,16.99667],[77.3204,16.99854],[77.32059,17.0008],[77.31992,17.00027],[77.31952,17.00062],[77.31455,17.00638],[77.31267,17.00617],[77.31278,17.00796],[77.31175,17.00968],[77.31231,17.0112],[77.31194,17.01157],[77.31222,17.01287],[77.30837,17.01336],[77.30817,17.01371],[77.30895,17.01747],[77.30852,17.01888],[77.30636,17.01855],[77.30084,17.01914],[77.29664,17.01888],[77.29054,17.01956],[77.29356,17.02868],[77.29437,17.03537],[77.29646,17.03552],[77.30333,17.03755],[77.30473,17.03894],[77.30641,17.03945],[77.30823,17.03969],[77.31279,17.03912],[77.31292,17.0419],[77.3138,17.04564],[77.30897,17.04687],[77.30847,17.05989],[77.31063,17.06151],[77.3115,17.0635],[77.31285,17.06346],[77.31363,17.06044],[77.31492,17.06021],[77.31496,17.06081],[77.31673,17.06015],[77.32,17.05715],[77.3209,17.06632],[77.32048,17.06927],[77.32021,17.07023],[77.31892,17.07035],[77.31861,17.07293],[77.3179,17.07314],[77.31724,17.07484],[77.31487,17.07811],[77.31389,17.08212],[77.31453,17.08492],[77.31432,17.08574],[77.31356,17.08598],[77.31453,17.09252],[77.3132,17.09273],[77.31351,17.0978],[77.31402,17.09901],[77.31448,17.09871],[77.31593,17.09965],[77.31777,17.10554],[77.31701,17.10987],[77.31544,17.11435],[77.32212,17.11482],[77.33125,17.11433],[77.332,17.11914],[77.33145,17.11929],[77.33626,17.13366],[77.33686,17.13706],[77.33932,17.1358],[77.33974,17.13469],[77.34273,17.13435],[77.34424,17.13283],[77.34497,17.13881],[77.34776,17.14683],[77.33977,17.15001],[77.33677,17.1534],[77.33665,17.1543],[77.33758,17.16028],[77.33801,17.16038],[77.33835,17.1666],[77.34092,17.17839],[77.34828,17.17765],[77.35706,17.17782],[77.35842,17.17865],[77.36462,17.17978],[77.36884,17.1789],[77.36972,17.17814]],[[77.44419,17.02636],[77.44424,17.02676],[77.44378,17.0264],[77.44419,17.02636]]],[[[77.31693,16.94443],[77.31824,16.94259],[77.31925,16.94319],[77.32024,16.94231],[77.32075,16.94265],[77.32188,16.9416],[77.32101,16.94088],[77.31832,16.94181],[77.31523,16.94398],[77.3154,16.9449],[77.31445,16.94637],[77.3158,16.94697],[77.31693,16.94443]]],[[[77.32426,16.94086],[77.32369,16.93987],[77.32236,16.9404],[77.32251,16.94281],[77.32389,16.94272],[77.32345,16.94174],[77.32426,16.94086]]]]}},{"type":"Feature","properties":{"unitId":491,"unitName":"Kurakunta PS"},"geometry":{"type":"Polygon","coordinates":[[[77.3684,17.22431],[77.37161,17.21952],[77.37667,17.2201],[77.37979,17.22182],[77.3821,17.21834],[77.38945,17.21498],[77.39511,17.2136],[77.40211,17.21393],[77.40201,17.21017],[77.40142,17.20958],[77.40019,17.20945],[77.3992,17.2102],[77.39855,17.21006],[77.39672,17.20725],[77.39524,17.19924],[77.39516,17.19653],[77.39401,17.19395],[77.39202,17.19559],[77.39142,17.19491],[77.38847,17.19644],[77.38709,17.19555],[77.38478,17.19661],[77.38413,17.19569],[77.38302,17.19607],[77.38225,17.197],[77.38044,17.19704],[77.37941,17.19613],[77.37424,17.19747],[77.37447,17.19679],[77.37157,17.19576],[77.37363,17.19508],[77.37287,17.19505],[77.37367,17.19372],[77.37329,17.19055],[77.37045,17.18902],[77.36919,17.18693],[77.36968,17.18518],[77.37126,17.18272],[77.36972,17.17814],[77.36884,17.1789],[77.36462,17.17978],[77.35842,17.17865],[77.35706,17.17782],[77.34998,17.17759],[77.34305,17.17824],[77.34444,17.18107],[77.34493,17.1846],[77.3453,17.18913],[77.34496,17.1955],[77.34419,17.19896],[77.34154,17.20118],[77.33931,17.20467],[77.33854,17.20802],[77.33753,17.20702],[77.33549,17.20213],[77.33248,17.20264],[77.32983,17.20241],[77.32975,17.20042],[77.3264,17.20042],[77.32616,17.19913],[77.32353,17.19888],[77.32351,17.19817],[77.32213,17.1981],[77.32196,17.20106],[77.31881,17.20144],[77.3187,17.20184],[77.31657,17.20184],[77.31644,17.20522],[77.31755,17.20856],[77.31754,17.21099],[77.31235,17.21068],[77.31213,17.21175],[77.30575,17.21178],[77.3055,17.21299],[77.29767,17.2133],[77.29774,17.2138],[77.29661,17.2139],[77.29552,17.22086],[77.29549,17.22263],[77.30192,17.22556],[77.30576,17.22609],[77.31225,17.2254],[77.31423,17.22399],[77.31615,17.22161],[77.32148,17.2201],[77.32558,17.22094],[77.33101,17.22055],[77.33403,17.22293],[77.33752,17.22402],[77.34667,17.2222],[77.3479,17.22297],[77.34956,17.22809],[77.35101,17.22988],[77.3538,17.23062],[77.3557,17.23027],[77.36039,17.22799],[77.36401,17.22695],[77.36736,17.22534],[77.3684,17.22431]]]}},{"type":"Feature","properties":{"unitId":492,"unitName":"Malkhed PS"},"geometry":{"type":"Polygon","coordinates":[[[77.12157,17.28253],[77.12371,17.28077],[77.12575,17.27991],[77.126,17.28065],[77.12713,17.27794],[77.12739,17.27544],[77.12924,17.27219],[77.14806,17.27677],[77.14806,17.27729],[77.15442,17.27754],[77.15976,17.28259],[77.16382,17.28336],[77.16442,17.28095],[77.16522,17.28092],[77.16562,17.27791],[77.16821,17.27781],[77.16869,17.27695],[77.17076,17.27189],[77.17015,17.27181],[77.1699,17.27075],[77.18037,17.27],[77.1824,17.26717],[77.1844,17.26283],[77.18925,17.2652],[77.1987,17.26609],[77.19941,17.25829],[77.20098,17.25462],[77.20417,17.255],[77.20613,17.25454],[77.20622,17.25508],[77.22578,17.25128],[77.22616,17.2468],[77.22765,17.24626],[77.22815,17.24727],[77.22932,17.24707],[77.22942,17.24657],[77.23233,17.24671],[77.23513,17.24607],[77.23492,17.24857],[77.24648,17.24796],[77.25665,17.24873],[77.25722,17.25533],[77.25942,17.26315],[77.26961,17.26064],[77.27849,17.25662],[77.28223,17.25243],[77.28551,17.24992],[77.28754,17.24735],[77.29084,17.24507],[77.29064,17.24195],[77.29196,17.23732],[77.29288,17.23739],[77.29338,17.23471],[77.29449,17.23222],[77.29599,17.22271],[77.2885,17.22292],[77.28077,17.22106],[77.279,17.22114],[77.27349,17.22361],[77.27148,17.22376],[77.26814,17.22259],[77.27259,17.21991],[77.27364,17.21856],[77.27317,17.2123],[77.27384,17.20955],[77.2786,17.20929],[77.28013,17.20873],[77.284,17.20288],[77.28378,17.20258],[77.27614,17.20085],[77.27559,17.19999],[77.27092,17.19922],[77.2705,17.20197],[77.26527,17.20118],[77.26284,17.20134],[77.26223,17.2014],[77.26203,17.20273],[77.24624,17.20226],[77.24635,17.20149],[77.242,17.20051],[77.24275,17.19653],[77.24346,17.18752],[77.24151,17.18785],[77.24089,17.17764],[77.24271,17.17736],[77.24482,17.16661],[77.24446,17.1623],[77.24495,17.15999],[77.23804,17.1583],[77.23202,17.15758],[77.22118,17.158],[77.20967,17.15924],[77.2056,17.15907],[77.20523,17.1566],[77.20562,17.15646],[77.20547,17.15468],[77.2058,17.15463],[77.20542,17.15277],[77.20693,17.15181],[77.208,17.15032],[77.20871,17.1439],[77.20675,17.13841],[77.20671,17.13437],[77.20606,17.13205],[77.20424,17.13164],[77.20376,17.12698],[77.20169,17.12669],[77.20177,17.12376],[77.19074,17.12329],[77.18489,17.12367],[77.17256,17.12289],[77.17216,17.11953],[77.16859,17.12],[77.16851,17.12089],[77.16357,17.12117],[77.16504,17.11781],[77.15974,17.1174],[77.15792,17.11745],[77.15581,17.11828],[77.15319,17.11808],[77.15165,17.11875],[77.15163,17.12054],[77.15581,17.12034],[77.15582,17.12099],[77.15461,17.1214],[77.15411,17.12804],[77.156,17.12734],[77.15791,17.13622],[77.15695,17.13746],[77.156,17.13752],[77.1548,17.14484],[77.153,17.14487],[77.15297,17.14553],[77.15161,17.14545],[77.15161,17.15167],[77.1444,17.15275],[77.14453,17.1534],[77.14284,17.1538],[77.13138,17.15517],[77.12976,17.16183],[77.12811,17.1615],[77.12661,17.16442],[77.12121,17.16261],[77.11836,17.16083],[77.1157,17.16675],[77.11497,17.1705],[77.11027,17.17023],[77.10914,17.17461],[77.10857,17.1746],[77.10809,17.17586],[77.11518,17.17726],[77.12909,17.18304],[77.12799,17.18431],[77.12744,17.18603],[77.12653,17.1915],[77.12605,17.20161],[77.12663,17.20556],[77.1337,17.20595],[77.15136,17.20862],[77.15035,17.21345],[77.15031,17.21575],[77.1534,17.21526],[77.15348,17.21565],[77.15345,17.23608],[77.14299,17.23384],[77.13568,17.2342],[77.13495,17.23627],[77.13644,17.23846],[77.13669,17.24007],[77.1356,17.2419],[77.13379,17.24329],[77.12952,17.24316],[77.1296,17.24455],[77.12625,17.24479],[77.1262,17.24564],[77.10517,17.24559],[77.10498,17.24805],[77.10327,17.25195],[77.10248,17.25524],[77.10052,17.25494],[77.09949,17.26377],[77.09998,17.27181],[77.10144,17.27779],[77.10054,17.28221],[77.1099,17.2831],[77.11401,17.28459],[77.12046,17.28598],[77.12157,17.28253]]]}},{"type":"Feature","properties":{"unitId":493,"unitName":"Sedam PS"},"geometry":{"type":"MultiPolygon","coordinates":[[[[77.279,17.22114],[77.28295,17.22145],[77.2885,17.22292],[77.29549,17.22263],[77.29661,17.2139],[77.29774,17.2138],[77.29767,17.2133],[77.3055,17.21299],[77.30575,17.21178],[77.31213,17.21175],[77.31235,17.21068],[77.31754,17.21099],[77.31755,17.20856],[77.31644,17.20522],[77.31657,17.20184],[77.3187,17.20184],[77.31881,17.20144],[77.32196,17.20106],[77.32213,17.1981],[77.32351,17.19817],[77.32353,17.19888],[77.32616,17.19913],[77.3264,17.20042],[77.32975,17.20042],[77.32983,17.20241],[77.33248,17.20264],[77.33549,17.20213],[77.33753,17.20702],[77.33854,17.20802],[77.33931,17.20467],[77.34154,17.20118],[77.34419,17.19896],[77.34496,17.1955],[77.3453,17.18913],[77.34444,17.18107],[77.34305,17.17824],[77.34092,17.17839],[77.33835,17.1666],[77.33801,17.16038],[77.33758,17.16028],[77.33665,17.1543],[77.33677,17.1534],[77.33977,17.15001],[77.34776,17.14683],[77.34497,17.13881],[77.34424,17.13283],[77.34273,17.13435],[77.33974,17.13469],[77.33932,17.1358],[77.33686,17.13706],[77.33626,17.13366],[77.33145,17.11929],[77.332,17.11914],[77.33125,17.11433],[77.32212,17.11482],[77.31544,17.11435],[77.31701,17.10987],[77.31777,17.10554],[77.31593,17.09965],[77.31448,17.09871],[77.31402,17.09901],[77.31351,17.0978],[77.3132,17.09273],[77.31453,17.09252],[77.31356,17.08598],[77.31432,17.08574],[77.31453,17.08492],[77.31389,17.08212],[77.31487,17.07811],[77.31724,17.07484],[77.3179,17.07314],[77.31861,17.07293],[77.31892,17.07035],[77.32021,17.07023],[77.32048,17.06927],[77.3209,17.06632],[77.32,17.05715],[77.31673,17.06015],[77.31496,17.06081],[77.31492,17.06021],[77.31363,17.06044],[77.31285,17.06346],[77.3115,17.0635],[77.31063,17.06151],[77.30847,17.05989],[77.30897,17.04687],[77.3138,17.04564],[77.31292,17.0419],[77.31279,17.03912],[77.30823,17.03969],[77.30641,17.03945],[77.30473,17.03894],[77.30333,17.03755],[77.29646,17.03552],[77.29437,17.03537],[77.29356,17.02868],[77.29054,17.01956],[77.29664,17.01888],[77.30084,17.01914],[77.30636,17.01855],[77.30852,17.01888],[77.30895,17.01747],[77.30817,17.01371],[77.30837,17.01336],[77.31222,17.01287],[77.31194,17.01157],[77.31231,17.0112],[77.31175,17.00968],[77.31278,17.00796],[77.31267,17.00617],[77.31455,17.00638],[77.31952,17.00062],[77.31992,17.00027],[77.32059,17.0008],[77.3204,16.99854],[77.32273,16.99667],[77.32318,16.99698],[77.32407,16.99612],[77.32372,16.99603],[77.32709,16.99479],[77.32871,16.99533],[77.32925,16.99493],[77.33074,16.99528],[77.33089,16.99591],[77.33221,16.99619],[77.33112,16.99634],[77.33137,16.99826],[77.3317,16.99929],[77.33246,16.999],[77.33279,17.00149],[77.3338,17.00158],[77.33319,17.00332],[77.3329,17.00793],[77.33219,17.00799],[77.33251,17.0102],[77.33095,17.01107],[77.3312,17.01452],[77.32758,17.01616],[77.32814,17.01962],[77.33248,17.0176],[77.33335,17.01866],[77.33577,17.01891],[77.34562,17.01192],[77.34589,17.01029],[77.34892,17.00731],[77.35234,17.00188],[77.35465,17.00115],[77.3623,16.99416],[77.361,16.98018],[77.35808,16.98041],[77.35955,16.9696],[77.36236,16.95636],[77.35551,16.94698],[77.35521,16.94716],[77.35656,16.94844],[77.35824,16.95253],[77.35762,16.9533],[77.35917,16.95644],[77.35784,16.95704],[77.35746,16.95799],[77.35738,16.95696],[77.35576,16.95746],[77.35547,16.95612],[77.35362,16.95581],[77.35029,16.95626],[77.35054,16.95762],[77.3475,16.95702],[77.34458,16.95307],[77.34308,16.95542],[77.34201,16.95576],[77.34125,16.95472],[77.34013,16.95564],[77.34005,16.95698],[77.33951,16.95709],[77.33928,16.9585],[77.33967,16.96129],[77.33622,16.96665],[77.33437,16.96601],[77.33527,16.96381],[77.33505,16.96225],[77.33548,16.95992],[77.33638,16.95962],[77.33568,16.95892],[77.33651,16.9574],[77.33859,16.95651],[77.33956,16.95671],[77.33873,16.95582],[77.33834,16.95622],[77.33749,16.95603],[77.33717,16.9554],[77.33475,16.95564],[77.33352,16.95839],[77.33291,16.95876],[77.33205,16.95854],[77.33166,16.96138],[77.32772,16.96111],[77.32762,16.95718],[77.32678,16.95721],[77.32619,16.95656],[77.32609,16.95376],[77.32408,16.95352],[77.32242,16.95188],[77.32316,16.95076],[77.32357,16.95129],[77.32544,16.94989],[77.32606,16.94799],[77.32145,16.94954],[77.32104,16.94924],[77.32405,16.94722],[77.32407,16.94661],[77.32249,16.94663],[77.32105,16.94774],[77.32056,16.94948],[77.32272,16.94987],[77.31981,16.9511],[77.31921,16.95033],[77.31966,16.94842],[77.32197,16.94394],[77.32274,16.943],[77.32344,16.94321],[77.32294,16.94371],[77.32315,16.94453],[77.32431,16.94285],[77.32482,16.94079],[77.32358,16.93917],[77.31992,16.94046],[77.32113,16.9384],[77.32062,16.93614],[77.31788,16.93539],[77.31623,16.93284],[77.31275,16.93044],[77.31233,16.92852],[77.31124,16.92763],[77.30753,16.92836],[77.3076,16.9289],[77.30528,16.92953],[77.30083,16.92982],[77.29808,16.93207],[77.29595,16.93282],[77.29387,16.93287],[77.29328,16.93333],[77.29273,16.93506],[77.29114,16.93562],[77.29009,16.93544],[77.29013,16.93602],[77.28927,16.93632],[77.28922,16.93723],[77.28789,16.93593],[77.28797,16.93528],[77.28272,16.93367],[77.27576,16.93078],[77.27343,16.92823],[77.26895,16.92833],[77.26839,16.92933],[77.26582,16.9299],[77.26378,16.92841],[77.2622,16.92797],[77.26014,16.92999],[77.25793,16.93043],[77.25447,16.93257],[77.25255,16.93226],[77.25085,16.93273],[77.25018,16.93365],[77.24878,16.9338],[77.24708,16.9334],[77.24622,16.93239],[77.24492,16.93974],[77.24394,16.94121],[77.24222,16.94249],[77.23412,16.93872],[77.2315,16.93823],[77.2318,16.94256],[77.23137,16.9424],[77.23139,16.94346],[77.22691,16.94136],[77.22686,16.94068],[77.22452,16.94274],[77.21423,16.94324],[77.21181,16.94468],[77.21309,16.94717],[77.21548,16.94887],[77.21577,16.94954],[77.21886,16.95035],[77.21922,16.95085],[77.219,16.95328],[77.21979,16.95391],[77.22,16.95596],[77.21923,16.95667],[77.2197,16.95783],[77.21878,16.95956],[77.21841,16.96391],[77.21702,16.96657],[77.21031,16.96734],[77.20729,16.98499],[77.20888,16.98591],[77.22191,16.98858],[77.22827,16.99111],[77.22841,16.99424],[77.22802,16.99435],[77.22598,17.00086],[77.22462,17.00146],[77.22521,17.00266],[77.22504,17.00313],[77.2242,17.00308],[77.22448,17.00796],[77.22276,17.00914],[77.2229,17.00994],[77.22193,17.01058],[77.22238,17.01317],[77.22118,17.01352],[77.2213,17.01404],[77.22053,17.01417],[77.22073,17.01498],[77.21974,17.01542],[77.22047,17.01874],[77.21871,17.01936],[77.21846,17.02029],[77.21917,17.02168],[77.21896,17.02354],[77.21956,17.02723],[77.21864,17.02671],[77.21544,17.02634],[77.21485,17.02709],[77.21272,17.02716],[77.21328,17.03191],[77.21212,17.03227],[77.21198,17.03383],[77.21017,17.03757],[77.20614,17.04083],[77.19951,17.04227],[77.19934,17.04312],[77.20011,17.04442],[77.1991,17.04533],[77.19741,17.0459],[77.1978,17.04751],[77.19621,17.0484],[77.19627,17.04971],[77.19208,17.05085],[77.1925,17.05909],[77.19094,17.06854],[77.19143,17.07257],[77.19415,17.07678],[77.1952,17.07999],[77.19758,17.07973],[77.19861,17.08348],[77.20188,17.08646],[77.20355,17.09081],[77.20502,17.09086],[77.20658,17.09856],[77.20671,17.10969],[77.20291,17.1098],[77.19848,17.10923],[77.19567,17.10966],[77.1949,17.11262],[77.19439,17.12341],[77.20177,17.12376],[77.20169,17.12669],[77.20376,17.12698],[77.20424,17.13164],[77.20606,17.13205],[77.20644,17.13314],[77.20675,17.13841],[77.20871,17.1439],[77.208,17.15032],[77.20693,17.15181],[77.20542,17.15277],[77.2058,17.15463],[77.20547,17.15468],[77.20562,17.15646],[77.20523,17.1566],[77.2056,17.15907],[77.20967,17.15924],[77.22118,17.158],[77.23202,17.15758],[77.23804,17.1583],[77.24495,17.15999],[77.24446,17.1623],[77.24482,17.16661],[77.24271,17.17736],[77.24089,17.17764],[77.24151,17.18785],[77.24346,17.18752],[77.24275,17.19653],[77.242,17.20051],[77.24635,17.20149],[77.24624,17.20226],[77.26203,17.20273],[77.26223,17.2014],[77.26284,17.20134],[77.26527,17.20118],[77.2705,17.20197],[77.27092,17.19922],[77.27559,17.19999],[77.27614,17.20085],[77.28378,17.20258],[77.284,17.20288],[77.28013,17.20873],[77.2786,17.20929],[77.27384,17.20955],[77.27317,17.2123],[77.27364,17.21856],[77.27259,17.21991],[77.26814,17.22259],[77.27148,17.22376],[77.27349,17.22361],[77.279,17.22114]],[[77.31735,16.9428],[77.31832,16.94181],[77.32101,16.94088],[77.32188,16.9416],[77.32075,16.94265],[77.32024,16.94231],[77.31925,16.94319],[77.31824,16.94259],[77.3158,16.94697],[77.31445,16.94637],[77.3154,16.9449],[77.31523,16.94398],[77.31735,16.9428]],[[77.32251,16.94281],[77.32236,16.9404],[77.32369,16.93987],[77.32426,16.94086],[77.32345,16.94174],[77.32389,16.94272],[77.32251,16.94281]]],[[[77.33445,17.25506],[77.33636,17.24756],[77.33999,17.24739],[77.34014,17.24219],[77.34147,17.24196],[77.3529,17.2421],[77.35864,17.24368],[77.35906,17.24507],[77.36577,17.24529],[77.3687,17.25478],[77.3814,17.2513],[77.38272,17.24961],[77.38358,17.2307],[77.38529,17.22404],[77.38028,17.22105],[77.37979,17.22182],[77.37667,17.2201],[77.37161,17.21952],[77.36736,17.22534],[77.3557,17.23027],[77.3538,17.23062],[77.35101,17.22988],[77.34956,17.22809],[77.3479,17.22297],[77.34667,17.2222],[77.33752,17.22402],[77.33403,17.22293],[77.33101,17.22055],[77.32558,17.22094],[77.32148,17.2201],[77.31615,17.22161],[77.31423,17.22399],[77.31225,17.2254],[77.30576,17.22609],[77.30192,17.22556],[77.29599,17.22271],[77.29449,17.23222],[77.29338,17.23471],[77.29288,17.23739],[77.29196,17.23732],[77.29064,17.24195],[77.29084,17.24507],[77.28824,17.24671],[77.28551,17.24992],[77.28223,17.25243],[77.27974,17.25556],[77.2802,17.25646],[77.2937,17.25625],[77.3043,17.25692],[77.30921,17.25615],[77.31667,17.25395],[77.31726,17.25499],[77.32094,17.25666],[77.32395,17.25959],[77.33345,17.25843],[77.33445,17.25506]]]]}},{"type":"Feature","properties":{"unitId":494,"unitName":"Ratkal PS"},"geometry":{"type":"Polygon","coordinates":[[[77.14879,17.6323],[77.14977,17.63202],[77.15071,17.63258],[77.15085,17.63164],[77.15147,17.63132],[77.15091,17.63247],[77.1513,17.63253],[77.15265,17.63104],[77.15277,17.62998],[77.15498,17.62878],[77.15735,17.6284],[77.16132,17.62935],[77.16495,17.62817],[77.17105,17.62736],[77.17162,17.62697],[77.17096,17.62505],[77.17013,17.62513],[77.1702,17.62183],[77.17159,17.6245],[77.17153,17.62386],[77.17297,17.62423],[77.17862,17.62198],[77.18112,17.61917],[77.18264,17.61848],[77.18743,17.61879],[77.18934,17.61569],[77.18982,17.61395],[77.19011,17.61128],[77.18973,17.60878],[77.19228,17.60705],[77.19289,17.60419],[77.19411,17.60172],[77.19656,17.59889],[77.19705,17.59741],[77.1998,17.59571],[77.19991,17.59338],[77.19728,17.58986],[77.19761,17.58469],[77.19672,17.58373],[77.19767,17.58316],[77.19736,17.58138],[77.19428,17.57822],[77.19366,17.57812],[77.19277,17.57378],[77.19103,17.57318],[77.1896,17.56754],[77.19093,17.56384],[77.19232,17.56403],[77.19153,17.56076],[77.19287,17.55709],[77.19314,17.55484],[77.19398,17.55385],[77.19397,17.55197],[77.19362,17.55042],[77.19109,17.54545],[77.19035,17.54178],[77.18881,17.54008],[77.19008,17.5391],[77.19483,17.53713],[77.19528,17.53606],[77.19719,17.53463],[77.214,17.53191],[77.21451,17.52932],[77.21725,17.52842],[77.2192,17.52689],[77.23653,17.52581],[77.24565,17.52051],[77.24311,17.51808],[77.24037,17.51813],[77.23892,17.5162],[77.23828,17.51487],[77.23718,17.50827],[77.23847,17.50613],[77.23818,17.50445],[77.23584,17.49995],[77.23213,17.49454],[77.24318,17.49361],[77.25298,17.48955],[77.27032,17.49286],[77.27103,17.49194],[77.2673,17.48335],[77.26224,17.47452],[77.26958,17.47117],[77.27432,17.47142],[77.27602,17.4704],[77.2769,17.46875],[77.27788,17.46807],[77.27751,17.46398],[77.27783,17.45972],[77.27957,17.4463],[77.27722,17.44555],[77.27241,17.44624],[77.26996,17.44204],[77.26728,17.43938],[77.26202,17.43555],[77.2585,17.43564],[77.25403,17.43383],[77.25241,17.43366],[77.25081,17.43171],[77.2459,17.43301],[77.24147,17.43327],[77.2409,17.43243],[77.24292,17.42914],[77.24658,17.41673],[77.2488,17.41753],[77.25028,17.41754],[77.25085,17.40728],[77.27016,17.40875],[77.27468,17.40811],[77.27552,17.40971],[77.27978,17.40947],[77.28074,17.41006],[77.28483,17.41049],[77.28434,17.40847],[77.28549,17.40848],[77.28573,17.40679],[77.28847,17.40437],[77.28815,17.40045],[77.28942,17.39732],[77.29154,17.39598],[77.2908,17.39427],[77.29065,17.38772],[77.28619,17.37839],[77.28619,17.37645],[77.28553,17.37533],[77.28534,17.37309],[77.2847,17.37226],[77.27811,17.37145],[77.27336,17.37307],[77.26007,17.37354],[77.25143,17.37291],[77.24114,17.37067],[77.2371,17.37068],[77.23684,17.36957],[77.23461,17.36933],[77.23426,17.36694],[77.23188,17.36658],[77.22852,17.3634],[77.22799,17.36191],[77.22897,17.36066],[77.22818,17.35893],[77.22631,17.3568],[77.22621,17.35548],[77.22445,17.3556],[77.22341,17.35431],[77.22064,17.35537],[77.22093,17.35735],[77.22177,17.35927],[77.2245,17.35894],[77.22525,17.36125],[77.22531,17.36377],[77.22422,17.36325],[77.224,17.36448],[77.22043,17.36445],[77.22005,17.36615],[77.21743,17.36578],[77.216,17.3661],[77.2155,17.36566],[77.21497,17.36621],[77.21352,17.36623],[77.2128,17.36443],[77.2098,17.36443],[77.20711,17.36452],[77.20703,17.36546],[77.20315,17.36558],[77.20323,17.36638],[77.19502,17.36669],[77.19435,17.36811],[77.19447,17.37297],[77.1816,17.37419],[77.17545,17.37537],[77.17255,17.37827],[77.17264,17.38122],[77.17098,17.3844],[77.16233,17.39365],[77.16026,17.39449],[77.15676,17.39701],[77.15578,17.39546],[77.15419,17.39478],[77.14852,17.39485],[77.14738,17.39391],[77.1452,17.39362],[77.14198,17.39421],[77.14076,17.39347],[77.13949,17.39411],[77.13751,17.39383],[77.13294,17.39012],[77.13083,17.38932],[77.13006,17.38928],[77.12949,17.38982],[77.12739,17.38882],[77.12503,17.38932],[77.12267,17.38868],[77.1183,17.38922],[77.11734,17.38891],[77.11722,17.38947],[77.11651,17.38874],[77.10826,17.3879],[77.10717,17.38855],[77.10859,17.39539],[77.11027,17.40009],[77.11184,17.40938],[77.11613,17.40997],[77.11387,17.41718],[77.10578,17.42342],[77.1021,17.42321],[77.09629,17.42419],[77.09149,17.42409],[77.09004,17.42357],[77.0892,17.43058],[77.08932,17.4361],[77.08881,17.43644],[77.08911,17.43914],[77.08124,17.44115],[77.08337,17.45385],[77.08287,17.462],[77.08316,17.46584],[77.08616,17.46858],[77.09182,17.4704],[77.09487,17.47005],[77.09511,17.47343],[77.09553,17.47358],[77.09556,17.48144],[77.09465,17.48498],[77.09418,17.49333],[77.09407,17.49384],[77.09138,17.49387],[77.09113,17.5049],[77.09294,17.51055],[77.09259,17.51213],[77.09334,17.51422],[77.09413,17.51988],[77.0963,17.5242],[77.09631,17.53151],[77.09759,17.53592],[77.09842,17.5361],[77.09846,17.53824],[77.09719,17.53935],[77.0973,17.53979],[77.09878,17.54013],[77.09064,17.54169],[77.08542,17.54489],[77.08311,17.5458],[77.08134,17.54947],[77.08067,17.54937],[77.07795,17.55399],[77.07772,17.55504],[77.07907,17.5553],[77.07852,17.56312],[77.08018,17.5661],[77.08161,17.57078],[77.08146,17.57244],[77.08228,17.57661],[77.08157,17.58174],[77.08177,17.58234],[77.08585,17.58535],[77.09036,17.58549],[77.09129,17.58623],[77.093,17.58658],[77.09938,17.58613],[77.10195,17.58548],[77.106,17.58553],[77.12271,17.58755],[77.12411,17.58618],[77.12391,17.58424],[77.1215,17.5826],[77.1199,17.57923],[77.12113,17.57299],[77.1257,17.57023],[77.128,17.56648],[77.13182,17.56541],[77.13505,17.56676],[77.13786,17.56601],[77.13862,17.56634],[77.13897,17.56755],[77.13996,17.5683],[77.14394,17.56678],[77.14566,17.5667],[77.14751,17.56748],[77.14985,17.56767],[77.15023,17.57038],[77.15097,17.57155],[77.15058,17.57235],[77.15106,17.57298],[77.15352,17.57322],[77.1556,17.5761],[77.15671,17.57641],[77.15783,17.57824],[77.15891,17.57876],[77.15909,17.5816],[77.16147,17.58352],[77.15969,17.58582],[77.15825,17.58578],[77.1562,17.5849],[77.15541,17.58526],[77.15344,17.58659],[77.15064,17.59082],[77.14895,17.59213],[77.14385,17.59343],[77.14178,17.59484],[77.14147,17.59687],[77.14304,17.60045],[77.14266,17.6005],[77.14239,17.60306],[77.14161,17.6038],[77.13633,17.60181],[77.1351,17.60188],[77.13395,17.60334],[77.13593,17.6064],[77.13575,17.60839],[77.13658,17.60865],[77.13471,17.61154],[77.13528,17.61371],[77.13735,17.61786],[77.13671,17.62042],[77.13781,17.62401],[77.14322,17.62587],[77.14403,17.62927],[77.14384,17.63066],[77.14482,17.63203],[77.14745,17.6331],[77.14879,17.6323]]]}},{"type":"Feature","properties":{"unitId":495,"unitName":"Sulepet PS"},"geometry":{"type":"MultiPolygon","coordinates":[[[[77.29865,17.4724],[77.31283,17.46867],[77.31347,17.46679],[77.31601,17.4666],[77.31788,17.46573],[77.31781,17.4638],[77.32022,17.46309],[77.31991,17.46062],[77.32286,17.46004],[77.33141,17.46093],[77.33408,17.46269],[77.33716,17.46326],[77.33562,17.46746],[77.33997,17.46957],[77.34708,17.46906],[77.34748,17.4689],[77.34751,17.46669],[77.35484,17.46506],[77.35394,17.46316],[77.35404,17.4604],[77.35666,17.45639],[77.35089,17.45103],[77.35088,17.44614],[77.35184,17.44308],[77.35107,17.44118],[77.34832,17.44092],[77.34892,17.43953],[77.34952,17.43425],[77.34853,17.43128],[77.35476,17.43135],[77.35881,17.43253],[77.36234,17.43054],[77.36353,17.43107],[77.36423,17.43087],[77.366,17.42862],[77.36697,17.42806],[77.36929,17.42776],[77.37095,17.42809],[77.3717,17.42453],[77.37426,17.4234],[77.37449,17.42148],[77.37551,17.42094],[77.37468,17.4189],[77.37654,17.41853],[77.37468,17.41243],[77.37468,17.40572],[77.38059,17.40511],[77.38437,17.40335],[77.38564,17.40389],[77.38636,17.39573],[77.38911,17.39493],[77.39623,17.39996],[77.39859,17.40017],[77.39869,17.40062],[77.39993,17.39985],[77.40066,17.39992],[77.4041,17.40117],[77.40495,17.40344],[77.40659,17.4041],[77.40673,17.40497],[77.40943,17.40368],[77.41217,17.40157],[77.41214,17.39914],[77.41306,17.39938],[77.41479,17.39801],[77.41513,17.39477],[77.42082,17.3885],[77.42021,17.38654],[77.41694,17.38346],[77.41659,17.37941],[77.41701,17.37845],[77.42224,17.37517],[77.42241,17.37542],[77.42514,17.37033],[77.4303,17.36339],[77.43049,17.35903],[77.43487,17.35589],[77.43474,17.35462],[77.43174,17.35061],[77.42801,17.3498],[77.42379,17.34757],[77.42159,17.34578],[77.42112,17.34233],[77.42195,17.33942],[77.42146,17.33477],[77.42418,17.32373],[77.42611,17.31845],[77.42591,17.31598],[77.42261,17.31072],[77.42239,17.30939],[77.42292,17.30784],[77.43034,17.30151],[77.43275,17.2936],[77.43426,17.29285],[77.45498,17.28811],[77.45591,17.28723],[77.45905,17.28139],[77.45898,17.27933],[77.45811,17.27786],[77.45442,17.27631],[77.45202,17.27168],[77.45299,17.27148],[77.45251,17.27005],[77.44455,17.27051],[77.44343,17.26964],[77.43662,17.25991],[77.43461,17.25865],[77.42755,17.25703],[77.42618,17.25597],[77.42297,17.25076],[77.421,17.24488],[77.42081,17.23671],[77.4197,17.2367],[77.41969,17.23765],[77.41443,17.23763],[77.41165,17.23692],[77.40968,17.23991],[77.40771,17.23974],[77.40529,17.23556],[77.39524,17.23063],[77.39081,17.22709],[77.38529,17.22404],[77.38358,17.2307],[77.38272,17.24961],[77.3814,17.2513],[77.3687,17.25478],[77.36577,17.24529],[77.35906,17.24507],[77.35864,17.24368],[77.3529,17.2421],[77.34147,17.24196],[77.34014,17.24219],[77.33999,17.24739],[77.33636,17.24756],[77.33567,17.25129],[77.33345,17.25843],[77.32395,17.25959],[77.32094,17.25666],[77.31726,17.25499],[77.31667,17.25395],[77.30921,17.25615],[77.3043,17.25692],[77.2937,17.25625],[77.2802,17.25646],[77.27974,17.25556],[77.27579,17.25814],[77.26805,17.26109],[77.26606,17.27251],[77.26588,17.27685],[77.26513,17.27741],[77.26293,17.28249],[77.26232,17.28905],[77.26113,17.289],[77.26053,17.29799],[77.26132,17.30328],[77.26218,17.30547],[77.25677,17.30772],[77.25251,17.31064],[77.24822,17.31412],[77.24545,17.31819],[77.24489,17.31978],[77.24229,17.32184],[77.23878,17.32349],[77.23981,17.32705],[77.23959,17.32899],[77.23587,17.32943],[77.23541,17.33683],[77.23211,17.33742],[77.23146,17.33909],[77.22867,17.34076],[77.22624,17.34568],[77.2242,17.34828],[77.22283,17.35187],[77.22357,17.35456],[77.22445,17.3556],[77.22621,17.35548],[77.22631,17.3568],[77.22818,17.35893],[77.22897,17.36066],[77.22799,17.36191],[77.22852,17.3634],[77.23188,17.36658],[77.23426,17.36694],[77.23461,17.36933],[77.23684,17.36957],[77.2371,17.37068],[77.24114,17.37067],[77.25143,17.37291],[77.26007,17.37354],[77.27336,17.37307],[77.27811,17.37145],[77.2847,17.37226],[77.28534,17.37309],[77.28553,17.37533],[77.28619,17.37645],[77.28619,17.37839],[77.29065,17.38772],[77.2908,17.39427],[77.29154,17.39598],[77.28942,17.39732],[77.28815,17.40045],[77.28847,17.40437],[77.28573,17.40679],[77.28549,17.40848],[77.28434,17.40847],[77.28483,17.41049],[77.28074,17.41006],[77.27978,17.40947],[77.27552,17.40971],[77.27468,17.40811],[77.27016,17.40875],[77.25085,17.40728],[77.25028,17.41754],[77.2488,17.41753],[77.24658,17.41673],[77.24292,17.42914],[77.24087,17.43282],[77.24147,17.43327],[77.2459,17.43301],[77.25081,17.43171],[77.25241,17.43366],[77.25403,17.43383],[77.2585,17.43564],[77.26202,17.43555],[77.26728,17.43938],[77.26996,17.44204],[77.27241,17.44624],[77.27722,17.44555],[77.27957,17.4463],[77.27783,17.45972],[77.27751,17.46398],[77.27788,17.46807],[77.28031,17.46953],[77.28292,17.46991],[77.28508,17.47091],[77.29429,17.46936],[77.29408,17.47112],[77.29531,17.47168],[77.29564,17.47235],[77.29658,17.47197],[77.29701,17.47281],[77.29865,17.4724]]],[[[77.44432,17.02646],[77.44378,17.0264],[77.44424,17.02676],[77.44432,17.02646]]]]}},{"type":"Feature","properties":{"unitId":496,"unitName":"Ashoknagar PS"},"geometry":{"type":"Polygon","coordinates":[[[76.82109,17.33299],[76.82529,17.33203],[76.82495,17.33056],[76.82544,17.32896],[76.82442,17.32868],[76.82423,17.32758],[76.81824,17.3228],[76.81804,17.32028],[76.81705,17.3173],[76.81507,17.31351],[76.8167,17.30337],[76.81594,17.30037],[76.81077,17.3016],[76.8093,17.30446],[76.8079,17.31033],[76.80886,17.31407],[76.80891,17.31718],[76.81037,17.32086],[76.8054,17.32373],[76.80819,17.32832],[76.80771,17.32975],[76.81066,17.33003],[76.81099,17.33146],[76.81449,17.33098],[76.81475,17.33143],[76.81853,17.33269],[76.82109,17.33299]]]}},{"type":"Feature","properties":{"unitId":497,"unitName":"Brahmapur PS"},"geometry":{"type":"Polygon","coordinates":[[[76.84413,17.34055],[76.84441,17.3417],[76.84528,17.34097],[76.84507,17.3396],[76.8464,17.33889],[76.84932,17.33838],[76.8487,17.33335],[76.84736,17.33345],[76.84746,17.33104],[76.84647,17.33128],[76.84588,17.32897],[76.84814,17.32818],[76.84815,17.3253],[76.84766,17.32552],[76.84701,17.32452],[76.84624,17.32485],[76.84526,17.32428],[76.84527,17.32323],[76.84463,17.32209],[76.84486,17.32024],[76.84431,17.31892],[76.84355,17.31887],[76.84281,17.31893],[76.84269,17.32176],[76.84121,17.32636],[76.83419,17.32848],[76.83298,17.32654],[76.83289,17.32792],[76.82816,17.32832],[76.82813,17.33055],[76.8287,17.33252],[76.82765,17.33535],[76.82729,17.33814],[76.83189,17.33764],[76.83954,17.34188],[76.84413,17.34055]]]}},{"type":"Feature","properties":{"unitId":498,"unitName":"Ragavendra nagar PS"},"geometry":{"type":"MultiPolygon","coordinates":[[[[76.82838,17.34228],[76.82729,17.33814],[76.82765,17.33535],[76.8287,17.33252],[76.82817,17.32885],[76.82544,17.32897],[76.82495,17.33056],[76.82529,17.33203],[76.82066,17.33312],[76.81475,17.33143],[76.81449,17.33098],[76.81099,17.33146],[76.81066,17.33003],[76.80766,17.32974],[76.80701,17.3342],[76.80826,17.33726],[76.80395,17.33782],[76.80399,17.3421],[76.80778,17.34253],[76.81066,17.34223],[76.81149,17.34582],[76.81009,17.34913],[76.81436,17.35532],[76.8166,17.35699],[76.82289,17.34833],[76.82668,17.34628],[76.8286,17.34403],[76.82838,17.34228]]],[[[76.80886,17.31407],[76.8079,17.31033],[76.8093,17.30446],[76.81077,17.3016],[76.81594,17.30037],[76.81377,17.29507],[76.80764,17.29588],[76.80833,17.29717],[76.80622,17.29769],[76.80665,17.30137],[76.80576,17.30273],[76.80415,17.30371],[76.80492,17.30521],[76.80437,17.30556],[76.80429,17.3098],[76.80649,17.31317],[76.80954,17.3214],[76.81037,17.32086],[76.80891,17.31718],[76.80886,17.31407]]],[[[76.81601,17.31538],[76.81644,17.31622],[76.81601,17.31538]]],[[[76.81511,17.31319],[76.81514,17.31366],[76.81511,17.31319]]],[[[76.81725,17.31782],[76.81746,17.31854],[76.81725,17.31782]]]]}},{"type":"Feature","properties":{"unitId":499,"unitName":"Station Bazar PS"},"geometry":{"type":"Polygon","coordinates":[[[76.82818,17.32852],[76.83289,17.32792],[76.83298,17.32654],[76.83419,17.32848],[76.84121,17.32636],[76.84269,17.32176],[76.84305,17.31948],[76.84273,17.31785],[76.84476,17.31744],[76.84446,17.31651],[76.84568,17.31464],[76.84578,17.31303],[76.84506,17.3126],[76.845,17.31133],[76.84449,17.3113],[76.84453,17.31093],[76.8452,17.31059],[76.8461,17.31118],[76.84868,17.31088],[76.85134,17.30598],[76.84844,17.30602],[76.84329,17.30779],[76.84271,17.307],[76.84165,17.30721],[76.84132,17.3091],[76.84041,17.30951],[76.84044,17.31074],[76.83795,17.31216],[76.83673,17.30877],[76.83431,17.30744],[76.83154,17.30671],[76.82687,17.30691],[76.82596,17.29826],[76.81714,17.30007],[76.81511,17.31319],[76.81725,17.31782],[76.81824,17.3228],[76.82423,17.32758],[76.82442,17.32868],[76.8277,17.32905],[76.82818,17.32852]]]}},{"type":"Feature","properties":{"unitId":500,"unitName":"Roza PS"},"geometry":{"type":"Polygon","coordinates":[[[76.85897,17.34167],[76.85905,17.33949],[76.85802,17.33962],[76.85699,17.33905],[76.85385,17.33919],[76.84922,17.3384],[76.8464,17.33889],[76.84507,17.3396],[76.84528,17.34097],[76.8444,17.3417],[76.84485,17.34334],[76.8444,17.34423],[76.84464,17.34673],[76.84357,17.34848],[76.84107,17.35],[76.84886,17.36356],[76.85316,17.36013],[76.85888,17.35064],[76.85958,17.34753],[76.85897,17.34167]]]}},{"type":"Feature","properties":{"unitId":501,"unitName":"Gulbarga Rural PS"},"geometry":{"type":"Polygon","coordinates":[[[76.87582,17.49468],[76.88067,17.49323],[76.88397,17.49031],[76.88755,17.48973],[76.89184,17.48815],[76.89894,17.48657],[76.89788,17.48261],[76.89717,17.48279],[76.89714,17.48056],[76.89406,17.47303],[76.89564,17.46688],[76.90128,17.46791],[76.90678,17.46794],[76.91263,17.46762],[76.92106,17.46466],[76.92396,17.46563],[76.92996,17.46545],[76.93005,17.45922],[76.94435,17.45412],[76.94371,17.44931],[76.94119,17.44127],[76.93899,17.44102],[76.93927,17.43076],[76.94028,17.42537],[76.94121,17.42307],[76.93095,17.42221],[76.93061,17.41977],[76.92707,17.42055],[76.92708,17.42274],[76.92244,17.42413],[76.92045,17.42425],[76.92003,17.41171],[76.91898,17.40487],[76.91826,17.4033],[76.91304,17.39687],[76.9088,17.39383],[76.90312,17.39096],[76.90113,17.38801],[76.8989,17.38982],[76.89402,17.39189],[76.88842,17.39286],[76.88575,17.39264],[76.88461,17.38527],[76.88181,17.38374],[76.8796,17.3818],[76.87467,17.38028],[76.87398,17.37131],[76.87222,17.36567],[76.87029,17.35575],[76.86881,17.3557],[76.86929,17.35104],[76.86762,17.34942],[76.86717,17.34669],[76.86348,17.34022],[76.86207,17.34076],[76.86083,17.34065],[76.85958,17.34023],[76.85905,17.33949],[76.85958,17.34753],[76.85888,17.35064],[76.85316,17.36013],[76.84886,17.36356],[76.84574,17.35786],[76.8456,17.35943],[76.84387,17.3612],[76.84523,17.36441],[76.84475,17.36579],[76.84337,17.36572],[76.84032,17.36384],[76.8391,17.36424],[76.83713,17.36736],[76.83499,17.36697],[76.83468,17.36427],[76.83151,17.36443],[76.83055,17.366],[76.82865,17.36647],[76.82832,17.36336],[76.82758,17.36318],[76.82653,17.36488],[76.82423,17.36464],[76.82332,17.3685],[76.82152,17.36713],[76.81979,17.37213],[76.8177,17.37536],[76.81568,17.37653],[76.81605,17.37714],[76.81593,17.37902],[76.81528,17.37992],[76.81262,17.38018],[76.81441,17.37641],[76.81126,17.37563],[76.81187,17.37368],[76.80445,17.37281],[76.80246,17.3744],[76.80169,17.3742],[76.80162,17.37577],[76.80243,17.3783],[76.80185,17.3801],[76.79895,17.38076],[76.79608,17.38036],[76.7938,17.38147],[76.79199,17.38157],[76.79233,17.37669],[76.79212,17.37627],[76.79097,17.37695],[76.79057,17.37244],[76.78904,17.36841],[76.79003,17.36669],[76.79102,17.3629],[76.79082,17.36036],[76.79149,17.35759],[76.78979,17.35101],[76.78942,17.34442],[76.7877,17.34079],[76.78747,17.33367],[76.79395,17.33345],[76.79977,17.33457],[76.79942,17.33824],[76.80826,17.33726],[76.80701,17.3342],[76.80745,17.33046],[76.80819,17.32832],[76.8054,17.32373],[76.80952,17.32135],[76.80686,17.31401],[76.80497,17.31067],[76.80231,17.3115],[76.80024,17.3094],[76.79384,17.30519],[76.79034,17.30116],[76.78567,17.29704],[76.78347,17.29556],[76.77945,17.29416],[76.77308,17.28964],[76.77108,17.28602],[76.77062,17.28151],[76.76917,17.27503],[76.76713,17.26954],[76.76423,17.26953],[76.76115,17.26872],[76.76075,17.26913],[76.75922,17.26912],[76.75826,17.27001],[76.75687,17.27324],[76.75524,17.27292],[76.75418,17.27466],[76.75151,17.28644],[76.75125,17.29073],[76.75258,17.29318],[76.75365,17.30056],[76.75251,17.32225],[76.73265,17.31938],[76.71715,17.31827],[76.71632,17.3177],[76.70323,17.31531],[76.70665,17.32777],[76.69953,17.32756],[76.69693,17.32792],[76.69682,17.33182],[76.69563,17.33889],[76.691,17.34037],[76.69142,17.34768],[76.69038,17.35701],[76.67116,17.3588],[76.66754,17.3578],[76.66369,17.35737],[76.66412,17.3613],[76.66047,17.36147],[76.66135,17.37132],[76.65778,17.37119],[76.65808,17.37595],[76.66818,17.37568],[76.68145,17.38244],[76.6902,17.38628],[76.69415,17.38864],[76.69829,17.38968],[76.69872,17.39403],[76.6984,17.40135],[76.69758,17.40252],[76.69123,17.40573],[76.69216,17.40913],[76.68733,17.4092],[76.68579,17.41114],[76.68532,17.41453],[76.68194,17.42357],[76.68154,17.42422],[76.68075,17.42407],[76.67846,17.42497],[76.67957,17.43199],[76.68014,17.43313],[76.68217,17.43605],[76.68465,17.43655],[76.68685,17.43978],[76.68835,17.44103],[76.68929,17.44042],[76.69056,17.44325],[76.69464,17.44485],[76.69795,17.44176],[76.69842,17.43809],[76.70013,17.43765],[76.70615,17.42907],[76.70635,17.42982],[76.71095,17.42957],[76.71926,17.42663],[76.72283,17.42661],[76.7247,17.42976],[76.72861,17.4346],[76.73625,17.43466],[76.7392,17.43587],[76.74001,17.43674],[76.73804,17.43825],[76.73339,17.4499],[76.74766,17.45136],[76.75334,17.45096],[76.7584,17.45119],[76.75655,17.45328],[76.75332,17.45871],[76.75155,17.46683],[76.75606,17.46777],[76.75862,17.46899],[76.76466,17.47078],[76.76854,17.47293],[76.77185,17.47377],[76.77187,17.47525],[76.77373,17.47843],[76.77409,17.48017],[76.77427,17.48409],[76.77393,17.48461],[76.77949,17.48546],[76.7881,17.48521],[76.7927,17.48559],[76.81148,17.4887],[76.81587,17.49031],[76.82183,17.49102],[76.82342,17.48746],[76.82352,17.48459],[76.82965,17.48442],[76.8311,17.48356],[76.84314,17.48123],[76.84505,17.47993],[76.85416,17.48026],[76.85699,17.48085],[76.85822,17.48228],[76.86025,17.48312],[76.86315,17.48788],[76.86894,17.49091],[76.86978,17.49469],[76.87582,17.49468]]]}},{"type":"Feature","properties":{"unitId":502,"unitName":"Mahagoan PS"},"geometry":{"type":"Polygon","coordinates":[[[76.94129,17.5962],[76.94306,17.5928],[76.94206,17.58549],[76.94001,17.58248],[76.93851,17.57715],[76.93564,17.57284],[76.93292,17.565],[76.93176,17.56286],[76.92891,17.55892],[76.92527,17.55672],[76.92542,17.5562],[76.92371,17.55448],[76.92327,17.55342],[76.92263,17.54873],[76.92352,17.54412],[76.92644,17.53824],[76.92456,17.53559],[76.92341,17.53541],[76.92331,17.53416],[76.93126,17.53362],[76.93186,17.53572],[76.93944,17.53576],[76.94117,17.53971],[76.94835,17.53731],[76.94855,17.54682],[76.94935,17.54746],[76.94968,17.55475],[76.95093,17.56111],[76.95098,17.56408],[76.95503,17.56417],[76.95817,17.562],[76.95935,17.56033],[76.95918,17.5575],[76.96755,17.55661],[76.96737,17.55526],[76.97243,17.55356],[76.97218,17.55176],[76.97284,17.55039],[76.97316,17.54668],[76.97271,17.54377],[76.97312,17.54342],[76.98119,17.54283],[76.99596,17.5433],[76.99447,17.53393],[76.99479,17.52602],[76.99444,17.5238],[76.9978,17.5234],[76.99677,17.51073],[77.0047,17.50949],[77.00731,17.50875],[77.00887,17.50767],[77.01955,17.50713],[77.02722,17.50874],[77.03376,17.50904],[77.04187,17.51174],[77.04586,17.50782],[77.04647,17.49714],[77.04606,17.49365],[77.04663,17.48992],[77.04443,17.48642],[77.04414,17.48279],[77.04373,17.48286],[77.04425,17.48148],[77.04003,17.47898],[77.03727,17.47853],[77.03432,17.47724],[77.01957,17.46658],[77.01758,17.46382],[77.01545,17.45591],[77.01002,17.45568],[77.00463,17.4538],[77.00035,17.4533],[76.99881,17.45033],[76.99783,17.44566],[76.99891,17.44317],[76.99896,17.43998],[76.99979,17.43897],[77.0055,17.43567],[77.00696,17.43346],[77.00699,17.43185],[77.00525,17.42384],[77.00155,17.41466],[77.00022,17.40501],[76.99438,17.40496],[76.98289,17.40328],[76.97844,17.40316],[76.97029,17.40171],[76.97073,17.4072],[76.95749,17.41001],[76.94914,17.41109],[76.94683,17.41073],[76.94269,17.41118],[76.9427,17.41446],[76.94147,17.42226],[76.94028,17.42537],[76.93927,17.43076],[76.93899,17.44102],[76.94119,17.44127],[76.94371,17.44931],[76.94435,17.45412],[76.93005,17.45922],[76.92996,17.46545],[76.92396,17.46563],[76.92106,17.46466],[76.91263,17.46762],[76.90678,17.46794],[76.90128,17.46791],[76.89564,17.46688],[76.89406,17.47303],[76.89714,17.48056],[76.89717,17.48279],[76.89788,17.48261],[76.89894,17.48657],[76.89184,17.48815],[76.88755,17.48973],[76.88397,17.49031],[76.88067,17.49323],[76.87842,17.49415],[76.87582,17.49468],[76.86978,17.49469],[76.86894,17.49091],[76.86315,17.48788],[76.86025,17.48312],[76.85822,17.48228],[76.85626,17.48054],[76.84505,17.47993],[76.84314,17.48123],[76.83324,17.48322],[76.83347,17.48818],[76.84024,17.48899],[76.84017,17.49515],[76.84184,17.51134],[76.84923,17.51481],[76.85347,17.5158],[76.85733,17.51582],[76.85841,17.52082],[76.86389,17.52834],[76.86692,17.53518],[76.86901,17.53591],[76.87048,17.53811],[76.87158,17.53853],[76.87341,17.53886],[76.87411,17.53728],[76.87488,17.53894],[76.87786,17.54215],[76.87956,17.5453],[76.88157,17.55566],[76.88273,17.55802],[76.88292,17.56422],[76.88997,17.56554],[76.89625,17.56393],[76.89787,17.56426],[76.90048,17.56399],[76.90306,17.5634],[76.90346,17.56286],[76.90917,17.57313],[76.91164,17.57586],[76.91574,17.5833],[76.91589,17.58783],[76.91725,17.59156],[76.92333,17.59144],[76.93001,17.59417],[76.93522,17.59449],[76.94062,17.59686],[76.94067,17.59629],[76.94129,17.5962]],[[76.94643,17.41099],[76.94708,17.41094],[76.94643,17.41099]]]}},{"type":"Feature","properties":{"unitId":503,"unitName":"Jewargi PS"},"geometry":{"type":"Polygon","coordinates":[[[76.77622,17.10597],[76.7757,17.10336],[76.77431,17.10362],[76.7729,17.10131],[76.77023,17.0998],[76.7663,17.09922],[76.76283,17.09795],[76.76042,17.09192],[76.76206,17.08821],[76.76369,17.08791],[76.76594,17.08502],[76.77602,17.08044],[76.78768,17.07644],[76.78971,17.07454],[76.79196,17.07135],[76.79848,17.05961],[76.80104,17.057],[76.80632,17.05372],[76.80908,17.05133],[76.812,17.04582],[76.81433,17.04451],[76.81794,17.04386],[76.82052,17.04426],[76.82637,17.04391],[76.83014,17.04434],[76.83556,17.04512],[76.84257,17.04829],[76.84619,17.05349],[76.84832,17.06174],[76.85065,17.06404],[76.85395,17.06538],[76.85585,17.06505],[76.85797,17.06401],[76.86022,17.06193],[76.86282,17.05713],[76.86644,17.05227],[76.87126,17.04835],[76.87749,17.04525],[76.88561,17.04216],[76.89005,17.04138],[76.89705,17.04186],[76.91466,17.04507],[76.91878,17.04432],[76.92271,17.04286],[76.92495,17.04123],[76.92608,17.03948],[76.92629,17.03794],[76.92543,17.03536],[76.92116,17.02907],[76.91394,17.02026],[76.91334,17.01616],[76.91435,17.0119],[76.916,17.00958],[76.91876,17.00739],[76.92859,17.00183],[76.93258,16.99883],[76.93717,16.99238],[76.93908,16.98807],[76.93974,16.98456],[76.93968,16.98128],[76.93842,16.97786],[76.93316,16.96973],[76.93092,16.96388],[76.93044,16.95929],[76.93062,16.95513],[76.93421,16.93954],[76.93734,16.92918],[76.94153,16.91771],[76.94387,16.91395],[76.94782,16.90388],[76.95082,16.89806],[76.9524,16.89402],[76.95278,16.89138],[76.95214,16.88677],[76.95026,16.88524],[76.94714,16.88432],[76.93472,16.88325],[76.93019,16.88157],[76.92808,16.88615],[76.92648,16.89516],[76.91516,16.89579],[76.91814,16.88551],[76.92044,16.8797],[76.92291,16.87859],[76.92471,16.87709],[76.92086,16.8707],[76.91939,16.87109],[76.91896,16.87223],[76.9169,16.87246],[76.91337,16.87565],[76.91071,16.87653],[76.90704,16.87637],[76.90707,16.87778],[76.90214,16.8789],[76.90256,16.8936],[76.89461,16.89512],[76.8823,16.89657],[76.87053,16.89654],[76.87072,16.89305],[76.86694,16.89243],[76.86262,16.89247],[76.86192,16.89164],[76.85684,16.89209],[76.85445,16.87822],[76.8532,16.87794],[76.85287,16.87728],[76.84888,16.87524],[76.84732,16.87348],[76.8458,16.8687],[76.84423,16.86893],[76.84337,16.86757],[76.84131,16.86716],[76.83796,16.8691],[76.83491,16.86786],[76.83206,16.86968],[76.82777,16.8708],[76.82842,16.87362],[76.82611,16.87304],[76.817,16.8746],[76.81532,16.87008],[76.81367,16.85913],[76.81213,16.85861],[76.81144,16.85774],[76.81141,16.85588],[76.80927,16.85554],[76.80948,16.85497],[76.80889,16.85386],[76.8066,16.85269],[76.80539,16.85044],[76.80222,16.8493],[76.80007,16.85037],[76.79761,16.8497],[76.79145,16.85027],[76.78983,16.84481],[76.78881,16.83776],[76.76489,16.84324],[76.75901,16.84565],[76.7537,16.83829],[76.75527,16.83581],[76.75654,16.83534],[76.75692,16.83448],[76.75768,16.83414],[76.75838,16.83138],[76.75714,16.82699],[76.75591,16.82586],[76.75496,16.82578],[76.75424,16.82168],[76.7549,16.81983],[76.75654,16.81855],[76.75673,16.81705],[76.75633,16.81524],[76.7547,16.81463],[76.74497,16.81641],[76.73263,16.81997],[76.73307,16.82543],[76.73442,16.8299],[76.73542,16.83125],[76.73187,16.83108],[76.72295,16.83367],[76.7166,16.8345],[76.71651,16.83496],[76.7148,16.83562],[76.71494,16.83653],[76.71445,16.83659],[76.71484,16.84565],[76.71256,16.846],[76.70533,16.84558],[76.67674,16.84701],[76.67631,16.85907],[76.67651,16.86738],[76.67697,16.86944],[76.6657,16.87236],[76.66676,16.879],[76.66654,16.88342],[76.66384,16.88452],[76.66374,16.88522],[76.66484,16.89066],[76.66523,16.89738],[76.66759,16.90471],[76.66819,16.9088],[76.66877,16.92077],[76.66719,16.92123],[76.66719,16.92164],[76.66903,16.93013],[76.6705,16.94137],[76.67706,16.94189],[76.68742,16.94392],[76.68722,16.955],[76.68854,16.95539],[76.68616,16.96234],[76.68203,16.97181],[76.68457,16.97544],[76.69385,16.97754],[76.6991,16.97769],[76.69831,16.98518],[76.69501,16.99694],[76.69335,17.00661],[76.69209,17.00704],[76.69188,17.00802],[76.69196,17.01401],[76.69105,17.02],[76.69647,17.02243],[76.70209,17.02405],[76.69971,17.02936],[76.7001,17.03464],[76.70162,17.03461],[76.70217,17.04483],[76.70341,17.04448],[76.70402,17.04565],[76.70436,17.05074],[76.70829,17.04972],[76.70788,17.05199],[76.71061,17.05229],[76.71122,17.05517],[76.71233,17.05701],[76.71264,17.05923],[76.70489,17.06082],[76.70425,17.06157],[76.70297,17.06189],[76.70227,17.06432],[76.70069,17.06492],[76.69829,17.06495],[76.70098,17.07304],[76.70171,17.07812],[76.70099,17.0828],[76.69895,17.08812],[76.70059,17.08801],[76.69964,17.09244],[76.69983,17.09742],[76.7011,17.10055],[76.70944,17.1133],[76.71885,17.12479],[76.72476,17.13353],[76.73093,17.14296],[76.73712,17.15386],[76.74404,17.16182],[76.74845,17.16488],[76.75291,17.1658],[76.75996,17.1652],[76.76501,17.16357],[76.76947,17.16136],[76.7741,17.15765],[76.77602,17.1544],[76.77773,17.1392],[76.77772,17.1314],[76.77643,17.11791],[76.77622,17.10597]]]}},{"type":"Feature","properties":{"unitId":504,"unitName":"Nelogi PS"},"geometry":{"type":"Polygon","coordinates":[[[76.57823,17.17456],[76.57793,17.17275],[76.57686,17.17132],[76.57004,17.16512],[76.5684,17.16236],[76.56514,17.1478],[76.55843,17.13583],[76.55431,17.13076],[76.54797,17.12664],[76.5456,17.12619],[76.53708,17.12734],[76.53256,17.12753],[76.52965,17.12692],[76.52538,17.12576],[76.51983,17.12174],[76.51252,17.11012],[76.50915,17.10174],[76.50902,17.09684],[76.50971,17.09457],[76.5112,17.09222],[76.51379,17.08998],[76.51561,17.08929],[76.52024,17.08903],[76.52628,17.09362],[76.53076,17.09555],[76.53189,17.09193],[76.53239,17.08773],[76.5325,17.07781],[76.54253,17.07651],[76.54523,17.0814],[76.55447,17.08268],[76.55812,17.08235],[76.56008,17.09398],[76.56008,17.09857],[76.55945,17.10011],[76.5623,17.102],[76.56632,17.1065],[76.56873,17.10781],[76.57147,17.1085],[76.5734,17.10804],[76.57574,17.10672],[76.58289,17.10168],[76.58587,17.09812],[76.58618,17.09208],[76.58537,17.08714],[76.58376,17.08419],[76.57249,17.07778],[76.56727,17.07555],[76.56315,17.07291],[76.56025,17.07036],[76.5592,17.06664],[76.55919,17.06432],[76.56024,17.06153],[76.56106,17.06085],[76.56402,17.06153],[76.56849,17.06384],[76.57432,17.06547],[76.58052,17.066],[76.58736,17.06507],[76.59219,17.06351],[76.59958,17.05948],[76.60232,17.05955],[76.60327,17.06042],[76.60565,17.06656],[76.60573,17.07815],[76.60665,17.08069],[76.60883,17.08183],[76.61375,17.083],[76.64354,17.08763],[76.65543,17.09034],[76.65821,17.09059],[76.66034,17.09009],[76.66204,17.09038],[76.66244,17.08824],[76.66353,17.08798],[76.67354,17.07544],[76.68078,17.06791],[76.68848,17.06195],[76.69157,17.06065],[76.6946,17.06005],[76.69685,17.06032],[76.69843,17.06172],[76.69972,17.06493],[76.70069,17.06492],[76.70227,17.06432],[76.70297,17.06189],[76.70425,17.06157],[76.70489,17.06082],[76.71264,17.05923],[76.71233,17.05701],[76.71122,17.05517],[76.71061,17.05229],[76.70788,17.05199],[76.70829,17.04972],[76.70436,17.05074],[76.70402,17.04565],[76.70341,17.04448],[76.70217,17.04483],[76.70162,17.03461],[76.7001,17.03464],[76.69971,17.02936],[76.70209,17.02405],[76.69647,17.02243],[76.69105,17.02],[76.69196,17.01401],[76.69188,17.00802],[76.69209,17.00704],[76.69335,17.00661],[76.69501,16.99694],[76.69831,16.98518],[76.6991,16.97769],[76.69385,16.97754],[76.68457,16.97544],[76.68203,16.97181],[76.68616,16.96234],[76.68854,16.95539],[76.68722,16.955],[76.68742,16.94392],[76.67706,16.94189],[76.6705,16.94137],[76.66903,16.93013],[76.66719,16.92123],[76.65817,16.9263],[76.65287,16.92714],[76.64861,16.92703],[76.6471,16.92623],[76.64592,16.92669],[76.64474,16.92372],[76.64301,16.92117],[76.64216,16.91865],[76.6328,16.91843],[76.62521,16.91563],[76.62327,16.91427],[76.61913,16.9126],[76.61488,16.9113],[76.61585,16.90022],[76.61481,16.89215],[76.61365,16.89185],[76.61089,16.89233],[76.60659,16.89384],[76.60156,16.89359],[76.59763,16.89403],[76.59254,16.89303],[76.58867,16.89303],[76.58804,16.89189],[76.58628,16.89258],[76.58401,16.89438],[76.58494,16.89992],[76.5852,16.90389],[76.58485,16.90584],[76.58731,16.9132],[76.58867,16.91572],[76.58885,16.91749],[76.58747,16.91862],[76.57969,16.92883],[76.57215,16.93546],[76.57666,16.94057],[76.57653,16.9417],[76.57867,16.94634],[76.57872,16.95346],[76.57639,16.954],[76.56973,16.95705],[76.56037,16.96285],[76.55968,16.96421],[76.55721,16.96442],[76.55181,16.96347],[76.55162,16.96182],[76.55046,16.96048],[76.5458,16.96037],[76.54383,16.96091],[76.54294,16.96216],[76.54032,16.9632],[76.53227,16.96517],[76.5304,16.96645],[76.52586,16.96789],[76.52367,16.96179],[76.5203,16.95752],[76.50458,16.9628],[76.49501,16.96251],[76.49569,16.97286],[76.4955,16.98015],[76.49506,16.97987],[76.49015,16.98245],[76.48514,16.98394],[76.48003,16.98753],[76.47754,16.99288],[76.47808,16.99513],[76.47786,16.99658],[76.4755,16.99868],[76.47043,17.0011],[76.46871,16.99948],[76.46543,16.99757],[76.46189,16.99209],[76.45673,16.99353],[76.45424,16.99162],[76.45378,16.99033],[76.45351,16.98138],[76.45259,16.97838],[76.45542,16.97482],[76.45604,16.97178],[76.45766,16.96848],[76.4587,16.96738],[76.4595,16.96729],[76.45997,16.96659],[76.46104,16.96746],[76.46166,16.96712],[76.46179,16.96556],[76.46608,16.96435],[76.46747,16.9648],[76.47418,16.96177],[76.47654,16.96164],[76.47852,16.95647],[76.47668,16.95132],[76.4745,16.94763],[76.46639,16.94648],[76.45813,16.94806],[76.45546,16.9491],[76.45184,16.94156],[76.44754,16.94033],[76.44736,16.94082],[76.44093,16.94263],[76.43399,16.94363],[76.4341,16.94003],[76.43089,16.93441],[76.42993,16.9312],[76.42829,16.92937],[76.42925,16.92904],[76.42791,16.92712],[76.41637,16.92844],[76.40785,16.93146],[76.3993,16.93525],[76.40131,16.93882],[76.40249,16.94302],[76.40193,16.95227],[76.40204,16.95407],[76.40275,16.95506],[76.40206,16.96091],[76.40228,16.96459],[76.40159,16.97078],[76.40069,16.97203],[76.40035,16.97752],[76.40937,16.9786],[76.42293,16.97841],[76.42948,16.97903],[76.42916,16.98063],[76.4368,16.98185],[76.441,16.99908],[76.43944,17.00019],[76.43924,17.00381],[76.43778,17.01076],[76.43334,17.02458],[76.43334,17.02544],[76.43681,17.02576],[76.43757,17.02698],[76.43113,17.02966],[76.43074,17.03728],[76.42719,17.05344],[76.43142,17.05298],[76.43126,17.05537],[76.43176,17.0583],[76.43031,17.06714],[76.43019,17.08788],[76.43002,17.09046],[76.42925,17.0922],[76.42922,17.09696],[76.42967,17.09883],[76.42761,17.10001],[76.42789,17.10131],[76.42754,17.10398],[76.42582,17.1071],[76.42172,17.11098],[76.41946,17.11628],[76.42,17.12021],[76.42224,17.12186],[76.42503,17.12294],[76.44746,17.12503],[76.45018,17.12624],[76.45208,17.12775],[76.45271,17.12861],[76.45271,17.13253],[76.45203,17.13477],[76.44875,17.14042],[76.44753,17.14348],[76.44774,17.14572],[76.45013,17.1476],[76.4541,17.14857],[76.46622,17.14734],[76.47098,17.14591],[76.48045,17.14094],[76.48672,17.13821],[76.49151,17.13793],[76.49456,17.13951],[76.501,17.14468],[76.50329,17.14712],[76.51433,17.16124],[76.5155,17.16548],[76.51627,17.17293],[76.51695,17.17442],[76.52135,17.177],[76.52569,17.17745],[76.52867,17.17708],[76.53391,17.17544],[76.53871,17.17482],[76.54178,17.17515],[76.54357,17.17608],[76.54817,17.18422],[76.55047,17.1859],[76.55269,17.1861],[76.55643,17.18516],[76.56496,17.18089],[76.57418,17.17902],[76.57657,17.1775],[76.57781,17.17601],[76.57823,17.17456]]]}},{"type":"Feature","properties":{"unitId":505,"unitName":"Yedrami PS"},"geometry":{"type":"MultiPolygon","coordinates":[[[[76.47754,16.99288],[76.4796,16.9881],[76.48137,16.98647],[76.48514,16.98394],[76.49015,16.98245],[76.49506,16.97987],[76.4955,16.98015],[76.49569,16.97286],[76.49501,16.96251],[76.50458,16.9628],[76.5203,16.95752],[76.52367,16.96179],[76.52586,16.96789],[76.5304,16.96645],[76.53227,16.96517],[76.54032,16.9632],[76.54294,16.96216],[76.54383,16.96091],[76.5458,16.96037],[76.55046,16.96048],[76.55162,16.96182],[76.55181,16.96347],[76.55721,16.96442],[76.55968,16.96421],[76.56037,16.96285],[76.56973,16.95705],[76.57639,16.954],[76.57872,16.95346],[76.57867,16.94634],[76.57653,16.9417],[76.57666,16.94057],[76.57215,16.93546],[76.57969,16.92883],[76.58747,16.91862],[76.58885,16.91749],[76.58867,16.91572],[76.58731,16.9132],[76.58485,16.90584],[76.5852,16.90389],[76.58494,16.89992],[76.58401,16.89438],[76.58628,16.89258],[76.58804,16.89189],[76.58867,16.89303],[76.59254,16.89303],[76.59763,16.89403],[76.60156,16.89359],[76.60659,16.89384],[76.61089,16.89233],[76.61365,16.89185],[76.61481,16.89215],[76.61585,16.90022],[76.61488,16.9113],[76.61913,16.9126],[76.62327,16.91427],[76.62521,16.91563],[76.6328,16.91843],[76.64216,16.91865],[76.64301,16.92117],[76.64474,16.92372],[76.64592,16.92669],[76.6471,16.92623],[76.64861,16.92703],[76.65287,16.92714],[76.65817,16.9263],[76.6663,16.92169],[76.66877,16.92077],[76.66819,16.9088],[76.66759,16.90471],[76.66523,16.89738],[76.66484,16.89066],[76.66374,16.88522],[76.66384,16.88452],[76.66654,16.88342],[76.66676,16.879],[76.6657,16.87236],[76.67697,16.86944],[76.67651,16.86738],[76.67631,16.85907],[76.67674,16.84701],[76.70533,16.84558],[76.71256,16.846],[76.71484,16.84565],[76.71445,16.83659],[76.71494,16.83653],[76.7148,16.83562],[76.71651,16.83496],[76.7166,16.8345],[76.72295,16.83367],[76.73187,16.83108],[76.73542,16.83125],[76.73442,16.8299],[76.73307,16.82543],[76.73263,16.81997],[76.74497,16.81641],[76.74455,16.80266],[76.74532,16.791],[76.74542,16.77826],[76.73635,16.77642],[76.73454,16.77931],[76.73304,16.77888],[76.72746,16.78144],[76.72732,16.78231],[76.72634,16.78266],[76.72624,16.78328],[76.72518,16.7841],[76.7249,16.78533],[76.71918,16.77806],[76.70905,16.7808],[76.70937,16.79255],[76.70269,16.78865],[76.7003,16.79072],[76.69895,16.79035],[76.69921,16.79002],[76.69754,16.78591],[76.68723,16.78481],[76.67955,16.78483],[76.67948,16.78141],[76.67798,16.77287],[76.67563,16.76567],[76.67203,16.76561],[76.66098,16.76727],[76.65781,16.76198],[76.65322,16.7558],[76.65278,16.75063],[76.653,16.7476],[76.65382,16.74584],[76.65443,16.74243],[76.65448,16.73789],[76.65774,16.73141],[76.65776,16.72773],[76.65919,16.72559],[76.65739,16.72585],[76.64553,16.73272],[76.64092,16.73419],[76.63534,16.73518],[76.63579,16.74203],[76.63514,16.7453],[76.62685,16.74404],[76.62276,16.74232],[76.62284,16.75222],[76.62359,16.75733],[76.62308,16.75904],[76.62371,16.76515],[76.59984,16.76716],[76.58977,16.76571],[76.58137,16.76566],[76.58121,16.75828],[76.57791,16.75776],[76.57486,16.75622],[76.57136,16.75616],[76.57034,16.75262],[76.56241,16.75329],[76.55357,16.75305],[76.55348,16.75105],[76.54894,16.75132],[76.54753,16.74733],[76.54139,16.74788],[76.5232,16.75092],[76.51762,16.75095],[76.51577,16.75039],[76.51484,16.74904],[76.51255,16.7472],[76.51117,16.74688],[76.50988,16.74537],[76.50794,16.74431],[76.50631,16.74178],[76.50576,16.74172],[76.50255,16.73847],[76.50212,16.72863],[76.50228,16.72693],[76.50297,16.72681],[76.50314,16.72302],[76.49866,16.72138],[76.49872,16.72054],[76.49209,16.71729],[76.489,16.71632],[76.48085,16.71167],[76.47591,16.71089],[76.46686,16.71158],[76.46112,16.71113],[76.45993,16.7154],[76.45956,16.72335],[76.45147,16.72335],[76.45059,16.72456],[76.44981,16.72453],[76.44948,16.72389],[76.4466,16.72352],[76.44415,16.71576],[76.44239,16.71389],[76.43034,16.7168],[76.42274,16.71767],[76.42348,16.72556],[76.42299,16.73073],[76.42743,16.73378],[76.42897,16.7341],[76.4288,16.73823],[76.43603,16.74152],[76.4402,16.74254],[76.43979,16.75111],[76.4387,16.75249],[76.44079,16.75503],[76.4412,16.75623],[76.44251,16.75719],[76.44043,16.76028],[76.43818,16.76149],[76.43551,16.76464],[76.42581,16.76592],[76.42209,16.76779],[76.41845,16.76886],[76.41853,16.7646],[76.41133,16.76457],[76.41144,16.76807],[76.38361,16.76938],[76.37069,16.7676],[76.3713,16.77288],[76.37319,16.77956],[76.37407,16.78486],[76.37379,16.78524],[76.37497,16.78695],[76.3772,16.79304],[76.37779,16.80123],[76.37968,16.80074],[76.38244,16.80156],[76.38571,16.80162],[76.3899,16.80309],[76.39071,16.80239],[76.39178,16.80305],[76.39282,16.80505],[76.39634,16.80575],[76.39639,16.80462],[76.39828,16.80419],[76.39979,16.80219],[76.40049,16.80192],[76.40062,16.80118],[76.40539,16.79946],[76.4103,16.79876],[76.41091,16.80407],[76.41202,16.80512],[76.41388,16.81353],[76.40903,16.81403],[76.40435,16.81521],[76.38954,16.81674],[76.37959,16.81671],[76.3783,16.81691],[76.37827,16.8174],[76.37745,16.81775],[76.37519,16.81768],[76.36128,16.81939],[76.3513,16.81943],[76.35202,16.82134],[76.35331,16.82959],[76.35389,16.82963],[76.35597,16.83574],[76.3578,16.8376],[76.35891,16.84037],[76.35809,16.84053],[76.35889,16.84263],[76.36067,16.84274],[76.36091,16.84407],[76.36191,16.84503],[76.36596,16.84755],[76.37419,16.85821],[76.38667,16.8563],[76.3908,16.85623],[76.39682,16.85855],[76.40447,16.85864],[76.40436,16.85387],[76.4114,16.85268],[76.41699,16.85251],[76.42917,16.85105],[76.42972,16.8459],[76.42942,16.83671],[76.42969,16.83708],[76.43698,16.83694],[76.44099,16.83579],[76.44744,16.83521],[76.45999,16.83297],[76.46389,16.83896],[76.47101,16.83911],[76.47081,16.84687],[76.46733,16.84958],[76.46203,16.84922],[76.46168,16.85932],[76.45862,16.86011],[76.45877,16.8672],[76.43802,16.8684],[76.43721,16.87227],[76.43681,16.88187],[76.4334,16.88227],[76.43467,16.88863],[76.43379,16.89786],[76.44084,16.89752],[76.44444,16.89782],[76.45434,16.89975],[76.45944,16.90025],[76.46233,16.90133],[76.46275,16.90081],[76.46492,16.90243],[76.46587,16.90233],[76.46533,16.90284],[76.46508,16.90614],[76.4652,16.91283],[76.46425,16.91669],[76.46309,16.91921],[76.46257,16.91903],[76.45873,16.92776],[76.45194,16.92755],[76.45034,16.9334],[76.44902,16.93538],[76.44754,16.94033],[76.45184,16.94156],[76.45546,16.9491],[76.45813,16.94806],[76.46639,16.94648],[76.4745,16.94763],[76.47668,16.95132],[76.47852,16.95647],[76.47654,16.96164],[76.47418,16.96177],[76.46747,16.9648],[76.46608,16.96435],[76.46179,16.96556],[76.46166,16.96712],[76.46104,16.96746],[76.45997,16.96659],[76.45766,16.96848],[76.45604,16.97178],[76.45542,16.97482],[76.45259,16.97838],[76.45374,16.9836],[76.45378,16.99033],[76.45424,16.99162],[76.45673,16.99353],[76.46189,16.99209],[76.46543,16.99757],[76.46871,16.99948],[76.47043,17.0011],[76.4755,16.99868],[76.47786,16.99658],[76.47808,16.99513],[76.47754,16.99288]]],[[[76.72887,16.77171],[76.73912,16.77151],[76.74025,16.77003],[76.74008,16.75784],[76.73886,16.75176],[76.72837,16.75201],[76.72389,16.75281],[76.725,16.75942],[76.72887,16.77171]]]]}},{"type":"Feature","properties":{"unitId":506,"unitName":"Ferhatabad PS"},"geometry":{"type":"Polygon","coordinates":[[[76.69677,17.33207],[76.69693,17.32792],[76.69953,17.32756],[76.70665,17.32777],[76.70323,17.31531],[76.71632,17.3177],[76.71715,17.31827],[76.73265,17.31938],[76.75251,17.32225],[76.75365,17.30056],[76.75258,17.29318],[76.75125,17.29073],[76.75151,17.28644],[76.75418,17.27466],[76.75524,17.27292],[76.75687,17.27324],[76.75826,17.27001],[76.75922,17.26912],[76.76075,17.26913],[76.76115,17.26872],[76.76423,17.26953],[76.76713,17.26954],[76.76917,17.27503],[76.77062,17.28151],[76.77108,17.28602],[76.77308,17.28964],[76.77945,17.29416],[76.78347,17.29556],[76.78567,17.29704],[76.79034,17.30116],[76.79384,17.30519],[76.80024,17.3094],[76.80231,17.3115],[76.8048,17.31072],[76.80428,17.30866],[76.80437,17.30556],[76.80492,17.30521],[76.80415,17.30371],[76.80576,17.30273],[76.80665,17.30137],[76.80622,17.29769],[76.80833,17.29717],[76.80764,17.29588],[76.81377,17.29507],[76.8091,17.28515],[76.80936,17.28157],[76.81043,17.28001],[76.81075,17.27841],[76.81417,17.27852],[76.81678,17.27801],[76.83454,17.27703],[76.8335,17.26814],[76.83452,17.26788],[76.85701,17.26523],[76.8623,17.2649],[76.86416,17.26544],[76.86673,17.25845],[76.86957,17.24772],[76.86604,17.24683],[76.86563,17.24564],[76.86472,17.24523],[76.86343,17.24198],[76.86285,17.2422],[76.86125,17.23915],[76.86024,17.23836],[76.86046,17.23572],[76.8593,17.23592],[76.85869,17.23209],[76.85783,17.23214],[76.8579,17.23102],[76.85706,17.23107],[76.857,17.22872],[76.85774,17.22851],[76.85626,17.22185],[76.85435,17.22202],[76.85209,17.22102],[76.85023,17.21803],[76.84777,17.21765],[76.84705,17.21671],[76.84691,17.21531],[76.84549,17.21562],[76.8441,17.21398],[76.84341,17.21392],[76.84103,17.2118],[76.83922,17.2087],[76.8375,17.20753],[76.83018,17.19558],[76.8362,17.18461],[76.83707,17.18221],[76.8502,17.18346],[76.85789,17.1811],[76.86827,17.17935],[76.88126,17.17627],[76.88104,17.17162],[76.87957,17.16837],[76.87976,17.16416],[76.87885,17.15259],[76.87964,17.14887],[76.87276,17.14763],[76.87245,17.14358],[76.87121,17.13743],[76.86988,17.1236],[76.87157,17.11126],[76.8731,17.10802],[76.87483,17.09803],[76.86943,17.09823],[76.86644,17.08867],[76.86542,17.08456],[76.86513,17.08103],[76.86378,17.07622],[76.86229,17.0737],[76.85962,17.07153],[76.85819,17.06932],[76.85707,17.06888],[76.85612,17.06764],[76.85499,17.06765],[76.85419,17.06534],[76.85065,17.06404],[76.84832,17.06174],[76.84619,17.05349],[76.84453,17.0506],[76.84257,17.04829],[76.8388,17.04634],[76.83556,17.04512],[76.82637,17.04391],[76.82052,17.04426],[76.81794,17.04386],[76.81433,17.04451],[76.812,17.04582],[76.80908,17.05133],[76.80632,17.05372],[76.80104,17.057],[76.79848,17.05961],[76.79196,17.07135],[76.78971,17.07454],[76.78768,17.07644],[76.77602,17.08044],[76.76594,17.08502],[76.76369,17.08791],[76.76206,17.08821],[76.76042,17.09192],[76.76283,17.09795],[76.7663,17.09922],[76.77023,17.0998],[76.7729,17.10131],[76.77431,17.10362],[76.7757,17.10336],[76.77622,17.10597],[76.77643,17.11791],[76.7774,17.12526],[76.77773,17.1392],[76.77602,17.1544],[76.7741,17.15765],[76.76947,17.16136],[76.76501,17.16357],[76.75996,17.1652],[76.75291,17.1658],[76.74845,17.16488],[76.74404,17.16182],[76.74042,17.15788],[76.73712,17.15386],[76.73093,17.14296],[76.71885,17.12479],[76.70944,17.1133],[76.7011,17.10055],[76.69983,17.09742],[76.69964,17.09244],[76.70059,17.08801],[76.69895,17.08812],[76.70099,17.0828],[76.70171,17.07812],[76.70098,17.07304],[76.69829,17.06495],[76.69972,17.06493],[76.69843,17.06172],[76.69685,17.06032],[76.6946,17.06005],[76.69157,17.06065],[76.68848,17.06195],[76.68078,17.06791],[76.67354,17.07544],[76.66353,17.08798],[76.66244,17.08824],[76.66204,17.09038],[76.65543,17.09034],[76.64354,17.08763],[76.61375,17.083],[76.60883,17.08183],[76.60665,17.08069],[76.60546,17.08217],[76.60554,17.08764],[76.60706,17.09344],[76.60876,17.10661],[76.61016,17.11329],[76.6028,17.11519],[76.60631,17.12935],[76.6124,17.14043],[76.61233,17.1545],[76.61784,17.15289],[76.63754,17.15284],[76.64037,17.16536],[76.64117,17.1714],[76.64078,17.18001],[76.6395,17.18833],[76.64923,17.18911],[76.65326,17.18893],[76.65354,17.19143],[76.65568,17.19047],[76.65749,17.18833],[76.66567,17.18579],[76.67003,17.18554],[76.67624,17.18318],[76.67934,17.1836],[76.68645,17.1832],[76.68627,17.19191],[76.68726,17.19887],[76.67157,17.20527],[76.67282,17.21142],[76.67201,17.21133],[76.67219,17.21502],[76.67142,17.21506],[76.67214,17.22025],[76.67056,17.22278],[76.66995,17.22528],[76.67098,17.22973],[76.67399,17.23548],[76.67855,17.23424],[76.68507,17.2338],[76.69389,17.2357],[76.70489,17.23282],[76.70636,17.24183],[76.7076,17.24184],[76.70816,17.24783],[76.70799,17.26188],[76.70968,17.26996],[76.70285,17.27215],[76.69907,17.27207],[76.69868,17.2727],[76.69708,17.27314],[76.69368,17.27214],[76.69511,17.28014],[76.69448,17.28736],[76.68719,17.28728],[76.67989,17.28796],[76.67731,17.2867],[76.67715,17.28573],[76.66864,17.28742],[76.6685,17.27952],[76.66644,17.27908],[76.66048,17.27821],[76.65321,17.27982],[76.64821,17.27854],[76.6468,17.27868],[76.64654,17.27755],[76.64294,17.27861],[76.63897,17.2791],[76.63854,17.28352],[76.63615,17.2839],[76.63525,17.29168],[76.63416,17.29196],[76.63433,17.29505],[76.63306,17.29527],[76.63354,17.29765],[76.63,17.30399],[76.62909,17.31048],[76.63155,17.31073],[76.63143,17.31276],[76.6319,17.31378],[76.63539,17.31672],[76.63831,17.31698],[76.63911,17.31984],[76.63906,17.32174],[76.64023,17.32199],[76.64641,17.32838],[76.64907,17.32673],[76.64967,17.32787],[76.65166,17.32784],[76.65317,17.33237],[76.65613,17.33238],[76.66303,17.34982],[76.66369,17.35737],[76.66754,17.3578],[76.67116,17.3588],[76.69038,17.35701],[76.69142,17.34768],[76.691,17.34037],[76.69563,17.33889],[76.69677,17.33207]]]}},{"type":"Feature","properties":{"unitId":507,"unitName":"University PS"},"geometry":{"type":"MultiPolygon","coordinates":[[[[76.92707,17.42055],[76.93061,17.41977],[76.93095,17.42221],[76.94121,17.42307],[76.9427,17.41446],[76.94269,17.41118],[76.94683,17.41073],[76.94914,17.41109],[76.95749,17.41001],[76.97073,17.4072],[76.97032,17.40181],[76.96943,17.39907],[76.96872,17.39278],[76.96725,17.38569],[76.96364,17.37928],[76.97064,17.37956],[76.99712,17.3779],[76.99826,17.37901],[77.00667,17.38076],[77.0124,17.38054],[77.01246,17.3811],[77.01462,17.381],[77.02157,17.37932],[77.02121,17.3774],[77.03128,17.3755],[77.03242,17.3713],[77.03437,17.36842],[77.03534,17.36598],[77.03634,17.36201],[77.0384,17.35926],[77.03811,17.35879],[77.04248,17.35473],[77.04357,17.35224],[77.04094,17.34794],[77.03716,17.34483],[77.02947,17.33492],[77.02627,17.32764],[77.03168,17.32529],[77.04135,17.32227],[77.04381,17.32109],[77.04379,17.32046],[77.04333,17.31754],[77.03686,17.31386],[77.03692,17.31262],[77.03401,17.31183],[77.03254,17.31097],[77.03244,17.31017],[77.03159,17.30955],[77.03065,17.30964],[77.03027,17.30899],[77.02674,17.30792],[77.0268,17.30745],[77.01992,17.306],[77.01955,17.30705],[77.01693,17.30685],[77.01645,17.3093],[77.01535,17.30924],[77.01383,17.31183],[77.01198,17.31276],[77.00954,17.31501],[77.00845,17.31565],[77.00658,17.3159],[77.00695,17.31703],[77.00498,17.31711],[76.99873,17.31952],[76.98807,17.31773],[76.98673,17.31173],[76.98686,17.30964],[76.9885,17.30358],[76.98859,17.30076],[76.99651,17.30002],[77.0002,17.30023],[77.00293,17.29225],[77.00323,17.28937],[77.00403,17.28942],[77.00236,17.28032],[77.00081,17.2801],[76.99941,17.27894],[76.99861,17.27716],[76.98466,17.27829],[76.9807,17.27522],[76.97969,17.26909],[76.97249,17.26658],[76.97206,17.26283],[76.97129,17.2617],[76.9716,17.25834],[76.95791,17.25653],[76.95237,17.25645],[76.94765,17.25778],[76.92872,17.25923],[76.92836,17.24789],[76.92711,17.23238],[76.92494,17.2199],[76.92363,17.21582],[76.92289,17.20904],[76.92279,17.20861],[76.91675,17.20816],[76.91687,17.21218],[76.91442,17.21841],[76.90586,17.21827],[76.90638,17.22126],[76.90447,17.22622],[76.90372,17.23517],[76.89748,17.23572],[76.8888,17.23814],[76.88669,17.23959],[76.88412,17.24019],[76.87367,17.2414],[76.87347,17.24814],[76.86965,17.24739],[76.86673,17.25845],[76.86416,17.26544],[76.86179,17.26489],[76.85412,17.26547],[76.8335,17.26814],[76.83454,17.27703],[76.81678,17.27801],[76.81417,17.27852],[76.81075,17.27841],[76.81043,17.28001],[76.80936,17.28157],[76.8091,17.28515],[76.81395,17.29545],[76.81663,17.30313],[76.81714,17.30007],[76.82596,17.29826],[76.82687,17.30691],[76.83154,17.30671],[76.83431,17.30744],[76.83673,17.30877],[76.83795,17.31216],[76.84044,17.31074],[76.84041,17.30951],[76.84132,17.3091],[76.84165,17.30721],[76.84271,17.307],[76.84329,17.30779],[76.84844,17.30602],[76.85134,17.30598],[76.84868,17.31088],[76.8461,17.31118],[76.8452,17.31059],[76.84453,17.31093],[76.84449,17.3113],[76.845,17.31133],[76.84506,17.3126],[76.84578,17.31303],[76.84568,17.31464],[76.84446,17.31651],[76.84476,17.31744],[76.84273,17.31785],[76.84281,17.31893],[76.84431,17.31892],[76.84486,17.32024],[76.84463,17.32209],[76.8455,17.32459],[76.84701,17.32452],[76.84766,17.32552],[76.85303,17.32291],[76.85845,17.31922],[76.85871,17.31786],[76.85378,17.31811],[76.85363,17.31677],[76.8547,17.31526],[76.85478,17.31396],[76.85925,17.31508],[76.85944,17.3163],[76.86173,17.32024],[76.866,17.32382],[76.87369,17.32396],[76.87538,17.32964],[76.86918,17.33391],[76.86339,17.34032],[76.86717,17.34669],[76.86762,17.34942],[76.86929,17.35104],[76.86881,17.3557],[76.87029,17.35575],[76.87222,17.36567],[76.87398,17.37131],[76.87467,17.38028],[76.8796,17.3818],[76.88181,17.38374],[76.88461,17.38527],[76.88575,17.39264],[76.88842,17.39286],[76.89402,17.39189],[76.8989,17.38982],[76.90113,17.38801],[76.90312,17.39096],[76.9088,17.39383],[76.91235,17.39631],[76.91701,17.40145],[76.91898,17.40487],[76.92003,17.41171],[76.92045,17.42425],[76.92244,17.42413],[76.92708,17.42274],[76.92707,17.42055]]],[[[76.81101,17.34377],[76.81062,17.34221],[76.80778,17.34253],[76.80399,17.3421],[76.80396,17.3377],[76.79942,17.33824],[76.79977,17.33457],[76.79395,17.33345],[76.78747,17.33367],[76.7877,17.34079],[76.78942,17.34442],[76.78979,17.35101],[76.79149,17.35759],[76.79082,17.36036],[76.79102,17.3629],[76.79003,17.36669],[76.78904,17.36841],[76.79057,17.37244],[76.79097,17.37695],[76.79935,17.37125],[76.80565,17.36435],[76.80827,17.36204],[76.80977,17.36149],[76.80865,17.3565],[76.81194,17.35518],[76.81043,17.35316],[76.80995,17.35112],[76.81,17.34928],[76.81149,17.34582],[76.81101,17.34377]]],[[[76.94648,17.41098],[76.94708,17.41094],[76.94648,17.41098]]]]}},{"type":"Feature","properties":{"unitId":508,"unitName":"Chittapura PS"},"geometry":{"type":"Polygon","coordinates":[[[77.10809,17.17586],[77.10857,17.1746],[77.10914,17.17461],[77.11027,17.17023],[77.11497,17.1705],[77.1157,17.16675],[77.11836,17.16083],[77.12121,17.16261],[77.12661,17.16442],[77.12811,17.1615],[77.12976,17.16183],[77.13138,17.15517],[77.14284,17.1538],[77.14453,17.1534],[77.1444,17.15275],[77.15161,17.15167],[77.15161,17.14545],[77.15297,17.14553],[77.153,17.14487],[77.1548,17.14484],[77.156,17.13752],[77.15695,17.13746],[77.15791,17.13622],[77.156,17.12734],[77.15411,17.12804],[77.15461,17.1214],[77.15582,17.12099],[77.15581,17.12034],[77.15163,17.12054],[77.15165,17.11875],[77.15319,17.11808],[77.15581,17.11828],[77.15792,17.11745],[77.16504,17.11781],[77.16357,17.12117],[77.16851,17.12089],[77.16859,17.12],[77.17216,17.11953],[77.17256,17.12289],[77.18489,17.12367],[77.19439,17.12342],[77.1949,17.11262],[77.19567,17.10966],[77.19848,17.10923],[77.20291,17.1098],[77.20671,17.10969],[77.20658,17.09856],[77.20502,17.09086],[77.20355,17.09081],[77.20188,17.08646],[77.19861,17.08348],[77.19758,17.07973],[77.1952,17.07999],[77.19415,17.07678],[77.19143,17.07257],[77.19094,17.06854],[77.1925,17.05909],[77.19208,17.05085],[77.19627,17.04971],[77.19621,17.0484],[77.1978,17.04751],[77.19741,17.0459],[77.1991,17.04533],[77.20011,17.04442],[77.19934,17.04312],[77.19951,17.04227],[77.20614,17.04083],[77.21017,17.03757],[77.21198,17.03383],[77.21212,17.03227],[77.21328,17.03191],[77.21272,17.02716],[77.21485,17.02709],[77.21544,17.02634],[77.21864,17.02671],[77.21956,17.02723],[77.21896,17.02354],[77.21917,17.02168],[77.21846,17.02029],[77.21871,17.01936],[77.22047,17.01874],[77.21974,17.01542],[77.22073,17.01498],[77.22053,17.01417],[77.2213,17.01404],[77.22118,17.01352],[77.22238,17.01317],[77.22193,17.01058],[77.2229,17.00994],[77.22276,17.00914],[77.22448,17.00796],[77.2242,17.00308],[77.22504,17.00313],[77.22462,17.00146],[77.22598,17.00086],[77.22671,16.99907],[77.22802,16.99435],[77.22841,16.99424],[77.22835,16.99219],[77.22827,16.99111],[77.22289,16.9889],[77.20888,16.98591],[77.20729,16.98499],[77.21031,16.96734],[77.21702,16.96657],[77.21841,16.96391],[77.21878,16.95956],[77.2197,16.95783],[77.21923,16.95667],[77.22,16.95596],[77.21979,16.95391],[77.219,16.95328],[77.21922,16.95085],[77.21886,16.95035],[77.21577,16.94954],[77.21548,16.94887],[77.21309,16.94717],[77.21181,16.94468],[77.21125,16.9448],[77.20966,16.94281],[77.2093,16.94212],[77.20956,16.94104],[77.20849,16.94062],[77.20837,16.93834],[77.20785,16.93752],[77.20603,16.93792],[77.20462,16.93756],[77.20413,16.93664],[77.20085,16.936],[77.19871,16.93377],[77.19681,16.9306],[77.19583,16.93016],[77.19201,16.92907],[77.18458,16.93557],[77.18012,16.93369],[77.16956,16.9307],[77.14974,16.92631],[77.12622,16.91758],[77.11411,16.93287],[77.11449,16.93538],[77.11289,16.93561],[77.11255,16.94126],[77.109,16.94409],[77.10913,16.9445],[77.10274,16.94652],[77.10022,16.94825],[77.10197,16.9486],[77.09974,16.95733],[77.09783,16.96005],[77.09642,16.96519],[77.09592,16.96962],[77.09641,16.97308],[77.09397,16.97326],[77.08981,16.98513],[77.08947,16.99247],[77.08889,16.99244],[77.08846,16.99364],[77.08706,16.99928],[77.08627,17.0008],[77.08294,17.00283],[77.08286,17.00477],[77.08184,17.00545],[77.08017,17.00817],[77.07797,17.00933],[77.0792,17.01298],[77.07604,17.01356],[77.06663,17.01723],[77.05775,17.01955],[77.05904,17.03228],[77.05749,17.03274],[77.05721,17.03239],[77.05303,17.03251],[77.04951,17.03166],[77.04719,17.03207],[77.04518,17.03481],[77.04204,17.03559],[77.04226,17.03726],[77.0408,17.03801],[77.04103,17.03882],[77.04012,17.03902],[77.04047,17.04638],[77.04354,17.05633],[77.04461,17.06431],[77.04504,17.06426],[77.04531,17.06867],[77.04633,17.07029],[77.04633,17.07733],[77.04579,17.07718],[77.04465,17.09771],[77.04518,17.09995],[77.04879,17.09988],[77.04944,17.1054],[77.05043,17.10541],[77.05057,17.10675],[77.05204,17.10682],[77.05207,17.10764],[77.05292,17.10791],[77.05297,17.10917],[77.05368,17.10916],[77.05441,17.12104],[77.05698,17.13293],[77.05713,17.13538],[77.05649,17.14055],[77.06168,17.1406],[77.062,17.14302],[77.0647,17.14275],[77.06424,17.14766],[77.069,17.14837],[77.06944,17.14568],[77.07654,17.14467],[77.07975,17.14362],[77.08018,17.14306],[77.07924,17.14136],[77.07914,17.13951],[77.08846,17.13869],[77.08834,17.13719],[77.09152,17.1363],[77.09865,17.1353],[77.09929,17.13856],[77.10182,17.1447],[77.10294,17.15435],[77.10245,17.15569],[77.09907,17.15712],[77.09625,17.15919],[77.09223,17.16001],[77.08944,17.16162],[77.08756,17.16393],[77.09617,17.17324],[77.10148,17.17532],[77.10809,17.17586]]]}},{"type":"Feature","properties":{"unitId":509,"unitName":"Wadi PS"},"geometry":{"type":"Polygon","coordinates":[[[77.04678,17.21322],[77.0463,17.2111],[77.05577,17.20593],[77.05691,17.20385],[77.06026,17.20004],[77.06281,17.19494],[77.06182,17.19455],[77.06265,17.19314],[77.07677,17.17207],[77.08247,17.16672],[77.08756,17.16393],[77.08944,17.16162],[77.09223,17.16001],[77.09625,17.15919],[77.09907,17.15712],[77.10245,17.15569],[77.10294,17.15435],[77.10182,17.1447],[77.09929,17.13856],[77.09865,17.1353],[77.09152,17.1363],[77.08834,17.13719],[77.08846,17.13869],[77.07914,17.13951],[77.07924,17.14136],[77.08018,17.14306],[77.07975,17.14362],[77.07654,17.14467],[77.06944,17.14568],[77.069,17.14837],[77.06424,17.14766],[77.0647,17.14275],[77.062,17.14302],[77.06168,17.1406],[77.05649,17.14055],[77.05713,17.13538],[77.05698,17.13293],[77.05441,17.12104],[77.05368,17.10916],[77.05297,17.10917],[77.05292,17.10791],[77.05207,17.10764],[77.05204,17.10682],[77.05057,17.10675],[77.05043,17.10541],[77.04944,17.1054],[77.04879,17.09988],[77.04518,17.09995],[77.04465,17.09771],[77.04579,17.07718],[77.04633,17.07733],[77.04633,17.07029],[77.04531,17.06867],[77.04504,17.06426],[77.04461,17.06431],[77.04354,17.05633],[77.04047,17.04638],[77.04012,17.03902],[77.04103,17.03882],[77.0408,17.03801],[77.04226,17.03726],[77.04204,17.03559],[77.04518,17.03481],[77.04719,17.03207],[77.04951,17.03166],[77.05303,17.03251],[77.05721,17.03239],[77.05749,17.03274],[77.05904,17.03228],[77.05775,17.01955],[77.06663,17.01723],[77.07604,17.01356],[77.0792,17.01298],[77.07797,17.00933],[77.08017,17.00817],[77.08184,17.00545],[77.08286,17.00477],[77.08294,17.00283],[77.08627,17.0008],[77.08706,16.99928],[77.08846,16.99364],[77.08889,16.99244],[77.08947,16.99247],[77.08981,16.98513],[77.09397,16.97326],[77.09641,16.97308],[77.09592,16.96962],[77.09642,16.96519],[77.09783,16.96005],[77.09974,16.95733],[77.10197,16.9486],[77.10022,16.94825],[77.10274,16.94652],[77.10913,16.9445],[77.109,16.94409],[77.11255,16.94126],[77.11289,16.93561],[77.11449,16.93538],[77.11411,16.93287],[77.12622,16.91758],[77.12028,16.90947],[77.11547,16.90621],[77.10609,16.90261],[77.09987,16.90337],[77.09308,16.90599],[77.09238,16.90921],[77.08876,16.9146],[77.08794,16.92768],[77.08687,16.9317],[77.08203,16.94065],[77.07872,16.9384],[77.0766,16.93902],[77.07698,16.93757],[77.07514,16.93807],[77.07315,16.93737],[77.07303,16.93459],[77.07231,16.93201],[77.06858,16.93247],[77.06906,16.93899],[77.06806,16.93935],[77.06822,16.94201],[77.07061,16.95329],[77.06789,16.95404],[77.06395,16.95373],[77.06491,16.95145],[77.05851,16.945],[77.05776,16.9429],[77.04593,16.9323],[77.04419,16.92685],[77.04134,16.92334],[77.03774,16.9241],[77.03574,16.92501],[77.03355,16.92516],[77.03359,16.92455],[77.03222,16.92457],[77.02932,16.9257],[77.02487,16.92564],[77.02446,16.92502],[77.01999,16.92776],[77.0201,16.91579],[77.01784,16.90319],[77.01769,16.89917],[77.02383,16.89698],[77.0249,16.89612],[77.02743,16.89569],[77.02835,16.89378],[77.03329,16.89334],[77.0333,16.88483],[77.03729,16.88368],[77.03728,16.88429],[77.03954,16.88431],[77.04014,16.88281],[77.04158,16.88269],[77.04191,16.8808],[77.0429,16.87897],[77.04337,16.87159],[77.04311,16.87011],[77.04196,16.86851],[77.03561,16.87008],[77.03328,16.86905],[77.03052,16.86948],[77.03028,16.86802],[77.02791,16.86779],[77.02596,16.86829],[77.02257,16.86814],[77.02075,16.86872],[77.02035,16.86777],[77.0166,16.86544],[77.01419,16.86328],[77.01096,16.86178],[77.0076,16.85799],[77.00019,16.8601],[76.99534,16.86011],[76.9927,16.86074],[76.9908,16.86045],[76.98177,16.86137],[76.98109,16.859],[76.97974,16.85986],[76.97889,16.85452],[76.98008,16.85201],[76.9802,16.8499],[76.98108,16.84729],[76.98159,16.84718],[76.98331,16.84447],[76.98377,16.84192],[76.9832,16.83991],[76.99093,16.83886],[76.99538,16.83772],[76.99475,16.83325],[76.99319,16.83328],[76.99041,16.81191],[76.98232,16.80984],[76.97022,16.81693],[76.95914,16.82157],[76.95421,16.82461],[76.94921,16.82956],[76.94584,16.8306],[76.92878,16.83212],[76.92598,16.83106],[76.92439,16.82991],[76.92228,16.82609],[76.92131,16.82102],[76.91939,16.81837],[76.91435,16.8163],[76.91207,16.81653],[76.90947,16.81811],[76.90696,16.82218],[76.90516,16.82661],[76.9025,16.83821],[76.90199,16.85369],[76.90282,16.85637],[76.90444,16.85795],[76.90764,16.85919],[76.91317,16.86039],[76.91586,16.862],[76.91847,16.86585],[76.92471,16.87709],[76.92291,16.87859],[76.92044,16.8797],[76.91814,16.88551],[76.91516,16.89579],[76.92648,16.89516],[76.92808,16.88615],[76.93019,16.88157],[76.93472,16.88325],[76.94714,16.88432],[76.95026,16.88524],[76.95214,16.88677],[76.95278,16.89138],[76.9524,16.89402],[76.95082,16.89806],[76.94782,16.90388],[76.94387,16.91395],[76.94153,16.91771],[76.93734,16.92918],[76.93421,16.93954],[76.93062,16.95513],[76.93044,16.95929],[76.93092,16.96388],[76.93316,16.96973],[76.93842,16.97786],[76.93968,16.98128],[76.93974,16.98456],[76.93908,16.98807],[76.93717,16.99238],[76.93258,16.99883],[76.92859,17.00183],[76.91876,17.00739],[76.916,17.00958],[76.91435,17.0119],[76.91334,17.01616],[76.91394,17.02026],[76.91926,17.02695],[76.92427,17.02478],[76.92757,17.02429],[76.93032,17.02319],[76.93566,17.02225],[76.93913,17.02235],[76.94609,17.02131],[76.94633,17.02288],[76.94801,17.02306],[76.94809,17.02714],[76.95297,17.02659],[76.95296,17.02822],[76.95576,17.02789],[76.95612,17.03027],[76.95458,17.03674],[76.95351,17.03931],[76.9481,17.04162],[76.9469,17.04296],[76.94493,17.04412],[76.9436,17.04383],[76.94462,17.04853],[76.93895,17.04928],[76.93852,17.04888],[76.9363,17.04956],[76.9344,17.04937],[76.93371,17.05498],[76.93219,17.0595],[76.93505,17.06163],[76.93464,17.06222],[76.93688,17.06379],[76.93961,17.06902],[76.94291,17.07299],[76.94344,17.07296],[76.9441,17.07378],[76.94659,17.07774],[76.94955,17.08519],[76.95053,17.09611],[76.95631,17.10843],[76.95769,17.10762],[76.95706,17.10665],[76.95986,17.10602],[76.95924,17.10347],[76.96702,17.1027],[76.96562,17.09749],[76.97096,17.09596],[76.9709,17.09501],[76.98694,17.09109],[76.98777,17.09412],[76.98909,17.09636],[76.99459,17.0995],[76.99477,17.10027],[76.99769,17.10199],[76.99792,17.10407],[77.0001,17.10704],[77.00103,17.1098],[77.00166,17.1157],[77.00357,17.12217],[77.00485,17.12297],[77.01264,17.12389],[77.01286,17.13603],[77.01207,17.13615],[77.01407,17.14439],[77.0142,17.14652],[77.01837,17.14619],[77.02118,17.14528],[77.02503,17.14599],[77.02902,17.14609],[77.0415,17.14451],[77.04089,17.14738],[77.03879,17.15271],[77.03475,17.16068],[77.02997,17.17245],[77.02804,17.17349],[77.02789,17.17696],[77.0269,17.18059],[77.02576,17.18309],[77.02375,17.18533],[77.02236,17.18902],[77.02261,17.1914],[77.02363,17.19325],[77.02605,17.19416],[77.02591,17.1965],[77.02968,17.19791],[77.03133,17.19952],[77.03337,17.20553],[77.03748,17.20591],[77.03753,17.20695],[77.03848,17.20694],[77.03893,17.2101],[77.04196,17.21004],[77.04283,17.2149],[77.04678,17.21322]]]}},{"type":"Feature","properties":{"unitId":510,"unitName":"Kalagi PS"},"geometry":{"type":"Polygon","coordinates":[[[77.09589,17.52348],[77.09413,17.51988],[77.09334,17.51422],[77.09259,17.51213],[77.09294,17.51055],[77.09123,17.50558],[77.091,17.50086],[77.09138,17.49387],[77.09407,17.49384],[77.09418,17.49333],[77.09465,17.48498],[77.09556,17.48144],[77.09553,17.47358],[77.09511,17.47343],[77.09487,17.47005],[77.09182,17.4704],[77.08616,17.46858],[77.08316,17.46584],[77.08287,17.462],[77.08337,17.45385],[77.08124,17.44115],[77.08911,17.43914],[77.08881,17.43644],[77.08932,17.4361],[77.0892,17.43058],[77.09004,17.42357],[77.09149,17.42409],[77.09629,17.42419],[77.1021,17.42321],[77.10578,17.42342],[77.11387,17.41718],[77.11613,17.40997],[77.11184,17.40938],[77.11027,17.40009],[77.10859,17.39539],[77.10717,17.38855],[77.10826,17.3879],[77.11651,17.38874],[77.11722,17.38947],[77.11734,17.38891],[77.1183,17.38922],[77.12267,17.38868],[77.12503,17.38932],[77.12739,17.38882],[77.12949,17.38982],[77.13006,17.38928],[77.13083,17.38932],[77.13294,17.39012],[77.13751,17.39383],[77.13949,17.39411],[77.14076,17.39347],[77.14198,17.39421],[77.1452,17.39362],[77.14738,17.39391],[77.14852,17.39485],[77.15419,17.39478],[77.15578,17.39546],[77.15676,17.39701],[77.16026,17.39449],[77.16233,17.39365],[77.17098,17.3844],[77.17264,17.38122],[77.17255,17.37827],[77.17545,17.37537],[77.1816,17.37419],[77.19447,17.37297],[77.19435,17.36811],[77.19502,17.36669],[77.20323,17.36638],[77.20315,17.36558],[77.20703,17.36546],[77.20711,17.36452],[77.2098,17.36443],[77.2128,17.36443],[77.21352,17.36623],[77.21497,17.36621],[77.2155,17.36566],[77.216,17.3661],[77.21743,17.36578],[77.22005,17.36615],[77.22043,17.36445],[77.224,17.36448],[77.22422,17.36325],[77.22531,17.36377],[77.22525,17.36125],[77.2245,17.35894],[77.22177,17.35927],[77.22064,17.35537],[77.22349,17.35427],[77.22283,17.35187],[77.22342,17.35],[77.22624,17.34568],[77.22867,17.34076],[77.23146,17.33909],[77.23211,17.33742],[77.23541,17.33683],[77.23587,17.32943],[77.23959,17.32899],[77.23981,17.32705],[77.23878,17.32349],[77.24229,17.32184],[77.24489,17.31978],[77.24545,17.31819],[77.24822,17.31412],[77.25251,17.31064],[77.25677,17.30772],[77.26218,17.30547],[77.26132,17.30328],[77.26053,17.29799],[77.26113,17.289],[77.26232,17.28905],[77.26293,17.28249],[77.26513,17.27741],[77.26588,17.27685],[77.26606,17.27251],[77.26805,17.26109],[77.25942,17.26315],[77.25722,17.25533],[77.25665,17.24873],[77.24648,17.24796],[77.23492,17.24857],[77.23513,17.24607],[77.23233,17.24671],[77.22942,17.24657],[77.22932,17.24707],[77.22815,17.24727],[77.22765,17.24626],[77.22616,17.2468],[77.22578,17.25128],[77.20622,17.25508],[77.20613,17.25454],[77.20417,17.255],[77.20098,17.25462],[77.19941,17.25829],[77.1987,17.26609],[77.18925,17.2652],[77.1844,17.26283],[77.1824,17.26717],[77.18037,17.27],[77.1699,17.27075],[77.17015,17.27181],[77.17076,17.27189],[77.16869,17.27695],[77.16821,17.27781],[77.16562,17.27791],[77.16522,17.28092],[77.16442,17.28095],[77.16382,17.28336],[77.15976,17.28259],[77.15442,17.27754],[77.14806,17.27729],[77.14806,17.27677],[77.12924,17.27219],[77.12739,17.27544],[77.12713,17.27794],[77.126,17.28065],[77.12575,17.27991],[77.12175,17.28215],[77.12059,17.28543],[77.12046,17.28598],[77.12113,17.28619],[77.12033,17.28791],[77.12142,17.29139],[77.12157,17.29479],[77.12105,17.29784],[77.12153,17.29984],[77.1211,17.30123],[77.11885,17.30375],[77.11505,17.30594],[77.11401,17.30745],[77.11344,17.30971],[77.11372,17.31198],[77.11559,17.31431],[77.11955,17.31743],[77.12509,17.32031],[77.12684,17.32236],[77.12788,17.32784],[77.12735,17.33313],[77.12813,17.33735],[77.1281,17.34028],[77.12651,17.34171],[77.12252,17.33946],[77.12004,17.33882],[77.11673,17.33914],[77.11359,17.34061],[77.11157,17.34493],[77.11058,17.35365],[77.10969,17.35516],[77.10888,17.35555],[77.10389,17.35504],[77.10013,17.35348],[77.10008,17.3528],[77.099,17.35226],[77.09713,17.35231],[77.09666,17.35592],[77.09779,17.35999],[77.09785,17.36301],[77.09729,17.3643],[77.09605,17.36517],[77.0908,17.3679],[77.09038,17.37158],[77.08583,17.37296],[77.08333,17.37237],[77.08193,17.37114],[77.07912,17.37085],[77.07826,17.3711],[77.07841,17.3716],[77.07196,17.37405],[77.07093,17.37526],[77.07108,17.37688],[77.07001,17.37921],[77.06772,17.38155],[77.06412,17.38868],[77.06076,17.39185],[77.05432,17.39536],[77.04996,17.39839],[77.04063,17.39901],[77.03242,17.40178],[77.02935,17.39866],[77.02633,17.39712],[77.02233,17.39665],[77.01568,17.39725],[77.01426,17.39333],[77.01104,17.3806],[77.00667,17.38076],[76.99826,17.37901],[76.99712,17.3779],[76.97064,17.37956],[76.96364,17.37928],[76.96725,17.38569],[76.96872,17.39278],[76.96943,17.39907],[76.97029,17.40171],[76.97844,17.40316],[76.98289,17.40328],[76.99438,17.40496],[77.00022,17.40501],[77.00155,17.41466],[77.00525,17.42384],[77.00699,17.43185],[77.00696,17.43346],[77.0055,17.43567],[76.99979,17.43897],[76.99896,17.43998],[76.99891,17.44317],[76.99783,17.44566],[76.99881,17.45033],[77.00035,17.4533],[77.00463,17.4538],[77.01002,17.45568],[77.01545,17.45591],[77.01758,17.46382],[77.01957,17.46658],[77.03432,17.47724],[77.03727,17.47853],[77.04003,17.47898],[77.04425,17.48148],[77.04373,17.48286],[77.04414,17.48279],[77.04443,17.48642],[77.04663,17.48992],[77.04606,17.49365],[77.04647,17.49714],[77.04591,17.50755],[77.04885,17.50605],[77.05055,17.50635],[77.05459,17.50863],[77.06041,17.51289],[77.06372,17.51394],[77.06423,17.51584],[77.0707,17.5222],[77.07843,17.53199],[77.079,17.53315],[77.07903,17.53603],[77.07995,17.5377],[77.0807,17.54126],[77.08093,17.54417],[77.08311,17.5458],[77.08542,17.54489],[77.09064,17.54169],[77.09878,17.54013],[77.0973,17.53979],[77.09719,17.53935],[77.09846,17.53824],[77.0985,17.53657],[77.09842,17.5361],[77.09759,17.53592],[77.09631,17.53151],[77.0963,17.5242],[77.09589,17.52348]]]}},{"type":"Feature","properties":{"unitId":511,"unitName":"Madbool PS"},"geometry":{"type":"Polygon","coordinates":[[[77.03282,17.40176],[77.04063,17.39901],[77.04996,17.39839],[77.05432,17.39536],[77.06076,17.39185],[77.06412,17.38868],[77.06772,17.38155],[77.07001,17.37921],[77.07108,17.37688],[77.07108,17.37488],[77.07246,17.37377],[77.07841,17.3716],[77.07826,17.3711],[77.07912,17.37085],[77.08193,17.37114],[77.08333,17.37237],[77.08583,17.37296],[77.09038,17.37158],[77.0908,17.3679],[77.09605,17.36517],[77.09729,17.3643],[77.09785,17.36301],[77.09779,17.35999],[77.09666,17.35592],[77.09713,17.35231],[77.099,17.35226],[77.10008,17.3528],[77.10013,17.35348],[77.10389,17.35504],[77.10693,17.35561],[77.10969,17.35516],[77.11092,17.35196],[77.11157,17.34493],[77.11359,17.34061],[77.11673,17.33914],[77.12004,17.33882],[77.12252,17.33946],[77.12651,17.34171],[77.1281,17.34028],[77.12813,17.33735],[77.12735,17.33313],[77.12788,17.32784],[77.12684,17.32236],[77.12509,17.32031],[77.12287,17.31946],[77.11764,17.31609],[77.11372,17.31198],[77.11344,17.30971],[77.11401,17.30745],[77.11505,17.30594],[77.11982,17.30288],[77.1211,17.30123],[77.12153,17.29984],[77.12105,17.29784],[77.12157,17.29479],[77.12142,17.29139],[77.12033,17.28791],[77.12113,17.28619],[77.11401,17.28459],[77.1099,17.2831],[77.10054,17.28221],[77.10144,17.27779],[77.09998,17.27181],[77.09949,17.26377],[77.10052,17.25494],[77.10248,17.25524],[77.10327,17.25195],[77.10498,17.24805],[77.10517,17.24559],[77.1262,17.24564],[77.12625,17.24479],[77.1296,17.24455],[77.12952,17.24316],[77.13379,17.24329],[77.1356,17.2419],[77.13669,17.24007],[77.13644,17.23846],[77.13495,17.23627],[77.13568,17.2342],[77.14299,17.23384],[77.15345,17.23608],[77.15348,17.21565],[77.1534,17.21526],[77.15031,17.21575],[77.15035,17.21345],[77.15136,17.20862],[77.1337,17.20595],[77.12663,17.20556],[77.12605,17.20161],[77.12653,17.1915],[77.12744,17.18603],[77.12799,17.18431],[77.12909,17.18304],[77.11518,17.17726],[77.10809,17.17586],[77.10148,17.17532],[77.09617,17.17324],[77.08756,17.16393],[77.08247,17.16672],[77.07677,17.17207],[77.06265,17.19314],[77.06182,17.19455],[77.06281,17.19494],[77.06145,17.19785],[77.05577,17.20593],[77.0463,17.2111],[77.04678,17.21322],[77.04283,17.2149],[77.04196,17.21004],[77.03893,17.2101],[77.03848,17.20694],[77.03753,17.20695],[77.03748,17.20591],[77.03337,17.20553],[77.03133,17.19952],[77.02968,17.19791],[77.02591,17.1965],[77.02587,17.1986],[77.02294,17.19866],[77.02217,17.19579],[77.01616,17.19384],[77.01258,17.19207],[76.99983,17.19378],[76.99601,17.19509],[76.98707,17.1969],[76.98005,17.19764],[76.97794,17.19835],[76.97322,17.20469],[76.97254,17.21481],[76.97333,17.22014],[76.97131,17.22056],[76.95976,17.22072],[76.95542,17.22045],[76.9553,17.2197],[76.95131,17.21953],[76.95052,17.21624],[76.95007,17.20654],[76.94353,17.20575],[76.94096,17.20592],[76.92279,17.20861],[76.92363,17.21582],[76.92494,17.2199],[76.92711,17.23238],[76.92836,17.24789],[76.92872,17.25923],[76.94765,17.25778],[76.95237,17.25645],[76.95791,17.25653],[76.9716,17.25834],[76.97129,17.2617],[76.97206,17.26283],[76.97249,17.26658],[76.97969,17.26909],[76.9807,17.27522],[76.98466,17.27829],[76.99861,17.27716],[76.99941,17.27894],[77.00081,17.2801],[77.00236,17.28032],[77.00403,17.28942],[77.00323,17.28937],[77.00293,17.29225],[77.0002,17.30023],[76.99651,17.30002],[76.98859,17.30076],[76.9885,17.30358],[76.98686,17.30964],[76.98673,17.31173],[76.98807,17.31773],[76.99873,17.31952],[77.00498,17.31711],[77.00695,17.31703],[77.00658,17.3159],[77.00845,17.31565],[77.00954,17.31501],[77.01198,17.31276],[77.01383,17.31183],[77.01535,17.30924],[77.01645,17.3093],[77.01693,17.30685],[77.01955,17.30705],[77.01992,17.306],[77.0268,17.30745],[77.02674,17.30792],[77.03027,17.30899],[77.03065,17.30964],[77.03159,17.30955],[77.03244,17.31017],[77.03254,17.31097],[77.03692,17.31262],[77.03686,17.31386],[77.04333,17.31754],[77.04381,17.32109],[77.03792,17.3235],[77.03168,17.32529],[77.02627,17.32764],[77.02736,17.33082],[77.03094,17.33699],[77.03716,17.34483],[77.04094,17.34794],[77.04298,17.35073],[77.04357,17.35224],[77.04257,17.35456],[77.03811,17.35879],[77.0384,17.35926],[77.03634,17.36201],[77.03534,17.36598],[77.03437,17.36842],[77.03242,17.3713],[77.03128,17.3755],[77.02121,17.3774],[77.02157,17.37932],[77.01907,17.38006],[77.01727,17.38013],[77.01462,17.381],[77.01246,17.3811],[77.0124,17.38054],[77.01104,17.3806],[77.01426,17.39333],[77.01568,17.39725],[77.02233,17.39665],[77.02633,17.39712],[77.02935,17.39866],[77.03282,17.40176]]]}},{"type":"Feature","properties":{"unitId":512,"unitName":"Shahabad Town PS"},"geometry":{"type":"Polygon","coordinates":[[[76.87355,17.24748],[76.87367,17.2414],[76.88412,17.24019],[76.88669,17.23959],[76.8888,17.23814],[76.89748,17.23572],[76.90372,17.23517],[76.90447,17.22622],[76.90638,17.22126],[76.90586,17.21827],[76.91442,17.21841],[76.91687,17.21218],[76.91675,17.20816],[76.92043,17.20861],[76.92513,17.20847],[76.94353,17.20575],[76.95007,17.20654],[76.95052,17.21624],[76.95131,17.21953],[76.9553,17.2197],[76.95542,17.22045],[76.96949,17.22082],[76.97333,17.22014],[76.97254,17.21481],[76.97322,17.20469],[76.97794,17.19835],[76.97879,17.19791],[76.98707,17.1969],[76.99601,17.19509],[76.99983,17.19378],[77.01258,17.19207],[77.01616,17.19384],[77.02217,17.19579],[77.02294,17.19866],[77.02587,17.1986],[77.02605,17.19416],[77.02363,17.19325],[77.02261,17.1914],[77.02236,17.18902],[77.02281,17.18731],[77.02375,17.18533],[77.02576,17.18309],[77.0269,17.18059],[77.02789,17.17696],[77.02804,17.17349],[77.02997,17.17245],[77.03475,17.16068],[77.03879,17.15271],[77.04089,17.14738],[77.0415,17.14451],[77.02902,17.14609],[77.02503,17.14599],[77.02118,17.14528],[77.01837,17.14619],[77.0142,17.14652],[77.01407,17.14439],[77.01207,17.13615],[77.01286,17.13603],[77.01264,17.12389],[77.00485,17.12297],[77.00357,17.12217],[77.00166,17.1157],[77.00103,17.1098],[77.0001,17.10704],[76.99792,17.10407],[76.99769,17.10199],[76.99477,17.10027],[76.99459,17.0995],[76.98909,17.09636],[76.98777,17.09412],[76.98694,17.09109],[76.9709,17.09501],[76.97096,17.09596],[76.96562,17.09749],[76.96702,17.1027],[76.95924,17.10347],[76.95986,17.10602],[76.95706,17.10665],[76.95769,17.10762],[76.95631,17.10843],[76.95053,17.09611],[76.94955,17.08519],[76.94659,17.07774],[76.9441,17.07378],[76.94344,17.07296],[76.94291,17.07299],[76.93961,17.06902],[76.93688,17.06379],[76.93464,17.06222],[76.93505,17.06163],[76.93219,17.0595],[76.93371,17.05498],[76.9344,17.04937],[76.9363,17.04956],[76.93852,17.04888],[76.93895,17.04928],[76.94462,17.04853],[76.9436,17.04383],[76.94493,17.04412],[76.9469,17.04296],[76.9481,17.04162],[76.95265,17.03996],[76.95351,17.03931],[76.95458,17.03674],[76.95612,17.03027],[76.95576,17.02789],[76.95296,17.02822],[76.95297,17.02659],[76.94809,17.02714],[76.94801,17.02306],[76.94633,17.02288],[76.94609,17.02131],[76.93913,17.02235],[76.93566,17.02225],[76.93032,17.02319],[76.92757,17.02429],[76.92427,17.02478],[76.91926,17.02695],[76.92403,17.03315],[76.92543,17.03536],[76.92629,17.03794],[76.92608,17.03948],[76.92495,17.04123],[76.92271,17.04286],[76.91878,17.04432],[76.91466,17.04507],[76.89705,17.04186],[76.89005,17.04138],[76.88561,17.04216],[76.87749,17.04525],[76.87126,17.04835],[76.86644,17.05227],[76.86282,17.05713],[76.86022,17.06193],[76.85797,17.06401],[76.85419,17.06534],[76.85499,17.06765],[76.85612,17.06764],[76.85707,17.06888],[76.85819,17.06932],[76.85962,17.07153],[76.86229,17.0737],[76.86378,17.07622],[76.86513,17.08103],[76.86542,17.08456],[76.86644,17.08867],[76.86943,17.09823],[76.87483,17.09803],[76.8731,17.10802],[76.87157,17.11126],[76.86988,17.1236],[76.87121,17.13743],[76.87245,17.14358],[76.87276,17.14763],[76.87964,17.14887],[76.87885,17.15259],[76.87976,17.16416],[76.87957,17.16837],[76.88104,17.17162],[76.88126,17.17627],[76.86827,17.17935],[76.85789,17.1811],[76.8502,17.18346],[76.83707,17.18221],[76.8362,17.18461],[76.83018,17.19558],[76.8375,17.20753],[76.83922,17.2087],[76.84103,17.2118],[76.84341,17.21392],[76.8441,17.21398],[76.84549,17.21562],[76.84691,17.21531],[76.84705,17.21671],[76.84777,17.21765],[76.85023,17.21803],[76.85209,17.22102],[76.85435,17.22202],[76.85626,17.22185],[76.85774,17.22851],[76.857,17.22872],[76.85706,17.23107],[76.8579,17.23102],[76.85783,17.23214],[76.85869,17.23209],[76.8593,17.23592],[76.86046,17.23572],[76.86024,17.23836],[76.86125,17.23915],[76.86285,17.2422],[76.86343,17.24198],[76.86472,17.24523],[76.86563,17.24564],[76.86604,17.24683],[76.87289,17.24812],[76.87347,17.24814],[76.87355,17.24748]]]}},{"type":"Feature","properties":{"unitId":513,"unitName":"MB Nagar KalburgiPS"},"geometry":{"type":"Polygon","coordinates":[[[76.86348,17.34022],[76.86918,17.33391],[76.87538,17.32964],[76.87494,17.32769],[76.87369,17.32396],[76.866,17.32382],[76.86173,17.32024],[76.85944,17.3163],[76.85925,17.31508],[76.85478,17.31396],[76.8547,17.31526],[76.85363,17.31677],[76.85378,17.31811],[76.85871,17.31786],[76.85845,17.31922],[76.85303,17.32291],[76.84815,17.3253],[76.84814,17.32818],[76.84588,17.32897],[76.84647,17.33128],[76.84746,17.33104],[76.84736,17.33345],[76.8487,17.33335],[76.84922,17.3384],[76.85385,17.33919],[76.85699,17.33905],[76.85802,17.33962],[76.85905,17.33949],[76.85958,17.34023],[76.86083,17.34065],[76.86207,17.34076],[76.86348,17.34022]]]}},{"type":"Feature","properties":{"unitId":514,"unitName":"Chowka PS"},"geometry":{"type":"Polygon","coordinates":[[[76.79466,17.381],[76.79608,17.38036],[76.79895,17.38076],[76.80185,17.3801],[76.80243,17.3783],[76.80162,17.37577],[76.80169,17.3742],[76.80246,17.3744],[76.80445,17.37281],[76.81187,17.37368],[76.81126,17.37563],[76.81441,17.37641],[76.81262,17.38018],[76.81528,17.37992],[76.81593,17.37902],[76.81605,17.37714],[76.81568,17.37653],[76.8177,17.37536],[76.81979,17.37213],[76.82152,17.36713],[76.82332,17.3685],[76.82423,17.36464],[76.82653,17.36488],[76.82758,17.36318],[76.82832,17.36336],[76.82865,17.36647],[76.83055,17.366],[76.83151,17.36443],[76.83468,17.36427],[76.83499,17.36697],[76.83713,17.36736],[76.8391,17.36424],[76.84032,17.36384],[76.84337,17.36572],[76.84475,17.36579],[76.84523,17.36441],[76.84387,17.3612],[76.8456,17.35943],[76.84574,17.35786],[76.84107,17.35],[76.84357,17.34848],[76.84464,17.34673],[76.8444,17.34423],[76.84485,17.34334],[76.84423,17.34052],[76.83954,17.34188],[76.83189,17.33764],[76.8273,17.33814],[76.8286,17.34403],[76.82668,17.34628],[76.82289,17.34833],[76.8166,17.35699],[76.81436,17.35532],[76.81008,17.34908],[76.81043,17.35316],[76.81194,17.35518],[76.80865,17.3565],[76.80977,17.36149],[76.80827,17.36204],[76.80565,17.36435],[76.79935,17.37125],[76.79212,17.37627],[76.79199,17.38157],[76.79466,17.381]]]}},{"type":"Feature","properties":{"unitId":515,"unitName":"Kamalapur PS"},"geometry":{"type":"Polygon","coordinates":[[[76.99018,17.69649],[76.99212,17.6963],[76.99413,17.6975],[76.99472,17.69688],[76.99629,17.69728],[76.99674,17.69568],[76.99865,17.69551],[76.99897,17.69602],[77.00074,17.69623],[77.00077,17.69519],[77.00201,17.6946],[77.00667,17.68797],[77.01088,17.68698],[77.01243,17.68483],[77.01376,17.68497],[77.01815,17.67937],[77.02193,17.6794],[77.03029,17.68079],[77.03332,17.68231],[77.03493,17.68128],[77.03502,17.67983],[77.03435,17.67741],[77.035,17.67216],[77.03671,17.67143],[77.03689,17.67181],[77.03947,17.672],[77.04092,17.668],[77.04387,17.66795],[77.04455,17.66962],[77.046,17.66963],[77.04615,17.67055],[77.04809,17.67129],[77.05086,17.67153],[77.05307,17.67102],[77.05427,17.67195],[77.05656,17.67236],[77.05806,17.67391],[77.06211,17.67182],[77.06369,17.6696],[77.06923,17.66585],[77.07341,17.66206],[77.07844,17.66181],[77.08081,17.6625],[77.08525,17.65917],[77.08773,17.66236],[77.08943,17.6691],[77.09007,17.66937],[77.09025,17.6685],[77.0935,17.66861],[77.09501,17.6692],[77.10455,17.66896],[77.10452,17.6697],[77.1063,17.67335],[77.11122,17.67516],[77.11195,17.67684],[77.11459,17.67793],[77.11456,17.67897],[77.11768,17.68603],[77.11955,17.68562],[77.12192,17.6868],[77.12326,17.68648],[77.1236,17.68721],[77.12731,17.68666],[77.12835,17.68189],[77.13265,17.68251],[77.13314,17.67531],[77.13198,17.67213],[77.13154,17.66779],[77.13216,17.66518],[77.13205,17.66155],[77.13658,17.66117],[77.1376,17.65809],[77.1397,17.65746],[77.14153,17.6562],[77.14485,17.65562],[77.14489,17.65494],[77.14555,17.65449],[77.14378,17.65103],[77.14331,17.6471],[77.14732,17.64522],[77.14826,17.64332],[77.14774,17.64281],[77.14965,17.64247],[77.14942,17.6415],[77.15049,17.64141],[77.15068,17.63868],[77.15135,17.63762],[77.15035,17.63252],[77.14977,17.63202],[77.14745,17.6331],[77.14482,17.63203],[77.14384,17.63066],[77.14403,17.62927],[77.14322,17.62587],[77.13781,17.62401],[77.13671,17.62042],[77.13735,17.61786],[77.13528,17.61371],[77.13471,17.61154],[77.13658,17.60865],[77.13575,17.60839],[77.13593,17.6064],[77.13395,17.60334],[77.1351,17.60188],[77.13633,17.60181],[77.14161,17.6038],[77.14239,17.60306],[77.14266,17.6005],[77.14304,17.60045],[77.14147,17.59687],[77.14178,17.59484],[77.14385,17.59343],[77.14895,17.59213],[77.15064,17.59082],[77.15344,17.58659],[77.15541,17.58526],[77.1562,17.5849],[77.15894,17.58585],[77.16061,17.58508],[77.16147,17.58352],[77.15909,17.5816],[77.15891,17.57876],[77.15783,17.57824],[77.15671,17.57641],[77.1556,17.5761],[77.15352,17.57322],[77.15106,17.57298],[77.15058,17.57235],[77.15097,17.57155],[77.15023,17.57038],[77.14985,17.56767],[77.14751,17.56748],[77.14566,17.5667],[77.14394,17.56678],[77.13996,17.5683],[77.13897,17.56755],[77.13862,17.56634],[77.13786,17.56601],[77.13505,17.56676],[77.13123,17.56538],[77.128,17.56648],[77.1257,17.57023],[77.12113,17.57299],[77.1199,17.57923],[77.1215,17.5826],[77.12391,17.58424],[77.12411,17.58618],[77.12271,17.58755],[77.106,17.58553],[77.10195,17.58548],[77.09938,17.58613],[77.093,17.58658],[77.09129,17.58623],[77.09036,17.58549],[77.08585,17.58535],[77.08452,17.58463],[77.08157,17.58174],[77.08228,17.57661],[77.08146,17.57244],[77.08161,17.57078],[77.08018,17.5661],[77.07852,17.56312],[77.07907,17.5553],[77.07772,17.55504],[77.07795,17.55399],[77.08067,17.54937],[77.08134,17.54947],[77.08311,17.5458],[77.08093,17.54417],[77.07995,17.5377],[77.07873,17.53433],[77.079,17.53315],[77.0707,17.5222],[77.06423,17.51584],[77.06372,17.51394],[77.06041,17.51289],[77.05459,17.50863],[77.05055,17.50635],[77.04885,17.50605],[77.04692,17.5068],[77.04187,17.51174],[77.03376,17.50904],[77.02722,17.50874],[77.01955,17.50713],[77.00887,17.50767],[77.00731,17.50875],[77.0047,17.50949],[76.99677,17.51073],[76.9978,17.5234],[76.99444,17.5238],[76.99479,17.52602],[76.99447,17.53393],[76.99596,17.5433],[76.98119,17.54283],[76.97312,17.54342],[76.97271,17.54377],[76.97316,17.54668],[76.97284,17.55039],[76.97218,17.55176],[76.97243,17.55356],[76.96737,17.55526],[76.96755,17.55661],[76.95918,17.5575],[76.95935,17.56033],[76.95817,17.562],[76.95503,17.56417],[76.95098,17.56408],[76.95093,17.56111],[76.94968,17.55475],[76.94935,17.54746],[76.94855,17.54682],[76.94835,17.53731],[76.94117,17.53971],[76.93944,17.53576],[76.93186,17.53572],[76.93126,17.53362],[76.92331,17.53416],[76.92341,17.53541],[76.92456,17.53559],[76.92644,17.53824],[76.92352,17.54412],[76.92263,17.54873],[76.92327,17.55342],[76.92371,17.55448],[76.92542,17.5562],[76.92527,17.55672],[76.92891,17.55892],[76.93176,17.56286],[76.93292,17.565],[76.93564,17.57284],[76.93851,17.57715],[76.94001,17.58248],[76.94206,17.58549],[76.94239,17.58676],[76.94306,17.5928],[76.94129,17.5962],[76.94067,17.59629],[76.94054,17.59779],[76.94088,17.60133],[76.94171,17.60389],[76.9411,17.60755],[76.94127,17.60978],[76.94222,17.61024],[76.94705,17.61743],[76.95138,17.62061],[76.95215,17.6242],[76.955,17.62233],[76.95623,17.62238],[76.95732,17.62056],[76.95852,17.62239],[76.95782,17.62319],[76.95826,17.62726],[76.95753,17.62944],[76.95695,17.63452],[76.96008,17.6366],[76.96029,17.63851],[76.96256,17.64025],[76.96579,17.64053],[76.96569,17.64156],[76.96933,17.64454],[76.9705,17.64613],[76.97241,17.64728],[76.9772,17.64782],[76.98107,17.65164],[76.98372,17.65309],[76.98463,17.65598],[76.98301,17.6581],[76.9829,17.66331],[76.97933,17.66399],[76.9775,17.66555],[76.97715,17.68032],[76.97603,17.68065],[76.97928,17.6853],[76.98023,17.68741],[76.98086,17.69139],[76.98245,17.69614],[76.9805,17.69763],[76.98152,17.69912],[76.98618,17.69889],[76.98856,17.698],[76.99018,17.69649]]]}},{"type":"Feature","properties":{"unitId":516,"unitName":"City Women PS"},"geometry":{"type":"MultiPolygon","coordinates":[[[[76.87582,17.49468],[76.88067,17.49323],[76.88397,17.49031],[76.88755,17.48973],[76.89184,17.48815],[76.89894,17.48657],[76.89788,17.48261],[76.89717,17.48279],[76.89714,17.48056],[76.89406,17.47303],[76.89564,17.46688],[76.90128,17.46791],[76.90678,17.46794],[76.91263,17.46762],[76.92106,17.46466],[76.92396,17.46563],[76.92996,17.46545],[76.93005,17.45922],[76.94435,17.45412],[76.94371,17.44931],[76.94119,17.44127],[76.93899,17.44102],[76.93927,17.43076],[76.94028,17.42537],[76.94147,17.42226],[76.9427,17.41446],[76.94269,17.41118],[76.94683,17.41073],[76.94914,17.41109],[76.95749,17.41001],[76.97082,17.40695],[76.97032,17.40181],[76.96943,17.39907],[76.96872,17.39278],[76.96725,17.38569],[76.96364,17.37928],[76.97064,17.37956],[76.99712,17.3779],[76.99826,17.37901],[77.00667,17.38076],[77.0124,17.38054],[77.01246,17.3811],[77.01462,17.381],[77.02157,17.37932],[77.02121,17.3774],[77.03128,17.3755],[77.03242,17.3713],[77.03437,17.36842],[77.03534,17.36598],[77.03634,17.36201],[77.0384,17.35926],[77.03811,17.35879],[77.04248,17.35473],[77.04357,17.35224],[77.04094,17.34794],[77.03716,17.34483],[77.02947,17.33492],[77.02627,17.32764],[77.03168,17.32529],[77.03792,17.3235],[77.04381,17.32109],[77.04333,17.31754],[77.03686,17.31386],[77.03692,17.31262],[77.03254,17.31097],[77.03244,17.31017],[77.03159,17.30955],[77.03065,17.30964],[77.03027,17.30899],[77.02674,17.30792],[77.0268,17.30745],[77.01992,17.306],[77.01955,17.30705],[77.01693,17.30685],[77.01645,17.3093],[77.01535,17.30924],[77.01383,17.31183],[77.01198,17.31276],[77.00954,17.31501],[77.00845,17.31565],[77.00658,17.3159],[77.00695,17.31703],[77.00498,17.31711],[76.99873,17.31952],[76.98807,17.31773],[76.98673,17.31173],[76.98686,17.30964],[76.9885,17.30358],[76.98859,17.30076],[76.99651,17.30002],[77.0002,17.30023],[77.00293,17.29225],[77.00323,17.28937],[77.00403,17.28942],[77.00236,17.28032],[77.00081,17.2801],[76.99941,17.27894],[76.99861,17.27716],[76.98466,17.27829],[76.9807,17.27522],[76.97969,17.26909],[76.97249,17.26658],[76.97206,17.26283],[76.97129,17.2617],[76.9716,17.25834],[76.95791,17.25653],[76.95237,17.25645],[76.94765,17.25778],[76.92872,17.25923],[76.92836,17.24789],[76.92711,17.23238],[76.92494,17.2199],[76.92363,17.21582],[76.92279,17.20861],[76.91675,17.20816],[76.91687,17.21218],[76.91442,17.21841],[76.90586,17.21827],[76.90638,17.22126],[76.90447,17.22622],[76.90372,17.23517],[76.89748,17.23572],[76.8888,17.23814],[76.88669,17.23959],[76.88412,17.24019],[76.87367,17.2414],[76.87347,17.24814],[76.86604,17.24683],[76.86563,17.24564],[76.86472,17.24523],[76.86366,17.24232],[76.86343,17.24198],[76.86285,17.2422],[76.86125,17.23915],[76.86024,17.23836],[76.86046,17.23572],[76.8593,17.23592],[76.85869,17.23209],[76.85783,17.23214],[76.8579,17.23102],[76.85706,17.23107],[76.857,17.22872],[76.85774,17.22851],[76.85626,17.22185],[76.85435,17.22202],[76.85209,17.22102],[76.85023,17.21803],[76.84777,17.21765],[76.84705,17.21671],[76.84691,17.21531],[76.84549,17.21562],[76.8441,17.21398],[76.84341,17.21392],[76.84103,17.2118],[76.83922,17.2087],[76.8375,17.20753],[76.83018,17.19558],[76.8362,17.18461],[76.83707,17.18221],[76.8502,17.18346],[76.85789,17.1811],[76.86827,17.17935],[76.88126,17.17627],[76.88104,17.17162],[76.87957,17.16837],[76.87976,17.16416],[76.87885,17.15259],[76.87964,17.14887],[76.87276,17.14763],[76.87245,17.14358],[76.87121,17.13743],[76.86988,17.1236],[76.87157,17.11126],[76.8731,17.10802],[76.87483,17.09803],[76.86943,17.09823],[76.86644,17.08867],[76.86542,17.08456],[76.86513,17.08103],[76.86378,17.07622],[76.86229,17.0737],[76.85962,17.07153],[76.85819,17.06932],[76.85707,17.06888],[76.85612,17.06764],[76.85499,17.06765],[76.85419,17.06534],[76.85065,17.06404],[76.84832,17.06174],[76.84619,17.05349],[76.84257,17.04829],[76.83556,17.04512],[76.83014,17.04434],[76.82637,17.04391],[76.82052,17.04426],[76.81794,17.04386],[76.81433,17.04451],[76.812,17.04582],[76.80908,17.05133],[76.80632,17.05372],[76.80104,17.057],[76.79848,17.05961],[76.79196,17.07135],[76.78971,17.07454],[76.78768,17.07644],[76.77602,17.08044],[76.76594,17.08502],[76.76369,17.08791],[76.76206,17.08821],[76.76042,17.09192],[76.76283,17.09795],[76.7663,17.09922],[76.77023,17.0998],[76.7729,17.10131],[76.77431,17.10362],[76.7757,17.10336],[76.77622,17.10597],[76.77643,17.11791],[76.7774,17.12526],[76.77773,17.1392],[76.77602,17.1544],[76.7741,17.15765],[76.76947,17.16136],[76.76501,17.16357],[76.75996,17.1652],[76.75555,17.16586],[76.74845,17.16488],[76.74404,17.16182],[76.74042,17.15788],[76.73712,17.15386],[76.73093,17.14296],[76.71885,17.12479],[76.70944,17.1133],[76.7011,17.10055],[76.69983,17.09742],[76.69964,17.09244],[76.70059,17.08801],[76.69895,17.08812],[76.70099,17.0828],[76.70171,17.07812],[76.70098,17.07304],[76.69829,17.06495],[76.69972,17.06493],[76.69843,17.06172],[76.69685,17.06032],[76.6946,17.06005],[76.69157,17.06065],[76.68848,17.06195],[76.68078,17.06791],[76.67354,17.07544],[76.66353,17.08798],[76.66244,17.08824],[76.66204,17.09038],[76.65543,17.09034],[76.64354,17.08763],[76.61375,17.083],[76.60883,17.08183],[76.60665,17.08069],[76.60546,17.08217],[76.60554,17.08764],[76.60706,17.09344],[76.60876,17.10661],[76.61016,17.11329],[76.6028,17.11519],[76.60631,17.12935],[76.6124,17.14043],[76.61233,17.1545],[76.61784,17.15289],[76.63754,17.15284],[76.64037,17.16536],[76.64117,17.1714],[76.64078,17.18001],[76.6395,17.18833],[76.64923,17.18911],[76.65326,17.18893],[76.65354,17.19143],[76.65568,17.19047],[76.65749,17.18833],[76.66567,17.18579],[76.67003,17.18554],[76.67624,17.18318],[76.67934,17.1836],[76.68645,17.1832],[76.68627,17.19191],[76.68726,17.19887],[76.67157,17.20527],[76.67282,17.21142],[76.67201,17.21133],[76.67219,17.21502],[76.67142,17.21506],[76.67214,17.22025],[76.67056,17.22278],[76.66995,17.22528],[76.67098,17.22973],[76.67399,17.23548],[76.67855,17.23424],[76.68507,17.2338],[76.69389,17.2357],[76.70489,17.23282],[76.70636,17.24183],[76.7076,17.24184],[76.70816,17.24783],[76.70799,17.26188],[76.70968,17.26996],[76.70285,17.27215],[76.69907,17.27207],[76.69868,17.2727],[76.69708,17.27314],[76.69368,17.27214],[76.69511,17.28014],[76.69448,17.28736],[76.68719,17.28728],[76.67989,17.28796],[76.67731,17.2867],[76.67715,17.28573],[76.66864,17.28742],[76.6685,17.27952],[76.66644,17.27908],[76.66048,17.27821],[76.65321,17.27982],[76.64821,17.27854],[76.6468,17.27868],[76.64654,17.27755],[76.64294,17.27861],[76.63897,17.2791],[76.63854,17.28352],[76.63615,17.2839],[76.63525,17.29168],[76.63416,17.29196],[76.63433,17.29505],[76.63306,17.29527],[76.63354,17.29765],[76.63,17.30399],[76.62916,17.30793],[76.62909,17.31048],[76.63155,17.31073],[76.63143,17.31276],[76.63258,17.31454],[76.63574,17.31695],[76.63831,17.31698],[76.63936,17.3221],[76.64023,17.32199],[76.64641,17.32838],[76.64907,17.32673],[76.64967,17.32787],[76.65166,17.32784],[76.65317,17.33237],[76.65613,17.33238],[76.66303,17.34982],[76.66412,17.3613],[76.66047,17.36147],[76.66135,17.37132],[76.65778,17.37119],[76.65808,17.37595],[76.66818,17.37568],[76.68145,17.38244],[76.6902,17.38628],[76.69415,17.38864],[76.69829,17.38968],[76.69872,17.39403],[76.6984,17.40135],[76.69758,17.40252],[76.69123,17.40573],[76.69216,17.40913],[76.68733,17.4092],[76.68579,17.41114],[76.68532,17.41453],[76.68194,17.42357],[76.68154,17.42422],[76.68075,17.42407],[76.67846,17.42497],[76.67957,17.43199],[76.6808,17.43427],[76.68217,17.43605],[76.68465,17.43655],[76.68685,17.43978],[76.68835,17.44103],[76.68929,17.44042],[76.69056,17.44325],[76.69464,17.44485],[76.69795,17.44176],[76.69842,17.43809],[76.70013,17.43765],[76.70615,17.42907],[76.70635,17.42982],[76.71095,17.42957],[76.71926,17.42663],[76.72283,17.42661],[76.7247,17.42976],[76.72861,17.4346],[76.73625,17.43466],[76.7392,17.43587],[76.74001,17.43674],[76.73804,17.43825],[76.73339,17.4499],[76.74766,17.45136],[76.75334,17.45096],[76.7584,17.45119],[76.75655,17.45328],[76.75332,17.45871],[76.75155,17.46683],[76.75606,17.46777],[76.75862,17.46899],[76.76466,17.47078],[76.76854,17.47293],[76.77185,17.47377],[76.77187,17.47525],[76.77373,17.47843],[76.77409,17.48017],[76.77427,17.48409],[76.77393,17.48461],[76.77949,17.48546],[76.7881,17.48521],[76.7927,17.48559],[76.81148,17.4887],[76.81587,17.49031],[76.82183,17.49102],[76.82342,17.48746],[76.82352,17.48459],[76.82965,17.48442],[76.8311,17.48356],[76.84314,17.48123],[76.84505,17.47993],[76.85416,17.48026],[76.85699,17.48085],[76.85822,17.48228],[76.86025,17.48312],[76.86315,17.48788],[76.86894,17.49091],[76.86978,17.49469],[76.87582,17.49468]]],[[[76.94648,17.41098],[76.94708,17.41094],[76.94648,17.41098]]]]}},{"type":"Feature","properties":{"unitId":517,"unitName":"City C.E.N. PS"},"geometry":{"type":"MultiPolygon","coordinates":[[[[76.87582,17.49468],[76.88067,17.49323],[76.88397,17.49031],[76.88755,17.48973],[76.89184,17.48815],[76.89894,17.48657],[76.89788,17.48261],[76.89717,17.48279],[76.89714,17.48056],[76.89406,17.47303],[76.89564,17.46688],[76.90128,17.46791],[76.90678,17.46794],[76.91263,17.46762],[76.92106,17.46466],[76.92396,17.46563],[76.92996,17.46545],[76.93005,17.45922],[76.94435,17.45412],[76.94371,17.44931],[76.94119,17.44127],[76.93899,17.44102],[76.93927,17.43076],[76.94028,17.42537],[76.94147,17.42226],[76.9427,17.41446],[76.94269,17.41118],[76.94683,17.41073],[76.94914,17.41109],[76.95749,17.41001],[76.97082,17.40695],[76.97032,17.40181],[76.96943,17.39907],[76.96872,17.39278],[76.96725,17.38569],[76.96364,17.37928],[76.97064,17.37956],[76.99712,17.3779],[76.99826,17.37901],[77.00667,17.38076],[77.0124,17.38054],[77.01246,17.3811],[77.01462,17.381],[77.02157,17.37932],[77.02121,17.3774],[77.03128,17.3755],[77.03242,17.3713],[77.03437,17.36842],[77.03534,17.36598],[77.03634,17.36201],[77.0384,17.35926],[77.03811,17.35879],[77.04248,17.35473],[77.04357,17.35224],[77.04094,17.34794],[77.03716,17.34483],[77.02947,17.33492],[77.02627,17.32764],[77.03168,17.32529],[77.03792,17.3235],[77.04381,17.32109],[77.04333,17.31754],[77.03686,17.31386],[77.03692,17.31262],[77.03254,17.31097],[77.03244,17.31017],[77.03159,17.30955],[77.03065,17.30964],[77.03027,17.30899],[77.02674,17.30792],[77.0268,17.30745],[77.01992,17.306],[77.01955,17.30705],[77.01693,17.30685],[77.01645,17.3093],[77.01535,17.30924],[77.01383,17.31183],[77.01198,17.31276],[77.00954,17.31501],[77.00845,17.31565],[77.00658,17.3159],[77.00695,17.31703],[77.00498,17.31711],[76.99873,17.31952],[76.98807,17.31773],[76.98673,17.31173],[76.98686,17.30964],[76.9885,17.30358],[76.98859,17.30076],[76.99651,17.30002],[77.0002,17.30023],[77.00293,17.29225],[77.00323,17.28937],[77.00403,17.28942],[77.00236,17.28032],[77.00081,17.2801],[76.99941,17.27894],[76.99861,17.27716],[76.98466,17.27829],[76.9807,17.27522],[76.97969,17.26909],[76.97249,17.26658],[76.97206,17.26283],[76.97129,17.2617],[76.9716,17.25834],[76.95791,17.25653],[76.95237,17.25645],[76.94765,17.25778],[76.92872,17.25923],[76.92836,17.24789],[76.92711,17.23238],[76.92494,17.2199],[76.92363,17.21582],[76.92279,17.20861],[76.91675,17.20816],[76.91687,17.21218],[76.91442,17.21841],[76.90586,17.21827],[76.90638,17.22126],[76.90447,17.22622],[76.90372,17.23517],[76.89748,17.23572],[76.8888,17.23814],[76.88669,17.23959],[76.88412,17.24019],[76.87367,17.2414],[76.87347,17.24814],[76.86604,17.24683],[76.86563,17.24564],[76.86472,17.24523],[76.86366,17.24232],[76.86343,17.24198],[76.86285,17.2422],[76.86125,17.23915],[76.86024,17.23836],[76.86046,17.23572],[76.8593,17.23592],[76.85869,17.23209],[76.85783,17.23214],[76.8579,17.23102],[76.85706,17.23107],[76.857,17.22872],[76.85774,17.22851],[76.85626,17.22185],[76.85435,17.22202],[76.85209,17.22102],[76.85023,17.21803],[76.84777,17.21765],[76.84705,17.21671],[76.84691,17.21531],[76.84549,17.21562],[76.8441,17.21398],[76.84341,17.21392],[76.84103,17.2118],[76.83922,17.2087],[76.8375,17.20753],[76.83018,17.19558],[76.8362,17.18461],[76.83707,17.18221],[76.8502,17.18346],[76.85789,17.1811],[76.86827,17.17935],[76.88126,17.17627],[76.88104,17.17162],[76.87957,17.16837],[76.87976,17.16416],[76.87885,17.15259],[76.87964,17.14887],[76.87276,17.14763],[76.87245,17.14358],[76.87121,17.13743],[76.86988,17.1236],[76.87157,17.11126],[76.8731,17.10802],[76.87483,17.09803],[76.86943,17.09823],[76.86644,17.08867],[76.86542,17.08456],[76.86513,17.08103],[76.86378,17.07622],[76.86229,17.0737],[76.85962,17.07153],[76.85819,17.06932],[76.85707,17.06888],[76.85612,17.06764],[76.85499,17.06765],[76.85419,17.06534],[76.85065,17.06404],[76.84832,17.06174],[76.84619,17.05349],[76.84257,17.04829],[76.83556,17.04512],[76.83014,17.04434],[76.82637,17.04391],[76.82052,17.04426],[76.81794,17.04386],[76.81433,17.04451],[76.812,17.04582],[76.80908,17.05133],[76.80632,17.05372],[76.80104,17.057],[76.79848,17.05961],[76.79196,17.07135],[76.78971,17.07454],[76.78768,17.07644],[76.77602,17.08044],[76.76594,17.08502],[76.76369,17.08791],[76.76206,17.08821],[76.76042,17.09192],[76.76283,17.09795],[76.7663,17.09922],[76.77023,17.0998],[76.7729,17.10131],[76.77431,17.10362],[76.7757,17.10336],[76.77622,17.10597],[76.77643,17.11791],[76.7774,17.12526],[76.77773,17.1392],[76.77602,17.1544],[76.7741,17.15765],[76.76947,17.16136],[76.76501,17.16357],[76.75996,17.1652],[76.75555,17.16586],[76.74845,17.16488],[76.74404,17.16182],[76.74042,17.15788],[76.73712,17.15386],[76.73093,17.14296],[76.71885,17.12479],[76.70944,17.1133],[76.7011,17.10055],[76.69983,17.09742],[76.69964,17.09244],[76.70059,17.08801],[76.69895,17.08812],[76.70099,17.0828],[76.70171,17.07812],[76.70098,17.07304],[76.69829,17.06495],[76.69972,17.06493],[76.69843,17.06172],[76.69685,17.06032],[76.6946,17.06005],[76.69157,17.06065],[76.68848,17.06195],[76.68078,17.06791],[76.67354,17.07544],[76.66353,17.08798],[76.66244,17.08824],[76.66204,17.09038],[76.65543,17.09034],[76.64354,17.08763],[76.61375,17.083],[76.60883,17.08183],[76.60665,17.08069],[76.60546,17.08217],[76.60554,17.08764],[76.60706,17.09344],[76.60876,17.10661],[76.61016,17.11329],[76.6028,17.11519],[76.60631,17.12935],[76.6124,17.14043],[76.61233,17.1545],[76.61784,17.15289],[76.63754,17.15284],[76.64037,17.16536],[76.64117,17.1714],[76.64078,17.18001],[76.6395,17.18833],[76.64923,17.18911],[76.65326,17.18893],[76.65354,17.19143],[76.65568,17.19047],[76.65749,17.18833],[76.66567,17.18579],[76.67003,17.18554],[76.67624,17.18318],[76.67934,17.1836],[76.68645,17.1832],[76.68627,17.19191],[76.68726,17.19887],[76.67157,17.20527],[76.67282,17.21142],[76.67201,17.21133],[76.67219,17.21502],[76.67142,17.21506],[76.67214,17.22025],[76.67056,17.22278],[76.66995,17.22528],[76.67098,17.22973],[76.67399,17.23548],[76.67855,17.23424],[76.68507,17.2338],[76.69389,17.2357],[76.70489,17.23282],[76.70636,17.24183],[76.7076,17.24184],[76.70816,17.24783],[76.70799,17.26188],[76.70968,17.26996],[76.70285,17.27215],[76.69907,17.27207],[76.69868,17.2727],[76.69708,17.27314],[76.69368,17.27214],[76.69511,17.28014],[76.69448,17.28736],[76.68719,17.28728],[76.67989,17.28796],[76.67731,17.2867],[76.67715,17.28573],[76.66864,17.28742],[76.6685,17.27952],[76.66644,17.27908],[76.66048,17.27821],[76.65321,17.27982],[76.64821,17.27854],[76.6468,17.27868],[76.64654,17.27755],[76.64294,17.27861],[76.63897,17.2791],[76.63854,17.28352],[76.63615,17.2839],[76.63525,17.29168],[76.63416,17.29196],[76.63433,17.29505],[76.63306,17.29527],[76.63354,17.29765],[76.63,17.30399],[76.62916,17.30793],[76.62909,17.31048],[76.63155,17.31073],[76.63143,17.31276],[76.63258,17.31454],[76.63574,17.31695],[76.63831,17.31698],[76.63936,17.3221],[76.64023,17.32199],[76.64641,17.32838],[76.64907,17.32673],[76.64967,17.32787],[76.65166,17.32784],[76.65317,17.33237],[76.65613,17.33238],[76.66303,17.34982],[76.66412,17.3613],[76.66047,17.36147],[76.66135,17.37132],[76.65778,17.37119],[76.65808,17.37595],[76.66818,17.37568],[76.68145,17.38244],[76.6902,17.38628],[76.69415,17.38864],[76.69829,17.38968],[76.69872,17.39403],[76.6984,17.40135],[76.69758,17.40252],[76.69123,17.40573],[76.69216,17.40913],[76.68733,17.4092],[76.68579,17.41114],[76.68532,17.41453],[76.68194,17.42357],[76.68154,17.42422],[76.68075,17.42407],[76.67846,17.42497],[76.67957,17.43199],[76.6808,17.43427],[76.68217,17.43605],[76.68465,17.43655],[76.68685,17.43978],[76.68835,17.44103],[76.68929,17.44042],[76.69056,17.44325],[76.69464,17.44485],[76.69795,17.44176],[76.69842,17.43809],[76.70013,17.43765],[76.70615,17.42907],[76.70635,17.42982],[76.71095,17.42957],[76.71926,17.42663],[76.72283,17.42661],[76.7247,17.42976],[76.72861,17.4346],[76.73625,17.43466],[76.7392,17.43587],[76.74001,17.43674],[76.73804,17.43825],[76.73339,17.4499],[76.74766,17.45136],[76.75334,17.45096],[76.7584,17.45119],[76.75655,17.45328],[76.75332,17.45871],[76.75155,17.46683],[76.75606,17.46777],[76.75862,17.46899],[76.76466,17.47078],[76.76854,17.47293],[76.77185,17.47377],[76.77187,17.47525],[76.77373,17.47843],[76.77409,17.48017],[76.77427,17.48409],[76.77393,17.48461],[76.77949,17.48546],[76.7881,17.48521],[76.7927,17.48559],[76.81148,17.4887],[76.81587,17.49031],[76.82183,17.49102],[76.82342,17.48746],[76.82352,17.48459],[76.82965,17.48442],[76.8311,17.48356],[76.84314,17.48123],[76.84505,17.47993],[76.85416,17.48026],[76.85699,17.48085],[76.85822,17.48228],[76.86025,17.48312],[76.86315,17.48788],[76.86894,17.49091],[76.86978,17.49469],[76.87582,17.49468]]],[[[76.94648,17.41098],[76.94708,17.41094],[76.94648,17.41098]]]]}}]}