{"type":"FeatureCollection","features":[{"type":"Feature","properties":{"unitId":534,"unitName":"Bangarpet PS"},"geometry":{"type":"Polygon","coordinates":[[[78.17184,13.08353],[78.17653,13.08343],[78.17614,13.08157],[78.1743,13.07762],[78.17587,13.07722],[78.17568,13.07682],[78.17694,13.07514],[78.18015,13.07333],[78.18501,13.07186],[78.1877,13.07697],[78.18671,13.07244],[78.18731,13.06723],[78.19753,13.06828],[78.20218,13.06759],[78.20388,13.06697],[78.20405,13.0664],[78.20675,13.06572],[78.20847,13.06369],[78.20875,13.06249],[78.21017,13.06162],[78.20762,13.05723],[78.21307,13.05558],[78.21358,13.05815],[78.2158,13.05959],[78.216,13.0603],[78.21648,13.06025],[78.21644,13.06234],[78.21883,13.06335],[78.2219,13.06592],[78.22488,13.06552],[78.22502,13.06619],[78.22572,13.06627],[78.22637,13.06729],[78.22717,13.06612],[78.22923,13.06563],[78.22874,13.06432],[78.23039,13.06359],[78.23045,13.05853],[78.24356,13.05612],[78.24381,13.055],[78.24545,13.05296],[78.24896,13.05223],[78.24891,13.0517],[78.24949,13.05155],[78.25071,13.05221],[78.25448,13.05183],[78.25256,13.04797],[78.25232,13.0455],[78.25334,13.04282],[78.25584,13.0418],[78.26205,13.03745],[78.26817,13.02807],[78.26523,13.02373],[78.26441,13.02124],[78.2594,13.016],[78.25708,13.01776],[78.25278,13.01935],[78.2455,13.02346],[78.24371,13.02356],[78.23596,13.02736],[78.23004,13.02785],[78.22681,13.02762],[78.22563,13.0262],[78.22337,13.02532],[78.2223,13.02539],[78.22179,13.01494],[78.22233,13.01328],[78.22253,13.00641],[78.22583,13.00385],[78.22316,13.00211],[78.22071,12.9994],[78.21875,12.99182],[78.21933,12.99046],[78.21927,12.98743],[78.21853,12.98405],[78.21401,12.97611],[78.21221,12.97645],[78.20967,12.97515],[78.21097,12.96965],[78.21122,12.96656],[78.21074,12.96513],[78.20836,12.96204],[78.2074,12.96222],[78.2063,12.96145],[78.20349,12.9568],[78.20474,12.95667],[78.20526,12.95715],[78.20695,12.95687],[78.20707,12.95732],[78.20913,12.95635],[78.20947,12.95528],[78.21024,12.95464],[78.2106,12.95541],[78.21095,12.95519],[78.21114,12.95625],[78.21176,12.956],[78.2122,12.95727],[78.21828,12.95838],[78.21892,12.95225],[78.22079,12.95184],[78.22082,12.9506],[78.22032,12.94998],[78.22051,12.94883],[78.2189,12.94787],[78.21775,12.94633],[78.21617,12.94588],[78.21468,12.94684],[78.21425,12.9475],[78.2145,12.94848],[78.21351,12.94905],[78.21403,12.95305],[78.21244,12.95264],[78.21094,12.95374],[78.20527,12.95616],[78.20428,12.95001],[78.20118,12.94542],[78.20686,12.9428],[78.21018,12.94182],[78.21122,12.93966],[78.21723,12.93931],[78.21796,12.93752],[78.21632,12.93542],[78.2135,12.92896],[78.21217,12.92567],[78.21202,12.92306],[78.20978,12.92084],[78.20683,12.92073],[78.20437,12.92142],[78.20191,12.92069],[78.19929,12.92089],[78.19685,12.9226],[78.1969,12.92309],[78.19598,12.92332],[78.19574,12.92493],[78.19605,12.92691],[78.1979,12.93063],[78.19813,12.93516],[78.19522,12.93527],[78.19388,12.93578],[78.19163,12.93489],[78.19066,12.93513],[78.18908,12.93405],[78.18817,12.93492],[78.18665,12.93065],[78.18733,12.92734],[78.18656,12.92709],[78.18624,12.92608],[78.18646,12.92449],[78.18509,12.92286],[78.1835,12.92322],[78.18133,12.92266],[78.17949,12.92312],[78.17784,12.91005],[78.18709,12.90914],[78.18823,12.90777],[78.18759,12.90674],[78.18734,12.90482],[78.18653,12.90341],[78.18317,12.90095],[78.17229,12.90324],[78.17156,12.90453],[78.17161,12.88878],[78.17112,12.88879],[78.17146,12.88152],[78.16323,12.88082],[78.16349,12.8845],[78.15675,12.88866],[78.15083,12.88757],[78.15064,12.88813],[78.14774,12.88725],[78.14776,12.88795],[78.14722,12.88782],[78.14684,12.88692],[78.1457,12.88608],[78.14225,12.88457],[78.13864,12.88531],[78.14139,12.88172],[78.14074,12.88133],[78.13918,12.8818],[78.1371,12.88038],[78.13579,12.87819],[78.13622,12.87715],[78.13598,12.87613],[78.13318,12.87452],[78.13269,12.87348],[78.13315,12.87248],[78.12962,12.86868],[78.12649,12.86867],[78.12571,12.86993],[78.12596,12.87061],[78.12527,12.87102],[78.12388,12.87088],[78.12451,12.87424],[78.1241,12.87473],[78.12266,12.87435],[78.12305,12.87229],[78.12168,12.87144],[78.12039,12.87196],[78.1197,12.87142],[78.11941,12.87006],[78.11993,12.8673],[78.11822,12.86395],[78.1185,12.86026],[78.11777,12.859],[78.11185,12.86237],[78.10995,12.86173],[78.10965,12.86632],[78.1091,12.86657],[78.11025,12.86817],[78.1116,12.86758],[78.11218,12.86904],[78.11374,12.86931],[78.11594,12.87211],[78.11731,12.87209],[78.1177,12.87325],[78.118,12.87297],[78.11838,12.87362],[78.11844,12.87514],[78.11912,12.87641],[78.11921,12.87714],[78.11822,12.87907],[78.11948,12.87941],[78.1166,12.8812],[78.11271,12.88139],[78.11012,12.88259],[78.10847,12.88089],[78.10336,12.89387],[78.10538,12.89865],[78.10069,12.90185],[78.09656,12.90302],[78.09538,12.90456],[78.09616,12.90978],[78.09449,12.91043],[78.09294,12.91535],[78.09757,12.9185],[78.10226,12.9232],[78.10367,12.92183],[78.10533,12.92179],[78.10742,12.92235],[78.10941,12.92392],[78.11264,12.93117],[78.11774,12.92952],[78.11959,12.93005],[78.11949,12.93533],[78.11907,12.93622],[78.11971,12.93807],[78.11984,12.94101],[78.12087,12.94113],[78.12707,12.93916],[78.12915,12.939],[78.13128,12.9398],[78.13313,12.93978],[78.13324,12.94034],[78.13493,12.94058],[78.13619,12.9467],[78.13558,12.94802],[78.13395,12.94825],[78.13296,12.95196],[78.1298,12.95212],[78.12706,12.95153],[78.12677,12.94753],[78.12413,12.9456],[78.12299,12.94395],[78.12095,12.94394],[78.12063,12.94476],[78.11771,12.94483],[78.11618,12.94737],[78.11613,12.94829],[78.11657,12.95052],[78.12134,12.95608],[78.12307,12.96256],[78.12308,12.96716],[78.13082,12.96665],[78.13474,12.96697],[78.13557,12.97078],[78.13424,12.97488],[78.13285,12.97602],[78.13182,12.97777],[78.13028,12.98251],[78.13236,12.98416],[78.12813,12.98381],[78.12777,12.98593],[78.12811,12.98885],[78.12698,12.99053],[78.12737,12.99161],[78.12659,12.99186],[78.12673,12.99406],[78.12551,12.99453],[78.12551,12.99532],[78.12306,12.99647],[78.11853,12.99564],[78.11398,12.99655],[78.11226,12.99638],[78.10957,12.99728],[78.10988,12.99955],[78.11831,13.00291],[78.11778,13.00445],[78.12129,13.00712],[78.12368,13.00777],[78.1266,13.01317],[78.12728,13.01681],[78.13115,13.01629],[78.1322,13.01662],[78.13386,13.02375],[78.13279,13.02437],[78.12639,13.02472],[78.12337,13.0234],[78.11605,13.02517],[78.11485,13.0235],[78.10992,13.02473],[78.10329,13.02425],[78.10425,13.02684],[78.10374,13.02773],[78.0973,13.03106],[78.09809,13.03333],[78.09606,13.03354],[78.09707,13.04028],[78.0976,13.04029],[78.09821,13.04211],[78.10009,13.04276],[78.10138,13.04242],[78.10238,13.04147],[78.10301,13.04306],[78.10155,13.04715],[78.09948,13.04805],[78.10006,13.04909],[78.10059,13.0543],[78.1023,13.05726],[78.10522,13.0581],[78.1056,13.05969],[78.10626,13.06004],[78.11175,13.06057],[78.11276,13.05976],[78.11335,13.0584],[78.11397,13.0582],[78.11425,13.05708],[78.11512,13.05681],[78.11493,13.05781],[78.11556,13.05918],[78.11546,13.06438],[78.11762,13.06811],[78.11857,13.06886],[78.12429,13.06934],[78.12621,13.06792],[78.1324,13.06749],[78.13505,13.06805],[78.13908,13.07126],[78.14085,13.07098],[78.14241,13.07333],[78.14347,13.07343],[78.14375,13.07433],[78.14305,13.07556],[78.14489,13.07934],[78.14633,13.08109],[78.14975,13.08052],[78.15014,13.08277],[78.1494,13.08304],[78.15306,13.08318],[78.15345,13.08232],[78.15725,13.08063],[78.15797,13.07887],[78.15898,13.07893],[78.16068,13.07778],[78.16216,13.0774],[78.16236,13.07578],[78.16423,13.07527],[78.16476,13.07632],[78.166,13.0769],[78.16906,13.08134],[78.16932,13.08287],[78.17184,13.08353]]]}},{"type":"Feature","properties":{"unitId":535,"unitName":"Bethamangala PS"},"geometry":{"type":"Polygon","coordinates":[[[78.28926,13.08225],[78.29052,13.08018],[78.29005,13.08032],[78.28982,13.07898],[78.2902,13.07656],[78.2926,13.07619],[78.29295,13.07458],[78.29245,13.07232],[78.29288,13.07069],[78.29441,13.06853],[78.29617,13.06379],[78.29924,13.06415],[78.3062,13.06332],[78.30743,13.0657],[78.30856,13.06343],[78.31562,13.06253],[78.32236,13.06069],[78.32456,13.06303],[78.33391,13.05896],[78.33467,13.05932],[78.3348,13.05854],[78.33815,13.05504],[78.34296,13.0541],[78.3454,13.05626],[78.35163,13.05602],[78.35364,13.05681],[78.35539,13.05821],[78.3566,13.05778],[78.35651,13.05686],[78.35704,13.05684],[78.35767,13.05765],[78.36258,13.05515],[78.36159,13.05275],[78.36104,13.04972],[78.36289,13.04902],[78.36343,13.04745],[78.3645,13.04224],[78.3646,13.0381],[78.36801,13.03743],[78.36814,13.03171],[78.36734,13.03093],[78.36558,13.03116],[78.36577,13.02908],[78.36467,13.02984],[78.36298,13.02948],[78.36249,13.02722],[78.36091,13.02759],[78.36075,13.02629],[78.36224,13.02537],[78.36178,13.01946],[78.3662,13.01911],[78.36958,13.01946],[78.37101,13.02465],[78.37843,13.02511],[78.38116,13.02304],[78.38132,13.02108],[78.38281,13.02048],[78.38315,13.02367],[78.39114,13.02273],[78.3922,13.02363],[78.39793,13.02331],[78.39794,13.02504],[78.39886,13.02831],[78.40319,13.02331],[78.40479,13.02343],[78.40594,13.02735],[78.40832,13.0273],[78.40957,13.02538],[78.41016,13.0252],[78.41021,13.0242],[78.41187,13.02318],[78.41471,13.02654],[78.41752,13.03096],[78.42915,13.02949],[78.43415,13.02912],[78.43445,13.02951],[78.439,13.02891],[78.44009,13.02712],[78.44866,13.0238],[78.4578,13.02337],[78.46104,13.02571],[78.46201,13.02595],[78.46276,13.02211],[78.46522,13.01661],[78.46313,13.00556],[78.46475,13.00579],[78.46711,13.00538],[78.46806,12.99994],[78.46791,12.9982],[78.47048,12.99741],[78.47176,12.99404],[78.47333,12.99233],[78.47315,12.99189],[78.47482,12.99109],[78.4748,12.98961],[78.47203,12.98663],[78.47012,12.98215],[78.4694,12.9829],[78.46961,12.98138],[78.46921,12.98116],[78.46947,12.98088],[78.46763,12.97508],[78.46228,12.9758],[78.45904,12.97705],[78.45304,12.97677],[78.45074,12.97795],[78.44274,12.97916],[78.4351,12.98192],[78.43454,12.97988],[78.43289,12.97897],[78.43198,12.97681],[78.43434,12.97348],[78.43396,12.97145],[78.43254,12.96963],[78.43241,12.96836],[78.43348,12.96685],[78.43534,12.96595],[78.43647,12.96455],[78.43894,12.96377],[78.43875,12.96324],[78.43684,12.9616],[78.42947,12.95878],[78.42957,12.95778],[78.4232,12.95777],[78.41981,12.95884],[78.42073,12.95644],[78.4223,12.95445],[78.42206,12.95219],[78.42052,12.94782],[78.41388,12.94818],[78.41136,12.94481],[78.40823,12.94721],[78.40786,12.95237],[78.40496,12.95327],[78.40019,12.95303],[78.39518,12.95063],[78.38874,12.94994],[78.38705,12.95143],[78.38065,12.95271],[78.37603,12.95494],[78.37392,12.95544],[78.3751,12.95999],[78.37164,12.96214],[78.36483,12.96534],[78.36073,12.96903],[78.35998,12.97179],[78.35787,12.97253],[78.35752,12.97303],[78.3581,12.97331],[78.35797,12.97382],[78.35418,12.97372],[78.35268,12.97318],[78.34905,12.97609],[78.34659,12.97648],[78.34536,12.97635],[78.34529,12.97459],[78.33916,12.97519],[78.33537,12.97678],[78.33477,12.97632],[78.3341,12.97298],[78.33164,12.97043],[78.32635,12.9689],[78.32394,12.96927],[78.32222,12.96608],[78.31778,12.96605],[78.31267,12.97092],[78.31266,12.96949],[78.30624,12.96959],[78.30343,12.96889],[78.3009,12.96713],[78.29977,12.96731],[78.29841,12.96685],[78.29696,12.96285],[78.29461,12.96287],[78.29434,12.96109],[78.29282,12.96112],[78.29226,12.96154],[78.29204,12.96354],[78.2924,12.9661],[78.29328,12.96657],[78.29452,12.96977],[78.29726,12.96878],[78.29747,12.97],[78.29949,12.97096],[78.29984,12.97398],[78.29415,12.97248],[78.29285,12.97349],[78.29188,12.97585],[78.29137,12.97589],[78.29159,12.97737],[78.29218,12.97784],[78.29126,12.97749],[78.29078,12.97611],[78.29071,12.97655],[78.28908,12.97663],[78.28958,12.97815],[78.28924,12.97856],[78.28636,12.97883],[78.28547,12.97924],[78.28545,12.97991],[78.28418,12.98012],[78.2865,12.98723],[78.28714,12.99174],[78.28705,12.99357],[78.2864,12.99459],[78.28485,13.00194],[78.28227,13.00267],[78.27632,13.00561],[78.26505,13.01418],[78.2594,13.016],[78.26441,13.02124],[78.26523,13.02373],[78.26817,13.02807],[78.26205,13.03745],[78.25584,13.0418],[78.25334,13.04282],[78.25232,13.0455],[78.25256,13.04797],[78.25448,13.05183],[78.25604,13.05236],[78.25672,13.05335],[78.25977,13.05411],[78.26036,13.05538],[78.26413,13.05906],[78.26265,13.06195],[78.26185,13.06266],[78.26141,13.06752],[78.26187,13.06978],[78.26621,13.06955],[78.26875,13.06851],[78.27625,13.06805],[78.27481,13.07287],[78.27788,13.08106],[78.28581,13.08179],[78.28687,13.08226],[78.28749,13.08319],[78.28926,13.08225]]]}},{"type":"Feature","properties":{"unitId":536,"unitName":"Kamasamudram PS"},"geometry":{"type":"Polygon","coordinates":[[[78.22925,12.93306],[78.23112,12.93269],[78.23676,12.93295],[78.24188,12.92829],[78.24143,12.92764],[78.22957,12.92493],[78.21945,12.92064],[78.21903,12.91975],[78.21984,12.91499],[78.22056,12.91354],[78.22241,12.91293],[78.22251,12.9133],[78.22366,12.9132],[78.22446,12.91264],[78.22342,12.91135],[78.22445,12.91075],[78.22447,12.91002],[78.22573,12.90891],[78.22549,12.90856],[78.2261,12.90765],[78.22986,12.90742],[78.23082,12.90525],[78.23317,12.90575],[78.23607,12.90778],[78.25803,12.90607],[78.25919,12.89823],[78.25832,12.89544],[78.2576,12.89021],[78.25809,12.8891],[78.25295,12.88144],[78.24937,12.86262],[78.25162,12.86336],[78.25128,12.86264],[78.25265,12.83127],[78.25057,12.81524],[78.25017,12.81326],[78.24833,12.81006],[78.24862,12.80973],[78.24774,12.80504],[78.2466,12.8016],[78.24597,12.79482],[78.24456,12.79039],[78.24496,12.7878],[78.23752,12.76729],[78.23073,12.76066],[78.22658,12.76454],[78.22318,12.76688],[78.21728,12.76601],[78.21258,12.764],[78.20707,12.76837],[78.20335,12.77022],[78.20315,12.77077],[78.19558,12.77404],[78.19171,12.77411],[78.18875,12.77152],[78.18796,12.77206],[78.18848,12.77266],[78.17735,12.77625],[78.17286,12.77396],[78.17085,12.77363],[78.1679,12.77059],[78.16256,12.77247],[78.15939,12.77446],[78.15392,12.77678],[78.15048,12.7795],[78.14968,12.77879],[78.1484,12.77996],[78.14312,12.78181],[78.13976,12.78131],[78.13507,12.78267],[78.13434,12.78192],[78.1337,12.78207],[78.13071,12.78435],[78.13035,12.7876],[78.12989,12.78819],[78.12524,12.7909],[78.12589,12.79257],[78.1254,12.79367],[78.12592,12.79524],[78.12494,12.79617],[78.12492,12.79774],[78.12136,12.79926],[78.12019,12.80107],[78.11511,12.80171],[78.10802,12.80426],[78.10332,12.80891],[78.08828,12.81742],[78.08878,12.82366],[78.08557,12.82548],[78.08678,12.82718],[78.08593,12.82921],[78.08563,12.83168],[78.08749,12.83063],[78.0937,12.84764],[78.10288,12.86479],[78.10304,12.86633],[78.10965,12.86632],[78.10995,12.86173],[78.11185,12.86237],[78.11777,12.859],[78.1185,12.86026],[78.11822,12.86395],[78.11993,12.8673],[78.11951,12.87117],[78.12039,12.87196],[78.12168,12.87144],[78.12305,12.87229],[78.12277,12.87454],[78.12451,12.87456],[78.12379,12.87098],[78.12596,12.87061],[78.12571,12.86993],[78.12629,12.86877],[78.12962,12.86868],[78.13315,12.87248],[78.13269,12.87348],[78.13318,12.87452],[78.13598,12.87613],[78.13622,12.87715],[78.13579,12.87819],[78.1371,12.88038],[78.13918,12.8818],[78.14074,12.88133],[78.14139,12.88172],[78.13864,12.88531],[78.14225,12.88457],[78.1457,12.88608],[78.14776,12.88795],[78.14774,12.88725],[78.15064,12.88813],[78.15083,12.88757],[78.15675,12.88866],[78.16349,12.8845],[78.16323,12.88082],[78.17146,12.88152],[78.17112,12.88879],[78.17161,12.88878],[78.17156,12.90453],[78.17229,12.90324],[78.18317,12.90095],[78.18653,12.90341],[78.18734,12.90482],[78.18759,12.90674],[78.18823,12.90777],[78.18709,12.90914],[78.17784,12.91005],[78.17949,12.92312],[78.18133,12.92266],[78.1835,12.92322],[78.18509,12.92286],[78.18646,12.92449],[78.18624,12.92608],[78.18656,12.92709],[78.18733,12.92734],[78.18665,12.93065],[78.18817,12.93492],[78.18908,12.93405],[78.19066,12.93513],[78.19163,12.93489],[78.19388,12.93578],[78.19522,12.93527],[78.19813,12.93516],[78.1979,12.93063],[78.19605,12.92691],[78.19595,12.92349],[78.19929,12.92089],[78.20102,12.92065],[78.20437,12.92142],[78.20683,12.92073],[78.20978,12.92084],[78.21156,12.92259],[78.21202,12.92306],[78.21217,12.92567],[78.2135,12.92896],[78.21632,12.93542],[78.21795,12.93753],[78.22329,12.93447],[78.22925,12.93306]]]}},{"type":"Feature","properties":{"unitId":537,"unitName":"Champion Reefs PS"},"geometry":{"type":"MultiPolygon","coordinates":[[[[78.27366,12.92317],[78.27496,12.91662],[78.27484,12.90808],[78.26873,12.90884],[78.26554,12.9099],[78.25804,12.9097],[78.25808,12.92198],[78.25748,12.92184],[78.25755,12.92388],[78.25992,12.92389],[78.26083,12.92273],[78.26993,12.92404],[78.27007,12.92347],[78.27366,12.92317]]],[[[78.22461,12.94222],[78.22846,12.94159],[78.22923,12.93931],[78.23282,12.93556],[78.23112,12.93269],[78.22329,12.93447],[78.22132,12.93568],[78.22217,12.94014],[78.22319,12.94251],[78.22461,12.94222]]]]}},{"type":"Feature","properties":{"unitId":538,"unitName":"Marikuppam PS"},"geometry":{"type":"Polygon","coordinates":[[[78.29791,12.92797],[78.29769,12.92434],[78.30164,12.92363],[78.30637,12.92149],[78.30343,12.92076],[78.30205,12.91093],[78.30119,12.9105],[78.30011,12.90463],[78.30074,12.90293],[78.30169,12.90197],[78.30415,12.90119],[78.30623,12.90174],[78.3088,12.90101],[78.30926,12.89883],[78.3099,12.89886],[78.3115,12.89599],[78.31137,12.89229],[78.30794,12.88975],[78.30539,12.88181],[78.31264,12.87837],[78.31367,12.8765],[78.31482,12.87239],[78.31462,12.86852],[78.31526,12.86577],[78.31466,12.86445],[78.31426,12.86061],[78.31318,12.85869],[78.31066,12.85803],[78.30871,12.85809],[78.29999,12.85959],[78.29961,12.85893],[78.29479,12.85891],[78.29211,12.85927],[78.28806,12.85904],[78.28081,12.85986],[78.27137,12.86771],[78.26878,12.86837],[78.26616,12.86322],[78.26494,12.86186],[78.26359,12.86131],[78.26227,12.86186],[78.26083,12.86132],[78.26076,12.86088],[78.25162,12.86336],[78.24937,12.86262],[78.25295,12.88144],[78.25809,12.8891],[78.2576,12.89021],[78.25832,12.89544],[78.25919,12.89823],[78.25803,12.90579],[78.25804,12.9097],[78.26554,12.9099],[78.26873,12.90884],[78.27484,12.90808],[78.27496,12.91662],[78.27454,12.92008],[78.27789,12.92074],[78.27899,12.92111],[78.27889,12.92158],[78.28139,12.92191],[78.28136,12.92294],[78.2805,12.92359],[78.28105,12.92461],[78.28328,12.92442],[78.28339,12.92394],[78.28692,12.92273],[78.28916,12.92112],[78.29109,12.92089],[78.29026,12.92289],[78.29254,12.92285],[78.29265,12.92354],[78.29362,12.92363],[78.29384,12.92443],[78.29368,12.92492],[78.29273,12.92504],[78.29331,12.9265],[78.29228,12.92702],[78.29217,12.92786],[78.29269,12.92779],[78.29328,12.9302],[78.29655,12.9333],[78.30103,12.93583],[78.29791,12.92797]]]}},{"type":"Feature","properties":{"unitId":539,"unitName":"BEML Nagar PS"},"geometry":{"type":"MultiPolygon","coordinates":[[[[78.23111,13.02758],[78.23488,13.02762],[78.23728,13.02702],[78.23728,13.02655],[78.23812,13.02602],[78.2413,13.02506],[78.24371,13.02356],[78.2455,13.02346],[78.25278,13.01935],[78.25691,13.01785],[78.25923,13.01605],[78.25962,13.00357],[78.25437,13.00155],[78.25304,12.99499],[78.26663,12.99433],[78.26691,12.99398],[78.26679,12.98369],[78.26726,12.98365],[78.26752,12.98234],[78.26769,12.97452],[78.26742,12.97314],[78.26521,12.97243],[78.26266,12.97085],[78.26133,12.97069],[78.25922,12.97433],[78.25528,12.97727],[78.25246,12.97728],[78.2489,12.97433],[78.2481,12.97332],[78.24884,12.97294],[78.24567,12.96851],[78.24421,12.96664],[78.2429,12.96648],[78.24134,12.96397],[78.24664,12.96078],[78.24914,12.96044],[78.25305,12.95679],[78.25744,12.96033],[78.25851,12.96175],[78.25889,12.96469],[78.26188,12.96416],[78.26074,12.95548],[78.25856,12.95118],[78.2551,12.95036],[78.25098,12.9484],[78.2483,12.94843],[78.24685,12.94971],[78.24561,12.94995],[78.24015,12.94729],[78.2352,12.94698],[78.23676,12.93295],[78.23112,12.93269],[78.23282,12.93556],[78.22947,12.93902],[78.22889,12.94096],[78.22758,12.94203],[78.22319,12.94251],[78.22217,12.94014],[78.22132,12.93568],[78.21796,12.93752],[78.21723,12.93931],[78.21122,12.93966],[78.21018,12.94182],[78.20686,12.9428],[78.20118,12.94542],[78.20428,12.95001],[78.20527,12.95616],[78.21094,12.95374],[78.21244,12.95264],[78.21403,12.95305],[78.21351,12.94905],[78.2145,12.94848],[78.21425,12.9475],[78.21468,12.94684],[78.21617,12.94588],[78.21775,12.94633],[78.2189,12.94787],[78.22051,12.94883],[78.22032,12.94998],[78.22082,12.9506],[78.22079,12.95184],[78.21892,12.95225],[78.21828,12.95838],[78.2122,12.95727],[78.21176,12.956],[78.21114,12.95625],[78.21095,12.95519],[78.2106,12.95541],[78.21024,12.95464],[78.20947,12.95528],[78.20913,12.95635],[78.20707,12.95732],[78.20695,12.95687],[78.20526,12.95715],[78.20474,12.95667],[78.20349,12.9568],[78.2063,12.96145],[78.2074,12.96222],[78.20836,12.96204],[78.21074,12.96513],[78.21122,12.96656],[78.21097,12.96965],[78.20967,12.97515],[78.21221,12.97645],[78.21401,12.97611],[78.21853,12.98405],[78.21927,12.98743],[78.21933,12.99046],[78.21875,12.99182],[78.22071,12.9994],[78.22316,13.00211],[78.22583,13.00385],[78.22253,13.00641],[78.22233,13.01328],[78.22179,13.01494],[78.2223,13.02539],[78.22337,13.02532],[78.22563,13.0262],[78.22681,13.02762],[78.23111,13.02758]]],[[[78.2374,12.92093],[78.2439,12.9187],[78.25808,12.92198],[78.25803,12.90607],[78.23607,12.90778],[78.23317,12.90575],[78.23082,12.90525],[78.22986,12.90742],[78.2261,12.90765],[78.22549,12.90856],[78.22573,12.90891],[78.22447,12.91002],[78.22445,12.91075],[78.22342,12.91135],[78.22446,12.91264],[78.22366,12.9132],[78.22251,12.9133],[78.22241,12.91293],[78.22056,12.91354],[78.21984,12.91499],[78.21903,12.91975],[78.21945,12.92064],[78.22957,12.92493],[78.24143,12.92764],[78.23689,12.9211],[78.2374,12.92093]]]]}},{"type":"Feature","properties":{"unitId":540,"unitName":"Oorgaum PS"},"geometry":{"type":"Polygon","coordinates":[[[78.28555,12.99852],[78.2864,12.99459],[78.28705,12.99357],[78.28714,12.99174],[78.28579,12.98525],[78.2853,12.98527],[78.28292,12.98206],[78.28201,12.98169],[78.28163,12.98213],[78.27792,12.98204],[78.27766,12.97799],[78.27699,12.97644],[78.27506,12.97513],[78.27658,12.9748],[78.27703,12.97598],[78.2784,12.97586],[78.2779,12.97337],[78.27918,12.97259],[78.2808,12.97203],[78.28197,12.97215],[78.2831,12.9717],[78.28338,12.9711],[78.28485,12.97097],[78.28506,12.97141],[78.28518,12.97086],[78.28602,12.97068],[78.28596,12.97141],[78.28674,12.9711],[78.28654,12.9704],[78.28724,12.97023],[78.28714,12.96915],[78.2851,12.96524],[78.28597,12.96513],[78.28663,12.96577],[78.28674,12.96538],[78.2844,12.9597],[78.2839,12.95872],[78.28294,12.95889],[78.28312,12.95976],[78.28202,12.96008],[78.28205,12.96122],[78.27984,12.96158],[78.27927,12.96206],[78.27943,12.96287],[78.27702,12.96367],[78.27548,12.9636],[78.27502,12.96307],[78.27395,12.96329],[78.27312,12.96276],[78.27063,12.96327],[78.27019,12.96234],[78.26845,12.96189],[78.2677,12.96247],[78.26735,12.96208],[78.26756,12.96038],[78.26657,12.95752],[78.26693,12.95526],[78.2713,12.95574],[78.27071,12.95266],[78.26797,12.95022],[78.2682,12.94876],[78.26902,12.94861],[78.27078,12.94942],[78.27115,12.94839],[78.27296,12.93825],[78.27182,12.93803],[78.27211,12.93576],[78.26668,12.93442],[78.25642,12.93486],[78.25746,12.92704],[78.25992,12.92389],[78.25755,12.92388],[78.25748,12.92184],[78.2439,12.9187],[78.23689,12.9211],[78.24188,12.92829],[78.23676,12.93295],[78.2352,12.94698],[78.24015,12.94729],[78.24561,12.94995],[78.24685,12.94971],[78.2483,12.94843],[78.25064,12.94833],[78.2551,12.95036],[78.25856,12.95118],[78.26074,12.95548],[78.26192,12.963],[78.26188,12.96416],[78.25889,12.96469],[78.25851,12.96175],[78.25744,12.96033],[78.25305,12.95679],[78.24914,12.96044],[78.24664,12.96078],[78.24134,12.96397],[78.2429,12.96648],[78.24421,12.96664],[78.24567,12.96851],[78.24884,12.97294],[78.2481,12.97332],[78.2489,12.97433],[78.25246,12.97728],[78.25528,12.97727],[78.25783,12.97569],[78.26028,12.97301],[78.26133,12.97069],[78.26266,12.97085],[78.26521,12.97243],[78.26742,12.97314],[78.26752,12.98234],[78.26726,12.98365],[78.26679,12.98369],[78.2667,12.98695],[78.26691,12.99398],[78.26663,12.99433],[78.25304,12.99499],[78.25437,13.00155],[78.25962,13.00357],[78.25923,13.01605],[78.26505,13.01418],[78.27632,13.00561],[78.28227,13.00267],[78.28485,13.00194],[78.28555,12.99852]]]}},{"type":"Feature","properties":{"unitId":541,"unitName":"Andersonpet PS"},"geometry":{"type":"MultiPolygon","coordinates":[[[[78.34032,12.97508],[78.34529,12.97459],[78.34536,12.97635],[78.34659,12.97648],[78.34905,12.97609],[78.35268,12.97318],[78.35418,12.97372],[78.35797,12.97382],[78.3581,12.97331],[78.35752,12.97303],[78.35787,12.97253],[78.35998,12.97179],[78.36073,12.96903],[78.36483,12.96534],[78.37164,12.96214],[78.3751,12.95999],[78.37392,12.95544],[78.37603,12.95494],[78.38065,12.95271],[78.38705,12.95143],[78.38874,12.94994],[78.39518,12.95063],[78.40019,12.95303],[78.40496,12.95327],[78.40786,12.95237],[78.40823,12.94721],[78.41129,12.94495],[78.41249,12.94271],[78.41418,12.93498],[78.41359,12.93324],[78.41564,12.93303],[78.41517,12.93176],[78.41664,12.93132],[78.41694,12.93054],[78.41765,12.93043],[78.41792,12.92532],[78.4184,12.92467],[78.41807,12.9226],[78.42006,12.92269],[78.42269,12.92457],[78.42402,12.92705],[78.42586,12.92783],[78.42761,12.93132],[78.43114,12.93002],[78.43352,12.92989],[78.43731,12.92882],[78.43891,12.92742],[78.44015,12.92466],[78.44206,12.92227],[78.44465,12.9198],[78.4485,12.91833],[78.45216,12.91779],[78.45532,12.91267],[78.45814,12.91079],[78.45935,12.90876],[78.46166,12.90835],[78.4619,12.90737],[78.46329,12.90669],[78.46648,12.90618],[78.46761,12.90233],[78.46917,12.89947],[78.46838,12.89328],[78.46966,12.88992],[78.4671,12.87695],[78.46568,12.87429],[78.46453,12.86622],[78.46236,12.87048],[78.46244,12.87282],[78.46415,12.87815],[78.46257,12.87936],[78.45648,12.88661],[78.45076,12.889],[78.44729,12.89166],[78.44854,12.89553],[78.44824,12.89824],[78.44869,12.89865],[78.44672,12.89983],[78.44429,12.90233],[78.4447,12.90416],[78.44713,12.90504],[78.44739,12.90563],[78.44754,12.90703],[78.44699,12.90739],[78.44666,12.90957],[78.44558,12.91199],[78.43869,12.91323],[78.43515,12.9111],[78.43587,12.91011],[78.4359,12.9087],[78.43438,12.90479],[78.4305,12.90501],[78.42857,12.90241],[78.41924,12.90326],[78.41395,12.90305],[78.41195,12.9038],[78.40919,12.90896],[78.40764,12.90984],[78.40559,12.9121],[78.40139,12.91481],[78.40048,12.91613],[78.39897,12.9167],[78.39788,12.91223],[78.39754,12.90777],[78.39691,12.90657],[78.39629,12.9065],[78.39616,12.90702],[78.39387,12.90709],[78.38959,12.90606],[78.38627,12.90812],[78.38595,12.91091],[78.385,12.91199],[78.38408,12.91173],[78.38275,12.91307],[78.37806,12.91414],[78.37676,12.9161],[78.37647,12.91844],[78.37087,12.92346],[78.36857,12.927],[78.36724,12.92779],[78.36176,12.93513],[78.35847,12.93843],[78.35668,12.93822],[78.3559,12.94012],[78.35418,12.93972],[78.34994,12.93627],[78.3499,12.93568],[78.35296,12.93224],[78.35375,12.93012],[78.35112,12.92902],[78.34971,12.92906],[78.34899,12.92382],[78.34805,12.92369],[78.34793,12.92325],[78.34715,12.91596],[78.34617,12.91344],[78.3447,12.91268],[78.34127,12.91261],[78.34232,12.90982],[78.34373,12.90885],[78.34276,12.90797],[78.34061,12.90415],[78.33942,12.90309],[78.33739,12.90274],[78.33513,12.90197],[78.3351,12.90161],[78.33369,12.90218],[78.33139,12.90121],[78.32637,12.9041],[78.32586,12.90356],[78.32515,12.90373],[78.32391,12.90172],[78.32267,12.89784],[78.3241,12.89557],[78.32447,12.89327],[78.32325,12.89024],[78.32221,12.89021],[78.32028,12.8889],[78.32015,12.88687],[78.32164,12.88546],[78.32297,12.8854],[78.32364,12.88479],[78.3266,12.88487],[78.32814,12.88408],[78.32859,12.8845],[78.33062,12.88437],[78.33186,12.8866],[78.3316,12.88745],[78.33198,12.88833],[78.33327,12.88968],[78.33529,12.88893],[78.33758,12.88671],[78.33777,12.88561],[78.33715,12.88264],[78.33231,12.88028],[78.33141,12.87679],[78.3316,12.87482],[78.3278,12.87412],[78.31644,12.87663],[78.31366,12.87651],[78.31264,12.87837],[78.30539,12.88181],[78.30794,12.88975],[78.31137,12.89229],[78.3115,12.89599],[78.3099,12.89886],[78.30926,12.89883],[78.3088,12.90101],[78.30623,12.90174],[78.30415,12.90119],[78.30169,12.90197],[78.30074,12.90293],[78.30011,12.90463],[78.30119,12.9105],[78.30205,12.91093],[78.30343,12.92076],[78.30637,12.92149],[78.30164,12.92363],[78.29769,12.92434],[78.29805,12.92861],[78.30103,12.93583],[78.29655,12.9333],[78.29328,12.9302],[78.29269,12.92779],[78.29217,12.92786],[78.29228,12.92702],[78.29331,12.9265],[78.29273,12.92504],[78.29368,12.92492],[78.29384,12.92443],[78.29362,12.92363],[78.29265,12.92354],[78.29254,12.92285],[78.29026,12.92289],[78.29109,12.92089],[78.28916,12.92112],[78.28692,12.92273],[78.28339,12.92394],[78.28328,12.92442],[78.28105,12.92461],[78.2805,12.92359],[78.28136,12.92294],[78.28139,12.92191],[78.27889,12.92158],[78.27899,12.92111],[78.27789,12.92074],[78.27454,12.92008],[78.27366,12.92317],[78.27007,12.92347],[78.26993,12.92404],[78.26083,12.92273],[78.25746,12.92704],[78.25642,12.93486],[78.26668,12.93442],[78.27211,12.93576],[78.27182,12.93803],[78.27296,12.93825],[78.27091,12.94903],[78.2798,12.95098],[78.28317,12.95228],[78.28322,12.95268],[78.29092,12.95321],[78.2929,12.95397],[78.29351,12.95371],[78.29395,12.95265],[78.29861,12.95178],[78.3001,12.95668],[78.30146,12.95735],[78.30155,12.95866],[78.29994,12.95903],[78.29952,12.95797],[78.29808,12.95761],[78.29884,12.95857],[78.29509,12.95877],[78.29435,12.95941],[78.29343,12.95936],[78.29212,12.96061],[78.29226,12.96154],[78.29295,12.96105],[78.29434,12.96109],[78.29461,12.96287],[78.29696,12.96285],[78.29877,12.96703],[78.3009,12.96713],[78.30343,12.96889],[78.30624,12.96959],[78.31266,12.96949],[78.31267,12.97092],[78.31778,12.96605],[78.32222,12.96608],[78.32394,12.96927],[78.32635,12.9689],[78.33164,12.97043],[78.3341,12.97298],[78.33477,12.97632],[78.33537,12.97678],[78.34032,12.97508]]],[[[78.35568,12.88893],[78.357,12.88447],[78.35637,12.88131],[78.35746,12.88087],[78.35645,12.87826],[78.35649,12.87559],[78.35449,12.87294],[78.35578,12.86983],[78.35549,12.86942],[78.35605,12.86733],[78.35684,12.86608],[78.35955,12.86576],[78.36142,12.86485],[78.36202,12.86575],[78.36384,12.86637],[78.36721,12.86298],[78.37034,12.86393],[78.37059,12.86358],[78.36922,12.85991],[78.36812,12.8543],[78.36746,12.85412],[78.36699,12.85013],[78.36556,12.84961],[78.36463,12.84806],[78.35471,12.85111],[78.35161,12.85607],[78.35184,12.85733],[78.35313,12.8586],[78.35206,12.85954],[78.35229,12.86231],[78.35007,12.86182],[78.34765,12.86243],[78.34623,12.86446],[78.34412,12.86444],[78.34239,12.86535],[78.34278,12.86944],[78.34582,12.87034],[78.34999,12.87264],[78.35153,12.87469],[78.34891,12.88206],[78.34927,12.88316],[78.34874,12.88586],[78.34927,12.88698],[78.35171,12.88882],[78.35267,12.88836],[78.35387,12.88853],[78.35499,12.89002],[78.35568,12.88893]]]]}},{"type":"Feature","properties":{"unitId":542,"unitName":"Robertsonpet PS"},"geometry":{"type":"Polygon","coordinates":[[[78.28488,12.98241],[78.28418,12.98012],[78.28545,12.97991],[78.28547,12.97924],[78.28636,12.97883],[78.28924,12.97856],[78.28958,12.97815],[78.28908,12.97663],[78.29071,12.97655],[78.29078,12.97611],[78.29126,12.97749],[78.29218,12.97784],[78.29159,12.97737],[78.29137,12.97589],[78.29188,12.97585],[78.29285,12.97349],[78.29415,12.97248],[78.29984,12.97398],[78.29949,12.97096],[78.29747,12.97],[78.29726,12.96878],[78.29452,12.96977],[78.29328,12.96657],[78.2924,12.9661],[78.29212,12.96052],[78.29343,12.95936],[78.29435,12.95941],[78.29509,12.95877],[78.29884,12.95857],[78.29808,12.95761],[78.29952,12.95797],[78.29994,12.95903],[78.30145,12.95873],[78.30146,12.95735],[78.3001,12.95668],[78.29861,12.95178],[78.29395,12.95265],[78.29351,12.95371],[78.2929,12.95397],[78.29092,12.95321],[78.28322,12.95268],[78.28317,12.95228],[78.27766,12.9504],[78.2682,12.94876],[78.26797,12.95022],[78.27071,12.95266],[78.2713,12.95574],[78.26693,12.95526],[78.26657,12.95752],[78.26756,12.96038],[78.26735,12.96208],[78.2677,12.96247],[78.26869,12.96191],[78.27019,12.96234],[78.27063,12.96327],[78.27312,12.96276],[78.27395,12.96329],[78.27502,12.96307],[78.27548,12.9636],[78.27702,12.96367],[78.27943,12.96287],[78.27927,12.96206],[78.27984,12.96158],[78.28205,12.96122],[78.28202,12.96008],[78.28312,12.95976],[78.28294,12.95889],[78.2839,12.95872],[78.2844,12.9597],[78.28674,12.96538],[78.28663,12.96577],[78.28597,12.96513],[78.2851,12.96524],[78.28714,12.96915],[78.28724,12.97023],[78.28654,12.9704],[78.28674,12.9711],[78.28596,12.97141],[78.28602,12.97068],[78.28518,12.97086],[78.28506,12.97141],[78.28485,12.97097],[78.28338,12.9711],[78.2831,12.9717],[78.28197,12.97215],[78.2808,12.97203],[78.27918,12.97259],[78.2779,12.97337],[78.2784,12.97586],[78.27703,12.97598],[78.27658,12.9748],[78.27506,12.97513],[78.27699,12.97644],[78.27766,12.97799],[78.27792,12.98204],[78.28163,12.98213],[78.28201,12.98169],[78.28292,12.98206],[78.2853,12.98527],[78.28579,12.98525],[78.28488,12.98241]]]}},{"type":"Feature","properties":{"unitId":543,"unitName":"Kolar Rural PS"},"geometry":{"type":"MultiPolygon","coordinates":[[[[78.24329,13.29599],[78.24561,13.29582],[78.24668,13.29515],[78.24907,13.29174],[78.25176,13.28925],[78.25734,13.28906],[78.25511,13.28756],[78.25404,13.28451],[78.25688,13.2772],[78.26117,13.27268],[78.2562,13.27159],[78.25603,13.26999],[78.25663,13.26902],[78.25618,13.26759],[78.2529,13.26764],[78.25253,13.26674],[78.2518,13.2669],[78.25098,13.26593],[78.24972,13.26591],[78.24875,13.26411],[78.25004,13.26412],[78.24889,13.26177],[78.24688,13.26272],[78.24627,13.26401],[78.2464,13.26516],[78.24909,13.26666],[78.24974,13.26769],[78.25041,13.26751],[78.25094,13.26868],[78.25359,13.26906],[78.25484,13.27142],[78.25286,13.27122],[78.25274,13.27056],[78.24465,13.27061],[78.24461,13.26634],[78.24545,13.26492],[78.24301,13.25914],[78.23744,13.25581],[78.23571,13.25603],[78.23902,13.25225],[78.23853,13.24804],[78.23626,13.23904],[78.23299,13.23092],[78.23178,13.22914],[78.23529,13.22713],[78.23648,13.22715],[78.23884,13.22155],[78.24413,13.21724],[78.25114,13.21387],[78.25315,13.21918],[78.26332,13.21913],[78.27018,13.21985],[78.27645,13.21968],[78.27644,13.2204],[78.2789,13.22304],[78.27886,13.22469],[78.28329,13.22467],[78.28289,13.22085],[78.28402,13.21929],[78.28444,13.21133],[78.2843,13.2104],[78.28297,13.20964],[78.28159,13.20936],[78.28024,13.20977],[78.27957,13.20891],[78.27781,13.20863],[78.2746,13.20919],[78.26995,13.20823],[78.26626,13.20861],[78.25698,13.21171],[78.25093,13.2131],[78.2507,13.20765],[78.24894,13.20442],[78.24111,13.20432],[78.24812,13.19336],[78.25476,13.18949],[78.25735,13.19035],[78.2612,13.18941],[78.26275,13.1877],[78.26491,13.18639],[78.26735,13.18568],[78.26674,13.18283],[78.26568,13.18154],[78.26565,13.18012],[78.26337,13.17443],[78.26245,13.17349],[78.26091,13.1682],[78.26009,13.1631],[78.26061,13.16181],[78.26022,13.15935],[78.26311,13.1587],[78.26386,13.15662],[78.26353,13.15435],[78.2617,13.15231],[78.26115,13.1487],[78.26121,13.14699],[78.26312,13.14397],[78.26333,13.14281],[78.26243,13.14024],[78.26135,13.13952],[78.26128,13.1384],[78.26352,13.13767],[78.26458,13.13798],[78.2655,13.13747],[78.26718,13.13759],[78.26958,13.13647],[78.27067,13.13353],[78.27004,13.13297],[78.26944,13.13396],[78.26857,13.13391],[78.26767,13.13321],[78.2677,13.1323],[78.2688,13.13093],[78.27123,13.13129],[78.27153,13.1285],[78.27224,13.12757],[78.27393,13.12704],[78.27708,13.12867],[78.27836,13.12869],[78.27934,13.1272],[78.27981,13.12726],[78.27984,13.12659],[78.28031,13.12626],[78.28087,13.12664],[78.2809,13.12547],[78.28379,13.12446],[78.28383,13.12353],[78.28575,13.12229],[78.28506,13.11901],[78.28375,13.11768],[78.28284,13.11518],[78.28399,13.11187],[78.28374,13.10888],[78.28247,13.10912],[78.28258,13.10775],[78.28132,13.10739],[78.28208,13.10136],[78.27858,13.10054],[78.27448,13.10025],[78.26507,13.10134],[78.26674,13.09405],[78.26816,13.09493],[78.2692,13.0932],[78.2713,13.09245],[78.27309,13.09325],[78.27368,13.09429],[78.27659,13.09394],[78.27813,13.09433],[78.27913,13.09285],[78.28021,13.09256],[78.28355,13.09332],[78.28541,13.09141],[78.28636,13.08508],[78.28759,13.08403],[78.28767,13.0831],[78.28581,13.08179],[78.27788,13.08106],[78.27481,13.07287],[78.27625,13.06805],[78.26875,13.06851],[78.26621,13.06955],[78.26187,13.06978],[78.26141,13.06752],[78.26185,13.06266],[78.26265,13.06195],[78.26413,13.05906],[78.26036,13.05538],[78.25977,13.05411],[78.25672,13.05335],[78.25604,13.05236],[78.25448,13.05183],[78.25071,13.05221],[78.24949,13.05155],[78.24891,13.0517],[78.24896,13.05223],[78.24545,13.05296],[78.24381,13.055],[78.24356,13.05612],[78.23045,13.05853],[78.23039,13.06359],[78.22874,13.06432],[78.22923,13.06563],[78.22717,13.06612],[78.22637,13.06729],[78.22572,13.06627],[78.22502,13.06619],[78.22488,13.06552],[78.2219,13.06592],[78.21883,13.06335],[78.21644,13.06234],[78.21648,13.06025],[78.216,13.0603],[78.2158,13.05959],[78.21358,13.05815],[78.21307,13.05558],[78.20762,13.05723],[78.21017,13.06162],[78.20875,13.06249],[78.20847,13.06369],[78.20675,13.06572],[78.20405,13.0664],[78.20388,13.06697],[78.20218,13.06759],[78.19753,13.06828],[78.18731,13.06723],[78.18671,13.07244],[78.18753,13.07714],[78.18501,13.07186],[78.18015,13.07333],[78.17716,13.07494],[78.17568,13.07682],[78.17587,13.07722],[78.1743,13.07762],[78.17614,13.08157],[78.17653,13.08343],[78.17184,13.08353],[78.16959,13.08311],[78.16906,13.08134],[78.166,13.0769],[78.16476,13.07632],[78.16423,13.07527],[78.16236,13.07578],[78.16216,13.0774],[78.16068,13.07778],[78.15898,13.07893],[78.15797,13.07887],[78.15725,13.08063],[78.15345,13.08232],[78.15306,13.08318],[78.1504,13.08314],[78.1494,13.08304],[78.15014,13.08277],[78.14975,13.08052],[78.14633,13.08109],[78.14489,13.07934],[78.14305,13.07556],[78.14375,13.07433],[78.14347,13.07343],[78.14241,13.07333],[78.14085,13.07098],[78.13908,13.07126],[78.13505,13.06805],[78.1324,13.06749],[78.12621,13.06792],[78.12429,13.06934],[78.11857,13.06886],[78.11784,13.06842],[78.11546,13.06438],[78.11556,13.05918],[78.11493,13.05781],[78.11512,13.05681],[78.11425,13.05708],[78.11397,13.0582],[78.11335,13.0584],[78.11276,13.05976],[78.11175,13.06057],[78.10626,13.06004],[78.1056,13.05969],[78.10522,13.0581],[78.1023,13.05726],[78.10059,13.0543],[78.10006,13.04909],[78.09948,13.04805],[78.10155,13.04715],[78.10301,13.04306],[78.10238,13.04147],[78.10138,13.04242],[78.10009,13.04276],[78.09821,13.04211],[78.0976,13.04029],[78.09707,13.04028],[78.09606,13.03354],[78.09077,13.03371],[78.0895,13.03778],[78.08614,13.03377],[78.08071,13.03458],[78.0777,13.03629],[78.07913,13.04383],[78.07309,13.04501],[78.06842,13.04707],[78.06584,13.04663],[78.05749,13.04826],[78.04997,13.04611],[78.04662,13.04646],[78.03687,13.04453],[78.02927,13.04243],[78.02899,13.0414],[78.0269,13.04286],[78.02262,13.04347],[78.02157,13.04015],[78.02038,13.03986],[78.01891,13.04076],[78.01871,13.03981],[78.01487,13.04187],[78.01152,13.04278],[78.01014,13.04135],[78.00814,13.04104],[78.00444,13.04318],[78.00478,13.04533],[78.00907,13.04658],[78.0102,13.0501],[78.01175,13.05061],[78.01347,13.05026],[78.01499,13.05333],[78.02228,13.05228],[78.02229,13.05833],[78.02098,13.05977],[78.02018,13.06243],[78.00891,13.06389],[78.00719,13.06326],[78.00679,13.06261],[78.00343,13.06298],[78.0035,13.06607],[78.00568,13.06776],[78.00996,13.0682],[78.01026,13.0703],[78.00999,13.07088],[78.00276,13.0745],[78.00271,13.07846],[78.00326,13.07951],[77.99733,13.08062],[77.99674,13.08193],[77.99448,13.08309],[77.99349,13.0831],[77.99432,13.084],[77.99444,13.08609],[77.99606,13.08996],[77.99594,13.09379],[77.99496,13.09426],[77.98901,13.09465],[77.99217,13.09819],[78.00293,13.10262],[78.00332,13.11041],[78.0075,13.11165],[78.01509,13.11575],[78.01443,13.11978],[78.01488,13.12124],[78.01685,13.12357],[78.01693,13.12699],[78.01912,13.13376],[78.01582,13.13514],[78.01589,13.1383],[78.01906,13.14209],[78.02298,13.14223],[78.02636,13.14381],[78.02778,13.15021],[78.02842,13.14958],[78.03043,13.14948],[78.03613,13.15056],[78.03762,13.1504],[78.03792,13.15388],[78.0388,13.15501],[78.04033,13.15589],[78.04344,13.15597],[78.04363,13.15766],[78.04725,13.1575],[78.04715,13.15831],[78.04854,13.15908],[78.05056,13.15908],[78.05161,13.16327],[78.05315,13.1636],[78.05426,13.1624],[78.05837,13.16024],[78.0602,13.1599],[78.06007,13.15765],[78.06115,13.15757],[78.06083,13.15999],[78.06184,13.16442],[78.06386,13.16513],[78.06476,13.16873],[78.06122,13.17568],[78.05943,13.1836],[78.0639,13.17706],[78.06833,13.17581],[78.07074,13.17091],[78.07151,13.17037],[78.07351,13.17079],[78.08001,13.16858],[78.07844,13.17605],[78.07915,13.17782],[78.0788,13.1784],[78.08052,13.18037],[78.08308,13.18186],[78.08503,13.18127],[78.08865,13.1813],[78.08852,13.18196],[78.0916,13.18193],[78.0968,13.18314],[78.09682,13.18278],[78.09842,13.18246],[78.10052,13.18343],[78.10134,13.18288],[78.10461,13.18283],[78.10524,13.17953],[78.11627,13.17935],[78.12203,13.18125],[78.12327,13.17993],[78.12738,13.18111],[78.13533,13.18239],[78.14147,13.17862],[78.14281,13.17214],[78.13931,13.17268],[78.1324,13.176],[78.13053,13.17971],[78.12891,13.1804],[78.12973,13.17161],[78.12929,13.16889],[78.12948,13.16853],[78.13214,13.16841],[78.13964,13.16662],[78.14093,13.16799],[78.14195,13.16773],[78.14242,13.17038],[78.14363,13.17266],[78.14616,13.17209],[78.14763,13.17322],[78.1524,13.18436],[78.15325,13.18719],[78.15273,13.18869],[78.15398,13.19297],[78.1569,13.19585],[78.15497,13.19942],[78.15614,13.20526],[78.15352,13.20604],[78.15295,13.20509],[78.15129,13.20544],[78.14941,13.20662],[78.14618,13.20745],[78.14637,13.20806],[78.14523,13.20839],[78.14562,13.20935],[78.14346,13.20979],[78.14582,13.21432],[78.14332,13.21456],[78.14309,13.21571],[78.14338,13.21643],[78.14528,13.21715],[78.14586,13.22053],[78.14667,13.2199],[78.14826,13.2199],[78.15388,13.22353],[78.15196,13.2272],[78.15248,13.23009],[78.15168,13.23229],[78.14944,13.2342],[78.14664,13.2348],[78.14652,13.23602],[78.14329,13.2369],[78.14407,13.24431],[78.14631,13.24087],[78.14982,13.24424],[78.15605,13.24534],[78.16352,13.24487],[78.18149,13.24509],[78.18339,13.24274],[78.18296,13.24866],[78.18386,13.25473],[78.18654,13.25711],[78.18909,13.25693],[78.19097,13.26721],[78.19715,13.2621],[78.19881,13.26227],[78.20101,13.26514],[78.20346,13.27228],[78.20604,13.27421],[78.20814,13.27492],[78.21449,13.27464],[78.22705,13.27661],[78.22707,13.279],[78.22372,13.28165],[78.22462,13.28229],[78.22663,13.28569],[78.22929,13.28787],[78.236,13.29677],[78.23723,13.296],[78.23807,13.29799],[78.24329,13.29599]],[[78.10589,13.14971],[78.10235,13.14664],[78.10522,13.14289],[78.10494,13.14175],[78.10582,13.14106],[78.1049,13.13873],[78.10396,13.13789],[78.09807,13.13927],[78.10321,13.13332],[78.10092,13.13064],[78.10123,13.13006],[78.1056,13.13147],[78.10644,13.13121],[78.11035,13.12823],[78.11221,13.12749],[78.11299,13.12614],[78.11373,13.12649],[78.11438,13.12594],[78.1152,13.1248],[78.1146,13.12165],[78.11525,13.12148],[78.11532,13.12009],[78.11741,13.11866],[78.11704,13.11643],[78.11743,13.11633],[78.11576,13.1118],[78.11744,13.11147],[78.1196,13.11196],[78.1214,13.11125],[78.12464,13.11103],[78.12693,13.11133],[78.12975,13.11015],[78.12914,13.10671],[78.12982,13.10665],[78.12968,13.10573],[78.13224,13.10106],[78.13437,13.10827],[78.13486,13.1189],[78.13662,13.11906],[78.14192,13.11818],[78.14194,13.11876],[78.14368,13.11982],[78.13939,13.12322],[78.13732,13.12355],[78.1369,13.12522],[78.13745,13.12771],[78.13691,13.13048],[78.13722,13.13099],[78.13688,13.1312],[78.13705,13.13209],[78.13833,13.13297],[78.13811,13.13332],[78.1394,13.13367],[78.14013,13.13657],[78.14127,13.13827],[78.13998,13.14138],[78.14164,13.14141],[78.14187,13.14091],[78.14423,13.14066],[78.14472,13.14348],[78.14362,13.14764],[78.14371,13.14942],[78.14244,13.14763],[78.13713,13.14686],[78.1361,13.14617],[78.13293,13.14593],[78.13189,13.14801],[78.13078,13.14872],[78.13088,13.15021],[78.12914,13.15133],[78.12825,13.15103],[78.12692,13.15135],[78.12575,13.14924],[78.12506,13.14923],[78.12536,13.14842],[78.12308,13.14707],[78.12065,13.14923],[78.10851,13.15198],[78.10589,13.14971]],[[78.15642,13.13644],[78.15509,13.13383],[78.15323,13.13241],[78.15297,13.13091],[78.15355,13.1293],[78.15273,13.12838],[78.15598,13.12751],[78.15894,13.126],[78.16043,13.12588],[78.16185,13.12493],[78.16249,13.12548],[78.16321,13.1286],[78.17024,13.12735],[78.17055,13.13033],[78.17296,13.13057],[78.17914,13.13005],[78.17949,13.13431],[78.17902,13.13688],[78.17475,13.13705],[78.17366,13.1363],[78.1707,13.1358],[78.16818,13.13632],[78.16658,13.13612],[78.16545,13.13535],[78.15998,13.137],[78.15996,13.13777],[78.15684,13.13839],[78.15642,13.13644]]],[[[78.11369,13.14883],[78.11748,13.1491],[78.11801,13.14846],[78.11984,13.14889],[78.12371,13.14604],[78.12313,13.14349],[78.12169,13.14183],[78.12059,13.14087],[78.11856,13.14053],[78.11836,13.13974],[78.11931,13.13948],[78.12005,13.13797],[78.1181,13.13824],[78.11352,13.1375],[78.11124,13.13854],[78.11139,13.14032],[78.10885,13.14001],[78.10831,13.14097],[78.10733,13.14099],[78.108,13.14242],[78.10887,13.14307],[78.11048,13.14195],[78.11086,13.14388],[78.1105,13.14492],[78.10808,13.14523],[78.1119,13.14926],[78.11369,13.14883]]],[[[78.08052,13.2736],[78.08469,13.26117],[78.08127,13.26269],[78.0755,13.26626],[78.07538,13.2706],[78.07433,13.27291],[78.07707,13.27534],[78.07962,13.2751],[78.08052,13.2736]]]]}},{"type":"Feature","properties":{"unitId":544,"unitName":"Sugatoor PS"},"geometry":{"type":"Polygon","coordinates":[[[78.09319,13.30916],[78.09743,13.30901],[78.10255,13.3038],[78.10477,13.30306],[78.10281,13.29709],[78.1036,13.29685],[78.10361,13.29367],[78.10261,13.293],[78.10129,13.28981],[78.09946,13.28776],[78.09948,13.28603],[78.09838,13.28315],[78.09408,13.27998],[78.10091,13.27723],[78.10088,13.2809],[78.10533,13.27839],[78.10851,13.28436],[78.11069,13.28426],[78.1108,13.28647],[78.1117,13.28907],[78.12183,13.28916],[78.1217,13.28573],[78.11934,13.27536],[78.1191,13.26762],[78.12011,13.26492],[78.12419,13.26567],[78.12806,13.26341],[78.1268,13.26132],[78.12637,13.25806],[78.13017,13.25421],[78.1309,13.24815],[78.13054,13.24539],[78.13393,13.24457],[78.13542,13.2451],[78.1392,13.24423],[78.14407,13.24431],[78.14329,13.2369],[78.14652,13.23602],[78.14664,13.2348],[78.14944,13.2342],[78.15168,13.23229],[78.15226,13.23102],[78.15196,13.2272],[78.15388,13.22353],[78.14826,13.2199],[78.14667,13.2199],[78.14586,13.22053],[78.14528,13.21715],[78.14338,13.21643],[78.14309,13.21571],[78.14332,13.21456],[78.14582,13.21432],[78.14346,13.20979],[78.14562,13.20935],[78.14523,13.20839],[78.14637,13.20806],[78.14618,13.20745],[78.14941,13.20662],[78.15129,13.20544],[78.15295,13.20509],[78.15352,13.20604],[78.15614,13.20526],[78.15497,13.19942],[78.1569,13.19585],[78.15398,13.19297],[78.15273,13.18869],[78.15325,13.18719],[78.1524,13.18436],[78.14763,13.17322],[78.14616,13.17209],[78.14363,13.17266],[78.14242,13.17038],[78.14195,13.16773],[78.14093,13.16799],[78.13964,13.16662],[78.13214,13.16841],[78.12948,13.16853],[78.12929,13.16889],[78.12973,13.17161],[78.12891,13.1804],[78.13053,13.17971],[78.1324,13.176],[78.13931,13.17268],[78.14281,13.17214],[78.14147,13.17862],[78.13533,13.18239],[78.12738,13.18111],[78.12327,13.17993],[78.12203,13.18125],[78.11627,13.17935],[78.10524,13.17953],[78.10461,13.18283],[78.10134,13.18288],[78.10052,13.18343],[78.09842,13.18246],[78.09682,13.18278],[78.0968,13.18314],[78.0916,13.18193],[78.08852,13.18196],[78.08865,13.1813],[78.08503,13.18127],[78.08308,13.18186],[78.08207,13.18106],[78.07922,13.18186],[78.07917,13.19311],[78.07874,13.19633],[78.07722,13.19708],[78.07802,13.19977],[78.07828,13.20295],[78.07926,13.20559],[78.07205,13.20774],[78.06668,13.20657],[78.06689,13.20372],[78.06646,13.20385],[78.06616,13.20252],[78.06345,13.20092],[78.06272,13.1996],[78.0566,13.20037],[78.05479,13.203],[78.05528,13.20504],[78.05852,13.21155],[78.05775,13.21529],[78.05838,13.22271],[78.05927,13.22687],[78.05893,13.22754],[78.05697,13.22849],[78.05618,13.23157],[78.05548,13.23621],[78.05623,13.2431],[78.05592,13.24801],[78.05481,13.24977],[78.06102,13.24963],[78.06155,13.25123],[78.06509,13.25076],[78.0656,13.25141],[78.07116,13.24918],[78.07224,13.248],[78.07353,13.24747],[78.07429,13.24994],[78.07524,13.25009],[78.0756,13.25125],[78.07438,13.2571],[78.07592,13.26051],[78.08484,13.25952],[78.08469,13.26117],[78.0804,13.27395],[78.07962,13.2751],[78.07707,13.27534],[78.07433,13.27291],[78.07179,13.27524],[78.06354,13.275],[78.06253,13.27561],[78.06352,13.27976],[78.06217,13.28135],[78.06081,13.28214],[78.06152,13.28767],[78.06129,13.28865],[78.06023,13.2898],[78.06051,13.2905],[78.06018,13.2916],[78.0587,13.29319],[78.05843,13.29453],[78.06012,13.30103],[78.07092,13.30039],[78.07313,13.30148],[78.07499,13.30107],[78.07507,13.30211],[78.07718,13.30188],[78.07701,13.30085],[78.07757,13.30092],[78.07809,13.30152],[78.07887,13.30153],[78.07887,13.30222],[78.07958,13.30222],[78.07963,13.30278],[78.0822,13.30184],[78.08375,13.3024],[78.08395,13.30199],[78.08632,13.30203],[78.08717,13.30321],[78.08958,13.30387],[78.08998,13.30844],[78.0912,13.30968],[78.09186,13.3112],[78.09224,13.31094],[78.09214,13.30919],[78.09319,13.30916]],[[78.05615,13.20412],[78.05648,13.20441],[78.05564,13.20498],[78.05535,13.20447],[78.05615,13.20412]],[[78.06018,13.20343],[78.06104,13.20309],[78.06018,13.20343]]]}},{"type":"Feature","properties":{"unitId":545,"unitName":"Vemagal PS"},"geometry":{"type":"MultiPolygon","coordinates":[[[[78.00176,13.30498],[78.00586,13.30267],[78.01182,13.30076],[78.01201,13.29633],[78.0114,13.29619],[78.01122,13.2951],[78.01148,13.29115],[78.01476,13.28994],[78.01382,13.28543],[78.01514,13.28302],[78.01696,13.28344],[78.02384,13.28297],[78.03061,13.28404],[78.03441,13.28271],[78.03574,13.28099],[78.04703,13.27906],[78.04872,13.28473],[78.05158,13.29096],[78.05185,13.29348],[78.05378,13.29457],[78.05641,13.29435],[78.05857,13.29357],[78.06018,13.2916],[78.06051,13.2905],[78.06023,13.2898],[78.06129,13.28865],[78.06152,13.28767],[78.06081,13.28214],[78.06217,13.28135],[78.06352,13.27976],[78.06253,13.27561],[78.06354,13.275],[78.07179,13.27524],[78.07411,13.27339],[78.07538,13.2706],[78.0755,13.26626],[78.08127,13.26269],[78.08469,13.26117],[78.08484,13.25952],[78.07592,13.26051],[78.07438,13.2571],[78.0756,13.25125],[78.07524,13.25009],[78.07429,13.24994],[78.07353,13.24747],[78.07224,13.248],[78.07116,13.24918],[78.0656,13.25141],[78.06509,13.25076],[78.06155,13.25123],[78.06102,13.24963],[78.05481,13.24977],[78.05592,13.24801],[78.05623,13.2431],[78.05548,13.23621],[78.05618,13.23157],[78.05697,13.22849],[78.05893,13.22754],[78.05927,13.22687],[78.05838,13.22271],[78.05775,13.21529],[78.05852,13.21155],[78.05528,13.20504],[78.05479,13.203],[78.0566,13.20037],[78.06272,13.1996],[78.06345,13.20092],[78.06616,13.20252],[78.06646,13.20385],[78.06689,13.20372],[78.06668,13.20657],[78.07205,13.20774],[78.07926,13.20559],[78.07828,13.20295],[78.07802,13.19977],[78.07722,13.19708],[78.07874,13.19633],[78.07917,13.19311],[78.07922,13.18186],[78.08207,13.18106],[78.08052,13.18037],[78.0788,13.1784],[78.07915,13.17782],[78.07844,13.17605],[78.08001,13.16858],[78.07351,13.17079],[78.07151,13.17037],[78.07074,13.17091],[78.06833,13.17581],[78.0639,13.17706],[78.05943,13.1836],[78.06122,13.17568],[78.06476,13.16873],[78.06386,13.16513],[78.06184,13.16442],[78.06083,13.15999],[78.06115,13.15757],[78.06007,13.15765],[78.0602,13.1599],[78.05837,13.16024],[78.05426,13.1624],[78.05315,13.1636],[78.05161,13.16327],[78.05056,13.15908],[78.04854,13.15908],[78.04715,13.15831],[78.04725,13.1575],[78.04603,13.15742],[78.03918,13.15802],[78.03908,13.15934],[78.03798,13.15933],[78.03744,13.16014],[78.0374,13.16157],[78.03581,13.16195],[78.03267,13.16436],[78.02987,13.16338],[78.02961,13.16217],[78.02798,13.16283],[78.02761,13.16159],[78.0284,13.16137],[78.02833,13.15925],[78.01771,13.16343],[78.01104,13.16533],[78.01185,13.16833],[78.00693,13.16961],[78.00583,13.17069],[78.00619,13.17523],[78.00695,13.17684],[78.00782,13.18282],[78.00673,13.1841],[78.00646,13.18364],[78.0057,13.18389],[78.00465,13.18349],[78.00003,13.18374],[77.99989,13.18278],[77.99569,13.18363],[77.99496,13.17835],[77.99388,13.17831],[77.99427,13.18072],[77.98335,13.18235],[77.97917,13.18439],[77.97818,13.18068],[77.97929,13.17936],[77.97913,13.17806],[77.98008,13.17251],[77.98257,13.1724],[77.98204,13.16828],[77.98336,13.16822],[77.98385,13.16748],[77.98269,13.16241],[77.97859,13.15952],[77.97564,13.16003],[77.97651,13.16267],[77.97661,13.16545],[77.97497,13.16594],[77.97141,13.16487],[77.96914,13.16085],[77.96103,13.15991],[77.96155,13.16975],[77.96284,13.17099],[77.96316,13.17262],[77.96587,13.17674],[77.96501,13.17837],[77.96451,13.18191],[77.96112,13.18286],[77.96179,13.1868],[77.96283,13.18896],[77.96356,13.19218],[77.96241,13.19253],[77.96144,13.19367],[77.96128,13.19543],[77.96071,13.19583],[77.96134,13.19948],[77.95876,13.20055],[77.95626,13.20075],[77.95647,13.20397],[77.95448,13.20525],[77.95742,13.21465],[77.95776,13.21845],[77.95646,13.21848],[77.95424,13.21736],[77.95432,13.21842],[77.95205,13.2185],[77.95163,13.21509],[77.95205,13.21439],[77.94944,13.2139],[77.94659,13.21434],[77.94627,13.2184],[77.94629,13.21876],[77.94786,13.21886],[77.94779,13.21937],[77.94929,13.21986],[77.95077,13.2232],[77.95422,13.22239],[77.95599,13.22794],[77.95762,13.22773],[77.96034,13.22996],[77.96423,13.2322],[77.96451,13.23801],[77.96545,13.23772],[77.96561,13.24446],[77.96201,13.24567],[77.95633,13.24904],[77.94808,13.25052],[77.94553,13.24379],[77.93751,13.24507],[77.93551,13.24583],[77.93498,13.24802],[77.93441,13.24828],[77.93526,13.25012],[77.93787,13.2513],[77.93823,13.25102],[77.94226,13.25903],[77.94117,13.26002],[77.94135,13.26062],[77.94033,13.26201],[77.9373,13.26453],[77.9384,13.26776],[77.94195,13.26736],[77.94264,13.26938],[77.94426,13.26916],[77.94473,13.27043],[77.94541,13.27075],[77.94545,13.27186],[77.9459,13.27104],[77.94698,13.27112],[77.94709,13.26946],[77.94785,13.2702],[77.94887,13.2695],[77.9592,13.26958],[77.95919,13.27057],[77.95966,13.27085],[77.95923,13.27597],[77.95721,13.27677],[77.95707,13.27871],[77.95752,13.28137],[77.95949,13.28198],[77.96091,13.28434],[77.96423,13.28279],[77.9674,13.28258],[77.97205,13.28469],[77.97941,13.28711],[77.98412,13.28628],[77.9853,13.30064],[77.9863,13.30041],[77.98622,13.30105],[77.98802,13.30058],[77.98857,13.30335],[77.98927,13.3046],[77.9947,13.30542],[78.00092,13.30492],[78.001,13.30554],[78.00176,13.30498]]],[[[78.05648,13.20441],[78.05636,13.20405],[78.05535,13.20447],[78.05564,13.20498],[78.05648,13.20441]]],[[[78.06104,13.20309],[78.06018,13.20343],[78.06104,13.20309]]]]}},{"type":"Feature","properties":{"unitId":546,"unitName":"NarasapuraPS"},"geometry":{"type":"Polygon","coordinates":[[[78.00729,13.18387],[78.00782,13.18282],[78.00695,13.17684],[78.00619,13.17523],[78.00583,13.17069],[78.00693,13.16961],[78.01185,13.16833],[78.01104,13.16533],[78.01771,13.16343],[78.02833,13.15925],[78.0284,13.16137],[78.02761,13.16159],[78.02798,13.16283],[78.02961,13.16217],[78.02987,13.16338],[78.03267,13.16436],[78.03581,13.16195],[78.0374,13.16157],[78.03744,13.16014],[78.03798,13.15933],[78.03908,13.15934],[78.03918,13.15802],[78.04363,13.15766],[78.04344,13.15597],[78.04033,13.15589],[78.0388,13.15501],[78.03792,13.15388],[78.03762,13.1504],[78.03613,13.15056],[78.03043,13.14948],[78.02842,13.14958],[78.02778,13.15021],[78.02636,13.14381],[78.02298,13.14223],[78.01906,13.14209],[78.01589,13.1383],[78.01582,13.13514],[78.01912,13.13376],[78.01693,13.12699],[78.01685,13.12357],[78.01488,13.12124],[78.01443,13.11978],[78.01509,13.11575],[78.0075,13.11165],[78.00332,13.11041],[78.00293,13.10262],[77.99227,13.0981],[77.98762,13.10161],[77.98575,13.10241],[77.98555,13.10536],[77.98118,13.10614],[77.97827,13.10599],[77.97371,13.1029],[77.9713,13.10385],[77.96183,13.10033],[77.95963,13.10026],[77.95599,13.10053],[77.95391,13.10126],[77.95175,13.10321],[77.95004,13.10395],[77.94606,13.10522],[77.94473,13.10499],[77.94255,13.1093],[77.93951,13.10946],[77.93595,13.1142],[77.93761,13.1246],[77.93798,13.12582],[77.94396,13.12335],[77.94443,13.12401],[77.94637,13.12344],[77.94837,13.127],[77.95556,13.12552],[77.95776,13.129],[77.95803,13.12984],[77.95749,13.1307],[77.95626,13.13652],[77.9552,13.13846],[77.95456,13.14221],[77.96051,13.15154],[77.9576,13.1529],[77.95895,13.15821],[77.95283,13.16032],[77.9553,13.16386],[77.95572,13.16783],[77.95463,13.17169],[77.95538,13.17299],[77.95563,13.17646],[77.95634,13.1762],[77.95692,13.177],[77.95722,13.17997],[77.95872,13.18282],[77.96044,13.18302],[77.96451,13.18191],[77.96501,13.17837],[77.96586,13.17695],[77.96316,13.17262],[77.96284,13.17099],[77.96155,13.16975],[77.96103,13.15991],[77.96914,13.16085],[77.97141,13.16487],[77.97497,13.16594],[77.97661,13.16545],[77.97651,13.16267],[77.97548,13.16021],[77.97854,13.15951],[77.98269,13.16241],[77.98395,13.1666],[77.98336,13.16822],[77.98204,13.16828],[77.98257,13.1724],[77.98008,13.17251],[77.97913,13.17806],[77.97929,13.17936],[77.97818,13.18068],[77.97917,13.18439],[77.98335,13.18235],[77.99427,13.18072],[77.99388,13.17831],[77.99496,13.17835],[77.99569,13.18363],[77.99989,13.18278],[78.00003,13.18374],[78.00465,13.18349],[78.0057,13.18389],[78.00646,13.18364],[78.00673,13.1841],[78.00729,13.18387]]]}},{"type":"Feature","properties":{"unitId":547,"unitName":"Gulpet PS"},"geometry":{"type":"MultiPolygon","coordinates":[[[[78.15856,13.13796],[78.15996,13.13777],[78.15998,13.137],[78.16545,13.13535],[78.16658,13.13612],[78.16818,13.13632],[78.1707,13.1358],[78.17366,13.1363],[78.17475,13.13705],[78.17902,13.13688],[78.17949,13.13431],[78.17914,13.13005],[78.17296,13.13057],[78.17055,13.13033],[78.17024,13.12735],[78.16321,13.1286],[78.16221,13.12494],[78.15273,13.12838],[78.15355,13.1293],[78.15297,13.13091],[78.15323,13.13241],[78.15517,13.13395],[78.15684,13.13839],[78.15856,13.13796]]],[[[78.12728,13.15144],[78.12825,13.15103],[78.12914,13.15133],[78.13088,13.15021],[78.13078,13.14872],[78.13189,13.14801],[78.13293,13.14593],[78.1361,13.14617],[78.13713,13.14686],[78.14244,13.14763],[78.14371,13.14942],[78.14362,13.14764],[78.14472,13.14348],[78.14423,13.14066],[78.14187,13.14091],[78.14164,13.14141],[78.13916,13.14126],[78.13919,13.1383],[78.13618,13.13851],[78.13599,13.1373],[78.12961,13.13689],[78.12916,13.13628],[78.12374,13.13725],[78.12379,13.13882],[78.12443,13.1403],[78.12513,13.14035],[78.12547,13.14285],[78.12734,13.14274],[78.12767,13.14385],[78.13064,13.14301],[78.13078,13.14471],[78.13044,13.1448],[78.13009,13.14404],[78.12879,13.14438],[78.12897,13.14487],[78.12841,13.14502],[78.12907,13.14753],[78.12735,13.14949],[78.1261,13.15013],[78.12728,13.15144]]]]}},{"type":"Feature","properties":{"unitId":548,"unitName":"Kolar Town PS"},"geometry":{"type":"Polygon","coordinates":[[[78.11358,13.15096],[78.12065,13.14923],[78.12308,13.14707],[78.12536,13.14842],[78.12506,13.14923],[78.12575,13.14924],[78.1261,13.15013],[78.12735,13.14949],[78.12907,13.14753],[78.12841,13.14502],[78.12897,13.14487],[78.12879,13.14438],[78.13009,13.14404],[78.13044,13.1448],[78.13078,13.14471],[78.13064,13.14301],[78.12767,13.14385],[78.12734,13.14274],[78.12547,13.14285],[78.12513,13.14035],[78.12443,13.1403],[78.12379,13.13882],[78.12374,13.13725],[78.12916,13.13628],[78.12961,13.13689],[78.13599,13.1373],[78.13618,13.13851],[78.13919,13.1383],[78.13916,13.14126],[78.13997,13.14129],[78.14139,13.13864],[78.14013,13.13657],[78.1394,13.13367],[78.13811,13.13332],[78.13833,13.13297],[78.13705,13.13209],[78.13745,13.12771],[78.1369,13.12522],[78.13732,13.12355],[78.13939,13.12322],[78.14368,13.11982],[78.14194,13.11876],[78.14192,13.11818],[78.13662,13.11906],[78.13486,13.1189],[78.13437,13.10827],[78.13224,13.10106],[78.12968,13.10573],[78.12982,13.10665],[78.12914,13.10671],[78.12975,13.11015],[78.12693,13.11133],[78.12464,13.11103],[78.1214,13.11125],[78.1196,13.11196],[78.11744,13.11147],[78.11576,13.1118],[78.11743,13.11633],[78.11704,13.11643],[78.11741,13.11866],[78.11532,13.12009],[78.11525,13.12148],[78.1146,13.12165],[78.1152,13.1248],[78.11438,13.12594],[78.11373,13.12649],[78.11299,13.12614],[78.11221,13.12749],[78.11035,13.12823],[78.10708,13.131],[78.1056,13.13147],[78.10123,13.13006],[78.10092,13.13064],[78.10321,13.13332],[78.09807,13.13927],[78.10396,13.13789],[78.10529,13.13933],[78.10582,13.14106],[78.10494,13.14175],[78.10522,13.14289],[78.10235,13.14664],[78.10851,13.15198],[78.11358,13.15096]],[[78.11086,13.14388],[78.11048,13.14195],[78.10887,13.14307],[78.108,13.14242],[78.10733,13.14099],[78.10831,13.14097],[78.10885,13.14001],[78.11139,13.14032],[78.11124,13.13854],[78.11352,13.1375],[78.1181,13.13824],[78.12005,13.13797],[78.11931,13.13948],[78.11836,13.13974],[78.11856,13.14053],[78.12059,13.14087],[78.12169,13.14183],[78.12313,13.14349],[78.12371,13.14604],[78.11984,13.14889],[78.11801,13.14846],[78.11748,13.1491],[78.11458,13.14877],[78.1119,13.14926],[78.10808,13.14523],[78.1105,13.14492],[78.11086,13.14388]]]}},{"type":"Feature","properties":{"unitId":549,"unitName":"LakkurPS"},"geometry":{"type":"MultiPolygon","coordinates":[[[[77.90318,12.9755],[77.9082,12.97358],[77.91338,12.97305],[77.9116,12.97005],[77.91433,12.96456],[77.91702,12.96628],[77.91882,12.96666],[77.91893,12.96606],[77.92038,12.96927],[77.92676,12.9678],[77.92987,12.96354],[77.93041,12.95901],[77.92913,12.95101],[77.92923,12.94572],[77.92879,12.94357],[77.92779,12.94263],[77.93432,12.93579],[77.93774,12.93385],[77.94778,12.93378],[77.94738,12.93046],[77.95026,12.92978],[77.95158,12.93152],[77.9559,12.93304],[77.95673,12.93293],[77.95729,12.93549],[77.95856,12.93683],[77.96006,12.93741],[77.9602,12.93594],[77.96195,12.93583],[77.96217,12.93416],[77.96667,12.93274],[77.9663,12.92917],[77.96738,12.9256],[77.96574,12.92401],[77.96788,12.92363],[77.97323,12.92144],[77.97735,12.91762],[77.98202,12.91544],[77.98658,12.91456],[77.98942,12.91316],[77.98904,12.90931],[77.98189,12.90849],[77.97938,12.90134],[77.9789,12.90052],[77.97782,12.9006],[77.97758,12.9001],[77.97788,12.89621],[77.98123,12.89615],[77.9827,12.89447],[77.98725,12.89175],[77.98797,12.89037],[77.98924,12.88501],[77.98764,12.88548],[77.98703,12.8846],[77.98252,12.88484],[77.98155,12.88437],[77.98105,12.88174],[77.98126,12.87857],[77.98238,12.87559],[77.9812,12.87323],[77.98171,12.87233],[77.97975,12.87134],[77.97951,12.87046],[77.98102,12.86984],[77.98092,12.8682],[77.98136,12.86813],[77.98131,12.86747],[77.98333,12.86664],[77.98327,12.86512],[77.98249,12.86409],[77.98084,12.8643],[77.98064,12.86384],[77.9774,12.86431],[77.97716,12.86272],[77.97768,12.862],[77.97475,12.85965],[77.96984,12.86051],[77.96848,12.85993],[77.96834,12.85848],[77.96462,12.85825],[77.96232,12.85415],[77.96323,12.85277],[77.96355,12.85052],[77.95933,12.84868],[77.95686,12.84999],[77.95334,12.8502],[77.95373,12.85265],[77.95123,12.85229],[77.95306,12.85547],[77.95228,12.85669],[77.94908,12.85664],[77.94583,12.85776],[77.94408,12.85749],[77.94101,12.8558],[77.94012,12.85023],[77.94079,12.84556],[77.94107,12.84493],[77.94355,12.84333],[77.94692,12.83821],[77.94536,12.83728],[77.94111,12.82746],[77.94129,12.82583],[77.94089,12.82488],[77.9413,12.82331],[77.93373,12.8242],[77.93096,12.82524],[77.92617,12.83063],[77.9228,12.83027],[77.92169,12.828],[77.92122,12.828],[77.92091,12.82902],[77.91871,12.83008],[77.91855,12.83086],[77.91774,12.83149],[77.91857,12.83471],[77.91825,12.83797],[77.91767,12.83838],[77.91808,12.84045],[77.91846,12.8413],[77.91897,12.84123],[77.91986,12.84214],[77.92168,12.84552],[77.92213,12.84743],[77.92436,12.85068],[77.92307,12.85513],[77.92332,12.85562],[77.92441,12.857],[77.92645,12.85691],[77.92861,12.85745],[77.9297,12.85998],[77.93022,12.85997],[77.93112,12.86094],[77.93161,12.86215],[77.93321,12.86153],[77.93398,12.86266],[77.93618,12.86192],[77.93654,12.86683],[77.94173,12.86754],[77.94212,12.86978],[77.94176,12.87287],[77.9399,12.87225],[77.93412,12.87306],[77.92977,12.87488],[77.92864,12.87431],[77.92779,12.87672],[77.92782,12.88157],[77.9333,12.88042],[77.93502,12.88076],[77.93628,12.88367],[77.93614,12.88742],[77.93505,12.88808],[77.93481,12.88763],[77.93444,12.88782],[77.92924,12.89078],[77.92557,12.89017],[77.92179,12.88409],[77.90901,12.88532],[77.90866,12.87897],[77.9032,12.87825],[77.89985,12.87861],[77.89504,12.87836],[77.89374,12.8753],[77.89326,12.87529],[77.89249,12.87387],[77.89105,12.87008],[77.88911,12.86985],[77.88708,12.87078],[77.88549,12.87084],[77.88374,12.86997],[77.88245,12.86832],[77.87792,12.86873],[77.87674,12.86848],[77.87556,12.86724],[77.87284,12.86715],[77.86761,12.8681],[77.86646,12.8758],[77.86537,12.87714],[77.86026,12.87764],[77.85861,12.8773],[77.85715,12.87646],[77.85707,12.87591],[77.85304,12.87672],[77.85323,12.88137],[77.85403,12.88422],[77.85277,12.8856],[77.8522,12.88559],[77.85314,12.88909],[77.85102,12.89152],[77.85944,12.90567],[77.85871,12.90618],[77.85879,12.90753],[77.86048,12.91577],[77.85653,12.91686],[77.85486,12.91681],[77.85126,12.91562],[77.84553,12.91645],[77.84221,12.91426],[77.84149,12.91661],[77.84063,12.92326],[77.84112,12.92554],[77.8478,12.92619],[77.84817,12.92692],[77.84863,12.92674],[77.84943,12.9274],[77.8512,12.93113],[77.85547,12.93435],[77.85882,12.93579],[77.862,12.93557],[77.86745,12.93382],[77.86996,12.93678],[77.87223,12.94117],[77.87358,12.94559],[77.87107,12.94615],[77.86982,12.94703],[77.86701,12.95053],[77.86965,12.95464],[77.87133,12.96052],[77.86835,12.96347],[77.86486,12.96575],[77.86587,12.96865],[77.86449,12.97323],[77.86894,12.97276],[77.86938,12.97344],[77.87182,12.97379],[77.87953,12.96992],[77.88203,12.97476],[77.88446,12.9723],[77.88736,12.97097],[77.89019,12.97072],[77.89083,12.97025],[77.89592,12.97071],[77.89672,12.97159],[77.89699,12.97326],[77.89701,12.97468],[77.89633,12.97624],[77.89913,12.97535],[77.90314,12.9767],[77.90276,12.97576],[77.90318,12.9755]],[[77.88052,12.95692],[77.88159,12.95663],[77.88192,12.95878],[77.88079,12.959],[77.88052,12.95692]],[[77.88258,12.94698],[77.88268,12.9463],[77.88336,12.94632],[77.88417,12.9475],[77.88327,12.94786],[77.88328,12.94842],[77.88248,12.94823],[77.88258,12.94698]]],[[[77.98729,12.87477],[77.98777,12.87319],[77.9862,12.87258],[77.98404,12.87264],[77.98475,12.87744],[77.98705,12.87666],[77.98729,12.87477]]]]}},{"type":"Feature","properties":{"unitId":550,"unitName":"Masti PS"},"geometry":{"type":"Polygon","coordinates":[[[78.01949,12.96207],[78.01885,12.95662],[78.01794,12.95579],[78.0182,12.95504],[78.02032,12.95435],[78.02365,12.9514],[78.02561,12.95037],[78.02645,12.94877],[78.02621,12.94597],[78.02798,12.94431],[78.02865,12.94275],[78.0279,12.94127],[78.02991,12.93963],[78.03104,12.93798],[78.03123,12.93425],[78.03327,12.93464],[78.0373,12.93378],[78.04105,12.93013],[78.04256,12.93085],[78.04872,12.93005],[78.05705,12.93355],[78.05742,12.93444],[78.06459,12.93287],[78.06559,12.93061],[78.06402,12.92862],[78.06388,12.92668],[78.06328,12.92567],[78.06333,12.92456],[78.06451,12.92295],[78.06387,12.91705],[78.06461,12.91567],[78.06324,12.9122],[78.06413,12.91164],[78.06515,12.90981],[78.06603,12.90959],[78.06676,12.91022],[78.06685,12.91126],[78.06797,12.91123],[78.06861,12.91244],[78.07064,12.91346],[78.07315,12.91378],[78.07467,12.91292],[78.0786,12.91686],[78.08202,12.91853],[78.08545,12.91718],[78.09294,12.91535],[78.09449,12.91043],[78.09616,12.90978],[78.09538,12.90456],[78.09656,12.90302],[78.10069,12.90185],[78.10538,12.89865],[78.10336,12.89387],[78.10847,12.88089],[78.11012,12.88259],[78.11271,12.88139],[78.1166,12.8812],[78.11948,12.87941],[78.11822,12.87907],[78.11921,12.87714],[78.11912,12.87641],[78.11844,12.87514],[78.11838,12.87362],[78.118,12.87297],[78.1177,12.87325],[78.11731,12.87209],[78.11594,12.87211],[78.11374,12.86931],[78.11218,12.86904],[78.1116,12.86758],[78.11025,12.86817],[78.10913,12.86643],[78.10304,12.86633],[78.10288,12.86479],[78.0937,12.84764],[78.08749,12.83063],[78.08551,12.83174],[78.08028,12.83174],[78.07725,12.83015],[78.07654,12.83082],[78.07479,12.83072],[78.07562,12.83643],[78.07744,12.83734],[78.07792,12.83813],[78.0774,12.83823],[78.07688,12.83933],[78.074,12.84112],[78.06874,12.84206],[78.06619,12.84186],[78.05945,12.8431],[78.05955,12.84622],[78.05877,12.85071],[78.05827,12.85123],[78.05502,12.85187],[78.0533,12.85342],[78.0506,12.8512],[78.04995,12.8481],[78.04841,12.84878],[78.04322,12.84928],[78.04087,12.85094],[78.03849,12.85181],[78.03662,12.85205],[78.03636,12.85149],[78.03119,12.85228],[78.03149,12.85311],[78.0306,12.85712],[78.02876,12.85812],[78.02717,12.85791],[78.02447,12.856],[78.02314,12.85562],[78.0232,12.85489],[78.02441,12.85249],[78.02629,12.8504],[78.03026,12.84904],[78.02948,12.84891],[78.02959,12.84751],[78.02756,12.84418],[78.02395,12.84128],[78.02089,12.84325],[78.01923,12.84352],[78.01858,12.84095],[78.01843,12.83391],[78.01891,12.83118],[78.01857,12.83062],[78.01458,12.82905],[78.01067,12.82979],[78.00669,12.82666],[78.004,12.82606],[78.00381,12.82544],[78.00371,12.82321],[78.00707,12.82101],[78.00799,12.81963],[78.00884,12.81916],[78.01113,12.81905],[78.0126,12.8182],[78.01411,12.81459],[78.01531,12.81384],[78.01332,12.80917],[78.01273,12.80933],[78.01254,12.8077],[78.00994,12.80511],[78.00837,12.80642],[78.00759,12.80619],[78.00691,12.80747],[78.00527,12.80807],[78.00096,12.80728],[77.99695,12.8082],[77.99611,12.80677],[77.99554,12.80659],[77.99113,12.80857],[77.99059,12.80812],[77.98903,12.80858],[77.98933,12.81268],[77.99121,12.82184],[77.98731,12.82271],[77.97961,12.82747],[77.98061,12.83001],[77.98106,12.83479],[77.97954,12.83555],[77.97459,12.83537],[77.97345,12.83309],[77.966,12.83268],[77.96392,12.83371],[77.96211,12.83665],[77.9637,12.8421],[77.96506,12.84464],[77.96563,12.84836],[77.96434,12.84873],[77.9644,12.84971],[77.96355,12.85052],[77.96323,12.85277],[77.96232,12.85415],[77.96254,12.85487],[77.96462,12.85825],[77.96834,12.85848],[77.96848,12.85993],[77.96936,12.86034],[77.97475,12.85965],[77.97768,12.862],[77.97716,12.86272],[77.9774,12.86431],[77.98064,12.86384],[77.98084,12.8643],[77.98249,12.86409],[77.98327,12.86512],[77.98333,12.86664],[77.98131,12.86747],[77.98136,12.86813],[77.98092,12.8682],[77.98102,12.86984],[77.97951,12.87046],[77.97975,12.87134],[77.98171,12.87233],[77.9812,12.87323],[77.98238,12.87559],[77.98126,12.87857],[77.98105,12.88174],[77.98155,12.88437],[77.98252,12.88484],[77.98703,12.8846],[77.98764,12.88548],[77.98924,12.88501],[77.98797,12.89037],[77.98725,12.89175],[77.9827,12.89447],[77.98123,12.89615],[77.97788,12.89621],[77.97758,12.9001],[77.97782,12.9006],[77.9789,12.90052],[77.97938,12.90134],[77.98189,12.90849],[77.98904,12.90931],[77.98942,12.91316],[77.98658,12.91456],[77.98202,12.91544],[77.97735,12.91762],[77.97323,12.92144],[77.96788,12.92363],[77.96574,12.92401],[77.96721,12.92552],[77.97122,12.92733],[77.97048,12.92999],[77.97384,12.92946],[77.98152,12.9306],[77.98375,12.93176],[77.98716,12.93258],[77.98548,12.94345],[77.98632,12.94704],[77.98813,12.95002],[77.99127,12.94982],[77.99407,12.95611],[77.99666,12.95852],[77.99861,12.95886],[78.00021,12.96223],[78.00062,12.96559],[78.00411,12.96564],[78.00497,12.96501],[78.01217,12.96463],[78.01356,12.96388],[78.01489,12.96163],[78.01539,12.96438],[78.0193,12.96682],[78.01949,12.96207]],[[77.98431,12.87472],[77.98392,12.87364],[77.98417,12.87251],[77.9862,12.87258],[77.98777,12.87319],[77.98705,12.87666],[77.98573,12.87729],[77.98475,12.87744],[77.98431,12.87472]]]}},{"type":"Feature","properties":{"unitId":551,"unitName":"TekalPS"},"geometry":{"type":"MultiPolygon","coordinates":[[[[78.06465,13.04689],[78.06584,13.04663],[78.06842,13.04707],[78.07309,13.04501],[78.07913,13.04383],[78.0777,13.03629],[78.08071,13.03458],[78.08614,13.03377],[78.0895,13.03778],[78.09077,13.03371],[78.09803,13.03343],[78.0973,13.03106],[78.10254,13.0285],[78.10425,13.02684],[78.10329,13.02425],[78.10992,13.02473],[78.11485,13.0235],[78.11605,13.02517],[78.12337,13.0234],[78.12639,13.02472],[78.13279,13.02437],[78.13386,13.02375],[78.1322,13.01662],[78.13115,13.01629],[78.12728,13.01681],[78.1266,13.01317],[78.12368,13.00777],[78.12129,13.00712],[78.11778,13.00445],[78.11831,13.00291],[78.10988,12.99955],[78.10957,12.99728],[78.11226,12.99638],[78.11398,12.99655],[78.11853,12.99564],[78.12306,12.99647],[78.12551,12.99532],[78.12551,12.99453],[78.12673,12.99406],[78.12659,12.99186],[78.12737,12.99161],[78.12698,12.99053],[78.12811,12.98885],[78.12777,12.98593],[78.12813,12.98381],[78.13236,12.98416],[78.13028,12.98251],[78.13182,12.97777],[78.13285,12.97602],[78.13424,12.97488],[78.13557,12.97078],[78.13468,12.96693],[78.13082,12.96665],[78.12308,12.96716],[78.12307,12.96256],[78.12134,12.95608],[78.11657,12.95052],[78.11618,12.94737],[78.11771,12.94483],[78.12063,12.94476],[78.12095,12.94394],[78.12299,12.94395],[78.12413,12.9456],[78.12677,12.94753],[78.12706,12.95153],[78.13172,12.9521],[78.13296,12.95196],[78.13395,12.94825],[78.13558,12.94802],[78.13619,12.9467],[78.13493,12.94058],[78.13324,12.94034],[78.13313,12.93978],[78.13128,12.9398],[78.12915,12.939],[78.12707,12.93916],[78.12087,12.94113],[78.11984,12.94101],[78.11971,12.93807],[78.11907,12.93622],[78.11949,12.93533],[78.11959,12.93005],[78.11774,12.92952],[78.11264,12.93117],[78.11086,12.92765],[78.10982,12.92426],[78.10742,12.92235],[78.10367,12.92183],[78.10226,12.9232],[78.09757,12.9185],[78.09294,12.91535],[78.08545,12.91718],[78.08251,12.91852],[78.08108,12.91833],[78.0786,12.91686],[78.07467,12.91292],[78.07315,12.91378],[78.07064,12.91346],[78.06861,12.91244],[78.06797,12.91123],[78.06685,12.91126],[78.06676,12.91022],[78.06603,12.90959],[78.06515,12.90981],[78.06413,12.91164],[78.06324,12.9122],[78.06461,12.91567],[78.06387,12.91705],[78.06451,12.92295],[78.06333,12.92456],[78.06328,12.92567],[78.06388,12.92668],[78.06402,12.92862],[78.06559,12.93061],[78.06459,12.93287],[78.05742,12.93444],[78.05705,12.93355],[78.04872,12.93005],[78.04256,12.93085],[78.04105,12.93013],[78.0373,12.93378],[78.03327,12.93464],[78.03123,12.93425],[78.03104,12.93798],[78.02991,12.93963],[78.0279,12.94127],[78.02865,12.94275],[78.02798,12.94431],[78.02621,12.94597],[78.02645,12.94877],[78.02561,12.95037],[78.02365,12.9514],[78.02032,12.95435],[78.0182,12.95504],[78.01794,12.95579],[78.01885,12.95662],[78.01959,12.96111],[78.0193,12.96672],[78.02176,12.97251],[78.02268,12.97259],[78.02604,12.97838],[78.02698,12.98419],[78.02285,12.9853],[78.02257,12.98464],[78.02265,12.98602],[78.02129,12.98635],[78.01675,12.99152],[78.01764,12.99518],[78.02212,13.00111],[78.01901,13.00157],[78.01818,13.00735],[78.02631,13.00876],[78.02646,13.01297],[78.02772,13.01285],[78.02785,13.01354],[78.02501,13.01413],[78.02751,13.02027],[78.02783,13.02421],[78.02727,13.02627],[78.02506,13.0297],[78.02544,13.02985],[78.02529,13.03458],[78.02764,13.03491],[78.0304,13.03456],[78.03627,13.0327],[78.04499,13.03339],[78.04522,13.03424],[78.04672,13.03567],[78.04783,13.03538],[78.04863,13.03746],[78.05237,13.03992],[78.05793,13.04817],[78.06465,13.04689]]],[[[78.02938,13.03701],[78.02935,13.03643],[78.02869,13.03651],[78.02875,13.03705],[78.02938,13.03701]]]]}},{"type":"Feature","properties":{"unitId":552,"unitName":"Mulbagal Rural PS"},"geometry":{"type":"Polygon","coordinates":[[[78.4387,13.32865],[78.44114,13.32835],[78.44191,13.32444],[78.44074,13.32189],[78.44152,13.32041],[78.44155,13.31864],[78.44322,13.31399],[78.4435,13.31081],[78.44441,13.30807],[78.4434,13.3054],[78.43863,13.29833],[78.43497,13.29467],[78.42701,13.29188],[78.4189,13.28838],[78.41568,13.28761],[78.41873,13.28389],[78.41808,13.27618],[78.42041,13.26325],[78.41989,13.2491],[78.41801,13.24305],[78.41659,13.24142],[78.41439,13.23732],[78.41408,13.23602],[78.41444,13.23349],[78.41378,13.2328],[78.41007,13.23364],[78.40778,13.23181],[78.41271,13.22379],[78.41282,13.22146],[78.41383,13.21993],[78.41432,13.21804],[78.41394,13.2162],[78.41457,13.21566],[78.41464,13.21476],[78.41708,13.2149],[78.41742,13.21538],[78.41912,13.2147],[78.42059,13.218],[78.42196,13.21749],[78.42204,13.21814],[78.43022,13.21819],[78.43208,13.21887],[78.43813,13.21567],[78.4405,13.21555],[78.44058,13.21382],[78.44201,13.21211],[78.44252,13.20979],[78.44213,13.205],[78.44431,13.2041],[78.44361,13.20304],[78.44486,13.2029],[78.44381,13.19994],[78.4451,13.19847],[78.44393,13.19676],[78.44409,13.19384],[78.44528,13.18937],[78.44925,13.18909],[78.44987,13.1936],[78.45558,13.193],[78.45733,13.19427],[78.45923,13.19392],[78.46109,13.1943],[78.46118,13.19471],[78.46209,13.19442],[78.46181,13.19046],[78.4641,13.1883],[78.4653,13.18534],[78.46261,13.1779],[78.4596,13.18],[78.45001,13.17895],[78.4414,13.17329],[78.44403,13.16682],[78.44104,13.16214],[78.44441,13.15734],[78.44441,13.15527],[78.44336,13.15417],[78.44312,13.15255],[78.44352,13.1513],[78.44527,13.15027],[78.44481,13.14478],[78.44416,13.14313],[78.44202,13.1412],[78.442,13.1391],[78.44132,13.13836],[78.44563,13.13725],[78.44707,13.1359],[78.44802,13.13577],[78.44927,13.13337],[78.44955,13.13176],[78.4492,13.12649],[78.44758,13.12074],[78.44659,13.11876],[78.44431,13.11599],[78.44575,13.11421],[78.44731,13.11414],[78.44693,13.11006],[78.44514,13.10457],[78.44458,13.10016],[78.44372,13.09759],[78.44069,13.09363],[78.44259,13.08969],[78.44451,13.08843],[78.44503,13.08745],[78.44396,13.07996],[78.44244,13.0803],[78.44173,13.0764],[78.44021,13.07499],[78.43946,13.07505],[78.43797,13.07392],[78.43672,13.07347],[78.43436,13.07384],[78.43366,13.07342],[78.43089,13.07417],[78.42952,13.07406],[78.4289,13.07278],[78.42751,13.07162],[78.42665,13.07201],[78.42385,13.07055],[78.42282,13.07109],[78.42175,13.07011],[78.41862,13.07098],[78.41856,13.07167],[78.41613,13.07225],[78.41653,13.07393],[78.41504,13.07466],[78.41385,13.07598],[78.40952,13.07676],[78.40468,13.07919],[78.40232,13.08271],[78.40201,13.08476],[78.40106,13.08442],[78.39621,13.08543],[78.39477,13.07293],[78.39697,13.07052],[78.4032,13.06728],[78.40447,13.06545],[78.40419,13.06313],[78.40285,13.06321],[78.40215,13.06184],[78.40037,13.06229],[78.40002,13.06112],[78.40104,13.05062],[78.39463,13.05039],[78.39331,13.04432],[78.38707,13.04258],[78.38426,13.04259],[78.38169,13.04141],[78.38094,13.04045],[78.3762,13.04225],[78.37492,13.04057],[78.37147,13.04046],[78.36995,13.04097],[78.36972,13.03962],[78.36772,13.03745],[78.3646,13.0381],[78.3645,13.04224],[78.36343,13.04745],[78.36289,13.04902],[78.36104,13.04972],[78.36159,13.05275],[78.36258,13.05515],[78.35767,13.05765],[78.35704,13.05684],[78.35651,13.05686],[78.3566,13.05778],[78.35539,13.05821],[78.35364,13.05681],[78.35163,13.05602],[78.3454,13.05626],[78.34296,13.0541],[78.33815,13.05504],[78.3348,13.05854],[78.33467,13.05932],[78.33391,13.05896],[78.32456,13.06303],[78.32236,13.06069],[78.31562,13.06253],[78.30856,13.06343],[78.30743,13.0657],[78.3062,13.06332],[78.29924,13.06415],[78.29617,13.06379],[78.29441,13.06853],[78.29288,13.07069],[78.29245,13.07232],[78.29295,13.07458],[78.2926,13.07619],[78.2902,13.07656],[78.28982,13.07898],[78.29005,13.08032],[78.29052,13.08018],[78.29007,13.08134],[78.28909,13.08239],[78.28771,13.08294],[78.28759,13.08403],[78.28636,13.08508],[78.28541,13.09141],[78.28355,13.09332],[78.28021,13.09256],[78.27913,13.09285],[78.27813,13.09433],[78.27659,13.09394],[78.27368,13.09429],[78.27309,13.09325],[78.2713,13.09245],[78.2692,13.0932],[78.26816,13.09493],[78.26674,13.09405],[78.26507,13.10134],[78.27448,13.10025],[78.27858,13.10054],[78.28208,13.10136],[78.28132,13.10739],[78.28258,13.10775],[78.28247,13.10912],[78.28374,13.10888],[78.28399,13.11187],[78.28284,13.11518],[78.28375,13.11768],[78.28506,13.11901],[78.28575,13.12229],[78.28383,13.12353],[78.28379,13.12446],[78.2809,13.12547],[78.28087,13.12664],[78.28031,13.12626],[78.27984,13.12659],[78.27981,13.12726],[78.27934,13.1272],[78.27836,13.12869],[78.27708,13.12867],[78.27393,13.12704],[78.27224,13.12757],[78.27153,13.1285],[78.27123,13.13129],[78.2688,13.13093],[78.2677,13.1323],[78.26767,13.13321],[78.26857,13.13391],[78.26944,13.13396],[78.27004,13.13297],[78.27067,13.13353],[78.26958,13.13647],[78.26718,13.13759],[78.2655,13.13747],[78.26458,13.13798],[78.26352,13.13767],[78.26128,13.1384],[78.26135,13.13952],[78.26243,13.14024],[78.26333,13.14281],[78.26312,13.14397],[78.26121,13.14699],[78.26115,13.1487],[78.2617,13.15231],[78.26353,13.15435],[78.26386,13.15662],[78.26311,13.1587],[78.26022,13.15935],[78.26061,13.16181],[78.26009,13.1631],[78.26091,13.1682],[78.26245,13.17349],[78.26337,13.17443],[78.26565,13.18012],[78.26568,13.18154],[78.26674,13.18283],[78.26735,13.18568],[78.26491,13.18639],[78.26275,13.1877],[78.2612,13.18941],[78.25735,13.19035],[78.25476,13.18949],[78.24812,13.19336],[78.24111,13.20432],[78.24894,13.20442],[78.2507,13.20765],[78.25093,13.2131],[78.25698,13.21171],[78.26626,13.20861],[78.26995,13.20823],[78.2746,13.20919],[78.27781,13.20863],[78.27957,13.20891],[78.28024,13.20977],[78.28159,13.20936],[78.28297,13.20964],[78.28437,13.21054],[78.28447,13.21297],[78.28402,13.21929],[78.28289,13.22085],[78.2831,13.22163],[78.28912,13.22084],[78.28985,13.22023],[78.29047,13.2207],[78.29146,13.22054],[78.29387,13.21966],[78.29491,13.22093],[78.29839,13.22089],[78.29875,13.22552],[78.30062,13.23299],[78.3003,13.23523],[78.30147,13.24101],[78.30238,13.24119],[78.30309,13.24218],[78.31067,13.24324],[78.32211,13.24648],[78.32229,13.2481],[78.32475,13.25121],[78.32858,13.25757],[78.33247,13.26238],[78.33035,13.26467],[78.33002,13.2677],[78.32498,13.26952],[78.32516,13.27464],[78.32399,13.27596],[78.3246,13.2774],[78.32447,13.27792],[78.32373,13.27794],[78.32372,13.27845],[78.32429,13.27991],[78.32404,13.28318],[78.32486,13.2842],[78.32677,13.29352],[78.32862,13.29942],[78.33116,13.30122],[78.33302,13.30533],[78.33861,13.30156],[78.34708,13.30341],[78.35473,13.30139],[78.36077,13.31477],[78.37348,13.31588],[78.38734,13.30798],[78.39224,13.30763],[78.39866,13.30509],[78.39849,13.30669],[78.40173,13.30681],[78.40198,13.30922],[78.40139,13.31553],[78.41394,13.31808],[78.41449,13.31939],[78.41715,13.31935],[78.41927,13.32066],[78.41908,13.321],[78.42243,13.32846],[78.42465,13.32899],[78.42849,13.33107],[78.43645,13.33008],[78.4387,13.32865]],[[78.38835,13.19982],[78.38738,13.19935],[78.38685,13.1998],[78.38424,13.19927],[78.38394,13.19764],[78.38651,13.19754],[78.38687,13.19693],[78.38497,13.19365],[78.38527,13.19282],[78.38465,13.18974],[78.38507,13.18972],[78.38476,13.18742],[78.38118,13.18645],[78.38078,13.18671],[78.37992,13.18531],[78.38045,13.1849],[78.3746,13.18404],[78.3743,13.1835],[78.37275,13.18291],[78.37039,13.18283],[78.36799,13.17782],[78.37131,13.17161],[78.37281,13.16935],[78.37317,13.16941],[78.3725,13.16594],[78.3732,13.16524],[78.37286,13.16474],[78.37154,13.16479],[78.37099,13.16257],[78.37336,13.16176],[78.37481,13.16041],[78.37867,13.16021],[78.37918,13.15909],[78.37689,13.15767],[78.3771,13.15689],[78.37555,13.15483],[78.37554,13.15412],[78.37789,13.15314],[78.37664,13.15194],[78.37743,13.15137],[78.37712,13.15088],[78.37773,13.15007],[78.37715,13.14694],[78.37991,13.14618],[78.38456,13.14654],[78.38439,13.14409],[78.38737,13.14429],[78.38778,13.14333],[78.38856,13.14327],[78.3889,13.14396],[78.39096,13.1434],[78.39172,13.14241],[78.39202,13.14464],[78.39294,13.14471],[78.39279,13.14671],[78.39837,13.14667],[78.3989,13.15037],[78.3986,13.15315],[78.39904,13.15389],[78.39735,13.15429],[78.39922,13.15808],[78.40596,13.15625],[78.41018,13.15735],[78.41333,13.1598],[78.41524,13.15898],[78.41613,13.16303],[78.4191,13.16255],[78.41715,13.17148],[78.41808,13.17192],[78.41864,13.17462],[78.41995,13.17694],[78.41973,13.17741],[78.41859,13.17751],[78.4186,13.17791],[78.41723,13.17797],[78.41453,13.17574],[78.41135,13.1744],[78.4104,13.17322],[78.40766,13.17189],[78.40725,13.17248],[78.40774,13.17505],[78.40587,13.17909],[78.39629,13.18337],[78.39417,13.18375],[78.3944,13.18626],[78.39591,13.18954],[78.39656,13.19418],[78.39523,13.19441],[78.39466,13.1934],[78.39413,13.19382],[78.3942,13.19303],[78.39251,13.19307],[78.39233,13.194],[78.39302,13.19658],[78.39245,13.19742],[78.39249,13.1989],[78.39208,13.19902],[78.39183,13.20045],[78.39085,13.20105],[78.38835,13.19982]]]}},{"type":"Feature","properties":{"unitId":553,"unitName":"TailurPS"},"geometry":{"type":"Polygon","coordinates":[[[78.45277,13.10421],[78.45269,13.10311],[78.45527,13.10174],[78.45469,13.09892],[78.45569,13.0963],[78.45461,13.09525],[78.46032,13.0938],[78.4617,13.09281],[78.46198,13.09359],[78.46126,13.09408],[78.46226,13.09396],[78.46285,13.0932],[78.46215,13.09324],[78.46209,13.09279],[78.46286,13.09267],[78.46296,13.09345],[78.46415,13.0933],[78.4645,13.09403],[78.46532,13.09395],[78.46542,13.0946],[78.46616,13.09458],[78.46618,13.09554],[78.46971,13.09567],[78.47026,13.0964],[78.46755,13.09643],[78.46717,13.09935],[78.46659,13.09956],[78.46746,13.10185],[78.46831,13.10046],[78.47009,13.10052],[78.47413,13.09932],[78.47371,13.09888],[78.47445,13.097],[78.47657,13.09605],[78.47496,13.09599],[78.4726,13.09389],[78.47414,13.08651],[78.47479,13.08423],[78.47841,13.08383],[78.47683,13.07648],[78.47774,13.07512],[78.48197,13.07323],[78.48321,13.07215],[78.48374,13.07093],[78.48484,13.07081],[78.48431,13.0711],[78.48457,13.07161],[78.48605,13.07123],[78.48555,13.07029],[78.48604,13.07021],[78.48607,13.07073],[78.48705,13.07043],[78.48784,13.07121],[78.48773,13.07168],[78.49005,13.07254],[78.49002,13.07351],[78.48941,13.07416],[78.48955,13.07646],[78.49015,13.07757],[78.49062,13.08056],[78.492,13.0942],[78.49179,13.09495],[78.48989,13.09552],[78.49011,13.09647],[78.49237,13.0953],[78.4938,13.09511],[78.49637,13.09538],[78.49821,13.09619],[78.49768,13.09506],[78.49832,13.09237],[78.49708,13.09264],[78.49625,13.09215],[78.49725,13.08923],[78.49774,13.08888],[78.49774,13.08771],[78.49904,13.08703],[78.5007,13.08057],[78.5112,13.07777],[78.5134,13.0727],[78.51523,13.07175],[78.51588,13.06697],[78.51551,13.06267],[78.50201,13.06122],[78.49715,13.06144],[78.49616,13.06034],[78.49494,13.06056],[78.49506,13.06353],[78.49595,13.06639],[78.49545,13.06772],[78.49403,13.06791],[78.49374,13.06878],[78.49097,13.07041],[78.49083,13.07143],[78.4894,13.07153],[78.4875,13.06724],[78.48823,13.06551],[78.48976,13.06461],[78.48997,13.06394],[78.48984,13.06324],[78.48898,13.06343],[78.48893,13.06113],[78.49539,13.05876],[78.49386,13.057],[78.4899,13.0549],[78.48927,13.05214],[78.47857,13.05506],[78.47776,13.0516],[78.47475,13.04534],[78.47256,13.04407],[78.46908,13.04326],[78.46745,13.04447],[78.46429,13.04482],[78.46208,13.04305],[78.46105,13.03179],[78.46113,13.02661],[78.46149,13.02643],[78.4578,13.02337],[78.44866,13.0238],[78.44009,13.02712],[78.439,13.02891],[78.43445,13.02951],[78.43415,13.02912],[78.42915,13.02949],[78.41752,13.03096],[78.41471,13.02654],[78.41187,13.02318],[78.41021,13.0242],[78.41016,13.0252],[78.40957,13.02538],[78.40832,13.0273],[78.40594,13.02735],[78.40479,13.02343],[78.40319,13.02331],[78.39886,13.02831],[78.39794,13.02504],[78.39793,13.02331],[78.3922,13.02363],[78.39114,13.02273],[78.38315,13.02367],[78.38281,13.02048],[78.38132,13.02108],[78.38116,13.02304],[78.37843,13.02511],[78.37101,13.02465],[78.36958,13.01946],[78.3662,13.01911],[78.36178,13.01946],[78.36224,13.02537],[78.36075,13.02629],[78.36091,13.02759],[78.36249,13.02722],[78.36298,13.02948],[78.36467,13.02984],[78.36577,13.02908],[78.36558,13.03116],[78.36734,13.03093],[78.36814,13.03171],[78.36783,13.0338],[78.36814,13.03654],[78.36772,13.03745],[78.36972,13.03962],[78.36995,13.04097],[78.37147,13.04046],[78.37492,13.04057],[78.3762,13.04225],[78.38094,13.04045],[78.38169,13.04141],[78.38426,13.04259],[78.38707,13.04258],[78.39331,13.04432],[78.39463,13.05039],[78.40104,13.05062],[78.40002,13.06112],[78.40037,13.06229],[78.40215,13.06184],[78.40285,13.06321],[78.40419,13.06313],[78.40447,13.06545],[78.4032,13.06728],[78.39697,13.07052],[78.39477,13.07293],[78.39621,13.08543],[78.40106,13.08442],[78.40201,13.08476],[78.40232,13.08271],[78.40468,13.07919],[78.40952,13.07676],[78.41416,13.0758],[78.41504,13.07466],[78.41653,13.07393],[78.41613,13.07225],[78.41856,13.07167],[78.419,13.07084],[78.42175,13.07011],[78.42282,13.07109],[78.42385,13.07055],[78.42665,13.07201],[78.42751,13.07162],[78.4289,13.07278],[78.42952,13.07406],[78.43089,13.07417],[78.43366,13.07342],[78.43436,13.07384],[78.43718,13.07362],[78.43946,13.07505],[78.44021,13.07499],[78.44173,13.0764],[78.44244,13.0803],[78.44396,13.07996],[78.44503,13.08745],[78.44451,13.08843],[78.44259,13.08969],[78.44069,13.09363],[78.44372,13.09759],[78.44458,13.10016],[78.44514,13.10457],[78.44693,13.11006],[78.45108,13.10724],[78.45277,13.10421]]]}},{"type":"Feature","properties":{"unitId":554,"unitName":"Mulbagal Town PS"},"geometry":{"type":"Polygon","coordinates":[[[78.39201,13.19949],[78.39302,13.19658],[78.39233,13.194],[78.39251,13.19307],[78.3942,13.19303],[78.39413,13.19382],[78.39466,13.1934],[78.39523,13.19441],[78.39656,13.19418],[78.39591,13.18954],[78.3944,13.18626],[78.39417,13.18375],[78.39629,13.18337],[78.40587,13.17909],[78.40774,13.17505],[78.40725,13.17248],[78.40766,13.17189],[78.4104,13.17322],[78.41135,13.1744],[78.41453,13.17574],[78.41723,13.17797],[78.4186,13.17791],[78.41859,13.17751],[78.41973,13.17741],[78.41995,13.17694],[78.41864,13.17462],[78.41808,13.17192],[78.41715,13.17148],[78.4191,13.16255],[78.41613,13.16303],[78.41524,13.15898],[78.41333,13.1598],[78.41018,13.15735],[78.40596,13.15625],[78.39922,13.15808],[78.39735,13.15429],[78.39904,13.15389],[78.3986,13.15315],[78.3989,13.15037],[78.39837,13.14667],[78.39279,13.14671],[78.39294,13.14471],[78.39202,13.14464],[78.39172,13.14241],[78.39096,13.1434],[78.3889,13.14396],[78.38856,13.14327],[78.38778,13.14333],[78.38737,13.14429],[78.38439,13.14409],[78.38456,13.14654],[78.37991,13.14618],[78.37715,13.14694],[78.37773,13.15007],[78.37712,13.15088],[78.37743,13.15137],[78.37664,13.15194],[78.37789,13.15314],[78.37554,13.15412],[78.37555,13.15483],[78.3771,13.15689],[78.37689,13.15767],[78.37918,13.15909],[78.37867,13.16021],[78.37481,13.16041],[78.37336,13.16176],[78.37099,13.16257],[78.37154,13.16479],[78.37286,13.16474],[78.3732,13.16524],[78.3725,13.16594],[78.37317,13.16941],[78.37281,13.16935],[78.37131,13.17161],[78.36799,13.17782],[78.37039,13.18283],[78.37275,13.18291],[78.3743,13.1835],[78.3746,13.18404],[78.38045,13.1849],[78.37992,13.18531],[78.38078,13.18671],[78.38118,13.18645],[78.38476,13.18742],[78.38507,13.18972],[78.38465,13.18974],[78.38527,13.19282],[78.38497,13.19365],[78.38687,13.19693],[78.38651,13.19754],[78.38394,13.19764],[78.38424,13.19927],[78.38685,13.1998],[78.38738,13.19935],[78.39122,13.20111],[78.39201,13.19949]]]}},{"type":"Feature","properties":{"unitId":555,"unitName":"Nangli PS"},"geometry":{"type":"MultiPolygon","coordinates":[[[[78.47859,13.32168],[78.48445,13.32026],[78.48373,13.31655],[78.48455,13.31403],[78.48416,13.31241],[78.48135,13.30927],[78.48008,13.30118],[78.48441,13.2998],[78.48782,13.30014],[78.49274,13.2998],[78.49664,13.29843],[78.49889,13.2997],[78.5002,13.29645],[78.50161,13.29589],[78.50432,13.29186],[78.50667,13.29095],[78.51017,13.29126],[78.51389,13.29082],[78.51306,13.2886],[78.5135,13.2874],[78.51329,13.28542],[78.51558,13.28499],[78.5198,13.28314],[78.52039,13.28082],[78.51973,13.27952],[78.51974,13.27828],[78.52007,13.277],[78.52184,13.27569],[78.52145,13.27368],[78.52651,13.27137],[78.52706,13.26988],[78.52676,13.26834],[78.52995,13.26761],[78.53163,13.26648],[78.53223,13.26849],[78.53619,13.27302],[78.5369,13.27421],[78.53919,13.28804],[78.54112,13.28864],[78.5463,13.28789],[78.55424,13.2831],[78.55641,13.28384],[78.55774,13.28652],[78.55945,13.28619],[78.5602,13.2885],[78.5619,13.28901],[78.5624,13.29085],[78.56209,13.29144],[78.56312,13.2922],[78.56336,13.29382],[78.56464,13.29475],[78.56464,13.29846],[78.56558,13.302],[78.56454,13.30584],[78.56468,13.30734],[78.56337,13.30925],[78.56528,13.31182],[78.56913,13.30914],[78.5736,13.29915],[78.57595,13.29569],[78.57738,13.29505],[78.57721,13.2929],[78.57761,13.29196],[78.57631,13.28486],[78.57738,13.28362],[78.57863,13.28024],[78.58222,13.2805],[78.5869,13.28005],[78.58777,13.27183],[78.58687,13.26785],[78.58509,13.26516],[78.58561,13.264],[78.58554,13.26161],[78.58413,13.25882],[78.57932,13.25284],[78.57058,13.24734],[78.57081,13.24319],[78.57146,13.24184],[78.57058,13.24154],[78.56827,13.23592],[78.5681,13.23035],[78.56658,13.22419],[78.5665,13.2203],[78.57258,13.21986],[78.57777,13.21839],[78.57716,13.21645],[78.57938,13.21702],[78.57891,13.21496],[78.57925,13.21316],[78.57549,13.21195],[78.57529,13.21106],[78.57439,13.21179],[78.57081,13.21245],[78.57104,13.21131],[78.57059,13.21134],[78.57042,13.2094],[78.5695,13.20969],[78.5692,13.20914],[78.56953,13.2052],[78.56799,13.20116],[78.5642,13.2004],[78.55945,13.19874],[78.55713,13.19887],[78.55103,13.20041],[78.55039,13.19886],[78.54966,13.19273],[78.55021,13.19065],[78.55534,13.18887],[78.5589,13.18985],[78.55953,13.19054],[78.56226,13.19045],[78.56699,13.19166],[78.56693,13.19299],[78.56814,13.19287],[78.56786,13.19207],[78.57199,13.19039],[78.57202,13.18923],[78.57586,13.18655],[78.57501,13.18111],[78.57636,13.17749],[78.57615,13.17451],[78.57659,13.17231],[78.57752,13.17129],[78.57893,13.171],[78.57965,13.16703],[78.57694,13.16747],[78.57568,13.16665],[78.57295,13.16838],[78.56865,13.16543],[78.56821,13.16187],[78.56005,13.16321],[78.55486,13.16319],[78.55211,13.16388],[78.54962,13.16393],[78.54873,13.16162],[78.54712,13.15984],[78.54586,13.15935],[78.54497,13.15706],[78.54306,13.15563],[78.5416,13.15524],[78.5405,13.15353],[78.54656,13.14982],[78.54733,13.14893],[78.54623,13.14317],[78.54497,13.14186],[78.54382,13.14094],[78.53085,13.14171],[78.5301,13.1405],[78.52769,13.13914],[78.52673,13.13472],[78.52548,13.1331],[78.52411,13.13251],[78.52368,13.13054],[78.5217,13.13068],[78.52186,13.13142],[78.51874,13.13235],[78.51784,13.13162],[78.51708,13.12841],[78.51851,13.12572],[78.51955,13.11972],[78.52373,13.11842],[78.5228,13.11574],[78.52298,13.11499],[78.52386,13.11447],[78.52567,13.11447],[78.527,13.11218],[78.53079,13.11155],[78.53175,13.1103],[78.53176,13.10932],[78.53355,13.10962],[78.53817,13.10842],[78.53892,13.10767],[78.5387,13.10593],[78.53109,13.10589],[78.5301,13.10387],[78.52919,13.10405],[78.52619,13.10218],[78.52588,13.10154],[78.52427,13.10108],[78.52352,13.09938],[78.52267,13.09909],[78.52361,13.09575],[78.52401,13.09566],[78.52379,13.09477],[78.52239,13.09479],[78.52077,13.09608],[78.51604,13.09742],[78.51329,13.09419],[78.51048,13.09185],[78.50984,13.09206],[78.50943,13.09064],[78.50982,13.08537],[78.50919,13.07843],[78.5007,13.08057],[78.49904,13.08703],[78.49774,13.08771],[78.49774,13.08888],[78.49725,13.08923],[78.49625,13.09215],[78.49708,13.09264],[78.49832,13.09237],[78.49768,13.09506],[78.49821,13.09619],[78.49637,13.09538],[78.4938,13.09511],[78.49237,13.0953],[78.49011,13.09647],[78.48989,13.09552],[78.49179,13.09495],[78.492,13.0942],[78.49062,13.08056],[78.49015,13.07757],[78.48955,13.07646],[78.48941,13.07416],[78.49002,13.07351],[78.49005,13.07254],[78.48873,13.07228],[78.4884,13.07167],[78.48763,13.07158],[78.48784,13.07121],[78.48727,13.07055],[78.48607,13.07073],[78.48604,13.07021],[78.48555,13.07029],[78.48605,13.07123],[78.48457,13.07161],[78.48431,13.0711],[78.48484,13.07081],[78.48374,13.07093],[78.48321,13.07215],[78.48197,13.07323],[78.47774,13.07512],[78.47683,13.07648],[78.47841,13.08383],[78.47479,13.08423],[78.47414,13.08651],[78.4726,13.09389],[78.47496,13.09599],[78.47657,13.09605],[78.47445,13.097],[78.47371,13.09888],[78.47413,13.09932],[78.47009,13.10052],[78.46831,13.10046],[78.46746,13.10185],[78.46659,13.09956],[78.46717,13.09935],[78.46755,13.09643],[78.47026,13.0964],[78.46971,13.09567],[78.46618,13.09554],[78.46616,13.09458],[78.46542,13.0946],[78.46532,13.09395],[78.4645,13.09403],[78.46415,13.0933],[78.46296,13.09345],[78.46286,13.09267],[78.46209,13.09279],[78.46215,13.09324],[78.46285,13.0932],[78.46226,13.09396],[78.4612,13.09399],[78.46198,13.09359],[78.4617,13.09281],[78.46032,13.0938],[78.45487,13.09509],[78.45468,13.09572],[78.45557,13.09586],[78.45569,13.0963],[78.45469,13.09892],[78.45527,13.10174],[78.45269,13.10311],[78.45297,13.10391],[78.45254,13.10503],[78.45108,13.10724],[78.44693,13.11006],[78.44731,13.11414],[78.44575,13.11421],[78.44431,13.11599],[78.44659,13.11876],[78.44758,13.12074],[78.4492,13.12649],[78.44955,13.13176],[78.44927,13.13337],[78.44802,13.13577],[78.44707,13.1359],[78.44563,13.13725],[78.44132,13.13836],[78.442,13.1391],[78.44202,13.1412],[78.44416,13.14313],[78.44481,13.14478],[78.44527,13.15027],[78.44352,13.1513],[78.44312,13.15255],[78.44336,13.15417],[78.44441,13.15527],[78.44441,13.15734],[78.44104,13.16214],[78.44403,13.16682],[78.4414,13.17329],[78.45001,13.17895],[78.4596,13.18],[78.46261,13.1779],[78.4653,13.18534],[78.4641,13.1883],[78.46181,13.19046],[78.46209,13.19442],[78.46118,13.19471],[78.46109,13.1943],[78.45923,13.19392],[78.45733,13.19427],[78.45558,13.193],[78.44987,13.1936],[78.44925,13.18909],[78.44528,13.18937],[78.44409,13.19384],[78.44393,13.19676],[78.4451,13.19847],[78.44381,13.19994],[78.44486,13.2029],[78.44361,13.20304],[78.44431,13.2041],[78.44213,13.205],[78.44252,13.20979],[78.44201,13.21211],[78.44058,13.21382],[78.4405,13.21555],[78.43813,13.21567],[78.43208,13.21887],[78.43022,13.21819],[78.42204,13.21814],[78.42196,13.21749],[78.42059,13.218],[78.41912,13.2147],[78.41742,13.21538],[78.41708,13.2149],[78.41464,13.21476],[78.41457,13.21566],[78.41394,13.2162],[78.41432,13.21804],[78.41383,13.21993],[78.41282,13.22146],[78.41271,13.22379],[78.40778,13.23181],[78.41007,13.23364],[78.41378,13.2328],[78.41444,13.23349],[78.41408,13.23602],[78.41439,13.23732],[78.41659,13.24142],[78.41801,13.24305],[78.41989,13.2491],[78.42041,13.26325],[78.41808,13.27618],[78.41873,13.28389],[78.41568,13.28761],[78.4189,13.28838],[78.42701,13.29188],[78.43497,13.29467],[78.43863,13.29833],[78.4434,13.3054],[78.44441,13.30807],[78.45072,13.3088],[78.45322,13.30975],[78.45778,13.31308],[78.46142,13.31306],[78.46218,13.31371],[78.46426,13.31401],[78.46487,13.31528],[78.46669,13.31486],[78.46922,13.31635],[78.47028,13.31906],[78.4722,13.32035],[78.4767,13.32229],[78.47859,13.32168]]],[[[78.49277,13.06917],[78.49374,13.06878],[78.49403,13.06791],[78.49545,13.06772],[78.49595,13.06639],[78.49506,13.06353],[78.49494,13.06056],[78.49616,13.06034],[78.49539,13.05876],[78.48893,13.06113],[78.48898,13.06343],[78.48984,13.06324],[78.48997,13.06394],[78.48764,13.06665],[78.48755,13.068],[78.48813,13.06927],[78.48849,13.06913],[78.48915,13.0713],[78.49009,13.07174],[78.49083,13.07143],[78.49097,13.07041],[78.49178,13.07023],[78.49277,13.06917]]]]}},{"type":"Feature","properties":{"unitId":556,"unitName":"Gownapalli PS"},"geometry":{"type":"Polygon","coordinates":[[[78.23654,13.59895],[78.23878,13.59754],[78.24016,13.59834],[78.24639,13.594],[78.25707,13.58912],[78.25799,13.58465],[78.26033,13.58465],[78.26515,13.58676],[78.26827,13.58706],[78.27117,13.58853],[78.27627,13.58879],[78.27928,13.57662],[78.28194,13.5759],[78.28234,13.57376],[78.28174,13.57244],[78.28209,13.57177],[78.28296,13.57188],[78.28208,13.57168],[78.2824,13.57066],[78.28204,13.57059],[78.28186,13.56883],[78.28079,13.56832],[78.27886,13.56848],[78.27871,13.56693],[78.27772,13.56583],[78.28426,13.56024],[78.28474,13.56094],[78.28475,13.5605],[78.28606,13.55974],[78.29121,13.55786],[78.29234,13.55691],[78.29425,13.55801],[78.29619,13.56101],[78.29874,13.56062],[78.30707,13.55426],[78.30434,13.55024],[78.30235,13.54934],[78.30296,13.54861],[78.30276,13.54182],[78.30419,13.54154],[78.30478,13.54202],[78.30447,13.54203],[78.30471,13.54297],[78.30581,13.54329],[78.30518,13.54067],[78.30435,13.5397],[78.30539,13.53966],[78.30611,13.5404],[78.3076,13.54011],[78.30752,13.53971],[78.30791,13.53998],[78.30784,13.53798],[78.30647,13.53846],[78.30544,13.53722],[78.30519,13.53594],[78.30413,13.53709],[78.30426,13.53787],[78.3032,13.53801],[78.30267,13.53877],[78.30294,13.53937],[78.30207,13.53936],[78.30189,13.53849],[78.30136,13.53861],[78.30085,13.54019],[78.29973,13.54129],[78.29928,13.54131],[78.29866,13.53916],[78.29652,13.54009],[78.29624,13.5409],[78.29503,13.54175],[78.29397,13.54177],[78.29318,13.54086],[78.29319,13.53906],[78.29377,13.53839],[78.29355,13.53765],[78.29435,13.53669],[78.29318,13.53669],[78.29258,13.53409],[78.29254,13.52741],[78.29301,13.52569],[78.29268,13.52328],[78.2882,13.52304],[78.28756,13.52388],[78.28938,13.52465],[78.28921,13.52535],[78.29014,13.52614],[78.28987,13.52696],[78.28868,13.52768],[78.28887,13.52815],[78.28666,13.5276],[78.28414,13.52768],[78.28226,13.5268],[78.28347,13.52418],[78.28401,13.52427],[78.2855,13.52323],[78.28519,13.52215],[78.28586,13.52213],[78.28604,13.52104],[78.2831,13.52139],[78.28305,13.52187],[78.28406,13.52173],[78.28422,13.52254],[78.28352,13.5234],[78.28351,13.52245],[78.28284,13.52261],[78.28131,13.52681],[78.28123,13.52638],[78.2799,13.52637],[78.27897,13.52565],[78.2793,13.52344],[78.27738,13.52287],[78.27792,13.5221],[78.2765,13.52209],[78.2753,13.51879],[78.2768,13.51906],[78.27687,13.51836],[78.27871,13.51808],[78.27894,13.51571],[78.27959,13.51509],[78.28034,13.51576],[78.28156,13.51568],[78.28216,13.51152],[78.28549,13.50599],[78.28622,13.49953],[78.28871,13.49721],[78.28456,13.49571],[78.28308,13.49574],[78.28274,13.49407],[78.28319,13.49248],[78.28264,13.49213],[78.28241,13.48821],[78.28529,13.48454],[78.28438,13.47658],[78.28188,13.47577],[78.28131,13.47283],[78.27986,13.47071],[78.27955,13.46872],[78.2767,13.4682],[78.27574,13.46333],[78.27766,13.46115],[78.27803,13.45915],[78.27767,13.45787],[78.2808,13.45716],[78.28062,13.45562],[78.28218,13.45428],[78.28397,13.45352],[78.28241,13.44981],[78.27938,13.44864],[78.27748,13.44526],[78.27249,13.44524],[78.27041,13.43971],[78.27036,13.43292],[78.26851,13.42502],[78.26419,13.42109],[78.26371,13.41996],[78.25751,13.42112],[78.25613,13.4238],[78.24945,13.43098],[78.24511,13.4338],[78.23829,13.43153],[78.235,13.43254],[78.23213,13.43205],[78.23121,13.43143],[78.2283,13.42868],[78.22802,13.42587],[78.22597,13.42668],[78.22583,13.42086],[78.22519,13.4193],[78.22576,13.4209],[78.22576,13.42638],[78.22219,13.4306],[78.22263,13.43438],[78.22153,13.43609],[78.21396,13.43823],[78.21396,13.43914],[78.21489,13.43887],[78.21532,13.44175],[78.21532,13.44255],[78.21393,13.4427],[78.21461,13.44565],[78.21546,13.44651],[78.21765,13.44659],[78.21784,13.44798],[78.21717,13.44812],[78.21796,13.44898],[78.21774,13.44928],[78.2173,13.44979],[78.21389,13.45013],[78.20842,13.44947],[78.20102,13.45035],[78.2056,13.45811],[78.20562,13.46469],[78.20738,13.46599],[78.20941,13.46868],[78.21002,13.47122],[78.20744,13.47802],[78.20254,13.48034],[78.20046,13.48252],[78.19976,13.49147],[78.20032,13.4982],[78.19925,13.50598],[78.19985,13.50856],[78.198,13.51266],[78.19666,13.51227],[78.19427,13.51272],[78.1932,13.51209],[78.18834,13.51322],[78.19097,13.52122],[78.19757,13.52061],[78.20336,13.52328],[78.2045,13.52792],[78.20389,13.52836],[78.20389,13.5295],[78.20289,13.5316],[78.20142,13.53275],[78.20091,13.53967],[78.20157,13.54089],[78.19923,13.54468],[78.19446,13.54614],[78.19397,13.54834],[78.19512,13.55166],[78.19822,13.55484],[78.19827,13.55731],[78.20122,13.5636],[78.19385,13.56414],[78.19733,13.56664],[78.20335,13.56849],[78.20603,13.57435],[78.20769,13.5765],[78.21178,13.57895],[78.21422,13.58378],[78.21606,13.59118],[78.21952,13.59271],[78.22083,13.59193],[78.22168,13.5907],[78.22159,13.58949],[78.22307,13.58933],[78.22889,13.58635],[78.23204,13.586],[78.23189,13.5874],[78.23374,13.5916],[78.23334,13.59214],[78.23322,13.59538],[78.23149,13.59662],[78.233,13.59936],[78.23654,13.59895]]]}},{"type":"Feature","properties":{"unitId":557,"unitName":"Rayalpad PS"},"geometry":{"type":"MultiPolygon","coordinates":[[[[78.33319,13.59182],[78.34711,13.5894],[78.34747,13.58743],[78.34862,13.586],[78.34982,13.58634],[78.35148,13.58546],[78.35341,13.5854],[78.35453,13.58759],[78.35635,13.58807],[78.3799,13.59215],[78.38326,13.59222],[78.38627,13.59111],[78.39159,13.59148],[78.3955,13.58849],[78.39923,13.58877],[78.40175,13.58814],[78.40126,13.5853],[78.4016,13.57803],[78.40418,13.57783],[78.40189,13.56839],[78.39892,13.5637],[78.39679,13.55685],[78.39333,13.552],[78.39419,13.54071],[78.39514,13.54076],[78.39391,13.54032],[78.38413,13.52508],[78.38161,13.52508],[78.38164,13.52324],[78.38346,13.51606],[78.38169,13.51532],[78.3819,13.51464],[78.37323,13.50894],[78.37471,13.50558],[78.37699,13.50491],[78.37787,13.50344],[78.37734,13.5014],[78.37832,13.50007],[78.3779,13.49542],[78.37901,13.48227],[78.37068,13.47059],[78.37208,13.46393],[78.37497,13.46222],[78.37347,13.45491],[78.37336,13.45186],[78.37522,13.4484],[78.37576,13.44451],[78.37639,13.44373],[78.37856,13.4435],[78.37898,13.44287],[78.37869,13.44074],[78.37571,13.4411],[78.37556,13.43955],[78.37648,13.43871],[78.37586,13.43764],[78.37625,13.43721],[78.3758,13.4345],[78.3771,13.43396],[78.37712,13.43095],[78.37836,13.43097],[78.3772,13.42475],[78.37832,13.42173],[78.38008,13.4193],[78.37896,13.41582],[78.38023,13.4112],[78.38198,13.40984],[78.38123,13.40605],[78.38146,13.40403],[78.37465,13.40281],[78.36489,13.40532],[78.35652,13.41104],[78.34674,13.41534],[78.34216,13.41097],[78.34129,13.40842],[78.34015,13.40683],[78.33702,13.40944],[78.33538,13.40944],[78.33459,13.40876],[78.33053,13.41074],[78.32969,13.40966],[78.32737,13.41066],[78.32696,13.40886],[78.32565,13.40746],[78.32721,13.40571],[78.33013,13.40414],[78.33152,13.40596],[78.33406,13.40517],[78.33057,13.40066],[78.32709,13.39466],[78.32653,13.39461],[78.3232,13.39565],[78.32136,13.39813],[78.32113,13.40008],[78.31811,13.40172],[78.31584,13.40139],[78.31198,13.40319],[78.30819,13.40331],[78.30333,13.40421],[78.30121,13.40401],[78.29762,13.40819],[78.29537,13.41191],[78.28891,13.41186],[78.28157,13.41322],[78.27837,13.4143],[78.28057,13.41754],[78.27368,13.41931],[78.27733,13.42371],[78.27884,13.4262],[78.27906,13.42758],[78.27986,13.42719],[78.2808,13.42814],[78.28252,13.43142],[78.28157,13.4327],[78.2785,13.43303],[78.27488,13.43481],[78.27389,13.43757],[78.27041,13.43971],[78.27249,13.44524],[78.27748,13.44526],[78.27938,13.44864],[78.28241,13.44981],[78.28397,13.45352],[78.28218,13.45428],[78.28062,13.45562],[78.2808,13.45716],[78.27767,13.45787],[78.27803,13.45915],[78.27766,13.46115],[78.27574,13.46333],[78.2767,13.4682],[78.27955,13.46872],[78.27986,13.47071],[78.28131,13.47283],[78.28188,13.47577],[78.28438,13.47658],[78.28529,13.48454],[78.28241,13.48821],[78.28264,13.49213],[78.28319,13.49248],[78.28274,13.49407],[78.28308,13.49574],[78.28456,13.49571],[78.28871,13.49721],[78.28622,13.49953],[78.28549,13.50599],[78.28216,13.51152],[78.28156,13.51568],[78.28034,13.51576],[78.27959,13.51509],[78.27894,13.51571],[78.27871,13.51808],[78.27687,13.51836],[78.2768,13.51906],[78.2753,13.51879],[78.2765,13.52209],[78.27792,13.5221],[78.27738,13.52287],[78.2793,13.52344],[78.27897,13.52565],[78.2799,13.52637],[78.28123,13.52638],[78.28131,13.52681],[78.28284,13.52261],[78.28351,13.52245],[78.28352,13.5234],[78.28422,13.52254],[78.28406,13.52173],[78.28305,13.52187],[78.2831,13.52139],[78.28604,13.52104],[78.28586,13.52213],[78.28519,13.52215],[78.2855,13.52323],[78.28401,13.52427],[78.28347,13.52418],[78.28226,13.5268],[78.28414,13.52768],[78.28666,13.5276],[78.28843,13.52826],[78.28887,13.52815],[78.28884,13.52745],[78.28987,13.52696],[78.29014,13.52614],[78.28921,13.52535],[78.28938,13.52465],[78.28756,13.52388],[78.2882,13.52304],[78.29268,13.52328],[78.29301,13.52569],[78.29254,13.52741],[78.29258,13.53409],[78.29318,13.53669],[78.29435,13.53669],[78.29355,13.53765],[78.29377,13.53839],[78.29319,13.53906],[78.29318,13.54086],[78.29397,13.54177],[78.29503,13.54175],[78.29624,13.5409],[78.29652,13.54009],[78.29866,13.53916],[78.29928,13.54131],[78.29973,13.54129],[78.30085,13.54019],[78.30136,13.53861],[78.30189,13.53849],[78.30207,13.53936],[78.30294,13.53937],[78.30267,13.53877],[78.3032,13.53801],[78.30426,13.53787],[78.30413,13.53709],[78.30519,13.53594],[78.30544,13.53722],[78.30647,13.53846],[78.30784,13.53798],[78.30818,13.53931],[78.30791,13.53998],[78.30752,13.53971],[78.3076,13.54011],[78.30611,13.5404],[78.30539,13.53966],[78.30435,13.5397],[78.30518,13.54067],[78.30581,13.54329],[78.30471,13.54297],[78.30447,13.54203],[78.30478,13.54202],[78.30419,13.54154],[78.30276,13.54182],[78.30296,13.54861],[78.30235,13.54934],[78.30434,13.55024],[78.30707,13.55426],[78.29874,13.56062],[78.29619,13.56101],[78.29425,13.55801],[78.29234,13.55691],[78.29121,13.55786],[78.28606,13.55974],[78.28475,13.5605],[78.28474,13.56094],[78.28426,13.56024],[78.27772,13.56583],[78.27871,13.56693],[78.27886,13.56848],[78.28079,13.56832],[78.28186,13.56883],[78.28204,13.57059],[78.2824,13.57066],[78.28208,13.57168],[78.28296,13.57188],[78.28209,13.57177],[78.28174,13.57244],[78.28234,13.57376],[78.28194,13.5759],[78.27928,13.57662],[78.27627,13.58879],[78.27865,13.58933],[78.28243,13.58914],[78.28533,13.58982],[78.29674,13.5907],[78.31059,13.59323],[78.31553,13.592],[78.32102,13.59269],[78.32358,13.59352],[78.33319,13.59182]],[[78.28326,13.43508],[78.28295,13.43469],[78.2833,13.43427],[78.28326,13.43508]],[[78.28262,13.43288],[78.28231,13.43281],[78.28288,13.43235],[78.28262,13.43288]]],[[[78.27089,13.40661],[78.26984,13.4066],[78.26871,13.40423],[78.26899,13.40365],[78.26697,13.40116],[78.26488,13.40224],[78.26455,13.40696],[78.26546,13.41033],[78.27188,13.40819],[78.27089,13.40661]]]]}},{"type":"Feature","properties":{"unitId":558,"unitName":"Srinivasapura PS"},"geometry":{"type":"MultiPolygon","coordinates":[[[[78.20102,13.45035],[78.20842,13.44947],[78.21389,13.45013],[78.2173,13.44979],[78.21774,13.44928],[78.21796,13.44898],[78.21717,13.44812],[78.21784,13.44798],[78.21765,13.44659],[78.21546,13.44651],[78.21461,13.44565],[78.21393,13.4427],[78.21532,13.44255],[78.21532,13.44175],[78.21489,13.43887],[78.21396,13.43914],[78.21396,13.43823],[78.22153,13.43609],[78.22263,13.43438],[78.22219,13.4306],[78.22576,13.42638],[78.22576,13.4209],[78.22519,13.4193],[78.22583,13.42086],[78.22597,13.42668],[78.22802,13.42587],[78.2283,13.42868],[78.23121,13.43143],[78.23213,13.43205],[78.235,13.43254],[78.23829,13.43153],[78.24511,13.4338],[78.24945,13.43098],[78.25613,13.4238],[78.25751,13.42112],[78.26371,13.41996],[78.26419,13.42109],[78.26851,13.42502],[78.27036,13.43292],[78.27041,13.43971],[78.27389,13.43757],[78.27488,13.43481],[78.2785,13.43303],[78.28157,13.4327],[78.28252,13.43142],[78.2808,13.42814],[78.27986,13.42719],[78.27906,13.42758],[78.27884,13.4262],[78.27733,13.42371],[78.27368,13.41931],[78.28057,13.41754],[78.27837,13.4143],[78.28157,13.41322],[78.28891,13.41186],[78.29537,13.41191],[78.29762,13.40819],[78.30121,13.40401],[78.30333,13.40421],[78.30819,13.40331],[78.31198,13.40319],[78.31584,13.40139],[78.31811,13.40172],[78.32113,13.40008],[78.32136,13.39813],[78.3232,13.39565],[78.32653,13.39461],[78.32709,13.39466],[78.33057,13.40066],[78.33406,13.40517],[78.33152,13.40596],[78.33013,13.40414],[78.32721,13.40571],[78.32565,13.40746],[78.32696,13.40886],[78.32737,13.41066],[78.32969,13.40966],[78.33053,13.41074],[78.33459,13.40876],[78.33538,13.40944],[78.33702,13.40944],[78.34015,13.40683],[78.34129,13.40842],[78.34216,13.41097],[78.34674,13.41534],[78.35652,13.41104],[78.36489,13.40532],[78.37465,13.40281],[78.38141,13.40393],[78.38078,13.39892],[78.38199,13.39665],[78.37929,13.38374],[78.37641,13.38074],[78.3733,13.37907],[78.36764,13.36956],[78.3658,13.36224],[78.36565,13.35538],[78.35002,13.35802],[78.34341,13.36154],[78.34121,13.36201],[78.34011,13.35959],[78.33722,13.35817],[78.3356,13.35841],[78.33298,13.358],[78.32828,13.35872],[78.32886,13.35502],[78.32012,13.35216],[78.31731,13.3552],[78.3111,13.35784],[78.30833,13.35619],[78.30424,13.35502],[78.29725,13.35814],[78.29566,13.35473],[78.29498,13.35472],[78.29479,13.35343],[78.29067,13.3537],[78.29077,13.35422],[78.2896,13.35421],[78.28276,13.35135],[78.28218,13.35207],[78.27855,13.35312],[78.27616,13.35453],[78.27632,13.3549],[78.27503,13.35492],[78.27352,13.35119],[78.2725,13.35025],[78.26923,13.33301],[78.2674,13.32687],[78.27081,13.32077],[78.27282,13.31883],[78.26008,13.31266],[78.25494,13.31421],[78.24836,13.30809],[78.24505,13.30239],[78.24353,13.29758],[78.2425,13.29623],[78.23949,13.29775],[78.23807,13.29799],[78.23723,13.296],[78.236,13.29677],[78.22929,13.28787],[78.22663,13.28569],[78.22462,13.28229],[78.22372,13.28165],[78.22707,13.279],[78.22705,13.27661],[78.21449,13.27464],[78.20814,13.27492],[78.20604,13.27421],[78.20346,13.27228],[78.20101,13.26514],[78.19881,13.26227],[78.19715,13.2621],[78.19097,13.26721],[78.18909,13.25693],[78.18654,13.25711],[78.18386,13.25473],[78.18296,13.24866],[78.18339,13.24274],[78.18149,13.24509],[78.16352,13.24487],[78.15605,13.24534],[78.14982,13.24424],[78.14631,13.24087],[78.14423,13.2443],[78.1392,13.24423],[78.13542,13.2451],[78.13393,13.24457],[78.13054,13.24539],[78.1309,13.24815],[78.13017,13.25421],[78.12637,13.25806],[78.1268,13.26132],[78.12806,13.26341],[78.12419,13.26567],[78.12011,13.26492],[78.1191,13.26762],[78.11934,13.27536],[78.1217,13.28573],[78.12183,13.28916],[78.1117,13.28907],[78.1108,13.28647],[78.11069,13.28426],[78.10851,13.28436],[78.10533,13.27839],[78.10088,13.2809],[78.10091,13.27723],[78.09408,13.27998],[78.09838,13.28315],[78.09948,13.28603],[78.09946,13.28776],[78.10129,13.28981],[78.10261,13.293],[78.10361,13.29367],[78.1036,13.29685],[78.10281,13.29709],[78.10485,13.30411],[78.10852,13.30375],[78.11506,13.30041],[78.11742,13.2985],[78.1189,13.29797],[78.11968,13.29575],[78.12233,13.29341],[78.12258,13.29195],[78.12603,13.29203],[78.12705,13.29025],[78.13357,13.28726],[78.13601,13.29507],[78.13659,13.29994],[78.13509,13.30075],[78.13582,13.3052],[78.13172,13.30705],[78.12306,13.30877],[78.12284,13.31057],[78.12157,13.31104],[78.12081,13.31517],[78.12031,13.31579],[78.11938,13.31662],[78.1141,13.3177],[78.1097,13.32361],[78.11082,13.32483],[78.1238,13.3266],[78.12601,13.32747],[78.12658,13.32667],[78.12736,13.32684],[78.12729,13.32799],[78.13253,13.32902],[78.13396,13.33273],[78.13517,13.33225],[78.13278,13.33942],[78.13208,13.33951],[78.13125,13.34091],[78.13055,13.34924],[78.13134,13.35077],[78.13142,13.3528],[78.15025,13.3505],[78.1498,13.35886],[78.14872,13.36137],[78.14523,13.36165],[78.14875,13.36722],[78.1462,13.37351],[78.14673,13.37384],[78.14424,13.37578],[78.1437,13.37714],[78.13241,13.37383],[78.12901,13.37344],[78.12806,13.37486],[78.12214,13.37571],[78.12179,13.37674],[78.12446,13.3858],[78.12844,13.38641],[78.13069,13.39221],[78.13368,13.39642],[78.13596,13.40347],[78.13616,13.40561],[78.13913,13.4061],[78.141,13.40764],[78.14704,13.40928],[78.15212,13.40879],[78.15452,13.41052],[78.15836,13.41454],[78.1598,13.41498],[78.16284,13.41535],[78.16872,13.41362],[78.17316,13.41695],[78.17951,13.41998],[78.18158,13.4203],[78.18151,13.42262],[78.18336,13.42791],[78.18272,13.42892],[78.18253,13.43092],[78.18319,13.43262],[78.18313,13.43406],[78.18698,13.43373],[78.18514,13.43458],[78.18747,13.4344],[78.19262,13.43884],[78.19436,13.44218],[78.19373,13.4485],[78.20087,13.44987],[78.20102,13.45035]],[[78.26476,13.40775],[78.26488,13.40224],[78.26697,13.40116],[78.26899,13.40365],[78.26871,13.40423],[78.26984,13.4066],[78.27079,13.40639],[78.27188,13.40819],[78.26546,13.41033],[78.26476,13.40775]]],[[[78.29449,13.35187],[78.29201,13.352],[78.29154,13.35231],[78.29163,13.35347],[78.29474,13.35314],[78.29449,13.35187]]],[[[78.28339,13.43511],[78.2833,13.43427],[78.28295,13.43469],[78.28339,13.43511]]],[[[78.28274,13.43281],[78.28288,13.43235],[78.28231,13.43281],[78.28274,13.43281]]]]}},{"type":"Feature","properties":{"unitId":559,"unitName":"YeldurPS"},"geometry":{"type":"Polygon","coordinates":[[[78.37755,13.36333],[78.39492,13.35451],[78.39332,13.3509],[78.39622,13.35044],[78.39736,13.35003],[78.39748,13.34956],[78.40154,13.34869],[78.4036,13.34721],[78.40539,13.34785],[78.40858,13.34601],[78.40841,13.34354],[78.40896,13.34282],[78.40744,13.33974],[78.40745,13.33507],[78.40628,13.33591],[78.40366,13.33535],[78.40289,13.3336],[78.40092,13.33185],[78.40088,13.32769],[78.39382,13.33393],[78.38489,13.3345],[78.38511,13.33595],[78.38917,13.33928],[78.38846,13.34236],[78.38891,13.34379],[78.3878,13.34309],[78.383,13.34392],[78.37834,13.33733],[78.37773,13.33471],[78.37833,13.33451],[78.37779,13.33153],[78.3828,13.33124],[78.38767,13.33181],[78.3881,13.33228],[78.38982,13.32871],[78.39358,13.32372],[78.39746,13.32071],[78.39969,13.32018],[78.40013,13.31787],[78.40139,13.31553],[78.40198,13.30922],[78.40173,13.30681],[78.39849,13.30669],[78.39866,13.30509],[78.39224,13.30763],[78.38734,13.30798],[78.37348,13.31588],[78.36077,13.31477],[78.35473,13.30139],[78.34708,13.30341],[78.33861,13.30156],[78.33302,13.30533],[78.33116,13.30122],[78.32862,13.29942],[78.32677,13.29352],[78.32486,13.2842],[78.32404,13.28318],[78.32429,13.27991],[78.32372,13.27845],[78.32373,13.27794],[78.32447,13.27792],[78.3246,13.2774],[78.32399,13.27596],[78.32516,13.27464],[78.32498,13.26952],[78.33002,13.2677],[78.33035,13.26467],[78.33247,13.26238],[78.32858,13.25757],[78.32475,13.25121],[78.32229,13.2481],[78.32211,13.24648],[78.31067,13.24324],[78.30309,13.24218],[78.30238,13.24119],[78.30147,13.24101],[78.3003,13.23523],[78.30062,13.23299],[78.29875,13.22552],[78.29839,13.22089],[78.29491,13.22093],[78.29387,13.21966],[78.29146,13.22054],[78.29047,13.2207],[78.29015,13.2202],[78.28912,13.22084],[78.28324,13.22146],[78.28294,13.2218],[78.28329,13.22467],[78.27886,13.22469],[78.2789,13.22304],[78.27644,13.2204],[78.27645,13.21968],[78.27018,13.21985],[78.26332,13.21913],[78.25315,13.21918],[78.25114,13.21387],[78.24413,13.21724],[78.23884,13.22155],[78.23648,13.22715],[78.23529,13.22713],[78.23178,13.22914],[78.23299,13.23092],[78.23626,13.23904],[78.23853,13.24804],[78.23902,13.25225],[78.23571,13.25603],[78.23744,13.25581],[78.24301,13.25914],[78.24545,13.26492],[78.24461,13.26634],[78.24465,13.27061],[78.25274,13.27056],[78.25286,13.27122],[78.25484,13.27142],[78.25359,13.26906],[78.25094,13.26868],[78.25041,13.26751],[78.24974,13.26769],[78.24909,13.26666],[78.2464,13.26516],[78.24627,13.26401],[78.24688,13.26272],[78.24889,13.26177],[78.25004,13.26412],[78.24875,13.26411],[78.24972,13.26591],[78.25098,13.26593],[78.2518,13.2669],[78.25253,13.26674],[78.2529,13.26764],[78.25618,13.26759],[78.25663,13.26902],[78.25603,13.26999],[78.2562,13.27159],[78.26117,13.27268],[78.25688,13.2772],[78.25404,13.28451],[78.25511,13.28756],[78.25734,13.28906],[78.25176,13.28925],[78.24907,13.29174],[78.24668,13.29515],[78.24561,13.29582],[78.2425,13.29623],[78.24353,13.29758],[78.24505,13.30239],[78.24836,13.30809],[78.25494,13.31421],[78.26008,13.31266],[78.27282,13.31883],[78.27081,13.32077],[78.2674,13.32687],[78.26923,13.33301],[78.2725,13.35025],[78.27352,13.35119],[78.27503,13.35492],[78.27632,13.3549],[78.27616,13.35453],[78.27855,13.35312],[78.28218,13.35207],[78.28276,13.35135],[78.2896,13.35421],[78.29077,13.35422],[78.29067,13.3537],[78.29479,13.35343],[78.29498,13.35472],[78.29566,13.35473],[78.29725,13.35814],[78.30424,13.35502],[78.30833,13.35619],[78.3111,13.35784],[78.31731,13.3552],[78.32012,13.35216],[78.32886,13.35502],[78.32828,13.35872],[78.33298,13.358],[78.3356,13.35841],[78.33722,13.35817],[78.34011,13.35959],[78.34121,13.36201],[78.34341,13.36154],[78.35002,13.35802],[78.36565,13.35538],[78.36596,13.35874],[78.36971,13.35834],[78.37102,13.36171],[78.37459,13.36204],[78.37609,13.36142],[78.37755,13.36333]],[[78.29228,13.35337],[78.29163,13.35347],[78.29154,13.35231],[78.29448,13.35184],[78.29474,13.35314],[78.29228,13.35337]]]}},{"type":"Feature","properties":{"unitId":560,"unitName":"Malur PS"},"geometry":{"type":"MultiPolygon","coordinates":[[[[77.9162,13.11743],[77.92387,13.11661],[77.92387,13.11378],[77.92474,13.11305],[77.92589,13.11076],[77.92565,13.11019],[77.92742,13.11035],[77.9312,13.10966],[77.93348,13.10834],[77.93951,13.10946],[77.94255,13.1093],[77.94473,13.10499],[77.94606,13.10522],[77.95004,13.10395],[77.95175,13.10321],[77.95391,13.10126],[77.95599,13.10053],[77.96183,13.10033],[77.9713,13.10385],[77.97371,13.1029],[77.97827,13.10599],[77.98084,13.10617],[77.98555,13.10536],[77.98575,13.10241],[77.98762,13.10161],[77.99229,13.09796],[77.98901,13.09465],[77.99496,13.09426],[77.99594,13.09379],[77.99606,13.08996],[77.99444,13.08609],[77.99432,13.084],[77.99349,13.0831],[77.99448,13.08309],[77.99674,13.08193],[77.99733,13.08062],[78.00326,13.07951],[78.00271,13.07846],[78.00276,13.0745],[78.00999,13.07088],[78.01026,13.0703],[78.00996,13.0682],[78.00568,13.06776],[78.0035,13.06607],[78.00343,13.06298],[78.00679,13.06261],[78.00719,13.06326],[78.00891,13.06389],[78.02018,13.06243],[78.02098,13.05977],[78.02229,13.05833],[78.02228,13.05228],[78.01499,13.05333],[78.01347,13.05026],[78.01175,13.05061],[78.0102,13.0501],[78.00907,13.04658],[78.00478,13.04533],[78.00444,13.04318],[78.00814,13.04104],[78.01014,13.04135],[78.01152,13.04278],[78.01487,13.04187],[78.01871,13.03981],[78.01891,13.04076],[78.02038,13.03986],[78.02157,13.04015],[78.02262,13.04347],[78.0269,13.04286],[78.02899,13.0414],[78.02927,13.04243],[78.03687,13.04453],[78.04662,13.04646],[78.04997,13.04611],[78.05793,13.04817],[78.05237,13.03992],[78.04863,13.03746],[78.04783,13.03538],[78.04672,13.03567],[78.04522,13.03424],[78.04499,13.03339],[78.03627,13.0327],[78.0304,13.03456],[78.02764,13.03491],[78.02529,13.03458],[78.02544,13.02985],[78.02506,13.0297],[78.02727,13.02627],[78.02783,13.02421],[78.02751,13.02027],[78.02501,13.01413],[78.02785,13.01354],[78.02772,13.01285],[78.02646,13.01297],[78.02631,13.00876],[78.01818,13.00735],[78.01901,13.00157],[78.02212,13.00111],[78.01764,12.99518],[78.01675,12.99152],[78.02129,12.98635],[78.02265,12.98602],[78.02257,12.98464],[78.02285,12.9853],[78.02698,12.98419],[78.02604,12.97838],[78.02268,12.97259],[78.02176,12.97251],[78.01944,12.9668],[78.01539,12.96438],[78.01489,12.96163],[78.01356,12.96388],[78.01217,12.96463],[78.00497,12.96501],[78.00411,12.96564],[78.00062,12.96559],[78.00021,12.96223],[77.99861,12.95886],[77.99666,12.95852],[77.99407,12.95611],[77.99127,12.94982],[77.98813,12.95002],[77.98632,12.94704],[77.98548,12.94345],[77.98716,12.93258],[77.98375,12.93176],[77.98152,12.9306],[77.97384,12.92946],[77.97048,12.92999],[77.97122,12.92733],[77.96738,12.9256],[77.9663,12.92917],[77.96667,12.93274],[77.96217,12.93416],[77.96195,12.93583],[77.9602,12.93594],[77.96006,12.93741],[77.95856,12.93683],[77.95729,12.93549],[77.95673,12.93293],[77.9559,12.93304],[77.95158,12.93152],[77.95026,12.92978],[77.94738,12.93046],[77.94778,12.93378],[77.93774,12.93385],[77.93432,12.93579],[77.92779,12.94263],[77.92879,12.94357],[77.92923,12.94572],[77.92913,12.95101],[77.93041,12.95901],[77.92987,12.96354],[77.92676,12.9678],[77.92038,12.96927],[77.91893,12.96606],[77.91882,12.96666],[77.91702,12.96628],[77.91433,12.96456],[77.9116,12.97005],[77.91338,12.97305],[77.90811,12.97361],[77.90281,12.97572],[77.90314,12.9767],[77.89913,12.97535],[77.89633,12.97624],[77.89701,12.97468],[77.8968,12.97184],[77.89592,12.97071],[77.89453,12.97051],[77.89083,12.97025],[77.89019,12.97072],[77.88736,12.97097],[77.88446,12.9723],[77.88203,12.97476],[77.87953,12.96992],[77.87138,12.97388],[77.87188,12.97547],[77.87085,12.97592],[77.87103,12.97637],[77.87031,12.97681],[77.87061,12.97812],[77.87151,12.97827],[77.87149,12.97922],[77.87103,12.9795],[77.87146,12.98294],[77.87052,12.98562],[77.87144,12.98632],[77.87272,12.99167],[77.87246,12.99509],[77.87415,12.99896],[77.8768,13.0016],[77.87885,13.00597],[77.88548,13.0089],[77.88725,13.01381],[77.88797,13.01836],[77.88735,13.01894],[77.88778,13.02042],[77.89058,13.02353],[77.89301,13.03127],[77.8937,13.0351],[77.88763,13.03718],[77.88914,13.04515],[77.89461,13.0459],[77.89466,13.04692],[77.89068,13.048],[77.89002,13.04945],[77.89022,13.05054],[77.89151,13.05056],[77.89241,13.05468],[77.89375,13.05435],[77.89498,13.05504],[77.8983,13.05386],[77.89875,13.05225],[77.90082,13.05109],[77.91164,13.04916],[77.91489,13.04942],[77.9157,13.05041],[77.91551,13.05073],[77.91874,13.05109],[77.91899,13.05347],[77.92159,13.05695],[77.92204,13.06034],[77.92468,13.06309],[77.9268,13.06813],[77.92767,13.06878],[77.93811,13.06671],[77.94159,13.06913],[77.94154,13.07776],[77.93923,13.08408],[77.939,13.07933],[77.9382,13.07813],[77.9367,13.07684],[77.93606,13.07712],[77.93601,13.07627],[77.93392,13.0761],[77.93343,13.07536],[77.93182,13.07497],[77.93157,13.07421],[77.92761,13.07426],[77.92625,13.07511],[77.92747,13.07983],[77.92693,13.08199],[77.92315,13.08151],[77.91805,13.07849],[77.91203,13.07849],[77.91515,13.08551],[77.91187,13.09438],[77.91161,13.09487],[77.90587,13.09638],[77.90221,13.09913],[77.90119,13.10218],[77.90703,13.10597],[77.90824,13.10811],[77.91364,13.10999],[77.91428,13.11667],[77.91469,13.11666],[77.91511,13.11765],[77.9162,13.11743]],[[78.02925,13.03643],[78.02938,13.03701],[78.02875,13.03705],[78.02869,13.03651],[78.02925,13.03643]]],[[[77.88166,12.95725],[77.88159,12.95663],[77.88052,12.95692],[77.88079,12.959],[77.88192,12.95878],[77.88166,12.95725]]],[[[77.88323,12.94801],[77.88399,12.94784],[77.88413,12.94695],[77.88268,12.9463],[77.88248,12.94823],[77.88328,12.94842],[77.88323,12.94801]]]]}}]}