{"type":"FeatureCollection","features":[{"type":"Feature","properties":{"unitId":20,"unitName":"Cowlbazar PS"},"geometry":{"type":"Polygon","coordinates":[[[76.92004,15.14299],[76.92064,15.14011],[76.92032,15.13728],[76.91785,15.12985],[76.9129,15.12384],[76.91132,15.1212],[76.90673,15.11598],[76.90081,15.11603],[76.89549,15.10315],[76.88907,15.10366],[76.88199,15.10628],[76.88284,15.1089],[76.88288,15.11205],[76.88169,15.1144],[76.88225,15.11565],[76.88429,15.11592],[76.88521,15.11846],[76.8846,15.11852],[76.88699,15.12799],[76.88521,15.12842],[76.8808,15.12829],[76.87986,15.1294],[76.87998,15.13322],[76.86866,15.13395],[76.8696,15.14616],[76.8657,15.14661],[76.86878,15.15303],[76.87168,15.16147],[76.87325,15.16216],[76.87372,15.16401],[76.88511,15.15713],[76.88787,15.16076],[76.89186,15.16073],[76.9108,15.15491],[76.91253,15.15393],[76.91854,15.15315],[76.92119,15.15201],[76.92004,15.14299]]]}},{"type":"Feature","properties":{"unitId":21,"unitName":"Bruceept PS"},"geometry":{"type":"Polygon","coordinates":[[[76.95511,15.1392],[76.95444,15.1372],[76.95292,15.13635],[76.95192,15.13499],[76.95127,15.13249],[76.94943,15.13182],[76.94736,15.13264],[76.94403,15.13224],[76.94274,15.12986],[76.93832,15.12601],[76.93554,15.12573],[76.93322,15.12634],[76.9269,15.1268],[76.92705,15.12536],[76.92445,15.12394],[76.92403,15.12403],[76.92368,15.1255],[76.92127,15.12591],[76.91685,15.123],[76.91433,15.12306],[76.9129,15.12384],[76.91785,15.12985],[76.92032,15.13728],[76.92064,15.14011],[76.92004,15.14299],[76.92216,15.14443],[76.92702,15.14408],[76.92819,15.14514],[76.93179,15.14458],[76.93537,15.1433],[76.93981,15.14403],[76.95529,15.13987],[76.95511,15.1392]]]}},{"type":"Feature","properties":{"unitId":22,"unitName":"Gandhinagar PS"},"geometry":{"type":"Polygon","coordinates":[[[76.95511,15.1392],[76.95529,15.13987],[76.93981,15.14403],[76.93537,15.1433],[76.93179,15.14458],[76.92819,15.14514],[76.92702,15.14408],[76.92216,15.14443],[76.92004,15.14299],[76.92119,15.15201],[76.91854,15.15315],[76.91253,15.15393],[76.9108,15.15491],[76.89186,15.16073],[76.88787,15.16076],[76.88511,15.15713],[76.87372,15.16401],[76.87372,15.16441],[76.8756,15.16784],[76.87694,15.16781],[76.87824,15.16877],[76.88401,15.16972],[76.88887,15.16956],[76.89282,15.16852],[76.89503,15.16962],[76.89891,15.17308],[76.9018,15.17381],[76.90689,15.17409],[76.90773,15.17608],[76.91061,15.17563],[76.91145,15.17732],[76.91365,15.17702],[76.91345,15.17561],[76.91493,15.1754],[76.91547,15.17392],[76.92268,15.17324],[76.92329,15.17139],[76.9261,15.17117],[76.92936,15.17005],[76.93103,15.17056],[76.93642,15.16878],[76.93878,15.16922],[76.94174,15.16891],[76.94303,15.16972],[76.94377,15.16827],[76.94433,15.16245],[76.9531,15.16276],[76.96544,15.16394],[76.97363,15.16363],[76.97406,15.1451],[76.9726,15.14567],[76.96746,15.14396],[76.96391,15.14453],[76.96255,15.14666],[76.96119,15.14686],[76.95961,15.13716],[76.95634,15.1391],[76.95511,15.1392]]]}},{"type":"Feature","properties":{"unitId":23,"unitName":"Moka PS"},"geometry":{"type":"Polygon","coordinates":[[[77.04185,15.37825],[77.04426,15.3774],[77.0432,15.36332],[77.04419,15.35781],[77.05083,15.35315],[77.05568,15.35087],[77.0626,15.34674],[77.06499,15.34304],[77.06603,15.34007],[77.06611,15.33476],[77.06415,15.32752],[77.07495,15.32567],[77.0798,15.32739],[77.09823,15.33216],[77.10148,15.33338],[77.10437,15.33376],[77.11353,15.33364],[77.11303,15.32688],[77.1137,15.32678],[77.1137,15.32619],[77.11712,15.32537],[77.11717,15.3134],[77.11867,15.3133],[77.11786,15.2944],[77.11974,15.29395],[77.11989,15.29513],[77.12208,15.29443],[77.13309,15.29304],[77.13308,15.2923],[77.13522,15.29209],[77.14859,15.29228],[77.15174,15.29192],[77.15203,15.27547],[77.14761,15.27494],[77.14739,15.27227],[77.15391,15.27353],[77.15426,15.27118],[77.15614,15.27073],[77.15823,15.26861],[77.15948,15.26896],[77.15996,15.26727],[77.1679,15.2679],[77.16801,15.25774],[77.16361,15.25836],[77.16022,15.25825],[77.15605,15.25635],[77.14778,15.25627],[77.14393,15.25677],[77.14299,15.25097],[77.1405,15.25147],[77.1394,15.24753],[77.13578,15.24157],[77.13287,15.24225],[77.13199,15.24003],[77.12622,15.24034],[77.12431,15.22195],[77.12354,15.21862],[77.11997,15.21827],[77.12002,15.21208],[77.11839,15.20711],[77.1129,15.20691],[77.11265,15.20494],[77.11119,15.20505],[77.10977,15.19345],[77.09634,15.19495],[77.07127,15.19657],[77.06932,15.18961],[77.06611,15.18589],[77.06236,15.18252],[77.05573,15.18623],[77.05735,15.19015],[77.04573,15.19291],[77.03639,15.19293],[77.03578,15.1914],[77.01986,15.19098],[77.01972,15.19041],[77.01852,15.19074],[77.02094,15.20185],[77.00902,15.20199],[77.00999,15.21413],[77.00787,15.21437],[77.00344,15.21375],[76.99908,15.21188],[76.99547,15.21103],[76.9922,15.21539],[76.99295,15.22479],[76.99183,15.23345],[76.97303,15.2347],[76.96448,15.22587],[76.95855,15.2381],[76.95618,15.24194],[76.95281,15.24522],[76.95239,15.2475],[76.95018,15.24792],[76.94863,15.25051],[76.94821,15.25473],[76.94684,15.25524],[76.94679,15.25973],[76.94399,15.25964],[76.94309,15.26921],[76.94266,15.26925],[76.94197,15.27069],[76.94199,15.27564],[76.94368,15.27571],[76.94402,15.27843],[76.94849,15.2797],[76.94891,15.28524],[76.95716,15.28588],[76.95732,15.28797],[76.97253,15.29352],[76.97577,15.29401],[76.98001,15.29385],[76.98,15.29595],[76.98117,15.29784],[76.97915,15.29817],[76.97951,15.29964],[76.98002,15.30117],[76.98163,15.30082],[76.98247,15.3028],[76.98229,15.30462],[76.98018,15.305],[76.98192,15.31201],[76.97802,15.31398],[76.97813,15.31542],[76.9786,15.31723],[76.98408,15.31609],[76.9848,15.31928],[76.98085,15.32016],[76.98204,15.32299],[76.975,15.32433],[76.97516,15.32708],[76.97044,15.3273],[76.96635,15.32671],[76.96674,15.32309],[76.96332,15.32342],[76.9613,15.32283],[76.96106,15.32064],[76.95029,15.31973],[76.9409,15.31754],[76.93968,15.3254],[76.94007,15.3255],[76.94102,15.33275],[76.94075,15.3385],[76.93901,15.3517],[76.93932,15.35291],[76.93828,15.35717],[76.96357,15.35705],[76.96539,15.35751],[76.96467,15.35265],[76.97301,15.35175],[76.97291,15.3508],[76.98518,15.34805],[76.9935,15.35119],[76.99776,15.35334],[77.00583,15.35516],[77.00552,15.3607],[77.0069,15.36503],[77.00603,15.3664],[77.00651,15.37106],[77.00813,15.37114],[77.01186,15.37273],[77.01984,15.37427],[77.02537,15.37623],[77.03108,15.37748],[77.04185,15.37825]]]}},{"type":"Feature","properties":{"unitId":24,"unitName":"P.D. Halli PS"},"geometry":{"type":"Polygon","coordinates":[[[77.13442,15.2262],[77.13517,15.22616],[77.13541,15.22673],[77.14042,15.225],[77.14399,15.22469],[77.14464,15.22548],[77.14748,15.22467],[77.14688,15.22131],[77.15154,15.21875],[77.15132,15.21575],[77.15483,15.21556],[77.15511,15.21275],[77.15646,15.20818],[77.15905,15.20168],[77.16181,15.20185],[77.1625,15.19814],[77.16647,15.18718],[77.16695,15.18093],[77.16917,15.17187],[77.16744,15.17171],[77.16681,15.16899],[77.16453,15.16899],[77.16358,15.16468],[77.16307,15.16455],[77.16258,15.15782],[77.14097,15.15893],[77.13818,15.15421],[77.13581,15.15119],[77.1345,15.14843],[77.13681,15.14804],[77.1362,15.14556],[77.13761,15.14522],[77.13733,15.14373],[77.14865,15.14166],[77.14844,15.14023],[77.15261,15.13956],[77.153,15.14118],[77.15678,15.14076],[77.15609,15.13474],[77.15735,15.13076],[77.15632,15.12311],[77.15514,15.12317],[77.15408,15.11838],[77.15241,15.11649],[77.1496,15.11138],[77.14489,15.1079],[77.14199,15.10484],[77.13692,15.10463],[77.13691,15.1025],[77.13524,15.10256],[77.12978,15.10105],[77.12994,15.09663],[77.12927,15.09361],[77.12943,15.08933],[77.12868,15.07939],[77.12672,15.06806],[77.12019,15.05237],[77.1203,15.04905],[77.11925,15.04487],[77.11516,15.04597],[77.11292,15.03338],[77.09372,15.03564],[77.09185,15.03108],[77.09049,15.02918],[77.08512,15.03037],[77.08512,15.03095],[77.084,15.02173],[77.08452,15.02172],[77.08442,15.01807],[77.08389,15.01403],[77.08317,15.01409],[77.08263,15.00566],[77.08078,15.00562],[77.08075,15.00596],[77.0729,15.00531],[77.06364,15.00551],[77.04753,15.00777],[77.04425,15.00914],[77.04825,15.01753],[77.04995,15.02254],[77.04938,15.03289],[77.04245,15.03236],[77.04178,15.03317],[77.04009,15.03293],[77.03956,15.03202],[77.03794,15.03129],[77.03552,15.03169],[77.03476,15.0311],[77.02997,15.03186],[77.02275,15.03195],[77.00431,15.03424],[77.00626,15.03837],[77.00682,15.04153],[77.00705,15.04506],[77.00553,15.04768],[77.01397,15.04788],[77.01598,15.0473],[77.02669,15.04819],[77.03363,15.04928],[77.04996,15.0492],[77.04891,15.05419],[77.05083,15.05749],[77.05039,15.05902],[77.05271,15.07542],[77.0516,15.08179],[77.05164,15.08481],[77.04727,15.08592],[77.04596,15.08893],[77.04535,15.09306],[77.01832,15.09003],[77.01349,15.09021],[77.01117,15.09077],[77.01233,15.09309],[77.01212,15.09504],[77.01159,15.09551],[77.00043,15.09786],[77.00102,15.10146],[76.99396,15.10231],[76.99434,15.10478],[76.9857,15.10607],[76.98685,15.11417],[76.98736,15.11411],[76.9875,15.1164],[76.98706,15.11664],[76.98956,15.11654],[76.99022,15.12159],[76.99211,15.1216],[76.99415,15.12576],[76.99416,15.12669],[76.99552,15.12687],[76.99531,15.12779],[77.00469,15.129],[77.00773,15.12848],[77.01459,15.1254],[77.01578,15.12596],[77.02058,15.12459],[77.02106,15.13172],[77.02111,15.13208],[77.02189,15.13198],[77.02285,15.14268],[77.02238,15.14742],[77.01995,15.1484],[77.01904,15.15068],[77.01773,15.15054],[77.01512,15.15729],[77.01442,15.15859],[77.01383,15.15854],[77.01378,15.15937],[77.00518,15.1647],[76.99743,15.16429],[76.99751,15.16888],[76.99896,15.17407],[77.00476,15.18433],[77.00748,15.19369],[77.01972,15.19041],[77.01986,15.19098],[77.03578,15.1914],[77.03639,15.19293],[77.04573,15.19291],[77.05735,15.19015],[77.05573,15.18623],[77.06236,15.18252],[77.06611,15.18589],[77.06932,15.18961],[77.07127,15.19657],[77.09634,15.19495],[77.10977,15.19345],[77.11119,15.20505],[77.11265,15.20494],[77.1129,15.20691],[77.11839,15.20711],[77.12002,15.21208],[77.11977,15.21764],[77.11997,15.21827],[77.12354,15.21862],[77.12485,15.22725],[77.13442,15.2262]]]}},{"type":"Feature","properties":{"unitId":25,"unitName":"Siruguppa PS"},"geometry":{"type":"Polygon","coordinates":[[[76.94737,15.74319],[76.95107,15.74342],[76.95964,15.74171],[76.96963,15.74207],[76.97088,15.74152],[76.97154,15.74024],[76.97153,15.73938],[76.9565,15.73857],[76.95333,15.73786],[76.94746,15.73803],[76.94627,15.73486],[76.94584,15.73436],[76.94534,15.73452],[76.9438,15.73113],[76.94867,15.72716],[76.94922,15.72563],[76.94945,15.71519],[76.9483,15.71129],[76.94268,15.70604],[76.94168,15.70436],[76.94124,15.69896],[76.94186,15.69252],[76.9402,15.69219],[76.94728,15.67603],[76.94942,15.67681],[76.95244,15.67459],[76.95752,15.67267],[76.96231,15.6679],[76.96331,15.66398],[76.96851,15.6648],[76.97582,15.66504],[76.97926,15.66574],[76.9888,15.6664],[77.00771,15.66653],[77.00659,15.68772],[77.01479,15.68796],[77.02434,15.68697],[77.03768,15.68702],[77.03837,15.68743],[77.04583,15.68795],[77.05734,15.68977],[77.05996,15.68143],[77.06159,15.67877],[77.06261,15.67793],[77.06244,15.6766],[77.06371,15.67674],[77.06475,15.67451],[77.06689,15.67388],[77.06887,15.67932],[77.07195,15.68131],[77.07444,15.68864],[77.07532,15.68922],[77.07871,15.69506],[77.08449,15.69315],[77.0941,15.69082],[77.09391,15.68912],[77.10865,15.6819],[77.10968,15.68122],[77.10929,15.67944],[77.11398,15.67749],[77.11381,15.6753],[77.1217,15.67111],[77.12148,15.67077],[77.12241,15.66991],[77.12111,15.66668],[77.12985,15.66469],[77.12834,15.65548],[77.12632,15.64924],[77.12243,15.63006],[77.1166,15.63158],[77.10952,15.6367],[77.10826,15.63596],[77.10737,15.63639],[77.10855,15.63852],[77.10844,15.63911],[77.10761,15.64001],[77.10769,15.64074],[77.10674,15.64094],[77.10575,15.64192],[77.10456,15.64171],[77.10388,15.64517],[77.10246,15.64736],[77.10126,15.64742],[77.09721,15.64946],[77.09774,15.651],[77.0956,15.65369],[77.0952,15.65211],[77.09009,15.65304],[77.0878,15.65543],[77.08706,15.65703],[77.08429,15.65805],[77.07729,15.64987],[77.073,15.64574],[77.04987,15.63838],[77.03475,15.63487],[77.03145,15.63503],[77.0306,15.62977],[77.0306,15.62671],[77.03197,15.62664],[77.03066,15.62114],[77.03279,15.62076],[77.03137,15.61103],[77.03272,15.60983],[77.03211,15.60536],[77.03328,15.60507],[77.02706,15.58644],[77.02607,15.58077],[77.02702,15.57054],[77.02966,15.56057],[77.03112,15.54566],[77.03146,15.50724],[77.03008,15.50274],[77.02852,15.50016],[77.02469,15.50254],[77.01493,15.50248],[77.01056,15.50492],[77.00514,15.50525],[77.00196,15.50609],[76.99135,15.50646],[76.98788,15.50829],[76.98055,15.50921],[76.97443,15.51073],[76.97669,15.51619],[76.97661,15.5199],[76.97535,15.5213],[76.97126,15.52316],[76.96568,15.52752],[76.96311,15.53025],[76.96085,15.53437],[76.97942,15.53608],[76.98044,15.53663],[76.98141,15.53799],[76.98416,15.53862],[76.99076,15.54123],[76.99161,15.54529],[76.99316,15.54517],[76.99328,15.54903],[76.99612,15.54933],[76.99555,15.55512],[76.99859,15.55574],[76.99835,15.55839],[76.99764,15.55842],[76.99679,15.56631],[76.98205,15.56727],[76.97253,15.5698],[76.96171,15.57449],[76.94258,15.58054],[76.94559,15.58878],[76.94837,15.59405],[76.95085,15.59656],[76.95862,15.60065],[76.9607,15.60314],[76.95282,15.60688],[76.95009,15.60866],[76.94173,15.61211],[76.93165,15.61414],[76.93176,15.61502],[76.93143,15.61508],[76.92961,15.6145],[76.92273,15.61466],[76.92005,15.61383],[76.91804,15.60456],[76.91787,15.59838],[76.91746,15.59702],[76.9159,15.59716],[76.91577,15.5967],[76.91291,15.59708],[76.89962,15.5998],[76.89516,15.59959],[76.88633,15.60119],[76.87466,15.6024],[76.87337,15.60029],[76.87259,15.59984],[76.87003,15.5995],[76.8699,15.59901],[76.86881,15.59855],[76.86693,15.5985],[76.86601,15.59504],[76.86498,15.59514],[76.8647,15.5935],[76.85557,15.59747],[76.85199,15.60006],[76.83937,15.60466],[76.83645,15.60476],[76.83637,15.60637],[76.8329,15.61346],[76.83324,15.61657],[76.83207,15.62204],[76.8332,15.62475],[76.83582,15.62767],[76.8421,15.63264],[76.84414,15.63487],[76.8487,15.63767],[76.85334,15.64148],[76.8591,15.64481],[76.85893,15.64979],[76.85937,15.65126],[76.866,15.65976],[76.8671,15.66042],[76.87344,15.66799],[76.88314,15.67784],[76.88442,15.68107],[76.88707,15.68443],[76.88985,15.6866],[76.89461,15.68801],[76.90017,15.68871],[76.90746,15.69224],[76.90922,15.69418],[76.91026,15.69688],[76.91153,15.69869],[76.91506,15.70156],[76.91659,15.70768],[76.91868,15.71269],[76.91946,15.71888],[76.92106,15.72196],[76.92372,15.73003],[76.92551,15.73316],[76.92744,15.73509],[76.93018,15.7407],[76.93276,15.74478],[76.93307,15.7479],[76.93626,15.74745],[76.9389,15.74533],[76.9419,15.74422],[76.94737,15.74319]]]}},{"type":"Feature","properties":{"unitId":26,"unitName":"Hatcholli PS"},"geometry":{"type":"Polygon","coordinates":[[[77.03645,15.82903],[77.03755,15.82951],[77.0375,15.83156],[77.04014,15.83272],[77.04113,15.83211],[77.04118,15.82993],[77.04458,15.82994],[77.04717,15.83051],[77.04825,15.82798],[77.04936,15.82799],[77.04903,15.82911],[77.05116,15.82889],[77.05137,15.82967],[77.05289,15.82949],[77.05333,15.82871],[77.05443,15.8288],[77.05394,15.83011],[77.05873,15.8304],[77.06369,15.8299],[77.06545,15.82906],[77.06586,15.82818],[77.06631,15.82647],[77.06616,15.82431],[77.06384,15.80234],[77.06687,15.80208],[77.06774,15.79678],[77.06759,15.79285],[77.06631,15.78491],[77.0603,15.78625],[77.0604,15.7846],[77.05917,15.78108],[77.05686,15.7685],[77.05226,15.76971],[77.05079,15.76409],[77.05621,15.76231],[77.05455,15.75662],[77.05423,15.75586],[77.05343,15.75566],[77.04803,15.75622],[77.04767,15.75264],[77.04796,15.7404],[77.04965,15.74018],[77.049,15.73326],[77.04927,15.73003],[77.05389,15.73019],[77.06282,15.7296],[77.06627,15.72878],[77.08022,15.72756],[77.07918,15.71609],[77.08806,15.7148],[77.08499,15.70389],[77.08264,15.69874],[77.08191,15.699],[77.07864,15.69497],[77.07532,15.68922],[77.07472,15.68917],[77.07195,15.68131],[77.06887,15.67932],[77.06689,15.67388],[77.06475,15.67451],[77.06371,15.67674],[77.06244,15.6766],[77.06261,15.67793],[77.06159,15.67877],[77.05996,15.68143],[77.05734,15.68977],[77.04583,15.68795],[77.03837,15.68743],[77.03768,15.68702],[77.02434,15.68697],[77.01479,15.68796],[77.00659,15.68772],[77.00771,15.66653],[76.9888,15.6664],[76.97926,15.66574],[76.97582,15.66504],[76.96851,15.6648],[76.96331,15.66398],[76.96231,15.6679],[76.95752,15.67267],[76.95244,15.67459],[76.94942,15.67681],[76.94728,15.67603],[76.9402,15.69219],[76.94186,15.69252],[76.94124,15.69896],[76.94168,15.70436],[76.94268,15.70604],[76.9483,15.71129],[76.94945,15.71519],[76.94922,15.72563],[76.94867,15.72716],[76.9438,15.73113],[76.94534,15.73452],[76.94584,15.73436],[76.94627,15.73486],[76.94746,15.73803],[76.95333,15.73786],[76.9565,15.73857],[76.97153,15.73938],[76.97136,15.74076],[76.97088,15.74152],[76.96963,15.74207],[76.95964,15.74171],[76.95107,15.74342],[76.94737,15.74319],[76.9419,15.74422],[76.9389,15.74533],[76.93626,15.74745],[76.93307,15.7479],[76.93642,15.75406],[76.93843,15.75672],[76.93836,15.75945],[76.94043,15.76187],[76.94287,15.76338],[76.95253,15.76635],[76.96319,15.77407],[76.96643,15.77211],[76.96889,15.77567],[76.96624,15.77981],[76.97951,15.79229],[76.98945,15.80104],[76.99239,15.79909],[76.99717,15.80518],[77.00906,15.81235],[77.01577,15.81728],[77.01984,15.82237],[77.02329,15.8255],[77.0199,15.82748],[77.02445,15.83768],[77.02808,15.83617],[77.02956,15.83421],[77.02912,15.8335],[77.03408,15.83023],[77.0359,15.82995],[77.03591,15.8291],[77.03645,15.82903]]]}},{"type":"Feature","properties":{"unitId":27,"unitName":"T.Kota PS"},"geometry":{"type":"Polygon","coordinates":[[[76.93172,15.61467],[76.93165,15.61414],[76.93926,15.6128],[76.94513,15.61082],[76.9607,15.60314],[76.95862,15.60065],[76.95085,15.59656],[76.94837,15.59405],[76.94559,15.58878],[76.94258,15.58054],[76.96171,15.57449],[76.97253,15.5698],[76.98205,15.56727],[76.99679,15.56631],[76.99764,15.55842],[76.99835,15.55839],[76.99859,15.55574],[76.99555,15.55512],[76.99612,15.54933],[76.99328,15.54903],[76.99316,15.54517],[76.99161,15.54529],[76.99076,15.54123],[76.98416,15.53862],[76.98141,15.53799],[76.98044,15.53663],[76.97942,15.53608],[76.96085,15.53437],[76.96311,15.53025],[76.96568,15.52752],[76.97126,15.52316],[76.97535,15.5213],[76.97661,15.5199],[76.97669,15.51619],[76.97439,15.51062],[76.97368,15.50712],[76.97439,15.50119],[76.97114,15.5009],[76.97065,15.50157],[76.96874,15.50211],[76.96715,15.50081],[76.96662,15.50121],[76.96643,15.49991],[76.96565,15.49889],[76.96237,15.49689],[76.95503,15.49752],[76.94964,15.49738],[76.94374,15.49682],[76.94115,15.4959],[76.93866,15.49387],[76.92686,15.48966],[76.9252,15.4885],[76.92343,15.48845],[76.92181,15.48747],[76.92084,15.47944],[76.91315,15.47912],[76.91304,15.47834],[76.90547,15.47879],[76.90546,15.47801],[76.8939,15.47844],[76.89391,15.47654],[76.88871,15.47503],[76.88875,15.4728],[76.88461,15.47285],[76.8845,15.47184],[76.87771,15.4723],[76.87779,15.47734],[76.86962,15.47697],[76.86953,15.48473],[76.86565,15.48497],[76.86628,15.49307],[76.86594,15.49606],[76.86322,15.49597],[76.85898,15.49671],[76.85073,15.50042],[76.84953,15.50986],[76.84832,15.50998],[76.84887,15.51912],[76.84458,15.51814],[76.81601,15.51913],[76.81062,15.51882],[76.80747,15.5243],[76.80689,15.52637],[76.80683,15.5292],[76.8078,15.53439],[76.80971,15.53819],[76.80984,15.53998],[76.81252,15.54646],[76.81456,15.55019],[76.81688,15.55259],[76.83066,15.56086],[76.83322,15.56344],[76.83403,15.5659],[76.83483,15.57128],[76.83457,15.57453],[76.83495,15.5776],[76.83456,15.58036],[76.83369,15.58252],[76.83319,15.5917],[76.8317,15.5979],[76.8327,15.59971],[76.83581,15.60231],[76.83645,15.60476],[76.83937,15.60466],[76.85199,15.60006],[76.85557,15.59747],[76.8647,15.5935],[76.86498,15.59514],[76.86601,15.59504],[76.86693,15.5985],[76.86881,15.59855],[76.8699,15.59901],[76.87003,15.5995],[76.87259,15.59984],[76.87337,15.60029],[76.87466,15.6024],[76.88633,15.60119],[76.89516,15.59959],[76.89962,15.5998],[76.91577,15.5967],[76.9159,15.59716],[76.91746,15.59702],[76.9178,15.5979],[76.91804,15.60456],[76.92005,15.61383],[76.92273,15.61466],[76.92961,15.6145],[76.93143,15.61508],[76.93172,15.61467]]]}},{"type":"Feature","properties":{"unitId":28,"unitName":"Sirigere PS"},"geometry":{"type":"Polygon","coordinates":[[[76.84886,15.51841],[76.84832,15.50998],[76.84953,15.50986],[76.85073,15.50042],[76.85898,15.49671],[76.86322,15.49597],[76.86594,15.49606],[76.86628,15.49307],[76.86565,15.48497],[76.86953,15.48473],[76.86962,15.47697],[76.87779,15.47734],[76.87771,15.4723],[76.8845,15.47184],[76.88461,15.47285],[76.88875,15.4728],[76.88871,15.47503],[76.89391,15.47654],[76.8939,15.47844],[76.90546,15.47801],[76.90547,15.47879],[76.91304,15.47834],[76.91315,15.47912],[76.92084,15.47944],[76.92181,15.48747],[76.92343,15.48845],[76.9252,15.4885],[76.92686,15.48966],[76.93866,15.49387],[76.94115,15.4959],[76.94374,15.49682],[76.94964,15.49738],[76.95503,15.49752],[76.96237,15.49689],[76.96565,15.49889],[76.96643,15.49991],[76.96662,15.50121],[76.96715,15.50081],[76.96874,15.50211],[76.97065,15.50157],[76.97114,15.5009],[76.97439,15.50119],[76.97474,15.49556],[76.97603,15.49174],[76.97753,15.48961],[76.98448,15.48516],[76.98929,15.48395],[76.99314,15.48197],[76.99815,15.47757],[76.99939,15.47172],[77.00175,15.46812],[77.00742,15.45426],[77.01,15.44986],[77.01256,15.44777],[77.01899,15.44575],[77.02675,15.4412],[77.03465,15.43164],[77.03512,15.43048],[77.03449,15.42106],[77.03202,15.41336],[77.03033,15.41087],[77.02882,15.40543],[77.02969,15.40329],[77.03308,15.40008],[77.0437,15.39479],[77.04499,15.39361],[77.046,15.39071],[77.04787,15.38803],[77.04828,15.3852],[77.04426,15.3774],[77.04185,15.37825],[77.03108,15.37748],[77.02537,15.37623],[77.01984,15.37427],[77.01186,15.37273],[77.00813,15.37114],[77.00651,15.37106],[77.00603,15.3664],[77.0069,15.36503],[77.00552,15.3607],[77.00583,15.35516],[76.99776,15.35334],[76.9935,15.35119],[76.98518,15.34805],[76.97291,15.3508],[76.97301,15.35175],[76.96467,15.35265],[76.96539,15.35751],[76.96357,15.35705],[76.93845,15.35709],[76.93625,15.36066],[76.9351,15.36092],[76.93493,15.36365],[76.93399,15.36586],[76.93397,15.37253],[76.93305,15.38097],[76.93065,15.38636],[76.91216,15.38637],[76.90968,15.38571],[76.90699,15.38391],[76.90478,15.38138],[76.90241,15.37964],[76.90142,15.37811],[76.89289,15.37482],[76.88868,15.3804],[76.88777,15.38081],[76.88526,15.38396],[76.8799,15.38766],[76.87771,15.38585],[76.87604,15.3852],[76.87153,15.38575],[76.86929,15.3863],[76.86902,15.38719],[76.8583,15.38922],[76.85344,15.38802],[76.84966,15.38844],[76.84809,15.39071],[76.84813,15.39671],[76.84722,15.3968],[76.84769,15.40211],[76.84566,15.40292],[76.84062,15.40329],[76.83037,15.40267],[76.83068,15.4102],[76.82166,15.41378],[76.81716,15.41445],[76.81124,15.41374],[76.80833,15.41397],[76.80731,15.41251],[76.80656,15.4078],[76.80513,15.40348],[76.8006,15.40353],[76.80028,15.40847],[76.79982,15.40848],[76.79917,15.41036],[76.7992,15.41257],[76.75821,15.4167],[76.75704,15.43671],[76.7563,15.44101],[76.75657,15.44254],[76.7353,15.44186],[76.71299,15.44244],[76.7116,15.44448],[76.71004,15.4488],[76.70885,15.4492],[76.70776,15.45401],[76.70181,15.45871],[76.69995,15.46146],[76.69803,15.46267],[76.69624,15.46624],[76.69468,15.46729],[76.69332,15.47048],[76.69507,15.47697],[76.69389,15.47877],[76.69944,15.48139],[76.70163,15.48407],[76.70389,15.48586],[76.70996,15.48881],[76.72396,15.49299],[76.73086,15.49275],[76.73722,15.49152],[76.74223,15.49124],[76.74873,15.49237],[76.75261,15.49207],[76.75866,15.49261],[76.76476,15.49174],[76.7801,15.49276],[76.78256,15.49346],[76.78542,15.49591],[76.79732,15.50369],[76.79882,15.50529],[76.80783,15.51199],[76.81107,15.5152],[76.81125,15.51683],[76.81062,15.51882],[76.81601,15.51913],[76.84458,15.51814],[76.84887,15.51912],[76.84886,15.51841]]]}},{"type":"Feature","properties":{"unitId":29,"unitName":"Kurugodu PS"},"geometry":{"type":"Polygon","coordinates":[[[76.75631,15.44253],[76.75834,15.41664],[76.7992,15.41257],[76.79917,15.41036],[76.79982,15.40848],[76.80028,15.40847],[76.8006,15.40353],[76.80513,15.40348],[76.80656,15.4078],[76.80731,15.41251],[76.80833,15.41397],[76.81124,15.41374],[76.81716,15.41445],[76.82166,15.41378],[76.83068,15.4102],[76.83037,15.40267],[76.84062,15.40329],[76.84566,15.40292],[76.84769,15.40211],[76.84722,15.3968],[76.84813,15.39671],[76.84809,15.39071],[76.84966,15.38844],[76.85344,15.38802],[76.8583,15.38922],[76.86902,15.38719],[76.86929,15.3863],[76.87153,15.38575],[76.87604,15.3852],[76.87771,15.38585],[76.8799,15.38766],[76.88526,15.38396],[76.88777,15.38081],[76.88868,15.3804],[76.89289,15.37482],[76.90142,15.37811],[76.90241,15.37964],[76.90478,15.38138],[76.90699,15.38391],[76.90968,15.38571],[76.91216,15.38637],[76.93065,15.38636],[76.93305,15.38097],[76.93397,15.37253],[76.93399,15.36586],[76.93493,15.36365],[76.9351,15.36092],[76.93625,15.36066],[76.93828,15.35717],[76.93932,15.35291],[76.93901,15.3517],[76.94016,15.34423],[76.94102,15.33275],[76.94007,15.3255],[76.93968,15.3254],[76.9409,15.31754],[76.95029,15.31973],[76.96106,15.32064],[76.9613,15.32283],[76.96332,15.32342],[76.96674,15.32309],[76.96635,15.32671],[76.97044,15.3273],[76.97516,15.32708],[76.975,15.32433],[76.98204,15.32299],[76.98085,15.32016],[76.9848,15.31928],[76.98408,15.31609],[76.9786,15.31723],[76.97813,15.31542],[76.97802,15.31398],[76.98192,15.31201],[76.98018,15.305],[76.98229,15.30462],[76.98247,15.3028],[76.98163,15.30082],[76.98002,15.30117],[76.97951,15.29964],[76.97915,15.29817],[76.98117,15.29784],[76.98,15.29595],[76.98001,15.29385],[76.97577,15.29401],[76.97253,15.29352],[76.95732,15.28797],[76.95716,15.28588],[76.94891,15.28524],[76.94849,15.2797],[76.94402,15.27843],[76.94368,15.27571],[76.94199,15.27564],[76.94197,15.27069],[76.94266,15.26925],[76.94309,15.26921],[76.94399,15.25964],[76.94679,15.25973],[76.94684,15.25524],[76.94821,15.25473],[76.94848,15.25083],[76.95017,15.24795],[76.94616,15.24805],[76.94335,15.24864],[76.94315,15.24702],[76.93751,15.24756],[76.93269,15.24707],[76.93247,15.24504],[76.93113,15.24497],[76.93088,15.24209],[76.92483,15.24158],[76.92459,15.24038],[76.92376,15.24052],[76.92334,15.23847],[76.92143,15.23845],[76.92019,15.23272],[76.91717,15.23165],[76.91646,15.22791],[76.91321,15.22799],[76.91303,15.22685],[76.90796,15.22696],[76.90856,15.22126],[76.90089,15.22255],[76.90085,15.2222],[76.89487,15.22043],[76.89002,15.21981],[76.8811,15.22004],[76.87174,15.22353],[76.8742,15.23416],[76.85721,15.23775],[76.85531,15.23864],[76.84457,15.24124],[76.83622,15.24282],[76.83479,15.24096],[76.83431,15.23936],[76.83223,15.23736],[76.83196,15.23616],[76.83055,15.2342],[76.82911,15.2333],[76.82073,15.23451],[76.82041,15.23263],[76.81294,15.23288],[76.80879,15.23209],[76.81075,15.24042],[76.80847,15.24068],[76.81031,15.24991],[76.8111,15.2519],[76.81187,15.25193],[76.81215,15.25511],[76.81644,15.27373],[76.80756,15.27591],[76.80641,15.2767],[76.79894,15.27816],[76.79848,15.27846],[76.79871,15.27912],[76.79624,15.27982],[76.79779,15.28169],[76.7819,15.28678],[76.77457,15.28868],[76.76585,15.28994],[76.75996,15.29049],[76.75688,15.29003],[76.75589,15.30303],[76.75579,15.3109],[76.74115,15.31059],[76.73776,15.31078],[76.73555,15.31156],[76.7282,15.31145],[76.72172,15.3112],[76.71908,15.31008],[76.7203,15.31227],[76.71874,15.31904],[76.72137,15.3252],[76.70922,15.3256],[76.70139,15.32465],[76.70179,15.32974],[76.70117,15.3328],[76.70126,15.33921],[76.70021,15.33929],[76.70013,15.34026],[76.69638,15.34048],[76.69711,15.35109],[76.69707,15.35192],[76.69595,15.35196],[76.69642,15.35662],[76.69084,15.35731],[76.6753,15.35724],[76.67489,15.36002],[76.67648,15.36466],[76.67695,15.36469],[76.67747,15.37012],[76.67686,15.36999],[76.67469,15.37616],[76.67022,15.37495],[76.66287,15.37419],[76.66254,15.37307],[76.6629,15.37079],[76.66124,15.36837],[76.65143,15.37374],[76.64738,15.37795],[76.63905,15.37821],[76.63915,15.3805],[76.63845,15.38477],[76.63942,15.39039],[76.64135,15.39416],[76.64494,15.39782],[76.64759,15.40197],[76.65028,15.40781],[76.65222,15.40759],[76.65297,15.40667],[76.65482,15.40603],[76.66117,15.40497],[76.67334,15.40523],[76.67298,15.40846],[76.67441,15.40884],[76.67673,15.40882],[76.67683,15.40801],[76.67955,15.40689],[76.69406,15.40609],[76.69384,15.40788],[76.69439,15.40795],[76.69528,15.4111],[76.69673,15.41397],[76.69646,15.41605],[76.69489,15.41788],[76.69337,15.42177],[76.69069,15.4263],[76.68822,15.42735],[76.68737,15.42974],[76.69494,15.4319],[76.69484,15.43273],[76.69594,15.43303],[76.69782,15.43461],[76.70696,15.43395],[76.71349,15.4343],[76.71781,15.43394],[76.71971,15.44205],[76.7353,15.44186],[76.75631,15.44253]]]}},{"type":"Feature","properties":{"unitId":30,"unitName":"Kuduthini PS"},"geometry":{"type":"Polygon","coordinates":[[[76.65037,15.29545],[76.65542,15.29239],[76.66298,15.29262],[76.66372,15.28504],[76.66322,15.27602],[76.66412,15.27599],[76.6665,15.27387],[76.66935,15.27254],[76.67056,15.27299],[76.67261,15.27249],[76.67633,15.27361],[76.68144,15.27319],[76.68169,15.2743],[76.68295,15.27409],[76.68454,15.27456],[76.68574,15.27665],[76.68511,15.2789],[76.68748,15.28309],[76.6858,15.28437],[76.68461,15.28422],[76.68408,15.28842],[76.68279,15.29127],[76.68454,15.2927],[76.6855,15.2929],[76.70343,15.29118],[76.72278,15.29044],[76.74019,15.29051],[76.75568,15.29001],[76.75996,15.29049],[76.77457,15.28868],[76.79779,15.28169],[76.79624,15.27982],[76.79871,15.27912],[76.79848,15.27846],[76.79894,15.27816],[76.80641,15.2767],[76.80756,15.27591],[76.81644,15.27373],[76.81215,15.25511],[76.81187,15.25193],[76.8111,15.2519],[76.81031,15.24991],[76.80847,15.24068],[76.81075,15.24042],[76.80879,15.23209],[76.81294,15.23288],[76.82041,15.23263],[76.82073,15.23451],[76.82954,15.23348],[76.82902,15.23259],[76.82872,15.22996],[76.82706,15.22583],[76.82728,15.2218],[76.82626,15.21464],[76.82648,15.21354],[76.82535,15.20747],[76.8246,15.20408],[76.82226,15.19906],[76.83047,15.19842],[76.82754,15.1836],[76.82743,15.1767],[76.82691,15.17448],[76.82335,15.1678],[76.82285,15.16736],[76.82218,15.168],[76.81937,15.16871],[76.81006,15.16757],[76.80941,15.16738],[76.8093,15.16662],[76.80403,15.16741],[76.80339,15.16547],[76.80175,15.1662],[76.80035,15.16537],[76.79709,15.16673],[76.79607,15.16785],[76.79266,15.16996],[76.78789,15.17172],[76.78621,15.16881],[76.78447,15.16819],[76.78068,15.16808],[76.77916,15.16684],[76.77822,15.16522],[76.7757,15.16476],[76.7749,15.16246],[76.7723,15.16291],[76.76915,15.16277],[76.76701,15.16213],[76.76529,15.16236],[76.76455,15.15943],[76.76033,15.15545],[76.76005,15.15316],[76.75804,15.14942],[76.75529,15.14724],[76.75395,15.14699],[76.75246,15.1452],[76.7539,15.14408],[76.7543,15.14218],[76.75284,15.14114],[76.75386,15.13932],[76.75274,15.13829],[76.75038,15.13726],[76.74946,15.13909],[76.75005,15.14279],[76.74737,15.14478],[76.74582,15.1469],[76.74435,15.14673],[76.74379,15.14713],[76.74356,15.15744],[76.74276,15.15979],[76.73938,15.16183],[76.73716,15.16525],[76.7323,15.1682],[76.73167,15.16936],[76.7294,15.17027],[76.7277,15.17032],[76.72334,15.1695],[76.7215,15.17149],[76.72094,15.17668],[76.71898,15.1774],[76.71722,15.18019],[76.71504,15.1808],[76.71401,15.18514],[76.7143,15.18772],[76.71325,15.18826],[76.7133,15.18972],[76.71284,15.18973],[76.71182,15.19527],[76.7094,15.19977],[76.70064,15.20559],[76.69467,15.21298],[76.69134,15.21829],[76.68778,15.21851],[76.68373,15.21696],[76.6787,15.21628],[76.67147,15.21214],[76.66753,15.21412],[76.66748,15.22392],[76.6626,15.22515],[76.65887,15.22888],[76.6494,15.23451],[76.64913,15.23558],[76.64755,15.23573],[76.64811,15.23491],[76.64679,15.23485],[76.64683,15.23606],[76.64356,15.23776],[76.64214,15.23933],[76.64094,15.23726],[76.63628,15.24009],[76.63498,15.24178],[76.63515,15.2428],[76.63383,15.245],[76.62763,15.25126],[76.62237,15.25508],[76.62049,15.2559],[76.61925,15.25714],[76.6185,15.2595],[76.61586,15.26426],[76.6096,15.2686],[76.60972,15.26899],[76.6128,15.26923],[76.62262,15.26895],[76.62844,15.26779],[76.63854,15.26673],[76.6419,15.26689],[76.652,15.27421],[76.6351,15.27347],[76.63416,15.27787],[76.62698,15.28423],[76.62129,15.28211],[76.61718,15.28144],[76.61531,15.28043],[76.61481,15.28178],[76.61636,15.28264],[76.61531,15.28366],[76.61714,15.28357],[76.61829,15.28419],[76.61591,15.28508],[76.61666,15.2888],[76.62132,15.28886],[76.6246,15.28992],[76.6277,15.29281],[76.6284,15.29442],[76.63453,15.29354],[76.64056,15.29418],[76.64332,15.29533],[76.64637,15.29577],[76.64746,15.29669],[76.65037,15.29545]]]}},{"type":"Feature","properties":{"unitId":31,"unitName":"Hospet Town PS"},"geometry":{"type":"Polygon","coordinates":[[[76.3915,15.28199],[76.39345,15.28071],[76.39332,15.28006],[76.39593,15.27987],[76.3983,15.27877],[76.39826,15.27647],[76.40026,15.27083],[76.40042,15.26744],[76.40078,15.26724],[76.40319,15.2674],[76.40404,15.26816],[76.4067,15.26844],[76.41106,15.27014],[76.4149,15.27097],[76.41631,15.2718],[76.41793,15.27182],[76.41738,15.27278],[76.41768,15.27542],[76.41697,15.27671],[76.41726,15.27688],[76.41931,15.27704],[76.42885,15.27602],[76.429,15.27366],[76.42666,15.27086],[76.42641,15.26541],[76.42574,15.26252],[76.42613,15.25972],[76.42502,15.25401],[76.42511,15.2493],[76.42464,15.246],[76.4238,15.24555],[76.42521,15.24499],[76.43368,15.24398],[76.43376,15.24263],[76.43198,15.24054],[76.43156,15.23841],[76.43327,15.23868],[76.4358,15.23748],[76.43268,15.2324],[76.43306,15.23202],[76.43137,15.22982],[76.42918,15.22488],[76.42494,15.22343],[76.42352,15.22465],[76.42459,15.22548],[76.42102,15.22955],[76.41893,15.23277],[76.41744,15.23254],[76.41502,15.23456],[76.41648,15.24468],[76.41381,15.25026],[76.41334,15.25407],[76.41291,15.25441],[76.40313,15.25479],[76.40325,15.25537],[76.40265,15.25541],[76.39925,15.25494],[76.39841,15.257],[76.39599,15.25934],[76.39551,15.26418],[76.39404,15.26681],[76.3912,15.26704],[76.39062,15.27112],[76.38708,15.27294],[76.38486,15.27538],[76.38961,15.27605],[76.38826,15.27964],[76.38911,15.27983],[76.38842,15.28134],[76.38929,15.28187],[76.3915,15.28199]]]}},{"type":"Feature","properties":{"unitId":32,"unitName":"Chitwadigi PS"},"geometry":{"type":"Polygon","coordinates":[[[76.37712,15.29829],[76.37775,15.29655],[76.38111,15.29662],[76.38285,15.29612],[76.38864,15.29631],[76.38936,15.29469],[76.38915,15.29355],[76.39021,15.29227],[76.38953,15.29066],[76.39011,15.28974],[76.38878,15.28853],[76.38815,15.28642],[76.38883,15.28481],[76.38961,15.28442],[76.39147,15.28555],[76.39255,15.28564],[76.39369,15.28896],[76.3937,15.29062],[76.39449,15.29167],[76.39842,15.29212],[76.40111,15.29314],[76.40265,15.29442],[76.40384,15.2936],[76.40438,15.29381],[76.40557,15.29261],[76.40593,15.29163],[76.40827,15.28926],[76.40837,15.28814],[76.40733,15.2883],[76.40726,15.28655],[76.40451,15.28535],[76.39827,15.28489],[76.39743,15.2829],[76.39758,15.28145],[76.39849,15.28109],[76.3983,15.27877],[76.39593,15.27987],[76.39332,15.28006],[76.39345,15.28071],[76.39143,15.28207],[76.38929,15.28187],[76.38842,15.28134],[76.38911,15.27983],[76.38826,15.27964],[76.38961,15.27605],[76.37843,15.27465],[76.37801,15.27825],[76.38032,15.27836],[76.3804,15.27905],[76.3789,15.28075],[76.37896,15.28267],[76.3777,15.2826],[76.37795,15.28359],[76.37496,15.2833],[76.37536,15.28569],[76.37487,15.28788],[76.37499,15.28995],[76.37555,15.29079],[76.3749,15.29209],[76.37491,15.29393],[76.3754,15.29419],[76.37553,15.29507],[76.37475,15.29679],[76.37385,15.29755],[76.37403,15.29818],[76.37558,15.29876],[76.37712,15.29829]]]}},{"type":"Feature","properties":{"unitId":33,"unitName":"Hospet Rural PS"},"geometry":{"type":"MultiPolygon","coordinates":[[[[76.36841,15.33292],[76.37148,15.32579],[76.37482,15.32833],[76.37953,15.32939],[76.38019,15.33041],[76.37955,15.33174],[76.3846,15.33048],[76.38656,15.33117],[76.38851,15.33116],[76.39835,15.32689],[76.39773,15.32379],[76.39682,15.32224],[76.39332,15.32185],[76.3926,15.32271],[76.39162,15.32269],[76.3906,15.32122],[76.38983,15.32134],[76.3877,15.31994],[76.38715,15.31694],[76.38828,15.31828],[76.38846,15.31921],[76.38965,15.31961],[76.39125,15.31928],[76.39359,15.32139],[76.39471,15.32116],[76.39658,15.31933],[76.39602,15.31656],[76.39909,15.31517],[76.4117,15.3114],[76.41297,15.31155],[76.41688,15.31033],[76.42418,15.30909],[76.42388,15.30861],[76.4244,15.30472],[76.42273,15.30283],[76.42298,15.30151],[76.42011,15.29732],[76.41903,15.29336],[76.41938,15.29242],[76.42324,15.29403],[76.42376,15.2844],[76.42468,15.27976],[76.42425,15.27635],[76.41931,15.27704],[76.41726,15.27688],[76.41697,15.27671],[76.41768,15.27542],[76.41738,15.27278],[76.41793,15.27182],[76.41631,15.2718],[76.4149,15.27097],[76.41106,15.27014],[76.4067,15.26844],[76.40404,15.26816],[76.40319,15.2674],[76.40042,15.26744],[76.40026,15.27083],[76.39826,15.27647],[76.39853,15.28092],[76.39758,15.28145],[76.39743,15.2829],[76.39827,15.28489],[76.40451,15.28535],[76.40726,15.28655],[76.40733,15.2883],[76.40837,15.28814],[76.40827,15.28926],[76.40456,15.29366],[76.40384,15.2936],[76.40265,15.29442],[76.40111,15.29314],[76.39842,15.29212],[76.39449,15.29167],[76.3937,15.29062],[76.39369,15.28896],[76.39255,15.28564],[76.39147,15.28555],[76.38961,15.28442],[76.38883,15.28481],[76.38815,15.28642],[76.38878,15.28853],[76.39011,15.28974],[76.38953,15.29066],[76.39021,15.29227],[76.38915,15.29355],[76.38936,15.29469],[76.38864,15.29631],[76.38285,15.29612],[76.38111,15.29662],[76.37775,15.29655],[76.37759,15.29783],[76.37681,15.29856],[76.37566,15.29877],[76.37403,15.29818],[76.37386,15.29771],[76.37553,15.29507],[76.3754,15.29419],[76.37491,15.29393],[76.3749,15.29209],[76.37555,15.29079],[76.37499,15.28995],[76.37487,15.28788],[76.37536,15.28569],[76.37492,15.28344],[76.37762,15.28367],[76.37795,15.28359],[76.3777,15.2826],[76.37896,15.28267],[76.3789,15.28075],[76.3804,15.27905],[76.38032,15.27836],[76.37808,15.27837],[76.37811,15.27659],[76.37849,15.27438],[76.3794,15.27326],[76.38039,15.27023],[76.37556,15.26722],[76.37669,15.26011],[76.37172,15.25591],[76.37047,15.25374],[76.37188,15.25496],[76.37409,15.25528],[76.3762,15.25658],[76.37773,15.25627],[76.37867,15.25664],[76.38001,15.25547],[76.38029,15.25273],[76.38197,15.25186],[76.38153,15.25175],[76.38169,15.2505],[76.38316,15.25012],[76.38929,15.2512],[76.39225,15.25111],[76.39158,15.25451],[76.39336,15.25497],[76.39682,15.25457],[76.40265,15.25541],[76.40325,15.25537],[76.40313,15.25479],[76.41307,15.25433],[76.41381,15.25026],[76.41648,15.24468],[76.41502,15.23456],[76.41744,15.23254],[76.41893,15.23277],[76.42102,15.22955],[76.42459,15.22548],[76.42352,15.22465],[76.42494,15.22343],[76.42918,15.22488],[76.42897,15.22257],[76.43078,15.21794],[76.43235,15.21627],[76.42359,15.20559],[76.4215,15.20481],[76.41109,15.19372],[76.40834,15.1992],[76.39781,15.21134],[76.38902,15.2191],[76.38486,15.22175],[76.37892,15.21815],[76.36829,15.21461],[76.36418,15.21226],[76.36027,15.21653],[76.35932,15.21622],[76.35679,15.21846],[76.35736,15.22147],[76.35458,15.22794],[76.35521,15.23016],[76.35495,15.23181],[76.35574,15.23222],[76.35556,15.23408],[76.35325,15.23814],[76.35588,15.24072],[76.35357,15.2422],[76.35146,15.23958],[76.34885,15.24135],[76.3508,15.2446],[76.34938,15.24562],[76.34574,15.24699],[76.34954,15.2473],[76.35105,15.24636],[76.35558,15.24135],[76.35774,15.24128],[76.35806,15.24076],[76.35892,15.24153],[76.35943,15.2411],[76.36164,15.24576],[76.36121,15.24509],[76.361,15.24582],[76.36207,15.24716],[76.3596,15.25001],[76.35932,15.25138],[76.35813,15.25181],[76.35689,15.25326],[76.35354,15.25547],[76.3538,15.25592],[76.35223,15.2569],[76.35229,15.2579],[76.35074,15.25923],[76.34884,15.26028],[76.34536,15.26088],[76.34512,15.26172],[76.34233,15.26256],[76.34035,15.26209],[76.33975,15.26143],[76.33855,15.26367],[76.34113,15.26562],[76.34364,15.26634],[76.34349,15.26723],[76.345,15.2676],[76.34525,15.26821],[76.34641,15.26785],[76.34778,15.26872],[76.34659,15.26945],[76.34827,15.27168],[76.34816,15.27269],[76.34979,15.27398],[76.34841,15.27492],[76.34487,15.27583],[76.34528,15.279],[76.34459,15.28552],[76.34481,15.29001],[76.34662,15.2966],[76.34813,15.29744],[76.34981,15.29935],[76.35055,15.30556],[76.35047,15.30933],[76.35341,15.31494],[76.35888,15.32],[76.35986,15.32271],[76.36106,15.32831],[76.35492,15.32865],[76.35792,15.33054],[76.35796,15.33139],[76.36076,15.3348],[76.36325,15.33478],[76.36323,15.33571],[76.36613,15.33653],[76.36841,15.33292]]],[[[76.45242,15.27929],[76.45298,15.2785],[76.45256,15.27826],[76.45291,15.27732],[76.45225,15.27721],[76.45204,15.27185],[76.45467,15.27047],[76.45846,15.2713],[76.4626,15.27042],[76.46385,15.27089],[76.46956,15.26853],[76.46987,15.2678],[76.46959,15.26627],[76.47024,15.26526],[76.46964,15.2645],[76.47086,15.26302],[76.47222,15.26335],[76.47318,15.26504],[76.47317,15.26672],[76.47521,15.26715],[76.47861,15.26664],[76.48043,15.26129],[76.47704,15.25532],[76.47679,15.25321],[76.47744,15.25269],[76.47708,15.2511],[76.47627,15.24893],[76.47536,15.24829],[76.47595,15.24614],[76.47506,15.23924],[76.47598,15.23753],[76.47723,15.23763],[76.47693,15.23643],[76.47752,15.23553],[76.47771,15.23268],[76.47688,15.23145],[76.47616,15.2277],[76.47692,15.2209],[76.47671,15.21844],[76.47498,15.22037],[76.47298,15.22099],[76.47033,15.21999],[76.46726,15.21974],[76.46431,15.2216],[76.46383,15.22264],[76.46493,15.22377],[76.46449,15.2246],[76.46301,15.22517],[76.45982,15.2239],[76.45765,15.2251],[76.45582,15.2254],[76.45309,15.2225],[76.45434,15.21863],[76.4497,15.21983],[76.44915,15.2196],[76.44462,15.22385],[76.43919,15.22614],[76.43268,15.2324],[76.4358,15.23748],[76.43327,15.23868],[76.43156,15.23841],[76.43198,15.24054],[76.43376,15.24263],[76.43368,15.24398],[76.42521,15.24499],[76.4238,15.24555],[76.42464,15.246],[76.42511,15.2493],[76.42502,15.25401],[76.42613,15.25972],[76.42574,15.26252],[76.42641,15.26541],[76.42666,15.27086],[76.429,15.27366],[76.42916,15.27526],[76.42864,15.27663],[76.43527,15.27754],[76.43783,15.27743],[76.44211,15.27879],[76.44715,15.27877],[76.44968,15.27931],[76.45076,15.2789],[76.45242,15.27929]]]]}},{"type":"Feature","properties":{"unitId":34,"unitName":"Kampli PS"},"geometry":{"type":"Polygon","coordinates":[[[76.71083,15.44704],[76.7116,15.44448],[76.71299,15.44244],[76.71977,15.44198],[76.71781,15.43394],[76.71349,15.4343],[76.70696,15.43395],[76.69782,15.43461],[76.69594,15.43303],[76.69484,15.43273],[76.69494,15.4319],[76.68737,15.42974],[76.68822,15.42735],[76.69069,15.4263],[76.69337,15.42177],[76.69489,15.41788],[76.69646,15.41605],[76.69673,15.41397],[76.69528,15.4111],[76.69439,15.40795],[76.69384,15.40788],[76.69406,15.40609],[76.67955,15.40689],[76.67683,15.40801],[76.67673,15.40882],[76.67441,15.40884],[76.67298,15.40846],[76.67334,15.40523],[76.66117,15.40497],[76.65482,15.40603],[76.65297,15.40667],[76.65222,15.40759],[76.65028,15.40781],[76.64759,15.40197],[76.64494,15.39782],[76.64135,15.39416],[76.63942,15.39039],[76.63845,15.38477],[76.63915,15.3805],[76.63905,15.37821],[76.64738,15.37795],[76.65143,15.37374],[76.66124,15.36837],[76.6629,15.37079],[76.66254,15.37307],[76.66287,15.37419],[76.67022,15.37495],[76.67469,15.37616],[76.67686,15.36999],[76.67747,15.37012],[76.67695,15.36469],[76.67648,15.36466],[76.67489,15.36002],[76.6753,15.35724],[76.69084,15.35731],[76.69642,15.35662],[76.69595,15.35196],[76.69707,15.35192],[76.69711,15.35109],[76.69638,15.34048],[76.70013,15.34026],[76.70021,15.33929],[76.70126,15.33921],[76.70117,15.3328],[76.70179,15.32974],[76.70139,15.32465],[76.70922,15.3256],[76.72137,15.3252],[76.71874,15.31904],[76.7203,15.31227],[76.71908,15.31008],[76.72172,15.3112],[76.7282,15.31145],[76.73555,15.31156],[76.73776,15.31078],[76.74115,15.31059],[76.75579,15.3109],[76.75589,15.30303],[76.75688,15.29003],[76.7049,15.29109],[76.68513,15.29285],[76.68279,15.29127],[76.68408,15.28842],[76.68461,15.28422],[76.6858,15.28437],[76.68748,15.28309],[76.68511,15.2789],[76.68574,15.27665],[76.68454,15.27456],[76.68295,15.27409],[76.68169,15.2743],[76.68144,15.27319],[76.67633,15.27361],[76.67261,15.27249],[76.67056,15.27299],[76.66935,15.27254],[76.6665,15.27387],[76.66412,15.27599],[76.66322,15.27602],[76.66372,15.28504],[76.66298,15.29262],[76.65542,15.29239],[76.64903,15.29627],[76.64746,15.29669],[76.64637,15.29577],[76.64332,15.29533],[76.64056,15.29418],[76.63453,15.29354],[76.6284,15.29442],[76.6277,15.29281],[76.6246,15.28992],[76.62132,15.28886],[76.61666,15.2888],[76.61591,15.28508],[76.61829,15.28419],[76.61714,15.28357],[76.61531,15.28366],[76.61636,15.28264],[76.61481,15.28178],[76.61531,15.28043],[76.61718,15.28144],[76.62129,15.28211],[76.62698,15.28423],[76.63416,15.27787],[76.6351,15.27347],[76.652,15.27421],[76.64098,15.26662],[76.62844,15.26779],[76.62262,15.26895],[76.60972,15.26899],[76.60992,15.26821],[76.61586,15.26426],[76.6185,15.2595],[76.61925,15.25714],[76.62049,15.2559],[76.62237,15.25508],[76.62763,15.25126],[76.63383,15.245],[76.63515,15.2428],[76.63498,15.24178],[76.63021,15.23875],[76.6296,15.23785],[76.6286,15.23529],[76.62817,15.22856],[76.62491,15.21999],[76.621,15.21172],[76.61812,15.20763],[76.61492,15.2003],[76.60486,15.19913],[76.61037,15.21277],[76.61481,15.21893],[76.61534,15.22376],[76.61283,15.22504],[76.6081,15.22193],[76.60783,15.22254],[76.60606,15.22038],[76.60331,15.2197],[76.60312,15.22044],[76.60228,15.22097],[76.60229,15.22175],[76.60355,15.22166],[76.60393,15.22256],[76.60232,15.22478],[76.60035,15.23737],[76.59925,15.23891],[76.59919,15.24059],[76.60016,15.24225],[76.6014,15.24323],[76.60389,15.24389],[76.60323,15.24666],[76.60556,15.25006],[76.60722,15.25445],[76.60762,15.26209],[76.60154,15.26302],[76.59714,15.25926],[76.59451,15.25866],[76.59028,15.25895],[76.5862,15.25507],[76.58273,15.25471],[76.58235,15.24903],[76.58429,15.24379],[76.58698,15.24001],[76.5863,15.2378],[76.58723,15.23521],[76.58655,15.23302],[76.58617,15.23294],[76.58444,15.23501],[76.58461,15.23841],[76.5833,15.23925],[76.58156,15.24161],[76.58124,15.24025],[76.5807,15.24035],[76.57932,15.23914],[76.58077,15.23681],[76.5801,15.2356],[76.57861,15.23446],[76.57793,15.23479],[76.57751,15.23619],[76.57582,15.23721],[76.5753,15.23874],[76.57245,15.23839],[76.57184,15.23851],[76.57157,15.23918],[76.57133,15.24101],[76.57169,15.24223],[76.57059,15.24344],[76.5726,15.24342],[76.57154,15.24391],[76.57177,15.24471],[76.57334,15.2449],[76.57632,15.24655],[76.57698,15.24921],[76.57826,15.24993],[76.57902,15.2492],[76.58143,15.25398],[76.57887,15.25833],[76.57937,15.25632],[76.57878,15.25482],[76.57786,15.2541],[76.57541,15.25474],[76.57498,15.25294],[76.57527,15.25171],[76.57379,15.24984],[76.57283,15.24753],[76.57185,15.24679],[76.57155,15.24707],[76.56909,15.24448],[76.5669,15.24491],[76.56642,15.24309],[76.56508,15.24195],[76.56179,15.24304],[76.56166,15.24479],[76.5589,15.24527],[76.55946,15.24362],[76.55523,15.24174],[76.55446,15.2418],[76.55397,15.24101],[76.55269,15.24149],[76.54861,15.24741],[76.54767,15.24664],[76.54675,15.24692],[76.54639,15.24643],[76.54667,15.24522],[76.54438,15.24408],[76.53857,15.24573],[76.53083,15.24608],[76.53003,15.24695],[76.5288,15.24734],[76.5256,15.24756],[76.52462,15.24854],[76.52238,15.24873],[76.52244,15.24757],[76.52201,15.24759],[76.52122,15.24884],[76.51951,15.24991],[76.51721,15.25045],[76.5183,15.25303],[76.52052,15.25411],[76.52197,15.25668],[76.52328,15.25742],[76.52502,15.25973],[76.52393,15.26055],[76.52242,15.25777],[76.51923,15.25881],[76.51655,15.2585],[76.51423,15.2564],[76.51125,15.25474],[76.50924,15.25493],[76.50567,15.25389],[76.50485,15.2533],[76.50606,15.25192],[76.5068,15.24827],[76.50213,15.24815],[76.49975,15.24718],[76.49793,15.24711],[76.49326,15.24515],[76.4854,15.24357],[76.48462,15.24302],[76.48386,15.24348],[76.48356,15.24495],[76.48398,15.24725],[76.48591,15.24848],[76.48686,15.24858],[76.48681,15.24911],[76.48825,15.24921],[76.48848,15.24852],[76.48946,15.24979],[76.48847,15.25064],[76.47744,15.25269],[76.47679,15.25321],[76.47704,15.25532],[76.48043,15.26129],[76.48264,15.26119],[76.48472,15.26186],[76.49001,15.26142],[76.49722,15.26356],[76.49853,15.26124],[76.49962,15.26136],[76.50028,15.26086],[76.50193,15.26161],[76.50246,15.26079],[76.504,15.26129],[76.50386,15.26185],[76.50666,15.26322],[76.50712,15.26327],[76.50758,15.26212],[76.50959,15.26271],[76.51023,15.2639],[76.51675,15.26302],[76.51659,15.26825],[76.51803,15.26841],[76.51899,15.26912],[76.52059,15.26905],[76.51989,15.27081],[76.52121,15.27074],[76.52579,15.27319],[76.52738,15.27276],[76.52812,15.27336],[76.53121,15.27336],[76.5325,15.2742],[76.53522,15.27492],[76.53804,15.27504],[76.53861,15.27642],[76.54037,15.27815],[76.54261,15.27827],[76.54221,15.28101],[76.53978,15.28138],[76.53857,15.28089],[76.53831,15.28282],[76.53722,15.2828],[76.53586,15.28376],[76.53498,15.28379],[76.53493,15.28299],[76.53361,15.28328],[76.53104,15.28247],[76.53041,15.28476],[76.52857,15.28461],[76.52778,15.28317],[76.52653,15.28516],[76.52044,15.28423],[76.5203,15.28271],[76.52089,15.2813],[76.52138,15.28078],[76.52304,15.28074],[76.5241,15.27897],[76.52199,15.27825],[76.52249,15.27631],[76.52157,15.27486],[76.51748,15.27184],[76.51757,15.27119],[76.51688,15.27022],[76.51564,15.26924],[76.51319,15.26828],[76.51126,15.26819],[76.5091,15.26734],[76.50892,15.26773],[76.50644,15.2678],[76.50622,15.26832],[76.50577,15.26732],[76.50489,15.26725],[76.50464,15.26846],[76.50294,15.26448],[76.50217,15.2641],[76.50198,15.26475],[76.50275,15.26723],[76.50212,15.26959],[76.50514,15.27176],[76.50575,15.27361],[76.50764,15.27373],[76.50709,15.27491],[76.50063,15.27616],[76.50075,15.27573],[76.49843,15.27721],[76.49899,15.27777],[76.5047,15.27714],[76.50527,15.27885],[76.50433,15.27968],[76.50433,15.28037],[76.50652,15.28154],[76.5084,15.28136],[76.5103,15.28253],[76.51167,15.28617],[76.51344,15.28871],[76.51547,15.28994],[76.51595,15.29176],[76.51656,15.29203],[76.51704,15.29145],[76.51784,15.29197],[76.5173,15.29254],[76.51754,15.29361],[76.51994,15.29351],[76.52068,15.29393],[76.52105,15.29348],[76.52251,15.29362],[76.5212,15.29414],[76.52099,15.29596],[76.52037,15.2965],[76.5192,15.29566],[76.51841,15.29721],[76.51838,15.29777],[76.51935,15.2988],[76.51887,15.29922],[76.5191,15.2997],[76.51959,15.29961],[76.52056,15.30299],[76.52327,15.30061],[76.52486,15.30024],[76.52622,15.29912],[76.52605,15.29809],[76.52712,15.29684],[76.5289,15.29565],[76.53195,15.29558],[76.53231,15.29427],[76.53366,15.29379],[76.5354,15.29397],[76.53478,15.2953],[76.53504,15.29606],[76.53718,15.29593],[76.53798,15.29454],[76.54241,15.29862],[76.54279,15.30066],[76.54009,15.30081],[76.5388,15.3024],[76.53942,15.30462],[76.53896,15.30492],[76.5393,15.30636],[76.53896,15.3067],[76.53864,15.30682],[76.53856,15.3049],[76.53789,15.30361],[76.53634,15.30375],[76.53422,15.30516],[76.53455,15.30316],[76.53274,15.30294],[76.53129,15.30398],[76.52887,15.30459],[76.52867,15.30525],[76.52695,15.30564],[76.5255,15.30671],[76.52563,15.30702],[76.52363,15.30658],[76.5232,15.30762],[76.52249,15.30763],[76.52231,15.30642],[76.52148,15.30634],[76.5197,15.30739],[76.51925,15.30672],[76.51799,15.30694],[76.51639,15.30822],[76.51375,15.30807],[76.51249,15.30882],[76.51116,15.31055],[76.51071,15.31235],[76.519,15.31207],[76.51996,15.3122],[76.52081,15.31297],[76.52153,15.3138],[76.52245,15.31812],[76.52223,15.32161],[76.52747,15.32686],[76.52839,15.33134],[76.52944,15.3305],[76.52906,15.3318],[76.531,15.33199],[76.5297,15.33319],[76.52969,15.33392],[76.53113,15.33529],[76.53303,15.33519],[76.53316,15.3371],[76.53545,15.33933],[76.53796,15.33876],[76.5389,15.33688],[76.54038,15.33648],[76.53904,15.3395],[76.53998,15.34128],[76.54033,15.34323],[76.54167,15.34454],[76.54433,15.34594],[76.54608,15.34621],[76.54656,15.34758],[76.54628,15.34804],[76.54467,15.34852],[76.54378,15.34805],[76.54393,15.34753],[76.54447,15.34748],[76.54417,15.34688],[76.54352,15.34701],[76.54233,15.34626],[76.54142,15.34642],[76.54114,15.34589],[76.53938,15.34542],[76.53809,15.34352],[76.53666,15.34279],[76.53492,15.34324],[76.53351,15.34455],[76.53179,15.34432],[76.52977,15.34329],[76.52905,15.34349],[76.52758,15.34499],[76.52832,15.34539],[76.52958,15.34823],[76.53159,15.34841],[76.53161,15.34882],[76.53841,15.34873],[76.53732,15.34993],[76.53526,15.35106],[76.53412,15.3506],[76.53222,15.35144],[76.53125,15.35264],[76.53177,15.35446],[76.53408,15.35471],[76.53428,15.35368],[76.53638,15.35278],[76.53615,15.35392],[76.53771,15.35458],[76.53831,15.35603],[76.54012,15.35631],[76.54218,15.35586],[76.54748,15.35263],[76.54778,15.35122],[76.54856,15.35101],[76.54895,15.35143],[76.54819,15.3538],[76.54572,15.35482],[76.54342,15.35731],[76.54165,15.35828],[76.54042,15.35736],[76.53853,15.35889],[76.53574,15.36011],[76.53516,15.36068],[76.53533,15.36133],[76.54413,15.36119],[76.54397,15.36069],[76.54565,15.35971],[76.54499,15.36143],[76.55632,15.3646],[76.55662,15.36694],[76.5576,15.36648],[76.55809,15.36707],[76.55701,15.36868],[76.55692,15.36976],[76.55423,15.37201],[76.55322,15.37353],[76.54683,15.37581],[76.54395,15.37937],[76.54097,15.38147],[76.54253,15.38353],[76.54712,15.38554],[76.54833,15.38655],[76.55043,15.39104],[76.55764,15.39895],[76.56021,15.39964],[76.56449,15.39992],[76.57147,15.40202],[76.59125,15.4123],[76.59475,15.41652],[76.5948,15.42148],[76.59646,15.42667],[76.60179,15.43184],[76.60792,15.44034],[76.60915,15.44102],[76.61151,15.44355],[76.6145,15.44434],[76.62382,15.44375],[76.6342,15.44521],[76.64183,15.44447],[76.64703,15.44526],[76.652,15.44757],[76.65758,15.44936],[76.66173,15.44935],[76.662,15.44731],[76.66289,15.44749],[76.67373,15.45295],[76.67648,15.45529],[76.67974,15.46167],[76.68431,15.46856],[76.68514,15.46946],[76.68638,15.46972],[76.68865,15.47242],[76.69265,15.47577],[76.69506,15.47687],[76.69332,15.47048],[76.69468,15.46729],[76.69624,15.46624],[76.69803,15.46267],[76.69995,15.46146],[76.70181,15.45871],[76.70776,15.45401],[76.70885,15.4492],[76.71004,15.4488],[76.71083,15.44704]],[[76.562,15.30929],[76.56044,15.3091],[76.56004,15.30827],[76.55925,15.30839],[76.55921,15.30771],[76.55709,15.30771],[76.55678,15.30856],[76.55641,15.30756],[76.55534,15.30764],[76.5512,15.30499],[76.55239,15.30453],[76.5538,15.30521],[76.55523,15.30314],[76.55468,15.30367],[76.55307,15.30379],[76.55307,15.30289],[76.55519,15.30275],[76.54897,15.30032],[76.54909,15.29828],[76.547,15.2986],[76.54665,15.29707],[76.54527,15.29586],[76.5433,15.29555],[76.54282,15.29417],[76.53799,15.29277],[76.53743,15.29171],[76.53534,15.29145],[76.53569,15.29084],[76.54324,15.28898],[76.54344,15.28774],[76.54477,15.28792],[76.54551,15.28748],[76.54612,15.28775],[76.54621,15.28852],[76.55043,15.28859],[76.5502,15.28786],[76.55085,15.28785],[76.55073,15.28737],[76.55039,15.28747],[76.54963,15.28614],[76.54925,15.28427],[76.55033,15.28379],[76.55255,15.28568],[76.55255,15.28662],[76.55408,15.2865],[76.55449,15.28787],[76.55534,15.28826],[76.55869,15.28734],[76.55865,15.28691],[76.56011,15.28673],[76.5604,15.28622],[76.56193,15.28619],[76.56274,15.28572],[76.56297,15.28451],[76.56507,15.28459],[76.56618,15.28521],[76.5664,15.28419],[76.5676,15.28446],[76.56862,15.28242],[76.57126,15.28265],[76.57072,15.29168],[76.57114,15.29271],[76.57283,15.29434],[76.57307,15.30314],[76.56875,15.30361],[76.56785,15.30463],[76.56831,15.30566],[76.56736,15.30608],[76.56714,15.30552],[76.56607,15.3056],[76.56422,15.30734],[76.5639,15.30947],[76.56293,15.30943],[76.56249,15.31002],[76.562,15.30929]],[[76.53071,15.269],[76.5295,15.26872],[76.52903,15.2661],[76.52808,15.26553],[76.52769,15.26418],[76.52564,15.26407],[76.52444,15.26516],[76.52354,15.2651],[76.52287,15.26441],[76.52342,15.26369],[76.52473,15.26375],[76.52606,15.26319],[76.52601,15.26168],[76.52759,15.26356],[76.52897,15.26359],[76.53029,15.26739],[76.53232,15.26764],[76.53071,15.269]],[[76.52916,15.32825],[76.52836,15.32793],[76.52834,15.32551],[76.52954,15.32579],[76.53189,15.32517],[76.53194,15.32557],[76.53044,15.32611],[76.5308,15.327],[76.53238,15.32607],[76.53313,15.32631],[76.5328,15.32735],[76.52916,15.32825]],[[76.53427,15.27424],[76.5341,15.27337],[76.53349,15.2739],[76.53283,15.27346],[76.53533,15.27061],[76.53649,15.27094],[76.53655,15.27201],[76.53533,15.27404],[76.53495,15.2745],[76.53427,15.27424]],[[76.53128,15.27027],[76.53152,15.27121],[76.53101,15.27109],[76.529,15.27253],[76.52768,15.27207],[76.52846,15.27167],[76.52988,15.26909],[76.53063,15.26926],[76.53141,15.26992],[76.53128,15.27027]],[[76.54104,15.26238],[76.53979,15.2615],[76.54019,15.26048],[76.54267,15.26063],[76.54214,15.26204],[76.54104,15.26238]],[[76.53028,15.29354],[76.532,15.29429],[76.53215,15.29527],[76.53049,15.29459],[76.52974,15.29473],[76.5293,15.29321],[76.53028,15.29354]],[[76.51614,15.28728],[76.51641,15.2879],[76.51525,15.28904],[76.51487,15.28832],[76.51614,15.28728]],[[76.57143,15.30668],[76.5729,15.30684],[76.57275,15.30747],[76.57134,15.30729],[76.57143,15.30668]]]}},{"type":"Feature","properties":{"unitId":35,"unitName":"Kamalapur PS"},"geometry":{"type":"MultiPolygon","coordinates":[[[[76.54468,15.37814],[76.54511,15.37813],[76.54719,15.37559],[76.55322,15.37353],[76.55423,15.37201],[76.55692,15.36976],[76.55701,15.36868],[76.55809,15.36707],[76.5576,15.36648],[76.55662,15.36694],[76.55632,15.3646],[76.54499,15.36143],[76.54565,15.35971],[76.54397,15.36069],[76.54413,15.36119],[76.53533,15.36133],[76.53516,15.36068],[76.53574,15.36011],[76.53853,15.35889],[76.54042,15.35736],[76.54165,15.35828],[76.54342,15.35731],[76.54572,15.35482],[76.54819,15.3538],[76.54895,15.35143],[76.54856,15.35101],[76.54778,15.35122],[76.54748,15.35263],[76.54218,15.35586],[76.54012,15.35631],[76.53831,15.35603],[76.53771,15.35458],[76.53615,15.35392],[76.53638,15.35278],[76.53428,15.35368],[76.53408,15.35471],[76.53177,15.35446],[76.53125,15.35264],[76.53222,15.35144],[76.53412,15.3506],[76.53526,15.35106],[76.53732,15.34993],[76.53841,15.34873],[76.53161,15.34882],[76.53159,15.34841],[76.52958,15.34823],[76.52832,15.34539],[76.52758,15.34499],[76.52905,15.34349],[76.52977,15.34329],[76.53179,15.34432],[76.53351,15.34455],[76.53492,15.34324],[76.53666,15.34279],[76.53809,15.34352],[76.53938,15.34542],[76.54114,15.34589],[76.54142,15.34642],[76.54233,15.34626],[76.54352,15.34701],[76.54417,15.34688],[76.54447,15.34748],[76.54393,15.34753],[76.54378,15.34805],[76.54467,15.34852],[76.54628,15.34804],[76.54656,15.34758],[76.54608,15.34621],[76.54433,15.34594],[76.54167,15.34454],[76.54033,15.34323],[76.53998,15.34128],[76.53904,15.3395],[76.54038,15.33648],[76.5389,15.33688],[76.53796,15.33876],[76.53545,15.33933],[76.53316,15.3371],[76.53303,15.33519],[76.53113,15.33529],[76.52969,15.33392],[76.5297,15.33319],[76.531,15.33199],[76.52906,15.3318],[76.52944,15.3305],[76.52839,15.33134],[76.52747,15.32686],[76.52223,15.32161],[76.52245,15.31812],[76.52153,15.3138],[76.52081,15.31297],[76.51996,15.3122],[76.519,15.31207],[76.51071,15.31235],[76.51116,15.31055],[76.51249,15.30882],[76.51375,15.30807],[76.51639,15.30822],[76.51799,15.30694],[76.51925,15.30672],[76.5197,15.30739],[76.52148,15.30634],[76.52231,15.30642],[76.52249,15.30763],[76.5232,15.30762],[76.52363,15.30658],[76.52563,15.30702],[76.5255,15.30671],[76.52695,15.30564],[76.52867,15.30525],[76.52887,15.30459],[76.53129,15.30398],[76.53274,15.30294],[76.53455,15.30316],[76.53422,15.30516],[76.53634,15.30375],[76.53789,15.30361],[76.53856,15.3049],[76.53864,15.30682],[76.53896,15.3067],[76.5393,15.30636],[76.53896,15.30492],[76.53942,15.30462],[76.5388,15.3024],[76.54009,15.30081],[76.54279,15.30066],[76.54241,15.29862],[76.53798,15.29454],[76.53718,15.29593],[76.53504,15.29606],[76.53478,15.2953],[76.5354,15.29397],[76.53366,15.29379],[76.53231,15.29427],[76.53195,15.29558],[76.5289,15.29565],[76.52712,15.29684],[76.52605,15.29809],[76.52622,15.29912],[76.52486,15.30024],[76.52327,15.30061],[76.52056,15.30299],[76.51959,15.29961],[76.5191,15.2997],[76.51887,15.29922],[76.51935,15.2988],[76.51838,15.29777],[76.51841,15.29721],[76.5192,15.29566],[76.52037,15.2965],[76.52099,15.29596],[76.5212,15.29414],[76.52251,15.29362],[76.52105,15.29348],[76.52068,15.29393],[76.51994,15.29351],[76.51754,15.29361],[76.5173,15.29254],[76.51784,15.29197],[76.51704,15.29145],[76.51656,15.29203],[76.51595,15.29176],[76.51547,15.28994],[76.51344,15.28871],[76.51167,15.28617],[76.5103,15.28253],[76.5084,15.28136],[76.50652,15.28154],[76.50433,15.28037],[76.50433,15.27968],[76.50527,15.27885],[76.5047,15.27714],[76.49899,15.27777],[76.49843,15.27721],[76.50075,15.27573],[76.50063,15.27616],[76.50709,15.27491],[76.50764,15.27373],[76.50575,15.27361],[76.50514,15.27176],[76.50212,15.26959],[76.50275,15.26723],[76.50198,15.26475],[76.50217,15.2641],[76.50294,15.26448],[76.50464,15.26846],[76.50489,15.26725],[76.50577,15.26732],[76.50622,15.26832],[76.50644,15.2678],[76.50892,15.26773],[76.5091,15.26734],[76.51126,15.26819],[76.51319,15.26828],[76.51564,15.26924],[76.51688,15.27022],[76.51757,15.27119],[76.51748,15.27184],[76.52157,15.27486],[76.52249,15.27631],[76.52199,15.27825],[76.5241,15.27897],[76.52304,15.28074],[76.52138,15.28078],[76.52089,15.2813],[76.5203,15.28271],[76.52044,15.28423],[76.52653,15.28516],[76.52778,15.28317],[76.52857,15.28461],[76.53041,15.28476],[76.53104,15.28247],[76.53361,15.28328],[76.53493,15.28299],[76.53498,15.28379],[76.53586,15.28376],[76.53722,15.2828],[76.53831,15.28282],[76.53857,15.28089],[76.53978,15.28138],[76.54221,15.28101],[76.54261,15.27827],[76.54037,15.27815],[76.53861,15.27642],[76.53804,15.27504],[76.53522,15.27492],[76.5325,15.2742],[76.53121,15.27336],[76.52812,15.27336],[76.52738,15.27276],[76.52579,15.27319],[76.52121,15.27074],[76.51989,15.27081],[76.52059,15.26905],[76.51899,15.26912],[76.51803,15.26841],[76.51659,15.26825],[76.51675,15.26302],[76.51023,15.2639],[76.50959,15.26271],[76.50758,15.26212],[76.50712,15.26327],[76.50666,15.26322],[76.50386,15.26185],[76.504,15.26129],[76.50246,15.26079],[76.50193,15.26161],[76.50028,15.26086],[76.49962,15.26136],[76.49853,15.26124],[76.49722,15.26356],[76.49001,15.26142],[76.48472,15.26186],[76.48264,15.26119],[76.48043,15.26129],[76.47861,15.26664],[76.47521,15.26715],[76.47317,15.26672],[76.47318,15.26504],[76.47222,15.26335],[76.47086,15.26302],[76.46964,15.2645],[76.47024,15.26526],[76.46959,15.26627],[76.46987,15.2678],[76.46956,15.26853],[76.46385,15.27089],[76.4626,15.27042],[76.45846,15.2713],[76.45467,15.27047],[76.45204,15.27185],[76.45225,15.27721],[76.45291,15.27732],[76.45256,15.27826],[76.45298,15.2785],[76.45241,15.2793],[76.44605,15.27878],[76.44651,15.27911],[76.44617,15.28021],[76.44781,15.28296],[76.44699,15.28677],[76.44622,15.28808],[76.44956,15.28976],[76.44982,15.29134],[76.44941,15.29334],[76.44878,15.29362],[76.44526,15.2932],[76.44507,15.2939],[76.44305,15.29445],[76.44512,15.29696],[76.44591,15.29905],[76.44842,15.30105],[76.44771,15.30682],[76.44812,15.30833],[76.45103,15.31336],[76.4547,15.31387],[76.4589,15.31366],[76.45866,15.31955],[76.4608,15.31922],[76.46103,15.32053],[76.46288,15.32205],[76.46183,15.32301],[76.46177,15.32455],[76.46117,15.32484],[76.46166,15.32517],[76.46613,15.3244],[76.46937,15.32545],[76.46827,15.32845],[76.46875,15.3292],[76.46745,15.3306],[76.46834,15.332],[76.46749,15.3352],[76.46753,15.33734],[76.46921,15.33876],[76.46985,15.34112],[76.4771,15.34863],[76.48288,15.34688],[76.48546,15.34533],[76.49007,15.34404],[76.49323,15.34508],[76.4962,15.34716],[76.49821,15.35065],[76.50592,15.35374],[76.50841,15.35736],[76.51714,15.36416],[76.51865,15.36469],[76.52178,15.36698],[76.52361,15.37015],[76.52459,15.37087],[76.52716,15.37131],[76.53173,15.37428],[76.53361,15.37649],[76.53936,15.37911],[76.54097,15.38147],[76.54395,15.37937],[76.54468,15.37814]]],[[[76.56249,15.31002],[76.56293,15.30943],[76.5639,15.30947],[76.56422,15.30734],[76.56607,15.3056],[76.56714,15.30552],[76.56736,15.30608],[76.56831,15.30566],[76.56785,15.30463],[76.56875,15.30361],[76.57307,15.30314],[76.57283,15.29434],[76.57114,15.29271],[76.57072,15.29168],[76.57126,15.28265],[76.56862,15.28242],[76.5676,15.28446],[76.5664,15.28419],[76.56618,15.28521],[76.56507,15.28459],[76.56297,15.28451],[76.56274,15.28572],[76.56193,15.28619],[76.5604,15.28622],[76.56011,15.28673],[76.55865,15.28691],[76.55869,15.28734],[76.55534,15.28826],[76.55449,15.28787],[76.55408,15.2865],[76.55255,15.28662],[76.55255,15.28568],[76.55033,15.28379],[76.54925,15.28427],[76.54963,15.28614],[76.55039,15.28747],[76.55073,15.28737],[76.55085,15.28785],[76.5502,15.28786],[76.55043,15.28859],[76.54621,15.28852],[76.54612,15.28775],[76.54551,15.28748],[76.54477,15.28792],[76.54344,15.28774],[76.54324,15.28898],[76.53569,15.29084],[76.53534,15.29145],[76.53743,15.29171],[76.53799,15.29277],[76.54282,15.29417],[76.5433,15.29555],[76.54527,15.29586],[76.54665,15.29707],[76.547,15.2986],[76.54909,15.29828],[76.54897,15.30032],[76.55519,15.30275],[76.55307,15.30289],[76.55307,15.30379],[76.55468,15.30367],[76.55523,15.30314],[76.5538,15.30521],[76.55239,15.30453],[76.5512,15.30499],[76.55534,15.30764],[76.55641,15.30756],[76.55678,15.30856],[76.55709,15.30771],[76.55921,15.30771],[76.55925,15.30839],[76.56004,15.30827],[76.56044,15.3091],[76.56147,15.30902],[76.56249,15.31002]]],[[[76.53232,15.26764],[76.53029,15.26739],[76.52897,15.26359],[76.52759,15.26356],[76.52601,15.26168],[76.52606,15.26319],[76.52473,15.26375],[76.52342,15.26369],[76.52287,15.26441],[76.52354,15.2651],[76.52444,15.26516],[76.52564,15.26407],[76.52769,15.26418],[76.52808,15.26553],[76.52903,15.2661],[76.5295,15.26872],[76.53071,15.269],[76.53232,15.26764]]],[[[76.52968,15.32827],[76.5328,15.32735],[76.53313,15.32631],[76.53238,15.32607],[76.5308,15.327],[76.53044,15.32611],[76.53194,15.32557],[76.53189,15.32517],[76.52954,15.32579],[76.52834,15.32551],[76.52836,15.32793],[76.52968,15.32827]]],[[[76.53547,15.27378],[76.53655,15.27201],[76.53649,15.27094],[76.53533,15.27061],[76.53283,15.27346],[76.53349,15.2739],[76.5341,15.27337],[76.53427,15.27424],[76.53495,15.2745],[76.53547,15.27378]]],[[[76.53091,15.27126],[76.53152,15.27121],[76.53141,15.26992],[76.52988,15.26909],[76.52846,15.27167],[76.52768,15.27207],[76.529,15.27253],[76.53091,15.27126]]],[[[76.54267,15.26063],[76.54019,15.26048],[76.53979,15.2615],[76.54104,15.26238],[76.54214,15.26204],[76.54267,15.26063]]],[[[76.53203,15.29471],[76.53163,15.29403],[76.5293,15.29321],[76.52974,15.29473],[76.53049,15.29459],[76.53164,15.29532],[76.53215,15.29527],[76.53203,15.29471]]],[[[76.52357,15.25816],[76.52328,15.25742],[76.52242,15.25777],[76.52393,15.26055],[76.52502,15.25973],[76.52357,15.25816]]],[[[76.51525,15.28904],[76.51641,15.2879],[76.51614,15.28728],[76.51487,15.28832],[76.51525,15.28904]]],[[[76.5729,15.30684],[76.57143,15.30668],[76.57134,15.30729],[76.57212,15.30767],[76.57275,15.30747],[76.5729,15.30684]]]]}},{"type":"Feature","properties":{"unitId":36,"unitName":"H.B. Halli PS"},"geometry":{"type":"Polygon","coordinates":[[[76.27135,15.20723],[76.27282,15.20643],[76.27387,15.20438],[76.27611,15.19561],[76.27639,15.19232],[76.27586,15.19135],[76.27572,15.18874],[76.27705,15.17756],[76.27912,15.17375],[76.28368,15.16763],[76.28331,15.16409],[76.28368,15.16395],[76.2839,15.1613],[76.28326,15.15884],[76.28354,15.15314],[76.28485,15.14883],[76.2845,15.14516],[76.28374,15.14348],[76.2834,15.14092],[76.28389,15.13775],[76.28283,15.13725],[76.28493,15.13564],[76.28552,15.13183],[76.28733,15.12972],[76.28998,15.12857],[76.29655,15.12263],[76.2993,15.12108],[76.30031,15.11885],[76.30209,15.11743],[76.30388,15.11794],[76.30552,15.1191],[76.31705,15.11802],[76.3177,15.11204],[76.31643,15.10522],[76.3162,15.10123],[76.3141,15.09526],[76.30995,15.09644],[76.30596,15.09604],[76.30392,15.09736],[76.30137,15.09794],[76.30152,15.09887],[76.301,15.09897],[76.30043,15.09566],[76.29739,15.09595],[76.29739,15.09888],[76.29419,15.09926],[76.29267,15.09874],[76.29233,15.09776],[76.28577,15.09328],[76.28242,15.09206],[76.27937,15.09188],[76.27718,15.08871],[76.27386,15.08708],[76.27286,15.08207],[76.2736,15.07455],[76.27459,15.06961],[76.27631,15.06631],[76.27124,15.06359],[76.27477,15.06383],[76.27478,15.06327],[76.28063,15.06173],[76.2831,15.0619],[76.28697,15.0639],[76.29083,15.0643],[76.29365,15.06353],[76.2965,15.05878],[76.31077,15.06037],[76.31689,15.062],[76.31678,15.05387],[76.31631,15.05047],[76.31403,15.04753],[76.31103,15.04904],[76.31022,15.04638],[76.31086,15.04283],[76.31797,15.03176],[76.32201,15.02887],[76.32693,15.02834],[76.32467,15.02799],[76.32172,15.02572],[76.32012,15.02595],[76.31663,15.0252],[76.31526,15.01971],[76.3149,15.01351],[76.31328,15.00573],[76.30522,15.00586],[76.29893,15.00737],[76.2982,15.00568],[76.29515,15.00604],[76.29505,15.00216],[76.29343,15.00258],[76.28958,14.99891],[76.28896,14.99563],[76.28641,14.99719],[76.28547,14.99676],[76.28375,14.99685],[76.27695,14.99851],[76.27653,15.00737],[76.27776,15.01625],[76.27781,15.0228],[76.27924,15.02836],[76.27643,15.02639],[76.27317,15.02538],[76.26803,15.0266],[76.26743,15.02447],[76.25888,15.02528],[76.25858,15.02446],[76.25774,15.02442],[76.25682,15.02283],[76.25315,15.02433],[76.25038,15.02449],[76.25035,15.02118],[76.25119,15.01931],[76.25061,15.01556],[76.24518,15.01535],[76.24484,15.01401],[76.24265,15.0136],[76.24256,15.01403],[76.24134,15.01439],[76.24095,15.01377],[76.24032,15.01376],[76.23985,15.01226],[76.23997,15.00858],[76.23616,15.00751],[76.23224,15.00557],[76.23141,15.00445],[76.24078,14.99794],[76.24786,14.99096],[76.24816,14.98911],[76.25021,14.98686],[76.25439,14.98466],[76.25996,14.98028],[76.26712,14.97597],[76.27327,14.97401],[76.27576,14.97214],[76.27874,14.97118],[76.27749,14.97007],[76.27646,14.9659],[76.27635,14.95741],[76.27693,14.95455],[76.27535,14.95256],[76.27501,14.95335],[76.27298,14.95399],[76.27215,14.95336],[76.27141,14.95045],[76.27036,14.94872],[76.26851,14.94833],[76.26848,14.9444],[76.26756,14.94297],[76.26674,14.93681],[76.26581,14.93402],[76.26532,14.93407],[76.26327,14.92557],[76.2636,14.91967],[76.26757,14.91752],[76.27014,14.91537],[76.26583,14.9136],[76.26115,14.9135],[76.24932,14.91699],[76.24638,14.91649],[76.24158,14.92462],[76.23973,14.92606],[76.23753,14.9293],[76.2255,14.93508],[76.22333,14.93709],[76.21659,14.94033],[76.21456,14.93853],[76.21315,14.93634],[76.21138,14.93567],[76.20809,14.9314],[76.20624,14.93027],[76.20371,14.92722],[76.20084,14.9185],[76.20099,14.91317],[76.19376,14.9124],[76.17404,14.91272],[76.17269,14.91329],[76.17111,14.9127],[76.17056,14.91427],[76.1676,14.91813],[76.16729,14.91967],[76.16459,14.9198],[76.15743,14.92129],[76.1511,14.92136],[76.14766,14.92197],[76.14885,14.92697],[76.14814,14.92753],[76.14971,14.93786],[76.14917,14.93797],[76.14435,14.93739],[76.12744,14.92982],[76.12088,14.92891],[76.121,14.93351],[76.1246,14.93325],[76.12575,14.94462],[76.12994,14.94522],[76.1299,14.94608],[76.12896,14.94733],[76.13296,14.94869],[76.13611,14.95095],[76.14207,14.95328],[76.14251,14.95387],[76.14438,14.95386],[76.14688,14.95272],[76.14838,14.95141],[76.15026,14.95211],[76.15666,14.95236],[76.15796,14.95365],[76.15825,14.95542],[76.16034,14.95688],[76.16864,14.95641],[76.18351,14.96009],[76.18661,14.96006],[76.1863,14.96391],[76.18756,14.97002],[76.18033,14.97046],[76.17753,14.97187],[76.17513,14.97754],[76.17435,14.98203],[76.17012,14.98186],[76.16377,14.98299],[76.16095,14.98288],[76.15123,14.98439],[76.14759,14.98449],[76.14756,14.98634],[76.14108,14.9846],[76.13805,14.98293],[76.13667,14.98352],[76.13699,14.9839],[76.13662,14.98696],[76.13704,14.99137],[76.13882,15.00253],[76.1394,15.01451],[76.13803,15.02216],[76.13048,15.02204],[76.12031,15.02005],[76.11919,15.02208],[76.11719,15.02416],[76.11697,15.02563],[76.11703,15.02969],[76.12049,15.03497],[76.11622,15.03494],[76.11567,15.03656],[76.11762,15.03655],[76.11985,15.03755],[76.11995,15.04051],[76.11827,15.0444],[76.11536,15.04342],[76.11055,15.04042],[76.1068,15.03886],[76.1055,15.03735],[76.0979,15.03257],[76.09155,15.04789],[76.09457,15.05025],[76.09619,15.05107],[76.10596,15.05173],[76.10879,15.05104],[76.1141,15.0507],[76.11836,15.04969],[76.12247,15.04934],[76.12601,15.04985],[76.12646,15.05195],[76.12665,15.06459],[76.12871,15.0726],[76.12791,15.08696],[76.1255,15.10259],[76.12249,15.1115],[76.12122,15.11741],[76.11999,15.12038],[76.11964,15.12451],[76.12434,15.12765],[76.12816,15.12917],[76.13019,15.13231],[76.1315,15.13715],[76.1344,15.14296],[76.13455,15.14516],[76.13867,15.14471],[76.13862,15.1441],[76.14258,15.14353],[76.14821,15.14394],[76.14977,15.14501],[76.15201,15.14408],[76.15585,15.144],[76.15584,15.14364],[76.15767,15.1434],[76.16126,15.14394],[76.16135,15.14308],[76.16238,15.14291],[76.1704,15.14391],[76.17067,15.14305],[76.17101,15.14429],[76.17272,15.14469],[76.1728,15.14827],[76.17333,15.15],[76.17581,15.15249],[76.17955,15.15313],[76.18397,15.1524],[76.19083,15.15244],[76.19299,15.15292],[76.19915,15.15601],[76.20063,15.15753],[76.2014,15.16144],[76.20135,15.16577],[76.20283,15.16751],[76.20675,15.16839],[76.20976,15.17019],[76.21156,15.17071],[76.21438,15.1706],[76.21999,15.16942],[76.22745,15.16918],[76.22858,15.16997],[76.22923,15.17135],[76.22877,15.17272],[76.22771,15.17374],[76.22802,15.17629],[76.23161,15.18372],[76.22984,15.1876],[76.23039,15.18906],[76.23101,15.18866],[76.23556,15.18912],[76.23978,15.19026],[76.24368,15.18982],[76.24618,15.19008],[76.2501,15.19192],[76.25432,15.19666],[76.25617,15.2009],[76.25634,15.20406],[76.25917,15.20799],[76.26195,15.20831],[76.26657,15.20708],[76.27019,15.20883],[76.27135,15.20723]]]}},{"type":"Feature","properties":{"unitId":37,"unitName":"TB Halli PS"},"geometry":{"type":"Polygon","coordinates":[[[76.19098,15.2358],[76.19394,15.23569],[76.19789,15.23409],[76.20232,15.23317],[76.21204,15.23326],[76.21761,15.23236],[76.22732,15.23266],[76.2306,15.23142],[76.23178,15.23031],[76.23235,15.22927],[76.23237,15.22708],[76.22951,15.22316],[76.22727,15.21906],[76.22485,15.21274],[76.219,15.20392],[76.21831,15.20215],[76.21912,15.19783],[76.22007,15.19656],[76.22409,15.193],[76.23039,15.18906],[76.22984,15.1876],[76.23161,15.18372],[76.22802,15.17629],[76.22771,15.17374],[76.22922,15.17183],[76.22858,15.16997],[76.22618,15.16892],[76.21156,15.17071],[76.20976,15.17019],[76.20675,15.16839],[76.20283,15.16751],[76.20135,15.16577],[76.2014,15.16144],[76.20063,15.15753],[76.19915,15.15601],[76.19299,15.15292],[76.19083,15.15244],[76.18397,15.1524],[76.17955,15.15313],[76.17581,15.15249],[76.17333,15.15],[76.1728,15.14827],[76.17272,15.14469],[76.17101,15.14429],[76.17067,15.14305],[76.1704,15.14391],[76.16238,15.14291],[76.16135,15.14308],[76.16126,15.14394],[76.15767,15.1434],[76.15584,15.14364],[76.15585,15.144],[76.15201,15.14408],[76.14977,15.14501],[76.14821,15.14394],[76.14258,15.14353],[76.13862,15.1441],[76.13867,15.14471],[76.13455,15.14516],[76.1344,15.14296],[76.1315,15.13715],[76.13019,15.13231],[76.12816,15.12917],[76.12434,15.12765],[76.11964,15.12451],[76.11999,15.12038],[76.12122,15.11741],[76.12249,15.1115],[76.1255,15.10259],[76.12791,15.08696],[76.12871,15.0726],[76.12665,15.06459],[76.12646,15.05195],[76.12601,15.04985],[76.12247,15.04934],[76.11836,15.04969],[76.1141,15.0507],[76.10879,15.05104],[76.10596,15.05173],[76.09619,15.05107],[76.09151,15.04815],[76.08521,15.04694],[76.07789,15.0465],[76.08061,15.04351],[76.07155,15.04049],[76.0717,15.0391],[76.07095,15.03882],[76.06328,15.03875],[76.06324,15.03772],[76.05555,15.03753],[76.0435,15.03512],[76.03709,15.03487],[76.03868,15.04418],[76.03912,15.05035],[76.03992,15.05367],[76.04079,15.05368],[76.04086,15.056],[76.04155,15.05618],[76.04165,15.06069],[76.04089,15.0696],[76.04014,15.0711],[76.0311,15.06877],[76.01613,15.06809],[76.01505,15.07546],[76.01522,15.07932],[76.01417,15.09052],[76.00271,15.08973],[76.00144,15.09341],[75.99977,15.09604],[75.99772,15.10337],[75.99527,15.10777],[75.99374,15.10938],[75.99442,15.11246],[75.99118,15.13584],[75.99177,15.13977],[75.99393,15.14641],[75.99831,15.14552],[76.00375,15.1482],[76.00663,15.14845],[76.01069,15.14801],[76.01821,15.14502],[76.02484,15.14319],[76.03138,15.14295],[76.03934,15.1438],[76.04123,15.14412],[76.04439,15.14571],[76.04769,15.14858],[76.05003,15.14983],[76.05101,15.15159],[76.05582,15.15624],[76.05811,15.15711],[76.06743,15.1586],[76.07183,15.15881],[76.07637,15.15821],[76.08258,15.15897],[76.08886,15.16136],[76.09498,15.16298],[76.10205,15.16758],[76.10502,15.17316],[76.10596,15.18362],[76.10848,15.19267],[76.11082,15.19689],[76.11397,15.19988],[76.11665,15.20141],[76.1229,15.2033],[76.12768,15.20333],[76.13249,15.20257],[76.1385,15.20075],[76.14407,15.1983],[76.15092,15.19605],[76.1531,15.19586],[76.15724,15.197],[76.15901,15.19852],[76.16053,15.2008],[76.16019,15.20374],[76.15862,15.20546],[76.15751,15.21035],[76.15835,15.21292],[76.16279,15.21652],[76.16513,15.2199],[76.16792,15.2214],[76.17401,15.22702],[76.17818,15.23003],[76.18538,15.23463],[76.18756,15.23552],[76.19098,15.2358]]]}},{"type":"Feature","properties":{"unitId":38,"unitName":"Hadagali PS"},"geometry":{"type":"MultiPolygon","coordinates":[[[[75.98035,15.1515],[75.98588,15.151],[75.99008,15.14896],[75.99393,15.14641],[75.99177,15.13977],[75.99118,15.13584],[75.99442,15.11246],[75.99374,15.10938],[75.99527,15.10777],[75.99772,15.10337],[75.99977,15.09604],[76.00144,15.09341],[76.00271,15.08973],[76.01417,15.09052],[76.01522,15.07932],[76.01505,15.07546],[76.01613,15.06809],[76.0311,15.06877],[76.04014,15.0711],[76.04089,15.0696],[76.04165,15.06069],[76.04155,15.05618],[76.04086,15.056],[76.04079,15.05368],[76.03992,15.05367],[76.03912,15.05035],[76.03822,15.04092],[76.03638,15.0317],[76.03671,15.01683],[76.03437,15.01628],[76.03427,15.01514],[76.03259,15.01465],[76.03243,15.01245],[76.02967,15.01212],[76.02944,15.00787],[76.02471,15.00726],[76.02403,15.0056],[76.01405,15.00431],[76.01391,15.00262],[76.01206,14.99714],[76.00841,14.99701],[75.99896,14.99456],[75.99617,14.99503],[75.98882,14.99472],[75.97288,14.99629],[75.97455,14.99145],[75.97491,14.98485],[75.97641,14.9748],[75.97647,14.96965],[75.97593,14.96535],[75.97416,14.96454],[75.97272,14.95923],[75.97212,14.95474],[75.97057,14.95383],[75.97047,14.95315],[75.96843,14.95253],[75.9679,14.95062],[75.96684,14.95001],[75.96574,14.94764],[75.96396,14.94254],[75.96226,14.94275],[75.96142,14.94114],[75.94902,14.94033],[75.94803,14.93908],[75.94521,14.93731],[75.94083,14.92919],[75.94238,14.92651],[75.95362,14.91741],[75.96366,14.90814],[75.96602,14.90131],[75.96306,14.90402],[75.95988,14.9023],[75.94958,14.90191],[75.94975,14.90028],[75.94005,14.9001],[75.93968,14.89635],[75.93805,14.89605],[75.93821,14.89556],[75.93711,14.89536],[75.93704,14.89262],[75.93457,14.89271],[75.93464,14.89148],[75.93311,14.89165],[75.9309,14.89283],[75.93064,14.89227],[75.92902,14.89188],[75.92753,14.88947],[75.91998,14.88854],[75.91494,14.88702],[75.91366,14.89535],[75.91374,14.90629],[75.91581,14.91373],[75.91626,14.91376],[75.91629,14.91563],[75.91742,14.92024],[75.91844,14.9333],[75.91836,14.93586],[75.91478,14.93657],[75.91492,14.93795],[75.91554,14.93803],[75.91494,14.93877],[75.92641,14.93821],[75.92652,14.9377],[75.92905,14.9387],[75.92652,14.95044],[75.9251,14.95163],[75.92422,14.95358],[75.92083,14.9581],[75.919,14.95966],[75.9167,14.95923],[75.91693,14.95645],[75.91408,14.95517],[75.91253,14.95593],[75.90535,14.97111],[75.9039,14.97204],[75.90207,14.97457],[75.89943,14.98073],[75.89806,14.98283],[75.89798,14.98429],[75.89624,14.98663],[75.89523,14.98901],[75.8962,14.99188],[75.90088,14.99631],[75.90565,14.9994],[75.90748,15.00257],[75.90766,15.00467],[75.90718,15.00663],[75.90487,15.0093],[75.90506,15.01161],[75.9039,15.01384],[75.89923,15.0165],[75.89818,15.01769],[75.89741,15.01745],[75.89541,15.01529],[75.89412,15.01483],[75.89277,15.01498],[75.89049,15.01692],[75.89051,15.01981],[75.89006,15.0212],[75.88804,15.02175],[75.88689,15.02065],[75.88345,15.01906],[75.87373,15.0117],[75.87143,15.00794],[75.8688,15.00624],[75.87504,15.00317],[75.87587,15.00117],[75.87394,14.99907],[75.86691,14.99363],[75.86342,14.99293],[75.85327,14.99333],[75.85227,14.99515],[75.84933,14.99403],[75.8466,14.99662],[75.84393,14.99537],[75.84116,14.99479],[75.84144,14.99573],[75.83995,14.99475],[75.83795,14.99459],[75.83243,14.99872],[75.83055,15.00251],[75.82994,15.00233],[75.8255,15.00593],[75.84268,15.00604],[75.84409,15.00678],[75.84291,15.00917],[75.84403,15.00986],[75.84574,15.01082],[75.84798,15.01073],[75.85688,15.01399],[75.86113,15.01647],[75.8665,15.02262],[75.87013,15.03063],[75.87158,15.03099],[75.8719,15.03149],[75.87198,15.03489],[75.87482,15.03818],[75.87573,15.03817],[75.87751,15.03931],[75.88033,15.04712],[75.88385,15.05271],[75.89253,15.05435],[75.90108,15.05488],[75.90375,15.05596],[75.90595,15.05824],[75.90946,15.0734],[75.90831,15.07921],[75.9063,15.08154],[75.90111,15.08596],[75.89673,15.08942],[75.89272,15.09187],[75.88863,15.09556],[75.8859,15.09941],[75.88495,15.10419],[75.88594,15.10834],[75.88743,15.11057],[75.88895,15.11132],[75.89016,15.11329],[75.89288,15.11561],[75.89788,15.11785],[75.90211,15.12592],[75.90186,15.12846],[75.90222,15.13047],[75.90656,15.13316],[75.911,15.13481],[75.91074,15.13536],[75.9154,15.13527],[75.91912,15.13719],[75.92128,15.13903],[75.92704,15.14121],[75.92715,15.13963],[75.93381,15.13984],[75.93691,15.13907],[75.9387,15.13779],[75.94633,15.13536],[75.95158,15.13533],[75.95154,15.13861],[75.95611,15.13821],[75.95969,15.13902],[75.96016,15.1375],[75.96443,15.1394],[75.96376,15.14057],[75.96724,15.14292],[75.96879,15.14445],[75.97003,15.14672],[75.97189,15.14825],[75.97601,15.15028],[75.98035,15.1515]]],[[[75.81412,15.01495],[75.81017,15.01445],[75.8065,15.01322],[75.80512,15.01346],[75.80533,15.01231],[75.80399,15.00903],[75.79715,15.0057],[75.79699,15.00456],[75.79514,15.00358],[75.79439,15.0076],[75.79367,15.00891],[75.79476,15.00974],[75.79711,15.01012],[75.80075,15.01367],[75.80748,15.02433],[75.81019,15.02548],[75.81165,15.02432],[75.81351,15.02088],[75.81553,15.01923],[75.81803,15.01602],[75.81412,15.01495]]],[[[75.79281,15.00529],[75.79324,15.00167],[75.78971,15.00064],[75.78995,14.99938],[75.78651,14.99859],[75.78386,14.99948],[75.7843,15],[75.78416,15.00172],[75.78661,15.00157],[75.78926,15.00498],[75.79001,15.00548],[75.79028,15.00504],[75.79265,15.00812],[75.79319,15.0072],[75.7927,15.00654],[75.79281,15.00529]]]]}},{"type":"Feature","properties":{"unitId":39,"unitName":"Hirehadagali PS"},"geometry":{"type":"Polygon","coordinates":[[[75.8604,15.03619],[75.87198,15.03489],[75.8719,15.03149],[75.87158,15.03099],[75.87013,15.03063],[75.8665,15.02262],[75.86113,15.01647],[75.85688,15.01399],[75.84798,15.01073],[75.84574,15.01082],[75.84403,15.00986],[75.84291,15.00917],[75.84409,15.00678],[75.84268,15.00604],[75.8255,15.00593],[75.82994,15.00233],[75.83055,15.00251],[75.83243,14.99872],[75.83795,14.99459],[75.83995,14.99475],[75.84144,14.99573],[75.84116,14.99479],[75.84393,14.99537],[75.8466,14.99662],[75.84933,14.99403],[75.85227,14.99515],[75.85327,14.99333],[75.86342,14.99293],[75.86691,14.99363],[75.87394,14.99907],[75.87587,15.00117],[75.87504,15.00317],[75.8688,15.00624],[75.87143,15.00794],[75.87373,15.0117],[75.88345,15.01906],[75.88689,15.02065],[75.88804,15.02175],[75.89006,15.0212],[75.89051,15.01981],[75.89049,15.01692],[75.89277,15.01498],[75.89412,15.01483],[75.89541,15.01529],[75.89741,15.01745],[75.89818,15.01769],[75.89923,15.0165],[75.9039,15.01384],[75.90506,15.01161],[75.90487,15.0093],[75.90718,15.00663],[75.90766,15.00467],[75.90748,15.00257],[75.90565,14.9994],[75.90088,14.99631],[75.8962,14.99188],[75.89523,14.98901],[75.89624,14.98663],[75.89798,14.98429],[75.89806,14.98283],[75.89943,14.98073],[75.90207,14.97457],[75.9039,14.97204],[75.90535,14.97111],[75.91253,14.95593],[75.91408,14.95517],[75.91693,14.95645],[75.9167,14.95923],[75.919,14.95966],[75.92083,14.9581],[75.92422,14.95358],[75.9251,14.95163],[75.92652,14.95044],[75.92905,14.9387],[75.92652,14.9377],[75.92641,14.93821],[75.91494,14.93877],[75.91554,14.93803],[75.91492,14.93795],[75.91478,14.93657],[75.91836,14.93586],[75.91844,14.9333],[75.91742,14.92024],[75.91629,14.91563],[75.91626,14.91376],[75.91581,14.91373],[75.91374,14.90629],[75.91366,14.89535],[75.91494,14.88702],[75.90372,14.88394],[75.90104,14.88113],[75.89979,14.88107],[75.89931,14.87866],[75.89765,14.87886],[75.89783,14.87841],[75.89298,14.87748],[75.88806,14.87281],[75.88701,14.86846],[75.879,14.86886],[75.87512,14.86801],[75.87419,14.86723],[75.86924,14.86645],[75.86699,14.85561],[75.86614,14.85563],[75.8659,14.85496],[75.86019,14.85728],[75.85978,14.85829],[75.8591,14.85809],[75.85842,14.8586],[75.85336,14.86323],[75.85378,14.86447],[75.8532,14.8647],[75.85315,14.86543],[75.8536,14.87248],[75.85443,14.87829],[75.85598,14.88231],[75.85423,14.88347],[75.84773,14.8848],[75.84779,14.88706],[75.84528,14.89005],[75.84129,14.88976],[75.83364,14.8848],[75.83289,14.88304],[75.831,14.885],[75.82582,14.89939],[75.81631,14.90004],[75.81623,14.89631],[75.8134,14.89608],[75.81286,14.89371],[75.81178,14.89354],[75.81116,14.89127],[75.8113,14.8894],[75.81066,14.88917],[75.81103,14.88701],[75.80958,14.88105],[75.8019,14.87477],[75.80294,14.87374],[75.80204,14.86914],[75.80424,14.86257],[75.80923,14.85113],[75.81088,14.84485],[75.81058,14.84293],[75.80576,14.84032],[75.80908,14.83333],[75.81173,14.8305],[75.81714,14.83323],[75.81819,14.83461],[75.83289,14.81357],[75.83416,14.80342],[75.83219,14.79388],[75.83012,14.791],[75.82655,14.7804],[75.82406,14.77727],[75.82232,14.77625],[75.81608,14.77602],[75.81456,14.77684],[75.8052,14.77175],[75.79789,14.76902],[75.79639,14.77133],[75.78591,14.77854],[75.78445,14.78025],[75.78453,14.78084],[75.77694,14.78563],[75.77421,14.78925],[75.77199,14.78481],[75.76922,14.7807],[75.76189,14.7778],[75.75662,14.77439],[75.75769,14.75974],[75.75642,14.7439],[75.75685,14.74309],[75.75676,14.74243],[75.75602,14.74217],[75.75648,14.74097],[75.75566,14.73941],[75.75654,14.73895],[75.75143,14.73783],[75.74973,14.73791],[75.74056,14.73274],[75.73706,14.73201],[75.73074,14.72949],[75.72819,14.72907],[75.71884,14.72207],[75.71445,14.72173],[75.7085,14.72372],[75.70518,14.72657],[75.70398,14.72851],[75.70408,14.73201],[75.71433,14.74249],[75.71621,14.7465],[75.71988,14.7499],[75.72199,14.75434],[75.72203,14.75935],[75.72361,14.7708],[75.72266,14.77407],[75.72106,14.77576],[75.71542,14.77995],[75.7128,14.78087],[75.6997,14.7822],[75.69439,14.78362],[75.69183,14.78497],[75.68712,14.79054],[75.68268,14.79482],[75.67829,14.79815],[75.66873,14.799],[75.66499,14.80131],[75.66354,14.8033],[75.66388,14.80541],[75.66516,14.80883],[75.67036,14.81736],[75.67755,14.83648],[75.68001,14.84047],[75.68137,14.8437],[75.68611,14.85105],[75.69058,14.8569],[75.69358,14.8592],[75.69475,14.85629],[75.69546,14.85267],[75.70157,14.85261],[75.70232,14.85413],[75.7094,14.85269],[75.71125,14.85297],[75.71162,14.85234],[75.71269,14.85282],[75.71557,14.85707],[75.7168,14.85762],[75.7214,14.86155],[75.72222,14.8642],[75.72848,14.86347],[75.73239,14.86386],[75.73362,14.87107],[75.73415,14.88291],[75.73557,14.88302],[75.73603,14.88423],[75.73914,14.88715],[75.73808,14.88798],[75.73816,14.88837],[75.73613,14.88948],[75.73606,14.89009],[75.73353,14.8909],[75.73296,14.89218],[75.73002,14.89379],[75.72774,14.8941],[75.72811,14.89605],[75.72776,14.89736],[75.70639,14.8941],[75.69807,14.89208],[75.69673,14.89137],[75.69408,14.89604],[75.69171,14.9021],[75.68964,14.90868],[75.68955,14.91123],[75.68734,14.91481],[75.68393,14.92517],[75.68292,14.93087],[75.68272,14.93688],[75.68316,14.93923],[75.68744,14.9427],[75.69126,14.94471],[75.7076,14.94846],[75.71099,14.94881],[75.71245,14.9498],[75.71729,14.95082],[75.72132,14.95072],[75.72432,14.94979],[75.72867,14.9478],[75.73423,14.9443],[75.73709,14.94348],[75.73952,14.9439],[75.74254,14.94539],[75.75466,14.95685],[75.76034,14.96604],[75.76248,14.96765],[75.76972,14.97081],[75.77532,14.97522],[75.77893,14.97701],[75.7803,14.9825],[75.77965,14.98825],[75.78207,14.99638],[75.78386,14.99948],[75.78595,14.99861],[75.78921,14.9992],[75.78995,14.99938],[75.78971,15.00064],[75.79324,15.00167],[75.7927,15.00654],[75.79319,15.0072],[75.79265,15.00812],[75.79367,15.00891],[75.79417,15.00806],[75.79514,15.00358],[75.79699,15.00456],[75.79715,15.0057],[75.80399,15.00903],[75.80533,15.01231],[75.80512,15.01346],[75.8065,15.01322],[75.81017,15.01445],[75.81295,15.01461],[75.81803,15.01602],[75.81553,15.01923],[75.81351,15.02088],[75.81165,15.02432],[75.80915,15.0263],[75.81617,15.02808],[75.82523,15.02745],[75.83082,15.02813],[75.83382,15.03005],[75.83464,15.03115],[75.8368,15.03585],[75.83711,15.0399],[75.84044,15.04108],[75.84416,15.04356],[75.8466,15.04446],[75.84907,15.04464],[75.85107,15.0437],[75.85483,15.03867],[75.85802,15.03674],[75.8604,15.03619]]]}},{"type":"Feature","properties":{"unitId":40,"unitName":"Ittigi PS"},"geometry":{"type":"Polygon","coordinates":[[[76.09182,15.04694],[76.0979,15.03257],[76.1055,15.03735],[76.1068,15.03886],[76.11055,15.04042],[76.11536,15.04342],[76.11827,15.0444],[76.11995,15.04051],[76.11985,15.03755],[76.11762,15.03655],[76.11567,15.03656],[76.11622,15.03494],[76.12049,15.03497],[76.11703,15.02969],[76.11697,15.02563],[76.11719,15.02416],[76.11919,15.02208],[76.12031,15.02005],[76.13048,15.02204],[76.13803,15.02216],[76.1394,15.01451],[76.13882,15.00253],[76.13704,14.99137],[76.13662,14.98696],[76.13699,14.9839],[76.13667,14.98352],[76.13805,14.98293],[76.14108,14.9846],[76.14756,14.98634],[76.14759,14.98449],[76.15123,14.98439],[76.16095,14.98288],[76.16377,14.98299],[76.17012,14.98186],[76.17435,14.98203],[76.17513,14.97754],[76.17753,14.97187],[76.18033,14.97046],[76.18755,14.97008],[76.1863,14.96391],[76.18661,14.96006],[76.18351,14.96009],[76.16864,14.95641],[76.16034,14.95688],[76.15825,14.95542],[76.15796,14.95365],[76.15666,14.95236],[76.15026,14.95211],[76.14838,14.95141],[76.14688,14.95272],[76.14438,14.95386],[76.14251,14.95387],[76.14207,14.95328],[76.13611,14.95095],[76.13296,14.94869],[76.12896,14.94733],[76.1299,14.94608],[76.12994,14.94522],[76.12575,14.94462],[76.1246,14.93325],[76.121,14.93351],[76.12088,14.92891],[76.12641,14.92959],[76.12996,14.93077],[76.14435,14.93739],[76.14971,14.93786],[76.14814,14.92753],[76.14885,14.92697],[76.14766,14.92197],[76.1511,14.92136],[76.15743,14.92129],[76.16459,14.9198],[76.16729,14.91967],[76.1676,14.91813],[76.17088,14.91362],[76.17104,14.91267],[76.16508,14.91215],[76.16158,14.88847],[76.16244,14.88304],[76.15878,14.88171],[76.15734,14.88167],[76.15668,14.88043],[76.15587,14.88015],[76.15482,14.87719],[76.15421,14.87334],[76.15489,14.87264],[76.15446,14.87226],[76.15552,14.87134],[76.15827,14.87078],[76.15884,14.87023],[76.15851,14.86871],[76.15587,14.86584],[76.15532,14.86239],[76.15256,14.86175],[76.13528,14.8618],[76.13016,14.86128],[76.1309,14.86827],[76.12612,14.87022],[76.11882,14.86934],[76.11558,14.86956],[76.11555,14.87009],[76.11432,14.87023],[76.10598,14.87012],[76.10045,14.86922],[76.09285,14.86891],[76.09273,14.86793],[76.08859,14.86825],[76.08321,14.86997],[76.08238,14.87064],[76.08008,14.87092],[76.07229,14.86896],[76.07143,14.87383],[76.06675,14.88096],[76.06646,14.88308],[76.0646,14.88731],[76.06802,14.89111],[76.07256,14.8937],[76.07263,14.89441],[76.0749,14.89646],[76.07608,14.89879],[76.07716,14.89873],[76.07803,14.89937],[76.07812,14.90058],[76.07861,14.90059],[76.07835,14.90223],[76.07973,14.90358],[76.08261,14.90429],[76.08258,14.90656],[76.08462,14.91263],[76.08171,14.91271],[76.08137,14.91166],[76.0753,14.91102],[76.06852,14.90841],[76.0683,14.91023],[76.06776,14.91095],[76.06533,14.91091],[76.06509,14.91362],[76.06326,14.9157],[76.06045,14.91683],[76.05927,14.91705],[76.05936,14.91634],[76.05696,14.91734],[76.05054,14.91711],[76.04925,14.92269],[76.04839,14.92266],[76.04852,14.92392],[76.0481,14.92484],[76.04857,14.9251],[76.04725,14.93056],[76.04489,14.93019],[76.04448,14.93174],[76.04265,14.93128],[76.0417,14.93037],[76.03889,14.92911],[76.03698,14.92768],[76.03695,14.92611],[76.03447,14.92577],[76.03225,14.92471],[76.03086,14.92174],[76.02518,14.91648],[76.02565,14.91425],[76.02248,14.91132],[76.01979,14.90683],[76.0177,14.90563],[76.01386,14.90137],[76.01296,14.89939],[76.01245,14.89915],[76.01251,14.89815],[76.01095,14.89679],[76.01066,14.89825],[76.01113,14.89832],[76.01013,14.90211],[76.01116,14.90547],[76.00975,14.90519],[76.0054,14.90592],[76.0045,14.90565],[76.00394,14.9022],[76.00095,14.9017],[75.99817,14.89751],[75.98624,14.90748],[75.98448,14.90829],[75.98378,14.90831],[75.98388,14.90784],[75.98054,14.90224],[75.97512,14.90023],[75.96494,14.90696],[75.95362,14.91741],[75.94238,14.92651],[75.94083,14.92919],[75.94521,14.93731],[75.94803,14.93908],[75.94902,14.94033],[75.96142,14.94114],[75.96226,14.94275],[75.96396,14.94254],[75.96574,14.94764],[75.96684,14.95001],[75.9679,14.95062],[75.96843,14.95253],[75.97047,14.95315],[75.97057,14.95383],[75.97212,14.95474],[75.97272,14.95923],[75.97416,14.96454],[75.97593,14.96535],[75.97647,14.96965],[75.97641,14.9748],[75.97491,14.98485],[75.97455,14.99145],[75.97288,14.99629],[75.98882,14.99472],[75.99617,14.99503],[75.99896,14.99456],[76.00841,14.99701],[76.01206,14.99714],[76.01391,15.00262],[76.01405,15.00431],[76.02403,15.0056],[76.02471,15.00726],[76.02944,15.00787],[76.02967,15.01212],[76.03243,15.01245],[76.03259,15.01465],[76.03427,15.01514],[76.03437,15.01628],[76.03662,15.01667],[76.03658,15.02625],[76.03614,15.02969],[76.03709,15.03487],[76.0435,15.03512],[76.05555,15.03753],[76.06324,15.03772],[76.06328,15.03875],[76.07095,15.03882],[76.0717,15.0391],[76.07155,15.04049],[76.08061,15.04351],[76.07789,15.0465],[76.08521,15.04694],[76.09023,15.04813],[76.09151,15.04815],[76.09182,15.04694]]]}},{"type":"Feature","properties":{"unitId":41,"unitName":"Sandur PS"},"geometry":{"type":"Polygon","coordinates":[[[76.44857,15.22014],[76.44915,15.2196],[76.45137,15.21946],[76.46072,15.21654],[76.46995,15.21112],[76.47579,15.20941],[76.48124,15.20882],[76.4847,15.20559],[76.48725,15.20242],[76.48846,15.19529],[76.4968,15.184],[76.4997,15.18149],[76.49947,15.17962],[76.50397,15.17976],[76.50823,15.17856],[76.51409,15.17475],[76.51464,15.17327],[76.5136,15.16982],[76.51818,15.16411],[76.52165,15.16292],[76.52483,15.16254],[76.53339,15.1594],[76.54247,15.1578],[76.54533,15.1563],[76.54928,15.15533],[76.55238,15.15673],[76.55355,15.15839],[76.55469,15.16338],[76.55517,15.16383],[76.56059,15.16312],[76.56539,15.16059],[76.57323,15.15551],[76.57421,15.15378],[76.58345,15.14376],[76.58989,15.142],[76.59218,15.14197],[76.59418,15.14436],[76.59615,15.14361],[76.60284,15.14361],[76.61385,15.14254],[76.61245,15.13897],[76.61282,15.13835],[76.61394,15.13837],[76.61443,15.13606],[76.6212,15.1348],[76.62453,15.13484],[76.62548,15.13382],[76.62757,15.13348],[76.62966,15.13249],[76.63086,15.13289],[76.63263,15.13234],[76.63344,15.13334],[76.63557,15.13203],[76.63562,15.13236],[76.63826,15.13201],[76.63807,15.13079],[76.63981,15.13124],[76.64093,15.13074],[76.64058,15.12746],[76.64215,15.12659],[76.64721,15.12652],[76.64817,15.12985],[76.65641,15.12593],[76.663,15.121],[76.66602,15.11463],[76.65895,15.11611],[76.65886,15.11576],[76.65787,15.11594],[76.65713,15.11643],[76.6566,15.11791],[76.65426,15.11821],[76.65258,15.11777],[76.65203,15.11833],[76.65133,15.11751],[76.65375,15.1158],[76.65246,15.11475],[76.65181,15.11214],[76.65391,15.11207],[76.65267,15.10747],[76.65381,15.10591],[76.65377,15.10525],[76.65564,15.10424],[76.65597,15.10329],[76.65832,15.10274],[76.66079,15.10002],[76.6594,15.09964],[76.66416,15.09446],[76.66366,15.09357],[76.66205,15.0937],[76.65683,15.09247],[76.65453,15.09034],[76.65285,15.08665],[76.65517,15.08414],[76.65694,15.08605],[76.65727,15.08828],[76.65946,15.08919],[76.66078,15.0887],[76.66213,15.08409],[76.66411,15.08393],[76.66403,15.08204],[76.66139,15.08199],[76.66014,15.08072],[76.65982,15.07901],[76.6587,15.07795],[76.65798,15.075],[76.65796,15.07263],[76.6575,15.07251],[76.65858,15.07015],[76.65813,15.06816],[76.65767,15.06762],[76.65687,15.06787],[76.6558,15.06964],[76.65388,15.07086],[76.65278,15.0687],[76.65287,15.067],[76.65468,15.06569],[76.65472,15.06398],[76.65379,15.0637],[76.65186,15.06415],[76.6527,15.06108],[76.65171,15.05809],[76.6499,15.05805],[76.6498,15.05767],[76.65143,15.05714],[76.65117,15.05261],[76.64989,15.05048],[76.64886,15.04971],[76.64906,15.04932],[76.65093,15.04935],[76.65215,15.04681],[76.65301,15.04656],[76.65467,15.04224],[76.6555,15.04136],[76.65639,15.0384],[76.6572,15.03738],[76.65737,15.03377],[76.65396,15.03093],[76.65637,15.02888],[76.65704,15.03088],[76.65995,15.03299],[76.6646,15.03381],[76.66629,15.03319],[76.66546,15.03096],[76.66683,15.02897],[76.66936,15.02089],[76.67096,15.01865],[76.6714,15.01932],[76.67309,15.01896],[76.67258,15.0175],[76.67444,15.01601],[76.67382,15.01203],[76.6779,15.00931],[76.67896,15.00797],[76.68075,15.00144],[76.68018,14.99997],[76.68132,14.9989],[76.68166,14.99638],[76.67799,14.99651],[76.6777,14.99588],[76.67959,14.99489],[76.68128,14.99078],[76.68457,14.98983],[76.68727,14.98428],[76.68799,14.98085],[76.68937,14.97827],[76.68486,14.97946],[76.68538,14.97288],[76.68765,14.96703],[76.68326,14.97006],[76.67855,14.96944],[76.67651,14.96804],[76.67196,14.9705],[76.66819,14.97491],[76.65915,14.9832],[76.6544,14.98894],[76.65012,14.99162],[76.64851,14.99455],[76.64252,14.99852],[76.63403,15.00129],[76.62969,15.00712],[76.63005,15.00323],[76.62935,14.99979],[76.61404,14.98379],[76.61332,14.98163],[76.61203,14.98114],[76.61063,14.97746],[76.60957,14.97766],[76.60864,14.97848],[76.60742,14.97789],[76.60514,14.97776],[76.60384,14.97782],[76.60323,14.97838],[76.60095,14.97674],[76.59912,14.9788],[76.59542,14.97798],[76.59373,14.98177],[76.59376,14.98332],[76.58459,14.98664],[76.58364,14.98648],[76.58036,14.98418],[76.57975,14.98434],[76.57764,14.98696],[76.57504,14.98703],[76.57511,14.99203],[76.57468,14.99306],[76.56915,14.99253],[76.56649,14.99287],[76.55901,14.99542],[76.55779,14.99521],[76.54949,14.98722],[76.54778,14.98723],[76.54645,14.98793],[76.54404,14.9913],[76.54217,14.99282],[76.5409,14.9946],[76.5398,14.99816],[76.53382,15.00092],[76.53172,15.00341],[76.5287,15.00256],[76.52866,15.00073],[76.52063,14.99612],[76.52092,14.99818],[76.52163,14.99945],[76.52357,15.00219],[76.52521,15.00326],[76.52241,15.00383],[76.51871,15.00555],[76.51514,15.01086],[76.51601,15.01369],[76.518,15.01394],[76.51819,15.01802],[76.51577,15.0199],[76.51548,15.02066],[76.51595,15.02237],[76.51523,15.02277],[76.51414,15.02659],[76.50499,15.03264],[76.49967,15.03314],[76.49955,15.03386],[76.49564,15.03673],[76.49574,15.03816],[76.49451,15.03877],[76.49435,15.03991],[76.49376,15.04015],[76.4941,15.04114],[76.49335,15.04255],[76.49026,15.0424],[76.47947,15.03927],[76.47472,15.04244],[76.47109,15.04874],[76.47118,15.04972],[76.47395,15.05011],[76.47085,15.05214],[76.47205,15.05465],[76.47161,15.05717],[76.4742,15.05969],[76.48124,15.0696],[76.47809,15.07229],[76.4733,15.07749],[76.47153,15.08088],[76.46997,15.08271],[76.46702,15.08466],[76.46085,15.09066],[76.45797,15.09982],[76.44117,15.13665],[76.43665,15.14125],[76.43201,15.14947],[76.42451,15.15722],[76.42172,15.16131],[76.41723,15.17017],[76.41508,15.17324],[76.41026,15.17557],[76.40718,15.17877],[76.40561,15.17966],[76.40312,15.18239],[76.39689,15.19252],[76.40561,15.19327],[76.41033,15.19292],[76.4215,15.20481],[76.42359,15.20559],[76.42625,15.20845],[76.43235,15.21627],[76.43078,15.21794],[76.42897,15.22257],[76.42888,15.22401],[76.43137,15.22982],[76.43306,15.23202],[76.43919,15.22614],[76.44462,15.22385],[76.44857,15.22014]],[[76.64746,15.11232],[76.64687,15.11083],[76.64673,15.11147],[76.64536,15.11076],[76.64541,15.10967],[76.64818,15.10927],[76.65001,15.11177],[76.64856,15.11255],[76.64746,15.11232]],[[76.64547,15.11562],[76.64601,15.11559],[76.64621,15.11657],[76.6456,15.11664],[76.64547,15.11562]]]}},{"type":"Feature","properties":{"unitId":42,"unitName":"Torangal PS"},"geometry":{"type":"Polygon","coordinates":[[[76.69175,15.21752],[76.69467,15.21298],[76.70064,15.20559],[76.7094,15.19977],[76.71182,15.19527],[76.71284,15.18973],[76.7133,15.18972],[76.71325,15.18826],[76.7143,15.18772],[76.71401,15.18514],[76.71504,15.1808],[76.71722,15.18019],[76.71898,15.1774],[76.72094,15.17668],[76.7215,15.17149],[76.72334,15.1695],[76.7277,15.17032],[76.7294,15.17027],[76.73167,15.16936],[76.7323,15.1682],[76.73716,15.16525],[76.73938,15.16183],[76.74276,15.15979],[76.74356,15.15744],[76.74379,15.14713],[76.74435,15.14673],[76.74582,15.1469],[76.74737,15.14478],[76.75005,15.14279],[76.74955,15.13854],[76.75063,15.13718],[76.75472,15.12847],[76.76018,15.12353],[76.7636,15.11904],[76.76513,15.11891],[76.76903,15.11587],[76.7774,15.11135],[76.78063,15.11022],[76.78605,15.11398],[76.79039,15.11041],[76.79509,15.10828],[76.79648,15.10664],[76.79792,15.10124],[76.79996,15.09942],[76.80159,15.09548],[76.79886,15.09455],[76.79491,15.0913],[76.7939,15.08946],[76.79352,15.08741],[76.79269,15.08647],[76.78715,15.08739],[76.78619,15.08492],[76.78626,15.08148],[76.78335,15.07665],[76.7789,15.07891],[76.7775,15.07708],[76.78065,15.07488],[76.77525,15.0705],[76.77377,15.06404],[76.77363,15.05921],[76.77679,15.05422],[76.77759,15.05023],[76.7791,15.04784],[76.77906,15.04634],[76.78059,15.04251],[76.78374,15.04229],[76.78389,15.03951],[76.78606,15.03709],[76.78599,15.02744],[76.79051,15.02064],[76.78916,15.01722],[76.78874,15.01314],[76.7876,15.00853],[76.78628,15.0066],[76.78364,15.00414],[76.78013,15.00506],[76.77888,15.00591],[76.77852,15.00671],[76.77873,15.00466],[76.77709,15.00104],[76.77523,14.99384],[76.77216,14.99058],[76.76949,14.9914],[76.76653,14.98953],[76.764,14.99016],[76.76101,14.99016],[76.75737,14.98652],[76.75392,14.98428],[76.74837,14.98677],[76.74271,14.98737],[76.74042,14.9868],[76.73721,14.98706],[76.73612,14.98524],[76.73416,14.98538],[76.73454,14.98693],[76.73327,14.98715],[76.73219,14.9902],[76.73199,14.99231],[76.73017,14.99581],[76.72801,14.99763],[76.72844,15.00011],[76.72718,15.00011],[76.72779,15.00146],[76.72791,15.00957],[76.73597,15.02253],[76.73275,15.03199],[76.72961,15.03313],[76.72376,15.03411],[76.72247,15.0348],[76.71949,15.03429],[76.71763,15.03628],[76.71522,15.03534],[76.71387,15.03379],[76.71265,15.03331],[76.71083,15.03294],[76.70851,15.0334],[76.70588,15.03282],[76.70365,15.03319],[76.70254,15.02947],[76.70266,15.02765],[76.70378,15.02329],[76.70448,15.02286],[76.70449,15.02108],[76.70206,15.0168],[76.70084,15.01667],[76.69327,15.01908],[76.6861,15.01845],[76.68663,15.02111],[76.6862,15.02119],[76.68638,15.02206],[76.68815,15.0233],[76.68919,15.02326],[76.68847,15.02458],[76.68757,15.02516],[76.67749,15.02474],[76.67709,15.02381],[76.67573,15.02321],[76.67616,15.02199],[76.67582,15.0215],[76.67335,15.02012],[76.67237,15.02026],[76.67096,15.01865],[76.66936,15.02089],[76.66683,15.02897],[76.66546,15.03096],[76.66633,15.03331],[76.66985,15.03895],[76.67388,15.04342],[76.67497,15.0438],[76.67522,15.04551],[76.67487,15.04591],[76.67468,15.04526],[76.67315,15.04574],[76.67241,15.04788],[76.67459,15.04857],[76.6754,15.05068],[76.67855,15.05072],[76.67946,15.05129],[76.68338,15.05043],[76.68237,15.05231],[76.68188,15.05568],[76.68008,15.05799],[76.68044,15.05846],[76.67962,15.05984],[76.67199,15.06726],[76.67131,15.07664],[76.67002,15.07832],[76.66894,15.07947],[76.66403,15.08204],[76.66411,15.08393],[76.66213,15.08409],[76.66078,15.0887],[76.65946,15.08919],[76.65727,15.08828],[76.65694,15.08605],[76.65517,15.08414],[76.65285,15.08665],[76.65453,15.09034],[76.65683,15.09247],[76.66205,15.0937],[76.66366,15.09357],[76.66416,15.09446],[76.6594,15.09964],[76.66267,15.10011],[76.66432,15.10107],[76.66847,15.10006],[76.67054,15.10121],[76.67174,15.10289],[76.67415,15.10383],[76.67294,15.10486],[76.67502,15.10961],[76.67502,15.11113],[76.6765,15.11246],[76.67767,15.11278],[76.67426,15.11378],[76.67296,15.11477],[76.66602,15.11463],[76.663,15.121],[76.65641,15.12593],[76.64817,15.12985],[76.64984,15.13661],[76.64762,15.14301],[76.64381,15.1447],[76.64172,15.14844],[76.63605,15.15438],[76.63674,15.1578],[76.63127,15.15967],[76.6236,15.16743],[76.62165,15.17063],[76.62249,15.17125],[76.61956,15.17245],[76.61191,15.17437],[76.61215,15.17654],[76.61494,15.17662],[76.61745,15.17819],[76.61746,15.1797],[76.61642,15.18172],[76.61438,15.18194],[76.61417,15.18136],[76.61262,15.1836],[76.60965,15.18376],[76.60901,15.18401],[76.60861,15.18497],[76.604,15.186],[76.60209,15.18763],[76.59988,15.18792],[76.59672,15.18984],[76.59679,15.1943],[76.60348,15.19494],[76.60486,15.19913],[76.61505,15.2004],[76.61812,15.20763],[76.62097,15.21168],[76.63481,15.20761],[76.64812,15.20514],[76.64749,15.20439],[76.64723,15.20283],[76.64897,15.20216],[76.64852,15.20133],[76.64917,15.20124],[76.64857,15.19822],[76.64861,15.19015],[76.65032,15.17485],[76.65082,15.15771],[76.65961,15.16079],[76.66027,15.17281],[76.66148,15.17968],[76.66454,15.18738],[76.66633,15.19026],[76.66902,15.19798],[76.67154,15.20643],[76.67147,15.21214],[76.6787,15.21628],[76.68373,15.21696],[76.68778,15.21851],[76.69134,15.21829],[76.69175,15.21752]]]}},{"type":"Feature","properties":{"unitId":43,"unitName":"Gadiganur PS"},"geometry":{"type":"MultiPolygon","coordinates":[[[[76.6075,15.25989],[76.60722,15.25445],[76.60556,15.25006],[76.60323,15.24666],[76.60389,15.24389],[76.6014,15.24323],[76.60016,15.24225],[76.59919,15.24059],[76.59925,15.23891],[76.60035,15.23737],[76.60232,15.22478],[76.60393,15.22256],[76.60355,15.22166],[76.60229,15.22175],[76.60228,15.22097],[76.60312,15.22044],[76.60331,15.2197],[76.60606,15.22038],[76.60783,15.22254],[76.6081,15.22193],[76.61283,15.22504],[76.61534,15.22376],[76.61496,15.22269],[76.61511,15.22053],[76.61394,15.21739],[76.61037,15.21277],[76.60439,15.19822],[76.60348,15.19494],[76.59679,15.1943],[76.59672,15.18984],[76.59988,15.18792],[76.60209,15.18763],[76.604,15.186],[76.60861,15.18497],[76.60901,15.18401],[76.60965,15.18376],[76.61262,15.1836],[76.61417,15.18136],[76.61438,15.18194],[76.61642,15.18172],[76.61746,15.1797],[76.61745,15.17819],[76.61494,15.17662],[76.61215,15.17654],[76.61191,15.17437],[76.61956,15.17245],[76.62249,15.17125],[76.62165,15.17063],[76.6236,15.16743],[76.63127,15.15967],[76.63674,15.1578],[76.63605,15.15438],[76.64172,15.14844],[76.64381,15.1447],[76.64762,15.14301],[76.64953,15.13799],[76.64984,15.13661],[76.64721,15.12652],[76.64215,15.12659],[76.64058,15.12746],[76.64093,15.13074],[76.63981,15.13124],[76.63807,15.13079],[76.63826,15.13201],[76.63562,15.13236],[76.63557,15.13203],[76.63344,15.13334],[76.63263,15.13234],[76.63086,15.13289],[76.62966,15.13249],[76.62757,15.13348],[76.62548,15.13382],[76.62453,15.13484],[76.6212,15.1348],[76.61443,15.13606],[76.61394,15.13837],[76.61282,15.13835],[76.61245,15.13897],[76.61385,15.14254],[76.60284,15.14361],[76.59615,15.14361],[76.59418,15.14436],[76.59218,15.14197],[76.58989,15.142],[76.58345,15.14376],[76.57421,15.15378],[76.57323,15.15551],[76.56539,15.16059],[76.56059,15.16312],[76.55517,15.16383],[76.55469,15.16338],[76.55355,15.15839],[76.55238,15.15673],[76.54928,15.15533],[76.54533,15.1563],[76.54247,15.1578],[76.53339,15.1594],[76.52483,15.16254],[76.52165,15.16292],[76.51818,15.16411],[76.5136,15.16982],[76.51464,15.17327],[76.51409,15.17475],[76.50823,15.17856],[76.50397,15.17976],[76.49947,15.17962],[76.4997,15.18149],[76.4968,15.184],[76.48846,15.19529],[76.48725,15.20242],[76.4847,15.20559],[76.48124,15.20882],[76.47579,15.20941],[76.46802,15.21194],[76.46072,15.21654],[76.45434,15.21863],[76.45309,15.2225],[76.45582,15.2254],[76.45765,15.2251],[76.45982,15.2239],[76.46258,15.22517],[76.46369,15.22511],[76.46493,15.22377],[76.46383,15.22264],[76.46406,15.22195],[76.46726,15.21974],[76.47033,15.21999],[76.47298,15.22099],[76.47498,15.22037],[76.47671,15.21844],[76.47691,15.2211],[76.47608,15.22645],[76.47688,15.23145],[76.47771,15.23268],[76.47752,15.23553],[76.47693,15.23643],[76.47717,15.23778],[76.47598,15.23753],[76.47503,15.23943],[76.47595,15.24614],[76.47536,15.24829],[76.47627,15.24893],[76.47744,15.25269],[76.48847,15.25064],[76.48946,15.24979],[76.48848,15.24852],[76.48825,15.24921],[76.48681,15.24911],[76.48686,15.24858],[76.48591,15.24848],[76.48398,15.24725],[76.48356,15.24495],[76.48386,15.24348],[76.48462,15.24302],[76.4854,15.24357],[76.49326,15.24515],[76.49793,15.24711],[76.49975,15.24718],[76.50213,15.24815],[76.5068,15.24827],[76.50606,15.25192],[76.50485,15.2533],[76.50924,15.25493],[76.51125,15.25474],[76.51423,15.2564],[76.51655,15.2585],[76.51923,15.25881],[76.52294,15.25771],[76.52052,15.25411],[76.5183,15.25303],[76.51721,15.25045],[76.51951,15.24991],[76.52122,15.24884],[76.52201,15.24759],[76.52244,15.24757],[76.52238,15.24873],[76.52462,15.24854],[76.5256,15.24756],[76.5288,15.24734],[76.53003,15.24695],[76.53083,15.24608],[76.53857,15.24573],[76.54438,15.24408],[76.54667,15.24522],[76.54639,15.24643],[76.54675,15.24692],[76.54767,15.24664],[76.54861,15.24741],[76.55269,15.24149],[76.55397,15.24101],[76.55446,15.2418],[76.55523,15.24174],[76.55946,15.24362],[76.5589,15.24527],[76.56197,15.24462],[76.56179,15.24304],[76.56434,15.24198],[76.56508,15.24195],[76.56642,15.24309],[76.5669,15.24491],[76.56909,15.24448],[76.57155,15.24707],[76.57185,15.24679],[76.57283,15.24753],[76.57379,15.24984],[76.57527,15.25171],[76.57498,15.25294],[76.57541,15.25474],[76.57786,15.2541],[76.57878,15.25482],[76.57937,15.25632],[76.57887,15.25833],[76.58143,15.25398],[76.57902,15.2492],[76.57826,15.24993],[76.57698,15.24921],[76.57632,15.24655],[76.57334,15.2449],[76.57177,15.24471],[76.57154,15.24391],[76.5726,15.24342],[76.57059,15.24344],[76.57169,15.24223],[76.57133,15.24101],[76.57157,15.23918],[76.57184,15.23851],[76.57245,15.23839],[76.5753,15.23874],[76.57582,15.23721],[76.57751,15.23619],[76.57793,15.23479],[76.57861,15.23446],[76.5801,15.2356],[76.58077,15.23681],[76.57932,15.23914],[76.5807,15.24035],[76.58124,15.24025],[76.58156,15.24161],[76.5833,15.23925],[76.58461,15.23841],[76.58444,15.23501],[76.58617,15.23294],[76.58655,15.23302],[76.58723,15.23521],[76.5863,15.2378],[76.58698,15.24001],[76.58429,15.24379],[76.58235,15.24903],[76.58273,15.25471],[76.5862,15.25507],[76.59028,15.25895],[76.59451,15.25866],[76.59714,15.25926],[76.60154,15.26302],[76.60762,15.26209],[76.6075,15.25989]]],[[[76.64014,15.23786],[76.64094,15.23726],[76.64214,15.23933],[76.64356,15.23776],[76.64683,15.23606],[76.64679,15.23485],[76.64811,15.23491],[76.64755,15.23573],[76.64913,15.23558],[76.6494,15.23451],[76.65887,15.22888],[76.6626,15.22515],[76.66748,15.22392],[76.66753,15.21412],[76.67147,15.21214],[76.67154,15.20643],[76.66902,15.19798],[76.66633,15.19026],[76.66454,15.18738],[76.66148,15.17968],[76.66027,15.17281],[76.65961,15.16079],[76.65082,15.15771],[76.65032,15.17485],[76.64861,15.19015],[76.64857,15.19822],[76.64917,15.20124],[76.64852,15.20133],[76.64897,15.20216],[76.64723,15.20283],[76.64749,15.20439],[76.64812,15.20514],[76.63481,15.20761],[76.62097,15.21168],[76.624,15.21768],[76.62817,15.22856],[76.6286,15.23529],[76.63021,15.23875],[76.63498,15.24178],[76.63628,15.24009],[76.64014,15.23786]]],[[[76.67158,15.07158],[76.67199,15.06726],[76.67962,15.05984],[76.68044,15.05846],[76.68008,15.05799],[76.68188,15.05568],[76.68237,15.05231],[76.68338,15.05043],[76.67946,15.05129],[76.67855,15.05072],[76.6754,15.05068],[76.67459,15.04857],[76.67241,15.04788],[76.67315,15.04574],[76.67468,15.04526],[76.67487,15.04591],[76.67522,15.04551],[76.67497,15.0438],[76.67388,15.04342],[76.66985,15.03895],[76.66629,15.03319],[76.6646,15.03381],[76.65995,15.03299],[76.65704,15.03088],[76.65637,15.02888],[76.65396,15.03093],[76.65737,15.03377],[76.6572,15.03738],[76.65639,15.0384],[76.6555,15.04136],[76.65467,15.04224],[76.65301,15.04656],[76.65215,15.04681],[76.65093,15.04935],[76.64906,15.04932],[76.64886,15.04971],[76.64989,15.05048],[76.65117,15.05261],[76.65143,15.05714],[76.6498,15.05767],[76.6499,15.05805],[76.65171,15.05809],[76.6527,15.06108],[76.65186,15.06415],[76.65379,15.0637],[76.65472,15.06398],[76.65468,15.06569],[76.65287,15.067],[76.65278,15.0687],[76.65388,15.07086],[76.6558,15.06964],[76.65687,15.06787],[76.65767,15.06762],[76.65813,15.06816],[76.65858,15.07015],[76.6575,15.07251],[76.65796,15.07263],[76.65822,15.07617],[76.6587,15.07795],[76.65982,15.07901],[76.66014,15.08072],[76.66139,15.08199],[76.66403,15.08204],[76.66894,15.07947],[76.67131,15.07664],[76.67158,15.07158]]],[[[76.65246,15.11789],[76.65426,15.11821],[76.6566,15.11791],[76.65713,15.11643],[76.65787,15.11594],[76.65886,15.11576],[76.65895,15.11611],[76.66493,15.11468],[76.67296,15.11477],[76.67426,15.11378],[76.67767,15.11278],[76.6765,15.11246],[76.67502,15.11113],[76.67502,15.10961],[76.67294,15.10486],[76.67415,15.10383],[76.67174,15.10289],[76.67054,15.10121],[76.66847,15.10006],[76.66432,15.10107],[76.66267,15.10011],[76.66079,15.10002],[76.65832,15.10274],[76.65597,15.10329],[76.65564,15.10424],[76.65377,15.10525],[76.65381,15.10591],[76.65267,15.10747],[76.65391,15.11207],[76.65181,15.11214],[76.65246,15.11475],[76.65375,15.1158],[76.65133,15.11751],[76.65203,15.11833],[76.65246,15.11789]]],[[[76.65001,15.11177],[76.64818,15.10927],[76.64541,15.10967],[76.64536,15.11076],[76.64673,15.11147],[76.64687,15.11083],[76.64746,15.11232],[76.64856,15.11255],[76.65001,15.11177]]],[[[76.64601,15.11559],[76.64546,15.11556],[76.6456,15.11664],[76.64621,15.11657],[76.64601,15.11559]]]]}},{"type":"Feature","properties":{"unitId":44,"unitName":"MM Halli PS"},"geometry":{"type":"Polygon","coordinates":[[[76.30881,15.24168],[76.313,15.23775],[76.31778,15.23415],[76.32348,15.22833],[76.32702,15.221],[76.32611,15.21993],[76.33066,15.22084],[76.33179,15.21999],[76.33244,15.21494],[76.33399,15.21087],[76.33621,15.20681],[76.34507,15.20677],[76.34924,15.20733],[76.34905,15.20891],[76.34942,15.20969],[76.34844,15.21186],[76.35153,15.21197],[76.35173,15.2093],[76.35777,15.2103],[76.36175,15.21167],[76.36191,15.21255],[76.35977,15.21251],[76.35932,15.21622],[76.36027,15.21653],[76.36418,15.21226],[76.36829,15.21461],[76.37892,15.21815],[76.38486,15.22175],[76.38902,15.2191],[76.39781,15.21134],[76.40834,15.1992],[76.41109,15.19372],[76.41033,15.19292],[76.40561,15.19327],[76.39689,15.19252],[76.40312,15.18239],[76.40561,15.17966],[76.40718,15.17877],[76.41026,15.17557],[76.41508,15.17324],[76.41723,15.17017],[76.42172,15.16131],[76.42451,15.15722],[76.43201,15.14947],[76.43665,15.14125],[76.44117,15.13665],[76.45797,15.09982],[76.46085,15.09066],[76.46702,15.08466],[76.46997,15.08271],[76.47153,15.08088],[76.4733,15.07749],[76.47809,15.07229],[76.48124,15.0696],[76.4742,15.05969],[76.47161,15.05717],[76.47205,15.05465],[76.47085,15.05214],[76.47395,15.05011],[76.47118,15.04972],[76.47109,15.04874],[76.47472,15.04244],[76.46428,15.04845],[76.46161,15.04264],[76.45207,15.03873],[76.44663,15.03909],[76.44505,15.03969],[76.43944,15.04028],[76.43168,15.04217],[76.42885,15.04369],[76.42302,15.04493],[76.41443,15.05463],[76.41105,15.06079],[76.39801,15.06219],[76.39359,15.06352],[76.39372,15.05287],[76.39937,15.04761],[76.4022,15.03803],[76.40441,15.03822],[76.40614,15.03421],[76.406,15.02972],[76.4015,15.02578],[76.39795,15.02354],[76.39634,15.02358],[76.39329,15.02187],[76.39112,15.02204],[76.39078,15.02293],[76.38874,15.02261],[76.38841,15.02303],[76.38435,15.02228],[76.37933,15.02325],[76.37729,15.02169],[76.37881,15.02112],[76.37961,15.01897],[76.37883,15.01387],[76.3796,15.01235],[76.37757,15.00904],[76.37768,15.00594],[76.37549,15.0054],[76.37409,15.00083],[76.37208,14.99673],[76.37001,14.99661],[76.36761,14.99535],[76.36335,14.99552],[76.3631,14.99503],[76.36118,14.99563],[76.35997,14.99662],[76.36042,14.99667],[76.36025,14.99729],[76.35834,15.00015],[76.35481,15.00105],[76.35096,15.00767],[76.34554,15.01242],[76.33878,15.0197],[76.33679,15.02267],[76.33458,15.02799],[76.33322,15.0275],[76.32201,15.02887],[76.31797,15.03176],[76.31537,15.03549],[76.31086,15.04283],[76.31022,15.04638],[76.31103,15.04904],[76.31403,15.04753],[76.31631,15.05047],[76.31678,15.05387],[76.31689,15.062],[76.31077,15.06037],[76.2965,15.05878],[76.29365,15.06353],[76.29083,15.0643],[76.28697,15.0639],[76.2831,15.0619],[76.28063,15.06173],[76.27478,15.06327],[76.27477,15.06383],[76.27124,15.06359],[76.27631,15.06631],[76.27459,15.06961],[76.274,15.07183],[76.27288,15.08271],[76.27386,15.08708],[76.27718,15.08871],[76.27937,15.09188],[76.28242,15.09206],[76.28577,15.09328],[76.29233,15.09776],[76.29267,15.09874],[76.29419,15.09926],[76.29739,15.09888],[76.29739,15.09595],[76.30043,15.09566],[76.301,15.09897],[76.30152,15.09887],[76.30137,15.09794],[76.30392,15.09736],[76.30596,15.09604],[76.30995,15.09644],[76.3141,15.09526],[76.3162,15.10123],[76.31643,15.10522],[76.3177,15.11204],[76.31705,15.11802],[76.30552,15.1191],[76.30388,15.11794],[76.30209,15.11743],[76.30031,15.11885],[76.2993,15.12108],[76.29655,15.12263],[76.28998,15.12857],[76.28733,15.12972],[76.28552,15.13183],[76.28493,15.13564],[76.28283,15.13725],[76.28389,15.13775],[76.2834,15.14092],[76.28374,15.14348],[76.2845,15.14516],[76.28485,15.14883],[76.28354,15.15314],[76.28326,15.15884],[76.2839,15.1613],[76.28368,15.16395],[76.28331,15.16409],[76.28368,15.16763],[76.27912,15.17375],[76.27705,15.17756],[76.27572,15.18874],[76.27586,15.19135],[76.27641,15.19268],[76.27558,15.19813],[76.27387,15.20438],[76.27282,15.20643],[76.27143,15.20705],[76.27022,15.20879],[76.27879,15.22046],[76.28551,15.2259],[76.29638,15.23335],[76.30709,15.23972],[76.30881,15.24168]]]}},{"type":"Feature","properties":{"unitId":45,"unitName":"Kudligi PS"},"geometry":{"type":"Polygon","coordinates":[[[76.44663,15.03909],[76.45207,15.03873],[76.46161,15.04264],[76.46428,15.04845],[76.47947,15.03927],[76.49026,15.0424],[76.49335,15.04255],[76.4941,15.04114],[76.49376,15.04015],[76.49435,15.03991],[76.49451,15.03877],[76.49574,15.03816],[76.49564,15.03673],[76.49955,15.03386],[76.49967,15.03314],[76.50499,15.03264],[76.51414,15.02659],[76.51523,15.02277],[76.51595,15.02237],[76.51548,15.02066],[76.51577,15.0199],[76.51819,15.01802],[76.518,15.01394],[76.51601,15.01369],[76.51514,15.01086],[76.51871,15.00555],[76.52241,15.00383],[76.52521,15.00326],[76.52357,15.00219],[76.52163,14.99945],[76.52092,14.99818],[76.52063,14.99612],[76.52574,14.99872],[76.52714,14.99789],[76.52747,14.99834],[76.53133,14.99501],[76.53806,14.99148],[76.53573,14.98347],[76.53596,14.97806],[76.54649,14.9817],[76.55003,14.98162],[76.54795,14.97295],[76.5458,14.9738],[76.54033,14.9745],[76.53657,14.97387],[76.5331,14.96952],[76.53094,14.96834],[76.53001,14.96563],[76.52897,14.9646],[76.52797,14.96222],[76.52615,14.9531],[76.52458,14.94949],[76.52342,14.95013],[76.52299,14.9516],[76.52171,14.95206],[76.51899,14.95101],[76.51738,14.95226],[76.51542,14.95258],[76.51316,14.95041],[76.51065,14.94987],[76.51033,14.94854],[76.50214,14.94855],[76.50074,14.94775],[76.50079,14.9344],[76.49669,14.93498],[76.48952,14.93446],[76.48172,14.93287],[76.47827,14.93423],[76.47563,14.93455],[76.47644,14.93593],[76.47146,14.93635],[76.47239,14.93078],[76.47064,14.92699],[76.46916,14.92519],[76.46221,14.92337],[76.45831,14.9193],[76.45512,14.91761],[76.45351,14.91616],[76.45252,14.91251],[76.45414,14.90981],[76.45505,14.90495],[76.45778,14.90232],[76.4577,14.90017],[76.46021,14.89278],[76.45938,14.89043],[76.45908,14.88503],[76.45777,14.88344],[76.45879,14.88377],[76.4636,14.88209],[76.46563,14.87583],[76.47051,14.87941],[76.47275,14.88309],[76.47802,14.88284],[76.47486,14.87204],[76.47565,14.86825],[76.47694,14.86648],[76.47669,14.86577],[76.48087,14.85953],[76.48175,14.85911],[76.47708,14.84918],[76.4737,14.84427],[76.46921,14.84022],[76.46592,14.8391],[76.46457,14.83974],[76.4626,14.83992],[76.46266,14.83904],[76.46388,14.83772],[76.46195,14.83659],[76.4613,14.83419],[76.45986,14.83429],[76.45993,14.83485],[76.4575,14.83563],[76.45656,14.83506],[76.45171,14.83434],[76.45051,14.83124],[76.45096,14.82705],[76.44657,14.82728],[76.44105,14.82866],[76.43993,14.8301],[76.439,14.82953],[76.43876,14.83059],[76.43656,14.83063],[76.43358,14.832],[76.43131,14.83416],[76.43028,14.83653],[76.42195,14.83843],[76.41824,14.83713],[76.411,14.83633],[76.40793,14.83758],[76.40514,14.83735],[76.40373,14.83773],[76.40067,14.83692],[76.39369,14.83714],[76.38531,14.83655],[76.38116,14.83784],[76.37798,14.83769],[76.37609,14.83514],[76.37486,14.83087],[76.3744,14.83166],[76.37201,14.83265],[76.36643,14.83357],[76.36474,14.83463],[76.36241,14.83509],[76.36172,14.82869],[76.36188,14.82499],[76.3558,14.82514],[76.35535,14.82482],[76.35345,14.82531],[76.3509,14.81956],[76.35024,14.81231],[76.34382,14.81639],[76.34065,14.82058],[76.33904,14.82128],[76.33662,14.82138],[76.33308,14.82235],[76.32739,14.82154],[76.31972,14.81954],[76.3192,14.82001],[76.31972,14.82382],[76.32194,14.82446],[76.33423,14.84232],[76.31567,14.84872],[76.30953,14.86147],[76.30297,14.86533],[76.30139,14.86956],[76.30271,14.87572],[76.30235,14.87743],[76.30313,14.88072],[76.30349,14.89204],[76.31931,14.88995],[76.32019,14.89527],[76.31901,14.89466],[76.31822,14.89691],[76.31729,14.90414],[76.31759,14.90561],[76.31161,14.90527],[76.30781,14.90604],[76.3044,14.91042],[76.30251,14.90676],[76.30087,14.90529],[76.29699,14.89759],[76.29466,14.89415],[76.2906,14.8935],[76.28371,14.89396],[76.2837,14.89593],[76.28213,14.89768],[76.28252,14.89895],[76.27939,14.90198],[76.27604,14.90418],[76.27156,14.90807],[76.26975,14.90807],[76.26912,14.90966],[76.26926,14.91311],[76.27014,14.91537],[76.26757,14.91752],[76.2636,14.91967],[76.26327,14.92557],[76.26532,14.93407],[76.26581,14.93402],[76.26674,14.93681],[76.26756,14.94297],[76.26848,14.9444],[76.26851,14.94833],[76.27036,14.94872],[76.27141,14.95045],[76.27215,14.95336],[76.27298,14.95399],[76.27501,14.95335],[76.27535,14.95256],[76.27693,14.95455],[76.27635,14.95741],[76.27646,14.9659],[76.27749,14.97007],[76.27874,14.97118],[76.27576,14.97214],[76.27327,14.97401],[76.26712,14.97597],[76.25996,14.98028],[76.25439,14.98466],[76.25021,14.98686],[76.24816,14.98911],[76.24786,14.99096],[76.24078,14.99794],[76.23141,15.00445],[76.23224,15.00557],[76.23616,15.00751],[76.23997,15.00858],[76.23985,15.01226],[76.24032,15.01376],[76.24095,15.01377],[76.24134,15.01439],[76.24256,15.01403],[76.24265,15.0136],[76.24484,15.01401],[76.24518,15.01535],[76.25061,15.01556],[76.25119,15.01931],[76.25035,15.02118],[76.25038,15.02449],[76.25315,15.02433],[76.25682,15.02283],[76.25774,15.02442],[76.25858,15.02446],[76.25888,15.02528],[76.26743,15.02447],[76.26803,15.0266],[76.27317,15.02538],[76.27643,15.02639],[76.27924,15.02836],[76.27781,15.0228],[76.27776,15.01625],[76.27653,15.00737],[76.27695,14.99851],[76.28375,14.99685],[76.28547,14.99676],[76.28641,14.99719],[76.28896,14.99563],[76.28958,14.99891],[76.29343,15.00258],[76.29505,15.00216],[76.29515,15.00604],[76.2982,15.00568],[76.29893,15.00737],[76.30522,15.00586],[76.31328,15.00573],[76.3149,15.01351],[76.31526,15.01971],[76.31663,15.0252],[76.32012,15.02595],[76.32172,15.02572],[76.32502,15.0281],[76.32703,15.02837],[76.33322,15.0275],[76.3343,15.02801],[76.33679,15.02267],[76.33878,15.0197],[76.34554,15.01242],[76.35096,15.00767],[76.35481,15.00105],[76.35834,15.00015],[76.36025,14.99729],[76.36042,14.99667],[76.35997,14.99662],[76.36107,14.99569],[76.3631,14.99503],[76.36335,14.99552],[76.36761,14.99535],[76.37001,14.99661],[76.37208,14.99673],[76.37409,15.00083],[76.37549,15.0054],[76.37768,15.00594],[76.37757,15.00904],[76.3796,15.01235],[76.37883,15.01387],[76.37957,15.01954],[76.37881,15.02112],[76.37729,15.02169],[76.37933,15.02325],[76.38435,15.02228],[76.38841,15.02303],[76.38874,15.02261],[76.39078,15.02293],[76.39112,15.02204],[76.39329,15.02187],[76.39634,15.02358],[76.39795,15.02354],[76.4015,15.02578],[76.406,15.02972],[76.40614,15.03421],[76.40441,15.03822],[76.4022,15.03803],[76.39937,15.04761],[76.39372,15.05287],[76.39359,15.06352],[76.39801,15.06219],[76.41105,15.06079],[76.41443,15.05463],[76.42302,15.04493],[76.42885,15.04369],[76.43168,15.04217],[76.44663,15.03909]],[[76.53249,14.97192],[76.53339,14.97186],[76.5337,14.97422],[76.53154,14.97406],[76.53249,14.97192]]]}},{"type":"Feature","properties":{"unitId":46,"unitName":"Gudekota PS"},"geometry":{"type":"MultiPolygon","coordinates":[[[[76.66407,14.97865],[76.66819,14.97491],[76.67196,14.9705],[76.67651,14.96804],[76.67855,14.96944],[76.68326,14.97006],[76.68765,14.96703],[76.68538,14.97288],[76.68486,14.97946],[76.68912,14.97827],[76.69816,14.9781],[76.70037,14.97741],[76.70513,14.97731],[76.71229,14.97502],[76.71269,14.97375],[76.71601,14.97295],[76.71621,14.9705],[76.71706,14.96848],[76.71671,14.96347],[76.7171,14.96304],[76.71761,14.95316],[76.71478,14.9424],[76.71329,14.93932],[76.70623,14.9427],[76.70696,14.93041],[76.70368,14.93116],[76.69854,14.92759],[76.69806,14.92811],[76.69582,14.9269],[76.69115,14.92957],[76.6912,14.929],[76.67912,14.93874],[76.65957,14.94202],[76.66257,14.92858],[76.66247,14.92643],[76.66545,14.91985],[76.66617,14.91655],[76.66718,14.91531],[76.67752,14.91143],[76.67766,14.88776],[76.69449,14.89063],[76.6976,14.8907],[76.71225,14.8676],[76.7136,14.86484],[76.71418,14.85619],[76.71496,14.85296],[76.71444,14.84648],[76.71267,14.84388],[76.71191,14.8375],[76.71926,14.83258],[76.72063,14.8322],[76.72078,14.83173],[76.72406,14.83123],[76.73419,14.82732],[76.74047,14.82562],[76.74151,14.82161],[76.74097,14.818],[76.73976,14.81773],[76.74004,14.81525],[76.73491,14.81549],[76.73455,14.81314],[76.71833,14.81781],[76.71098,14.8171],[76.70517,14.81751],[76.69372,14.81323],[76.68194,14.80772],[76.67468,14.79284],[76.66837,14.79163],[76.66865,14.79115],[76.67026,14.79113],[76.67189,14.79037],[76.67351,14.78909],[76.67361,14.78804],[76.6729,14.78697],[76.66955,14.78661],[76.66626,14.77997],[76.66587,14.77716],[76.66693,14.77519],[76.65972,14.77163],[76.66007,14.76614],[76.65752,14.76474],[76.65521,14.75706],[76.65217,14.7576],[76.65078,14.7574],[76.6499,14.75696],[76.64875,14.75539],[76.65077,14.75193],[76.64966,14.74771],[76.65113,14.74501],[76.6509,14.74396],[76.64977,14.74257],[76.64938,14.74007],[76.64953,14.73849],[76.651,14.73709],[76.64929,14.73444],[76.64908,14.72817],[76.65012,14.72775],[76.65073,14.72583],[76.64894,14.72406],[76.64772,14.72186],[76.64715,14.71882],[76.64542,14.71771],[76.64442,14.71561],[76.64458,14.71314],[76.64424,14.71265],[76.63931,14.71155],[76.63398,14.71624],[76.63089,14.71745],[76.62837,14.71978],[76.62701,14.72045],[76.6235,14.71917],[76.62191,14.71666],[76.6214,14.71672],[76.6208,14.71589],[76.61294,14.71727],[76.6078,14.72024],[76.60756,14.72238],[76.60547,14.72685],[76.60251,14.72828],[76.59783,14.72968],[76.59622,14.73167],[76.59227,14.73195],[76.59285,14.72934],[76.59285,14.72526],[76.58778,14.72639],[76.57481,14.728],[76.57481,14.73191],[76.57587,14.73426],[76.57297,14.73654],[76.56781,14.73937],[76.56026,14.74089],[76.56136,14.74431],[76.56167,14.74852],[76.55785,14.74704],[76.55784,14.74632],[76.55544,14.7456],[76.55198,14.7466],[76.55185,14.74127],[76.5508,14.73742],[76.54717,14.73642],[76.54718,14.73537],[76.54673,14.73526],[76.54722,14.7326],[76.54546,14.73208],[76.54541,14.73037],[76.54346,14.72944],[76.54314,14.72471],[76.53868,14.72336],[76.53669,14.72344],[76.53532,14.72211],[76.53463,14.71322],[76.5335,14.71044],[76.53105,14.69592],[76.53055,14.68269],[76.52471,14.67698],[76.52142,14.67501],[76.51019,14.67191],[76.50891,14.67693],[76.50283,14.67651],[76.5019,14.67605],[76.5017,14.67702],[76.49442,14.67927],[76.49445,14.68051],[76.4932,14.68095],[76.49082,14.68087],[76.49004,14.68177],[76.48962,14.68703],[76.49026,14.69819],[76.48927,14.70583],[76.4887,14.70601],[76.48862,14.70843],[76.49255,14.71045],[76.49436,14.70961],[76.4967,14.71043],[76.49774,14.71035],[76.49949,14.70917],[76.50096,14.70936],[76.50355,14.71121],[76.50228,14.7127],[76.5046,14.71457],[76.50528,14.71629],[76.5018,14.7202],[76.50181,14.72097],[76.50207,14.72136],[76.50966,14.72208],[76.51101,14.72321],[76.51292,14.72972],[76.51216,14.73657],[76.51549,14.74157],[76.51717,14.74226],[76.5171,14.74334],[76.51781,14.74374],[76.51874,14.74857],[76.51781,14.74859],[76.51767,14.74932],[76.51712,14.74932],[76.51593,14.7506],[76.51454,14.75392],[76.51295,14.75366],[76.51258,14.75464],[76.51162,14.75482],[76.51038,14.75617],[76.50732,14.76121],[76.50564,14.76921],[76.50474,14.77646],[76.50386,14.77617],[76.50363,14.77551],[76.50223,14.77605],[76.50174,14.77821],[76.49988,14.7788],[76.49965,14.77495],[76.49754,14.77403],[76.49557,14.77424],[76.49487,14.77599],[76.49362,14.77711],[76.49226,14.78215],[76.49156,14.78258],[76.49036,14.7847],[76.48549,14.78071],[76.48363,14.78069],[76.48159,14.78331],[76.4811,14.78604],[76.47741,14.78987],[76.47549,14.78989],[76.47319,14.79145],[76.4708,14.79209],[76.46835,14.79425],[76.46734,14.79698],[76.46586,14.79838],[76.46047,14.80084],[76.45958,14.80042],[76.45831,14.801],[76.45319,14.81375],[76.45154,14.81674],[76.44794,14.82118],[76.44999,14.82414],[76.45096,14.82705],[76.45051,14.83124],[76.45171,14.83434],[76.45656,14.83506],[76.4575,14.83563],[76.45993,14.83485],[76.45986,14.83429],[76.4613,14.83419],[76.46195,14.83659],[76.46388,14.83772],[76.46266,14.83904],[76.4626,14.83992],[76.46457,14.83974],[76.46592,14.8391],[76.46921,14.84022],[76.4737,14.84427],[76.47708,14.84918],[76.48175,14.85911],[76.48087,14.85953],[76.47669,14.86577],[76.47694,14.86648],[76.47565,14.86825],[76.47486,14.87204],[76.47802,14.88284],[76.47275,14.88309],[76.47051,14.87941],[76.46563,14.87583],[76.4636,14.88209],[76.45879,14.88377],[76.45777,14.88344],[76.45908,14.88503],[76.45938,14.89043],[76.46021,14.89278],[76.4577,14.90017],[76.45778,14.90232],[76.45505,14.90495],[76.45414,14.90981],[76.45252,14.91251],[76.45351,14.91616],[76.45512,14.91761],[76.45831,14.9193],[76.46221,14.92337],[76.46916,14.92519],[76.47064,14.92699],[76.47239,14.93078],[76.47146,14.93635],[76.47644,14.93593],[76.47563,14.93455],[76.47827,14.93423],[76.48172,14.93287],[76.48952,14.93446],[76.49669,14.93498],[76.50079,14.9344],[76.50074,14.94775],[76.50214,14.94855],[76.51033,14.94854],[76.51065,14.94987],[76.51316,14.95041],[76.51542,14.95258],[76.51738,14.95226],[76.51899,14.95101],[76.52171,14.95206],[76.52299,14.9516],[76.52342,14.95013],[76.52458,14.94949],[76.52615,14.9531],[76.52797,14.96222],[76.52897,14.9646],[76.53001,14.96563],[76.53094,14.96834],[76.5331,14.96952],[76.53657,14.97387],[76.54033,14.9745],[76.5458,14.9738],[76.54795,14.97295],[76.55003,14.98162],[76.54649,14.9817],[76.53596,14.97806],[76.53573,14.98347],[76.53806,14.99148],[76.53133,14.99501],[76.52762,14.99785],[76.52766,14.99829],[76.52714,14.99789],[76.52574,14.99872],[76.52866,15.00073],[76.5287,15.00256],[76.52968,15.00297],[76.53172,15.00341],[76.53382,15.00092],[76.5398,14.99816],[76.5409,14.9946],[76.54217,14.99282],[76.54404,14.9913],[76.54645,14.98793],[76.54778,14.98723],[76.54949,14.98722],[76.55779,14.99521],[76.55901,14.99542],[76.56649,14.99287],[76.56915,14.99253],[76.57468,14.99306],[76.57511,14.99203],[76.57504,14.98703],[76.57764,14.98696],[76.57975,14.98434],[76.58036,14.98418],[76.58364,14.98648],[76.58459,14.98664],[76.59376,14.98332],[76.59373,14.98177],[76.59542,14.97798],[76.59912,14.9788],[76.60095,14.97674],[76.60323,14.97838],[76.60384,14.97782],[76.60514,14.97776],[76.60742,14.97789],[76.60864,14.97848],[76.60957,14.97766],[76.61063,14.97746],[76.61203,14.98114],[76.61332,14.98163],[76.61404,14.98379],[76.62935,14.99979],[76.63005,15.00323],[76.62969,15.00712],[76.63403,15.00129],[76.64252,14.99852],[76.64851,14.99455],[76.65012,14.99162],[76.6544,14.98894],[76.65915,14.9832],[76.66407,14.97865]]],[[[76.5337,14.97422],[76.53339,14.97186],[76.53249,14.97192],[76.53154,14.97406],[76.5337,14.97422]]]]}},{"type":"Feature","properties":{"unitId":47,"unitName":"Kottur PS"},"geometry":{"type":"Polygon","coordinates":[[[76.24486,14.91885],[76.24638,14.91649],[76.24932,14.91699],[76.26115,14.9135],[76.26583,14.9136],[76.27014,14.91537],[76.26926,14.91311],[76.26912,14.90966],[76.26975,14.90807],[76.27156,14.90807],[76.27604,14.90418],[76.27939,14.90198],[76.28252,14.89895],[76.28213,14.89768],[76.2837,14.89593],[76.28371,14.89396],[76.2906,14.8935],[76.29466,14.89415],[76.29699,14.89759],[76.30087,14.90529],[76.30251,14.90676],[76.3044,14.91042],[76.30781,14.90604],[76.31161,14.90527],[76.31759,14.90561],[76.31729,14.90414],[76.31822,14.89691],[76.31901,14.89466],[76.32019,14.89527],[76.31931,14.88995],[76.30349,14.89204],[76.30313,14.88072],[76.30235,14.87743],[76.30271,14.87572],[76.3014,14.86984],[76.30157,14.86879],[76.30297,14.86533],[76.30953,14.86147],[76.31567,14.84872],[76.33423,14.84232],[76.32194,14.82446],[76.31972,14.82382],[76.3192,14.82001],[76.31972,14.81954],[76.32739,14.82154],[76.33308,14.82235],[76.33662,14.82138],[76.33904,14.82128],[76.34065,14.82058],[76.34316,14.81703],[76.34561,14.81514],[76.34077,14.80631],[76.33887,14.80153],[76.33321,14.79063],[76.34116,14.78821],[76.33994,14.77818],[76.3351,14.77768],[76.33513,14.77209],[76.33417,14.77187],[76.33338,14.76922],[76.33421,14.76105],[76.32855,14.76278],[76.32647,14.76597],[76.32413,14.76211],[76.33163,14.75176],[76.32833,14.74712],[76.32598,14.74512],[76.32675,14.74273],[76.31971,14.73942],[76.31566,14.73629],[76.31439,14.73474],[76.31343,14.73027],[76.30615,14.72924],[76.3056,14.72547],[76.30442,14.72198],[76.3032,14.71983],[76.30212,14.71987],[76.30068,14.71408],[76.30244,14.71093],[76.30432,14.7092],[76.30605,14.70657],[76.30909,14.70614],[76.31005,14.69672],[76.3092,14.6883],[76.30135,14.68995],[76.29771,14.68828],[76.2946,14.68778],[76.29043,14.68583],[76.28454,14.68596],[76.2795,14.68541],[76.27345,14.68871],[76.27201,14.6959],[76.26502,14.69673],[76.25775,14.69639],[76.25684,14.70099],[76.25005,14.69863],[76.24613,14.69391],[76.24309,14.68548],[76.23958,14.67914],[76.23637,14.66912],[76.2345,14.66075],[76.2329,14.65637],[76.23247,14.65219],[76.23047,14.64928],[76.22082,14.65771],[76.20521,14.67744],[76.20109,14.67998],[76.19359,14.68161],[76.19275,14.69151],[76.19362,14.69777],[76.18413,14.69992],[76.18593,14.70929],[76.18746,14.72231],[76.19055,14.72273],[76.19076,14.72387],[76.1974,14.72483],[76.19917,14.7383],[76.19946,14.73899],[76.20115,14.73903],[76.20122,14.73944],[76.20159,14.74352],[76.20062,14.74732],[76.20066,14.75315],[76.19876,14.75325],[76.19599,14.75651],[76.19387,14.76173],[76.19228,14.76827],[76.18611,14.76689],[76.18661,14.76508],[76.18079,14.7641],[76.18009,14.76845],[76.17608,14.77468],[76.17297,14.7807],[76.17125,14.78195],[76.16867,14.78524],[76.14933,14.78421],[76.14671,14.78968],[76.14413,14.79079],[76.14282,14.79337],[76.14307,14.80003],[76.14214,14.80427],[76.14373,14.8083],[76.14357,14.81382],[76.146,14.81966],[76.14642,14.82312],[76.14952,14.82181],[76.15031,14.82234],[76.15148,14.82215],[76.15218,14.82141],[76.15358,14.82145],[76.15362,14.82349],[76.15443,14.82509],[76.15481,14.82503],[76.15544,14.8278],[76.15706,14.82792],[76.15785,14.82911],[76.16082,14.82886],[76.16098,14.82985],[76.1652,14.8275],[76.16563,14.82671],[76.16805,14.82587],[76.16988,14.826],[76.17406,14.82297],[76.17421,14.82232],[76.1858,14.82032],[76.19476,14.82113],[76.19157,14.83339],[76.19054,14.84171],[76.19096,14.84669],[76.18275,14.84745],[76.17771,14.84884],[76.15737,14.84733],[76.15553,14.84994],[76.1552,14.85104],[76.1563,14.85233],[76.15776,14.85196],[76.15883,14.85272],[76.15952,14.8548],[76.15924,14.85566],[76.15657,14.85564],[76.15448,14.85855],[76.15587,14.86584],[76.15851,14.86871],[76.15884,14.87023],[76.15827,14.87078],[76.15552,14.87134],[76.15446,14.87226],[76.15489,14.87264],[76.15421,14.87334],[76.15482,14.87719],[76.15587,14.88015],[76.15668,14.88043],[76.15734,14.88167],[76.15878,14.88171],[76.16244,14.88304],[76.16158,14.88847],[76.16508,14.91215],[76.17096,14.91266],[76.17269,14.91329],[76.17404,14.91272],[76.19376,14.9124],[76.20099,14.91317],[76.20084,14.9185],[76.20371,14.92722],[76.20624,14.93027],[76.20809,14.9314],[76.21138,14.93567],[76.21315,14.93634],[76.21456,14.93853],[76.21659,14.94033],[76.22333,14.93709],[76.2255,14.93508],[76.23753,14.9293],[76.23973,14.92606],[76.24158,14.92462],[76.24486,14.91885]]]}},{"type":"Feature","properties":{"unitId":48,"unitName":"Hosahalli PS"},"geometry":{"type":"Polygon","coordinates":[[[76.42907,14.83704],[76.43028,14.83653],[76.43131,14.83416],[76.43358,14.832],[76.43656,14.83063],[76.43845,14.83072],[76.439,14.82953],[76.43993,14.8301],[76.44105,14.82866],[76.44657,14.82728],[76.45096,14.82705],[76.44999,14.82414],[76.44794,14.82118],[76.45154,14.81674],[76.45319,14.81375],[76.45831,14.801],[76.45958,14.80042],[76.46047,14.80084],[76.46586,14.79838],[76.46734,14.79698],[76.46835,14.79425],[76.4708,14.79209],[76.47319,14.79145],[76.47549,14.78989],[76.47741,14.78987],[76.4811,14.78604],[76.48159,14.78331],[76.48363,14.78069],[76.48549,14.78071],[76.49036,14.7847],[76.49156,14.78258],[76.49226,14.78215],[76.49362,14.77711],[76.49487,14.77599],[76.49557,14.77424],[76.49754,14.77403],[76.49965,14.77495],[76.49988,14.7788],[76.50174,14.77821],[76.50223,14.77605],[76.50363,14.77551],[76.50386,14.77617],[76.50474,14.77646],[76.50564,14.76921],[76.50732,14.76121],[76.51038,14.75617],[76.51162,14.75482],[76.51258,14.75464],[76.51295,14.75366],[76.51454,14.75392],[76.51593,14.7506],[76.51712,14.74932],[76.51767,14.74932],[76.51781,14.74859],[76.51874,14.74857],[76.51781,14.74374],[76.5171,14.74334],[76.51717,14.74226],[76.51549,14.74157],[76.51216,14.73657],[76.51292,14.72972],[76.51101,14.72321],[76.50966,14.72208],[76.50207,14.72136],[76.50181,14.72097],[76.5018,14.7202],[76.50528,14.71629],[76.5046,14.71457],[76.50228,14.7127],[76.50355,14.71121],[76.50096,14.70936],[76.49949,14.70917],[76.49774,14.71035],[76.4967,14.71043],[76.49436,14.70961],[76.49255,14.71045],[76.48862,14.70843],[76.4887,14.70601],[76.48927,14.70583],[76.49026,14.69819],[76.48962,14.68703],[76.49004,14.68177],[76.49082,14.68087],[76.4932,14.68095],[76.49445,14.68051],[76.49442,14.67927],[76.5017,14.67702],[76.5019,14.67605],[76.50283,14.67651],[76.50891,14.67693],[76.51019,14.67191],[76.52142,14.67501],[76.52471,14.67698],[76.53055,14.68269],[76.53105,14.69592],[76.5335,14.71044],[76.53463,14.71322],[76.53532,14.72211],[76.53669,14.72344],[76.53868,14.72336],[76.54314,14.72471],[76.54346,14.72944],[76.54541,14.73037],[76.54546,14.73208],[76.54722,14.7326],[76.54673,14.73526],[76.54718,14.73537],[76.54717,14.73642],[76.5508,14.73742],[76.55185,14.74127],[76.55198,14.7466],[76.55544,14.7456],[76.55784,14.74632],[76.55785,14.74704],[76.56167,14.74852],[76.56136,14.74431],[76.56026,14.74089],[76.56781,14.73937],[76.57297,14.73654],[76.57587,14.73426],[76.57481,14.73191],[76.57481,14.728],[76.58778,14.72639],[76.59285,14.72526],[76.59285,14.72934],[76.59227,14.73195],[76.59622,14.73167],[76.59783,14.72968],[76.60251,14.72828],[76.60547,14.72685],[76.60756,14.72238],[76.6078,14.72024],[76.61294,14.71727],[76.6208,14.71589],[76.6214,14.71672],[76.62191,14.71666],[76.6235,14.71917],[76.62701,14.72045],[76.62837,14.71978],[76.63089,14.71745],[76.63398,14.71624],[76.63931,14.71155],[76.63814,14.71026],[76.63716,14.71002],[76.63588,14.70645],[76.63621,14.70384],[76.63572,14.70328],[76.6337,14.70278],[76.63086,14.70293],[76.63066,14.7012],[76.62916,14.70041],[76.62553,14.70222],[76.6241,14.70199],[76.62018,14.69668],[76.61705,14.69475],[76.61696,14.69231],[76.6146,14.6914],[76.60796,14.68713],[76.61018,14.67998],[76.61121,14.67022],[76.6104,14.66864],[76.60306,14.66908],[76.59907,14.67015],[76.59828,14.66994],[76.59826,14.66513],[76.59677,14.66256],[76.59623,14.6601],[76.59752,14.65713],[76.59922,14.65618],[76.59762,14.65394],[76.60046,14.65204],[76.60328,14.65111],[76.60803,14.65039],[76.61247,14.64847],[76.60388,14.63471],[76.59988,14.63208],[76.59818,14.63224],[76.59769,14.6302],[76.60009,14.62609],[76.60087,14.62105],[76.59525,14.62063],[76.58815,14.61833],[76.58585,14.61822],[76.58445,14.61507],[76.58231,14.6133],[76.58159,14.61203],[76.5769,14.60891],[76.57645,14.60495],[76.57377,14.6023],[76.5742,14.59972],[76.57377,14.59832],[76.57106,14.5937],[76.56807,14.59055],[76.56788,14.58766],[76.56718,14.58684],[76.56474,14.58564],[76.56229,14.58561],[76.5584,14.58384],[76.55743,14.58211],[76.5559,14.58104],[76.5536,14.5806],[76.55014,14.57848],[76.54952,14.57726],[76.54994,14.57417],[76.54967,14.57292],[76.54911,14.57239],[76.54542,14.57166],[76.54494,14.57202],[76.5434,14.57011],[76.54318,14.5682],[76.54151,14.56622],[76.53826,14.56541],[76.53639,14.56606],[76.5352,14.56576],[76.5348,14.56468],[76.53583,14.56302],[76.53508,14.56166],[76.53285,14.56278],[76.53094,14.56281],[76.52993,14.56121],[76.52923,14.56239],[76.52854,14.56248],[76.52341,14.56213],[76.51837,14.56264],[76.51611,14.56244],[76.51623,14.56187],[76.5105,14.56063],[76.50531,14.56594],[76.47287,14.57306],[76.46443,14.57421],[76.46443,14.57524],[76.46178,14.57667],[76.44141,14.58053],[76.43896,14.58026],[76.42366,14.58125],[76.42551,14.58811],[76.42761,14.58812],[76.42982,14.59398],[76.42998,14.59822],[76.43207,14.60422],[76.43171,14.61499],[76.43303,14.61823],[76.42653,14.62166],[76.42142,14.625],[76.41701,14.62274],[76.41053,14.62393],[76.40285,14.624],[76.40129,14.62772],[76.39371,14.627],[76.39221,14.63178],[76.39209,14.63873],[76.39082,14.64236],[76.39021,14.64863],[76.38205,14.64802],[76.37521,14.64663],[76.37569,14.65555],[76.37983,14.66225],[76.37384,14.66411],[76.36894,14.66423],[76.35794,14.66561],[76.3429,14.66596],[76.34059,14.67444],[76.34027,14.67793],[76.33792,14.6861],[76.33412,14.68832],[76.32984,14.68903],[76.32495,14.69137],[76.31925,14.69276],[76.31481,14.6922],[76.31197,14.68749],[76.3092,14.6883],[76.31005,14.69672],[76.30909,14.70614],[76.30605,14.70657],[76.30432,14.7092],[76.30244,14.71093],[76.30068,14.71408],[76.30212,14.71987],[76.3032,14.71983],[76.30442,14.72198],[76.3056,14.72547],[76.30615,14.72924],[76.31343,14.73027],[76.31439,14.73474],[76.31566,14.73629],[76.31971,14.73942],[76.32675,14.74273],[76.32598,14.74512],[76.32833,14.74712],[76.33163,14.75176],[76.32413,14.76211],[76.32647,14.76597],[76.32855,14.76278],[76.33421,14.76105],[76.33338,14.76922],[76.33417,14.77187],[76.33513,14.77209],[76.3351,14.77768],[76.33994,14.77818],[76.34116,14.78821],[76.33321,14.79063],[76.33887,14.80153],[76.34077,14.80631],[76.34561,14.81514],[76.35024,14.81231],[76.3509,14.81956],[76.35345,14.82531],[76.35535,14.82482],[76.3558,14.82514],[76.36188,14.82499],[76.36172,14.82869],[76.36241,14.83509],[76.36474,14.83463],[76.36643,14.83357],[76.37201,14.83265],[76.3744,14.83166],[76.37486,14.83087],[76.37609,14.83514],[76.37798,14.83769],[76.38116,14.83784],[76.38531,14.83655],[76.39369,14.83714],[76.40067,14.83692],[76.40373,14.83773],[76.40514,14.83735],[76.40793,14.83758],[76.411,14.83633],[76.41824,14.83713],[76.42195,14.83843],[76.42907,14.83704]]]}},{"type":"Feature","properties":{"unitId":49,"unitName":"Ballari Rural PS"},"geometry":{"type":"Polygon","coordinates":[[[76.94565,15.24811],[76.95076,15.24795],[76.95239,15.2475],[76.95281,15.24522],[76.9552,15.24316],[76.95855,15.2381],[76.96448,15.22587],[76.97303,15.2347],[76.99183,15.23345],[76.99295,15.22479],[76.9922,15.21539],[76.99547,15.21103],[76.99908,15.21188],[77.00344,15.21375],[77.00787,15.21437],[77.00999,15.21413],[77.00902,15.20199],[77.02094,15.20185],[77.01852,15.19074],[77.00748,15.19369],[77.00476,15.18433],[76.99846,15.17278],[76.99751,15.16888],[76.99743,15.16429],[77.00518,15.1647],[77.01378,15.15937],[77.01383,15.15854],[77.01442,15.15859],[77.01512,15.15729],[77.01773,15.15054],[77.01904,15.15068],[77.01995,15.1484],[77.02238,15.14742],[77.02285,15.14268],[77.02189,15.13198],[77.02111,15.13208],[77.02106,15.13172],[77.02058,15.12459],[77.01578,15.12596],[77.01459,15.1254],[77.00773,15.12848],[77.00469,15.129],[76.99531,15.12779],[76.99552,15.12687],[76.99416,15.12669],[76.99415,15.12576],[76.99211,15.1216],[76.99022,15.12159],[76.98956,15.11654],[76.98706,15.11664],[76.9875,15.1164],[76.98736,15.11411],[76.98685,15.11417],[76.9857,15.10607],[76.99434,15.10478],[76.99396,15.10231],[77.00102,15.10146],[77.00043,15.09786],[77.01172,15.09542],[77.01233,15.09309],[77.01117,15.09077],[77.01616,15.08991],[77.01832,15.09003],[77.04535,15.09306],[77.04596,15.08893],[77.04727,15.08592],[77.05164,15.08481],[77.0516,15.08179],[77.05271,15.07432],[77.05118,15.06647],[77.05039,15.05902],[77.05083,15.05749],[77.04891,15.05419],[77.04996,15.0492],[77.03363,15.04928],[77.02669,15.04819],[77.01598,15.0473],[77.01397,15.04788],[77.00553,15.04768],[77.00705,15.04506],[77.00682,15.04153],[77.00559,15.03649],[77.00344,15.03342],[77.00266,15.03118],[76.98625,15.02653],[76.98536,15.01895],[76.98565,15.0155],[76.9705,15.01682],[76.96586,15.01807],[76.95862,15.02378],[76.95785,15.02471],[76.95805,15.02503],[76.95036,15.03099],[76.94507,15.03194],[76.93557,15.0301],[76.92364,15.0315],[76.92203,15.03211],[76.91804,15.03618],[76.90635,15.03333],[76.89809,15.03667],[76.8945,15.03766],[76.88991,15.0363],[76.87728,15.03117],[76.87769,15.03626],[76.87199,15.04587],[76.87106,15.04933],[76.86961,15.05111],[76.86947,15.05316],[76.86567,15.05567],[76.86619,15.05985],[76.8645,15.05848],[76.8621,15.05964],[76.86206,15.06009],[76.86127,15.06022],[76.86169,15.06248],[76.85557,15.06516],[76.84985,15.06892],[76.83612,15.07995],[76.82393,15.08064],[76.81226,15.0866],[76.80831,15.08986],[76.80549,15.09304],[76.80159,15.09548],[76.79996,15.09942],[76.79792,15.10124],[76.79648,15.10664],[76.79536,15.10805],[76.7894,15.11103],[76.78605,15.11398],[76.78063,15.11022],[76.7774,15.11135],[76.76903,15.11587],[76.76513,15.11891],[76.7636,15.11904],[76.76018,15.12353],[76.75472,15.12847],[76.75055,15.13731],[76.75386,15.13932],[76.75284,15.14114],[76.7543,15.14218],[76.7539,15.14408],[76.75246,15.1452],[76.75395,15.14699],[76.75529,15.14724],[76.75804,15.14942],[76.76005,15.15316],[76.76033,15.15545],[76.76455,15.15943],[76.76529,15.16236],[76.76701,15.16213],[76.76915,15.16277],[76.7723,15.16291],[76.7749,15.16246],[76.7757,15.16476],[76.77822,15.16522],[76.77916,15.16684],[76.78068,15.16808],[76.78447,15.16819],[76.78621,15.16881],[76.78789,15.17172],[76.79266,15.16996],[76.79607,15.16785],[76.79709,15.16673],[76.80035,15.16537],[76.80175,15.1662],[76.80339,15.16547],[76.80403,15.16741],[76.8093,15.16662],[76.80941,15.16738],[76.81006,15.16757],[76.81937,15.16871],[76.82218,15.168],[76.82285,15.16736],[76.82335,15.1678],[76.82691,15.17448],[76.82743,15.1767],[76.82754,15.1836],[76.83047,15.19858],[76.82226,15.19906],[76.8246,15.20408],[76.82535,15.20747],[76.82648,15.21354],[76.82626,15.21464],[76.82728,15.2218],[76.82706,15.22583],[76.82872,15.22996],[76.82902,15.23259],[76.83196,15.23616],[76.83302,15.23853],[76.83431,15.23936],[76.83479,15.24096],[76.83622,15.24282],[76.84457,15.24124],[76.85531,15.23864],[76.85721,15.23775],[76.8742,15.23416],[76.87174,15.22353],[76.8811,15.22004],[76.89002,15.21981],[76.89487,15.22043],[76.90085,15.2222],[76.90089,15.22255],[76.90856,15.22126],[76.90796,15.22696],[76.91303,15.22685],[76.91321,15.22799],[76.91646,15.22791],[76.91717,15.23165],[76.92019,15.23272],[76.92143,15.23845],[76.92334,15.23847],[76.92376,15.24052],[76.92459,15.24038],[76.92483,15.24158],[76.93088,15.24209],[76.93113,15.24497],[76.93247,15.24504],[76.93269,15.24707],[76.93751,15.24756],[76.94315,15.24702],[76.94335,15.24864],[76.94565,15.24811]],[[76.91145,15.17732],[76.91061,15.17563],[76.90773,15.17608],[76.90689,15.17409],[76.9018,15.17381],[76.89891,15.17308],[76.89503,15.16962],[76.89282,15.16852],[76.88887,15.16956],[76.88401,15.16972],[76.87824,15.16877],[76.87694,15.16781],[76.8756,15.16784],[76.87372,15.16441],[76.87325,15.16216],[76.87168,15.16147],[76.86878,15.15303],[76.8657,15.14661],[76.8696,15.14616],[76.86866,15.13395],[76.87998,15.13322],[76.87986,15.1294],[76.8808,15.12829],[76.88521,15.12842],[76.88699,15.12799],[76.8846,15.11852],[76.88521,15.11846],[76.88429,15.11592],[76.88225,15.11565],[76.88169,15.1144],[76.88288,15.11205],[76.88284,15.1089],[76.88199,15.10628],[76.88907,15.10366],[76.89549,15.10315],[76.89994,15.10189],[76.89994,15.09547],[76.90248,15.09433],[76.90264,15.09124],[76.90209,15.08526],[76.89999,15.0781],[76.90245,15.07801],[76.90582,15.077],[76.91195,15.0761],[76.91446,15.08239],[76.91536,15.08326],[76.91696,15.08381],[76.91842,15.08339],[76.91938,15.08424],[76.92267,15.08528],[76.92268,15.08585],[76.92662,15.08716],[76.93091,15.08982],[76.93498,15.08986],[76.9353,15.09465],[76.94542,15.09407],[76.9455,15.09621],[76.95154,15.09842],[76.9532,15.10594],[76.96314,15.10391],[76.96326,15.10467],[76.96576,15.10449],[76.96602,15.10563],[76.96934,15.10521],[76.97112,15.11847],[76.9655,15.12134],[76.96713,15.13269],[76.96713,15.13715],[76.96476,15.13732],[76.96241,15.13612],[76.95961,15.13716],[76.96119,15.14686],[76.96255,15.14666],[76.96391,15.14453],[76.96746,15.14396],[76.9726,15.14567],[76.97406,15.1451],[76.97363,15.16363],[76.96544,15.16394],[76.9531,15.16276],[76.94433,15.16245],[76.94377,15.16827],[76.94303,15.16972],[76.94174,15.16891],[76.93878,15.16922],[76.93642,15.16878],[76.93103,15.17056],[76.92936,15.17005],[76.9261,15.17117],[76.92329,15.17139],[76.92268,15.17324],[76.91547,15.17392],[76.91493,15.1754],[76.91345,15.17561],[76.91365,15.17702],[76.91145,15.17732]]]}},{"type":"Feature","properties":{"unitId":50,"unitName":"Ballari APMC Yard PS"},"geometry":{"type":"Polygon","coordinates":[[[76.96233,15.13615],[76.96476,15.13732],[76.96713,15.13715],[76.96713,15.13269],[76.9655,15.12134],[76.97112,15.11847],[76.96934,15.10521],[76.96602,15.10563],[76.96576,15.10449],[76.96326,15.10467],[76.96314,15.10391],[76.9532,15.10594],[76.95154,15.09842],[76.9455,15.09621],[76.94542,15.09407],[76.9353,15.09465],[76.93498,15.08986],[76.93091,15.08982],[76.92662,15.08716],[76.92268,15.08585],[76.92267,15.08528],[76.91938,15.08424],[76.91842,15.08339],[76.91696,15.08381],[76.91536,15.08326],[76.91446,15.08239],[76.91195,15.0761],[76.90582,15.077],[76.90245,15.07801],[76.89999,15.0781],[76.90209,15.08526],[76.90256,15.08932],[76.90248,15.09433],[76.89994,15.09547],[76.89994,15.10189],[76.89549,15.10315],[76.90081,15.11603],[76.90673,15.11598],[76.91132,15.1212],[76.9129,15.12384],[76.91433,15.12306],[76.91685,15.123],[76.92127,15.12591],[76.92368,15.1255],[76.92403,15.12403],[76.92445,15.12394],[76.92705,15.12536],[76.9269,15.1268],[76.93322,15.12634],[76.93554,15.12573],[76.93832,15.12601],[76.94274,15.12986],[76.94403,15.13224],[76.94736,15.13264],[76.94943,15.13182],[76.95127,15.13249],[76.95192,15.13499],[76.95292,15.13635],[76.95444,15.1372],[76.95511,15.1392],[76.95634,15.1391],[76.95955,15.13719],[76.96233,15.13615]]]}},{"type":"Feature","properties":{"unitId":51,"unitName":"Hampi PS"},"geometry":{"type":"Polygon","coordinates":[[[76.45119,15.33885],[76.45285,15.33804],[76.45951,15.33891],[76.4613,15.33871],[76.46473,15.3372],[76.46753,15.33734],[76.46749,15.3352],[76.46834,15.332],[76.46745,15.3306],[76.46875,15.3292],[76.46827,15.32845],[76.46937,15.32545],[76.46613,15.3244],[76.46132,15.32498],[76.46129,15.32455],[76.46177,15.32455],[76.46183,15.32301],[76.46288,15.32205],[76.46103,15.32053],[76.4608,15.31922],[76.45866,15.31955],[76.45902,15.31378],[76.4547,15.31387],[76.45103,15.31336],[76.44812,15.30833],[76.44768,15.30609],[76.44842,15.30105],[76.44591,15.29905],[76.44512,15.29696],[76.44305,15.29445],[76.44507,15.2939],[76.44526,15.2932],[76.44878,15.29362],[76.44956,15.29276],[76.44956,15.28976],[76.44622,15.28808],[76.4478,15.28371],[76.44768,15.28244],[76.44617,15.28021],[76.44651,15.27911],[76.44122,15.27868],[76.43783,15.27743],[76.43527,15.27754],[76.42864,15.27663],[76.42885,15.27602],[76.42425,15.27635],[76.42468,15.27976],[76.42376,15.2844],[76.42324,15.29403],[76.41938,15.29242],[76.41903,15.29336],[76.42011,15.29732],[76.42298,15.30151],[76.42273,15.30283],[76.4244,15.30472],[76.42388,15.30861],[76.42418,15.30909],[76.41688,15.31033],[76.41297,15.31155],[76.4117,15.3114],[76.39909,15.31517],[76.39602,15.31656],[76.39658,15.31933],[76.39471,15.32116],[76.39359,15.32139],[76.39125,15.31928],[76.38965,15.31961],[76.38846,15.31921],[76.38741,15.31686],[76.38706,15.31703],[76.3877,15.31994],[76.38983,15.32134],[76.3906,15.32122],[76.39162,15.32269],[76.3926,15.32271],[76.39332,15.32185],[76.39682,15.32224],[76.39773,15.32379],[76.39835,15.32689],[76.40266,15.32634],[76.42222,15.33425],[76.42842,15.33621],[76.43476,15.33728],[76.43938,15.33735],[76.44214,15.33902],[76.4459,15.33887],[76.44795,15.33932],[76.45119,15.33885]]]}},{"type":"Feature","properties":{"unitId":52,"unitName":"Hospete extension PS"},"geometry":{"type":"Polygon","coordinates":[[[76.39925,15.25494],[76.39598,15.25456],[76.39336,15.25497],[76.39158,15.25451],[76.39225,15.25111],[76.38929,15.2512],[76.38353,15.25013],[76.38169,15.2505],[76.38153,15.25175],[76.38197,15.25186],[76.38029,15.25273],[76.38001,15.25547],[76.37867,15.25664],[76.37773,15.25627],[76.3762,15.25658],[76.37409,15.25528],[76.37188,15.25496],[76.37047,15.25374],[76.37172,15.25591],[76.37669,15.26011],[76.37556,15.26722],[76.38039,15.27023],[76.37961,15.27279],[76.37843,15.27465],[76.38486,15.27538],[76.38708,15.27294],[76.39062,15.27112],[76.3912,15.26704],[76.39404,15.26681],[76.39551,15.26418],[76.39599,15.25934],[76.39841,15.257],[76.39925,15.25494]]]}},{"type":"Feature","properties":{"unitId":53,"unitName":"TB Dam Ballari PS"},"geometry":{"type":"Polygon","coordinates":[[[76.34672,15.26918],[76.34762,15.26913],[76.34746,15.26849],[76.34641,15.26785],[76.34525,15.26821],[76.345,15.2676],[76.34349,15.26723],[76.34364,15.26634],[76.34113,15.26562],[76.33855,15.26367],[76.33975,15.26143],[76.34035,15.26209],[76.34233,15.26256],[76.34512,15.26172],[76.34536,15.26088],[76.34884,15.26028],[76.35074,15.25923],[76.35229,15.2579],[76.35223,15.2569],[76.3538,15.25592],[76.35354,15.25547],[76.35689,15.25326],[76.35813,15.25181],[76.35932,15.25138],[76.3596,15.25001],[76.36207,15.24716],[76.361,15.24582],[76.36121,15.24509],[76.36164,15.24576],[76.35943,15.2411],[76.35892,15.24153],[76.35806,15.24076],[76.35774,15.24128],[76.35558,15.24135],[76.35105,15.24636],[76.34954,15.2473],[76.34574,15.24699],[76.34938,15.24562],[76.3508,15.2446],[76.34885,15.24135],[76.35146,15.23958],[76.35357,15.2422],[76.35588,15.24072],[76.35325,15.23814],[76.35556,15.23408],[76.35574,15.23222],[76.35495,15.23181],[76.35521,15.23016],[76.35458,15.22794],[76.35736,15.22147],[76.35679,15.21846],[76.35932,15.21622],[76.35977,15.21251],[76.36191,15.21255],[76.36175,15.21167],[76.35777,15.2103],[76.35173,15.2093],[76.35153,15.21197],[76.34844,15.21186],[76.34942,15.20969],[76.34905,15.20891],[76.34924,15.20733],[76.34507,15.20677],[76.33621,15.20681],[76.33399,15.21087],[76.33244,15.21494],[76.33179,15.21999],[76.33066,15.22084],[76.32611,15.21993],[76.32702,15.221],[76.32348,15.22833],[76.31778,15.23415],[76.313,15.23775],[76.30881,15.24168],[76.31569,15.25004],[76.31752,15.25253],[76.3177,15.25367],[76.32044,15.25488],[76.32327,15.25773],[76.32421,15.26023],[76.32551,15.26196],[76.32653,15.2621],[76.32746,15.26383],[76.33119,15.26395],[76.33516,15.2659],[76.34089,15.27125],[76.3437,15.2732],[76.34487,15.27583],[76.34841,15.27492],[76.34979,15.27398],[76.34816,15.27269],[76.34827,15.27168],[76.34702,15.27042],[76.34672,15.26918]]]}}]}