{"type":"FeatureCollection","features":[{"type":"Feature","properties":{"unitId":574,"unitName":"Halagur PS"},"geometry":{"type":"Polygon","coordinates":[[[77.22535,12.50192],[77.2386,12.50024],[77.23817,12.49555],[77.23889,12.4927],[77.23914,12.48887],[77.23792,12.48808],[77.23738,12.48846],[77.23678,12.48811],[77.23633,12.48666],[77.23436,12.48673],[77.23106,12.48732],[77.23102,12.48779],[77.22612,12.48951],[77.22585,12.48547],[77.2263,12.48257],[77.22584,12.47906],[77.22614,12.47818],[77.22554,12.47467],[77.2271,12.4748],[77.22751,12.4774],[77.22702,12.47744],[77.22705,12.47942],[77.22809,12.47982],[77.23012,12.47965],[77.22996,12.48391],[77.23166,12.48369],[77.23349,12.48407],[77.23598,12.48225],[77.23499,12.47809],[77.23601,12.47822],[77.23621,12.47655],[77.23604,12.47504],[77.23513,12.47493],[77.23508,12.47363],[77.23539,12.47264],[77.23633,12.4726],[77.23635,12.47096],[77.24363,12.47111],[77.24359,12.47026],[77.24461,12.46957],[77.24561,12.46979],[77.24692,12.46937],[77.24819,12.46946],[77.24828,12.46996],[77.25323,12.4696],[77.25466,12.47009],[77.25713,12.46459],[77.25794,12.46403],[77.25776,12.4636],[77.26011,12.46286],[77.26513,12.46194],[77.26673,12.4623],[77.26948,12.46477],[77.27266,12.44848],[77.27346,12.44515],[77.27419,12.4441],[77.27442,12.44283],[77.27409,12.44249],[77.27457,12.4422],[77.27507,12.43968],[77.27406,12.43882],[77.27389,12.43767],[77.2752,12.43727],[77.27511,12.43657],[77.27408,12.43638],[77.27293,12.43724],[77.27174,12.43547],[77.26965,12.43423],[77.27235,12.43217],[77.27363,12.4301],[77.27514,12.43067],[77.27539,12.43009],[77.27753,12.42971],[77.27759,12.42926],[77.27983,12.42925],[77.28097,12.42876],[77.28523,12.42885],[77.28528,12.42196],[77.28625,12.42113],[77.28171,12.42145],[77.28209,12.41657],[77.28288,12.41581],[77.28276,12.41455],[77.28394,12.41125],[77.28379,12.40857],[77.2818,12.40918],[77.28163,12.40708],[77.2831,12.4066],[77.28392,12.40686],[77.28493,12.394],[77.28902,12.39291],[77.29487,12.39425],[77.30259,12.39201],[77.3122,12.39227],[77.3254,12.36626],[77.33242,12.35374],[77.32454,12.32815],[77.32413,12.31372],[77.3251,12.31322],[77.32511,12.31215],[77.32397,12.31182],[77.32451,12.31109],[77.32589,12.31095],[77.32517,12.30767],[77.3237,12.3079],[77.31504,12.30366],[77.31188,12.29936],[77.30603,12.29715],[77.30232,12.29725],[77.29534,12.30128],[77.2895,12.30203],[77.27981,12.30881],[77.27328,12.31014],[77.26973,12.31258],[77.26399,12.31277],[77.25526,12.30925],[77.24945,12.30583],[77.23917,12.30829],[77.23718,12.30783],[77.23689,12.31004],[77.23812,12.31012],[77.23669,12.31421],[77.2302,12.32547],[77.22612,12.32662],[77.2184,12.33069],[77.21161,12.33233],[77.20769,12.33414],[77.19781,12.33711],[77.19375,12.34102],[77.1931,12.341],[77.19306,12.34248],[77.19351,12.34264],[77.18672,12.346],[77.18406,12.34863],[77.18233,12.34948],[77.18097,12.35156],[77.16546,12.3607],[77.16268,12.36109],[77.16275,12.36329],[77.161,12.36461],[77.15982,12.36629],[77.15911,12.36476],[77.15385,12.36576],[77.15348,12.36525],[77.15114,12.36541],[77.1511,12.36739],[77.14949,12.36738],[77.14743,12.36993],[77.14656,12.36996],[77.14656,12.37231],[77.14476,12.37221],[77.14244,12.3689],[77.14189,12.36545],[77.1456,12.36482],[77.14564,12.36318],[77.14381,12.36335],[77.14333,12.35441],[77.14257,12.35364],[77.14193,12.35368],[77.14189,12.35217],[77.14078,12.35163],[77.13905,12.35739],[77.13828,12.35874],[77.13755,12.35886],[77.13744,12.36003],[77.13784,12.36013],[77.13789,12.36174],[77.13987,12.36267],[77.14098,12.36535],[77.1391,12.36601],[77.13938,12.36787],[77.13792,12.36842],[77.13708,12.37011],[77.13213,12.37122],[77.13226,12.37296],[77.13331,12.37495],[77.13437,12.37573],[77.13459,12.37729],[77.13247,12.37677],[77.13221,12.37449],[77.12961,12.3754],[77.12715,12.37516],[77.12792,12.38224],[77.12853,12.38248],[77.12952,12.38609],[77.12859,12.38708],[77.12837,12.39011],[77.12795,12.39064],[77.12251,12.39049],[77.12231,12.39265],[77.12288,12.39318],[77.12311,12.39619],[77.12469,12.39815],[77.12484,12.39908],[77.12428,12.39987],[77.12491,12.40138],[77.12397,12.40137],[77.12391,12.40239],[77.12335,12.40239],[77.12153,12.4076],[77.12237,12.41905],[77.1216,12.4223],[77.12046,12.42396],[77.12009,12.42545],[77.11963,12.43263],[77.11618,12.43749],[77.11729,12.441],[77.11908,12.44071],[77.11917,12.4389],[77.12235,12.43868],[77.1245,12.43906],[77.12492,12.44176],[77.12565,12.44178],[77.12593,12.4431],[77.12593,12.4456],[77.125,12.44897],[77.12515,12.45194],[77.12655,12.45396],[77.12999,12.45506],[77.12956,12.45731],[77.12969,12.4609],[77.13154,12.46054],[77.13225,12.45684],[77.13397,12.45689],[77.13845,12.45794],[77.13838,12.46161],[77.14068,12.46152],[77.14035,12.46198],[77.14092,12.46383],[77.14452,12.46187],[77.14679,12.46207],[77.14921,12.46304],[77.15241,12.46801],[77.15647,12.47188],[77.1574,12.47344],[77.15756,12.47563],[77.16482,12.47509],[77.16527,12.47767],[77.16596,12.47816],[77.1655,12.4785],[77.16938,12.48394],[77.17531,12.48291],[77.17598,12.47969],[77.17727,12.47982],[77.17726,12.47924],[77.17796,12.47906],[77.18187,12.4807],[77.18975,12.48234],[77.19236,12.48208],[77.19365,12.48378],[77.19809,12.48373],[77.20089,12.49172],[77.20563,12.491],[77.20537,12.48535],[77.20852,12.48472],[77.21348,12.48493],[77.21431,12.48737],[77.21424,12.48933],[77.21626,12.49208],[77.22004,12.49212],[77.22168,12.49169],[77.22206,12.49219],[77.22436,12.5022],[77.22535,12.50192]]]}},{"type":"Feature","properties":{"unitId":575,"unitName":"K.M. Doddi PS"},"geometry":{"type":"Polygon","coordinates":[[[77.0264,12.54282],[77.02689,12.54279],[77.03039,12.53552],[77.03539,12.53577],[77.03796,12.53462],[77.04475,12.53278],[77.04619,12.53355],[77.04974,12.53392],[77.05124,12.53355],[77.05177,12.53284],[77.05385,12.53277],[77.05488,12.5259],[77.05536,12.51556],[77.05642,12.51553],[77.05654,12.51346],[77.06213,12.51297],[77.06813,12.51398],[77.06987,12.51377],[77.07768,12.51676],[77.0794,12.51463],[77.07984,12.51339],[77.08142,12.5027],[77.08263,12.50007],[77.08745,12.4935],[77.08882,12.49019],[77.09184,12.48756],[77.09944,12.4849],[77.1029,12.48225],[77.10693,12.4805],[77.10967,12.48028],[77.11513,12.48081],[77.12495,12.48002],[77.12952,12.48043],[77.1323,12.47962],[77.13387,12.47637],[77.13393,12.47386],[77.13494,12.47081],[77.13798,12.46654],[77.14092,12.46383],[77.14035,12.46198],[77.14068,12.46152],[77.13838,12.46161],[77.13845,12.45794],[77.13397,12.45689],[77.13225,12.45684],[77.13154,12.46054],[77.12969,12.4609],[77.12956,12.45731],[77.12999,12.45506],[77.12655,12.45396],[77.12515,12.45194],[77.125,12.44897],[77.12593,12.4456],[77.12593,12.4431],[77.12565,12.44178],[77.12492,12.44176],[77.1245,12.43906],[77.12235,12.43868],[77.11917,12.4389],[77.11908,12.44071],[77.11729,12.441],[77.11615,12.43736],[77.11093,12.43768],[77.10347,12.43665],[77.10185,12.43729],[77.1013,12.43804],[77.10143,12.43898],[77.09708,12.4392],[77.09641,12.43832],[77.09356,12.43885],[77.09357,12.43928],[77.09272,12.43933],[77.0924,12.43985],[77.0897,12.44003],[77.08516,12.4412],[77.07815,12.44169],[77.07786,12.44124],[77.07577,12.44112],[77.07494,12.44751],[77.07433,12.44783],[77.07445,12.4492],[77.07392,12.45088],[77.06596,12.45154],[77.05524,12.44958],[77.05527,12.44801],[77.05278,12.44717],[77.04865,12.4465],[77.04687,12.44679],[77.04087,12.44625],[77.03658,12.44371],[77.03334,12.44509],[77.03291,12.44666],[77.02518,12.44418],[77.01682,12.44348],[77.01172,12.44446],[77.00479,12.44386],[77.00478,12.44316],[77.0026,12.44229],[76.99824,12.44213],[76.99587,12.43902],[76.99092,12.43809],[76.98431,12.43806],[76.98502,12.43511],[76.98452,12.43276],[76.986,12.42624],[76.9862,12.42144],[76.98495,12.4215],[76.9852,12.42024],[76.98498,12.41937],[76.98447,12.41933],[76.98446,12.41814],[76.98216,12.41711],[76.98218,12.41641],[76.97099,12.41865],[76.96895,12.41816],[76.96786,12.41837],[76.96717,12.42064],[76.9695,12.42702],[76.96979,12.42678],[76.97154,12.43056],[76.97167,12.43564],[76.9726,12.43631],[76.97286,12.4395],[76.97416,12.44214],[76.95293,12.44753],[76.94813,12.44679],[76.94823,12.45521],[76.94985,12.45756],[76.95006,12.4587],[76.94724,12.45929],[76.94518,12.46288],[76.94268,12.46371],[76.94237,12.46531],[76.9424,12.46756],[76.94626,12.47121],[76.94867,12.47196],[76.95451,12.472],[76.95536,12.47153],[76.95665,12.47945],[76.95603,12.47948],[76.95554,12.48077],[76.95516,12.48438],[76.95431,12.48417],[76.9541,12.48502],[76.95411,12.49583],[76.95817,12.49833],[76.96116,12.49856],[76.96496,12.49803],[76.96507,12.49864],[76.96694,12.49877],[76.96732,12.50091],[76.97145,12.50078],[76.97168,12.50194],[76.97218,12.50172],[76.97335,12.50265],[76.97363,12.5024],[76.97537,12.50317],[76.97531,12.5035],[76.97707,12.50315],[76.97874,12.50584],[76.97714,12.50773],[76.97658,12.50773],[76.97625,12.51213],[76.97509,12.51345],[76.97323,12.51816],[76.97321,12.52185],[76.97859,12.5224],[76.98702,12.52197],[76.98874,12.52066],[76.9904,12.51819],[76.99397,12.51647],[76.99538,12.51429],[76.99802,12.51489],[76.99898,12.51619],[76.99884,12.51809],[76.99923,12.5186],[77.00029,12.51862],[77.0035,12.52055],[77.00314,12.52207],[77.00362,12.52312],[77.0055,12.52352],[77.00825,12.5228],[77.00951,12.52295],[77.01112,12.52434],[77.01306,12.5248],[77.01271,12.52602],[77.01325,12.52989],[77.01146,12.5358],[77.0116,12.53714],[77.01287,12.53777],[77.01456,12.53768],[77.0148,12.54025],[77.02399,12.54219],[77.02446,12.54267],[77.02603,12.54273],[77.02624,12.54316],[77.0264,12.54282]]]}},{"type":"Feature","properties":{"unitId":576,"unitName":"Besagaraghalli PS"},"geometry":{"type":"MultiPolygon","coordinates":[[[[77.02067,12.61284],[77.01069,12.61578],[77.01034,12.61641],[77.00885,12.61646],[77.00875,12.61603],[77.00194,12.61431],[76.99826,12.61452],[76.99568,12.6139],[76.99652,12.60951],[76.99659,12.60014],[76.9957,12.59932],[76.99428,12.60011],[76.98804,12.5991],[76.98831,12.60406],[76.98772,12.60959],[76.98737,12.61071],[76.98596,12.61069],[76.98613,12.61152],[76.9852,12.6136],[76.98483,12.61716],[76.98127,12.62727],[76.9753,12.62784],[76.96996,12.62749],[76.96549,12.64478],[76.96508,12.6455],[76.9638,12.64504],[76.96044,12.65254],[76.95942,12.6536],[76.95814,12.65917],[76.95811,12.66052],[76.9605,12.66851],[76.962,12.66944],[76.96599,12.67653],[76.96771,12.67633],[76.97804,12.67815],[76.97703,12.69119],[76.97736,12.69539],[76.98003,12.69422],[76.98032,12.6948],[76.98246,12.69457],[76.99182,12.69645],[76.99113,12.69984],[76.99257,12.7061],[76.99503,12.71156],[76.99672,12.71318],[76.99743,12.71329],[76.99786,12.71471],[76.99871,12.71505],[77.00359,12.71435],[77.0094,12.71019],[77.01184,12.7068],[77.01776,12.70532],[77.02073,12.7038],[77.02147,12.69898],[77.02256,12.69645],[77.02477,12.6935],[77.02559,12.69088],[77.02799,12.68891],[77.02903,12.68572],[77.03135,12.68427],[77.03374,12.68381],[77.03765,12.68406],[77.04069,12.68311],[77.0439,12.6807],[77.04474,12.67912],[77.04482,12.67708],[77.04408,12.67471],[77.04136,12.67202],[77.04022,12.66913],[77.03998,12.66717],[77.04014,12.66386],[77.04155,12.66026],[77.04158,12.65756],[77.04045,12.65406],[77.03998,12.64996],[77.04257,12.63594],[77.04346,12.63332],[77.04292,12.63132],[77.04074,12.62879],[77.04043,12.62701],[77.04087,12.62472],[77.03265,12.62419],[77.02254,12.62222],[77.01957,12.62215],[77.01855,12.61632],[77.02038,12.61567],[77.02067,12.61284]]],[[[77.02073,12.61268],[77.02381,12.61285],[77.03007,12.61129],[77.03543,12.61068],[77.03543,12.60743],[77.03652,12.60738],[77.03645,12.60147],[77.03602,12.6006],[77.0352,12.60126],[77.03428,12.60115],[77.03071,12.6023],[77.03005,12.60196],[77.02943,12.6001],[77.0273,12.60001],[77.0269,12.59826],[77.02631,12.5982],[77.02588,12.59731],[77.02468,12.59763],[77.02487,12.59953],[77.02417,12.60066],[77.02418,12.6018],[77.02281,12.60191],[77.02219,12.6027],[77.01562,12.60058],[77.02097,12.61076],[77.02073,12.61268]]]]}},{"type":"Feature","properties":{"unitId":577,"unitName":"Kesthur PS"},"geometry":{"type":"Polygon","coordinates":[[[77.00688,12.77377],[77.00674,12.77165],[77.00847,12.76974],[77.00855,12.76394],[77.01808,12.76208],[77.02214,12.76305],[77.02602,12.76253],[77.02709,12.76555],[77.02974,12.76575],[77.03325,12.76902],[77.03568,12.76961],[77.03931,12.77399],[77.04409,12.77784],[77.04672,12.76503],[77.0468,12.75988],[77.0471,12.75908],[77.048,12.75879],[77.04809,12.75659],[77.04855,12.75663],[77.04954,12.75411],[77.04905,12.75285],[77.04942,12.75112],[77.05025,12.74966],[77.04895,12.74745],[77.05078,12.74782],[77.05697,12.7525],[77.05975,12.75195],[77.06034,12.75234],[77.06031,12.75434],[77.06093,12.75539],[77.06198,12.75605],[77.0637,12.75619],[77.06685,12.75781],[77.06773,12.75941],[77.06977,12.75869],[77.07125,12.75721],[77.07624,12.74591],[77.08088,12.74756],[77.08197,12.74537],[77.08185,12.7374],[77.08072,12.73321],[77.08085,12.73149],[77.08168,12.73123],[77.07941,12.72191],[77.07846,12.72179],[77.0776,12.71702],[77.07618,12.71209],[77.07553,12.71142],[77.07541,12.70839],[77.0738,12.70328],[77.07329,12.69858],[77.07311,12.69222],[77.07422,12.69147],[77.07406,12.68654],[77.07449,12.68367],[77.0756,12.68347],[77.07548,12.68181],[77.0743,12.6818],[77.07414,12.67859],[77.0747,12.67769],[77.07579,12.67713],[77.07895,12.67707],[77.07889,12.6762],[77.08407,12.67496],[77.0994,12.67321],[77.10004,12.67014],[77.09914,12.65832],[77.09941,12.65079],[77.10038,12.6456],[77.10093,12.62922],[77.09058,12.6279],[77.0906,12.62722],[77.08763,12.62721],[77.08651,12.62231],[77.08645,12.6181],[77.08342,12.61851],[77.08106,12.61793],[77.07638,12.61822],[77.07667,12.62123],[77.07359,12.62095],[77.07157,12.62181],[77.06837,12.62106],[77.06769,12.62233],[77.06321,12.62252],[77.06294,12.62153],[77.06118,12.6214],[77.05982,12.61843],[77.06038,12.61369],[77.0579,12.61373],[77.05524,12.61213],[77.05306,12.61537],[77.04912,12.61698],[77.0449,12.61995],[77.04082,12.62478],[77.04043,12.62701],[77.04074,12.62879],[77.04292,12.63132],[77.04346,12.63332],[77.04257,12.63594],[77.03998,12.64996],[77.04045,12.65406],[77.04158,12.65756],[77.04155,12.66026],[77.03995,12.66517],[77.04022,12.66913],[77.04136,12.67202],[77.0443,12.67528],[77.04481,12.67853],[77.0439,12.6807],[77.04228,12.68224],[77.03907,12.68372],[77.03765,12.68406],[77.03374,12.68381],[77.03135,12.68427],[77.02955,12.68521],[77.02799,12.68891],[77.02559,12.69088],[77.02477,12.6935],[77.02256,12.69645],[77.02147,12.69898],[77.02073,12.7038],[77.01776,12.70532],[77.01184,12.7068],[77.0094,12.71019],[77.00359,12.71435],[76.99947,12.71514],[76.99786,12.71471],[76.99619,12.715],[76.99417,12.71614],[76.99183,12.71868],[76.99051,12.72096],[76.99032,12.72353],[76.99176,12.72481],[77.00212,12.72906],[77.00344,12.73057],[77.004,12.73441],[77.00338,12.7356],[77.00107,12.73686],[76.99498,12.73877],[76.98893,12.73951],[76.9866,12.74119],[76.9849,12.74327],[76.98382,12.74519],[76.98399,12.7477],[76.98853,12.75065],[76.99035,12.75496],[76.98929,12.75649],[76.98499,12.76002],[76.98309,12.76305],[76.9832,12.76402],[76.98683,12.76629],[76.98902,12.76869],[76.99147,12.77036],[76.99949,12.77496],[76.99923,12.77702],[77.00961,12.78091],[77.00713,12.7755],[77.00688,12.77377]]]}},{"type":"Feature","properties":{"unitId":578,"unitName":"Koppa PS"},"geometry":{"type":"Polygon","coordinates":[[[76.94946,12.80072],[76.95035,12.80049],[76.95615,12.80227],[76.96084,12.80282],[76.97163,12.80199],[76.97355,12.80139],[76.97648,12.79245],[76.97948,12.79126],[76.98487,12.79063],[76.99082,12.78788],[76.99197,12.78667],[76.99215,12.78564],[76.99616,12.7795],[76.99924,12.777],[76.99949,12.77496],[76.99147,12.77036],[76.98902,12.76869],[76.98683,12.76629],[76.9832,12.76402],[76.98309,12.76305],[76.98499,12.76002],[76.98929,12.75649],[76.99035,12.75496],[76.98853,12.75065],[76.98399,12.7477],[76.98382,12.74519],[76.9866,12.74119],[76.98893,12.73951],[76.99498,12.73877],[77.00107,12.73686],[77.00338,12.7356],[77.004,12.73441],[77.00384,12.73222],[77.00344,12.73057],[77.00212,12.72906],[76.99176,12.72481],[76.99032,12.72353],[76.99051,12.72096],[76.99183,12.71868],[76.99417,12.71614],[76.99619,12.715],[76.99786,12.71471],[76.99783,12.71412],[76.99743,12.71329],[76.99672,12.71318],[76.99503,12.71156],[76.99257,12.7061],[76.99113,12.69984],[76.99182,12.69645],[76.98246,12.69457],[76.98032,12.6948],[76.98003,12.69422],[76.97736,12.69539],[76.97703,12.69119],[76.97791,12.68368],[76.978,12.67811],[76.97087,12.67718],[76.96771,12.67633],[76.96599,12.67653],[76.962,12.66944],[76.9605,12.66851],[76.95811,12.66052],[76.94884,12.66534],[76.94507,12.66624],[76.94089,12.6622],[76.94129,12.66199],[76.93809,12.66153],[76.93584,12.66001],[76.93244,12.65869],[76.92958,12.65864],[76.9233,12.66497],[76.92327,12.66714],[76.92169,12.67332],[76.91862,12.67372],[76.92146,12.68663],[76.92123,12.69079],[76.92899,12.69023],[76.93039,12.68965],[76.92956,12.69007],[76.93043,12.69341],[76.93133,12.69507],[76.93416,12.69747],[76.93515,12.69963],[76.93598,12.70319],[76.93462,12.70319],[76.93425,12.7064],[76.93344,12.7071],[76.93323,12.7082],[76.93503,12.7085],[76.92993,12.71009],[76.92985,12.7119],[76.92867,12.71235],[76.92794,12.71179],[76.92432,12.71527],[76.9157,12.71479],[76.91433,12.71716],[76.91129,12.72013],[76.90881,12.72095],[76.906,12.7248],[76.90478,12.72568],[76.9035,12.72547],[76.90009,12.72718],[76.89586,12.73023],[76.90316,12.73816],[76.90664,12.74384],[76.91201,12.74798],[76.91115,12.74828],[76.91186,12.74929],[76.91058,12.76565],[76.91078,12.76832],[76.91455,12.76936],[76.91509,12.77081],[76.91444,12.77535],[76.91465,12.7784],[76.91285,12.77944],[76.91204,12.7805],[76.91099,12.78348],[76.91236,12.78763],[76.91138,12.78857],[76.91126,12.79048],[76.91197,12.79202],[76.91341,12.79107],[76.91411,12.79122],[76.91527,12.79249],[76.91519,12.79459],[76.91646,12.79581],[76.91773,12.79572],[76.91973,12.79456],[76.92198,12.79551],[76.92405,12.79472],[76.92539,12.79657],[76.92748,12.79812],[76.93065,12.79869],[76.93162,12.80016],[76.93521,12.79924],[76.93825,12.80268],[76.94187,12.80469],[76.94411,12.80414],[76.94946,12.80072]]]}},{"type":"Feature","properties":{"unitId":579,"unitName":"Maddur PS"},"geometry":{"type":"Polygon","coordinates":[[[77.0206,12.61265],[77.02097,12.61076],[77.01562,12.60058],[77.02219,12.6027],[77.02281,12.60191],[77.02418,12.6018],[77.02417,12.60066],[77.02487,12.59953],[77.02468,12.59763],[77.02588,12.59731],[77.02631,12.5982],[77.0269,12.59826],[77.0273,12.60001],[77.02943,12.6001],[77.03005,12.60196],[77.03071,12.6023],[77.03428,12.60115],[77.0352,12.60126],[77.03602,12.6006],[77.03645,12.60147],[77.03652,12.60738],[77.03543,12.60743],[77.03543,12.61068],[77.03007,12.61129],[77.02381,12.61285],[77.02073,12.61268],[77.02038,12.61567],[77.01855,12.61632],[77.01957,12.62215],[77.02254,12.62222],[77.03265,12.62419],[77.04087,12.62472],[77.0463,12.61864],[77.05306,12.61537],[77.05524,12.61213],[77.0579,12.61373],[77.06038,12.61369],[77.05982,12.61843],[77.06118,12.6214],[77.06294,12.62153],[77.06321,12.62252],[77.06769,12.62233],[77.06837,12.62106],[77.07157,12.62181],[77.07359,12.62095],[77.07667,12.62123],[77.07638,12.61822],[77.08106,12.61793],[77.08342,12.61851],[77.08645,12.6181],[77.08651,12.62231],[77.08763,12.62721],[77.0906,12.62722],[77.09058,12.6279],[77.10093,12.62922],[77.1055,12.62767],[77.10767,12.62819],[77.11071,12.62793],[77.1125,12.62848],[77.11753,12.62828],[77.11754,12.62723],[77.11905,12.62705],[77.11909,12.62631],[77.12277,12.6223],[77.12232,12.61912],[77.1201,12.61899],[77.11874,12.61803],[77.1187,12.61752],[77.11359,12.61695],[77.11247,12.61622],[77.11109,12.61612],[77.1103,12.61344],[77.10949,12.6124],[77.10924,12.60933],[77.10874,12.60917],[77.10825,12.60768],[77.11041,12.59671],[77.11359,12.59687],[77.1151,12.59582],[77.11514,12.5903],[77.11711,12.5853],[77.1166,12.58215],[77.1173,12.58138],[77.11696,12.58053],[77.11848,12.58015],[77.11878,12.57661],[77.12835,12.56991],[77.1294,12.5633],[77.12824,12.55406],[77.11538,12.55504],[77.11523,12.55408],[77.11392,12.55274],[77.11496,12.54335],[77.11886,12.54181],[77.12001,12.54058],[77.12198,12.54008],[77.127,12.53008],[77.12545,12.52376],[77.13315,12.51658],[77.13234,12.50754],[77.13194,12.50757],[77.13175,12.5067],[77.13184,12.50569],[77.13248,12.50508],[77.13207,12.50499],[77.13056,12.49687],[77.12891,12.49463],[77.12757,12.49064],[77.12557,12.48907],[77.12492,12.48918],[77.12513,12.48573],[77.12466,12.4848],[77.12513,12.48234],[77.1262,12.48201],[77.12563,12.48181],[77.12562,12.48111],[77.12489,12.48087],[77.12495,12.48002],[77.11513,12.48081],[77.10967,12.48028],[77.10693,12.4805],[77.1029,12.48225],[77.09944,12.4849],[77.09418,12.48652],[77.09103,12.48818],[77.08882,12.49019],[77.08745,12.4935],[77.08263,12.50007],[77.08142,12.5027],[77.07984,12.51339],[77.0794,12.51463],[77.07768,12.51676],[77.06987,12.51377],[77.06813,12.51398],[77.06213,12.51297],[77.05654,12.51346],[77.05642,12.51553],[77.05536,12.51556],[77.05488,12.5259],[77.05385,12.53277],[77.05177,12.53284],[77.05124,12.53355],[77.04974,12.53392],[77.04619,12.53355],[77.04475,12.53278],[77.03796,12.53462],[77.03539,12.53577],[77.03039,12.53552],[77.02689,12.54279],[77.02624,12.54316],[77.02603,12.54273],[77.02446,12.54267],[77.02399,12.54219],[77.0148,12.54025],[77.01456,12.53768],[77.01287,12.53777],[77.01163,12.53716],[77.01146,12.5358],[77.00031,12.53778],[76.99856,12.54327],[76.99863,12.54751],[76.99795,12.55388],[76.99749,12.55389],[76.99703,12.55623],[76.98885,12.55521],[76.98804,12.56076],[76.98889,12.56311],[76.98805,12.56796],[76.98862,12.57132],[76.9868,12.57744],[76.98654,12.58104],[76.99671,12.58486],[76.99613,12.59084],[76.99654,12.59309],[76.9952,12.59584],[76.99558,12.59593],[76.99546,12.5974],[76.99489,12.59837],[76.99507,12.59969],[76.99584,12.59934],[76.99659,12.60014],[76.99652,12.60951],[76.99568,12.6139],[76.99826,12.61452],[77.00194,12.61431],[77.00875,12.61603],[77.00885,12.61646],[77.01034,12.61641],[77.01069,12.61578],[77.0206,12.61265]]]}},{"type":"Feature","properties":{"unitId":580,"unitName":"Belakavadi PS"},"geometry":{"type":"MultiPolygon","coordinates":[[[[77.14659,12.37225],[77.14656,12.36996],[77.14743,12.36993],[77.14949,12.36738],[77.1511,12.36739],[77.15114,12.36541],[77.15348,12.36525],[77.15385,12.36576],[77.15911,12.36476],[77.15982,12.36629],[77.161,12.36461],[77.16275,12.36329],[77.16268,12.36109],[77.16546,12.3607],[77.18097,12.35156],[77.18233,12.34948],[77.18406,12.34863],[77.18672,12.346],[77.19351,12.34264],[77.19306,12.34248],[77.1931,12.341],[77.19375,12.34102],[77.19781,12.33711],[77.20769,12.33414],[77.21161,12.33233],[77.2184,12.33069],[77.22612,12.32662],[77.2302,12.32547],[77.23669,12.31421],[77.23812,12.31012],[77.23476,12.30959],[77.22717,12.3046],[77.22405,12.30341],[77.22075,12.30435],[77.21821,12.30729],[77.21673,12.30823],[77.21093,12.30728],[77.20743,12.30735],[77.20107,12.30855],[77.19153,12.30793],[77.19126,12.30757],[77.18866,12.30811],[77.18879,12.30871],[77.17732,12.30886],[77.17189,12.30932],[77.16961,12.31031],[77.16643,12.31006],[77.16619,12.30884],[77.16722,12.3056],[77.16982,12.29997],[77.16933,12.29554],[77.16844,12.29408],[77.16861,12.2922],[77.1695,12.29048],[77.16926,12.28778],[77.16981,12.28472],[77.16775,12.28307],[77.16634,12.28117],[77.16654,12.27417],[77.17019,12.26501],[77.16911,12.25904],[77.16709,12.25558],[77.16189,12.25527],[77.15738,12.25562],[77.14385,12.24734],[77.13235,12.24724],[77.12616,12.24293],[77.12636,12.24197],[77.12252,12.24135],[77.12241,12.24214],[77.12179,12.24226],[77.11851,12.24167],[77.11793,12.24118],[77.11732,12.24169],[77.1164,12.24091],[77.1153,12.24141],[77.11509,12.24084],[77.11185,12.24108],[77.11166,12.24045],[77.10723,12.24088],[77.10565,12.22665],[77.10546,12.21963],[77.09678,12.22025],[77.09371,12.21949],[77.09121,12.21985],[77.08835,12.21764],[77.0878,12.21788],[77.0882,12.21924],[77.08617,12.21942],[77.08326,12.22106],[77.07933,12.22166],[77.07881,12.21949],[77.07711,12.21951],[77.07802,12.22892],[77.07802,12.23215],[77.07756,12.23238],[77.07802,12.23365],[77.07789,12.23611],[77.07421,12.23623],[77.06936,12.23739],[77.06872,12.23432],[77.06741,12.23456],[77.06685,12.23286],[77.065,12.23299],[77.06433,12.23261],[77.06317,12.2329],[77.0635,12.23401],[77.06181,12.23428],[77.05503,12.23838],[77.05303,12.23868],[77.04971,12.23818],[77.04551,12.23273],[77.04247,12.23268],[77.0373,12.23376],[77.03632,12.23348],[77.0359,12.23192],[77.03519,12.23191],[77.03492,12.23296],[77.0322,12.2322],[77.02835,12.23558],[77.02553,12.23702],[77.01231,12.24134],[76.99625,12.23978],[76.99569,12.24434],[76.99452,12.24509],[76.99485,12.24554],[76.99396,12.25152],[76.99315,12.25186],[76.99318,12.25296],[76.99229,12.25267],[76.99184,12.25306],[76.99111,12.25481],[76.98901,12.25706],[76.98923,12.26111],[76.98864,12.26126],[76.98856,12.26311],[76.98941,12.2696],[76.98933,12.27627],[76.98988,12.27709],[76.99097,12.27719],[76.99033,12.27796],[76.9901,12.28498],[76.99041,12.28537],[76.99081,12.28481],[76.99178,12.28465],[76.99421,12.28527],[76.9944,12.28497],[76.99595,12.28569],[77.00041,12.28508],[77.01036,12.28584],[77.01104,12.28779],[77.01267,12.28743],[77.01342,12.28826],[77.01409,12.29065],[77.01584,12.29406],[77.01468,12.29588],[77.01509,12.29599],[77.01417,12.29852],[77.01419,12.30048],[77.01253,12.30064],[77.01177,12.30401],[77.01194,12.3061],[77.01272,12.30735],[77.01306,12.3096],[77.01255,12.31429],[77.01289,12.31537],[77.01371,12.31528],[77.01507,12.31827],[77.01593,12.31835],[77.01651,12.31967],[77.01774,12.31941],[77.01974,12.31986],[77.01982,12.31927],[77.02088,12.31931],[77.02334,12.32033],[77.0259,12.32074],[77.02706,12.3203],[77.02695,12.31665],[77.02603,12.31504],[77.02684,12.30996],[77.03209,12.3098],[77.03225,12.31025],[77.0341,12.31026],[77.03407,12.31136],[77.03485,12.31195],[77.03535,12.31366],[77.03719,12.31351],[77.03938,12.31675],[77.04142,12.31664],[77.04324,12.31752],[77.04333,12.31672],[77.04462,12.31653],[77.04577,12.31715],[77.05142,12.31627],[77.0502,12.32544],[77.0494,12.32821],[77.05027,12.3288],[77.05103,12.33105],[77.05019,12.33103],[77.05053,12.33231],[77.05142,12.33173],[77.05215,12.33442],[77.05383,12.33435],[77.0538,12.33514],[77.05475,12.33533],[77.05391,12.33593],[77.05411,12.33687],[77.05534,12.33621],[77.05567,12.33752],[77.05691,12.3373],[77.05703,12.33922],[77.06061,12.33946],[77.06484,12.33868],[77.06412,12.33924],[77.06359,12.34223],[77.06552,12.34222],[77.06871,12.34322],[77.07461,12.34242],[77.07526,12.33808],[77.0764,12.33643],[77.0773,12.33219],[77.0779,12.33115],[77.07896,12.33103],[77.08082,12.32954],[77.08091,12.32805],[77.08166,12.32786],[77.08229,12.32619],[77.08287,12.32582],[77.08271,12.32374],[77.08387,12.32164],[77.08431,12.31876],[77.08738,12.31532],[77.08487,12.30958],[77.08913,12.31154],[77.09049,12.31171],[77.09551,12.31155],[77.10126,12.31234],[77.1108,12.31237],[77.11084,12.31083],[77.11495,12.31063],[77.12494,12.30739],[77.12595,12.30828],[77.12923,12.30757],[77.13067,12.30824],[77.1315,12.30802],[77.13136,12.30903],[77.13557,12.309],[77.13664,12.30996],[77.13708,12.31149],[77.1543,12.32019],[77.15131,12.32618],[77.14642,12.33066],[77.14615,12.33375],[77.14251,12.34366],[77.14193,12.35368],[77.14257,12.35364],[77.1434,12.35478],[77.14381,12.36335],[77.14564,12.36327],[77.1456,12.36482],[77.14189,12.36545],[77.142,12.36688],[77.14244,12.3689],[77.14392,12.37147],[77.14476,12.37221],[77.14659,12.37225]]],[[[76.9786,12.2754],[76.97883,12.2756],[76.98159,12.2718],[76.98287,12.26832],[76.98327,12.26833],[76.98367,12.26644],[76.98424,12.26637],[76.98551,12.26483],[76.9854,12.26252],[76.98487,12.26263],[76.98406,12.26043],[76.98438,12.26045],[76.98418,12.25945],[76.98279,12.2594],[76.98288,12.25712],[76.98227,12.2563],[76.97631,12.2558],[76.97621,12.25486],[76.97518,12.2549],[76.9751,12.25387],[76.97221,12.25354],[76.97181,12.2549],[76.97133,12.25491],[76.97072,12.25863],[76.96933,12.25943],[76.96909,12.26008],[76.96945,12.27215],[76.96922,12.27277],[76.96867,12.27281],[76.96918,12.27512],[76.96895,12.27754],[76.9786,12.2754]]]]}},{"type":"Feature","properties":{"unitId":581,"unitName":"Kirugavalu PS"},"geometry":{"type":"MultiPolygon","coordinates":[[[[76.93865,12.4508],[76.94105,12.44797],[76.94311,12.4474],[76.94813,12.44679],[76.95293,12.44753],[76.97416,12.44214],[76.97286,12.4395],[76.9726,12.43631],[76.97167,12.43564],[76.97154,12.43056],[76.96979,12.42678],[76.9695,12.42702],[76.96717,12.42064],[76.96786,12.41837],[76.96895,12.41816],[76.97099,12.41865],[76.98144,12.41652],[76.98042,12.40871],[76.98076,12.40864],[76.9807,12.40579],[76.98016,12.40018],[76.98077,12.4002],[76.98082,12.39629],[76.98136,12.39627],[76.9814,12.39501],[76.9854,12.39478],[76.98537,12.39434],[76.98727,12.39389],[76.98845,12.3911],[76.98821,12.38847],[76.99216,12.38844],[76.99239,12.38658],[76.99546,12.38672],[76.99528,12.38508],[76.9959,12.38489],[76.99626,12.38226],[76.99573,12.38037],[76.99463,12.38044],[76.99407,12.37879],[76.99442,12.37828],[76.9955,12.37807],[76.99623,12.37712],[76.99935,12.3757],[77.00483,12.37552],[77.00503,12.37405],[77.00379,12.36226],[77.00143,12.35994],[77.002,12.35992],[77.00199,12.35878],[77.00124,12.35871],[77.00068,12.35688],[77.00125,12.35665],[77.0008,12.35601],[77.0011,12.35491],[77.00163,12.35493],[77.00217,12.35414],[77.00268,12.35138],[77.0041,12.35218],[77.00569,12.35112],[77.00586,12.34923],[77.0078,12.3489],[77.01155,12.34967],[77.01191,12.34956],[77.01172,12.3491],[77.01355,12.34888],[77.01385,12.34956],[77.01658,12.34964],[77.01672,12.35011],[77.01821,12.34993],[77.01868,12.34787],[77.02406,12.34676],[77.02367,12.34351],[77.02045,12.3431],[77.02008,12.34238],[77.01947,12.34227],[77.01906,12.34114],[77.01813,12.34057],[77.01751,12.33888],[77.01641,12.33905],[77.01529,12.3364],[77.01719,12.33589],[77.01733,12.33534],[77.0188,12.33486],[77.02021,12.33843],[77.02086,12.3384],[77.02139,12.3392],[77.02192,12.34211],[77.02319,12.34196],[77.0255,12.34292],[77.02813,12.34686],[77.02909,12.34745],[77.03084,12.34719],[77.03086,12.34853],[77.03318,12.34915],[77.03271,12.34299],[77.03084,12.33491],[77.03053,12.32738],[77.02892,12.32766],[77.02835,12.32525],[77.02652,12.32479],[77.0259,12.32074],[77.02334,12.32033],[77.02088,12.31931],[77.01982,12.31927],[77.01974,12.31986],[77.01774,12.31941],[77.01651,12.31967],[77.01593,12.31835],[77.01507,12.31827],[77.01371,12.31528],[77.01289,12.31537],[77.01255,12.31429],[77.01306,12.3096],[77.01272,12.30735],[77.01194,12.3061],[77.01177,12.30401],[77.01253,12.30064],[77.01419,12.30048],[77.01417,12.29852],[77.01509,12.29599],[77.01468,12.29588],[77.01584,12.29406],[77.01409,12.29065],[77.01342,12.28826],[77.01267,12.28743],[77.01104,12.28779],[77.01036,12.28584],[77.00041,12.28508],[76.99595,12.28569],[76.9944,12.28497],[76.99421,12.28527],[76.99178,12.28465],[76.99081,12.28481],[76.99041,12.28537],[76.9901,12.28498],[76.98955,12.28766],[76.98733,12.28775],[76.98625,12.28629],[76.9836,12.28657],[76.98326,12.28781],[76.98095,12.2883],[76.98044,12.2892],[76.97132,12.29075],[76.97171,12.29445],[76.97334,12.30004],[76.97521,12.30349],[76.97609,12.30364],[76.97732,12.30757],[76.98069,12.30748],[76.98076,12.30649],[76.98547,12.3043],[76.98682,12.30188],[76.99296,12.30176],[76.99746,12.3136],[76.99086,12.31469],[76.99088,12.31731],[76.98952,12.31816],[76.98849,12.3197],[76.98745,12.31982],[76.98795,12.32442],[76.98672,12.32991],[76.98696,12.33328],[76.98076,12.32797],[76.97651,12.32805],[76.97754,12.33089],[76.97779,12.33334],[76.9772,12.33702],[76.97748,12.34252],[76.97659,12.35449],[76.97177,12.35452],[76.97113,12.35274],[76.96096,12.35509],[76.96047,12.3547],[76.95822,12.35484],[76.95831,12.35334],[76.95649,12.35285],[76.95698,12.34802],[76.95667,12.34648],[76.95771,12.34457],[76.95851,12.34077],[76.95943,12.34028],[76.95927,12.33932],[76.96019,12.33876],[76.96072,12.33484],[76.95984,12.33187],[76.95984,12.32852],[76.95918,12.32795],[76.95697,12.32731],[76.95498,12.32739],[76.95339,12.32797],[76.9537,12.32994],[76.95329,12.33069],[76.94746,12.33135],[76.9448,12.33032],[76.94372,12.32932],[76.9419,12.32898],[76.94138,12.32747],[76.94049,12.32745],[76.93849,12.32617],[76.93658,12.32603],[76.93557,12.32514],[76.9357,12.32455],[76.93275,12.32356],[76.93072,12.32345],[76.92811,12.32216],[76.92236,12.32252],[76.92803,12.32665],[76.92885,12.33344],[76.93022,12.33477],[76.9317,12.33807],[76.93144,12.33866],[76.92841,12.33921],[76.92754,12.34299],[76.92671,12.34422],[76.92556,12.34473],[76.92521,12.34673],[76.92357,12.34999],[76.92392,12.35328],[76.93893,12.35313],[76.93904,12.35416],[76.93797,12.35694],[76.93725,12.36511],[76.93618,12.36981],[76.93719,12.37042],[76.93666,12.37594],[76.93782,12.38297],[76.93631,12.38541],[76.93658,12.38842],[76.93608,12.39167],[76.93713,12.39424],[76.93659,12.3961],[76.93765,12.401],[76.93679,12.40133],[76.9367,12.4026],[76.93531,12.40307],[76.93432,12.40644],[76.93212,12.40728],[76.93222,12.40883],[76.93152,12.4093],[76.93062,12.41323],[76.92942,12.4157],[76.92836,12.41577],[76.92772,12.41743],[76.9261,12.41839],[76.92545,12.42215],[76.92712,12.42126],[76.92854,12.42296],[76.92885,12.42354],[76.9282,12.42487],[76.92835,12.42732],[76.92608,12.43297],[76.92506,12.43437],[76.9249,12.43621],[76.92363,12.43978],[76.92205,12.44171],[76.92247,12.44456],[76.92574,12.44536],[76.92836,12.44834],[76.92801,12.45045],[76.93277,12.45064],[76.93859,12.45171],[76.93865,12.4508]]],[[[76.91317,12.38337],[76.91777,12.38223],[76.92279,12.38254],[76.92272,12.38126],[76.92206,12.38087],[76.92286,12.37744],[76.92242,12.37393],[76.92133,12.37395],[76.92052,12.37163],[76.9179,12.36854],[76.91769,12.36741],[76.9178,12.3649],[76.92007,12.36151],[76.91991,12.35994],[76.91922,12.35936],[76.91693,12.35947],[76.91523,12.3587],[76.91125,12.35831],[76.91112,12.3567],[76.90565,12.35613],[76.90291,12.35734],[76.89808,12.35656],[76.89803,12.35868],[76.89865,12.35959],[76.89874,12.36129],[76.89905,12.36989],[76.89861,12.37016],[76.89907,12.37021],[76.89931,12.37222],[76.89897,12.37437],[76.90093,12.37454],[76.90173,12.37573],[76.90824,12.37596],[76.90876,12.3789],[76.90931,12.37918],[76.90916,12.38017],[76.91053,12.38144],[76.91054,12.38381],[76.91317,12.38337]]]]}},{"type":"Feature","properties":{"unitId":582,"unitName":"Malavalli Rural PS"},"geometry":{"type":"Polygon","coordinates":[[[77.06841,12.45144],[77.07392,12.45088],[77.07445,12.4492],[77.07433,12.44783],[77.07494,12.44751],[77.07577,12.44112],[77.07786,12.44124],[77.07815,12.44169],[77.08516,12.4412],[77.0897,12.44003],[77.0924,12.43985],[77.09272,12.43933],[77.09357,12.43928],[77.09356,12.43885],[77.09641,12.43832],[77.09708,12.4392],[77.10143,12.43898],[77.1013,12.43804],[77.10185,12.43729],[77.10347,12.43665],[77.11093,12.43768],[77.11485,12.43721],[77.11618,12.43749],[77.11951,12.43299],[77.12019,12.42849],[77.12009,12.42545],[77.12046,12.42396],[77.1216,12.4223],[77.12237,12.41905],[77.12153,12.4076],[77.12335,12.40239],[77.12391,12.40239],[77.12397,12.40137],[77.12491,12.40138],[77.12428,12.39987],[77.12484,12.39908],[77.12469,12.39815],[77.12311,12.39619],[77.12288,12.39318],[77.12231,12.39265],[77.12248,12.3906],[77.12795,12.39064],[77.12837,12.39011],[77.12859,12.38708],[77.12952,12.38609],[77.12853,12.38248],[77.12792,12.38224],[77.12715,12.37516],[77.12961,12.3754],[77.13221,12.37449],[77.13247,12.37677],[77.13459,12.37729],[77.13437,12.37573],[77.13331,12.37495],[77.13226,12.37296],[77.13213,12.37122],[77.13708,12.37011],[77.13792,12.36842],[77.13938,12.36787],[77.1391,12.36601],[77.14098,12.36535],[77.13987,12.36267],[77.13789,12.36174],[77.13755,12.35886],[77.13828,12.35874],[77.13905,12.35739],[77.14078,12.35163],[77.14189,12.35217],[77.14251,12.34366],[77.14615,12.33375],[77.14642,12.33066],[77.15131,12.32618],[77.1543,12.32019],[77.13708,12.31149],[77.13664,12.30996],[77.13557,12.309],[77.13136,12.30903],[77.1315,12.30802],[77.13067,12.30824],[77.12923,12.30757],[77.12595,12.30828],[77.12494,12.30739],[77.11495,12.31063],[77.11084,12.31083],[77.1108,12.31237],[77.10126,12.31234],[77.09551,12.31155],[77.09049,12.31171],[77.08913,12.31154],[77.08487,12.30958],[77.08738,12.31532],[77.08431,12.31876],[77.08387,12.32164],[77.08271,12.32374],[77.08287,12.32582],[77.08229,12.32619],[77.08166,12.32786],[77.08091,12.32805],[77.08082,12.32954],[77.07896,12.33103],[77.0779,12.33115],[77.0773,12.33219],[77.0764,12.33643],[77.07526,12.33808],[77.07461,12.34242],[77.06871,12.34322],[77.06552,12.34222],[77.06359,12.34223],[77.06412,12.33924],[77.06484,12.33868],[77.06061,12.33946],[77.05703,12.33922],[77.05691,12.3373],[77.05567,12.33752],[77.05534,12.33621],[77.05411,12.33687],[77.05391,12.33593],[77.05475,12.33533],[77.0538,12.33514],[77.05383,12.33435],[77.05215,12.33442],[77.05142,12.33173],[77.05053,12.33231],[77.05019,12.33103],[77.05103,12.33105],[77.05027,12.3288],[77.0494,12.32821],[77.0502,12.32544],[77.05142,12.31627],[77.04577,12.31715],[77.04462,12.31653],[77.04333,12.31672],[77.04324,12.31752],[77.04142,12.31664],[77.03938,12.31675],[77.03719,12.31351],[77.03535,12.31366],[77.03485,12.31195],[77.03407,12.31136],[77.0341,12.31026],[77.03225,12.31025],[77.03209,12.3098],[77.02684,12.30996],[77.02603,12.31504],[77.02695,12.31665],[77.02706,12.3203],[77.0259,12.32074],[77.02628,12.32402],[77.02652,12.32479],[77.02835,12.32525],[77.02892,12.32766],[77.03053,12.32738],[77.03084,12.33491],[77.03271,12.34299],[77.03318,12.34915],[77.03086,12.34853],[77.03084,12.34719],[77.02909,12.34745],[77.02813,12.34686],[77.0255,12.34292],[77.02319,12.34196],[77.02192,12.34211],[77.02139,12.3392],[77.02086,12.3384],[77.02021,12.33843],[77.0188,12.33486],[77.01733,12.33534],[77.01719,12.33589],[77.01529,12.3364],[77.01641,12.33905],[77.01751,12.33888],[77.01813,12.34057],[77.01906,12.34114],[77.01947,12.34227],[77.02008,12.34238],[77.02045,12.3431],[77.02367,12.34351],[77.02406,12.34676],[77.01868,12.34787],[77.01821,12.34993],[77.01672,12.35011],[77.01658,12.34964],[77.01385,12.34956],[77.01355,12.34888],[77.01172,12.3491],[77.01191,12.34956],[77.01155,12.34967],[77.0078,12.3489],[77.00586,12.34923],[77.00569,12.35112],[77.0041,12.35218],[77.00268,12.35138],[77.00217,12.35414],[77.00163,12.35493],[77.0011,12.35491],[77.0008,12.35601],[77.00125,12.35665],[77.00068,12.35688],[77.00124,12.35871],[77.00199,12.35878],[77.002,12.35992],[77.00143,12.35994],[77.00379,12.36226],[77.00503,12.37405],[77.00483,12.37552],[76.99935,12.3757],[76.99623,12.37712],[76.9955,12.37807],[76.99442,12.37828],[76.99407,12.37879],[76.99463,12.38044],[76.99573,12.38037],[76.99626,12.38226],[76.9959,12.38489],[76.99528,12.38508],[76.99546,12.38672],[76.99239,12.38658],[76.99216,12.38844],[76.98821,12.38847],[76.98845,12.3911],[76.98727,12.39389],[76.98537,12.39434],[76.9854,12.39478],[76.9814,12.39501],[76.98136,12.39627],[76.98082,12.39629],[76.98077,12.4002],[76.98016,12.40018],[76.9807,12.40579],[76.98076,12.40864],[76.98042,12.40871],[76.98119,12.41518],[76.98141,12.41636],[76.98218,12.41641],[76.98216,12.41711],[76.98446,12.41814],[76.98447,12.41933],[76.98498,12.41937],[76.9852,12.42024],[76.98495,12.4215],[76.9862,12.42144],[76.98633,12.42283],[76.98452,12.43276],[76.98502,12.43511],[76.98431,12.43806],[76.99092,12.43809],[76.99587,12.43902],[76.99824,12.44213],[77.0026,12.44229],[77.00478,12.44316],[77.00479,12.44386],[77.01172,12.44446],[77.01682,12.44348],[77.02518,12.44418],[77.03291,12.44666],[77.03334,12.44509],[77.03658,12.44371],[77.04087,12.44625],[77.04687,12.44679],[77.04865,12.4465],[77.05278,12.44717],[77.05527,12.44801],[77.05524,12.44958],[77.06328,12.45133],[77.06841,12.45144]],[[77.06025,12.40514],[77.06023,12.40372],[77.05857,12.40392],[77.05771,12.40146],[77.05835,12.40067],[77.05518,12.40007],[77.05401,12.39795],[77.05184,12.39676],[77.0464,12.39739],[77.04456,12.38967],[77.04423,12.38919],[77.04244,12.38889],[77.0418,12.3876],[77.04173,12.3808],[77.0412,12.38081],[77.03983,12.37574],[77.04201,12.37512],[77.04214,12.37454],[77.04286,12.37429],[77.04278,12.37378],[77.04962,12.37299],[77.04924,12.36983],[77.05016,12.36983],[77.0503,12.3684],[77.05124,12.36835],[77.05125,12.36797],[77.05294,12.36785],[77.05316,12.37055],[77.05706,12.37043],[77.05744,12.37216],[77.05861,12.37185],[77.05889,12.37447],[77.06292,12.37524],[77.06248,12.37625],[77.06713,12.37672],[77.06739,12.37842],[77.07419,12.37807],[77.07436,12.38029],[77.07528,12.38143],[77.07575,12.3862],[77.08142,12.38531],[77.08108,12.38895],[77.07705,12.38945],[77.07603,12.39015],[77.07655,12.39044],[77.07688,12.39246],[77.07766,12.39313],[77.07739,12.39575],[77.07695,12.39576],[77.07755,12.39691],[77.07768,12.39884],[77.07674,12.40102],[77.07682,12.40399],[77.07567,12.40437],[77.0736,12.4042],[77.07217,12.40568],[77.07166,12.40668],[77.0717,12.40926],[77.07113,12.40996],[77.0711,12.41129],[77.07071,12.41134],[77.07117,12.41405],[77.06803,12.41489],[77.06638,12.41469],[77.06496,12.41096],[77.06437,12.41093],[77.06404,12.40848],[77.06314,12.40846],[77.06098,12.40697],[77.06025,12.40514]]]}},{"type":"Feature","properties":{"unitId":583,"unitName":"Malavalli Town PS"},"geometry":{"type":"Polygon","coordinates":[[[77.07117,12.41405],[77.07071,12.41134],[77.0711,12.41129],[77.07113,12.40996],[77.0717,12.40926],[77.07166,12.40668],[77.07217,12.40568],[77.0736,12.4042],[77.07567,12.40437],[77.07682,12.40399],[77.07674,12.40102],[77.07768,12.39884],[77.07755,12.39691],[77.07695,12.39576],[77.07739,12.39575],[77.07766,12.39313],[77.07688,12.39246],[77.07655,12.39044],[77.07603,12.39015],[77.07705,12.38945],[77.08108,12.38895],[77.08142,12.38531],[77.07575,12.3862],[77.07528,12.38143],[77.07436,12.38029],[77.07419,12.37807],[77.06739,12.37842],[77.06713,12.37672],[77.06248,12.37625],[77.06292,12.37524],[77.05889,12.37447],[77.05861,12.37185],[77.05744,12.37216],[77.05706,12.37043],[77.05316,12.37055],[77.05294,12.36785],[77.05125,12.36797],[77.05124,12.36835],[77.0503,12.3684],[77.05016,12.36983],[77.04924,12.36983],[77.04962,12.37299],[77.04278,12.37378],[77.04286,12.37429],[77.04214,12.37454],[77.04201,12.37512],[77.03983,12.37574],[77.0412,12.38081],[77.04173,12.3808],[77.042,12.38817],[77.04244,12.38889],[77.04423,12.38919],[77.04456,12.38967],[77.0464,12.39739],[77.05184,12.39676],[77.05401,12.39795],[77.05518,12.40007],[77.05826,12.40059],[77.05771,12.40146],[77.05857,12.40392],[77.06023,12.40372],[77.06015,12.4056],[77.06098,12.40697],[77.06314,12.40846],[77.06404,12.40848],[77.06437,12.41093],[77.06496,12.41096],[77.06638,12.41469],[77.06803,12.41489],[77.07117,12.41405]]]}},{"type":"Feature","properties":{"unitId":584,"unitName":"Basaralu PS"},"geometry":{"type":"Polygon","coordinates":[[[76.88267,12.75503],[76.8853,12.75493],[76.88686,12.75386],[76.88879,12.75361],[76.88839,12.75199],[76.88998,12.75203],[76.88943,12.74561],[76.89228,12.74765],[76.89514,12.75057],[76.89742,12.74881],[76.90603,12.74493],[76.90664,12.74384],[76.90316,12.73816],[76.89586,12.73023],[76.89595,12.72988],[76.89001,12.72533],[76.88858,12.72503],[76.88952,12.7215],[76.88855,12.71567],[76.89357,12.70644],[76.89793,12.7008],[76.8976,12.69453],[76.89847,12.69241],[76.89225,12.69151],[76.89046,12.69168],[76.88704,12.69058],[76.88579,12.68757],[76.88477,12.68766],[76.88387,12.68584],[76.88137,12.67717],[76.87823,12.67574],[76.87566,12.67521],[76.87547,12.67572],[76.86739,12.67304],[76.8579,12.6737],[76.85758,12.67259],[76.85795,12.67016],[76.85939,12.66709],[76.85992,12.66376],[76.85981,12.66145],[76.85888,12.65855],[76.8592,12.65595],[76.85847,12.6556],[76.84948,12.6566],[76.84926,12.65608],[76.84763,12.65578],[76.84574,12.65612],[76.843,12.65496],[76.84105,12.65157],[76.83648,12.65422],[76.82867,12.65734],[76.82924,12.65335],[76.82321,12.65211],[76.82244,12.6517],[76.82238,12.65115],[76.82136,12.65098],[76.82123,12.65036],[76.81838,12.64968],[76.81631,12.64986],[76.81549,12.65207],[76.81528,12.65417],[76.81617,12.65703],[76.81587,12.65783],[76.81521,12.6574],[76.80395,12.65763],[76.79906,12.65723],[76.79246,12.65953],[76.78846,12.65802],[76.77702,12.6589],[76.77722,12.64989],[76.77139,12.64989],[76.76068,12.64777],[76.76171,12.65086],[76.75517,12.65298],[76.75654,12.65616],[76.75831,12.65679],[76.75264,12.65787],[76.74464,12.66207],[76.7434,12.66284],[76.7435,12.66351],[76.74181,12.66399],[76.74266,12.66766],[76.74228,12.66803],[76.74251,12.66967],[76.74014,12.67064],[76.73452,12.67122],[76.73461,12.67185],[76.73169,12.67272],[76.7312,12.67502],[76.73191,12.67645],[76.73175,12.67703],[76.73303,12.67708],[76.73499,12.67825],[76.73776,12.67796],[76.73872,12.67983],[76.7398,12.67945],[76.7401,12.68042],[76.74173,12.68012],[76.74202,12.68123],[76.74588,12.6811],[76.74894,12.68196],[76.75551,12.68205],[76.75428,12.68454],[76.75099,12.68798],[76.7491,12.6935],[76.7497,12.69637],[76.75063,12.69812],[76.75446,12.69859],[76.75607,12.70243],[76.75647,12.70238],[76.75699,12.70337],[76.75825,12.70936],[76.7579,12.70936],[76.75847,12.71122],[76.75896,12.71827],[76.75971,12.71828],[76.76044,12.72256],[76.76297,12.72131],[76.76675,12.72037],[76.7685,12.72068],[76.7704,12.72335],[76.77175,12.72288],[76.77447,12.72537],[76.77632,12.72734],[76.77752,12.73742],[76.78091,12.74309],[76.78823,12.7428],[76.79219,12.74172],[76.7923,12.74055],[76.79439,12.74034],[76.79422,12.73695],[76.79494,12.73691],[76.79495,12.7375],[76.79615,12.73802],[76.79615,12.73625],[76.79676,12.73605],[76.79796,12.73812],[76.79795,12.73745],[76.80118,12.73555],[76.80571,12.73059],[76.81195,12.73305],[76.82137,12.74377],[76.82058,12.7486],[76.82346,12.74952],[76.82727,12.74874],[76.82867,12.74956],[76.82956,12.74917],[76.83235,12.74977],[76.83417,12.75095],[76.8349,12.74993],[76.83565,12.74985],[76.83893,12.75139],[76.84089,12.74984],[76.84111,12.74906],[76.84253,12.75164],[76.84286,12.75401],[76.84879,12.7509],[76.85416,12.75156],[76.8598,12.74984],[76.85856,12.74711],[76.86244,12.74678],[76.87224,12.7444],[76.87651,12.7422],[76.87727,12.74236],[76.87985,12.74125],[76.8798,12.74004],[76.88214,12.74054],[76.88441,12.74278],[76.8847,12.74406],[76.88422,12.74439],[76.88437,12.74486],[76.88067,12.74778],[76.87594,12.74971],[76.87621,12.75193],[76.8746,12.75169],[76.86666,12.75249],[76.86682,12.75338],[76.87347,12.75349],[76.87857,12.75464],[76.88087,12.75609],[76.88267,12.75503]]]}},{"type":"Feature","properties":{"unitId":585,"unitName":"Keragodu PS"},"geometry":{"type":"Polygon","coordinates":[[[76.9003,12.72707],[76.9035,12.72547],[76.90478,12.72568],[76.906,12.7248],[76.90881,12.72095],[76.91129,12.72013],[76.91433,12.71716],[76.9157,12.71479],[76.92432,12.71527],[76.92794,12.71179],[76.92867,12.71235],[76.92985,12.7119],[76.92993,12.71009],[76.93503,12.7085],[76.93323,12.7082],[76.93344,12.7071],[76.93425,12.7064],[76.93462,12.70319],[76.93598,12.70319],[76.93515,12.69963],[76.93416,12.69747],[76.93133,12.69507],[76.93043,12.69341],[76.92956,12.69007],[76.93039,12.68965],[76.92899,12.69023],[76.92123,12.69079],[76.92146,12.68663],[76.91862,12.67372],[76.92169,12.67332],[76.92327,12.66714],[76.9233,12.66497],[76.92958,12.65864],[76.93244,12.65869],[76.93584,12.66001],[76.93809,12.66153],[76.94129,12.66199],[76.94089,12.6622],[76.94507,12.66624],[76.94884,12.66534],[76.95811,12.66052],[76.95942,12.6536],[76.96044,12.65254],[76.9638,12.64504],[76.96508,12.6455],[76.96549,12.64478],[76.96996,12.62749],[76.9753,12.62784],[76.98127,12.62727],[76.98483,12.61716],[76.9852,12.6136],[76.98613,12.61152],[76.98596,12.61069],[76.98737,12.61071],[76.98772,12.60959],[76.98831,12.60406],[76.98804,12.59934],[76.9813,12.59937],[76.97497,12.59871],[76.97505,12.59625],[76.97348,12.59334],[76.97297,12.5892],[76.96858,12.59039],[76.96482,12.58965],[76.95514,12.58911],[76.95317,12.58836],[76.95329,12.58797],[76.95259,12.58774],[76.95271,12.5882],[76.94745,12.58592],[76.93496,12.5828],[76.92991,12.58091],[76.92853,12.57804],[76.92389,12.57916],[76.9238,12.57877],[76.9219,12.57863],[76.92173,12.57823],[76.91987,12.57856],[76.91898,12.57851],[76.91871,12.5778],[76.91733,12.57799],[76.91072,12.58088],[76.90687,12.58187],[76.90669,12.5814],[76.90576,12.58153],[76.90462,12.58023],[76.9037,12.58029],[76.90173,12.58341],[76.8995,12.58488],[76.89835,12.58465],[76.89507,12.58577],[76.89187,12.58609],[76.89238,12.5807],[76.89142,12.57958],[76.88725,12.57983],[76.88169,12.58099],[76.8786,12.57722],[76.87833,12.57746],[76.876,12.57559],[76.86805,12.57461],[76.86598,12.57515],[76.8642,12.57841],[76.85991,12.58005],[76.85638,12.5825],[76.85732,12.58416],[76.8578,12.58418],[76.85904,12.58824],[76.86193,12.60234],[76.84874,12.6073],[76.84384,12.60828],[76.8421,12.61724],[76.84263,12.62532],[76.83569,12.62524],[76.83386,12.62576],[76.82818,12.62938],[76.82103,12.63055],[76.81793,12.63199],[76.8168,12.63197],[76.817,12.63758],[76.81738,12.63875],[76.81784,12.6388],[76.81847,12.64143],[76.81818,12.64243],[76.81867,12.64544],[76.81775,12.64881],[76.81851,12.64976],[76.82123,12.65036],[76.82136,12.65098],[76.82238,12.65115],[76.82281,12.65196],[76.82924,12.65335],[76.82867,12.65734],[76.83648,12.65422],[76.84105,12.65157],[76.843,12.65496],[76.84574,12.65612],[76.84763,12.65578],[76.84926,12.65608],[76.84948,12.6566],[76.85847,12.6556],[76.8592,12.65595],[76.85888,12.65855],[76.85981,12.66145],[76.85992,12.66376],[76.85939,12.66709],[76.85795,12.67016],[76.85758,12.67259],[76.8579,12.6737],[76.86739,12.67304],[76.87547,12.67572],[76.87566,12.67521],[76.87823,12.67574],[76.88137,12.67717],[76.88387,12.68584],[76.88477,12.68766],[76.88579,12.68757],[76.88704,12.69058],[76.89046,12.69168],[76.89225,12.69151],[76.89847,12.69241],[76.8976,12.69453],[76.89793,12.7008],[76.89357,12.70644],[76.88855,12.71567],[76.88952,12.7215],[76.88858,12.72503],[76.89001,12.72533],[76.89253,12.72699],[76.8961,12.73006],[76.9003,12.72707]]]}},{"type":"Feature","properties":{"unitId":586,"unitName":"Mandya Rural PS"},"geometry":{"type":"Polygon","coordinates":[[[76.99494,12.5992],[76.99552,12.59672],[76.99558,12.59593],[76.9952,12.59584],[76.99654,12.59309],[76.99613,12.59084],[76.99671,12.58486],[76.98654,12.58104],[76.9868,12.57744],[76.98862,12.57132],[76.98805,12.56796],[76.98889,12.56311],[76.98804,12.56076],[76.98885,12.55521],[76.99703,12.55623],[76.99749,12.55389],[76.99795,12.55388],[76.99863,12.54751],[76.99856,12.54327],[77.00031,12.53778],[77.0115,12.53579],[77.01325,12.52989],[77.01271,12.52602],[77.01306,12.5248],[77.01112,12.52434],[77.00951,12.52295],[77.00401,12.52337],[77.00314,12.52207],[77.0035,12.52055],[77.00029,12.51862],[76.99923,12.5186],[76.99868,12.51557],[76.99802,12.51489],[76.99565,12.5143],[76.99384,12.51658],[76.9904,12.51819],[76.98874,12.52066],[76.98702,12.52197],[76.97859,12.5224],[76.97321,12.52185],[76.97323,12.51816],[76.97509,12.51345],[76.97625,12.51213],[76.97658,12.50773],[76.97714,12.50773],[76.97874,12.50584],[76.97707,12.50315],[76.97531,12.5035],[76.97537,12.50317],[76.97363,12.5024],[76.97335,12.50265],[76.97218,12.50172],[76.97168,12.50194],[76.97145,12.50078],[76.96732,12.50091],[76.96694,12.49877],[76.96507,12.49864],[76.96496,12.49803],[76.96116,12.49856],[76.95817,12.49833],[76.95411,12.49583],[76.9541,12.48502],[76.95431,12.48417],[76.95516,12.48438],[76.95554,12.48077],[76.95603,12.47948],[76.95665,12.47945],[76.95536,12.47153],[76.95451,12.472],[76.94867,12.47196],[76.94626,12.47121],[76.9424,12.46756],[76.94268,12.46371],[76.94518,12.46288],[76.94724,12.45929],[76.95006,12.4587],[76.94985,12.45756],[76.94823,12.45521],[76.94807,12.44686],[76.94105,12.44797],[76.93863,12.45082],[76.93859,12.45171],[76.93277,12.45064],[76.92801,12.45045],[76.92836,12.44834],[76.92574,12.44536],[76.92247,12.44456],[76.92205,12.44171],[76.91756,12.44099],[76.9172,12.43965],[76.91637,12.4392],[76.91498,12.44012],[76.91036,12.43961],[76.90947,12.43927],[76.90937,12.43863],[76.90816,12.4383],[76.90803,12.43768],[76.90722,12.43756],[76.90731,12.43689],[76.90677,12.43676],[76.90605,12.44123],[76.90547,12.44117],[76.90538,12.44238],[76.9047,12.44253],[76.90416,12.44797],[76.90269,12.44954],[76.89712,12.4525],[76.89443,12.45236],[76.89339,12.45328],[76.89045,12.4542],[76.88776,12.45428],[76.88778,12.45463],[76.88581,12.45441],[76.88172,12.45309],[76.87769,12.45241],[76.87748,12.45048],[76.87859,12.44671],[76.87915,12.44551],[76.88071,12.44406],[76.88012,12.44261],[76.878,12.4426],[76.87443,12.43995],[76.87407,12.43812],[76.86923,12.4375],[76.86934,12.43813],[76.86472,12.44142],[76.8627,12.44221],[76.86248,12.44317],[76.86032,12.4442],[76.8597,12.44502],[76.86107,12.44971],[76.8612,12.45215],[76.86074,12.45283],[76.86142,12.45407],[76.86251,12.45439],[76.86303,12.4589],[76.86304,12.46024],[76.86266,12.46046],[76.86623,12.46506],[76.86652,12.46751],[76.8633,12.46848],[76.85292,12.4681],[76.8498,12.4646],[76.84136,12.46519],[76.84246,12.4684],[76.84299,12.47487],[76.84147,12.47599],[76.83885,12.47668],[76.8371,12.47786],[76.8367,12.47985],[76.83582,12.48006],[76.83537,12.4823],[76.83458,12.48348],[76.83546,12.48676],[76.83091,12.48789],[76.82834,12.48769],[76.82627,12.48419],[76.81858,12.48279],[76.81995,12.48128],[76.82098,12.47142],[76.82065,12.46764],[76.82113,12.4676],[76.81979,12.46302],[76.81283,12.46231],[76.81125,12.46357],[76.80865,12.46449],[76.80823,12.46519],[76.80848,12.46729],[76.80725,12.46786],[76.80382,12.46807],[76.80338,12.47076],[76.80185,12.47222],[76.80139,12.47345],[76.79651,12.47419],[76.79645,12.47552],[76.79536,12.47569],[76.79137,12.47827],[76.79021,12.47826],[76.78608,12.47654],[76.77642,12.47364],[76.77749,12.48053],[76.77681,12.48495],[76.77612,12.48617],[76.77663,12.4884],[76.77569,12.49023],[76.77601,12.49469],[76.77308,12.49744],[76.76866,12.49864],[76.7688,12.49893],[76.76643,12.49982],[76.76603,12.49927],[76.76262,12.49907],[76.76441,12.50459],[76.76421,12.50691],[76.76685,12.5254],[76.77172,12.52233],[76.77793,12.51655],[76.7814,12.51582],[76.78568,12.51618],[76.78756,12.5171],[76.79152,12.51723],[76.79553,12.51665],[76.79791,12.52044],[76.79846,12.52643],[76.80086,12.53142],[76.80872,12.52992],[76.8126,12.52739],[76.81463,12.52699],[76.81874,12.52476],[76.82505,12.52443],[76.83461,12.52502],[76.84049,12.52418],[76.84674,12.52455],[76.84729,12.52485],[76.84757,12.52719],[76.84755,12.53173],[76.85336,12.53169],[76.85705,12.53247],[76.8588,12.53213],[76.85841,12.53317],[76.86077,12.53345],[76.87147,12.53828],[76.87235,12.53972],[76.87546,12.5396],[76.87693,12.54288],[76.87459,12.54445],[76.8747,12.545],[76.87377,12.54555],[76.87351,12.54628],[76.86527,12.54968],[76.86629,12.55742],[76.86141,12.56004],[76.86262,12.56547],[76.86191,12.56579],[76.86124,12.56697],[76.85942,12.56744],[76.85851,12.56364],[76.85609,12.56485],[76.85542,12.56592],[76.85426,12.56662],[76.8542,12.56812],[76.85299,12.5683],[76.85233,12.56919],[76.84991,12.57025],[76.84945,12.57112],[76.85014,12.57389],[76.85098,12.57561],[76.85433,12.57864],[76.85578,12.5821],[76.85638,12.5825],[76.85991,12.58005],[76.8642,12.57841],[76.86598,12.57515],[76.86805,12.57461],[76.87189,12.57484],[76.876,12.57559],[76.87833,12.57746],[76.8786,12.57722],[76.88169,12.58099],[76.88725,12.57983],[76.89157,12.57966],[76.89238,12.5807],[76.89187,12.58609],[76.8926,12.58614],[76.89507,12.58577],[76.89751,12.58479],[76.8995,12.58488],[76.90173,12.58341],[76.9037,12.58029],[76.90462,12.58023],[76.90576,12.58153],[76.90669,12.5814],[76.90687,12.58187],[76.91072,12.58088],[76.91733,12.57799],[76.91871,12.5778],[76.91898,12.57851],[76.91987,12.57856],[76.92173,12.57823],[76.9219,12.57863],[76.9238,12.57877],[76.92389,12.57916],[76.92829,12.57809],[76.9279,12.57587],[76.92684,12.57461],[76.92661,12.57187],[76.92585,12.57019],[76.92536,12.57012],[76.92581,12.57002],[76.92484,12.56708],[76.92364,12.56739],[76.92377,12.56562],[76.92171,12.56294],[76.9212,12.56288],[76.92125,12.56233],[76.91659,12.56309],[76.91415,12.56402],[76.91341,12.56348],[76.90961,12.56324],[76.90952,12.56283],[76.90496,12.56274],[76.90479,12.56223],[76.90271,12.56192],[76.8939,12.56316],[76.89154,12.56257],[76.89146,12.56189],[76.88843,12.56155],[76.88824,12.56057],[76.88773,12.56033],[76.88695,12.56127],[76.88479,12.56066],[76.8828,12.55902],[76.88242,12.55768],[76.88175,12.55762],[76.88088,12.55156],[76.87924,12.54872],[76.87891,12.54757],[76.87927,12.54727],[76.88056,12.54771],[76.88254,12.54706],[76.88413,12.54856],[76.88529,12.55058],[76.88754,12.55129],[76.88772,12.55245],[76.88972,12.55234],[76.89001,12.55362],[76.89145,12.5532],[76.89138,12.55276],[76.89244,12.55224],[76.89261,12.55261],[76.89583,12.55175],[76.89698,12.55202],[76.8978,12.55117],[76.89815,12.5486],[76.89876,12.54788],[76.89943,12.54851],[76.90006,12.54838],[76.90219,12.54677],[76.89894,12.54597],[76.89611,12.54363],[76.8963,12.5397],[76.89561,12.53755],[76.89415,12.53555],[76.89375,12.53316],[76.89176,12.53163],[76.88625,12.53221],[76.87954,12.53696],[76.87662,12.53673],[76.87448,12.5374],[76.87185,12.5375],[76.87083,12.53688],[76.86922,12.53459],[76.86926,12.53368],[76.87097,12.53344],[76.87359,12.53181],[76.87578,12.52922],[76.87534,12.52793],[76.871,12.5255],[76.87063,12.52462],[76.87652,12.5227],[76.87659,12.52026],[76.87903,12.51946],[76.88107,12.51815],[76.88048,12.51519],[76.88396,12.51355],[76.88649,12.51161],[76.88882,12.51058],[76.8943,12.51121],[76.89446,12.50948],[76.89372,12.50811],[76.89544,12.50108],[76.89527,12.49948],[76.89786,12.49844],[76.89887,12.49851],[76.90256,12.49718],[76.9082,12.49758],[76.90804,12.49863],[76.91091,12.50285],[76.91284,12.50727],[76.91401,12.50837],[76.91835,12.50827],[76.92168,12.50938],[76.92647,12.5098],[76.92678,12.50929],[76.93043,12.50914],[76.93116,12.50464],[76.93471,12.50466],[76.93763,12.5056],[76.9373,12.50747],[76.93876,12.50783],[76.93908,12.51109],[76.93737,12.51136],[76.93668,12.50803],[76.93533,12.50802],[76.93398,12.5065],[76.93212,12.50738],[76.93093,12.50739],[76.93083,12.51094],[76.93033,12.51255],[76.9294,12.51318],[76.92974,12.51532],[76.9304,12.51722],[76.93421,12.52033],[76.9344,12.51973],[76.93574,12.5193],[76.93864,12.51929],[76.93863,12.52153],[76.94144,12.51984],[76.94164,12.52775],[76.9434,12.53066],[76.94387,12.53465],[76.94046,12.53533],[76.93931,12.53606],[76.93909,12.53853],[76.93849,12.5386],[76.93798,12.5402],[76.93522,12.54408],[76.93648,12.5468],[76.93679,12.55031],[76.9389,12.55183],[76.93883,12.55377],[76.93823,12.56103],[76.93719,12.56197],[76.93603,12.56774],[76.93443,12.57187],[76.93397,12.57706],[76.93312,12.57758],[76.93278,12.57851],[76.93277,12.58178],[76.93496,12.5828],[76.94745,12.58592],[76.95271,12.5882],[76.95259,12.58774],[76.95329,12.58797],[76.95317,12.58836],[76.95514,12.58911],[76.96482,12.58965],[76.96858,12.59039],[76.97297,12.5892],[76.97348,12.59334],[76.97505,12.59625],[76.97497,12.59871],[76.9813,12.59937],[76.98804,12.5991],[76.99428,12.60011],[76.99507,12.59969],[76.99494,12.5992]]]}},{"type":"Feature","properties":{"unitId":587,"unitName":"Shivalli PS"},"geometry":{"type":"MultiPolygon","coordinates":[[[[76.73635,12.67086],[76.74014,12.67064],[76.74251,12.66967],[76.74228,12.66803],[76.74266,12.66766],[76.74181,12.66399],[76.7435,12.66351],[76.7434,12.66284],[76.75264,12.65787],[76.75831,12.65679],[76.75654,12.65616],[76.75517,12.65298],[76.76171,12.65086],[76.76068,12.64777],[76.77139,12.64989],[76.77722,12.64989],[76.77702,12.6589],[76.78846,12.65802],[76.79246,12.65953],[76.79906,12.65723],[76.81611,12.65771],[76.81528,12.65289],[76.81631,12.64986],[76.81838,12.64968],[76.81775,12.64881],[76.81867,12.64544],[76.81818,12.64243],[76.81838,12.64045],[76.817,12.63758],[76.8168,12.63197],[76.81793,12.63199],[76.82103,12.63055],[76.82818,12.62938],[76.83386,12.62576],[76.83569,12.62524],[76.84263,12.62532],[76.8421,12.61724],[76.84384,12.60828],[76.84874,12.6073],[76.86193,12.60234],[76.85904,12.58824],[76.8578,12.58418],[76.85732,12.58416],[76.85578,12.5821],[76.85433,12.57864],[76.85098,12.57561],[76.84978,12.57259],[76.8436,12.57338],[76.83933,12.57469],[76.84103,12.57124],[76.84663,12.57131],[76.84744,12.57057],[76.84763,12.57091],[76.84837,12.57067],[76.84872,12.56974],[76.84853,12.57062],[76.84892,12.57055],[76.84984,12.56915],[76.85025,12.5692],[76.85001,12.56776],[76.8505,12.56669],[76.84998,12.56632],[76.84883,12.56676],[76.84677,12.56662],[76.84666,12.56253],[76.84513,12.56225],[76.84488,12.56058],[76.84384,12.55946],[76.84405,12.55833],[76.84025,12.55837],[76.83779,12.55726],[76.83705,12.55645],[76.83675,12.55449],[76.83599,12.55433],[76.83619,12.54987],[76.83792,12.55018],[76.83871,12.54761],[76.83919,12.54729],[76.83872,12.54578],[76.8385,12.54088],[76.84001,12.5358],[76.83953,12.53406],[76.83835,12.53294],[76.83479,12.52498],[76.82505,12.52443],[76.81874,12.52476],[76.81463,12.52699],[76.8126,12.52739],[76.80872,12.52992],[76.80086,12.53142],[76.79846,12.52643],[76.79807,12.52404],[76.79636,12.52449],[76.79635,12.52497],[76.79324,12.52549],[76.78485,12.52912],[76.77958,12.53047],[76.77457,12.53114],[76.76905,12.53355],[76.76682,12.53521],[76.76317,12.53651],[76.76272,12.53631],[76.76045,12.54529],[76.76084,12.54689],[76.75941,12.55023],[76.75975,12.55308],[76.75927,12.55323],[76.75949,12.55434],[76.75892,12.557],[76.75819,12.55718],[76.75855,12.5612],[76.75712,12.57464],[76.75766,12.57556],[76.75989,12.58606],[76.75948,12.58735],[76.75826,12.58881],[76.74769,12.59037],[76.74307,12.59045],[76.74106,12.58958],[76.73925,12.59112],[76.73898,12.59194],[76.73377,12.59372],[76.73108,12.59925],[76.73124,12.60181],[76.73001,12.60321],[76.73015,12.60681],[76.73072,12.60859],[76.73004,12.61018],[76.73084,12.61453],[76.73163,12.61607],[76.73434,12.61805],[76.73538,12.61952],[76.7346,12.62002],[76.73357,12.6221],[76.73336,12.62388],[76.73353,12.62605],[76.73476,12.628],[76.73482,12.63137],[76.73638,12.63417],[76.7346,12.63745],[76.73444,12.63912],[76.73564,12.64156],[76.73575,12.64311],[76.73435,12.647],[76.72429,12.64895],[76.72437,12.65054],[76.71857,12.65374],[76.71794,12.65426],[76.71828,12.65535],[76.71412,12.65839],[76.70665,12.66208],[76.71075,12.67175],[76.7152,12.6784],[76.71909,12.68868],[76.71855,12.68989],[76.71934,12.69169],[76.72027,12.69058],[76.72535,12.68865],[76.72517,12.68757],[76.72606,12.68621],[76.7287,12.68558],[76.73109,12.68401],[76.73055,12.67918],[76.73191,12.67645],[76.7312,12.67502],[76.73169,12.67272],[76.73461,12.67185],[76.73452,12.67122],[76.73635,12.67086]]],[[[76.85057,12.56559],[76.85021,12.56599],[76.85062,12.56657],[76.85092,12.56602],[76.85057,12.56559]]]]}},{"type":"Feature","properties":{"unitId":588,"unitName":"Mandya Central PS"},"geometry":{"type":"MultiPolygon","coordinates":[[[[76.9329,12.57808],[76.93397,12.57706],[76.93443,12.57187],[76.93603,12.56774],[76.93719,12.56197],[76.93823,12.56103],[76.93883,12.55377],[76.9389,12.55183],[76.93679,12.55031],[76.93648,12.5468],[76.93522,12.54408],[76.92594,12.54484],[76.92539,12.54556],[76.91755,12.54136],[76.91252,12.54314],[76.91241,12.5425],[76.91016,12.54354],[76.91005,12.54275],[76.9089,12.54285],[76.90678,12.54336],[76.90213,12.54578],[76.90255,12.54643],[76.90006,12.54838],[76.89943,12.54851],[76.89876,12.54788],[76.89815,12.5486],[76.8978,12.55117],[76.89698,12.55202],[76.89583,12.55175],[76.89261,12.55261],[76.89244,12.55224],[76.89138,12.55276],[76.89145,12.5532],[76.89001,12.55362],[76.88972,12.55234],[76.88772,12.55245],[76.88754,12.55129],[76.88529,12.55058],[76.88413,12.54856],[76.88254,12.54706],[76.88056,12.54771],[76.8795,12.54715],[76.87891,12.54757],[76.87999,12.55048],[76.88088,12.55156],[76.88175,12.55762],[76.88242,12.55768],[76.8828,12.55902],[76.88479,12.56066],[76.88695,12.56127],[76.88773,12.56033],[76.88824,12.56057],[76.88843,12.56155],[76.89146,12.56189],[76.89154,12.56257],[76.8939,12.56316],[76.90271,12.56192],[76.90479,12.56223],[76.90496,12.56274],[76.90952,12.56283],[76.90961,12.56324],[76.91341,12.56348],[76.91415,12.56402],[76.91659,12.56309],[76.92125,12.56233],[76.9212,12.56288],[76.92171,12.56294],[76.92377,12.56562],[76.92364,12.56739],[76.92484,12.56708],[76.92581,12.57002],[76.92536,12.57012],[76.92585,12.57019],[76.92661,12.57187],[76.92684,12.57461],[76.9279,12.57587],[76.92829,12.57809],[76.92991,12.58091],[76.93277,12.58178],[76.9329,12.57808]]],[[[76.84216,12.57405],[76.8436,12.57338],[76.84978,12.57259],[76.84945,12.57112],[76.84991,12.57025],[76.85233,12.56919],[76.85299,12.5683],[76.8542,12.56812],[76.85426,12.56662],[76.85542,12.56592],[76.85568,12.56514],[76.85831,12.56369],[76.85882,12.56421],[76.85942,12.56744],[76.86124,12.56697],[76.86191,12.56579],[76.86262,12.56547],[76.86141,12.56004],[76.86629,12.55742],[76.86527,12.54968],[76.87351,12.54628],[76.87377,12.54555],[76.8747,12.545],[76.87459,12.54445],[76.87693,12.54288],[76.87546,12.5396],[76.87235,12.53972],[76.87147,12.53828],[76.86077,12.53345],[76.85841,12.53317],[76.8588,12.53213],[76.85705,12.53247],[76.85336,12.53169],[76.84755,12.53173],[76.84729,12.52485],[76.84049,12.52418],[76.83479,12.52498],[76.83835,12.53294],[76.83953,12.53406],[76.84001,12.5358],[76.8385,12.54088],[76.83872,12.54578],[76.83919,12.54729],[76.83871,12.54761],[76.83792,12.55018],[76.83619,12.54987],[76.83599,12.55433],[76.83675,12.55449],[76.83705,12.55645],[76.83779,12.55726],[76.84025,12.55837],[76.84405,12.55833],[76.84384,12.55946],[76.84488,12.56058],[76.84513,12.56225],[76.84666,12.56253],[76.84677,12.56662],[76.84883,12.56676],[76.84998,12.56632],[76.8505,12.56669],[76.85001,12.56776],[76.85025,12.5692],[76.84984,12.56915],[76.84892,12.57055],[76.84853,12.57062],[76.84872,12.56974],[76.84837,12.57067],[76.84763,12.57091],[76.84744,12.57057],[76.84663,12.57131],[76.84103,12.57124],[76.83933,12.57469],[76.84216,12.57405]],[[76.85033,12.56634],[76.8502,12.56568],[76.85066,12.5656],[76.85068,12.56656],[76.85033,12.56634]]]]}},{"type":"Feature","properties":{"unitId":589,"unitName":"Mandya East PS"},"geometry":{"type":"Polygon","coordinates":[[[76.93111,12.54431],[76.93522,12.54408],[76.93798,12.5402],[76.93849,12.5386],[76.93909,12.53853],[76.93931,12.53606],[76.94046,12.53533],[76.94387,12.53465],[76.9434,12.53066],[76.94164,12.52775],[76.94144,12.51984],[76.93863,12.52153],[76.93864,12.51929],[76.93574,12.5193],[76.9344,12.51973],[76.93421,12.52033],[76.9304,12.51722],[76.92974,12.51532],[76.9294,12.51318],[76.93033,12.51255],[76.93083,12.51094],[76.93093,12.50739],[76.93212,12.50738],[76.93398,12.5065],[76.93533,12.50802],[76.93668,12.50803],[76.93737,12.51136],[76.93908,12.51109],[76.93876,12.50783],[76.9373,12.50747],[76.93763,12.5056],[76.93471,12.50466],[76.93116,12.50464],[76.93043,12.50914],[76.92678,12.50929],[76.92647,12.5098],[76.92168,12.50938],[76.91835,12.50827],[76.91401,12.50837],[76.91284,12.50727],[76.91091,12.50285],[76.90804,12.49863],[76.90818,12.49757],[76.90256,12.49718],[76.89527,12.49948],[76.89544,12.50108],[76.89372,12.50811],[76.89446,12.50948],[76.89434,12.51081],[76.89923,12.51168],[76.90061,12.5114],[76.89869,12.51173],[76.89864,12.51211],[76.89909,12.51312],[76.89908,12.51544],[76.90031,12.51801],[76.90106,12.52189],[76.90219,12.52169],[76.90347,12.52622],[76.90589,12.52623],[76.90604,12.52882],[76.90651,12.52903],[76.90704,12.53054],[76.90803,12.5307],[76.90879,12.53561],[76.91065,12.53897],[76.91198,12.54028],[76.91252,12.54314],[76.91755,12.54136],[76.92539,12.54556],[76.92594,12.54484],[76.93111,12.54431]]]}},{"type":"Feature","properties":{"unitId":590,"unitName":"Mandya West PS"},"geometry":{"type":"Polygon","coordinates":[[[76.91016,12.54354],[76.91241,12.5425],[76.91198,12.54028],[76.91065,12.53897],[76.90879,12.53561],[76.90809,12.53085],[76.90704,12.53054],[76.90651,12.52903],[76.90604,12.52882],[76.90589,12.52623],[76.90347,12.52622],[76.90219,12.52169],[76.90106,12.52189],[76.90031,12.51801],[76.89908,12.51544],[76.89909,12.51312],[76.89864,12.51211],[76.89869,12.51173],[76.90061,12.5114],[76.89923,12.51168],[76.89434,12.51081],[76.8943,12.51121],[76.8882,12.51069],[76.88396,12.51355],[76.88048,12.51519],[76.88107,12.51815],[76.87903,12.51946],[76.87659,12.52026],[76.87652,12.5227],[76.87063,12.52462],[76.871,12.5255],[76.87534,12.52793],[76.87573,12.5286],[76.87549,12.52994],[76.87359,12.53181],[76.87097,12.53344],[76.86912,12.53397],[76.86995,12.53607],[76.87185,12.5375],[76.87448,12.5374],[76.87662,12.53673],[76.87954,12.53696],[76.88625,12.53221],[76.89176,12.53163],[76.89375,12.53316],[76.89415,12.53555],[76.89561,12.53755],[76.8963,12.5397],[76.89611,12.54363],[76.89782,12.54525],[76.89894,12.54597],[76.90219,12.54677],[76.90255,12.54643],[76.90213,12.54578],[76.90678,12.54336],[76.91005,12.54275],[76.91016,12.54354]]]}},{"type":"Feature","properties":{"unitId":591,"unitName":"K.R. Pet Rural PS"},"geometry":{"type":"Polygon","coordinates":[[[76.37684,12.70615],[76.38347,12.70686],[76.39028,12.70494],[76.3911,12.70512],[76.3914,12.70395],[76.39046,12.70417],[76.38973,12.70239],[76.39132,12.70132],[76.39181,12.70132],[76.39352,12.70389],[76.39282,12.70371],[76.39363,12.70528],[76.39436,12.70537],[76.39545,12.70677],[76.39841,12.70641],[76.39911,12.70534],[76.4021,12.70328],[76.40598,12.69625],[76.40807,12.69099],[76.40954,12.68894],[76.41013,12.68637],[76.40839,12.68028],[76.40867,12.67897],[76.41348,12.67483],[76.41604,12.6764],[76.41535,12.67747],[76.41558,12.67889],[76.41933,12.67958],[76.41918,12.68168],[76.42122,12.68251],[76.42094,12.68315],[76.42282,12.68523],[76.42698,12.68469],[76.42718,12.68282],[76.42785,12.68185],[76.42807,12.67884],[76.43304,12.67862],[76.43694,12.6793],[76.43725,12.67872],[76.43783,12.67902],[76.43776,12.67861],[76.44093,12.6773],[76.43969,12.68206],[76.43969,12.68395],[76.43925,12.684],[76.43976,12.68841],[76.44265,12.68798],[76.44404,12.68813],[76.44447,12.68884],[76.44582,12.68809],[76.44644,12.68833],[76.44802,12.68701],[76.45048,12.68793],[76.45303,12.68725],[76.45324,12.69008],[76.45407,12.69188],[76.45677,12.69246],[76.45768,12.69321],[76.45936,12.68993],[76.46176,12.68271],[76.46121,12.67312],[76.46073,12.6718],[76.46958,12.67039],[76.46951,12.66966],[76.47029,12.66972],[76.47014,12.66934],[76.47074,12.66918],[76.47163,12.66935],[76.47175,12.6698],[76.47293,12.66953],[76.47301,12.66136],[76.47644,12.66056],[76.47889,12.66058],[76.47894,12.65663],[76.47836,12.65609],[76.47503,12.6571],[76.47488,12.65655],[76.47368,12.65642],[76.47367,12.65481],[76.47508,12.65423],[76.47497,12.6529],[76.47372,12.65301],[76.47362,12.6523],[76.47254,12.65216],[76.4728,12.65069],[76.47233,12.65056],[76.47182,12.64893],[76.47384,12.64736],[76.47378,12.64696],[76.47499,12.64657],[76.47461,12.64598],[76.47508,12.64575],[76.4745,12.6413],[76.47198,12.64163],[76.46772,12.63927],[76.46696,12.64127],[76.4671,12.64247],[76.4615,12.64286],[76.46146,12.642],[76.46591,12.63078],[76.46881,12.62732],[76.47488,12.62611],[76.4757,12.62555],[76.47854,12.62552],[76.47859,12.62583],[76.47992,12.62528],[76.47987,12.62357],[76.48076,12.62175],[76.47959,12.61778],[76.48044,12.61629],[76.47999,12.61446],[76.48274,12.61477],[76.48242,12.61607],[76.4827,12.61694],[76.48497,12.62078],[76.48607,12.6219],[76.48813,12.62196],[76.48754,12.6234],[76.48824,12.62332],[76.48869,12.62789],[76.48991,12.63],[76.49133,12.63003],[76.49222,12.63097],[76.49729,12.63084],[76.49773,12.63208],[76.49678,12.6321],[76.49682,12.63305],[76.49437,12.63255],[76.49464,12.63526],[76.49375,12.63546],[76.49425,12.63585],[76.49383,12.63605],[76.49379,12.63816],[76.49606,12.63851],[76.49642,12.63974],[76.49677,12.64147],[76.49602,12.64323],[76.49686,12.64488],[76.49629,12.64495],[76.49631,12.64739],[76.49702,12.64753],[76.49723,12.64847],[76.50287,12.64835],[76.50317,12.64769],[76.50672,12.64762],[76.50759,12.64701],[76.50791,12.64322],[76.50868,12.64187],[76.50579,12.63959],[76.50617,12.63858],[76.50658,12.63864],[76.50671,12.63725],[76.50722,12.63708],[76.50916,12.63149],[76.51036,12.62271],[76.51157,12.62218],[76.51172,12.62002],[76.51819,12.62017],[76.5205,12.62075],[76.52049,12.62108],[76.52452,12.62139],[76.52479,12.62229],[76.53179,12.62209],[76.53223,12.62168],[76.53629,12.6231],[76.5366,12.61763],[76.53867,12.6066],[76.5382,12.60473],[76.53903,12.6041],[76.53903,12.60327],[76.54194,12.59937],[76.54307,12.60178],[76.5463,12.6012],[76.54658,12.59916],[76.54864,12.59968],[76.54955,12.59792],[76.55246,12.6001],[76.55511,12.60077],[76.55627,12.60247],[76.55789,12.6026],[76.55819,12.60204],[76.56302,12.60132],[76.57066,12.60147],[76.57126,12.60203],[76.57336,12.59301],[76.57179,12.58594],[76.57182,12.58158],[76.56516,12.57708],[76.56615,12.57515],[76.56652,12.57179],[76.57496,12.57011],[76.57774,12.57008],[76.58003,12.56922],[76.58218,12.56917],[76.58382,12.56071],[76.58604,12.55748],[76.58588,12.55429],[76.58496,12.55432],[76.5845,12.55491],[76.58132,12.55504],[76.57974,12.55685],[76.57851,12.55736],[76.57822,12.55815],[76.57259,12.5608],[76.56513,12.56814],[76.55956,12.56162],[76.5548,12.54905],[76.55419,12.54855],[76.54987,12.54959],[76.54649,12.5498],[76.54529,12.54796],[76.54388,12.54253],[76.5419,12.53789],[76.54096,12.53364],[76.54327,12.53358],[76.54384,12.53223],[76.5458,12.53149],[76.54559,12.52727],[76.54846,12.52674],[76.54739,12.52354],[76.54322,12.52353],[76.54046,12.52423],[76.54016,12.52353],[76.53855,12.5235],[76.53708,12.52432],[76.53172,12.5249],[76.52852,12.52581],[76.52395,12.51634],[76.52527,12.51358],[76.52533,12.50859],[76.52026,12.50836],[76.51868,12.50714],[76.51625,12.50639],[76.51566,12.50498],[76.51717,12.50402],[76.51718,12.50335],[76.51628,12.50336],[76.51592,12.50213],[76.51654,12.50192],[76.51688,12.50008],[76.51537,12.50073],[76.51416,12.5004],[76.51487,12.49835],[76.51611,12.49709],[76.51573,12.49254],[76.51975,12.49187],[76.51855,12.48835],[76.5183,12.48576],[76.51751,12.48527],[76.51767,12.48457],[76.51634,12.48435],[76.51622,12.48388],[76.51522,12.48408],[76.51562,12.48268],[76.51492,12.48164],[76.51496,12.47997],[76.51438,12.47907],[76.51566,12.47564],[76.51688,12.47514],[76.51761,12.47372],[76.51738,12.47137],[76.51697,12.47083],[76.51622,12.47102],[76.51602,12.46995],[76.5162,12.4675],[76.51677,12.46715],[76.51756,12.4653],[76.51709,12.46261],[76.51726,12.4614],[76.51776,12.46098],[76.51428,12.46065],[76.51387,12.45892],[76.51453,12.45849],[76.51489,12.45729],[76.51414,12.45584],[76.51318,12.45575],[76.513,12.45368],[76.51021,12.45334],[76.50692,12.45179],[76.50336,12.45131],[76.49978,12.45403],[76.49762,12.45927],[76.49708,12.45945],[76.49706,12.46009],[76.49458,12.46321],[76.49372,12.46529],[76.48923,12.46758],[76.48745,12.46781],[76.48294,12.47094],[76.47678,12.47091],[76.46997,12.47372],[76.45739,12.48093],[76.45733,12.48151],[76.45482,12.48283],[76.45133,12.48585],[76.44958,12.48852],[76.44803,12.49606],[76.44756,12.49957],[76.44812,12.505],[76.44759,12.50655],[76.44657,12.50709],[76.44404,12.50712],[76.44119,12.51007],[76.43859,12.51886],[76.43654,12.52185],[76.43642,12.5232],[76.43568,12.52247],[76.43347,12.52321],[76.42801,12.5275],[76.42466,12.53083],[76.42193,12.53187],[76.42258,12.5356],[76.42343,12.53581],[76.42372,12.53849],[76.4261,12.53848],[76.42703,12.54236],[76.42168,12.5446],[76.41929,12.5448],[76.41892,12.54612],[76.41691,12.54631],[76.41657,12.54702],[76.41544,12.54678],[76.41387,12.55197],[76.41282,12.55206],[76.41162,12.55691],[76.40765,12.55602],[76.4056,12.55409],[76.40374,12.55304],[76.40199,12.55271],[76.40182,12.55192],[76.40058,12.55225],[76.39987,12.55221],[76.40003,12.55174],[76.39839,12.55193],[76.39708,12.55156],[76.39577,12.55027],[76.39546,12.55165],[76.3893,12.55176],[76.38697,12.5583],[76.39082,12.56469],[76.39648,12.56878],[76.39583,12.57027],[76.39478,12.57257],[76.37696,12.57548],[76.37698,12.57868],[76.37505,12.58371],[76.37214,12.5979],[76.36931,12.60328],[76.37021,12.60597],[76.36465,12.60691],[76.36336,12.60949],[76.36493,12.61797],[76.36407,12.61926],[76.36338,12.6232],[76.36424,12.62677],[76.35848,12.6341],[76.35777,12.6356],[76.35214,12.64037],[76.35139,12.64259],[76.35222,12.65038],[76.34253,12.65483],[76.34277,12.65541],[76.34203,12.65925],[76.34921,12.66875],[76.35333,12.66795],[76.35278,12.672],[76.35415,12.67177],[76.35422,12.6721],[76.35383,12.67206],[76.35361,12.67294],[76.35343,12.67707],[76.35426,12.68494],[76.35648,12.68516],[76.35969,12.68659],[76.35894,12.69031],[76.36167,12.69122],[76.36183,12.69618],[76.36277,12.69731],[76.3621,12.70043],[76.36182,12.71168],[76.36723,12.71219],[76.37347,12.71406],[76.37684,12.70615]]]}},{"type":"Feature","properties":{"unitId":592,"unitName":"K.R. Pet Town PS"},"geometry":{"type":"Polygon","coordinates":[[[76.5733,12.84708],[76.57714,12.84619],[76.58311,12.84365],[76.591,12.83794],[76.5928,12.83575],[76.59595,12.83446],[76.59725,12.83036],[76.59331,12.82632],[76.59034,12.82535],[76.58715,12.82301],[76.58644,12.82102],[76.58687,12.81919],[76.58635,12.81954],[76.58602,12.81922],[76.5863,12.81775],[76.58766,12.81667],[76.58723,12.81524],[76.5886,12.81402],[76.591,12.81351],[76.59165,12.81372],[76.59202,12.81465],[76.59182,12.81599],[76.59401,12.81754],[76.5976,12.81694],[76.60175,12.81721],[76.60367,12.81001],[76.60302,12.80614],[76.60414,12.80333],[76.60584,12.80185],[76.60701,12.79914],[76.60557,12.79348],[76.60533,12.78905],[76.60399,12.7889],[76.60417,12.78833],[76.59727,12.78913],[76.59708,12.78813],[76.59666,12.7881],[76.59719,12.78727],[76.59629,12.78463],[76.59626,12.78243],[76.59787,12.77655],[76.59923,12.76334],[76.60044,12.76303],[76.60257,12.76443],[76.60361,12.76443],[76.60255,12.75833],[76.60209,12.75193],[76.6,12.7456],[76.59926,12.74578],[76.59698,12.74337],[76.59317,12.72467],[76.59859,12.72643],[76.60132,12.72502],[76.60285,12.72225],[76.60434,12.71638],[76.61469,12.70147],[76.61363,12.68856],[76.61506,12.67787],[76.61019,12.67805],[76.61045,12.67737],[76.60895,12.67479],[76.60967,12.67481],[76.60925,12.67153],[76.6107,12.67144],[76.61202,12.66548],[76.61182,12.66142],[76.61426,12.65853],[76.6133,12.64569],[76.60003,12.65124],[76.60379,12.64248],[76.60562,12.6426],[76.60456,12.63844],[76.6049,12.63029],[76.6064,12.62047],[76.60207,12.60804],[76.60155,12.59662],[76.60058,12.58805],[76.60065,12.58252],[76.5998,12.57957],[76.60002,12.57678],[76.59873,12.57659],[76.59876,12.57539],[76.5978,12.57575],[76.59744,12.57529],[76.59587,12.57525],[76.59559,12.57597],[76.5932,12.57566],[76.59267,12.57705],[76.59022,12.57601],[76.5876,12.57664],[76.58289,12.57489],[76.58306,12.57752],[76.58266,12.57862],[76.57547,12.5812],[76.57182,12.58158],[76.57179,12.58594],[76.57336,12.59301],[76.57126,12.60203],[76.57066,12.60147],[76.56302,12.60132],[76.55819,12.60204],[76.55789,12.6026],[76.55627,12.60247],[76.55511,12.60077],[76.55246,12.6001],[76.54955,12.59792],[76.54864,12.59968],[76.54658,12.59916],[76.5463,12.6012],[76.54307,12.60178],[76.54194,12.59937],[76.53903,12.60327],[76.53903,12.6041],[76.5382,12.60473],[76.53867,12.6066],[76.5366,12.61763],[76.53629,12.6231],[76.53223,12.62168],[76.53179,12.62209],[76.52479,12.62229],[76.52452,12.62139],[76.52049,12.62108],[76.5205,12.62075],[76.51819,12.62017],[76.51172,12.62002],[76.51157,12.62218],[76.51036,12.62271],[76.50916,12.63149],[76.50722,12.63708],[76.50671,12.63725],[76.50658,12.63864],[76.50617,12.63858],[76.50579,12.63959],[76.50868,12.64187],[76.50791,12.64322],[76.50759,12.64701],[76.50672,12.64762],[76.50317,12.64769],[76.50287,12.64835],[76.49723,12.64847],[76.49702,12.64753],[76.49631,12.64739],[76.49629,12.64495],[76.49686,12.64488],[76.49602,12.64323],[76.49677,12.64147],[76.49642,12.63974],[76.49606,12.63851],[76.49379,12.63816],[76.49383,12.63605],[76.49425,12.63585],[76.49375,12.63546],[76.49464,12.63526],[76.49437,12.63255],[76.49682,12.63305],[76.49678,12.6321],[76.49773,12.63208],[76.4974,12.63102],[76.49222,12.63097],[76.49133,12.63003],[76.48991,12.63],[76.48869,12.62789],[76.48824,12.62332],[76.48754,12.6234],[76.48813,12.62196],[76.48607,12.6219],[76.48497,12.62078],[76.4827,12.61694],[76.48242,12.61607],[76.48274,12.61477],[76.4812,12.6149],[76.48111,12.61441],[76.47999,12.61446],[76.48044,12.61629],[76.47959,12.61778],[76.48076,12.62175],[76.47987,12.62357],[76.47992,12.62528],[76.47859,12.62583],[76.47854,12.62552],[76.4757,12.62555],[76.47488,12.62611],[76.46881,12.62732],[76.46591,12.63078],[76.46146,12.642],[76.4615,12.64286],[76.4671,12.64247],[76.46696,12.64127],[76.46772,12.63927],[76.47198,12.64163],[76.4745,12.6413],[76.47508,12.64575],[76.47461,12.64598],[76.47499,12.64657],[76.47378,12.64696],[76.47384,12.64736],[76.47182,12.64893],[76.47233,12.65056],[76.4728,12.65069],[76.47254,12.65216],[76.47362,12.6523],[76.47372,12.65301],[76.47497,12.6529],[76.47508,12.65423],[76.47367,12.65481],[76.47368,12.65642],[76.47488,12.65655],[76.47491,12.65704],[76.47536,12.6571],[76.47836,12.65609],[76.47906,12.6568],[76.47915,12.65828],[76.47889,12.66058],[76.47644,12.66056],[76.47301,12.66136],[76.47293,12.66953],[76.47175,12.6698],[76.47163,12.66935],[76.47074,12.66918],[76.47014,12.66934],[76.47029,12.66972],[76.46951,12.66966],[76.46958,12.67039],[76.46073,12.6718],[76.46121,12.67312],[76.46176,12.68271],[76.45936,12.68993],[76.46899,12.69539],[76.47221,12.69676],[76.47365,12.69686],[76.47587,12.70104],[76.47932,12.70237],[76.48,12.70319],[76.48211,12.71053],[76.48343,12.71253],[76.48227,12.71409],[76.48461,12.71688],[76.49249,12.71702],[76.49324,12.71316],[76.49653,12.70622],[76.50137,12.70634],[76.50308,12.7068],[76.50375,12.70539],[76.50609,12.70583],[76.51141,12.70519],[76.51139,12.7067],[76.51221,12.70668],[76.51259,12.70721],[76.51454,12.70719],[76.51563,12.70947],[76.51846,12.70926],[76.51883,12.71029],[76.5203,12.70998],[76.5204,12.71057],[76.52089,12.71049],[76.5211,12.71264],[76.52016,12.71316],[76.5195,12.71527],[76.51445,12.72185],[76.51428,12.72472],[76.51359,12.7255],[76.51374,12.7299],[76.51336,12.73082],[76.5137,12.73266],[76.51296,12.73407],[76.51324,12.73525],[76.51436,12.73637],[76.51627,12.73983],[76.51621,12.74187],[76.51536,12.74399],[76.51558,12.74625],[76.51394,12.74605],[76.51363,12.74775],[76.51295,12.74857],[76.50949,12.7482],[76.50696,12.7499],[76.50652,12.75092],[76.5069,12.75724],[76.50847,12.75723],[76.50952,12.75794],[76.5098,12.75989],[76.51187,12.76565],[76.51185,12.76685],[76.51108,12.7679],[76.50998,12.76793],[76.50944,12.76588],[76.50662,12.76707],[76.5036,12.76762],[76.5036,12.76881],[76.50151,12.76949],[76.50063,12.76942],[76.50011,12.76876],[76.49977,12.7715],[76.4983,12.77439],[76.49799,12.77889],[76.49318,12.78217],[76.4903,12.78888],[76.49191,12.78967],[76.49129,12.7928],[76.49233,12.79504],[76.49286,12.79493],[76.49517,12.80334],[76.49445,12.80523],[76.49172,12.80549],[76.49146,12.80653],[76.49196,12.80794],[76.49418,12.81114],[76.49461,12.81039],[76.49741,12.81338],[76.50189,12.82228],[76.50464,12.82163],[76.50945,12.82246],[76.51167,12.82352],[76.51175,12.82421],[76.51278,12.82495],[76.51395,12.82491],[76.51807,12.8268],[76.51836,12.82948],[76.51788,12.83329],[76.51697,12.83386],[76.51889,12.83699],[76.52039,12.8408],[76.53267,12.84257],[76.53543,12.84424],[76.5402,12.84202],[76.54671,12.84135],[76.55037,12.84244],[76.5558,12.84607],[76.55793,12.84607],[76.56032,12.84515],[76.5637,12.8446],[76.5689,12.84493],[76.5733,12.84708]]]}},{"type":"Feature","properties":{"unitId":593,"unitName":"Kikkeri PS"},"geometry":{"type":"Polygon","coordinates":[[[76.40702,12.86633],[76.40739,12.8664],[76.40725,12.86571],[76.40937,12.86549],[76.40956,12.86506],[76.41151,12.86457],[76.41214,12.86487],[76.41316,12.8645],[76.41416,12.86563],[76.41492,12.86579],[76.41611,12.86495],[76.41654,12.8653],[76.41569,12.86272],[76.41653,12.85968],[76.41806,12.8585],[76.4205,12.85757],[76.42088,12.85791],[76.42593,12.85717],[76.42584,12.85599],[76.42679,12.85412],[76.42574,12.84618],[76.42515,12.8462],[76.42493,12.84524],[76.42315,12.84447],[76.42145,12.84435],[76.42045,12.84316],[76.42071,12.83954],[76.42178,12.83845],[76.42226,12.83665],[76.42393,12.82588],[76.42548,12.82447],[76.44505,12.82134],[76.44514,12.81925],[76.44465,12.81926],[76.44435,12.81814],[76.44725,12.81457],[76.45073,12.81211],[76.4511,12.81024],[76.45066,12.80966],[76.45739,12.80646],[76.45679,12.80257],[76.46165,12.80212],[76.46334,12.80491],[76.4674,12.80419],[76.46789,12.80187],[76.46971,12.80083],[76.46926,12.79877],[76.46961,12.79697],[76.46871,12.79433],[76.46662,12.79327],[76.46551,12.79179],[76.46147,12.78976],[76.4611,12.78853],[76.45691,12.78857],[76.45524,12.77985],[76.45609,12.77981],[76.4569,12.77662],[76.45956,12.77598],[76.46201,12.77603],[76.46486,12.77516],[76.46528,12.77449],[76.46661,12.77442],[76.46743,12.77328],[76.46875,12.77288],[76.46838,12.77178],[76.46913,12.77134],[76.47164,12.77066],[76.47576,12.77089],[76.47626,12.77177],[76.47704,12.77136],[76.47677,12.77463],[76.47828,12.77983],[76.47969,12.7798],[76.47993,12.78104],[76.48371,12.78348],[76.48614,12.78416],[76.48815,12.7841],[76.48951,12.78469],[76.48925,12.7794],[76.48967,12.77559],[76.48909,12.77269],[76.48788,12.77271],[76.4878,12.77183],[76.4879,12.77071],[76.48896,12.77072],[76.48894,12.76888],[76.48977,12.76886],[76.48968,12.7657],[76.4909,12.76521],[76.49489,12.76774],[76.49558,12.76872],[76.49616,12.76868],[76.49776,12.77063],[76.4983,12.77439],[76.49977,12.7715],[76.50011,12.76876],[76.50063,12.76942],[76.50151,12.76949],[76.5036,12.76881],[76.5036,12.76762],[76.50662,12.76707],[76.50944,12.76588],[76.50998,12.76793],[76.51108,12.7679],[76.51185,12.76685],[76.51187,12.76565],[76.5098,12.75989],[76.50952,12.75794],[76.50847,12.75723],[76.5069,12.75724],[76.50652,12.75092],[76.50696,12.7499],[76.50949,12.7482],[76.51295,12.74857],[76.51363,12.74775],[76.51394,12.74605],[76.51558,12.74625],[76.51536,12.74399],[76.51621,12.74187],[76.51627,12.73983],[76.51436,12.73637],[76.51324,12.73525],[76.51296,12.73407],[76.5137,12.73266],[76.51336,12.73082],[76.51374,12.7299],[76.51359,12.7255],[76.51428,12.72472],[76.51445,12.72185],[76.5195,12.71527],[76.52016,12.71316],[76.5211,12.71264],[76.52089,12.71049],[76.5204,12.71057],[76.5203,12.70998],[76.51883,12.71029],[76.51846,12.70926],[76.51563,12.70947],[76.51454,12.70719],[76.51259,12.70721],[76.51221,12.70668],[76.51139,12.7067],[76.51141,12.70519],[76.50609,12.70583],[76.50375,12.70539],[76.50308,12.7068],[76.50137,12.70634],[76.49653,12.70622],[76.49324,12.71316],[76.49249,12.71702],[76.48461,12.71688],[76.48227,12.71409],[76.48343,12.71253],[76.48211,12.71053],[76.48188,12.70877],[76.48097,12.70751],[76.48,12.70319],[76.47932,12.70237],[76.47587,12.70104],[76.47365,12.69686],[76.47221,12.69676],[76.46899,12.69539],[76.45936,12.68993],[76.45768,12.69321],[76.45677,12.69246],[76.45407,12.69188],[76.45324,12.69008],[76.45303,12.68725],[76.45048,12.68793],[76.44802,12.68701],[76.44644,12.68833],[76.44582,12.68809],[76.44447,12.68884],[76.44404,12.68813],[76.44265,12.68798],[76.43976,12.68841],[76.43925,12.684],[76.43969,12.68395],[76.43969,12.68206],[76.44093,12.6773],[76.43776,12.67861],[76.43783,12.67902],[76.43725,12.67872],[76.43694,12.6793],[76.43304,12.67862],[76.42807,12.67884],[76.42785,12.68185],[76.42718,12.68282],[76.42698,12.68469],[76.42282,12.68523],[76.42094,12.68315],[76.42122,12.68251],[76.41918,12.68168],[76.41933,12.67958],[76.41558,12.67889],[76.41535,12.67747],[76.41604,12.6764],[76.41348,12.67483],[76.40867,12.67897],[76.40839,12.68028],[76.41013,12.68637],[76.40954,12.68894],[76.40807,12.69099],[76.40598,12.69625],[76.4021,12.70328],[76.39911,12.70534],[76.39841,12.70641],[76.39545,12.70677],[76.39436,12.70537],[76.39363,12.70528],[76.39282,12.70371],[76.39352,12.70389],[76.39181,12.70132],[76.39132,12.70132],[76.38973,12.70239],[76.39046,12.70417],[76.3914,12.70395],[76.3911,12.70512],[76.39028,12.70494],[76.38347,12.70686],[76.37686,12.70609],[76.37347,12.71406],[76.36723,12.71219],[76.35929,12.71144],[76.35665,12.71038],[76.35364,12.71135],[76.35019,12.7138],[76.34787,12.71706],[76.34692,12.71757],[76.34597,12.71694],[76.3461,12.71959],[76.34548,12.72136],[76.34421,12.72275],[76.34422,12.7289],[76.34478,12.73028],[76.33947,12.73311],[76.34065,12.73466],[76.34218,12.7351],[76.34591,12.73824],[76.34451,12.74217],[76.34655,12.7429],[76.34578,12.74403],[76.34689,12.74463],[76.35122,12.74211],[76.35504,12.74386],[76.35746,12.74702],[76.35727,12.74953],[76.35136,12.75235],[76.34364,12.75991],[76.34249,12.76248],[76.34327,12.767],[76.34795,12.76823],[76.35003,12.77043],[76.35055,12.77337],[76.34947,12.77609],[76.34801,12.77819],[76.34868,12.78206],[76.35009,12.78485],[76.34958,12.7861],[76.34854,12.78676],[76.33814,12.78564],[76.33574,12.78646],[76.33487,12.78774],[76.33436,12.79083],[76.332,12.79556],[76.33023,12.80107],[76.32989,12.8036],[76.33016,12.80865],[76.33187,12.81192],[76.33676,12.81247],[76.33992,12.81162],[76.34381,12.81204],[76.34494,12.81095],[76.34775,12.8095],[76.3512,12.80861],[76.35443,12.8094],[76.35922,12.809],[76.36255,12.80927],[76.36798,12.80831],[76.3696,12.80971],[76.37076,12.81161],[76.37087,12.81522],[76.3702,12.81735],[76.368,12.82053],[76.3672,12.82282],[76.36752,12.82499],[76.37098,12.82998],[76.37138,12.82905],[76.37301,12.83004],[76.37396,12.82998],[76.37408,12.83095],[76.37509,12.83159],[76.37668,12.82809],[76.37855,12.82856],[76.38038,12.83012],[76.38103,12.8299],[76.38228,12.83044],[76.38419,12.83276],[76.38436,12.83454],[76.38572,12.83524],[76.38657,12.83646],[76.38676,12.83912],[76.38806,12.84079],[76.38748,12.84226],[76.38607,12.84315],[76.38587,12.84501],[76.38877,12.84538],[76.3913,12.84441],[76.39309,12.8462],[76.39756,12.84741],[76.39858,12.84643],[76.39941,12.84676],[76.40017,12.84633],[76.40115,12.84676],[76.40242,12.8454],[76.40304,12.84613],[76.40444,12.84645],[76.40736,12.84534],[76.40817,12.84781],[76.40773,12.8478],[76.40846,12.85354],[76.40837,12.85584],[76.40799,12.85603],[76.40811,12.86057],[76.4075,12.86249],[76.40805,12.8635],[76.40642,12.86603],[76.40642,12.86655],[76.40702,12.86633]]]}},{"type":"Feature","properties":{"unitId":594,"unitName":"Bellur PS"},"geometry":{"type":"Polygon","coordinates":[[[76.67077,13.05516],[76.67554,13.05502],[76.68081,13.04799],[76.6827,13.0463],[76.68485,13.04504],[76.68579,13.04497],[76.68805,13.04144],[76.69365,13.03708],[76.70185,13.04205],[76.7019,13.04122],[76.70945,13.03933],[76.71796,13.04059],[76.71804,13.04014],[76.72615,13.03975],[76.74964,13.03614],[76.75188,13.03612],[76.75805,13.03739],[76.75739,13.03535],[76.75836,13.03582],[76.75887,13.03678],[76.76088,13.036],[76.77152,13.03449],[76.78246,13.03049],[76.7858,13.01448],[76.78929,13.01457],[76.79117,13.01524],[76.79474,13.01523],[76.80623,13.01218],[76.80847,13.01232],[76.81269,13.01358],[76.81555,13.01339],[76.81615,13.01095],[76.81851,13.00782],[76.82,13.00491],[76.82508,13.00274],[76.82919,13.00212],[76.82684,13.00014],[76.82641,12.99908],[76.82696,12.99847],[76.83042,12.99704],[76.83509,12.99276],[76.84418,12.98684],[76.84451,12.98469],[76.84538,12.9831],[76.84688,12.98195],[76.85066,12.98036],[76.85149,12.97911],[76.85116,12.97555],[76.85062,12.97471],[76.84941,12.97427],[76.84063,12.97423],[76.83984,12.97404],[76.83951,12.97339],[76.84075,12.96761],[76.84193,12.96613],[76.84068,12.96351],[76.84039,12.96036],[76.83934,12.95744],[76.83985,12.95553],[76.83844,12.95139],[76.83795,12.9478],[76.83713,12.94507],[76.83584,12.94377],[76.84229,12.94148],[76.8455,12.94191],[76.84867,12.94402],[76.84846,12.94282],[76.84931,12.94147],[76.84925,12.93845],[76.85706,12.93797],[76.86108,12.93571],[76.86267,12.93427],[76.8623,12.92835],[76.85385,12.9265],[76.85448,12.92085],[76.85276,12.91918],[76.85378,12.91656],[76.85136,12.91459],[76.85012,12.91454],[76.84841,12.91699],[76.8451,12.9183],[76.84441,12.92086],[76.84317,12.92148],[76.84312,12.92839],[76.83962,12.92937],[76.82927,12.93065],[76.82465,12.92405],[76.81988,12.9246],[76.82003,12.92497],[76.81359,12.92794],[76.81083,12.9287],[76.80094,12.92178],[76.79915,12.92165],[76.7982,12.91642],[76.79382,12.90515],[76.78997,12.9015],[76.78683,12.89428],[76.78234,12.89592],[76.77586,12.89722],[76.7707,12.89294],[76.76945,12.89293],[76.76892,12.8884],[76.76674,12.88343],[76.75542,12.88773],[76.74984,12.88821],[76.75036,12.89265],[76.75235,12.89759],[76.75191,12.89767],[76.75251,12.90084],[76.75138,12.90162],[76.75134,12.90428],[76.74934,12.90325],[76.7488,12.90188],[76.74741,12.90103],[76.7451,12.90054],[76.73869,12.90234],[76.73856,12.90194],[76.73457,12.90275],[76.73167,12.90439],[76.73423,12.91323],[76.72566,12.91535],[76.7245,12.90924],[76.72348,12.90853],[76.72349,12.90751],[76.72262,12.90767],[76.72156,12.90558],[76.72058,12.90572],[76.72046,12.90502],[76.71917,12.90518],[76.71881,12.90616],[76.71666,12.90635],[76.71669,12.90713],[76.7156,12.90726],[76.71547,12.9091],[76.71447,12.91103],[76.71086,12.91403],[76.71063,12.91488],[76.70423,12.9189],[76.70294,12.91819],[76.70235,12.92452],[76.70539,12.92645],[76.70892,12.93203],[76.71144,12.935],[76.71164,12.93794],[76.71102,12.93962],[76.71121,12.94431],[76.71285,12.94515],[76.71283,12.94588],[76.71149,12.94635],[76.71155,12.94969],[76.70821,12.95052],[76.70671,12.95143],[76.70561,12.95094],[76.70321,12.94649],[76.69964,12.94732],[76.69908,12.94699],[76.69941,12.9452],[76.6988,12.94472],[76.69628,12.9453],[76.6947,12.94395],[76.69097,12.94391],[76.68829,12.95042],[76.68605,12.94934],[76.68521,12.95582],[76.68062,12.95707],[76.68141,12.96488],[76.67998,12.97405],[76.68054,12.97492],[76.68074,12.97803],[76.68058,12.97862],[76.6798,12.97855],[76.67986,12.97794],[76.67839,12.97809],[76.67857,12.97897],[76.67955,12.9792],[76.67975,12.98206],[76.68097,12.98243],[76.68097,12.98436],[76.67772,12.98386],[76.67662,12.9846],[76.67331,12.98493],[76.67299,12.98637],[76.66962,12.98667],[76.66526,12.99158],[76.66586,12.99265],[76.6666,12.99789],[76.66775,12.9996],[76.66281,13.00209],[76.66103,13.00492],[76.65312,13.00764],[76.65558,13.01148],[76.65795,13.01368],[76.65822,13.01928],[76.65857,13.01998],[76.65922,13.01974],[76.65975,13.02139],[76.65969,13.02217],[76.65852,13.02237],[76.65971,13.02588],[76.66013,13.02663],[76.6621,13.02773],[76.66321,13.0298],[76.66326,13.03161],[76.6656,13.03599],[76.6673,13.03793],[76.67052,13.05212],[76.67077,13.05516]]]}},{"type":"Feature","properties":{"unitId":595,"unitName":"Bindiganavile PS"},"geometry":{"type":"Polygon","coordinates":[[[76.64422,13.00706],[76.64533,13.00568],[76.64683,13.00559],[76.65306,13.00768],[76.66103,13.00492],[76.66281,13.00209],[76.66775,12.9996],[76.6666,12.99789],[76.66586,12.99265],[76.66526,12.99158],[76.66962,12.98667],[76.67299,12.98637],[76.67331,12.98493],[76.67662,12.9846],[76.67772,12.98386],[76.68097,12.98436],[76.68097,12.98243],[76.67975,12.98206],[76.67955,12.9792],[76.67857,12.97897],[76.67839,12.97809],[76.67986,12.97794],[76.6798,12.97855],[76.68058,12.97862],[76.68074,12.97803],[76.68054,12.97492],[76.67998,12.97405],[76.68141,12.96488],[76.68062,12.95707],[76.68521,12.95582],[76.68605,12.94934],[76.68829,12.95042],[76.69097,12.94391],[76.6947,12.94395],[76.69628,12.9453],[76.6988,12.94472],[76.69941,12.9452],[76.69908,12.94699],[76.69964,12.94732],[76.70321,12.94649],[76.70561,12.95094],[76.70671,12.95143],[76.70821,12.95052],[76.71155,12.94969],[76.71149,12.94635],[76.71283,12.94588],[76.71285,12.94515],[76.71121,12.94431],[76.71102,12.93962],[76.71164,12.93794],[76.71144,12.935],[76.70892,12.93203],[76.70539,12.92645],[76.70235,12.92452],[76.70294,12.91819],[76.70423,12.9189],[76.71063,12.91488],[76.71086,12.91403],[76.71447,12.91103],[76.71547,12.9091],[76.71566,12.90561],[76.71503,12.90468],[76.71096,12.90481],[76.70801,12.90282],[76.70682,12.90014],[76.70544,12.89903],[76.70523,12.897],[76.70397,12.89589],[76.70355,12.89466],[76.70056,12.89324],[76.70222,12.88772],[76.70322,12.88775],[76.70508,12.88929],[76.70784,12.88988],[76.70984,12.89272],[76.71128,12.89335],[76.71508,12.89239],[76.71616,12.87247],[76.71286,12.87646],[76.70897,12.87672],[76.7077,12.87615],[76.70325,12.87593],[76.69827,12.87639],[76.69801,12.87345],[76.69708,12.87093],[76.6965,12.86453],[76.69718,12.86118],[76.69729,12.857],[76.69749,12.85629],[76.69808,12.85631],[76.69778,12.85567],[76.69459,12.85615],[76.69262,12.85545],[76.68612,12.85596],[76.68688,12.85001],[76.68679,12.83855],[76.67706,12.84611],[76.67436,12.84423],[76.66919,12.84395],[76.65846,12.8406],[76.6579,12.83885],[76.65805,12.83361],[76.65762,12.83144],[76.66054,12.82739],[76.66086,12.82679],[76.66059,12.82619],[76.66192,12.82589],[76.66225,12.82516],[76.66192,12.82265],[76.65549,12.80499],[76.63991,12.80737],[76.63772,12.80734],[76.63429,12.80537],[76.63193,12.78627],[76.62644,12.7856],[76.61924,12.78772],[76.61743,12.7907],[76.61583,12.79118],[76.61113,12.79199],[76.60571,12.79118],[76.60557,12.79348],[76.60701,12.79914],[76.60584,12.80185],[76.60414,12.80333],[76.60302,12.80614],[76.60367,12.81001],[76.60175,12.81721],[76.5976,12.81694],[76.59401,12.81754],[76.59182,12.81599],[76.59202,12.81465],[76.59165,12.81372],[76.591,12.81351],[76.5886,12.81402],[76.58723,12.81524],[76.58766,12.81667],[76.5863,12.81775],[76.58602,12.81922],[76.58635,12.81954],[76.58687,12.81919],[76.58644,12.82102],[76.58715,12.82301],[76.59034,12.82535],[76.59331,12.82632],[76.59725,12.83036],[76.59595,12.83446],[76.5928,12.83575],[76.591,12.83794],[76.58311,12.84365],[76.57714,12.84619],[76.57748,12.85402],[76.57685,12.85574],[76.5772,12.85861],[76.57478,12.86547],[76.57477,12.86696],[76.57981,12.8712],[76.5787,12.87341],[76.58013,12.87334],[76.58018,12.87287],[76.58378,12.87335],[76.58637,12.87603],[76.58747,12.87547],[76.59017,12.87663],[76.59026,12.87732],[76.59603,12.88019],[76.59553,12.88245],[76.5947,12.88282],[76.591,12.88703],[76.59083,12.89003],[76.59336,12.89458],[76.59543,12.89983],[76.59851,12.90229],[76.59996,12.90541],[76.59908,12.9056],[76.596,12.92083],[76.59949,12.92338],[76.60277,12.92303],[76.60579,12.93888],[76.61056,12.93837],[76.61564,12.9368],[76.61778,12.94496],[76.61774,12.95361],[76.61717,12.95444],[76.61547,12.95499],[76.6149,12.95602],[76.61279,12.95678],[76.61191,12.9579],[76.61078,12.95794],[76.61034,12.9595],[76.61071,12.96316],[76.61045,12.96624],[76.62034,12.96535],[76.62314,12.96665],[76.62959,12.97216],[76.6316,12.97232],[76.63172,12.97468],[76.63085,12.9792],[76.63147,12.98248],[76.63419,12.98121],[76.63456,12.98409],[76.63251,12.99161],[76.63286,12.99291],[76.63034,12.99349],[76.6313,12.99624],[76.63192,13.0039],[76.63399,13.00649],[76.63922,13.00923],[76.64308,13.00928],[76.6429,13.0088],[76.64422,13.00706]]]}},{"type":"Feature","properties":{"unitId":596,"unitName":"Nagamangala Rural  PS"},"geometry":{"type":"MultiPolygon","coordinates":[[[[76.71611,12.87257],[76.70788,12.84856],[76.7048,12.84724],[76.7038,12.84333],[76.70262,12.83453],[76.71476,12.83225],[76.71457,12.83133],[76.71507,12.83118],[76.71562,12.82969],[76.7148,12.81928],[76.71541,12.81472],[76.71532,12.80081],[76.71277,12.79797],[76.70942,12.79719],[76.70904,12.7966],[76.70689,12.79324],[76.70697,12.78773],[76.70833,12.78752],[76.70894,12.78796],[76.71001,12.78737],[76.71058,12.78784],[76.72516,12.78858],[76.73091,12.78964],[76.73396,12.78961],[76.73269,12.7882],[76.73238,12.78701],[76.73273,12.7869],[76.7327,12.78425],[76.73381,12.78399],[76.73375,12.78258],[76.73415,12.78257],[76.73442,12.7813],[76.73531,12.78102],[76.73547,12.77893],[76.73672,12.77883],[76.73665,12.77805],[76.73775,12.77634],[76.74027,12.77522],[76.741,12.77524],[76.74102,12.77582],[76.74409,12.77567],[76.74419,12.77493],[76.75316,12.77398],[76.75324,12.7782],[76.75479,12.78196],[76.75428,12.78229],[76.7542,12.78401],[76.7607,12.78349],[76.76107,12.78016],[76.76164,12.77902],[76.76408,12.77757],[76.76409,12.77707],[76.76542,12.77616],[76.77785,12.77449],[76.77959,12.77351],[76.78548,12.79086],[76.79111,12.80012],[76.78931,12.80763],[76.79441,12.81983],[76.79611,12.82078],[76.79604,12.82166],[76.80322,12.82786],[76.80462,12.83443],[76.8032,12.83395],[76.79991,12.83397],[76.79845,12.83333],[76.79779,12.83373],[76.79541,12.8333],[76.7934,12.8347],[76.7915,12.83524],[76.79281,12.84555],[76.79221,12.84852],[76.79413,12.85212],[76.79859,12.86454],[76.79057,12.86536],[76.78373,12.86538],[76.77995,12.86486],[76.77802,12.86521],[76.76561,12.87095],[76.76806,12.87893],[76.76544,12.88032],[76.76717,12.88213],[76.76661,12.88386],[76.76892,12.8884],[76.76945,12.89293],[76.7707,12.89294],[76.77586,12.89722],[76.78234,12.89592],[76.78683,12.89428],[76.78997,12.9015],[76.79382,12.90515],[76.7982,12.91642],[76.79915,12.92165],[76.80094,12.92178],[76.81083,12.9287],[76.81359,12.92794],[76.82003,12.92497],[76.81988,12.9246],[76.82465,12.92405],[76.82927,12.93065],[76.83962,12.92937],[76.84312,12.92839],[76.84317,12.92148],[76.84441,12.92086],[76.8451,12.9183],[76.84841,12.91699],[76.85012,12.91454],[76.85136,12.91459],[76.85378,12.91656],[76.85276,12.91918],[76.85448,12.92085],[76.85375,12.92534],[76.85414,12.92664],[76.85772,12.92706],[76.86729,12.92954],[76.87068,12.92976],[76.8731,12.93131],[76.87708,12.932],[76.88059,12.93359],[76.88767,12.93429],[76.89184,12.93294],[76.89234,12.93197],[76.89254,12.92848],[76.89376,12.92477],[76.89563,12.92349],[76.89704,12.92114],[76.89033,12.91895],[76.8862,12.91891],[76.88585,12.92048],[76.8834,12.92078],[76.88083,12.92068],[76.88077,12.92012],[76.87945,12.91993],[76.87946,12.91919],[76.87381,12.91821],[76.8719,12.91879],[76.868,12.9187],[76.86711,12.91667],[76.86495,12.91452],[76.86463,12.91344],[76.8656,12.90508],[76.86805,12.90303],[76.87081,12.8994],[76.87279,12.89977],[76.87298,12.89753],[76.87899,12.89782],[76.88858,12.89718],[76.88813,12.89429],[76.88868,12.89149],[76.89205,12.88188],[76.89093,12.87942],[76.89284,12.87669],[76.89346,12.87426],[76.89308,12.86863],[76.892,12.8656],[76.89274,12.8616],[76.89252,12.85951],[76.8909,12.85215],[76.89164,12.84922],[76.89259,12.84832],[76.89734,12.8473],[76.89888,12.84634],[76.90014,12.84482],[76.90129,12.84295],[76.90233,12.83899],[76.90654,12.83423],[76.90647,12.82844],[76.90754,12.82651],[76.91098,12.82221],[76.91171,12.82248],[76.91686,12.81899],[76.9169,12.81466],[76.91993,12.81189],[76.92035,12.81109],[76.92033,12.80907],[76.92219,12.80565],[76.92682,12.80191],[76.93162,12.80016],[76.93065,12.79869],[76.9283,12.79845],[76.92539,12.79657],[76.92451,12.79484],[76.92366,12.7947],[76.92198,12.79551],[76.91973,12.79456],[76.91773,12.79572],[76.91646,12.79581],[76.91519,12.79459],[76.91527,12.79249],[76.91411,12.79122],[76.91307,12.7912],[76.91226,12.79208],[76.91148,12.79127],[76.91138,12.78857],[76.91236,12.78763],[76.91099,12.78348],[76.91204,12.7805],[76.91285,12.77944],[76.91465,12.7784],[76.91444,12.77535],[76.91509,12.77081],[76.91455,12.76936],[76.91078,12.76832],[76.91058,12.76565],[76.91186,12.74929],[76.91115,12.74828],[76.91201,12.74798],[76.90664,12.74384],[76.90603,12.74493],[76.89742,12.74881],[76.89514,12.75057],[76.89228,12.74765],[76.88943,12.74561],[76.88998,12.75203],[76.88839,12.75199],[76.88879,12.75361],[76.88686,12.75386],[76.8853,12.75493],[76.8829,12.75492],[76.88087,12.75609],[76.87857,12.75464],[76.87347,12.75349],[76.86682,12.75338],[76.86666,12.75249],[76.8746,12.75169],[76.87621,12.75193],[76.87594,12.74971],[76.88067,12.74778],[76.88437,12.74486],[76.88468,12.74387],[76.88383,12.74209],[76.88288,12.74163],[76.88214,12.74054],[76.8798,12.74004],[76.87985,12.74125],[76.87727,12.74236],[76.87651,12.7422],[76.87224,12.7444],[76.86244,12.74678],[76.85856,12.74711],[76.8598,12.74984],[76.85416,12.75156],[76.84879,12.7509],[76.84286,12.75401],[76.84253,12.75164],[76.84111,12.74906],[76.84089,12.74984],[76.83893,12.75139],[76.83565,12.74985],[76.8349,12.74993],[76.83417,12.75095],[76.83235,12.74977],[76.82956,12.74917],[76.82867,12.74956],[76.82727,12.74874],[76.82346,12.74952],[76.82058,12.7486],[76.82137,12.74377],[76.81195,12.73305],[76.80571,12.73059],[76.80118,12.73555],[76.79795,12.73745],[76.79796,12.73812],[76.79676,12.73605],[76.79615,12.73625],[76.79615,12.73802],[76.79495,12.7375],[76.79494,12.73691],[76.79422,12.73695],[76.79439,12.74034],[76.7923,12.74055],[76.79219,12.74172],[76.78823,12.7428],[76.78091,12.74309],[76.77752,12.73742],[76.77632,12.72734],[76.77447,12.72537],[76.77175,12.72288],[76.7704,12.72335],[76.7685,12.72068],[76.76675,12.72037],[76.76297,12.72131],[76.76044,12.72256],[76.75971,12.71828],[76.75896,12.71827],[76.75847,12.71122],[76.7579,12.70936],[76.75825,12.70936],[76.75699,12.70337],[76.75647,12.70238],[76.75607,12.70243],[76.75446,12.69859],[76.75063,12.69812],[76.7497,12.69637],[76.7491,12.6935],[76.75099,12.68798],[76.75428,12.68454],[76.75551,12.68205],[76.74894,12.68196],[76.74588,12.6811],[76.74202,12.68123],[76.74173,12.68012],[76.7401,12.68042],[76.7398,12.67945],[76.73872,12.67983],[76.73776,12.67796],[76.73499,12.67825],[76.73303,12.67708],[76.73175,12.67703],[76.73055,12.67918],[76.73109,12.68401],[76.7287,12.68558],[76.72606,12.68621],[76.72517,12.68757],[76.72535,12.68865],[76.72027,12.69058],[76.71934,12.69169],[76.71855,12.68989],[76.71909,12.68868],[76.7152,12.6784],[76.71075,12.67175],[76.70665,12.66208],[76.70287,12.66295],[76.70215,12.66336],[76.70264,12.665],[76.69828,12.66646],[76.69503,12.66715],[76.69011,12.66671],[76.68995,12.66707],[76.68114,12.66805],[76.68273,12.67576],[76.67896,12.67483],[76.67809,12.67512],[76.67791,12.67565],[76.67624,12.67595],[76.67607,12.67696],[76.6748,12.67685],[76.67481,12.67726],[76.67189,12.67853],[76.67424,12.69127],[76.67403,12.69228],[76.66189,12.69828],[76.65944,12.69381],[76.66301,12.70647],[76.66057,12.71736],[76.66076,12.72595],[76.66034,12.72616],[76.65422,12.72522],[76.65298,12.72548],[76.65289,12.72516],[76.65206,12.72577],[76.64653,12.72526],[76.63974,12.72539],[76.63442,12.72306],[76.63094,12.72151],[76.621,12.7126],[76.61242,12.7072],[76.61228,12.70504],[76.60434,12.71638],[76.60285,12.72225],[76.60132,12.72502],[76.59859,12.72643],[76.59317,12.72467],[76.59698,12.74337],[76.59926,12.74578],[76.6,12.7456],[76.60209,12.75193],[76.60255,12.75833],[76.60361,12.76443],[76.60257,12.76443],[76.60044,12.76303],[76.59923,12.76334],[76.59787,12.77655],[76.59626,12.78243],[76.59629,12.78463],[76.59719,12.78727],[76.59666,12.7881],[76.59708,12.78813],[76.59727,12.78913],[76.60417,12.78833],[76.60399,12.7889],[76.60533,12.78905],[76.60571,12.79118],[76.61113,12.79199],[76.61722,12.79079],[76.61924,12.78772],[76.62644,12.7856],[76.63193,12.78627],[76.63429,12.80537],[76.63772,12.80734],[76.63991,12.80737],[76.65549,12.80499],[76.66192,12.82265],[76.66225,12.82516],[76.66192,12.82589],[76.66059,12.82619],[76.66086,12.82679],[76.66054,12.82739],[76.65762,12.83144],[76.65805,12.83361],[76.6579,12.83885],[76.65846,12.8406],[76.66919,12.84395],[76.67436,12.84423],[76.67706,12.84611],[76.68679,12.83855],[76.68688,12.85001],[76.68612,12.85596],[76.69262,12.85545],[76.69459,12.85615],[76.69778,12.85567],[76.69808,12.85631],[76.69749,12.85629],[76.69729,12.857],[76.69718,12.86118],[76.6965,12.86453],[76.69708,12.87093],[76.69801,12.87345],[76.69827,12.87639],[76.70325,12.87593],[76.7077,12.87615],[76.70897,12.87672],[76.71286,12.87646],[76.71611,12.87257]]],[[[76.71616,12.87247],[76.71508,12.89239],[76.71128,12.89335],[76.70984,12.89272],[76.70784,12.88988],[76.70508,12.88929],[76.70322,12.88775],[76.70222,12.88772],[76.70065,12.8929],[76.70056,12.89324],[76.70355,12.89466],[76.70397,12.89589],[76.70523,12.897],[76.70544,12.89903],[76.70682,12.90014],[76.70801,12.90282],[76.71096,12.90481],[76.71503,12.90468],[76.71566,12.90561],[76.7156,12.90726],[76.71669,12.90713],[76.71666,12.90635],[76.71881,12.90616],[76.71917,12.90518],[76.72046,12.90502],[76.72058,12.90572],[76.72156,12.90558],[76.72262,12.90767],[76.72349,12.90751],[76.72348,12.90853],[76.7245,12.90924],[76.72566,12.91535],[76.73423,12.91323],[76.73167,12.90439],[76.73457,12.90275],[76.73856,12.90194],[76.73869,12.90234],[76.74534,12.90056],[76.74741,12.90103],[76.7488,12.90188],[76.74934,12.90325],[76.75134,12.90428],[76.75138,12.90162],[76.75251,12.90084],[76.75191,12.89767],[76.75235,12.89759],[76.75036,12.89265],[76.74977,12.8897],[76.75002,12.88892],[76.74952,12.88829],[76.75126,12.88143],[76.75129,12.8786],[76.74527,12.87971],[76.74429,12.87342],[76.74209,12.86548],[76.73787,12.86642],[76.7306,12.86997],[76.7239,12.86575],[76.71616,12.87247]]]]}},{"type":"Feature","properties":{"unitId":597,"unitName":"Nagamangala Town PS"},"geometry":{"type":"Polygon","coordinates":[[[76.76797,12.87862],[76.76561,12.87095],[76.77314,12.86777],[76.77733,12.86542],[76.77995,12.86486],[76.78373,12.86538],[76.79057,12.86536],[76.79859,12.86454],[76.79413,12.85212],[76.79221,12.84852],[76.79281,12.84555],[76.7915,12.83524],[76.7934,12.8347],[76.79541,12.8333],[76.79779,12.83373],[76.79845,12.83333],[76.79991,12.83397],[76.8032,12.83395],[76.80462,12.83443],[76.80322,12.82786],[76.79604,12.82166],[76.79611,12.82078],[76.79441,12.81983],[76.78931,12.80763],[76.79111,12.80012],[76.78548,12.79086],[76.77959,12.77351],[76.77785,12.77449],[76.76542,12.77616],[76.76409,12.77707],[76.76408,12.77757],[76.76164,12.77902],[76.76107,12.78016],[76.7607,12.78349],[76.7542,12.78401],[76.75428,12.78229],[76.75479,12.78196],[76.75324,12.7782],[76.75316,12.77398],[76.74419,12.77493],[76.74409,12.77567],[76.74102,12.77582],[76.741,12.77524],[76.74027,12.77522],[76.73775,12.77634],[76.73665,12.77805],[76.73672,12.77883],[76.73547,12.77893],[76.73531,12.78102],[76.73442,12.7813],[76.73415,12.78257],[76.73375,12.78258],[76.73381,12.78399],[76.7327,12.78425],[76.73273,12.7869],[76.73238,12.78701],[76.73269,12.7882],[76.73396,12.78961],[76.73091,12.78964],[76.72516,12.78858],[76.71058,12.78784],[76.71001,12.78737],[76.70894,12.78796],[76.70833,12.78752],[76.70697,12.78773],[76.70689,12.79324],[76.70904,12.7966],[76.70942,12.79719],[76.71277,12.79797],[76.71532,12.80081],[76.71541,12.81472],[76.7148,12.81928],[76.71562,12.82969],[76.71507,12.83118],[76.71457,12.83133],[76.71476,12.83225],[76.70262,12.83453],[76.7038,12.84333],[76.7048,12.84724],[76.70788,12.84856],[76.71616,12.87247],[76.7239,12.86575],[76.7306,12.86997],[76.73787,12.86642],[76.74209,12.86548],[76.74429,12.87342],[76.74527,12.87971],[76.75129,12.8786],[76.75126,12.88143],[76.74952,12.88829],[76.75542,12.88773],[76.76674,12.88343],[76.76717,12.88213],[76.76544,12.88032],[76.76806,12.87893],[76.76797,12.87862]]]}},{"type":"Feature","properties":{"unitId":598,"unitName":"Pandavapura PS"},"geometry":{"type":"Polygon","coordinates":[[[76.61282,12.67802],[76.61525,12.6781],[76.62111,12.67661],[76.62233,12.67668],[76.62312,12.67753],[76.62748,12.67732],[76.62823,12.67777],[76.63156,12.67783],[76.62555,12.6519],[76.62756,12.65218],[76.62728,12.64425],[76.62624,12.64086],[76.63383,12.63985],[76.63538,12.63909],[76.6382,12.64002],[76.64163,12.63824],[76.63869,12.63466],[76.63715,12.62972],[76.6374,12.62779],[76.63641,12.62645],[76.6367,12.6259],[76.63591,12.62359],[76.63456,12.6229],[76.63473,12.62172],[76.63429,12.62123],[76.63345,12.62124],[76.63335,12.62037],[76.63216,12.6187],[76.6323,12.6165],[76.63378,12.61249],[76.63602,12.61223],[76.63761,12.6126],[76.63729,12.60997],[76.63906,12.61032],[76.64679,12.60804],[76.65282,12.60383],[76.65481,12.60345],[76.65708,12.60177],[76.65985,12.60077],[76.65791,12.59814],[76.65769,12.59591],[76.65588,12.59393],[76.65779,12.59305],[76.6563,12.58998],[76.65532,12.5883],[76.65453,12.5882],[76.65392,12.58741],[76.6527,12.58483],[76.65136,12.58333],[76.64827,12.57777],[76.64692,12.5731],[76.64553,12.57189],[76.64553,12.57035],[76.6479,12.56828],[76.64708,12.56641],[76.64819,12.56582],[76.64823,12.56516],[76.64926,12.56496],[76.6498,12.5657],[76.64979,12.56831],[76.65237,12.56827],[76.65378,12.56755],[76.65949,12.56668],[76.6593,12.56418],[76.66178,12.56393],[76.66172,12.56213],[76.66288,12.56077],[76.66395,12.56039],[76.66434,12.55768],[76.67224,12.55845],[76.67252,12.559],[76.67473,12.55862],[76.67778,12.55681],[76.67863,12.55505],[76.68157,12.55449],[76.68414,12.55448],[76.68779,12.55644],[76.6899,12.56169],[76.69246,12.56329],[76.69466,12.56157],[76.70148,12.55967],[76.70061,12.55493],[76.69821,12.54846],[76.69834,12.5442],[76.70469,12.54318],[76.70931,12.54187],[76.71891,12.54182],[76.7238,12.54402],[76.72838,12.54382],[76.73025,12.54264],[76.73179,12.54443],[76.73306,12.54647],[76.73045,12.54667],[76.72374,12.54904],[76.72195,12.55086],[76.72176,12.55186],[76.72092,12.5523],[76.72141,12.5543],[76.72407,12.5595],[76.72586,12.56118],[76.72732,12.56575],[76.72883,12.56875],[76.73083,12.56835],[76.73204,12.56981],[76.73299,12.56937],[76.73438,12.56766],[76.73868,12.56807],[76.73881,12.56716],[76.73703,12.56399],[76.73754,12.56341],[76.73756,12.56209],[76.73873,12.56105],[76.73902,12.56017],[76.74525,12.55969],[76.74845,12.55845],[76.74857,12.55879],[76.74936,12.55864],[76.74916,12.55799],[76.74974,12.55753],[76.75892,12.557],[76.75949,12.55434],[76.75927,12.55323],[76.75975,12.55308],[76.75941,12.55023],[76.76084,12.54689],[76.76045,12.54529],[76.76272,12.53631],[76.76317,12.53651],[76.76682,12.53521],[76.76905,12.53355],[76.77457,12.53114],[76.77958,12.53047],[76.78485,12.52912],[76.79324,12.52549],[76.79635,12.52497],[76.79636,12.52449],[76.79807,12.52404],[76.79791,12.52044],[76.79585,12.5169],[76.78756,12.5171],[76.78568,12.51618],[76.78164,12.51583],[76.77793,12.51655],[76.77172,12.52233],[76.76684,12.52539],[76.76396,12.50273],[76.76262,12.49907],[76.76192,12.49863],[76.76199,12.49799],[76.76065,12.49568],[76.75997,12.49581],[76.75879,12.48958],[76.75802,12.48903],[76.75804,12.48973],[76.75757,12.48973],[76.75757,12.48853],[76.75651,12.48864],[76.75451,12.48287],[76.74736,12.48103],[76.73443,12.48537],[76.73437,12.48467],[76.7304,12.4823],[76.72966,12.484],[76.72754,12.48312],[76.72591,12.484],[76.72491,12.48361],[76.72471,12.48291],[76.72099,12.48236],[76.72179,12.47884],[76.71923,12.47822],[76.71688,12.47659],[76.71565,12.47706],[76.71447,12.47937],[76.71209,12.47893],[76.71123,12.47785],[76.70996,12.47832],[76.70833,12.48019],[76.70664,12.48002],[76.70593,12.47886],[76.70522,12.47936],[76.70386,12.47923],[76.70386,12.48017],[76.70258,12.48163],[76.70132,12.48186],[76.70262,12.48249],[76.70257,12.48376],[76.70182,12.48406],[76.70199,12.48582],[76.70077,12.48572],[76.69989,12.4848],[76.69638,12.48654],[76.69705,12.48377],[76.69677,12.48242],[76.69346,12.48226],[76.69293,12.47974],[76.69346,12.47896],[76.69488,12.47853],[76.69736,12.47652],[76.69634,12.4738],[76.69651,12.47232],[76.69514,12.47247],[76.69474,12.47047],[76.69185,12.4715],[76.69062,12.47253],[76.68501,12.4731],[76.68454,12.46875],[76.68511,12.46855],[76.68502,12.46626],[76.68591,12.46648],[76.68588,12.46585],[76.68707,12.46536],[76.68764,12.46419],[76.68714,12.46209],[76.68593,12.46063],[76.6851,12.46066],[76.68563,12.45875],[76.67826,12.45897],[76.67683,12.46061],[76.67595,12.46293],[76.67631,12.46312],[76.67642,12.46604],[76.67553,12.4665],[76.67309,12.4663],[76.67257,12.46791],[76.67108,12.4681],[76.67103,12.46884],[76.66853,12.46885],[76.6653,12.46806],[76.66044,12.46948],[76.66039,12.4686],[76.65921,12.46942],[76.65734,12.47195],[76.65525,12.47251],[76.6552,12.47164],[76.65453,12.47177],[76.65409,12.4737],[76.64979,12.47414],[76.64923,12.47817],[76.64748,12.48055],[76.64732,12.48284],[76.64779,12.48401],[76.64871,12.48392],[76.64877,12.48468],[76.64951,12.48458],[76.6499,12.48684],[76.64466,12.48866],[76.6447,12.49036],[76.64299,12.49068],[76.64213,12.49144],[76.64222,12.49537],[76.64381,12.50289],[76.64374,12.50437],[76.6463,12.51113],[76.6425,12.51047],[76.63688,12.51134],[76.63367,12.50878],[76.63279,12.50516],[76.63313,12.50404],[76.63196,12.49958],[76.63018,12.50019],[76.63095,12.49918],[76.63069,12.49797],[76.63241,12.49663],[76.63234,12.49441],[76.63312,12.493],[76.63057,12.49328],[76.63061,12.49138],[76.6297,12.48968],[76.62877,12.48946],[76.62801,12.48792],[76.62627,12.4881],[76.6265,12.48551],[76.62463,12.48457],[76.62341,12.48471],[76.62269,12.48573],[76.619,12.48627],[76.61452,12.48888],[76.61064,12.48637],[76.62513,12.48147],[76.62838,12.47724],[76.63017,12.47678],[76.62995,12.47574],[76.63046,12.4756],[76.62984,12.47273],[76.63049,12.47257],[76.63039,12.47149],[76.62955,12.47053],[76.622,12.471],[76.6224,12.47199],[76.62096,12.47254],[76.6194,12.47213],[76.61644,12.47239],[76.6127,12.47348],[76.60615,12.47271],[76.60942,12.48172],[76.60564,12.48286],[76.60154,12.48316],[76.60067,12.48275],[76.59882,12.48336],[76.59775,12.47908],[76.59714,12.4793],[76.59696,12.47848],[76.5911,12.47745],[76.59186,12.48199],[76.59163,12.48343],[76.58638,12.48793],[76.57998,12.49106],[76.57322,12.49164],[76.56958,12.49274],[76.56635,12.49202],[76.56263,12.49215],[76.56243,12.49299],[76.56182,12.49331],[76.56127,12.49241],[76.56068,12.49245],[76.56013,12.49325],[76.55903,12.49363],[76.55954,12.49659],[76.56177,12.50046],[76.56064,12.50102],[76.56381,12.5023],[76.56479,12.50542],[76.56547,12.50582],[76.5669,12.50958],[76.56291,12.50936],[76.55854,12.51008],[76.55603,12.51154],[76.55744,12.51717],[76.56027,12.52037],[76.56086,12.52291],[76.56193,12.52271],[76.56253,12.52309],[76.56273,12.5244],[76.56384,12.52496],[76.56403,12.52549],[76.56292,12.52562],[76.56383,12.52883],[76.56177,12.52951],[76.56191,12.52995],[76.56157,12.52997],[76.55961,12.52589],[76.56042,12.52518],[76.56041,12.52382],[76.55687,12.52396],[76.55662,12.52189],[76.54728,12.52268],[76.54846,12.52674],[76.54559,12.52727],[76.5458,12.53149],[76.54384,12.53223],[76.54327,12.53358],[76.54096,12.53364],[76.54161,12.5369],[76.54388,12.54253],[76.54529,12.54796],[76.54649,12.5498],[76.54987,12.54959],[76.55419,12.54855],[76.5548,12.54905],[76.55956,12.56162],[76.56513,12.56814],[76.57259,12.5608],[76.57822,12.55815],[76.57851,12.55736],[76.57974,12.55685],[76.58132,12.55504],[76.5845,12.55491],[76.58496,12.55432],[76.58588,12.55429],[76.58604,12.55748],[76.58382,12.56071],[76.58218,12.56917],[76.58003,12.56922],[76.57774,12.57008],[76.57496,12.57011],[76.56652,12.57179],[76.56615,12.57515],[76.56516,12.57708],[76.56829,12.57943],[76.57182,12.58158],[76.57735,12.58069],[76.58003,12.5793],[76.58266,12.57862],[76.58306,12.57752],[76.58289,12.57489],[76.58793,12.5767],[76.59022,12.57601],[76.59267,12.57705],[76.5932,12.57566],[76.59559,12.57597],[76.59587,12.57525],[76.59638,12.57522],[76.59769,12.57538],[76.5978,12.57575],[76.59876,12.57539],[76.59873,12.57659],[76.60002,12.57678],[76.5998,12.57957],[76.60065,12.58252],[76.60058,12.58805],[76.60155,12.59662],[76.60207,12.60804],[76.6064,12.62047],[76.6049,12.63029],[76.60456,12.63844],[76.60562,12.6426],[76.60379,12.64248],[76.60003,12.65124],[76.6133,12.64569],[76.61426,12.65853],[76.61182,12.66142],[76.61202,12.66548],[76.6107,12.67144],[76.60925,12.67153],[76.60967,12.67481],[76.60895,12.67479],[76.61045,12.67737],[76.61019,12.67805],[76.61282,12.67802]]]}},{"type":"Feature","properties":{"unitId":599,"unitName":"Arakere PS"},"geometry":{"type":"Polygon","coordinates":[[[76.83096,12.48766],[76.83546,12.48676],[76.83458,12.48348],[76.83537,12.4823],[76.83582,12.48006],[76.8367,12.47985],[76.8371,12.47786],[76.83885,12.47668],[76.84147,12.47599],[76.84299,12.47487],[76.84246,12.4684],[76.84136,12.46519],[76.8498,12.4646],[76.85292,12.4681],[76.8633,12.46848],[76.86652,12.46751],[76.86623,12.46506],[76.86266,12.46046],[76.86304,12.46024],[76.86303,12.4589],[76.86251,12.45439],[76.86142,12.45407],[76.86074,12.45283],[76.8612,12.45215],[76.86107,12.44971],[76.8597,12.44502],[76.86032,12.4442],[76.86248,12.44317],[76.8627,12.44221],[76.86472,12.44142],[76.86934,12.43813],[76.86923,12.4375],[76.87407,12.43812],[76.87443,12.43995],[76.878,12.4426],[76.88012,12.44261],[76.88071,12.44406],[76.87915,12.44551],[76.87859,12.44671],[76.87748,12.45048],[76.87769,12.45241],[76.88778,12.45463],[76.88776,12.45428],[76.89245,12.45362],[76.89443,12.45236],[76.89712,12.4525],[76.90269,12.44954],[76.90416,12.44797],[76.9047,12.44253],[76.90538,12.44238],[76.90547,12.44117],[76.90605,12.44123],[76.90587,12.44052],[76.90648,12.43911],[76.9068,12.43648],[76.90517,12.43608],[76.90455,12.43474],[76.90462,12.43098],[76.90406,12.42977],[76.90397,12.42685],[76.90452,12.42434],[76.90669,12.42197],[76.90141,12.42099],[76.90023,12.42006],[76.90006,12.41839],[76.90049,12.4173],[76.90007,12.41631],[76.89822,12.41523],[76.89949,12.41246],[76.90013,12.4095],[76.89552,12.40943],[76.89078,12.40738],[76.88916,12.40746],[76.88035,12.40556],[76.87965,12.40477],[76.88095,12.40074],[76.87724,12.39983],[76.87571,12.40011],[76.873,12.39991],[76.87268,12.39952],[76.86933,12.40046],[76.86296,12.40069],[76.86226,12.40589],[76.86126,12.40681],[76.86083,12.40914],[76.85894,12.40964],[76.85846,12.40837],[76.85824,12.40876],[76.85702,12.40883],[76.85702,12.40808],[76.85538,12.408],[76.85489,12.40807],[76.85409,12.40964],[76.85384,12.40726],[76.85101,12.40554],[76.84769,12.40206],[76.83634,12.40189],[76.83281,12.40215],[76.83214,12.40266],[76.83117,12.40034],[76.83189,12.39901],[76.83186,12.3971],[76.83494,12.39527],[76.83468,12.3936],[76.83501,12.39347],[76.83429,12.39135],[76.83406,12.38466],[76.82815,12.38701],[76.82185,12.38733],[76.81454,12.38664],[76.81378,12.37435],[76.81273,12.3724],[76.81196,12.36612],[76.81095,12.3649],[76.81111,12.36312],[76.80891,12.36071],[76.80808,12.36032],[76.80697,12.36102],[76.80506,12.36642],[76.8038,12.36723],[76.8035,12.37052],[76.79946,12.3689],[76.79749,12.36523],[76.79687,12.36559],[76.7979,12.36088],[76.79999,12.35662],[76.80071,12.35606],[76.79982,12.35605],[76.79984,12.35542],[76.7995,12.35583],[76.7967,12.35556],[76.79585,12.35426],[76.7944,12.35434],[76.79341,12.35208],[76.79294,12.35195],[76.79275,12.35037],[76.79221,12.35032],[76.79217,12.3495],[76.79133,12.34947],[76.79131,12.34875],[76.79068,12.34862],[76.79097,12.34739],[76.78796,12.347],[76.78313,12.34785],[76.78306,12.34935],[76.78217,12.34946],[76.78247,12.35031],[76.78171,12.35204],[76.7786,12.35159],[76.77796,12.35247],[76.77694,12.35266],[76.77566,12.35196],[76.77171,12.3514],[76.77138,12.35097],[76.76932,12.35201],[76.76879,12.35135],[76.7668,12.35164],[76.76557,12.3508],[76.76566,12.34635],[76.76323,12.33958],[76.76183,12.33817],[76.76221,12.33423],[76.76387,12.33199],[76.76328,12.33194],[76.76317,12.3311],[76.76314,12.33062],[76.76391,12.33055],[76.76398,12.33013],[76.76355,12.32798],[76.76443,12.32806],[76.76381,12.32143],[76.76277,12.32023],[76.7633,12.31818],[76.76299,12.31544],[76.76266,12.31535],[76.76381,12.31238],[76.76475,12.31246],[76.7613,12.30818],[76.75914,12.30699],[76.75848,12.3053],[76.75753,12.30503],[76.75741,12.30413],[76.75563,12.30456],[76.75372,12.30428],[76.75388,12.30325],[76.75344,12.30323],[76.75322,12.30181],[76.75193,12.30203],[76.75227,12.30375],[76.75047,12.30421],[76.75036,12.30542],[76.74904,12.3056],[76.74829,12.30851],[76.74616,12.30782],[76.7458,12.30955],[76.74382,12.31011],[76.74372,12.3109],[76.74434,12.31096],[76.74477,12.31406],[76.74432,12.31434],[76.7442,12.31403],[76.74365,12.31551],[76.7439,12.31601],[76.74343,12.31612],[76.7432,12.31744],[76.74269,12.31754],[76.74332,12.31864],[76.74348,12.3204],[76.74158,12.32184],[76.73613,12.32292],[76.73495,12.31985],[76.73204,12.31554],[76.73088,12.32796],[76.7306,12.33708],[76.72977,12.33833],[76.72963,12.34201],[76.73011,12.34285],[76.72803,12.34362],[76.72779,12.34456],[76.72656,12.34477],[76.72325,12.34689],[76.72195,12.34899],[76.72117,12.34889],[76.72067,12.35057],[76.71707,12.35188],[76.71696,12.35289],[76.71782,12.35337],[76.71837,12.3572],[76.71981,12.35719],[76.71995,12.35946],[76.7211,12.35993],[76.7211,12.36088],[76.72312,12.36028],[76.72339,12.36085],[76.72287,12.36232],[76.72349,12.36346],[76.72923,12.36363],[76.72926,12.36314],[76.73308,12.36281],[76.73397,12.36231],[76.74309,12.36419],[76.74622,12.36621],[76.74545,12.36796],[76.75044,12.37295],[76.75166,12.37744],[76.75316,12.38087],[76.75238,12.38629],[76.7532,12.39438],[76.75282,12.40127],[76.75312,12.40246],[76.75528,12.40505],[76.75546,12.40749],[76.75373,12.41086],[76.75458,12.41442],[76.75391,12.41469],[76.75412,12.41639],[76.75518,12.41645],[76.75562,12.41874],[76.7551,12.41901],[76.75619,12.42286],[76.75768,12.42423],[76.75762,12.42611],[76.75819,12.42558],[76.75879,12.42571],[76.75856,12.42599],[76.76502,12.4314],[76.76607,12.43696],[76.77748,12.43102],[76.78774,12.43237],[76.78585,12.44752],[76.77257,12.44999],[76.77338,12.45883],[76.77854,12.46159],[76.78352,12.46045],[76.7859,12.46112],[76.78893,12.46256],[76.79069,12.46269],[76.79166,12.46413],[76.79467,12.46406],[76.79532,12.4653],[76.7967,12.46527],[76.79982,12.46417],[76.80072,12.46602],[76.80332,12.46586],[76.80497,12.46514],[76.80543,12.46568],[76.80811,12.46528],[76.80865,12.46449],[76.81125,12.46357],[76.81283,12.46231],[76.81979,12.46302],[76.82113,12.4676],[76.82065,12.46764],[76.82098,12.47142],[76.81995,12.48128],[76.81858,12.48279],[76.82627,12.48419],[76.82834,12.48769],[76.83096,12.48766]]]}},{"type":"Feature","properties":{"unitId":600,"unitName":"K.R. Sagar PS"},"geometry":{"type":"Polygon","coordinates":[[[76.56181,12.52963],[76.56383,12.52883],[76.56292,12.52562],[76.56399,12.52531],[76.56342,12.52442],[76.56273,12.5244],[76.56253,12.52309],[76.56193,12.52271],[76.56086,12.52291],[76.56027,12.52037],[76.55744,12.51717],[76.55603,12.51154],[76.55854,12.51008],[76.56291,12.50936],[76.5669,12.50958],[76.56547,12.50582],[76.56479,12.50542],[76.56381,12.5023],[76.56064,12.50102],[76.56177,12.50046],[76.55954,12.49659],[76.55903,12.49363],[76.56013,12.49325],[76.56068,12.49245],[76.56127,12.49241],[76.56182,12.49331],[76.56243,12.49299],[76.56263,12.49215],[76.56635,12.49202],[76.56958,12.49274],[76.57322,12.49164],[76.57998,12.49106],[76.58638,12.48793],[76.5903,12.48496],[76.59179,12.4828],[76.59115,12.47757],[76.5888,12.47244],[76.5952,12.47202],[76.59673,12.47111],[76.60215,12.46971],[76.60389,12.4701],[76.60789,12.46888],[76.60662,12.46378],[76.60655,12.46013],[76.60496,12.45434],[76.60799,12.44978],[76.60798,12.44587],[76.60627,12.4432],[76.60317,12.44198],[76.60376,12.44123],[76.60281,12.43831],[76.60343,12.43811],[76.60348,12.43748],[76.60778,12.43613],[76.60743,12.43451],[76.60637,12.43402],[76.60597,12.43304],[76.60793,12.43312],[76.60842,12.43165],[76.60913,12.43103],[76.60866,12.42936],[76.60914,12.42785],[76.60884,12.42633],[76.61073,12.42497],[76.6135,12.42136],[76.61563,12.42121],[76.61739,12.42165],[76.61867,12.42313],[76.62056,12.42345],[76.62477,12.42198],[76.62922,12.42277],[76.6342,12.42395],[76.6397,12.4263],[76.63924,12.42149],[76.63824,12.42132],[76.6374,12.42006],[76.63721,12.42061],[76.63612,12.41812],[76.63524,12.41776],[76.63605,12.41699],[76.6363,12.41506],[76.63768,12.41503],[76.6382,12.414],[76.63789,12.40886],[76.63945,12.40846],[76.63958,12.40907],[76.64051,12.40967],[76.64189,12.40942],[76.64191,12.40821],[76.64061,12.40637],[76.64086,12.40307],[76.64189,12.40331],[76.64213,12.40255],[76.64437,12.40306],[76.64345,12.40123],[76.64431,12.40017],[76.64605,12.40019],[76.64663,12.3961],[76.64504,12.39532],[76.6426,12.39539],[76.64211,12.39456],[76.64226,12.39223],[76.64175,12.39158],[76.64271,12.39006],[76.64154,12.38913],[76.64132,12.38664],[76.6419,12.38648],[76.64116,12.38561],[76.64125,12.3847],[76.63934,12.38486],[76.63938,12.38365],[76.63356,12.38316],[76.63349,12.38166],[76.63105,12.38046],[76.63027,12.37882],[76.629,12.37863],[76.62743,12.37669],[76.62785,12.3753],[76.62524,12.37173],[76.62569,12.36924],[76.61884,12.36765],[76.61825,12.36861],[76.60892,12.36844],[76.60485,12.36915],[76.60253,12.37119],[76.59625,12.37389],[76.58711,12.37514],[76.58181,12.37427],[76.58118,12.37299],[76.57986,12.37331],[76.57957,12.37238],[76.57464,12.37245],[76.57288,12.37334],[76.57101,12.37286],[76.57013,12.37368],[76.56951,12.37324],[76.56544,12.37824],[76.56581,12.38189],[76.56499,12.3821],[76.56492,12.38272],[76.56077,12.3841],[76.55947,12.38707],[76.5592,12.39017],[76.55462,12.39124],[76.55556,12.39267],[76.55579,12.39566],[76.55743,12.40108],[76.56578,12.39913],[76.56604,12.40466],[76.56769,12.41116],[76.56752,12.41821],[76.56789,12.41825],[76.56847,12.42435],[76.56904,12.4252],[76.56519,12.42604],[76.56262,12.42732],[76.55849,12.431],[76.55605,12.43245],[76.55298,12.43615],[76.54904,12.43919],[76.54594,12.44057],[76.53497,12.44154],[76.53129,12.4424],[76.52605,12.44567],[76.52283,12.44851],[76.51463,12.45328],[76.513,12.45368],[76.51318,12.45575],[76.51414,12.45584],[76.51489,12.45729],[76.51453,12.45849],[76.51387,12.45892],[76.51428,12.46065],[76.51776,12.46098],[76.51726,12.4614],[76.51709,12.46261],[76.51756,12.4653],[76.51677,12.46715],[76.5162,12.4675],[76.51602,12.46995],[76.51622,12.47102],[76.51697,12.47083],[76.51738,12.47137],[76.51761,12.47372],[76.51688,12.47514],[76.51566,12.47564],[76.51438,12.47907],[76.51496,12.47997],[76.51492,12.48164],[76.51562,12.48268],[76.51522,12.48408],[76.51622,12.48388],[76.51634,12.48435],[76.51767,12.48457],[76.51751,12.48527],[76.5183,12.48576],[76.51855,12.48835],[76.51975,12.49187],[76.51573,12.49254],[76.51611,12.49709],[76.51487,12.49835],[76.51416,12.5004],[76.51537,12.50073],[76.51688,12.50008],[76.51654,12.50192],[76.51592,12.50213],[76.51628,12.50336],[76.51718,12.50335],[76.51717,12.50402],[76.51566,12.50498],[76.51625,12.50639],[76.51868,12.50714],[76.52026,12.50836],[76.52533,12.50859],[76.52527,12.51358],[76.52395,12.51634],[76.52852,12.52581],[76.53172,12.5249],[76.53708,12.52432],[76.53855,12.5235],[76.54016,12.52353],[76.54046,12.52423],[76.54118,12.52418],[76.54322,12.52353],[76.54739,12.52354],[76.54728,12.52268],[76.55662,12.52189],[76.55687,12.52396],[76.56041,12.52382],[76.56042,12.52518],[76.55961,12.52589],[76.56157,12.52997],[76.56181,12.52963]]]}},{"type":"Feature","properties":{"unitId":601,"unitName":"Melukote PS"},"geometry":{"type":"Polygon","coordinates":[[[76.66076,12.72595],[76.66057,12.71736],[76.66301,12.70647],[76.65944,12.69381],[76.66189,12.69828],[76.67403,12.69228],[76.67424,12.69127],[76.67189,12.67853],[76.67481,12.67726],[76.6748,12.67685],[76.67607,12.67696],[76.67624,12.67595],[76.67791,12.67565],[76.67809,12.67512],[76.67896,12.67483],[76.68273,12.67576],[76.68114,12.66805],[76.68995,12.66707],[76.69011,12.66671],[76.69503,12.66715],[76.70264,12.665],[76.70215,12.66336],[76.70665,12.66208],[76.71412,12.65839],[76.71828,12.65535],[76.71794,12.65426],[76.71876,12.65358],[76.72437,12.65054],[76.72429,12.64895],[76.73435,12.647],[76.73575,12.64311],[76.73564,12.64156],[76.73444,12.63912],[76.7346,12.63745],[76.73638,12.63417],[76.73482,12.63137],[76.73476,12.628],[76.73353,12.62605],[76.73336,12.62388],[76.73357,12.6221],[76.7346,12.62002],[76.73538,12.61952],[76.73434,12.61805],[76.73163,12.61607],[76.73028,12.61226],[76.73004,12.61018],[76.73072,12.60859],[76.73015,12.60681],[76.73001,12.60321],[76.73124,12.60181],[76.73108,12.59925],[76.73377,12.59372],[76.73898,12.59194],[76.73925,12.59112],[76.74106,12.58958],[76.74307,12.59045],[76.74769,12.59037],[76.75826,12.58881],[76.75948,12.58735],[76.75989,12.58606],[76.75766,12.57556],[76.75712,12.57464],[76.75855,12.5612],[76.75819,12.55718],[76.75471,12.55746],[76.75366,12.55706],[76.74974,12.55753],[76.74916,12.55799],[76.74936,12.55864],[76.74857,12.55879],[76.74845,12.55845],[76.74525,12.55969],[76.73902,12.56017],[76.73873,12.56105],[76.73756,12.56209],[76.73754,12.56341],[76.73703,12.56399],[76.73881,12.56716],[76.73868,12.56807],[76.73438,12.56766],[76.73299,12.56937],[76.73204,12.56981],[76.73083,12.56835],[76.72883,12.56875],[76.72732,12.56575],[76.72586,12.56118],[76.72407,12.5595],[76.72238,12.55658],[76.72092,12.5523],[76.72176,12.55186],[76.72195,12.55086],[76.72374,12.54904],[76.73045,12.54667],[76.73306,12.54647],[76.73025,12.54264],[76.72838,12.54382],[76.7238,12.54402],[76.71891,12.54182],[76.71126,12.54169],[76.69834,12.5442],[76.69821,12.54846],[76.70061,12.55493],[76.70148,12.55967],[76.69466,12.56157],[76.69246,12.56329],[76.6899,12.56169],[76.68779,12.55644],[76.68386,12.55445],[76.67863,12.55505],[76.67778,12.55681],[76.67473,12.55862],[76.67252,12.559],[76.67224,12.55845],[76.66434,12.55768],[76.66395,12.56039],[76.66288,12.56077],[76.66172,12.56213],[76.66178,12.56393],[76.6593,12.56418],[76.65949,12.56668],[76.65378,12.56755],[76.65237,12.56827],[76.64969,12.56829],[76.6498,12.5657],[76.64867,12.56489],[76.64804,12.56535],[76.64819,12.56582],[76.64708,12.56641],[76.6479,12.56828],[76.64553,12.57035],[76.64553,12.57189],[76.64692,12.5731],[76.64827,12.57777],[76.64938,12.57993],[76.65392,12.58741],[76.65453,12.5882],[76.65542,12.58845],[76.65779,12.59305],[76.65588,12.59393],[76.65769,12.59591],[76.65791,12.59814],[76.65985,12.60077],[76.65708,12.60177],[76.65481,12.60345],[76.65282,12.60383],[76.64679,12.60804],[76.63906,12.61032],[76.63729,12.60997],[76.63761,12.6126],[76.63602,12.61223],[76.63378,12.61249],[76.6323,12.6165],[76.63216,12.6187],[76.63335,12.62037],[76.63345,12.62124],[76.63429,12.62123],[76.63473,12.62172],[76.63456,12.6229],[76.63591,12.62359],[76.6367,12.6259],[76.63641,12.62645],[76.6374,12.62779],[76.63715,12.62972],[76.63869,12.63466],[76.64163,12.63824],[76.6382,12.64002],[76.63538,12.63909],[76.63383,12.63985],[76.62624,12.64086],[76.62728,12.64425],[76.62756,12.65218],[76.62555,12.6519],[76.63156,12.67783],[76.62823,12.67777],[76.62748,12.67732],[76.62312,12.67753],[76.62233,12.67668],[76.62111,12.67661],[76.61504,12.67811],[76.61363,12.68856],[76.61469,12.70147],[76.61228,12.70504],[76.61242,12.7072],[76.621,12.7126],[76.63094,12.72151],[76.63974,12.72539],[76.64653,12.72526],[76.65206,12.72577],[76.65289,12.72516],[76.65298,12.72548],[76.65422,12.72522],[76.66076,12.72595]]]}},{"type":"Feature","properties":{"unitId":602,"unitName":"Srirangapatna PS"},"geometry":{"type":"MultiPolygon","coordinates":[[[[76.69178,12.46241],[76.69278,12.4622],[76.69257,12.46081],[76.69146,12.45972],[76.69465,12.45924],[76.69449,12.4584],[76.69497,12.45837],[76.69492,12.45779],[76.69779,12.45716],[76.69808,12.45669],[76.69867,12.45389],[76.69824,12.45386],[76.69766,12.4516],[76.69844,12.45121],[76.69854,12.45035],[76.69824,12.44906],[76.69786,12.44902],[76.69784,12.44668],[76.69962,12.44664],[76.69942,12.44558],[76.70018,12.44545],[76.70033,12.44424],[76.70211,12.44437],[76.70304,12.44039],[76.70652,12.44019],[76.70678,12.4396],[76.70686,12.43761],[76.70588,12.43561],[76.70654,12.43224],[76.70999,12.42797],[76.70953,12.42634],[76.70906,12.42576],[76.70779,12.42557],[76.70763,12.42475],[76.71104,12.42432],[76.71363,12.42504],[76.7139,12.42666],[76.71343,12.42665],[76.71283,12.4302],[76.71334,12.4318],[76.71378,12.43181],[76.71399,12.43339],[76.71604,12.43312],[76.71772,12.43365],[76.72004,12.43327],[76.72009,12.43524],[76.72159,12.43539],[76.72161,12.43618],[76.72372,12.43619],[76.72383,12.43674],[76.7261,12.43669],[76.72597,12.43548],[76.7284,12.43436],[76.72823,12.4296],[76.72479,12.42558],[76.71988,12.42438],[76.71746,12.42255],[76.71605,12.42247],[76.7135,12.41899],[76.7162,12.41741],[76.72081,12.41259],[76.722,12.41086],[76.72289,12.40715],[76.71306,12.40459],[76.71151,12.40254],[76.71053,12.402],[76.70819,12.40184],[76.70599,12.40314],[76.70435,12.40315],[76.69849,12.39965],[76.69148,12.3991],[76.68961,12.39821],[76.688,12.39833],[76.68674,12.39903],[76.68485,12.39836],[76.68486,12.39708],[76.68388,12.39694],[76.68403,12.39634],[76.68325,12.39608],[76.68332,12.39737],[76.68022,12.39782],[76.68191,12.39839],[76.68265,12.39916],[76.68105,12.39942],[76.68125,12.40023],[76.6802,12.40264],[76.67852,12.40247],[76.6782,12.40194],[76.67712,12.40201],[76.67709,12.40248],[76.67446,12.40226],[76.67261,12.40344],[76.67058,12.40314],[76.67006,12.40227],[76.66331,12.40074],[76.66304,12.39922],[76.66355,12.39933],[76.66412,12.39836],[76.66292,12.39404],[76.66215,12.394],[76.66201,12.39345],[76.66168,12.39189],[76.66215,12.39066],[76.66095,12.39011],[76.65879,12.39194],[76.65793,12.39485],[76.65752,12.39512],[76.65689,12.39442],[76.65631,12.39635],[76.65227,12.39481],[76.65206,12.3958],[76.6517,12.39559],[76.65105,12.3965],[76.64897,12.39749],[76.6466,12.39687],[76.64605,12.40019],[76.64431,12.40017],[76.64345,12.40123],[76.64437,12.40306],[76.64213,12.40255],[76.64189,12.40331],[76.64086,12.40307],[76.64061,12.40637],[76.64191,12.40821],[76.64189,12.40942],[76.64051,12.40967],[76.63958,12.40907],[76.63945,12.40846],[76.63789,12.40886],[76.6382,12.414],[76.63768,12.41503],[76.6363,12.41506],[76.63605,12.41699],[76.63524,12.41776],[76.63612,12.41812],[76.63721,12.42061],[76.6374,12.42006],[76.63824,12.42132],[76.63924,12.42149],[76.6397,12.4263],[76.64411,12.42799],[76.64969,12.42916],[76.64932,12.4264],[76.65254,12.42425],[76.65368,12.42417],[76.66184,12.42985],[76.66184,12.43171],[76.66043,12.43269],[76.66092,12.43433],[76.65883,12.43398],[76.65845,12.43547],[76.6577,12.43543],[76.65768,12.43628],[76.65844,12.43643],[76.65833,12.43828],[76.65871,12.43848],[76.6587,12.44032],[76.65834,12.44038],[76.65862,12.44286],[76.66193,12.44361],[76.66314,12.44292],[76.66347,12.44208],[76.66595,12.44194],[76.66572,12.4436],[76.66611,12.4441],[76.6661,12.44358],[76.66755,12.44349],[76.66694,12.447],[76.66538,12.44801],[76.66537,12.44994],[76.66476,12.45076],[76.66283,12.45119],[76.66375,12.4521],[76.66323,12.45677],[76.66204,12.45721],[76.66221,12.45881],[76.66507,12.45799],[76.66651,12.458],[76.66678,12.45855],[76.66895,12.45889],[76.66928,12.45828],[76.67252,12.45817],[76.67289,12.45955],[76.67357,12.45927],[76.67408,12.45964],[76.67491,12.46306],[76.67583,12.46316],[76.67683,12.46061],[76.67826,12.45897],[76.68563,12.45875],[76.6851,12.46066],[76.68593,12.46063],[76.68662,12.46137],[76.68758,12.46335],[76.69178,12.46241]]],[[[76.72012,12.39934],[76.72223,12.3988],[76.72012,12.39934]]]]}},{"type":"Feature","properties":{"unitId":603,"unitName":"Srirangapatna Rural PS"},"geometry":{"type":"MultiPolygon","coordinates":[[[[76.76799,12.49926],[76.7688,12.49893],[76.76866,12.49864],[76.77308,12.49744],[76.77601,12.49469],[76.77569,12.49023],[76.77663,12.4884],[76.77612,12.48617],[76.77681,12.48495],[76.77749,12.48053],[76.77642,12.47364],[76.78608,12.47654],[76.79021,12.47826],[76.79137,12.47827],[76.79536,12.47569],[76.79645,12.47552],[76.79651,12.47419],[76.80139,12.47345],[76.80185,12.47222],[76.80338,12.47076],[76.80382,12.46807],[76.80725,12.46786],[76.80848,12.46729],[76.80823,12.46519],[76.80543,12.46568],[76.80497,12.46514],[76.80332,12.46586],[76.80072,12.46602],[76.79982,12.46417],[76.7967,12.46527],[76.79532,12.4653],[76.79467,12.46406],[76.79166,12.46413],[76.79069,12.46269],[76.78893,12.46256],[76.7859,12.46112],[76.78352,12.46045],[76.77854,12.46159],[76.77338,12.45883],[76.77257,12.44999],[76.78585,12.44752],[76.78774,12.43237],[76.77748,12.43102],[76.76607,12.43696],[76.76502,12.4314],[76.75856,12.42599],[76.75879,12.42571],[76.75819,12.42558],[76.75762,12.42611],[76.75768,12.42423],[76.75619,12.42286],[76.7551,12.41901],[76.75562,12.41874],[76.75518,12.41645],[76.75412,12.41639],[76.75391,12.41469],[76.75458,12.41442],[76.75373,12.41086],[76.75546,12.40749],[76.75528,12.40505],[76.75312,12.40246],[76.75282,12.40127],[76.7532,12.39438],[76.75238,12.38629],[76.75316,12.38087],[76.75166,12.37744],[76.75044,12.37295],[76.74545,12.36796],[76.74622,12.36621],[76.74309,12.36419],[76.73397,12.36231],[76.73308,12.36281],[76.72926,12.36314],[76.72923,12.36363],[76.72349,12.36346],[76.72287,12.36232],[76.72324,12.36046],[76.7211,12.36088],[76.7211,12.35993],[76.71995,12.35946],[76.71981,12.35719],[76.71837,12.3572],[76.71827,12.35665],[76.71382,12.35735],[76.71337,12.35714],[76.71349,12.35605],[76.71262,12.35607],[76.71063,12.35441],[76.70885,12.35409],[76.70724,12.35276],[76.69866,12.3504],[76.69568,12.3557],[76.69375,12.35738],[76.69238,12.35942],[76.69117,12.35942],[76.68947,12.36274],[76.68789,12.36325],[76.68816,12.36513],[76.68782,12.36613],[76.68395,12.36587],[76.68216,12.36743],[76.68199,12.36807],[76.6812,12.36797],[76.68053,12.36944],[76.68114,12.37216],[76.68241,12.3731],[76.68247,12.3744],[76.68322,12.37417],[76.68461,12.37708],[76.68643,12.38284],[76.68367,12.38373],[76.68284,12.38595],[76.68166,12.38657],[76.68155,12.38719],[76.68324,12.38964],[76.68332,12.39018],[76.68251,12.39059],[76.68274,12.39143],[76.6797,12.39182],[76.67832,12.39081],[76.67648,12.3907],[76.67154,12.39154],[76.67064,12.38945],[76.66774,12.38925],[76.66783,12.38739],[76.66724,12.38746],[76.66625,12.38657],[76.66368,12.38654],[76.66169,12.39043],[76.66215,12.39066],[76.66168,12.39189],[76.66215,12.394],[76.66292,12.39404],[76.66412,12.39836],[76.66355,12.39933],[76.66304,12.39922],[76.66331,12.40074],[76.67006,12.40227],[76.67058,12.40314],[76.67223,12.40348],[76.67446,12.40226],[76.67709,12.40248],[76.67712,12.40201],[76.6782,12.40194],[76.67852,12.40247],[76.6802,12.40264],[76.68125,12.40023],[76.68105,12.39942],[76.68265,12.39916],[76.68191,12.39839],[76.68022,12.39782],[76.68332,12.39737],[76.68325,12.39608],[76.68403,12.39634],[76.68388,12.39694],[76.68486,12.39708],[76.68485,12.39836],[76.68674,12.39903],[76.688,12.39833],[76.68961,12.39821],[76.69148,12.3991],[76.69849,12.39965],[76.70435,12.40315],[76.70599,12.40314],[76.70819,12.40184],[76.71053,12.402],[76.71151,12.40254],[76.71306,12.40459],[76.72289,12.40715],[76.722,12.41086],[76.72081,12.41259],[76.7162,12.41741],[76.7135,12.41899],[76.71605,12.42247],[76.71746,12.42255],[76.71988,12.42438],[76.72479,12.42558],[76.72823,12.4296],[76.7284,12.43436],[76.72597,12.43548],[76.7261,12.43669],[76.72383,12.43674],[76.72372,12.43619],[76.72161,12.43618],[76.72159,12.43539],[76.72009,12.43524],[76.72004,12.43327],[76.71772,12.43365],[76.71604,12.43312],[76.71399,12.43339],[76.71378,12.43181],[76.71334,12.4318],[76.71283,12.4302],[76.71343,12.42665],[76.7139,12.42666],[76.71363,12.42504],[76.71104,12.42432],[76.70763,12.42475],[76.70779,12.42557],[76.70906,12.42576],[76.70953,12.42634],[76.70999,12.42797],[76.70654,12.43224],[76.70588,12.43561],[76.70694,12.43813],[76.70652,12.44019],[76.70304,12.44039],[76.70211,12.44437],[76.70033,12.44424],[76.70018,12.44545],[76.69942,12.44558],[76.69962,12.44664],[76.69784,12.44668],[76.69786,12.44902],[76.69824,12.44906],[76.69854,12.45035],[76.69844,12.45121],[76.69766,12.4516],[76.69824,12.45386],[76.69867,12.45389],[76.69779,12.45716],[76.69492,12.45779],[76.69497,12.45837],[76.69449,12.4584],[76.69465,12.45924],[76.69146,12.45972],[76.69257,12.46081],[76.69278,12.4622],[76.68758,12.46335],[76.68707,12.46536],[76.68588,12.46585],[76.68591,12.46648],[76.68502,12.46626],[76.68511,12.46855],[76.68454,12.46875],[76.68501,12.4731],[76.69062,12.47253],[76.69185,12.4715],[76.69474,12.47047],[76.69514,12.47247],[76.69651,12.47232],[76.69634,12.4738],[76.69736,12.47652],[76.69488,12.47853],[76.69346,12.47896],[76.69293,12.47974],[76.69346,12.48226],[76.69677,12.48242],[76.69705,12.48377],[76.69638,12.48654],[76.69989,12.4848],[76.70077,12.48572],[76.70199,12.48582],[76.70182,12.48406],[76.70257,12.48376],[76.70262,12.48249],[76.70132,12.48186],[76.70258,12.48163],[76.70386,12.48017],[76.70386,12.47923],[76.70522,12.47936],[76.70593,12.47886],[76.70664,12.48002],[76.70833,12.48019],[76.70996,12.47832],[76.71123,12.47785],[76.71209,12.47893],[76.71447,12.47937],[76.71565,12.47706],[76.71688,12.47659],[76.71923,12.47822],[76.72179,12.47884],[76.72099,12.48236],[76.72471,12.48291],[76.72491,12.48361],[76.72591,12.484],[76.72754,12.48312],[76.72966,12.484],[76.7304,12.4823],[76.73437,12.48467],[76.73443,12.48537],[76.74736,12.48103],[76.75451,12.48287],[76.75651,12.48864],[76.75757,12.48853],[76.75757,12.48973],[76.75804,12.48973],[76.75802,12.48903],[76.75879,12.48958],[76.75997,12.49581],[76.76065,12.49568],[76.76199,12.49799],[76.76192,12.49863],[76.7633,12.49932],[76.76603,12.49927],[76.76643,12.49982],[76.76799,12.49926]],[[76.71962,12.39923],[76.72223,12.3988],[76.71962,12.39923]]],[[[76.64238,12.51048],[76.6463,12.51113],[76.64374,12.50437],[76.64381,12.50289],[76.64222,12.49537],[76.64213,12.49144],[76.64299,12.49068],[76.6447,12.49036],[76.64466,12.48866],[76.6499,12.48684],[76.64951,12.48458],[76.64877,12.48468],[76.64871,12.48392],[76.64779,12.48401],[76.64732,12.48284],[76.64748,12.48055],[76.64923,12.47817],[76.64979,12.47414],[76.65409,12.4737],[76.65453,12.47177],[76.6552,12.47164],[76.65525,12.47251],[76.65734,12.47195],[76.65921,12.46942],[76.66039,12.4686],[76.66044,12.46948],[76.6653,12.46806],[76.66853,12.46885],[76.67103,12.46884],[76.67108,12.4681],[76.67257,12.46791],[76.67309,12.4663],[76.67553,12.4665],[76.67642,12.46604],[76.67631,12.46312],[76.67491,12.46306],[76.67408,12.45964],[76.67357,12.45927],[76.67289,12.45955],[76.67252,12.45817],[76.66928,12.45828],[76.66895,12.45889],[76.66678,12.45855],[76.66651,12.458],[76.66507,12.45799],[76.66221,12.45881],[76.66204,12.45721],[76.66323,12.45677],[76.66375,12.4521],[76.66283,12.45119],[76.66476,12.45076],[76.66537,12.44994],[76.66538,12.44801],[76.66694,12.447],[76.66755,12.44349],[76.6661,12.44358],[76.66611,12.4441],[76.66572,12.4436],[76.66595,12.44194],[76.66347,12.44208],[76.66314,12.44292],[76.66193,12.44361],[76.65862,12.44286],[76.65834,12.44038],[76.6587,12.44032],[76.65871,12.43848],[76.65833,12.43828],[76.65844,12.43643],[76.65768,12.43628],[76.6577,12.43543],[76.65845,12.43547],[76.65883,12.43398],[76.66092,12.43433],[76.66043,12.43269],[76.66184,12.43171],[76.66184,12.42985],[76.65703,12.4262],[76.65368,12.42417],[76.65254,12.42425],[76.64932,12.4264],[76.64969,12.42916],[76.64411,12.42799],[76.6342,12.42395],[76.62922,12.42277],[76.62477,12.42198],[76.62056,12.42345],[76.61867,12.42313],[76.61739,12.42165],[76.61563,12.42121],[76.6135,12.42136],[76.61073,12.42497],[76.60884,12.42633],[76.60914,12.42785],[76.60866,12.42936],[76.60913,12.43103],[76.60842,12.43165],[76.60818,12.43277],[76.60772,12.43319],[76.60597,12.43304],[76.60637,12.43402],[76.60743,12.43451],[76.60778,12.43613],[76.60348,12.43748],[76.60343,12.43811],[76.60281,12.43831],[76.60376,12.44123],[76.60317,12.44198],[76.60627,12.4432],[76.60798,12.44587],[76.60799,12.44978],[76.60496,12.45434],[76.60655,12.46013],[76.60662,12.46378],[76.60789,12.46888],[76.60389,12.4701],[76.60215,12.46971],[76.59673,12.47111],[76.5952,12.47202],[76.5888,12.47244],[76.5911,12.47745],[76.59696,12.47848],[76.59714,12.4793],[76.59775,12.47908],[76.59882,12.48336],[76.60067,12.48275],[76.60154,12.48316],[76.60564,12.48286],[76.60942,12.48172],[76.60615,12.47271],[76.6127,12.47348],[76.61644,12.47239],[76.6194,12.47213],[76.62096,12.47254],[76.6224,12.47199],[76.622,12.471],[76.62966,12.4706],[76.63025,12.47106],[76.63049,12.47257],[76.62984,12.47273],[76.63046,12.4756],[76.62995,12.47574],[76.63017,12.47678],[76.62838,12.47724],[76.62513,12.48147],[76.61064,12.48637],[76.61452,12.48888],[76.619,12.48627],[76.62269,12.48573],[76.62341,12.48471],[76.62463,12.48457],[76.6265,12.48551],[76.62627,12.4881],[76.62801,12.48792],[76.62877,12.48946],[76.6297,12.48968],[76.63061,12.49138],[76.63057,12.49328],[76.63312,12.493],[76.63234,12.49441],[76.63241,12.49663],[76.63069,12.49797],[76.63095,12.49918],[76.63018,12.50019],[76.63196,12.49958],[76.63313,12.50404],[76.63279,12.50516],[76.63367,12.50878],[76.63688,12.51134],[76.64238,12.51048]]]]}}]}