{"type":"FeatureCollection","features":[{"type":"Feature","properties":{"unitId":604,"unitName":"Alanahally PS"},"geometry":{"type":"Polygon","coordinates":[[[76.71431,12.3144],[76.71421,12.31358],[76.71484,12.31298],[76.71616,12.3093],[76.71711,12.30985],[76.71669,12.30743],[76.71699,12.30484],[76.71831,12.30476],[76.71749,12.29576],[76.71856,12.29562],[76.71871,12.29355],[76.7178,12.29341],[76.71776,12.29175],[76.71705,12.29169],[76.71732,12.28602],[76.72201,12.28563],[76.72338,12.28697],[76.72563,12.28641],[76.72576,12.28691],[76.72769,12.28672],[76.72801,12.2874],[76.72835,12.28687],[76.73294,12.28672],[76.73361,12.28212],[76.73492,12.28173],[76.73553,12.281],[76.7388,12.28032],[76.74061,12.27936],[76.74061,12.27831],[76.741,12.2781],[76.74068,12.27705],[76.73957,12.27752],[76.73716,12.27731],[76.73684,12.27575],[76.73616,12.27591],[76.73611,12.27538],[76.73537,12.27551],[76.73526,12.27516],[76.73411,12.27595],[76.73385,12.27321],[76.73471,12.27093],[76.736,12.26355],[76.73292,12.26298],[76.73303,12.26236],[76.72996,12.26157],[76.72334,12.26187],[76.72311,12.26359],[76.72238,12.26364],[76.72222,12.2667],[76.7198,12.27238],[76.71994,12.27567],[76.71729,12.27591],[76.71627,12.27696],[76.71533,12.27699],[76.71436,12.27885],[76.71392,12.27887],[76.71389,12.27836],[76.70521,12.27876],[76.7056,12.28125],[76.70375,12.28135],[76.70074,12.2826],[76.69996,12.28384],[76.70096,12.28602],[76.69964,12.28581],[76.70001,12.28642],[76.6948,12.28625],[76.69405,12.292],[76.68972,12.29114],[76.68781,12.29446],[76.68937,12.29518],[76.6872,12.29962],[76.68523,12.30085],[76.6924,12.30251],[76.69337,12.30833],[76.69231,12.31067],[76.69184,12.31585],[76.70279,12.31624],[76.70264,12.31421],[76.7139,12.31679],[76.71431,12.3144]]]}},{"type":"Feature","properties":{"unitId":605,"unitName":"Devaraja PS"},"geometry":{"type":"Polygon","coordinates":[[[76.64344,12.31432],[76.64395,12.31412],[76.64466,12.31527],[76.65152,12.3145],[76.65241,12.31131],[76.65384,12.31141],[76.65466,12.3106],[76.65544,12.3105],[76.65632,12.30826],[76.66029,12.30711],[76.65741,12.30274],[76.65325,12.30281],[76.6523,12.30511],[76.64388,12.30646],[76.64455,12.31113],[76.63458,12.31312],[76.63273,12.31509],[76.63378,12.32163],[76.64277,12.31866],[76.64324,12.31801],[76.64344,12.31432]]]}},{"type":"Feature","properties":{"unitId":606,"unitName":"Lashkar PS"},"geometry":{"type":"Polygon","coordinates":[[[76.66465,12.3189],[76.6655,12.31724],[76.66195,12.31871],[76.65958,12.31784],[76.65872,12.31082],[76.66017,12.30737],[76.65632,12.30826],[76.65544,12.3105],[76.65466,12.3106],[76.65384,12.31141],[76.65241,12.31131],[76.65152,12.3145],[76.65658,12.31413],[76.65859,12.32503],[76.66043,12.32368],[76.66071,12.32278],[76.6639,12.32013],[76.66465,12.3189]]]}},{"type":"Feature","properties":{"unitId":607,"unitName":"Nazarbad PS"},"geometry":{"type":"Polygon","coordinates":[[[76.69184,12.31585],[76.69231,12.31067],[76.69337,12.30833],[76.6924,12.30251],[76.68523,12.30085],[76.6872,12.29962],[76.68937,12.29518],[76.68781,12.29446],[76.68972,12.29114],[76.69405,12.292],[76.6948,12.28625],[76.68772,12.28332],[76.68554,12.28556],[76.67021,12.28456],[76.66728,12.29049],[76.6645,12.28995],[76.66353,12.29153],[76.65997,12.29276],[76.65888,12.29243],[76.65882,12.29527],[76.65639,12.30117],[76.66029,12.30711],[76.65872,12.31082],[76.65958,12.31784],[76.66195,12.31871],[76.6655,12.31724],[76.66465,12.3189],[76.66914,12.32028],[76.67203,12.32169],[76.67211,12.32134],[76.67337,12.32165],[76.67341,12.32218],[76.67403,12.32142],[76.67544,12.32225],[76.67602,12.32138],[76.67873,12.32164],[76.67998,12.32026],[76.68399,12.31771],[76.68696,12.31954],[76.69117,12.32038],[76.69183,12.31907],[76.69152,12.3177],[76.69184,12.31585]]]}},{"type":"Feature","properties":{"unitId":608,"unitName":"Udayagiri PS"},"geometry":{"type":"Polygon","coordinates":[[[76.67544,12.34458],[76.67656,12.34499],[76.67715,12.34373],[76.67759,12.34382],[76.67779,12.34223],[76.68094,12.34275],[76.68219,12.34112],[76.68479,12.3403],[76.68638,12.33833],[76.68766,12.33844],[76.69397,12.33417],[76.70131,12.33349],[76.70288,12.33383],[76.70324,12.33377],[76.70329,12.33297],[76.70441,12.33287],[76.7044,12.33145],[76.70522,12.33076],[76.70468,12.32828],[76.7061,12.32666],[76.70844,12.32528],[76.70851,12.32457],[76.70833,12.32401],[76.70686,12.32473],[76.70448,12.32378],[76.70297,12.31637],[76.69184,12.31585],[76.69152,12.3177],[76.69183,12.31907],[76.69117,12.32038],[76.68696,12.31954],[76.68399,12.31771],[76.67998,12.32026],[76.67873,12.32164],[76.67602,12.32138],[76.67544,12.32225],[76.67403,12.32142],[76.67371,12.32221],[76.67337,12.32165],[76.67211,12.32134],[76.67191,12.32191],[76.67059,12.32186],[76.67065,12.32245],[76.66914,12.32293],[76.66933,12.32484],[76.66664,12.32516],[76.6666,12.32571],[76.66521,12.32601],[76.66692,12.3275],[76.6678,12.32738],[76.66822,12.32783],[76.66835,12.32937],[76.66672,12.32967],[76.66739,12.33283],[76.6698,12.33273],[76.66822,12.33544],[76.66858,12.33605],[76.66986,12.33619],[76.67207,12.34076],[76.67302,12.34167],[76.67385,12.34324],[76.67449,12.34661],[76.67476,12.34497],[76.67544,12.34458]]]}},{"type":"Feature","properties":{"unitId":609,"unitName":"Ashokpuram PS"},"geometry":{"type":"Polygon","coordinates":[[[76.63388,12.29634],[76.6385,12.29578],[76.63814,12.29231],[76.64246,12.29164],[76.6428,12.29266],[76.64557,12.29247],[76.6465,12.29112],[76.64451,12.28929],[76.64056,12.28162],[76.63928,12.27312],[76.63738,12.26924],[76.63464,12.26641],[76.63282,12.26525],[76.62909,12.26389],[76.62802,12.26413],[76.62884,12.26818],[76.63009,12.27114],[76.62799,12.27324],[76.63017,12.27985],[76.63197,12.29632],[76.63388,12.29634]]]}},{"type":"Feature","properties":{"unitId":610,"unitName":"Krishnaraja PS"},"geometry":{"type":"Polygon","coordinates":[[[76.65741,12.30274],[76.65639,12.30117],[76.65882,12.29527],[76.65888,12.29243],[76.65997,12.29276],[76.66353,12.29153],[76.6645,12.28995],[76.66728,12.29049],[76.67021,12.28456],[76.68554,12.28556],[76.68772,12.28332],[76.6944,12.28624],[76.70001,12.28642],[76.69964,12.28581],[76.68569,12.27844],[76.68034,12.27741],[76.67887,12.27199],[76.687,12.26907],[76.68376,12.26797],[76.67278,12.26614],[76.66531,12.2677],[76.66515,12.26574],[76.66613,12.26436],[76.66534,12.26283],[76.664,12.26365],[76.66363,12.26292],[76.66418,12.26221],[76.66343,12.26052],[76.65862,12.26106],[76.65876,12.26296],[76.65983,12.26331],[76.65859,12.26364],[76.6589,12.26535],[76.6575,12.26547],[76.65909,12.27877],[76.65909,12.28732],[76.65498,12.28635],[76.65209,12.28639],[76.64988,12.28745],[76.6465,12.29112],[76.64855,12.29307],[76.64685,12.30117],[76.64735,12.30583],[76.6523,12.30511],[76.65325,12.30281],[76.65741,12.30274]]]}},{"type":"Feature","properties":{"unitId":611,"unitName":"Kuvempunagar PS"},"geometry":{"type":"Polygon","coordinates":[[[76.63197,12.29632],[76.63017,12.27985],[76.62799,12.27324],[76.63009,12.27114],[76.62884,12.26818],[76.62804,12.26385],[76.62666,12.26357],[76.62527,12.2619],[76.61992,12.25315],[76.62157,12.25244],[76.62624,12.25182],[76.62925,12.25267],[76.63274,12.25291],[76.63174,12.2463],[76.61793,12.24656],[76.61535,12.24795],[76.61163,12.24859],[76.61114,12.25293],[76.61004,12.25293],[76.61007,12.25363],[76.61041,12.25409],[76.61363,12.25382],[76.61518,12.25737],[76.61505,12.25854],[76.60367,12.26308],[76.60165,12.2652],[76.60036,12.27959],[76.59945,12.28461],[76.59843,12.2846],[76.59942,12.2886],[76.5994,12.29181],[76.60927,12.29228],[76.61108,12.29206],[76.61109,12.29142],[76.61158,12.29123],[76.61761,12.29285],[76.61746,12.29561],[76.63197,12.29632]]]}},{"type":"Feature","properties":{"unitId":612,"unitName":"Laxmipuram PS"},"geometry":{"type":"Polygon","coordinates":[[[76.63814,12.29231],[76.6385,12.29578],[76.63806,12.29583],[76.63675,12.30339],[76.63704,12.30754],[76.63754,12.30792],[76.63847,12.31246],[76.64455,12.31113],[76.64388,12.30646],[76.64735,12.30583],[76.64685,12.30117],[76.64855,12.29307],[76.6465,12.29112],[76.64557,12.29247],[76.6428,12.29266],[76.64246,12.29164],[76.63814,12.29231]]]}},{"type":"Feature","properties":{"unitId":613,"unitName":"Saraswathipuram PS"},"geometry":{"type":"Polygon","coordinates":[[[76.60172,12.31231],[76.60371,12.31233],[76.60405,12.31133],[76.60767,12.31164],[76.60842,12.30976],[76.61026,12.30815],[76.60934,12.30677],[76.60913,12.30608],[76.60948,12.30592],[76.61522,12.30717],[76.61822,12.30676],[76.62307,12.30798],[76.62736,12.30612],[76.63704,12.30754],[76.63675,12.30339],[76.63806,12.29583],[76.62901,12.29636],[76.61746,12.29561],[76.61761,12.29285],[76.61158,12.29123],[76.61109,12.29142],[76.61108,12.29206],[76.60927,12.29228],[76.5994,12.29181],[76.59942,12.2886],[76.59843,12.2846],[76.59581,12.28417],[76.5954,12.28706],[76.59461,12.28709],[76.5945,12.28853],[76.59338,12.28989],[76.59343,12.29119],[76.59188,12.29111],[76.59058,12.2923],[76.58948,12.29233],[76.58941,12.29471],[76.58874,12.29466],[76.58771,12.29619],[76.58694,12.29944],[76.58558,12.30189],[76.58471,12.30275],[76.58086,12.30421],[76.58087,12.30923],[76.58253,12.30773],[76.58843,12.30637],[76.58853,12.307],[76.58958,12.30725],[76.58978,12.30865],[76.5938,12.30994],[76.59911,12.31269],[76.60172,12.31231]]]}},{"type":"Feature","properties":{"unitId":614,"unitName":"Vidyaranyarpuram PS"},"geometry":{"type":"Polygon","coordinates":[[[76.61992,12.25315],[76.62666,12.26357],[76.62802,12.26413],[76.63046,12.26425],[76.63282,12.26525],[76.63632,12.26781],[76.63738,12.26924],[76.63928,12.27312],[76.64056,12.28162],[76.64451,12.28929],[76.6465,12.29112],[76.64988,12.28745],[76.65209,12.28639],[76.65498,12.28635],[76.65909,12.28732],[76.65909,12.27877],[76.65837,12.27058],[76.65692,12.26172],[76.65582,12.26157],[76.65499,12.25804],[76.65067,12.25749],[76.64898,12.25667],[76.64862,12.25848],[76.64715,12.25836],[76.64112,12.25391],[76.62925,12.25267],[76.62624,12.25182],[76.62157,12.25244],[76.61992,12.25315]]]}},{"type":"Feature","properties":{"unitId":615,"unitName":"Hebbal PS"},"geometry":{"type":"Polygon","coordinates":[[[76.58802,12.37494],[76.59625,12.37389],[76.60253,12.37119],[76.60485,12.36915],[76.60892,12.36844],[76.61825,12.36861],[76.61884,12.36765],[76.62576,12.36943],[76.62803,12.36584],[76.62663,12.36288],[76.62603,12.36248],[76.62605,12.36105],[76.62714,12.3583],[76.62805,12.35773],[76.62811,12.35515],[76.6292,12.35112],[76.62772,12.35108],[76.62745,12.35061],[76.6267,12.34346],[76.62451,12.34164],[76.62425,12.33752],[76.62064,12.33657],[76.62032,12.33365],[76.61734,12.33352],[76.61657,12.33765],[76.61574,12.33773],[76.6158,12.33863],[76.61433,12.33882],[76.61476,12.3396],[76.60658,12.34123],[76.60571,12.34161],[76.6058,12.34284],[76.6016,12.34245],[76.60019,12.33975],[76.59801,12.33992],[76.5973,12.34104],[76.59622,12.341],[76.59602,12.34037],[76.5952,12.34028],[76.59472,12.3407],[76.59466,12.34392],[76.59153,12.34401],[76.59099,12.34461],[76.59016,12.34952],[76.59047,12.35747],[76.58673,12.35668],[76.58064,12.35723],[76.58152,12.36191],[76.58091,12.36753],[76.58131,12.36831],[76.58313,12.36959],[76.58616,12.37521],[76.58802,12.37494]]]}},{"type":"Feature","properties":{"unitId":616,"unitName":"Jayalakshmipuram PS"},"geometry":{"type":"Polygon","coordinates":[[[76.6261,12.32735],[76.62722,12.32688],[76.62465,12.32442],[76.62766,12.32347],[76.63304,12.31861],[76.63273,12.31509],[76.63458,12.31312],[76.63847,12.31246],[76.63754,12.30792],[76.63571,12.30716],[76.62736,12.30612],[76.62307,12.30798],[76.61822,12.30676],[76.61522,12.30717],[76.60913,12.30608],[76.61026,12.30815],[76.60842,12.30976],[76.60767,12.31164],[76.60867,12.31427],[76.60802,12.31842],[76.60886,12.32006],[76.6097,12.32061],[76.61446,12.32186],[76.6147,12.32314],[76.61284,12.32426],[76.61312,12.32576],[76.61826,12.32644],[76.62125,12.32562],[76.62371,12.32726],[76.6261,12.32735]]]}},{"type":"Feature","properties":{"unitId":617,"unitName":"Mandi PS"},"geometry":{"type":"Polygon","coordinates":[[[76.65859,12.32503],[76.65658,12.31413],[76.64466,12.31527],[76.64395,12.31412],[76.64566,12.31853],[76.64532,12.31956],[76.64432,12.31964],[76.64275,12.32461],[76.64262,12.33285],[76.64316,12.33486],[76.64208,12.33507],[76.63711,12.3425],[76.63752,12.34352],[76.63864,12.34318],[76.64098,12.34362],[76.64094,12.34279],[76.64227,12.34268],[76.64218,12.34358],[76.64643,12.34454],[76.64679,12.33931],[76.64561,12.33073],[76.64692,12.32994],[76.65074,12.32287],[76.65448,12.32313],[76.65774,12.3296],[76.65859,12.32503]]]}},{"type":"Feature","properties":{"unitId":618,"unitName":"Metagalli PS"},"geometry":{"type":"Polygon","coordinates":[[[76.64959,12.39727],[76.65105,12.3965],[76.6517,12.39559],[76.65206,12.3958],[76.65227,12.39481],[76.65631,12.39635],[76.65689,12.39442],[76.65752,12.39512],[76.65793,12.39485],[76.65879,12.39194],[76.66095,12.39011],[76.66169,12.39043],[76.66265,12.38801],[76.66401,12.38642],[76.66625,12.38657],[76.66724,12.38746],[76.66783,12.38739],[76.66774,12.38925],[76.67064,12.38945],[76.67154,12.39154],[76.67648,12.3907],[76.67832,12.39081],[76.6797,12.39182],[76.68274,12.39143],[76.68251,12.39059],[76.68332,12.39018],[76.68324,12.38964],[76.68155,12.38719],[76.68166,12.38657],[76.68284,12.38595],[76.68367,12.38373],[76.68643,12.38284],[76.68461,12.37708],[76.68322,12.37417],[76.68247,12.3744],[76.68241,12.3731],[76.68144,12.37211],[76.68044,12.37229],[76.68082,12.37383],[76.68199,12.37432],[76.68166,12.375],[76.68045,12.37606],[76.67941,12.37521],[76.67879,12.37097],[76.67921,12.3676],[76.67801,12.36761],[76.67672,12.36873],[76.67615,12.36994],[76.67508,12.37053],[76.67226,12.37069],[76.66963,12.36827],[76.66706,12.36716],[76.66549,12.36766],[76.66519,12.36383],[76.6636,12.36364],[76.66289,12.36117],[76.66338,12.36082],[76.66065,12.36166],[76.66043,12.3613],[76.6592,12.36149],[76.65919,12.36196],[76.65813,12.36129],[76.65747,12.36141],[76.65651,12.36224],[76.65688,12.36229],[76.65663,12.36437],[76.65569,12.36429],[76.6554,12.36383],[76.65533,12.36434],[76.65634,12.36462],[76.6568,12.36531],[76.65776,12.36509],[76.65789,12.36554],[76.6565,12.36635],[76.65612,12.36527],[76.65302,12.36498],[76.65309,12.3639],[76.65085,12.36416],[76.64968,12.36235],[76.64983,12.36175],[76.649,12.36172],[76.64846,12.36097],[76.65152,12.35674],[76.6552,12.35807],[76.65769,12.35614],[76.65671,12.34888],[76.65185,12.35071],[76.65106,12.35037],[76.64566,12.34794],[76.6438,12.34628],[76.64317,12.3436],[76.64218,12.34358],[76.64227,12.34268],[76.64094,12.34279],[76.64098,12.34362],[76.63864,12.34318],[76.63752,12.34352],[76.63711,12.3425],[76.63464,12.34558],[76.63239,12.34609],[76.63194,12.34529],[76.63034,12.34534],[76.63034,12.34404],[76.62659,12.344],[76.62745,12.35061],[76.62772,12.35108],[76.6292,12.35112],[76.62811,12.35515],[76.62805,12.35773],[76.62714,12.3583],[76.62605,12.36105],[76.62603,12.36248],[76.62663,12.36288],[76.62803,12.36584],[76.62563,12.3694],[76.62524,12.37173],[76.62785,12.3753],[76.62743,12.37669],[76.629,12.37863],[76.63027,12.37882],[76.63105,12.38046],[76.63349,12.38166],[76.63356,12.38316],[76.63938,12.38365],[76.63934,12.38486],[76.64125,12.3847],[76.64116,12.38561],[76.6419,12.38648],[76.64132,12.38664],[76.64154,12.38913],[76.64271,12.39006],[76.64175,12.39158],[76.64226,12.39223],[76.64211,12.39456],[76.6426,12.39539],[76.64504,12.39532],[76.64663,12.3961],[76.64698,12.39715],[76.64959,12.39727]]]}},{"type":"Feature","properties":{"unitId":619,"unitName":"Narasimharaja PS"},"geometry":{"type":"Polygon","coordinates":[[[76.68121,12.37521],[76.68199,12.37432],[76.68082,12.37383],[76.68044,12.37229],[76.68114,12.37216],[76.68053,12.36944],[76.6812,12.36797],[76.68199,12.36807],[76.68216,12.36743],[76.68395,12.36587],[76.68782,12.36613],[76.68816,12.36513],[76.68789,12.36325],[76.68947,12.36274],[76.69117,12.35942],[76.69238,12.35942],[76.69418,12.35698],[76.67456,12.35876],[76.67449,12.34661],[76.67385,12.34324],[76.67207,12.34076],[76.66986,12.33619],[76.66858,12.33605],[76.66822,12.33544],[76.6698,12.33273],[76.66739,12.33283],[76.66672,12.32967],[76.66835,12.32937],[76.66822,12.32783],[76.6678,12.32738],[76.66692,12.3275],[76.66521,12.32601],[76.6666,12.32571],[76.66664,12.32516],[76.66933,12.32484],[76.66914,12.32293],[76.67065,12.32245],[76.67059,12.32186],[76.67203,12.32169],[76.66914,12.32028],[76.66465,12.3189],[76.6639,12.32013],[76.66071,12.32278],[76.66043,12.32368],[76.65859,12.32503],[76.65774,12.3296],[76.65448,12.32313],[76.65074,12.32287],[76.64692,12.32994],[76.64561,12.33073],[76.64679,12.33931],[76.64643,12.34454],[76.64309,12.3441],[76.6438,12.34628],[76.64566,12.34794],[76.65185,12.35071],[76.65671,12.34888],[76.65769,12.35614],[76.6552,12.35807],[76.65152,12.35674],[76.64846,12.36097],[76.649,12.36172],[76.64983,12.36175],[76.64968,12.36235],[76.65085,12.36416],[76.65309,12.3639],[76.65302,12.36498],[76.65612,12.36527],[76.6565,12.36635],[76.65789,12.36554],[76.65776,12.36509],[76.6568,12.36531],[76.65634,12.36462],[76.65533,12.36434],[76.6554,12.36383],[76.65569,12.36429],[76.65663,12.36437],[76.65688,12.36229],[76.65651,12.36224],[76.65747,12.36141],[76.65813,12.36129],[76.65919,12.36196],[76.6592,12.36149],[76.66043,12.3613],[76.66065,12.36166],[76.66338,12.36082],[76.66289,12.36117],[76.6636,12.36364],[76.66519,12.36383],[76.66549,12.36766],[76.66706,12.36716],[76.66963,12.36827],[76.67256,12.37081],[76.67508,12.37053],[76.67615,12.36994],[76.67672,12.36873],[76.67801,12.36761],[76.67921,12.3676],[76.67879,12.37097],[76.67915,12.37458],[76.68003,12.37599],[76.68102,12.37575],[76.68121,12.37521]]]}},{"type":"Feature","properties":{"unitId":620,"unitName":"V.V. Puram PS"},"geometry":{"type":"Polygon","coordinates":[[[76.63464,12.34558],[76.64208,12.33507],[76.64316,12.33486],[76.64262,12.33285],[76.64275,12.32461],[76.64432,12.31964],[76.64532,12.31956],[76.64566,12.31853],[76.64379,12.31401],[76.64328,12.31499],[76.64324,12.31801],[76.64277,12.31866],[76.63378,12.32163],[76.63304,12.31861],[76.62766,12.32347],[76.62465,12.32442],[76.62993,12.32941],[76.62851,12.33109],[76.62491,12.3311],[76.62391,12.33178],[76.62367,12.33421],[76.62451,12.34164],[76.6267,12.34346],[76.62672,12.34408],[76.63034,12.34404],[76.63034,12.34534],[76.63194,12.34529],[76.63239,12.34609],[76.63464,12.34558]]]}},{"type":"Feature","properties":{"unitId":621,"unitName":"Vijayanagar PS"},"geometry":{"type":"Polygon","coordinates":[[[76.58091,12.36575],[76.58152,12.36191],[76.58064,12.35723],[76.58673,12.35668],[76.59047,12.35747],[76.59016,12.34952],[76.59099,12.34461],[76.59153,12.34401],[76.59466,12.34392],[76.59472,12.3407],[76.5952,12.34028],[76.59602,12.34037],[76.59622,12.341],[76.5973,12.34104],[76.59801,12.33992],[76.60019,12.33975],[76.6016,12.34245],[76.6058,12.34284],[76.60571,12.34161],[76.60658,12.34123],[76.61476,12.3396],[76.61433,12.33882],[76.6158,12.33863],[76.61574,12.33773],[76.61657,12.33765],[76.61734,12.33352],[76.62032,12.33365],[76.62064,12.33657],[76.62397,12.33714],[76.62391,12.33178],[76.62491,12.3311],[76.62851,12.33109],[76.62993,12.32941],[76.62722,12.32688],[76.6261,12.32735],[76.62371,12.32726],[76.62125,12.32562],[76.61826,12.32644],[76.61312,12.32576],[76.61284,12.32426],[76.6147,12.32314],[76.61471,12.32229],[76.61349,12.32144],[76.61196,12.32149],[76.6097,12.32061],[76.60824,12.3192],[76.60801,12.31761],[76.60867,12.31427],[76.60767,12.31164],[76.60405,12.31133],[76.60371,12.31233],[76.59911,12.31269],[76.5938,12.30994],[76.58978,12.30865],[76.58958,12.30725],[76.58853,12.307],[76.58843,12.30637],[76.58253,12.30773],[76.57739,12.31239],[76.57696,12.31396],[76.58217,12.32225],[76.5822,12.33151],[76.58137,12.33158],[76.58184,12.33339],[76.5815,12.33387],[76.572,12.33341],[76.57115,12.33628],[76.56793,12.34245],[76.56751,12.34472],[76.5694,12.3492],[76.57305,12.35446],[76.57445,12.35446],[76.57567,12.35506],[76.57658,12.36157],[76.57646,12.36438],[76.57792,12.36588],[76.58091,12.36575]]]}},{"type":"Feature","properties":{"unitId":622,"unitName":"Kollegala Rural PS"},"geometry":{"type":"MultiPolygon","coordinates":[[[[77.23689,12.31004],[77.23718,12.30783],[77.23917,12.30829],[77.24422,12.30708],[77.24428,12.30301],[77.24499,12.30067],[77.24829,12.29524],[77.2493,12.28614],[77.25079,12.28413],[77.24486,12.27164],[77.2439,12.26897],[77.2437,12.26674],[77.24221,12.26476],[77.23934,12.25751],[77.23163,12.24667],[77.23071,12.24236],[77.22944,12.24023],[77.23032,12.23314],[77.22939,12.22635],[77.23445,12.2198],[77.23455,12.21618],[77.23529,12.21492],[77.23733,12.2145],[77.23734,12.21365],[77.23838,12.21299],[77.24235,12.21274],[77.24222,12.19836],[77.23924,12.17997],[77.24009,12.17955],[77.23943,12.17649],[77.23621,12.17685],[77.23544,12.17345],[77.23558,12.17128],[77.23966,12.16985],[77.23921,12.16689],[77.2405,12.16666],[77.23331,12.1504],[77.23251,12.14692],[77.23286,12.14593],[77.23152,12.14596],[77.23107,12.14421],[77.22965,12.14432],[77.22916,12.14392],[77.22818,12.14149],[77.22723,12.14172],[77.22711,12.1409],[77.22671,12.14113],[77.22588,12.13759],[77.22482,12.1376],[77.22482,12.1371],[77.2225,12.13764],[77.22266,12.13875],[77.22181,12.13957],[77.222,12.14013],[77.21986,12.14051],[77.21993,12.13955],[77.22046,12.13906],[77.21983,12.13569],[77.21928,12.13575],[77.21905,12.1349],[77.22006,12.13472],[77.21979,12.1333],[77.21867,12.13345],[77.21856,12.13277],[77.21912,12.13265],[77.21894,12.13112],[77.21881,12.13066],[77.21801,12.13072],[77.21723,12.12794],[77.21227,12.13081],[77.21055,12.13102],[77.20934,12.13306],[77.20957,12.13394],[77.20788,12.13429],[77.20805,12.13552],[77.20614,12.13678],[77.2044,12.13698],[77.20399,12.13459],[77.19853,12.13464],[77.19777,12.135],[77.19709,12.13424],[77.19769,12.13384],[77.19676,12.13274],[77.19779,12.13191],[77.1975,12.13099],[77.19825,12.13076],[77.19738,12.12961],[77.19705,12.12681],[77.19779,12.12656],[77.19893,12.12456],[77.19884,12.12291],[77.19968,12.12213],[77.19928,12.11956],[77.19839,12.11888],[77.19901,12.11667],[77.19787,12.11599],[77.1985,12.11377],[77.1948,12.11346],[77.19423,12.1168],[77.19093,12.11676],[77.19072,12.11635],[77.18962,12.11653],[77.18194,12.11533],[77.18169,12.10398],[77.18005,12.10163],[77.1781,12.10126],[77.17618,12.0976],[77.17336,12.08997],[77.16587,12.08011],[77.16335,12.07872],[77.168,12.06735],[77.16654,12.06443],[77.16442,12.06278],[77.16195,12.05673],[77.15961,12.05456],[77.16007,12.05044],[77.15946,12.04812],[77.1568,12.04336],[77.15519,12.04431],[77.1514,12.04208],[77.14843,12.05059],[77.15065,12.05661],[77.14897,12.06401],[77.13261,12.06995],[77.12458,12.06835],[77.12083,12.06995],[77.12091,12.06879],[77.1117,12.06847],[77.10339,12.0736],[77.10115,12.08009],[77.0978,12.08547],[77.09874,12.08879],[77.09886,12.09077],[77.09838,12.09159],[77.0993,12.09372],[77.0989,12.09431],[77.09927,12.09574],[77.09781,12.09669],[77.09534,12.10029],[77.09313,12.10216],[77.0894,12.1034],[77.08918,12.10226],[77.08659,12.10316],[77.08708,12.10481],[77.08331,12.10875],[77.08143,12.10957],[77.08096,12.11467],[77.07904,12.11423],[77.0788,12.11514],[77.07947,12.11794],[77.07659,12.11771],[77.07619,12.11931],[77.07683,12.11984],[77.07686,12.12052],[77.07846,12.12035],[77.0788,12.12356],[77.07966,12.12362],[77.08292,12.12562],[77.08405,12.12563],[77.08648,12.12433],[77.08732,12.12154],[77.09203,12.12155],[77.09318,12.12029],[77.09444,12.12054],[77.09587,12.11979],[77.10026,12.11917],[77.1007,12.11779],[77.10465,12.11788],[77.10784,12.10697],[77.10787,12.10533],[77.1067,12.10394],[77.1107,12.1022],[77.11485,12.10257],[77.11625,12.10754],[77.1149,12.10885],[77.11706,12.11142],[77.11933,12.11213],[77.12035,12.11482],[77.12074,12.11891],[77.12246,12.12226],[77.12254,12.12602],[77.12145,12.12822],[77.12383,12.128],[77.12552,12.12879],[77.13084,12.12861],[77.13108,12.13],[77.13352,12.12994],[77.13363,12.13186],[77.13304,12.13205],[77.13337,12.13348],[77.13045,12.13396],[77.13057,12.13726],[77.13019,12.13865],[77.12916,12.13867],[77.12853,12.13998],[77.12785,12.14423],[77.129,12.15007],[77.13084,12.14989],[77.13162,12.15534],[77.13386,12.1548],[77.13392,12.15687],[77.13456,12.1572],[77.13469,12.15851],[77.13449,12.16106],[77.13498,12.16113],[77.13496,12.16205],[77.13696,12.16411],[77.13784,12.17032],[77.13603,12.17119],[77.13478,12.17121],[77.13402,12.17279],[77.13208,12.1743],[77.12929,12.17433],[77.1262,12.17559],[77.12623,12.17596],[77.12191,12.17727],[77.1219,12.17771],[77.12136,12.17774],[77.12131,12.17858],[77.11777,12.18014],[77.11689,12.18098],[77.11242,12.18138],[77.11131,12.18141],[77.11116,12.17962],[77.11027,12.17938],[77.11006,12.17798],[77.10905,12.17791],[77.1089,12.17717],[77.10815,12.17669],[77.1061,12.17669],[77.10566,12.17443],[77.10523,12.17444],[77.10508,12.17231],[77.10261,12.17316],[77.10251,12.17281],[77.1014,12.17279],[77.0998,12.1734],[77.09935,12.17592],[77.09974,12.1806],[77.09945,12.1824],[77.10048,12.18259],[77.10146,12.18522],[77.10202,12.18557],[77.10333,12.18542],[77.10591,12.18252],[77.10776,12.18277],[77.10835,12.18388],[77.10818,12.18501],[77.10639,12.18609],[77.10619,12.18725],[77.10845,12.18784],[77.11401,12.19239],[77.12288,12.19441],[77.12707,12.20204],[77.12553,12.20286],[77.12857,12.20505],[77.13015,12.20497],[77.13148,12.20569],[77.13182,12.20636],[77.13258,12.21042],[77.13139,12.2158],[77.13157,12.21936],[77.13468,12.22423],[77.13455,12.22987],[77.12727,12.23588],[77.12633,12.24305],[77.13235,12.24724],[77.14385,12.24734],[77.15738,12.25562],[77.16189,12.25527],[77.16709,12.25558],[77.16911,12.25904],[77.17019,12.26509],[77.16654,12.27417],[77.16634,12.28117],[77.16775,12.28307],[77.16981,12.28472],[77.16926,12.28778],[77.1695,12.29048],[77.16861,12.2922],[77.16844,12.29408],[77.16933,12.29554],[77.16982,12.29997],[77.16722,12.3056],[77.16619,12.30884],[77.16643,12.31006],[77.16961,12.31031],[77.17189,12.30932],[77.17732,12.30886],[77.18879,12.30871],[77.18866,12.30811],[77.19126,12.30757],[77.19153,12.30793],[77.20107,12.30855],[77.20743,12.30735],[77.21093,12.30728],[77.21673,12.30823],[77.21821,12.30729],[77.22075,12.30435],[77.22405,12.30341],[77.22717,12.3046],[77.23476,12.30959],[77.23689,12.31004]]],[[[76.99867,12.17687],[76.99832,12.17258],[76.99766,12.17152],[76.9974,12.16644],[77.00273,12.166],[77.00278,12.16043],[77.00502,12.16028],[77.00725,12.16098],[77.00726,12.16136],[77.00875,12.16144],[77.00878,12.16192],[77.014,12.16249],[77.01417,12.1565],[77.01233,12.15629],[77.01205,12.155],[77.01146,12.15495],[77.0114,12.15441],[77.01165,12.15173],[77.01332,12.15128],[77.01309,12.14744],[77.01343,12.14598],[77.01338,12.14512],[77.01189,12.14471],[77.01186,12.14436],[77.01302,12.14431],[77.01255,12.13994],[77.01306,12.13977],[77.01233,12.13717],[77.01164,12.13712],[77.01434,12.13696],[77.0156,12.13639],[77.01504,12.13492],[77.01581,12.13485],[77.01583,12.13322],[77.01915,12.13496],[77.02233,12.1347],[77.02426,12.13727],[77.02717,12.13786],[77.03031,12.1375],[77.03029,12.13783],[77.03131,12.13775],[77.03186,12.13797],[77.03176,12.1384],[77.03315,12.1387],[77.03701,12.13864],[77.03796,12.13603],[77.03866,12.13625],[77.03876,12.12919],[77.03974,12.12807],[77.04081,12.12825],[77.04077,12.12884],[77.04209,12.12898],[77.04203,12.13021],[77.04302,12.13036],[77.04324,12.13274],[77.04438,12.134],[77.04433,12.13568],[77.04609,12.13546],[77.04569,12.13726],[77.04478,12.1382],[77.04436,12.14185],[77.04361,12.14199],[77.04206,12.13948],[77.04011,12.13897],[77.0393,12.14388],[77.03945,12.14912],[77.04032,12.15199],[77.04087,12.15273],[77.04226,12.15295],[77.04342,12.15762],[77.04484,12.15755],[77.04491,12.15873],[77.04542,12.15927],[77.04563,12.16184],[77.04376,12.1622],[77.04414,12.16692],[77.04495,12.16696],[77.04494,12.16926],[77.04796,12.16993],[77.05627,12.17014],[77.0628,12.17085],[77.0662,12.17338],[77.06752,12.17536],[77.07235,12.17134],[77.0746,12.1684],[77.07518,12.16584],[77.07338,12.16311],[77.07257,12.16298],[77.07228,12.1618],[77.07346,12.16257],[77.07283,12.16],[77.0733,12.15843],[77.07451,12.15772],[77.07657,12.15787],[77.07727,12.15926],[77.07745,12.16126],[77.07846,12.16167],[77.07988,12.16124],[77.08016,12.15995],[77.08072,12.15995],[77.08122,12.15524],[77.08038,12.15233],[77.08181,12.14948],[77.08238,12.14694],[77.08417,12.14587],[77.08508,12.14581],[77.08591,12.14486],[77.08629,12.14145],[77.08581,12.13941],[77.0866,12.13927],[77.08589,12.13878],[77.08261,12.13883],[77.08185,12.13846],[77.08172,12.13754],[77.08283,12.13618],[77.07993,12.13539],[77.07978,12.13268],[77.07122,12.13303],[77.06711,12.13243],[77.06497,12.13144],[77.0645,12.12975],[77.0634,12.12961],[77.06373,12.12892],[77.0632,12.12828],[77.06227,12.12825],[77.06188,12.1275],[77.06109,12.12778],[77.06057,12.12644],[77.06083,12.12523],[77.05994,12.12504],[77.05388,12.11826],[77.05234,12.11849],[77.05104,12.11774],[77.04808,12.11748],[77.04805,12.11911],[77.0463,12.11901],[77.04606,12.11745],[77.04517,12.11742],[77.04515,12.11672],[77.04369,12.11641],[77.04317,12.11473],[77.0389,12.11434],[77.03446,12.11336],[77.03422,12.11291],[77.02947,12.1123],[77.02602,12.11493],[77.02303,12.11505],[77.02241,12.11192],[77.02167,12.11178],[77.02075,12.11075],[77.01657,12.10975],[77.01215,12.1098],[77.01197,12.10932],[77.00056,12.109],[76.99435,12.10823],[76.99493,12.09867],[76.99464,12.09505],[76.99553,12.09058],[76.99474,12.08145],[76.98516,12.08057],[76.98513,12.08819],[76.98618,12.09783],[76.98727,12.10047],[76.98737,12.1041],[76.98573,12.10497],[76.98577,12.10641],[76.98467,12.10663],[76.98487,12.10972],[76.98328,12.11001],[76.98175,12.10937],[76.98126,12.11235],[76.97885,12.11256],[76.97811,12.11379],[76.97825,12.11497],[76.97751,12.11678],[76.97674,12.11677],[76.97627,12.11571],[76.97459,12.11487],[76.97439,12.11429],[76.97249,12.11415],[76.9723,12.11291],[76.9707,12.11284],[76.97078,12.11693],[76.96865,12.11691],[76.96896,12.12228],[76.96969,12.12311],[76.97619,12.12291],[76.97648,12.12824],[76.97597,12.13086],[76.97637,12.13433],[76.97967,12.1344],[76.97958,12.13546],[76.98038,12.13549],[76.9804,12.13643],[76.98228,12.13639],[76.98234,12.13828],[76.98663,12.13816],[76.98686,12.14107],[76.9889,12.14065],[76.98924,12.14567],[76.98898,12.15088],[76.98948,12.15479],[76.98882,12.15712],[76.98823,12.15714],[76.98806,12.16092],[76.98813,12.16195],[76.99083,12.16235],[76.991,12.16668],[76.9905,12.16681],[76.99076,12.16845],[76.99159,12.1684],[76.99177,12.17013],[76.991,12.17012],[76.99101,12.17081],[76.99017,12.17083],[76.99039,12.1742],[76.99268,12.17632],[76.99867,12.17687]]]]}},{"type":"Feature","properties":{"unitId":623,"unitName":"Beechanahalli PS"},"geometry":{"type":"MultiPolygon","coordinates":[[[[76.3205,12.03822],[76.32384,12.03869],[76.33228,12.03729],[76.34154,12.03499],[76.34218,12.03434],[76.34208,12.03354],[76.34275,12.03367],[76.34298,12.03302],[76.34237,12.02922],[76.34969,12.02914],[76.3491,12.03138],[76.35005,12.03391],[76.35041,12.03676],[76.35595,12.03181],[76.36054,12.03059],[76.36361,12.03072],[76.36561,12.02971],[76.36647,12.03105],[76.36745,12.02947],[76.3685,12.029],[76.37473,12.0273],[76.37807,12.02713],[76.37848,12.02561],[76.37993,12.02483],[76.37987,12.02309],[76.38117,12.0216],[76.38236,12.02133],[76.3823,12.01988],[76.38144,12.01948],[76.37838,12.01533],[76.37247,12.01098],[76.37213,12.00856],[76.37243,12.00606],[76.37471,12.00435],[76.37711,12.00427],[76.37947,12.00483],[76.38303,12.00418],[76.38429,12.00367],[76.38778,12.00064],[76.39356,11.99775],[76.39312,11.99587],[76.39217,11.99473],[76.38755,11.9915],[76.38202,11.99067],[76.37791,11.99059],[76.3711,11.99086],[76.36709,11.9917],[76.36273,11.99073],[76.35905,11.98717],[76.35933,11.98541],[76.36211,11.97948],[76.36214,11.9782],[76.35908,11.97232],[76.35808,11.97196],[76.35532,11.97229],[76.35249,11.9735],[76.34112,11.98296],[76.33812,11.98384],[76.33269,11.98356],[76.32773,11.98773],[76.32518,11.98929],[76.32235,11.98959],[76.32008,11.98827],[76.32247,11.98477],[76.32107,11.9791],[76.32182,11.96873],[76.31986,11.96673],[76.3175,11.96538],[76.31292,11.95931],[76.31458,11.95561],[76.31527,11.9503],[76.31613,11.94974],[76.31673,11.95016],[76.31719,11.94953],[76.3153,11.94612],[76.31554,11.94542],[76.31628,11.94518],[76.31789,11.94574],[76.31871,11.94396],[76.3177,11.94262],[76.31774,11.9416],[76.31711,11.9413],[76.31785,11.93968],[76.31649,11.93727],[76.31677,11.93653],[76.31785,11.93581],[76.31641,11.93601],[76.3162,11.93449],[76.31515,11.93409],[76.31538,11.93296],[76.31446,11.93168],[76.31607,11.92948],[76.31711,11.92974],[76.31768,11.92915],[76.31821,11.92989],[76.31965,11.92907],[76.31946,11.92648],[76.32584,11.92665],[76.32537,11.9234],[76.33568,11.92245],[76.33034,11.92036],[76.32673,11.91743],[76.3257,11.91157],[76.3248,11.91127],[76.32449,11.91051],[76.3248,11.9096],[76.32432,11.9087],[76.32504,11.90812],[76.32347,11.90717],[76.32371,11.90648],[76.32442,11.90633],[76.32489,11.90674],[76.32528,11.90548],[76.32621,11.9054],[76.32522,11.90423],[76.32542,11.90331],[76.30914,11.90206],[76.30946,11.90122],[76.30359,11.89663],[76.29923,11.88936],[76.29983,11.88048],[76.30225,11.87999],[76.30743,11.87694],[76.31251,11.87476],[76.314,11.87103],[76.31721,11.86884],[76.3164,11.86535],[76.31923,11.85997],[76.31899,11.85855],[76.31776,11.85713],[76.31821,11.85637],[76.31533,11.85205],[76.31409,11.85093],[76.3088,11.84881],[76.30577,11.84645],[76.30544,11.83489],[76.30449,11.83283],[76.30296,11.83105],[76.30038,11.82949],[76.2983,11.82663],[76.28779,11.82624],[76.28269,11.82203],[76.28105,11.81864],[76.28696,11.80012],[76.28561,11.80298],[76.27876,11.81239],[76.27448,11.81265],[76.27181,11.81097],[76.25979,11.80901],[76.25822,11.80707],[76.25637,11.8068],[76.24909,11.80306],[76.24561,11.8025],[76.24238,11.80331],[76.239,11.80261],[76.23074,11.80453],[76.22639,11.80623],[76.223,11.80876],[76.21812,11.81346],[76.21856,11.81701],[76.21796,11.81702],[76.21573,11.82262],[76.2138,11.82363],[76.20987,11.82908],[76.21097,11.83512],[76.2124,11.83967],[76.21176,11.84057],[76.21312,11.84288],[76.21132,11.84488],[76.20965,11.85005],[76.21031,11.85133],[76.2095,11.8533],[76.21006,11.85398],[76.20925,11.85565],[76.20971,11.85651],[76.2086,11.859],[76.20813,11.86253],[76.20733,11.86333],[76.20566,11.86173],[76.20295,11.86187],[76.20021,11.86294],[76.19898,11.86555],[76.19383,11.86894],[76.187,11.87213],[76.18678,11.87097],[76.18474,11.87136],[76.18484,11.87092],[76.17819,11.86955],[76.17625,11.86961],[76.17005,11.8684],[76.16979,11.8691],[76.16583,11.86596],[76.16408,11.86602],[76.16316,11.86726],[76.15454,11.86857],[76.14947,11.86586],[76.14742,11.86617],[76.14313,11.86152],[76.14226,11.86235],[76.13988,11.85937],[76.13588,11.85764],[76.13571,11.85663],[76.13228,11.85289],[76.12707,11.85323],[76.1211,11.8489],[76.11698,11.8552],[76.11738,11.85615],[76.11793,11.85611],[76.11767,11.85689],[76.11407,11.85809],[76.11355,11.86017],[76.11521,11.86693],[76.11381,11.87317],[76.11072,11.89294],[76.11083,11.89741],[76.1119,11.90461],[76.11107,11.91224],[76.10883,11.92209],[76.10945,11.92844],[76.10945,11.95299],[76.11026,11.97026],[76.11004,11.97468],[76.13661,11.97478],[76.19193,11.97401],[76.20914,11.98668],[76.20569,11.99293],[76.21762,12.00208],[76.22147,12.01421],[76.22995,12.01826],[76.23813,12.01537],[76.25774,12.01717],[76.26674,12.01679],[76.26706,12.01623],[76.26965,12.0161],[76.27037,12.01486],[76.27416,12.01487],[76.27771,12.01631],[76.28227,12.02172],[76.27905,12.03602],[76.2885,12.03812],[76.28841,12.03764],[76.28929,12.0378],[76.29779,12.03505],[76.3022,12.03466],[76.30633,12.03504],[76.31021,12.03743],[76.3106,12.03707],[76.3132,12.03778],[76.31656,12.03966],[76.31772,12.03976],[76.3205,12.03822]]],[[[76.32581,11.95256],[76.3245,11.95249],[76.32617,11.95487],[76.32807,11.95898],[76.33149,11.95944],[76.33166,11.95662],[76.33247,11.95459],[76.32581,11.95256]]]]}},{"type":"Feature","properties":{"unitId":624,"unitName":"H.D. Kote PS"},"geometry":{"type":"MultiPolygon","coordinates":[[[[76.48425,12.26893],[76.48633,12.27092],[76.4893,12.26993],[76.50648,12.26832],[76.50642,12.26286],[76.50765,12.2625],[76.50785,12.25928],[76.50893,12.25896],[76.50913,12.25826],[76.50844,12.25318],[76.50717,12.24912],[76.50833,12.24838],[76.5124,12.24886],[76.51423,12.24852],[76.51744,12.24435],[76.51836,12.23494],[76.51705,12.23077],[76.516,12.20562],[76.51609,12.19847],[76.51448,12.19455],[76.50697,12.18887],[76.50175,12.18136],[76.49762,12.18117],[76.49725,12.19502],[76.49641,12.19524],[76.49734,12.19765],[76.49483,12.19767],[76.49419,12.19642],[76.49134,12.19653],[76.48907,12.19744],[76.48849,12.19708],[76.48841,12.19784],[76.48637,12.1973],[76.48593,12.19775],[76.48331,12.19779],[76.48391,12.1971],[76.4829,12.19574],[76.48089,12.19448],[76.47949,12.19261],[76.47809,12.19271],[76.47582,12.19059],[76.47531,12.19313],[76.47456,12.19276],[76.47437,12.19341],[76.46887,12.18979],[76.46722,12.18941],[76.46026,12.18949],[76.46012,12.18917],[76.46393,12.18684],[76.46255,12.18376],[76.46111,12.18156],[76.4536,12.17624],[76.44317,12.17625],[76.44945,12.17353],[76.44889,12.17441],[76.45918,12.17091],[76.46546,12.17216],[76.46788,12.17213],[76.46825,12.17166],[76.46876,12.1691],[76.46786,12.1669],[76.46924,12.16556],[76.4539,12.16273],[76.45798,12.16071],[76.4615,12.15669],[76.46332,12.15348],[76.46634,12.15397],[76.4701,12.15364],[76.46656,12.14757],[76.46672,12.14624],[76.46623,12.14502],[76.46395,12.14417],[76.46461,12.13818],[76.46562,12.13568],[76.47511,12.1346],[76.47847,12.13506],[76.47854,12.13597],[76.48069,12.1363],[76.48102,12.13784],[76.48223,12.1391],[76.48947,12.15938],[76.48743,12.16905],[76.49494,12.16849],[76.50121,12.15375],[76.50559,12.14684],[76.50743,12.14176],[76.50962,12.14044],[76.51284,12.14014],[76.5147,12.13817],[76.52171,12.13856],[76.52173,12.13945],[76.52338,12.13944],[76.52456,12.14074],[76.52556,12.14814],[76.52993,12.14727],[76.53048,12.14589],[76.53221,12.14671],[76.53487,12.1468],[76.53279,12.13317],[76.53239,12.12725],[76.53132,12.12505],[76.53727,12.12444],[76.53658,12.1182],[76.53673,12.11265],[76.53746,12.11255],[76.53828,12.1104],[76.53589,12.10852],[76.53274,12.10718],[76.53139,12.10524],[76.53006,12.1015],[76.52909,12.10032],[76.52781,12.09981],[76.52137,12.10476],[76.51958,12.10504],[76.51848,12.10491],[76.51437,12.10248],[76.51327,12.10233],[76.50895,12.10386],[76.50256,12.10508],[76.49705,12.10494],[76.49534,12.10445],[76.48743,12.09815],[76.48486,12.09673],[76.48216,12.09575],[76.47355,12.09581],[76.4722,12.09656],[76.47155,12.09804],[76.47163,12.10182],[76.46912,12.1053],[76.46686,12.10955],[76.46343,12.10911],[76.46191,12.10501],[76.46225,12.10429],[76.45969,12.10343],[76.45963,12.10385],[76.45812,12.10394],[76.4576,12.10161],[76.45311,12.09934],[76.45279,12.10099],[76.45314,12.10521],[76.45224,12.10966],[76.45332,12.11634],[76.4511,12.11647],[76.44122,12.11947],[76.43525,12.11841],[76.43431,12.11802],[76.43435,12.11709],[76.43548,12.11474],[76.43646,12.11482],[76.43788,12.11072],[76.4391,12.10475],[76.43918,12.10382],[76.43865,12.10306],[76.43969,12.09553],[76.4413,12.0916],[76.45178,12.09594],[76.4509,12.0934],[76.44848,12.09092],[76.44867,12.08612],[76.44991,12.08585],[76.45014,12.08071],[76.45084,12.07816],[76.44425,12.07721],[76.4366,12.07855],[76.43431,12.07844],[76.43463,12.07537],[76.43356,12.0726],[76.43229,12.06549],[76.42731,12.06245],[76.42741,12.06089],[76.42486,12.0499],[76.41677,12.05099],[76.41282,12.04661],[76.40764,12.04495],[76.40722,12.04371],[76.40329,12.04007],[76.40288,12.03625],[76.40143,12.03614],[76.39864,12.03182],[76.39571,12.03186],[76.39378,12.03306],[76.39077,12.03299],[76.38975,12.03377],[76.38982,12.03326],[76.38768,12.03319],[76.38812,12.03543],[76.38761,12.03683],[76.38452,12.03714],[76.38633,12.04505],[76.3861,12.04802],[76.38665,12.05115],[76.38878,12.05502],[76.38801,12.0568],[76.38799,12.05998],[76.38767,12.05996],[76.38733,12.06125],[76.38679,12.06128],[76.38597,12.06382],[76.385,12.06309],[76.38442,12.0638],[76.38343,12.06592],[76.38295,12.06908],[76.38038,12.06861],[76.37998,12.06998],[76.37541,12.06977],[76.37374,12.0678],[76.3687,12.06825],[76.36713,12.06784],[76.36706,12.06725],[76.36467,12.06717],[76.36345,12.06325],[76.36141,12.06009],[76.35946,12.06035],[76.35959,12.05856],[76.35763,12.05726],[76.3572,12.05407],[76.35616,12.05456],[76.35548,12.0524],[76.35373,12.05252],[76.3542,12.05471],[76.35309,12.0548],[76.35279,12.05203],[76.35347,12.05111],[76.35312,12.0493],[76.35198,12.04578],[76.35103,12.04593],[76.34985,12.04311],[76.34905,12.03934],[76.34908,12.03831],[76.35026,12.03665],[76.35035,12.03577],[76.3491,12.03138],[76.34969,12.02914],[76.34237,12.02922],[76.34298,12.03302],[76.34275,12.03367],[76.34208,12.03354],[76.34218,12.03434],[76.34154,12.03499],[76.33228,12.03729],[76.32384,12.03869],[76.3205,12.03822],[76.31772,12.03976],[76.31602,12.0395],[76.3132,12.03778],[76.3106,12.03707],[76.31021,12.03743],[76.30633,12.03504],[76.3022,12.03466],[76.29779,12.03505],[76.28929,12.0378],[76.28841,12.03764],[76.2885,12.03812],[76.27905,12.03602],[76.28227,12.02172],[76.27771,12.01631],[76.27416,12.01487],[76.27037,12.01486],[76.26965,12.0161],[76.26706,12.01623],[76.26674,12.01679],[76.25774,12.01717],[76.23813,12.01537],[76.22995,12.01826],[76.22147,12.01421],[76.21762,12.00208],[76.20569,11.99293],[76.20914,11.98668],[76.19193,11.97401],[76.13661,11.97478],[76.11004,11.97468],[76.10993,11.97691],[76.11206,11.97679],[76.11519,11.97917],[76.12224,11.97937],[76.13484,11.99302],[76.13697,11.9987],[76.14504,12.00683],[76.1481,12.01523],[76.15802,12.02212],[76.17735,12.02918],[76.18323,12.03581],[76.18587,12.04197],[76.18857,12.05023],[76.18818,12.05196],[76.18456,12.05944],[76.17775,12.06981],[76.1746,12.08172],[76.17639,12.09188],[76.17621,12.10128],[76.17139,12.10865],[76.17047,12.11792],[76.16621,12.12293],[76.1924,12.13442],[76.19933,12.13958],[76.21014,12.14419],[76.22938,12.1534],[76.24466,12.16372],[76.23084,12.18178],[76.24037,12.18663],[76.24863,12.19648],[76.24522,12.20053],[76.24758,12.20271],[76.26706,12.21091],[76.27363,12.20855],[76.27804,12.20259],[76.27968,12.19612],[76.28567,12.19573],[76.28596,12.19451],[76.29545,12.19081],[76.29537,12.19018],[76.3019,12.18914],[76.31007,12.19391],[76.3091,12.20086],[76.31053,12.20054],[76.31248,12.19813],[76.31339,12.19836],[76.31553,12.19717],[76.31889,12.18952],[76.31956,12.18706],[76.3194,12.1864],[76.31833,12.18595],[76.31834,12.1844],[76.31896,12.18395],[76.32043,12.18012],[76.32767,12.18377],[76.33826,12.18445],[76.34778,12.17537],[76.35467,12.17126],[76.35564,12.17141],[76.3607,12.16639],[76.36623,12.15905],[76.37617,12.16151],[76.38764,12.16139],[76.39444,12.16363],[76.40364,12.1659],[76.40089,12.17587],[76.41235,12.17879],[76.42197,12.18185],[76.42334,12.18793],[76.43239,12.18714],[76.43768,12.18724],[76.44012,12.18787],[76.44519,12.19121],[76.43833,12.20909],[76.42082,12.20948],[76.41974,12.21415],[76.42212,12.21734],[76.42287,12.22476],[76.41862,12.23027],[76.4173,12.23104],[76.41803,12.23597],[76.41732,12.23681],[76.41781,12.23716],[76.419,12.23637],[76.42277,12.23868],[76.42762,12.24498],[76.42789,12.25098],[76.42983,12.24951],[76.4323,12.25011],[76.43536,12.25232],[76.43656,12.25455],[76.43581,12.25737],[76.4363,12.26206],[76.43754,12.26319],[76.4386,12.26688],[76.44189,12.26688],[76.44228,12.26961],[76.44402,12.27255],[76.44574,12.27236],[76.44593,12.26726],[76.44511,12.26593],[76.44639,12.26535],[76.44682,12.26598],[76.44629,12.26637],[76.44695,12.26874],[76.44792,12.26897],[76.44766,12.27046],[76.4464,12.27213],[76.44768,12.2724],[76.44844,12.2699],[76.4504,12.26896],[76.45041,12.26812],[76.44959,12.26727],[76.44896,12.26535],[76.45357,12.26469],[76.45756,12.26332],[76.46026,12.2693],[76.46191,12.28282],[76.46365,12.28423],[76.46373,12.28981],[76.46801,12.29021],[76.47186,12.29004],[76.48322,12.28593],[76.48652,12.28312],[76.48558,12.28065],[76.48425,12.26893]],[[76.31499,12.04005],[76.31585,12.03964],[76.31641,12.03989],[76.31499,12.04005]]],[[[76.38199,12.05129],[76.38294,12.04939],[76.38177,12.04755],[76.37804,12.04759],[76.37777,12.04643],[76.37647,12.04627],[76.37659,12.04482],[76.37374,12.04501],[76.37299,12.04419],[76.3729,12.04223],[76.37147,12.04181],[76.37155,12.03996],[76.36842,12.03904],[76.36816,12.04003],[76.36237,12.04104],[76.36256,12.04262],[76.36367,12.0424],[76.36404,12.04296],[76.36514,12.04283],[76.36517,12.04341],[76.367,12.04335],[76.36709,12.04384],[76.36976,12.04412],[76.37142,12.04677],[76.37253,12.04756],[76.37318,12.04934],[76.37608,12.04981],[76.37676,12.0506],[76.3793,12.05062],[76.38199,12.05129]]]]}},{"type":"Feature","properties":{"unitId":625,"unitName":"Saragur PS"},"geometry":{"type":"Polygon","coordinates":[[[76.38011,12.0696],[76.38038,12.06861],[76.38295,12.06908],[76.38343,12.06592],[76.38442,12.0638],[76.385,12.06309],[76.38597,12.06382],[76.38679,12.06128],[76.38733,12.06125],[76.38767,12.05996],[76.38799,12.05998],[76.38801,12.0568],[76.38878,12.05502],[76.38665,12.05115],[76.3861,12.04802],[76.38633,12.04505],[76.38452,12.03714],[76.38761,12.03683],[76.38812,12.03543],[76.38768,12.03319],[76.38982,12.03326],[76.38975,12.03377],[76.39077,12.03299],[76.39378,12.03306],[76.39571,12.03186],[76.39864,12.03182],[76.40143,12.03614],[76.40288,12.03625],[76.40329,12.04007],[76.40722,12.04371],[76.40764,12.04495],[76.41282,12.04661],[76.41677,12.05099],[76.42486,12.0499],[76.42741,12.06089],[76.42731,12.06245],[76.43229,12.06549],[76.43421,12.05878],[76.43837,12.0569],[76.44073,12.0566],[76.44071,12.05451],[76.44331,12.05414],[76.4491,12.05105],[76.45341,12.05974],[76.46044,12.05867],[76.46573,12.06198],[76.46577,12.0614],[76.4678,12.06063],[76.47383,12.05894],[76.47424,12.0582],[76.47088,12.0516],[76.46708,12.04812],[76.46155,12.03988],[76.47881,12.04352],[76.46839,12.03699],[76.4638,12.03317],[76.47665,12.02661],[76.47941,12.027],[76.48009,12.02648],[76.4833,12.0281],[76.48325,12.02881],[76.486,12.02974],[76.48617,12.03078],[76.48737,12.03118],[76.48716,12.03322],[76.49195,12.03356],[76.49671,12.03297],[76.5043,12.03322],[76.50778,12.03253],[76.50734,12.03056],[76.50762,12.02916],[76.50707,12.02789],[76.50491,12.02713],[76.50435,12.02407],[76.50285,12.02259],[76.50063,12.02207],[76.49881,12.01953],[76.5003,12.01765],[76.50217,12.01807],[76.50477,12.01782],[76.50625,12.01648],[76.50644,12.01581],[76.50506,12.01057],[76.50642,12.00684],[76.50506,12.00442],[76.50421,12.00134],[76.50297,12.00047],[76.50205,12.00211],[76.50106,12.00254],[76.49987,12.00281],[76.49837,12.00227],[76.49669,12.00281],[76.48846,11.99823],[76.48767,11.99827],[76.48682,11.99962],[76.48513,12.00025],[76.48366,11.99938],[76.48317,11.99561],[76.48347,11.99316],[76.48497,11.99288],[76.48766,11.99111],[76.49172,11.99154],[76.49151,11.99066],[76.49203,11.9892],[76.49318,11.98941],[76.49324,11.99064],[76.49384,11.9908],[76.49403,11.99194],[76.49578,11.99216],[76.49935,11.98392],[76.50026,11.97433],[76.501,11.97157],[76.49836,11.97161],[76.49339,11.9706],[76.49275,11.96965],[76.49393,11.96892],[76.49323,11.96832],[76.49413,11.96776],[76.49383,11.96737],[76.49446,11.96505],[76.49202,11.96351],[76.49291,11.96197],[76.49238,11.96111],[76.49257,11.95952],[76.49168,11.95921],[76.49012,11.95754],[76.48905,11.95531],[76.48851,11.95302],[76.49027,11.94946],[76.48772,11.94937],[76.48668,11.94748],[76.48566,11.94701],[76.4746,11.94742],[76.47116,11.93428],[76.47215,11.92475],[76.47537,11.93038],[76.48155,11.93845],[76.48287,11.93833],[76.48439,11.9387],[76.48444,11.93931],[76.48505,11.93952],[76.48899,11.94006],[76.48876,11.93798],[76.48989,11.93643],[76.48928,11.93321],[76.48952,11.92437],[76.49172,11.92067],[76.49144,11.91882],[76.48998,11.91838],[76.48955,11.91524],[76.49015,11.9143],[76.49024,11.91278],[76.48973,11.91148],[76.49468,11.90992],[76.50151,11.89978],[76.48828,11.88969],[76.47632,11.88808],[76.47217,11.89383],[76.469,11.89052],[76.46864,11.88877],[76.46793,11.88938],[76.4657,11.88946],[76.46503,11.88659],[76.46435,11.88633],[76.46447,11.88548],[76.46283,11.88547],[76.46272,11.88497],[76.46466,11.87953],[76.47138,11.87924],[76.47999,11.88261],[76.48268,11.87678],[76.48281,11.87309],[76.4768,11.87791],[76.47387,11.87847],[76.46646,11.87492],[76.47742,11.86733],[76.45731,11.86822],[76.45599,11.86872],[76.45785,11.86107],[76.45991,11.86115],[76.46269,11.86008],[76.48695,11.85914],[76.48517,11.8557],[76.48236,11.84283],[76.48586,11.82248],[76.45982,11.82013],[76.4555,11.79652],[76.45443,11.79714],[76.45272,11.79965],[76.44972,11.79938],[76.44689,11.80012],[76.44457,11.79943],[76.44204,11.80035],[76.43954,11.80048],[76.4254,11.80669],[76.42421,11.80702],[76.42234,11.8064],[76.42157,11.80673],[76.42132,11.80767],[76.41651,11.80908],[76.41286,11.81211],[76.41161,11.81194],[76.41081,11.81287],[76.41082,11.81492],[76.41012,11.8149],[76.41008,11.81136],[76.41239,11.80837],[76.42025,11.80512],[76.42146,11.80322],[76.42419,11.80499],[76.42502,11.80506],[76.42576,11.80341],[76.42461,11.80075],[76.42559,11.79929],[76.42762,11.79816],[76.42829,11.79574],[76.42777,11.79462],[76.42622,11.7937],[76.42353,11.79581],[76.42098,11.79647],[76.42006,11.79485],[76.42151,11.79248],[76.42118,11.79192],[76.4181,11.79009],[76.41739,11.79071],[76.41408,11.7907],[76.41063,11.78837],[76.41121,11.7864],[76.41488,11.78455],[76.41359,11.78378],[76.41164,11.78114],[76.41205,11.77884],[76.41555,11.77699],[76.41798,11.77666],[76.42144,11.77753],[76.42244,11.77628],[76.42079,11.77103],[76.41565,11.76775],[76.4144,11.76453],[76.41194,11.76278],[76.41128,11.76116],[76.41219,11.75912],[76.40971,11.7588],[76.40503,11.75666],[76.3994,11.75149],[76.3943,11.75332],[76.39348,11.75472],[76.39047,11.75327],[76.38637,11.74773],[76.37914,11.74434],[76.36682,11.74749],[76.35212,11.73849],[76.35001,11.73979],[76.34039,11.7378],[76.33609,11.74217],[76.33274,11.74365],[76.3306,11.74531],[76.32873,11.74821],[76.32117,11.74999],[76.31922,11.75148],[76.31892,11.7532],[76.31925,11.75362],[76.31719,11.75518],[76.31727,11.75915],[76.31655,11.7614],[76.31417,11.76422],[76.31384,11.76739],[76.31158,11.77446],[76.30493,11.77932],[76.30422,11.78028],[76.29966,11.78242],[76.29579,11.78668],[76.28896,11.79589],[76.28696,11.80012],[76.28105,11.81864],[76.28269,11.82203],[76.28779,11.82624],[76.2983,11.82663],[76.30038,11.82949],[76.30296,11.83105],[76.30449,11.83283],[76.30544,11.83489],[76.30577,11.84645],[76.3088,11.84881],[76.31409,11.85093],[76.31533,11.85205],[76.31821,11.85637],[76.31776,11.85713],[76.31899,11.85855],[76.31923,11.85997],[76.31888,11.86099],[76.3164,11.86535],[76.31721,11.86884],[76.314,11.87103],[76.31251,11.87476],[76.30743,11.87694],[76.30225,11.87999],[76.29983,11.88048],[76.29923,11.88936],[76.30359,11.89663],[76.30946,11.90122],[76.30914,11.90206],[76.32542,11.90331],[76.32522,11.90423],[76.32621,11.9054],[76.32528,11.90548],[76.32489,11.90674],[76.32442,11.90633],[76.32371,11.90648],[76.32347,11.90717],[76.32504,11.90812],[76.32432,11.9087],[76.3248,11.9096],[76.32449,11.91051],[76.3248,11.91127],[76.3257,11.91157],[76.32673,11.91743],[76.33034,11.92036],[76.33568,11.92245],[76.32537,11.9234],[76.32584,11.92665],[76.31946,11.92648],[76.31965,11.92907],[76.31821,11.92989],[76.31768,11.92915],[76.31711,11.92974],[76.31607,11.92948],[76.31446,11.93168],[76.31538,11.93296],[76.31515,11.93409],[76.3162,11.93449],[76.31641,11.93601],[76.31785,11.93581],[76.31677,11.93653],[76.31649,11.93727],[76.31785,11.93968],[76.31711,11.9413],[76.31774,11.9416],[76.3177,11.94262],[76.31871,11.94396],[76.31789,11.94574],[76.31628,11.94518],[76.31554,11.94542],[76.3153,11.94612],[76.31719,11.94953],[76.31673,11.95016],[76.31613,11.94974],[76.31527,11.9503],[76.31458,11.95561],[76.31292,11.95931],[76.3175,11.96538],[76.31986,11.96673],[76.32182,11.96873],[76.32107,11.9791],[76.32247,11.98477],[76.32008,11.98827],[76.32235,11.98959],[76.32518,11.98929],[76.32773,11.98773],[76.33269,11.98356],[76.33812,11.98384],[76.34112,11.98296],[76.35249,11.9735],[76.35532,11.97229],[76.35808,11.97196],[76.35908,11.97232],[76.36214,11.9782],[76.36211,11.97948],[76.35933,11.98541],[76.35905,11.98717],[76.36273,11.99073],[76.36709,11.9917],[76.3711,11.99086],[76.37791,11.99059],[76.38202,11.99067],[76.38755,11.9915],[76.39038,11.99313],[76.39312,11.99587],[76.39356,11.99775],[76.3932,11.99807],[76.38778,12.00064],[76.38429,12.00367],[76.37947,12.00483],[76.37711,12.00427],[76.37471,12.00435],[76.37243,12.00606],[76.37213,12.00856],[76.37247,12.01098],[76.37838,12.01533],[76.38144,12.01948],[76.3823,12.01988],[76.38236,12.02133],[76.38117,12.0216],[76.37987,12.02309],[76.37993,12.02483],[76.37848,12.02561],[76.37807,12.02713],[76.37473,12.0273],[76.3685,12.029],[76.36745,12.02947],[76.36647,12.03105],[76.36561,12.02971],[76.36361,12.03072],[76.36054,12.03059],[76.35595,12.03181],[76.35026,12.03665],[76.34908,12.03831],[76.34985,12.04311],[76.35103,12.04593],[76.35198,12.04578],[76.35312,12.0493],[76.35347,12.05111],[76.35279,12.05203],[76.35309,12.0548],[76.3542,12.05471],[76.35373,12.05252],[76.35548,12.0524],[76.35616,12.05456],[76.3572,12.05407],[76.35763,12.05726],[76.35959,12.05856],[76.35946,12.06035],[76.36141,12.06009],[76.36345,12.06325],[76.36467,12.06717],[76.36706,12.06725],[76.36713,12.06784],[76.3687,12.06825],[76.37374,12.0678],[76.37541,12.06977],[76.37829,12.07007],[76.37998,12.06998],[76.38011,12.0696]],[[76.3793,12.05062],[76.37676,12.0506],[76.37608,12.04981],[76.37318,12.04934],[76.37253,12.04756],[76.37142,12.04677],[76.36976,12.04412],[76.36709,12.04384],[76.367,12.04335],[76.36517,12.04341],[76.36514,12.04283],[76.36404,12.04296],[76.36367,12.0424],[76.36256,12.04262],[76.36237,12.04104],[76.36816,12.04003],[76.36842,12.03904],[76.37155,12.03996],[76.37147,12.04181],[76.3729,12.04223],[76.37299,12.04419],[76.37374,12.04501],[76.37659,12.04482],[76.37647,12.04627],[76.37777,12.04643],[76.37804,12.04759],[76.38177,12.04755],[76.38294,12.04939],[76.38199,12.05129],[76.3793,12.05062]],[[76.32451,11.9525],[76.328,11.95293],[76.33247,11.95459],[76.33166,11.95662],[76.33149,11.95944],[76.32807,11.95898],[76.32617,11.95487],[76.32451,11.9525]]]}},{"type":"Feature","properties":{"unitId":626,"unitName":"Bilikere PS"},"geometry":{"type":"MultiPolygon","coordinates":[[[[76.33576,12.368],[76.33771,12.36734],[76.33808,12.36826],[76.33917,12.38083],[76.34218,12.38002],[76.34342,12.3783],[76.34702,12.37548],[76.34883,12.37204],[76.35111,12.37275],[76.35332,12.37505],[76.35463,12.37444],[76.35479,12.37651],[76.35808,12.37678],[76.35825,12.37722],[76.35918,12.37734],[76.35914,12.37793],[76.36056,12.37803],[76.36099,12.38109],[76.36001,12.38133],[76.35996,12.38387],[76.35934,12.3839],[76.35953,12.3854],[76.35531,12.38521],[76.35357,12.38551],[76.35266,12.38661],[76.35112,12.38634],[76.35115,12.38749],[76.35073,12.38715],[76.34833,12.38773],[76.3481,12.38726],[76.34847,12.3898],[76.34733,12.3898],[76.34741,12.39073],[76.34776,12.39299],[76.34886,12.39285],[76.34918,12.39545],[76.34692,12.39561],[76.34457,12.39679],[76.34428,12.39827],[76.34472,12.40088],[76.34072,12.40173],[76.33656,12.40163],[76.3334,12.40087],[76.33218,12.40161],[76.3306,12.40177],[76.3288,12.40492],[76.32921,12.40748],[76.32485,12.41258],[76.32698,12.41158],[76.32931,12.41137],[76.33274,12.41158],[76.33399,12.41115],[76.33732,12.41155],[76.34111,12.40993],[76.3434,12.41011],[76.3436,12.40894],[76.34518,12.40936],[76.34511,12.40874],[76.34628,12.40858],[76.34644,12.40922],[76.3481,12.40889],[76.34952,12.40831],[76.35008,12.40708],[76.35381,12.40749],[76.35477,12.40714],[76.35566,12.4075],[76.35691,12.41001],[76.35814,12.40979],[76.3592,12.41415],[76.36259,12.41576],[76.36241,12.41721],[76.36367,12.41718],[76.36401,12.41779],[76.36903,12.4174],[76.37732,12.41495],[76.37761,12.41413],[76.38113,12.4129],[76.38144,12.40993],[76.38203,12.40974],[76.3819,12.40816],[76.38289,12.40469],[76.38242,12.40465],[76.38231,12.40283],[76.38625,12.4021],[76.38642,12.40147],[76.38946,12.39958],[76.39069,12.39802],[76.39442,12.396],[76.3975,12.39636],[76.40365,12.39555],[76.40379,12.39598],[76.41121,12.39579],[76.41369,12.39545],[76.41568,12.39453],[76.41769,12.39505],[76.41756,12.39458],[76.42068,12.39448],[76.42166,12.39491],[76.42545,12.39435],[76.4261,12.39487],[76.43568,12.39455],[76.43585,12.39387],[76.43657,12.39359],[76.43778,12.39624],[76.43967,12.39679],[76.44052,12.39837],[76.43947,12.40147],[76.43699,12.40245],[76.43649,12.40456],[76.43662,12.40718],[76.4399,12.41072],[76.44274,12.41283],[76.44339,12.4156],[76.4429,12.41895],[76.44511,12.41971],[76.44696,12.41901],[76.4506,12.41642],[76.45255,12.41247],[76.45401,12.41151],[76.45753,12.41114],[76.46069,12.41172],[76.46783,12.41111],[76.4668,12.41084],[76.46658,12.40952],[76.46753,12.40311],[76.46682,12.3988],[76.46631,12.39874],[76.46609,12.39437],[76.46331,12.39412],[76.46303,12.39158],[76.46582,12.39116],[76.46743,12.38737],[76.46805,12.38187],[76.47365,12.38048],[76.48155,12.37638],[76.48428,12.37563],[76.48994,12.37506],[76.49027,12.37106],[76.48974,12.36532],[76.49271,12.35921],[76.50064,12.36017],[76.50622,12.35969],[76.50932,12.36006],[76.51485,12.35869],[76.51596,12.35595],[76.51827,12.3539],[76.51683,12.35368],[76.51487,12.35244],[76.50733,12.34466],[76.50501,12.33697],[76.50195,12.3299],[76.50098,12.32247],[76.49874,12.32],[76.494,12.30809],[76.49203,12.30242],[76.4917,12.29848],[76.48609,12.28349],[76.48322,12.28593],[76.47186,12.29004],[76.46373,12.28981],[76.46365,12.28423],[76.46191,12.28282],[76.46026,12.2693],[76.45756,12.26332],[76.45357,12.26469],[76.44896,12.26535],[76.44959,12.26727],[76.45041,12.26812],[76.4504,12.26896],[76.44844,12.2699],[76.44768,12.2724],[76.4464,12.27213],[76.44766,12.27046],[76.44792,12.26897],[76.44695,12.26874],[76.44629,12.26637],[76.44682,12.26598],[76.44639,12.26535],[76.44511,12.26593],[76.44593,12.26726],[76.44574,12.27236],[76.44402,12.27255],[76.44228,12.26961],[76.44189,12.26688],[76.4386,12.26688],[76.43754,12.26319],[76.4363,12.26206],[76.43581,12.25737],[76.43656,12.25455],[76.43536,12.25232],[76.4323,12.25011],[76.42983,12.24951],[76.42789,12.25098],[76.42762,12.24498],[76.42277,12.23868],[76.419,12.23637],[76.41781,12.23716],[76.41732,12.23681],[76.41803,12.23597],[76.4173,12.23104],[76.41862,12.23027],[76.42287,12.22476],[76.42212,12.21734],[76.41974,12.21415],[76.42082,12.20948],[76.43833,12.20909],[76.44519,12.19121],[76.44012,12.18787],[76.43768,12.18724],[76.43239,12.18714],[76.42334,12.18793],[76.42197,12.18185],[76.41235,12.17879],[76.40009,12.17565],[76.39725,12.17581],[76.39784,12.17817],[76.39696,12.1814],[76.396,12.18289],[76.39224,12.18342],[76.38986,12.18478],[76.38654,12.18421],[76.38613,12.18467],[76.38621,12.18627],[76.38409,12.1861],[76.38379,12.18538],[76.3843,12.18436],[76.38472,12.18412],[76.38525,12.18458],[76.38587,12.18407],[76.38258,12.18339],[76.38007,12.18756],[76.37889,12.18762],[76.37865,12.18841],[76.37803,12.18864],[76.38147,12.17121],[76.38581,12.16127],[76.37617,12.16151],[76.36623,12.15905],[76.3607,12.16639],[76.35564,12.17141],[76.35467,12.17126],[76.34778,12.17537],[76.33823,12.18409],[76.33958,12.19618],[76.35268,12.19572],[76.35877,12.20043],[76.35782,12.20124],[76.35826,12.20165],[76.35734,12.21016],[76.35881,12.21875],[76.35799,12.22122],[76.35822,12.22272],[76.35624,12.22784],[76.35831,12.22774],[76.35805,12.22978],[76.35938,12.23037],[76.35911,12.23108],[76.35962,12.23521],[76.35802,12.23514],[76.35468,12.23928],[76.35571,12.24083],[76.34829,12.2396],[76.34537,12.23589],[76.34688,12.23367],[76.34572,12.23303],[76.34556,12.23086],[76.3446,12.23042],[76.34384,12.22719],[76.34432,12.22339],[76.34222,12.22411],[76.34065,12.22543],[76.34013,12.22662],[76.33831,12.22735],[76.33974,12.24012],[76.33607,12.2437],[76.33164,12.25301],[76.33033,12.25488],[76.32955,12.25494],[76.32802,12.25733],[76.31923,12.26315],[76.31925,12.26382],[76.31197,12.26793],[76.31112,12.26792],[76.30454,12.28356],[76.31657,12.28672],[76.31547,12.29497],[76.32091,12.29811],[76.32436,12.29797],[76.32479,12.29775],[76.32474,12.29697],[76.3264,12.29684],[76.3265,12.29628],[76.3285,12.29477],[76.33128,12.29429],[76.33837,12.29758],[76.33518,12.31054],[76.33526,12.31296],[76.33979,12.31287],[76.33993,12.3136],[76.34467,12.31377],[76.34805,12.31472],[76.34684,12.31791],[76.34945,12.31894],[76.34938,12.31961],[76.34983,12.31995],[76.34932,12.32306],[76.34972,12.32311],[76.34933,12.3272],[76.34964,12.3274],[76.3491,12.33088],[76.34553,12.33008],[76.3434,12.33069],[76.33549,12.32967],[76.33391,12.32998],[76.33344,12.32866],[76.33142,12.32918],[76.33046,12.32731],[76.32897,12.32675],[76.32939,12.32519],[76.32471,12.32374],[76.32416,12.32416],[76.32273,12.32832],[76.32119,12.33086],[76.31936,12.33028],[76.31827,12.33204],[76.31598,12.3328],[76.31387,12.33145],[76.31337,12.33057],[76.31127,12.33186],[76.31048,12.33366],[76.3128,12.34035],[76.3151,12.34182],[76.32,12.34173],[76.32202,12.34277],[76.32527,12.34337],[76.32795,12.34507],[76.3319,12.34331],[76.33308,12.3417],[76.33485,12.34055],[76.33637,12.34087],[76.33891,12.34452],[76.34194,12.34681],[76.34591,12.34584],[76.34587,12.34476],[76.34615,12.34598],[76.34711,12.3467],[76.34711,12.35053],[76.34642,12.35286],[76.34121,12.35359],[76.33963,12.35448],[76.33928,12.35665],[76.3386,12.35722],[76.33609,12.3564],[76.33546,12.35691],[76.33449,12.35626],[76.33399,12.35663],[76.33315,12.35743],[76.33461,12.35822],[76.33535,12.36007],[76.3351,12.36097],[76.33295,12.36285],[76.32974,12.36408],[76.32855,12.36343],[76.32709,12.36367],[76.32458,12.36324],[76.32716,12.36445],[76.32744,12.36962],[76.33126,12.37076],[76.33179,12.37055],[76.33192,12.37198],[76.3329,12.37187],[76.33251,12.37389],[76.33444,12.37421],[76.33429,12.37194],[76.33527,12.37178],[76.33502,12.3702],[76.33609,12.37023],[76.33576,12.368],[76.33398,12.36802],[76.33278,12.36892],[76.33091,12.36892],[76.33101,12.36711],[76.3303,12.36665],[76.33042,12.36437],[76.33189,12.36413],[76.33234,12.36502],[76.33407,12.36485],[76.3344,12.3666],[76.33589,12.3672],[76.33576,12.368]]],[[[76.29483,12.21987],[76.29709,12.21998],[76.2973,12.2193],[76.29954,12.21946],[76.30032,12.21792],[76.30031,12.21514],[76.30126,12.215],[76.30121,12.21449],[76.31436,12.21309],[76.32231,12.21403],[76.32988,12.20333],[76.34051,12.20234],[76.32777,12.18886],[76.32541,12.18756],[76.3194,12.1864],[76.31889,12.18952],[76.31553,12.19717],[76.31339,12.19836],[76.31248,12.19813],[76.31187,12.19859],[76.31053,12.20054],[76.30925,12.20077],[76.30919,12.20236],[76.30867,12.20326],[76.30538,12.20496],[76.30384,12.20489],[76.30324,12.20717],[76.29895,12.20993],[76.29826,12.21433],[76.29675,12.21522],[76.29526,12.21509],[76.29456,12.21598],[76.29597,12.21837],[76.29483,12.21987]]],[[[76.31351,12.36415],[76.3158,12.36561],[76.31647,12.36507],[76.31533,12.36378],[76.31557,12.36243],[76.31783,12.36234],[76.31824,12.36091],[76.32002,12.361],[76.32074,12.35992],[76.32302,12.35836],[76.32608,12.35818],[76.32617,12.36274],[76.32865,12.36284],[76.33114,12.36106],[76.33159,12.35964],[76.33006,12.35753],[76.32834,12.35615],[76.33059,12.35487],[76.33051,12.35317],[76.33163,12.35384],[76.33279,12.35579],[76.3365,12.35512],[76.33796,12.35093],[76.33892,12.35224],[76.3429,12.35282],[76.34462,12.35162],[76.34434,12.34914],[76.3432,12.34783],[76.34102,12.34757],[76.33786,12.34529],[76.33661,12.34524],[76.33507,12.34316],[76.33408,12.34268],[76.33282,12.34327],[76.33211,12.34464],[76.33108,12.34422],[76.33061,12.34459],[76.33107,12.34614],[76.32931,12.34615],[76.32826,12.34548],[76.32664,12.34613],[76.32615,12.34583],[76.32623,12.34615],[76.32443,12.34662],[76.3224,12.34866],[76.32376,12.34391],[76.32301,12.34314],[76.32201,12.34304],[76.32045,12.34427],[76.31879,12.34296],[76.31696,12.34345],[76.31442,12.3457],[76.31466,12.34642],[76.31371,12.34777],[76.31281,12.35112],[76.3108,12.35076],[76.30907,12.35147],[76.30786,12.3514],[76.30759,12.35556],[76.3073,12.35682],[76.30675,12.35681],[76.30638,12.35913],[76.30701,12.36003],[76.3088,12.35994],[76.31164,12.36295],[76.31319,12.36285],[76.31387,12.36424],[76.31351,12.36415]]],[[[76.28626,12.27445],[76.28702,12.27576],[76.28836,12.27642],[76.28832,12.27494],[76.28977,12.27217],[76.29059,12.27092],[76.29235,12.27011],[76.29427,12.2712],[76.29496,12.27514],[76.29557,12.27489],[76.29722,12.27044],[76.29524,12.26759],[76.29536,12.26572],[76.29623,12.26404],[76.29549,12.2626],[76.29823,12.25963],[76.29923,12.26053],[76.30069,12.26669],[76.30194,12.26645],[76.30262,12.2669],[76.30241,12.26551],[76.30418,12.26545],[76.30471,12.2644],[76.30396,12.26469],[76.30263,12.26369],[76.30188,12.25941],[76.30229,12.25942],[76.30029,12.25664],[76.2997,12.25649],[76.30002,12.25511],[76.29859,12.25573],[76.29783,12.25714],[76.29634,12.25815],[76.29386,12.25741],[76.29266,12.25778],[76.29202,12.2589],[76.29217,12.25984],[76.29434,12.26026],[76.29364,12.26079],[76.29309,12.26342],[76.29393,12.26408],[76.29334,12.26494],[76.29368,12.26802],[76.29217,12.26782],[76.28985,12.2708],[76.28833,12.27339],[76.28814,12.27614],[76.28738,12.27535],[76.28761,12.27379],[76.29114,12.26731],[76.29188,12.26708],[76.2916,12.26256],[76.2908,12.26203],[76.28865,12.26193],[76.28711,12.26288],[76.2869,12.26354],[76.28635,12.26351],[76.28492,12.26618],[76.28252,12.26686],[76.28149,12.26818],[76.28156,12.26613],[76.28322,12.2659],[76.28319,12.26539],[76.28446,12.26498],[76.28525,12.26308],[76.28577,12.26318],[76.28569,12.26247],[76.28677,12.26232],[76.28687,12.26094],[76.29028,12.26099],[76.2909,12.26052],[76.28779,12.26031],[76.28747,12.25937],[76.28872,12.25984],[76.28944,12.25935],[76.2858,12.25837],[76.28476,12.25853],[76.28463,12.26045],[76.28274,12.26431],[76.28211,12.26502],[76.28006,12.26581],[76.28071,12.26731],[76.28049,12.26826],[76.28126,12.2696],[76.28371,12.26735],[76.28543,12.26756],[76.28703,12.26555],[76.28845,12.26503],[76.2892,12.26539],[76.28907,12.26711],[76.28759,12.2684],[76.28712,12.27304],[76.28626,12.27445]]],[[[76.28465,12.25603],[76.28619,12.25411],[76.28875,12.2543],[76.28875,12.25354],[76.28804,12.25345],[76.28749,12.25268],[76.28646,12.25268],[76.28489,12.25459],[76.28386,12.2542],[76.28407,12.25314],[76.28254,12.25335],[76.28253,12.25247],[76.2813,12.25236],[76.28019,12.25283],[76.27708,12.25131],[76.28502,12.25214],[76.28661,12.25111],[76.28641,12.25076],[76.28952,12.25112],[76.28999,12.25043],[76.29095,12.25026],[76.28977,12.25257],[76.29397,12.25289],[76.29448,12.25283],[76.29472,12.24977],[76.2926,12.24975],[76.29032,12.2489],[76.28942,12.24917],[76.28832,12.24838],[76.28869,12.24745],[76.28987,12.24748],[76.29026,12.24597],[76.28857,12.24581],[76.28845,12.24651],[76.28765,12.24647],[76.28692,12.24591],[76.28713,12.24503],[76.28378,12.24473],[76.28393,12.24365],[76.2804,12.24365],[76.28045,12.24245],[76.2789,12.24097],[76.27857,12.23803],[76.27738,12.23784],[76.27741,12.23967],[76.27558,12.24215],[76.27595,12.243],[76.27764,12.24368],[76.27757,12.24592],[76.27865,12.24607],[76.27949,12.24544],[76.28168,12.24509],[76.28399,12.24618],[76.28442,12.24782],[76.28305,12.24992],[76.27946,12.25034],[76.27777,12.24968],[76.27722,12.24977],[76.27684,12.25076],[76.27532,12.25084],[76.27665,12.25338],[76.27845,12.25298],[76.28108,12.25494],[76.28078,12.25732],[76.2795,12.25916],[76.27973,12.26035],[76.28443,12.25823],[76.28411,12.25701],[76.28465,12.25603]]],[[[76.29805,12.23001],[76.29789,12.2289],[76.29585,12.22904],[76.29523,12.2296],[76.29621,12.23064],[76.29543,12.23147],[76.29906,12.23147],[76.29805,12.23001]]],[[[76.33513,12.37672],[76.33551,12.37676],[76.33564,12.37779],[76.33759,12.3777],[76.33768,12.37436],[76.33593,12.37423],[76.33594,12.37485],[76.3351,12.37513],[76.33513,12.37672]]],[[[76.33038,12.18408],[76.32825,12.1838],[76.3283,12.18606],[76.33039,12.18629],[76.33076,12.18549],[76.33038,12.18408]]],[[[76.29511,12.22801],[76.29479,12.22747],[76.29352,12.22789],[76.29415,12.22905],[76.29538,12.22852],[76.29511,12.22801]]],[[[76.29128,12.23432],[76.29102,12.23371],[76.29028,12.23407],[76.2911,12.23486],[76.2915,12.23463],[76.29128,12.23432]]]]}},{"type":"Feature","properties":{"unitId":627,"unitName":"Hunusur Rural PS"},"geometry":{"type":"MultiPolygon","coordinates":[[[[76.33576,12.368],[76.33609,12.37023],[76.33502,12.3702],[76.33527,12.37178],[76.33429,12.37194],[76.33444,12.37421],[76.33251,12.37389],[76.3329,12.37187],[76.33192,12.37198],[76.33179,12.37055],[76.33126,12.37076],[76.32744,12.36962],[76.32716,12.36445],[76.32447,12.36351],[76.32546,12.36322],[76.32489,12.36237],[76.32533,12.36214],[76.32617,12.36281],[76.32608,12.35818],[76.32302,12.35836],[76.32074,12.35992],[76.32002,12.361],[76.31824,12.36091],[76.31783,12.36234],[76.31557,12.36243],[76.31533,12.36378],[76.31647,12.36507],[76.3158,12.36561],[76.31535,12.36503],[76.3136,12.36445],[76.31387,12.36424],[76.31319,12.36285],[76.31164,12.36295],[76.3092,12.36019],[76.3075,12.3603],[76.30638,12.35913],[76.30675,12.35681],[76.3073,12.35682],[76.30759,12.35556],[76.30786,12.3514],[76.30907,12.35147],[76.3108,12.35076],[76.31281,12.35112],[76.31371,12.34777],[76.31466,12.34642],[76.31471,12.34589],[76.31404,12.34568],[76.31492,12.3417],[76.31312,12.34146],[76.31117,12.34213],[76.31246,12.34011],[76.31225,12.33959],[76.31131,12.33851],[76.30918,12.33846],[76.31066,12.33577],[76.31021,12.33519],[76.3104,12.33327],[76.30998,12.3325],[76.31179,12.33094],[76.31049,12.32872],[76.30892,12.32833],[76.30805,12.32892],[76.30241,12.33588],[76.29941,12.33721],[76.29892,12.33799],[76.29855,12.33988],[76.30002,12.34137],[76.30083,12.34321],[76.3007,12.34417],[76.29917,12.34809],[76.2996,12.34883],[76.29923,12.35014],[76.2971,12.35042],[76.29317,12.34865],[76.29103,12.34867],[76.29019,12.34758],[76.29068,12.34772],[76.29019,12.34656],[76.28705,12.34612],[76.28607,12.34528],[76.28571,12.34368],[76.28605,12.34389],[76.2883,12.34186],[76.28845,12.34057],[76.28487,12.33677],[76.28435,12.33472],[76.28563,12.33176],[76.28538,12.32924],[76.28884,12.32783],[76.28816,12.32766],[76.28795,12.32684],[76.28679,12.32705],[76.28653,12.3265],[76.28535,12.32617],[76.28477,12.32668],[76.28022,12.32395],[76.27943,12.32387],[76.27673,12.32507],[76.27126,12.32278],[76.27128,12.32201],[76.26941,12.32158],[76.26533,12.32116],[76.26223,12.32144],[76.26099,12.31747],[76.26587,12.3183],[76.26748,12.31799],[76.26799,12.31742],[76.2705,12.31712],[76.2704,12.31618],[76.27201,12.31571],[76.2729,12.31623],[76.27452,12.31455],[76.27508,12.31295],[76.27481,12.31153],[76.27326,12.31216],[76.27258,12.31051],[76.27503,12.30951],[76.27511,12.30775],[76.27721,12.3074],[76.27776,12.30596],[76.2747,12.30004],[76.27278,12.29931],[76.27205,12.2984],[76.27171,12.2972],[76.27216,12.29548],[76.27369,12.29476],[76.276,12.29463],[76.27631,12.29377],[76.27305,12.29052],[76.2732,12.28995],[76.27433,12.28974],[76.27443,12.29048],[76.27683,12.29344],[76.27655,12.29552],[76.27886,12.29461],[76.27778,12.29305],[76.27784,12.29226],[76.28055,12.28945],[76.28247,12.28569],[76.28201,12.28426],[76.28274,12.28125],[76.28248,12.27845],[76.29819,12.27662],[76.29448,12.28531],[76.2945,12.28676],[76.2953,12.2868],[76.29604,12.28824],[76.29587,12.29008],[76.29533,12.291],[76.295,12.29065],[76.29294,12.2916],[76.29326,12.29299],[76.29197,12.29322],[76.29182,12.29492],[76.28889,12.29545],[76.28878,12.29721],[76.2881,12.29765],[76.28887,12.30058],[76.28745,12.30052],[76.28687,12.30404],[76.28545,12.30618],[76.28624,12.30999],[76.28598,12.31315],[76.28636,12.31397],[76.28955,12.31552],[76.2923,12.31492],[76.29385,12.31506],[76.29466,12.31555],[76.29507,12.31703],[76.29583,12.31743],[76.29654,12.31676],[76.30223,12.31739],[76.30307,12.31558],[76.30382,12.31539],[76.30602,12.31639],[76.30741,12.31424],[76.30753,12.31241],[76.30923,12.30793],[76.31012,12.30803],[76.31081,12.306],[76.31261,12.30559],[76.31678,12.30736],[76.3184,12.30741],[76.31916,12.30837],[76.32231,12.3094],[76.32294,12.31106],[76.32409,12.31238],[76.32395,12.31532],[76.32511,12.31691],[76.32799,12.31714],[76.32908,12.3183],[76.33033,12.31868],[76.33022,12.32199],[76.32894,12.32508],[76.32939,12.32519],[76.32897,12.32675],[76.33046,12.32731],[76.33142,12.32918],[76.33344,12.32866],[76.33391,12.32998],[76.33549,12.32967],[76.3434,12.33069],[76.34553,12.33008],[76.3491,12.33088],[76.34964,12.3274],[76.34933,12.3272],[76.34972,12.32311],[76.34932,12.32306],[76.34983,12.31995],[76.34938,12.31961],[76.34945,12.31894],[76.34684,12.31791],[76.34805,12.31472],[76.34467,12.31377],[76.33993,12.3136],[76.33979,12.31287],[76.33526,12.31296],[76.33518,12.31054],[76.33837,12.29758],[76.33128,12.29429],[76.3285,12.29477],[76.3265,12.29628],[76.3264,12.29684],[76.32474,12.29697],[76.32479,12.29775],[76.32436,12.29797],[76.32091,12.29811],[76.31547,12.29497],[76.31657,12.28672],[76.30454,12.28356],[76.31112,12.26792],[76.31197,12.26793],[76.31925,12.26382],[76.31923,12.26315],[76.32802,12.25733],[76.32955,12.25494],[76.33033,12.25488],[76.33164,12.25301],[76.33607,12.2437],[76.33974,12.24012],[76.33831,12.22735],[76.34013,12.22662],[76.34065,12.22543],[76.34222,12.22411],[76.34432,12.22339],[76.34384,12.22719],[76.3446,12.23042],[76.34556,12.23086],[76.34572,12.23303],[76.34688,12.23367],[76.34537,12.23589],[76.34829,12.2396],[76.35571,12.24083],[76.35468,12.23928],[76.35802,12.23514],[76.35962,12.23521],[76.35911,12.23108],[76.35938,12.23037],[76.35805,12.22978],[76.35831,12.22774],[76.35624,12.22784],[76.35822,12.22272],[76.35799,12.22122],[76.35881,12.21875],[76.35734,12.21016],[76.35826,12.20165],[76.35782,12.20124],[76.35877,12.20043],[76.35268,12.19572],[76.33958,12.19618],[76.33844,12.18445],[76.33038,12.18408],[76.33076,12.18549],[76.33039,12.18629],[76.3283,12.18606],[76.32825,12.18383],[76.32645,12.18334],[76.32043,12.18012],[76.31896,12.18395],[76.31834,12.1844],[76.31833,12.18595],[76.32541,12.18756],[76.32777,12.18886],[76.34051,12.20234],[76.32988,12.20333],[76.32231,12.21403],[76.31436,12.21309],[76.30121,12.21449],[76.30126,12.215],[76.30031,12.21514],[76.30032,12.21792],[76.29954,12.21946],[76.2973,12.2193],[76.29709,12.21998],[76.29483,12.21987],[76.29597,12.21837],[76.29456,12.21598],[76.29526,12.21509],[76.29675,12.21522],[76.29826,12.21433],[76.29895,12.20993],[76.30324,12.20717],[76.30384,12.20489],[76.30538,12.20496],[76.30711,12.20374],[76.30822,12.20364],[76.30919,12.20236],[76.30911,12.20019],[76.31007,12.19391],[76.3019,12.18914],[76.29537,12.19018],[76.29545,12.19081],[76.28596,12.19451],[76.28567,12.19573],[76.27968,12.19612],[76.27804,12.20259],[76.27363,12.20855],[76.2668,12.21087],[76.24758,12.20271],[76.24522,12.20053],[76.24863,12.19648],[76.24037,12.18663],[76.23084,12.18178],[76.24466,12.16372],[76.22938,12.1534],[76.21014,12.14419],[76.19933,12.13958],[76.1924,12.13442],[76.16621,12.12293],[76.16598,12.12449],[76.16368,12.12885],[76.16279,12.13193],[76.16148,12.13368],[76.16134,12.13477],[76.15662,12.137],[76.15425,12.14014],[76.15303,12.1407],[76.15076,12.14315],[76.14884,12.14695],[76.14914,12.14775],[76.14854,12.14924],[76.14565,12.15266],[76.14326,12.15697],[76.1414,12.16842],[76.13875,12.17088],[76.13632,12.17658],[76.13504,12.18217],[76.13556,12.18404],[76.13493,12.1882],[76.13747,12.1889],[76.13389,12.1923],[76.12997,12.20004],[76.13542,12.20096],[76.13322,12.20437],[76.11802,12.21206],[76.11103,12.21659],[76.10449,12.22301],[76.09977,12.22468],[76.10334,12.23122],[76.10581,12.23131],[76.10593,12.23361],[76.12194,12.24452],[76.11908,12.24784],[76.12302,12.25909],[76.12756,12.25978],[76.13165,12.26451],[76.13367,12.26437],[76.14044,12.26847],[76.14162,12.26722],[76.1437,12.2748],[76.14969,12.27421],[76.15619,12.27754],[76.15501,12.28533],[76.15436,12.28659],[76.15535,12.29371],[76.15632,12.29674],[76.15999,12.30056],[76.16021,12.30178],[76.15981,12.30181],[76.15927,12.30401],[76.15774,12.30532],[76.15766,12.30734],[76.15318,12.30927],[76.15373,12.31064],[76.15305,12.31066],[76.15647,12.31638],[76.15637,12.31844],[76.15688,12.31988],[76.15654,12.3212],[76.15571,12.32208],[76.15738,12.32365],[76.15747,12.326],[76.15927,12.32659],[76.15981,12.32759],[76.16042,12.32748],[76.16052,12.32691],[76.1613,12.32689],[76.16087,12.32871],[76.16206,12.32861],[76.16216,12.3292],[76.16281,12.32881],[76.16332,12.32967],[76.16471,12.32875],[76.1654,12.32931],[76.16911,12.32907],[76.17032,12.3283],[76.17237,12.32456],[76.17235,12.32276],[76.17381,12.32292],[76.17435,12.32121],[76.17639,12.32146],[76.17718,12.32049],[76.17809,12.32106],[76.18148,12.32011],[76.18198,12.32222],[76.18296,12.32208],[76.18416,12.32404],[76.18155,12.32502],[76.18037,12.32663],[76.18027,12.32953],[76.18189,12.33261],[76.18073,12.33283],[76.18078,12.33348],[76.17951,12.33376],[76.17932,12.33508],[76.18019,12.33517],[76.17973,12.33603],[76.17681,12.33536],[76.1766,12.33745],[76.17551,12.33814],[76.1748,12.33751],[76.17254,12.33787],[76.17092,12.34031],[76.16878,12.34065],[76.16872,12.34115],[76.16604,12.34189],[76.165,12.34301],[76.16424,12.34646],[76.16377,12.35422],[76.16952,12.35652],[76.17109,12.35657],[76.17117,12.35713],[76.1719,12.35722],[76.17375,12.35659],[76.1753,12.3567],[76.17587,12.35723],[76.17805,12.35642],[76.17854,12.35529],[76.18042,12.35616],[76.17994,12.35715],[76.1801,12.36005],[76.18105,12.36024],[76.18402,12.36612],[76.18409,12.36737],[76.18298,12.37026],[76.18425,12.37047],[76.19056,12.37486],[76.19658,12.37628],[76.20274,12.37355],[76.20932,12.36519],[76.21003,12.36991],[76.21547,12.3698],[76.21574,12.36923],[76.21713,12.36906],[76.21743,12.37046],[76.21928,12.37075],[76.21889,12.36971],[76.22747,12.37154],[76.22919,12.37438],[76.23566,12.37493],[76.23639,12.37727],[76.24101,12.37924],[76.24499,12.38304],[76.24356,12.38887],[76.24235,12.38994],[76.24106,12.39017],[76.23945,12.39028],[76.23791,12.38973],[76.23687,12.39101],[76.23514,12.39199],[76.23511,12.39267],[76.23672,12.39332],[76.24392,12.39472],[76.2422,12.39693],[76.23974,12.39925],[76.23248,12.39973],[76.23084,12.40073],[76.22982,12.40076],[76.22968,12.40205],[76.22839,12.40207],[76.22794,12.40344],[76.2252,12.40343],[76.22497,12.40534],[76.22246,12.40836],[76.22004,12.41008],[76.2166,12.41134],[76.21649,12.41213],[76.21546,12.41229],[76.21572,12.41509],[76.21358,12.41747],[76.21485,12.4184],[76.21436,12.42147],[76.21534,12.42257],[76.21976,12.42301],[76.22377,12.42275],[76.22512,12.42213],[76.233,12.42216],[76.23292,12.42338],[76.23461,12.42355],[76.23454,12.4251],[76.23566,12.42525],[76.23567,12.42609],[76.23712,12.42673],[76.23818,12.42663],[76.23864,12.42485],[76.2415,12.42497],[76.24522,12.42387],[76.25087,12.42483],[76.25372,12.4263],[76.25775,12.42653],[76.25819,12.42622],[76.2584,12.42476],[76.25884,12.42475],[76.25946,12.42103],[76.26139,12.4212],[76.26145,12.4205],[76.26529,12.42054],[76.27139,12.41937],[76.27206,12.41989],[76.2749,12.41377],[76.27937,12.41308],[76.27921,12.41026],[76.28715,12.41108],[76.28854,12.4126],[76.29658,12.40725],[76.30084,12.40617],[76.30517,12.40189],[76.30635,12.39913],[76.31072,12.40008],[76.31058,12.40069],[76.31131,12.40069],[76.31062,12.40398],[76.30912,12.40405],[76.30915,12.40468],[76.3095,12.40576],[76.31052,12.40668],[76.31052,12.40847],[76.31214,12.40918],[76.31266,12.41397],[76.31512,12.42166],[76.31847,12.4202],[76.31915,12.42076],[76.32107,12.41995],[76.32693,12.41908],[76.32673,12.41958],[76.32861,12.42444],[76.3266,12.42582],[76.32675,12.42625],[76.32834,12.42584],[76.32912,12.4288],[76.33159,12.42854],[76.33619,12.42899],[76.34566,12.42692],[76.34975,12.42695],[76.3583,12.42528],[76.35859,12.4223],[76.36065,12.42283],[76.36201,12.42267],[76.36209,12.42144],[76.36302,12.4209],[76.36313,12.41892],[76.36381,12.41891],[76.36401,12.41776],[76.36367,12.41718],[76.36241,12.41721],[76.36259,12.41576],[76.3592,12.41415],[76.35814,12.40979],[76.35691,12.41001],[76.3565,12.40865],[76.35534,12.40726],[76.35008,12.40708],[76.34952,12.40831],[76.3481,12.40889],[76.34644,12.40922],[76.34628,12.40858],[76.34511,12.40874],[76.34518,12.40936],[76.3436,12.40894],[76.3434,12.41011],[76.34111,12.40993],[76.33732,12.41155],[76.33399,12.41115],[76.33274,12.41158],[76.32931,12.41137],[76.32698,12.41158],[76.32485,12.41258],[76.32921,12.40748],[76.3288,12.40492],[76.3306,12.40177],[76.33218,12.40161],[76.3334,12.40087],[76.33656,12.40163],[76.34072,12.40173],[76.34472,12.40088],[76.34428,12.39827],[76.34457,12.39679],[76.34692,12.39561],[76.34918,12.39545],[76.34886,12.39285],[76.34776,12.39299],[76.34741,12.39073],[76.34733,12.3898],[76.34847,12.3898],[76.3481,12.38726],[76.34833,12.38773],[76.35073,12.38715],[76.35115,12.38749],[76.35112,12.38634],[76.35266,12.38661],[76.35357,12.38551],[76.35531,12.38521],[76.35953,12.3854],[76.35934,12.3839],[76.35996,12.38387],[76.36001,12.38133],[76.36099,12.38109],[76.36056,12.37803],[76.35914,12.37793],[76.35918,12.37734],[76.35825,12.37722],[76.35808,12.37678],[76.35479,12.37651],[76.35463,12.37444],[76.35332,12.37505],[76.35111,12.37275],[76.34883,12.37204],[76.34702,12.37548],[76.34342,12.3783],[76.34218,12.38002],[76.33917,12.38083],[76.33808,12.36826],[76.33771,12.36734],[76.33576,12.368]],[[76.29075,12.23432],[76.29028,12.23407],[76.29102,12.23371],[76.2915,12.23463],[76.2911,12.23486],[76.29075,12.23432]],[[76.29461,12.22896],[76.29415,12.22905],[76.29352,12.22789],[76.29479,12.22747],[76.29538,12.22852],[76.29461,12.22896]],[[76.3375,12.37575],[76.33759,12.3777],[76.33564,12.37779],[76.3351,12.37513],[76.33594,12.37485],[76.33593,12.37423],[76.33768,12.37436],[76.3375,12.37575]],[[76.29543,12.23147],[76.29621,12.23064],[76.29523,12.2296],[76.29585,12.22904],[76.29789,12.2289],[76.29813,12.23038],[76.29906,12.23147],[76.29543,12.23147]],[[76.28508,12.25534],[76.28411,12.25701],[76.28443,12.25823],[76.27973,12.26035],[76.2795,12.25916],[76.28078,12.25732],[76.28108,12.25494],[76.27845,12.25298],[76.27665,12.25338],[76.27532,12.25084],[76.27684,12.25076],[76.27722,12.24977],[76.27777,12.24968],[76.27946,12.25034],[76.28305,12.24992],[76.28442,12.24782],[76.28399,12.24618],[76.28168,12.24509],[76.27949,12.24544],[76.27865,12.24607],[76.27757,12.24592],[76.27764,12.24368],[76.27595,12.243],[76.27558,12.24215],[76.27741,12.23967],[76.27738,12.23784],[76.27857,12.23803],[76.2789,12.24097],[76.28045,12.24245],[76.2804,12.24365],[76.28393,12.24365],[76.28378,12.24473],[76.28713,12.24503],[76.28692,12.24591],[76.28765,12.24647],[76.28845,12.24651],[76.28857,12.24581],[76.29026,12.24597],[76.28987,12.24748],[76.28869,12.24745],[76.28832,12.24838],[76.28942,12.24917],[76.29032,12.2489],[76.2926,12.24975],[76.29472,12.24977],[76.29448,12.25283],[76.29397,12.25289],[76.28977,12.25257],[76.29095,12.25026],[76.28999,12.25043],[76.28952,12.25112],[76.28641,12.25076],[76.28661,12.25111],[76.28502,12.25214],[76.27708,12.25131],[76.28019,12.25283],[76.2813,12.25236],[76.28253,12.25247],[76.28254,12.25335],[76.28407,12.25314],[76.28386,12.2542],[76.28489,12.25459],[76.28646,12.25268],[76.28741,12.25263],[76.28804,12.25345],[76.28875,12.25354],[76.28875,12.2543],[76.2865,12.25402],[76.28508,12.25534]],[[76.28626,12.27445],[76.28712,12.27304],[76.28759,12.2684],[76.28907,12.26711],[76.2892,12.26539],[76.28845,12.26503],[76.28703,12.26555],[76.28543,12.26756],[76.28371,12.26735],[76.28126,12.2696],[76.28049,12.26826],[76.28071,12.26731],[76.28006,12.26581],[76.28211,12.26502],[76.28274,12.26431],[76.28463,12.26045],[76.28476,12.25853],[76.2858,12.25837],[76.28944,12.25935],[76.28872,12.25984],[76.28747,12.25937],[76.28779,12.26031],[76.2909,12.26052],[76.29028,12.26099],[76.28687,12.26094],[76.28677,12.26232],[76.28569,12.26247],[76.28577,12.26318],[76.28525,12.26308],[76.28446,12.26498],[76.28319,12.26539],[76.28322,12.2659],[76.28156,12.26613],[76.28149,12.26818],[76.28252,12.26686],[76.28492,12.26618],[76.28635,12.26351],[76.2869,12.26354],[76.28711,12.26288],[76.28865,12.26193],[76.2908,12.26203],[76.2916,12.26256],[76.29188,12.26708],[76.29114,12.26731],[76.28761,12.27379],[76.28738,12.27535],[76.28814,12.27614],[76.28833,12.27339],[76.28985,12.2708],[76.29217,12.26782],[76.29368,12.26802],[76.29334,12.26494],[76.29393,12.26408],[76.29309,12.26342],[76.29364,12.26079],[76.29434,12.26026],[76.29217,12.25984],[76.29202,12.2589],[76.29266,12.25778],[76.29386,12.25741],[76.29634,12.25815],[76.29783,12.25714],[76.29859,12.25573],[76.30002,12.25511],[76.2997,12.25649],[76.30029,12.25664],[76.30229,12.25942],[76.30188,12.25941],[76.30263,12.26369],[76.30396,12.26469],[76.30471,12.2644],[76.30418,12.26545],[76.30241,12.26551],[76.30262,12.2669],[76.30194,12.26645],[76.30069,12.26669],[76.29923,12.26053],[76.29823,12.25963],[76.29549,12.2626],[76.29623,12.26404],[76.29536,12.26572],[76.29524,12.26759],[76.29722,12.27044],[76.29557,12.27489],[76.29496,12.27514],[76.29427,12.2712],[76.29235,12.27011],[76.29059,12.27092],[76.28977,12.27217],[76.28832,12.27494],[76.28836,12.27642],[76.28702,12.27576],[76.28626,12.27445]]],[[[76.37803,12.18864],[76.37865,12.18841],[76.37889,12.18762],[76.38007,12.18756],[76.38258,12.18339],[76.38587,12.18407],[76.38525,12.18458],[76.38472,12.18412],[76.3843,12.18436],[76.38379,12.18538],[76.38409,12.1861],[76.38621,12.18627],[76.38613,12.18467],[76.38654,12.18421],[76.38986,12.18478],[76.39224,12.18342],[76.396,12.18289],[76.39696,12.1814],[76.39784,12.17817],[76.39725,12.17581],[76.40089,12.17587],[76.40364,12.1659],[76.39444,12.16363],[76.38764,12.16139],[76.38581,12.16127],[76.38147,12.17121],[76.37803,12.18864]]],[[[76.33431,12.36801],[76.33576,12.368],[76.33589,12.3672],[76.3344,12.3666],[76.33407,12.36485],[76.33234,12.36502],[76.33189,12.36413],[76.33042,12.36437],[76.3303,12.36665],[76.33101,12.36711],[76.33091,12.36892],[76.33278,12.36892],[76.33431,12.36801]]]]}},{"type":"Feature","properties":{"unitId":628,"unitName":"Hunusur Town PS"},"geometry":{"type":"MultiPolygon","coordinates":[[[[76.2971,12.35042],[76.29923,12.35014],[76.2996,12.34883],[76.29917,12.34809],[76.3007,12.34417],[76.30083,12.34321],[76.30002,12.34137],[76.29855,12.33988],[76.29892,12.33799],[76.29941,12.33721],[76.30241,12.33588],[76.30805,12.32892],[76.30892,12.32833],[76.30992,12.32836],[76.31147,12.32987],[76.31179,12.33094],[76.30998,12.3325],[76.3104,12.33327],[76.31021,12.33519],[76.31066,12.33577],[76.30918,12.33846],[76.31131,12.33851],[76.31225,12.33959],[76.31246,12.34011],[76.31117,12.34213],[76.31445,12.3414],[76.3128,12.34035],[76.31134,12.33704],[76.31048,12.33366],[76.31127,12.33186],[76.31337,12.33057],[76.31387,12.33145],[76.31598,12.3328],[76.31827,12.33204],[76.31936,12.33028],[76.32119,12.33086],[76.32273,12.32832],[76.32416,12.32416],[76.32471,12.32374],[76.32895,12.32505],[76.33035,12.32062],[76.33033,12.31868],[76.32908,12.3183],[76.32799,12.31714],[76.32531,12.31703],[76.32424,12.31575],[76.32409,12.31238],[76.32294,12.31106],[76.32231,12.3094],[76.31916,12.30837],[76.3184,12.30741],[76.31678,12.30736],[76.31261,12.30559],[76.31081,12.306],[76.31012,12.30803],[76.30923,12.30793],[76.30753,12.31241],[76.30741,12.31424],[76.30602,12.31639],[76.30382,12.31539],[76.30307,12.31558],[76.30223,12.31739],[76.29654,12.31676],[76.29583,12.31743],[76.29507,12.31703],[76.29466,12.31555],[76.29385,12.31506],[76.2923,12.31492],[76.28955,12.31552],[76.28636,12.31397],[76.28598,12.31315],[76.28624,12.30999],[76.28545,12.30618],[76.28687,12.30404],[76.28745,12.30052],[76.28887,12.30058],[76.2881,12.29765],[76.28878,12.29721],[76.28889,12.29545],[76.29182,12.29492],[76.29197,12.29322],[76.29326,12.29299],[76.29294,12.2916],[76.295,12.29065],[76.29533,12.291],[76.29587,12.29008],[76.29604,12.28824],[76.2953,12.2868],[76.2945,12.28676],[76.29448,12.28531],[76.29819,12.27662],[76.28248,12.27845],[76.28274,12.28125],[76.28201,12.28426],[76.28247,12.28569],[76.28055,12.28945],[76.27784,12.29226],[76.27778,12.29305],[76.27886,12.29461],[76.27655,12.29552],[76.27683,12.29344],[76.27443,12.29048],[76.27433,12.28974],[76.2732,12.28995],[76.27305,12.29052],[76.27631,12.29377],[76.276,12.29463],[76.27369,12.29476],[76.27216,12.29548],[76.27171,12.2972],[76.27205,12.2984],[76.27278,12.29931],[76.2747,12.30004],[76.27776,12.30596],[76.27721,12.3074],[76.27511,12.30775],[76.27503,12.30951],[76.27258,12.31051],[76.27326,12.31216],[76.27481,12.31153],[76.27508,12.31295],[76.27452,12.31455],[76.2729,12.31623],[76.27201,12.31571],[76.2704,12.31618],[76.2705,12.31712],[76.26799,12.31742],[76.26748,12.31799],[76.26587,12.3183],[76.26099,12.31747],[76.26223,12.32144],[76.26533,12.32116],[76.26941,12.32158],[76.27128,12.32201],[76.27126,12.32278],[76.27673,12.32507],[76.27943,12.32387],[76.28022,12.32395],[76.28477,12.32668],[76.28535,12.32617],[76.28653,12.3265],[76.28679,12.32705],[76.28795,12.32684],[76.28816,12.32766],[76.28884,12.32783],[76.28538,12.32924],[76.28563,12.33176],[76.28435,12.33472],[76.28487,12.33677],[76.28845,12.34057],[76.2883,12.34186],[76.28605,12.34389],[76.28571,12.34368],[76.28607,12.34528],[76.28705,12.34612],[76.29019,12.34656],[76.29068,12.34772],[76.29019,12.34758],[76.29103,12.34867],[76.29317,12.34865],[76.2971,12.35042]]],[[[76.33115,12.36344],[76.33348,12.36259],[76.33382,12.36176],[76.3351,12.36097],[76.33526,12.35915],[76.33461,12.35822],[76.33315,12.35743],[76.33449,12.35626],[76.33504,12.35683],[76.33609,12.3564],[76.3386,12.35722],[76.33928,12.35665],[76.33963,12.35448],[76.34121,12.35359],[76.34642,12.35286],[76.34711,12.35053],[76.34711,12.3467],[76.34615,12.34598],[76.34587,12.34476],[76.34591,12.34584],[76.34194,12.34681],[76.33891,12.34452],[76.33637,12.34087],[76.33485,12.34055],[76.33308,12.3417],[76.3319,12.34331],[76.32795,12.34507],[76.32527,12.34337],[76.32202,12.34277],[76.32,12.34173],[76.31492,12.3417],[76.31404,12.34568],[76.31779,12.34312],[76.31879,12.34296],[76.32045,12.34427],[76.32201,12.34304],[76.32301,12.34314],[76.32376,12.34391],[76.3224,12.34866],[76.32443,12.34662],[76.32623,12.34615],[76.32615,12.34583],[76.32664,12.34613],[76.32826,12.34548],[76.32931,12.34615],[76.33107,12.34614],[76.33061,12.34459],[76.33108,12.34422],[76.33211,12.34464],[76.33282,12.34327],[76.33408,12.34268],[76.33507,12.34316],[76.33661,12.34524],[76.33786,12.34529],[76.34102,12.34757],[76.3432,12.34783],[76.34399,12.34843],[76.34464,12.35066],[76.34428,12.35207],[76.3429,12.35282],[76.33976,12.35251],[76.33892,12.35224],[76.33796,12.35093],[76.3365,12.35512],[76.33279,12.35579],[76.33163,12.35384],[76.33051,12.35317],[76.33059,12.35487],[76.32834,12.35615],[76.33155,12.35929],[76.33114,12.36106],[76.32865,12.36284],[76.32489,12.36237],[76.32546,12.36322],[76.32682,12.36365],[76.32855,12.36343],[76.32974,12.36408],[76.33115,12.36344]]]]}},{"type":"Feature","properties":{"unitId":629,"unitName":"Bettadapura PS"},"geometry":{"type":"Polygon","coordinates":[[[76.046,12.57777],[76.04735,12.57031],[76.04683,12.57016],[76.04693,12.56885],[76.04806,12.56645],[76.0477,12.56135],[76.04988,12.56069],[76.0532,12.55879],[76.05577,12.55861],[76.05636,12.55682],[76.05807,12.55636],[76.06367,12.55647],[76.06613,12.55827],[76.06978,12.55678],[76.07013,12.54965],[76.07498,12.55138],[76.0741,12.54794],[76.07764,12.54707],[76.07841,12.54589],[76.08009,12.54561],[76.07986,12.54419],[76.0802,12.54365],[76.08134,12.54359],[76.082,12.54446],[76.08282,12.54448],[76.08456,12.544],[76.08454,12.54291],[76.08791,12.54318],[76.08753,12.54551],[76.08869,12.54583],[76.08865,12.54723],[76.08921,12.54377],[76.08991,12.54738],[76.09378,12.5431],[76.08979,12.54283],[76.08958,12.5436],[76.08881,12.54358],[76.08902,12.54299],[76.08687,12.54081],[76.08705,12.53949],[76.0865,12.53892],[76.08652,12.53786],[76.08941,12.53846],[76.0904,12.53703],[76.09349,12.53541],[76.09369,12.53366],[76.09591,12.53317],[76.09616,12.5339],[76.09698,12.53352],[76.09744,12.53258],[76.0993,12.5322],[76.09828,12.53076],[76.09814,12.52893],[76.10042,12.52892],[76.10039,12.52973],[76.10365,12.53026],[76.10328,12.52799],[76.10096,12.52737],[76.10092,12.52681],[76.10315,12.52323],[76.10354,12.52327],[76.10435,12.51859],[76.10706,12.51729],[76.10919,12.51776],[76.10993,12.51591],[76.11152,12.5157],[76.11119,12.5144],[76.11185,12.51378],[76.11469,12.5134],[76.11513,12.51274],[76.11595,12.51261],[76.11646,12.51616],[76.11578,12.51599],[76.1157,12.51754],[76.11793,12.51757],[76.11914,12.51884],[76.11969,12.52203],[76.11931,12.52363],[76.1171,12.52463],[76.11703,12.52677],[76.11663,12.52676],[76.1154,12.52927],[76.11707,12.52899],[76.11742,12.52988],[76.11864,12.52955],[76.11864,12.52908],[76.12186,12.52952],[76.12505,12.52911],[76.12479,12.52934],[76.12611,12.53007],[76.12717,12.53013],[76.13132,12.52941],[76.13464,12.52956],[76.13437,12.52359],[76.13389,12.52352],[76.13394,12.51927],[76.13396,12.51858],[76.13496,12.51798],[76.13726,12.51767],[76.13735,12.51818],[76.14052,12.51835],[76.14452,12.51789],[76.14581,12.5167],[76.14745,12.51631],[76.14815,12.5163],[76.14819,12.51685],[76.1497,12.5169],[76.15278,12.51608],[76.15471,12.51687],[76.15721,12.51597],[76.16251,12.51583],[76.16261,12.51431],[76.16728,12.5128],[76.16811,12.51352],[76.16608,12.5153],[76.16545,12.51505],[76.16386,12.51611],[76.1641,12.5166],[76.16561,12.51654],[76.1678,12.51785],[76.1709,12.51646],[76.1699,12.51554],[76.17162,12.51494],[76.17524,12.51486],[76.1832,12.51372],[76.18858,12.51463],[76.18936,12.51309],[76.1909,12.51243],[76.19031,12.51126],[76.19115,12.5104],[76.19134,12.50681],[76.19205,12.50652],[76.19182,12.50321],[76.19277,12.50163],[76.19638,12.49848],[76.19681,12.4967],[76.20238,12.50129],[76.20406,12.50608],[76.20719,12.50746],[76.2118,12.50631],[76.2118,12.50579],[76.21487,12.5059],[76.22164,12.50451],[76.22266,12.50391],[76.22287,12.50222],[76.22952,12.50213],[76.22929,12.50007],[76.22979,12.49806],[76.22888,12.49578],[76.22794,12.49579],[76.22582,12.48095],[76.22136,12.48091],[76.22132,12.47846],[76.22237,12.47718],[76.22266,12.4725],[76.2251,12.4697],[76.22706,12.4653],[76.22651,12.46186],[76.22346,12.46254],[76.22145,12.4613],[76.22096,12.45927],[76.21992,12.45839],[76.21969,12.45496],[76.21934,12.45475],[76.21919,12.44641],[76.21679,12.44702],[76.21691,12.44763],[76.21375,12.44869],[76.2075,12.44767],[76.20713,12.44808],[76.1985,12.44813],[76.19307,12.44966],[76.19189,12.45022],[76.1931,12.45773],[76.19256,12.45806],[76.19289,12.4592],[76.1901,12.4596],[76.18971,12.46025],[76.19005,12.46161],[76.18916,12.46613],[76.18848,12.46636],[76.18859,12.46733],[76.18784,12.46742],[76.18753,12.46842],[76.18405,12.46816],[76.17998,12.4665],[76.17951,12.4653],[76.17707,12.46537],[76.17694,12.4649],[76.17654,12.46499],[76.17626,12.46349],[76.17447,12.46382],[76.17405,12.46346],[76.17395,12.45808],[76.17303,12.45839],[76.17302,12.45694],[76.17392,12.45598],[76.17402,12.45463],[76.17378,12.45132],[76.17306,12.4496],[76.17397,12.44946],[76.17357,12.44538],[76.17414,12.44511],[76.174,12.44387],[76.17132,12.44378],[76.17124,12.44292],[76.16645,12.44297],[76.16076,12.44401],[76.15524,12.44314],[76.15308,12.44158],[76.15414,12.43939],[76.15346,12.43928],[76.15349,12.43831],[76.15126,12.43835],[76.15124,12.43728],[76.15077,12.43713],[76.15083,12.4365],[76.15165,12.43648],[76.15168,12.43221],[76.14975,12.43158],[76.1498,12.43083],[76.14997,12.42965],[76.15054,12.4297],[76.15086,12.42714],[76.15162,12.42646],[76.15078,12.42032],[76.15343,12.4123],[76.15239,12.4118],[76.15237,12.41083],[76.151,12.40886],[76.1487,12.40687],[76.14483,12.40816],[76.14007,12.41082],[76.1383,12.40954],[76.13386,12.40079],[76.12912,12.40019],[76.13094,12.39965],[76.13068,12.39715],[76.128,12.40015],[76.1277,12.39984],[76.12809,12.39902],[76.12713,12.39928],[76.12661,12.3988],[76.12867,12.39654],[76.12645,12.39485],[76.11858,12.39362],[76.11894,12.39471],[76.11987,12.39515],[76.11976,12.39701],[76.11888,12.39691],[76.11884,12.39617],[76.1164,12.39617],[76.11411,12.3976],[76.11234,12.39777],[76.11132,12.39999],[76.11057,12.40023],[76.11001,12.40272],[76.10838,12.40433],[76.10751,12.40396],[76.10763,12.40513],[76.10665,12.40817],[76.10521,12.40775],[76.10395,12.40846],[76.10407,12.41132],[76.10097,12.41187],[76.09857,12.41313],[76.09661,12.41574],[76.09529,12.41586],[76.0946,12.41667],[76.09378,12.4164],[76.09361,12.41726],[76.09276,12.41715],[76.09229,12.41865],[76.09062,12.41859],[76.09033,12.41757],[76.0886,12.41744],[76.08741,12.41738],[76.08716,12.41877],[76.08575,12.41827],[76.08568,12.41757],[76.08269,12.41811],[76.08154,12.41934],[76.08039,12.41979],[76.08044,12.42052],[76.07818,12.42103],[76.07816,12.4219],[76.07537,12.42326],[76.07078,12.42292],[76.06911,12.41432],[76.06842,12.41443],[76.06818,12.41213],[76.06651,12.40998],[76.06753,12.40577],[76.06394,12.40571],[76.05922,12.40693],[76.05656,12.40674],[76.05666,12.40754],[76.05181,12.40764],[76.05161,12.40979],[76.0523,12.40982],[76.05276,12.4142],[76.05168,12.41552],[76.05346,12.41566],[76.05389,12.41797],[76.05359,12.42028],[76.05272,12.42205],[76.05159,12.43017],[76.05439,12.43006],[76.05459,12.43112],[76.05364,12.43175],[76.05039,12.43205],[76.04795,12.4313],[76.04213,12.43174],[76.04124,12.43837],[76.03695,12.43763],[76.03393,12.43786],[76.02874,12.45612],[76.02801,12.45636],[76.0218,12.45103],[76.01944,12.45587],[76.01898,12.45882],[76.01617,12.46139],[76.00562,12.46023],[76.00276,12.45716],[76.00401,12.45701],[76.00529,12.45529],[76.00488,12.45411],[76.00303,12.45133],[76.00329,12.45116],[76.00286,12.45097],[76.0027,12.45148],[75.99865,12.44524],[75.99591,12.43973],[75.99158,12.43918],[75.99116,12.43964],[75.99029,12.43948],[75.98951,12.44085],[75.98881,12.44072],[75.98979,12.44206],[75.98892,12.4419],[75.98803,12.44251],[75.98849,12.4435],[75.98758,12.44313],[75.98721,12.44373],[75.9881,12.44547],[75.98613,12.44721],[75.98619,12.4478],[75.987,12.44791],[75.98697,12.4485],[75.98538,12.45054],[75.98392,12.45019],[75.98359,12.45402],[75.9842,12.45593],[75.98342,12.46308],[75.98391,12.46459],[75.98335,12.4645],[75.98305,12.46509],[75.98295,12.46824],[75.98172,12.46932],[75.98032,12.46935],[75.98033,12.46984],[75.97833,12.46861],[75.9741,12.468],[75.97373,12.46817],[75.9736,12.46973],[75.97167,12.46929],[75.97151,12.47043],[75.96911,12.47006],[75.96418,12.47318],[75.9658,12.47371],[75.9654,12.47434],[75.9663,12.47645],[75.96769,12.47799],[75.96746,12.48251],[75.9687,12.48347],[75.96827,12.48397],[75.96779,12.48354],[75.96561,12.48509],[75.96127,12.48468],[75.95936,12.48902],[75.95976,12.49148],[75.963,12.49703],[75.9619,12.49751],[75.95983,12.50204],[75.96004,12.50673],[75.9632,12.51019],[75.96655,12.51124],[75.96633,12.51045],[75.96993,12.51042],[75.97206,12.51171],[75.97328,12.51335],[75.97406,12.51936],[75.97576,12.52023],[75.98005,12.52051],[75.9865,12.51947],[75.99307,12.52131],[75.99374,12.52259],[75.99331,12.52797],[75.99268,12.52786],[75.99149,12.52999],[75.98995,12.5312],[75.98585,12.53687],[75.98291,12.53919],[75.98244,12.54085],[75.98133,12.541],[75.98209,12.54412],[75.98379,12.54554],[75.98834,12.5454],[75.99339,12.54212],[75.99567,12.54403],[75.99849,12.54825],[75.99706,12.55082],[75.9914,12.55419],[75.99042,12.55543],[75.98969,12.55856],[75.9901,12.56043],[75.99117,12.56186],[75.99244,12.56264],[75.99586,12.56303],[75.99745,12.56221],[75.99971,12.55993],[76.00251,12.55909],[76.00723,12.55574],[76.01,12.55484],[76.01187,12.55501],[76.01066,12.55923],[76.01089,12.56019],[76.01187,12.56184],[76.0146,12.56346],[76.01728,12.56646],[76.01811,12.57091],[76.01995,12.57336],[76.02134,12.57711],[76.02296,12.57734],[76.02307,12.57695],[76.02512,12.57693],[76.02572,12.57668],[76.02568,12.57623],[76.02906,12.57565],[76.03076,12.57703],[76.03227,12.5758],[76.03412,12.57519],[76.04041,12.577],[76.046,12.57777]]]}},{"type":"Feature","properties":{"unitId":630,"unitName":"Bylakuppe PS"},"geometry":{"type":"Polygon","coordinates":[[[75.97156,12.47007],[75.97167,12.46929],[75.9736,12.46973],[75.97373,12.46817],[75.9741,12.468],[75.97833,12.46861],[75.98033,12.46984],[75.98032,12.46935],[75.98172,12.46932],[75.98295,12.46824],[75.98305,12.46509],[75.98335,12.4645],[75.98391,12.46459],[75.98342,12.46308],[75.9842,12.45593],[75.98359,12.45402],[75.98392,12.45019],[75.98538,12.45054],[75.98697,12.4485],[75.987,12.44791],[75.98619,12.4478],[75.98613,12.44721],[75.9881,12.44547],[75.98721,12.44373],[75.98758,12.44313],[75.98849,12.4435],[75.98803,12.44251],[75.98892,12.4419],[75.98979,12.44206],[75.98881,12.44072],[75.98951,12.44085],[75.99029,12.43948],[75.99116,12.43964],[75.99158,12.43918],[75.99591,12.43973],[75.99865,12.44524],[76.0027,12.45148],[76.00286,12.45097],[76.00329,12.45116],[76.00303,12.45133],[76.00488,12.45411],[76.00529,12.45529],[76.00401,12.45701],[76.00276,12.45716],[76.00562,12.46023],[76.01617,12.46139],[76.01898,12.45882],[76.01944,12.45587],[76.0218,12.45103],[76.02801,12.45636],[76.02874,12.45612],[76.03393,12.43786],[76.03695,12.43763],[76.04124,12.43837],[76.04213,12.43174],[76.04795,12.4313],[76.05039,12.43205],[76.05364,12.43175],[76.05462,12.43103],[76.05439,12.43006],[76.05159,12.43017],[76.05272,12.42205],[76.05385,12.41895],[76.05356,12.41662],[76.05319,12.41696],[76.0487,12.4155],[76.04493,12.41519],[76.03983,12.4163],[76.03316,12.41865],[76.02416,12.41521],[76.02486,12.41476],[76.02495,12.41247],[76.02589,12.4117],[76.02557,12.41027],[76.02593,12.40953],[76.02743,12.40836],[76.02723,12.40771],[76.02778,12.40649],[76.02832,12.40678],[76.02886,12.40598],[76.02916,12.40464],[76.02882,12.40414],[76.02948,12.4043],[76.03246,12.39284],[76.03047,12.39308],[76.02745,12.3907],[76.02926,12.38961],[76.02855,12.38928],[76.02546,12.38869],[76.01311,12.39381],[76.01184,12.39286],[76.00516,12.39135],[75.99929,12.39774],[75.99194,12.40447],[75.98887,12.40838],[75.98596,12.40576],[75.96945,12.40097],[75.97594,12.38656],[75.97778,12.38483],[75.97478,12.37644],[75.98036,12.36697],[75.98132,12.36335],[75.97653,12.35861],[75.97567,12.35833],[75.97597,12.35749],[75.97548,12.356],[75.97176,12.35323],[75.97038,12.35421],[75.96905,12.35426],[75.96335,12.358],[75.96235,12.3594],[75.95752,12.36237],[75.95613,12.36396],[75.95345,12.36545],[75.94801,12.37002],[75.94347,12.37113],[75.94286,12.37235],[75.94052,12.37356],[75.93944,12.37524],[75.9373,12.37631],[75.93523,12.3795],[75.93194,12.38207],[75.92697,12.38341],[75.92517,12.38467],[75.92315,12.38451],[75.9222,12.38548],[75.91896,12.38648],[75.91617,12.38644],[75.91503,12.38362],[75.91387,12.3822],[75.91289,12.38554],[75.91126,12.38829],[75.90858,12.39977],[75.9099,12.40206],[75.91049,12.40478],[75.91256,12.40599],[75.91657,12.41024],[75.91623,12.41064],[75.91741,12.41245],[75.91836,12.41627],[75.91996,12.41818],[75.92245,12.42269],[75.92294,12.42425],[75.9228,12.42697],[75.92361,12.42631],[75.92378,12.42813],[75.92556,12.4293],[75.92513,12.43357],[75.92618,12.43649],[75.92786,12.4379],[75.93076,12.43762],[75.93228,12.43949],[75.93665,12.43831],[75.9385,12.44311],[75.94061,12.44508],[75.94163,12.44684],[75.94481,12.44968],[75.94679,12.45036],[75.94803,12.45027],[75.95261,12.45245],[75.95485,12.45207],[75.96015,12.4538],[75.96406,12.45235],[75.96581,12.44945],[75.96977,12.4488],[75.97121,12.45002],[75.97175,12.45126],[75.96808,12.45463],[75.96706,12.45838],[75.96638,12.46529],[75.97156,12.47007]]]}},{"type":"Feature","properties":{"unitId":631,"unitName":"Periyapatna PS"},"geometry":{"type":"Polygon","coordinates":[[[76.18781,12.46754],[76.18859,12.46733],[76.18848,12.46636],[76.18916,12.46613],[76.1901,12.4596],[76.19289,12.4592],[76.19256,12.45806],[76.1931,12.45773],[76.19201,12.45263],[76.19196,12.45018],[76.19487,12.449],[76.19922,12.44807],[76.20531,12.44817],[76.20713,12.44808],[76.2075,12.44767],[76.21375,12.44869],[76.21499,12.44845],[76.21691,12.44763],[76.21679,12.44702],[76.21919,12.44641],[76.21925,12.44676],[76.22104,12.44484],[76.22106,12.44342],[76.22726,12.44304],[76.22903,12.44232],[76.236,12.44194],[76.23774,12.44134],[76.23865,12.43],[76.23818,12.42663],[76.23712,12.42673],[76.23567,12.42609],[76.23566,12.42525],[76.23454,12.4251],[76.23461,12.42355],[76.23292,12.42338],[76.233,12.42216],[76.22512,12.42213],[76.22377,12.42275],[76.21976,12.42301],[76.21534,12.42257],[76.21436,12.42147],[76.21485,12.4184],[76.21358,12.41747],[76.21572,12.41509],[76.21546,12.41229],[76.21649,12.41213],[76.2166,12.41134],[76.22004,12.41008],[76.22246,12.40836],[76.22497,12.40534],[76.2252,12.40343],[76.22794,12.40344],[76.22839,12.40207],[76.22968,12.40205],[76.22982,12.40076],[76.23084,12.40073],[76.23248,12.39973],[76.23974,12.39925],[76.2422,12.39693],[76.24392,12.39472],[76.23672,12.39332],[76.23511,12.39267],[76.23514,12.39199],[76.23687,12.39101],[76.23791,12.38973],[76.23945,12.39028],[76.24106,12.39017],[76.24235,12.38994],[76.24356,12.38887],[76.24499,12.38304],[76.24101,12.37924],[76.23639,12.37727],[76.23566,12.37493],[76.22919,12.37438],[76.22747,12.37154],[76.21889,12.36971],[76.21928,12.37075],[76.21743,12.37046],[76.21713,12.36906],[76.21574,12.36923],[76.21547,12.3698],[76.21003,12.36991],[76.20932,12.36519],[76.20274,12.37355],[76.19658,12.37628],[76.19056,12.37486],[76.18425,12.37047],[76.18298,12.37026],[76.18409,12.36737],[76.18402,12.36612],[76.18105,12.36024],[76.1801,12.36005],[76.17994,12.35715],[76.18042,12.35616],[76.17854,12.35529],[76.17805,12.35642],[76.17587,12.35723],[76.1753,12.3567],[76.17375,12.35659],[76.1719,12.35722],[76.17117,12.35713],[76.17109,12.35657],[76.16952,12.35652],[76.16377,12.35422],[76.16424,12.34646],[76.165,12.34301],[76.16604,12.34189],[76.16872,12.34115],[76.16878,12.34065],[76.17092,12.34031],[76.17254,12.33787],[76.1748,12.33751],[76.17551,12.33814],[76.1766,12.33745],[76.17681,12.33536],[76.17973,12.33603],[76.18019,12.33517],[76.17932,12.33508],[76.17951,12.33376],[76.18078,12.33348],[76.18073,12.33283],[76.18189,12.33261],[76.18027,12.32953],[76.18037,12.32663],[76.18155,12.32502],[76.18416,12.32404],[76.18296,12.32208],[76.18198,12.32222],[76.18148,12.32011],[76.17809,12.32106],[76.17718,12.32049],[76.17639,12.32146],[76.17435,12.32121],[76.17381,12.32292],[76.17235,12.32276],[76.17237,12.32456],[76.17032,12.3283],[76.16911,12.32907],[76.1654,12.32931],[76.16471,12.32875],[76.16332,12.32967],[76.16281,12.32881],[76.16216,12.3292],[76.16206,12.32861],[76.16087,12.32871],[76.1613,12.32689],[76.16052,12.32691],[76.16042,12.32748],[76.15981,12.32759],[76.15927,12.32659],[76.15747,12.326],[76.15738,12.32365],[76.15571,12.32208],[76.15654,12.3212],[76.15688,12.31988],[76.15637,12.31844],[76.15647,12.31638],[76.15305,12.31066],[76.15373,12.31064],[76.15318,12.30927],[76.15766,12.30734],[76.15774,12.30532],[76.15927,12.30401],[76.15981,12.30181],[76.16021,12.30178],[76.15999,12.30056],[76.15632,12.29674],[76.15535,12.29371],[76.15436,12.28659],[76.15501,12.28533],[76.15619,12.27754],[76.14969,12.27421],[76.1437,12.2748],[76.14162,12.26722],[76.14044,12.26847],[76.13367,12.26437],[76.13165,12.26451],[76.12756,12.25978],[76.12302,12.25909],[76.11908,12.24784],[76.12194,12.24452],[76.10593,12.23361],[76.10581,12.23131],[76.10334,12.23122],[76.09977,12.22468],[76.10449,12.22301],[76.11103,12.21659],[76.11802,12.21206],[76.13297,12.20457],[76.13542,12.20096],[76.12997,12.20004],[76.13118,12.19765],[76.12901,12.19561],[76.12762,12.19541],[76.12544,12.19426],[76.11893,12.19311],[76.11596,12.19453],[76.11126,12.19583],[76.10779,12.19606],[76.1068,12.19696],[76.10225,12.19753],[76.09941,12.20013],[76.09817,12.20352],[76.09741,12.20384],[76.09666,12.20555],[76.09489,12.20759],[76.09406,12.20927],[76.09348,12.21346],[76.08945,12.21671],[76.08499,12.21866],[76.08166,12.22147],[76.07961,12.22569],[76.07783,12.22737],[76.07601,12.23065],[76.07423,12.23234],[76.07406,12.2332],[76.07271,12.23477],[76.07301,12.23965],[76.07125,12.24091],[76.06801,12.24227],[76.06592,12.24526],[76.0641,12.24682],[76.06005,12.24801],[76.05973,12.25376],[76.0571,12.25337],[76.05724,12.24855],[76.05674,12.24812],[76.05493,12.24732],[76.05206,12.24703],[76.05103,12.24635],[76.05057,12.24653],[76.05065,12.24839],[76.0499,12.24881],[76.04922,12.24839],[76.04856,12.24861],[76.04588,12.25009],[76.0453,12.25103],[76.04404,12.25124],[76.04361,12.2509],[76.04279,12.25194],[76.03982,12.25349],[76.03834,12.25378],[76.03657,12.25338],[76.03376,12.25186],[76.0305,12.2531],[76.02365,12.2523],[76.02384,12.25078],[76.02318,12.24954],[76.02235,12.24961],[76.0221,12.25079],[76.01912,12.25348],[76.01877,12.25566],[76.01807,12.25609],[76.01655,12.26094],[76.01311,12.26612],[76.01343,12.26775],[76.01314,12.26884],[76.01225,12.26926],[76.01269,12.26959],[76.01231,12.27076],[76.01543,12.27283],[76.0147,12.27598],[76.01495,12.27803],[76.01437,12.27858],[76.01284,12.28474],[76.01436,12.28882],[76.01344,12.2903],[76.01417,12.29214],[76.01393,12.29276],[76.01175,12.29605],[76.00932,12.2978],[76.00926,12.29879],[76.00835,12.30005],[76.00812,12.30202],[76.00563,12.3037],[76.00464,12.3055],[76.00229,12.30657],[76.00047,12.3066],[75.99764,12.30823],[75.99606,12.3115],[75.99706,12.31529],[75.99572,12.31724],[75.99429,12.31798],[75.9945,12.31878],[75.99384,12.32124],[75.99563,12.32327],[75.99586,12.32426],[75.99781,12.32641],[76.00062,12.32798],[76.00251,12.33004],[76.00128,12.33093],[76.00079,12.33234],[75.99893,12.33328],[75.99846,12.33271],[75.99727,12.33398],[75.99411,12.33599],[75.99177,12.3365],[75.98889,12.33645],[75.98696,12.33842],[75.98531,12.33917],[75.98418,12.34232],[75.98333,12.34284],[75.98265,12.34306],[75.98266,12.34218],[75.97685,12.34052],[75.97284,12.3415],[75.96989,12.34414],[75.96853,12.34309],[75.96576,12.34488],[75.9685,12.35067],[75.97548,12.356],[75.97597,12.35749],[75.97567,12.35833],[75.97653,12.35861],[75.98132,12.36335],[75.98036,12.36697],[75.97478,12.37644],[75.97778,12.38483],[75.97594,12.38656],[75.96945,12.40097],[75.98596,12.40576],[75.98887,12.40838],[75.99194,12.40447],[75.99929,12.39774],[76.00516,12.39135],[76.01184,12.39286],[76.01311,12.39381],[76.02546,12.38869],[76.02855,12.38928],[76.02926,12.38961],[76.02745,12.3907],[76.03047,12.39308],[76.03246,12.39284],[76.02948,12.4043],[76.02882,12.40414],[76.02916,12.40464],[76.02886,12.40598],[76.02832,12.40678],[76.02778,12.40649],[76.02723,12.40771],[76.02743,12.40836],[76.02593,12.40953],[76.02557,12.41027],[76.02589,12.4117],[76.02495,12.41247],[76.02486,12.41476],[76.02416,12.41521],[76.03316,12.41865],[76.03983,12.4163],[76.04493,12.41519],[76.0487,12.4155],[76.05319,12.41696],[76.05346,12.41566],[76.05168,12.41552],[76.05276,12.4142],[76.0523,12.40982],[76.05161,12.40979],[76.05181,12.40764],[76.05666,12.40754],[76.05656,12.40674],[76.05922,12.40693],[76.06394,12.40571],[76.06742,12.40575],[76.06651,12.40998],[76.06818,12.41213],[76.06842,12.41443],[76.06911,12.41432],[76.07078,12.42292],[76.07537,12.42326],[76.07816,12.4219],[76.07818,12.42103],[76.08044,12.42052],[76.08039,12.41979],[76.08154,12.41934],[76.08269,12.41811],[76.08568,12.41757],[76.08575,12.41827],[76.08716,12.41877],[76.08741,12.41738],[76.0886,12.41744],[76.09033,12.41757],[76.09062,12.41859],[76.09229,12.41865],[76.09276,12.41715],[76.09361,12.41726],[76.09378,12.4164],[76.0946,12.41667],[76.09529,12.41586],[76.09661,12.41574],[76.09857,12.41313],[76.10097,12.41187],[76.10407,12.41132],[76.10395,12.40846],[76.10521,12.40775],[76.10665,12.40817],[76.10763,12.40513],[76.10751,12.40396],[76.10838,12.40433],[76.11001,12.40272],[76.11057,12.40023],[76.11132,12.39999],[76.11234,12.39777],[76.11411,12.3976],[76.1164,12.39617],[76.11884,12.39617],[76.11888,12.39691],[76.11976,12.39701],[76.11987,12.39515],[76.11894,12.39471],[76.11858,12.39362],[76.12645,12.39485],[76.12867,12.39654],[76.12661,12.3988],[76.12713,12.39928],[76.12809,12.39902],[76.1277,12.39984],[76.128,12.40015],[76.13068,12.39715],[76.13094,12.39965],[76.12912,12.40019],[76.13386,12.40079],[76.1383,12.40954],[76.14007,12.41082],[76.14483,12.40816],[76.1487,12.40687],[76.151,12.40886],[76.15237,12.41083],[76.15239,12.4118],[76.15342,12.41213],[76.15078,12.42032],[76.15162,12.42646],[76.15086,12.42714],[76.15078,12.4288],[76.15054,12.4297],[76.14997,12.42965],[76.14975,12.43158],[76.15168,12.43221],[76.15165,12.43648],[76.15083,12.4365],[76.15077,12.43713],[76.15124,12.43728],[76.15126,12.43835],[76.15349,12.43831],[76.15346,12.43928],[76.15414,12.43939],[76.15308,12.44158],[76.15335,12.44195],[76.15499,12.44261],[76.15485,12.44304],[76.16076,12.44401],[76.1681,12.44291],[76.17124,12.44292],[76.17132,12.44378],[76.174,12.44387],[76.17414,12.44511],[76.17357,12.44538],[76.17397,12.44946],[76.17306,12.4496],[76.17378,12.45132],[76.17392,12.45598],[76.17302,12.45694],[76.17303,12.45839],[76.17395,12.45808],[76.17405,12.46346],[76.17447,12.46382],[76.17626,12.46349],[76.17654,12.46499],[76.17694,12.4649],[76.17707,12.46537],[76.17951,12.4653],[76.17998,12.4665],[76.18469,12.46835],[76.18753,12.46842],[76.18781,12.46754]]]}},{"type":"Feature","properties":{"unitId":632,"unitName":"K.R. Nagar PS"},"geometry":{"type":"MultiPolygon","coordinates":[[[[76.17123,12.57882],[76.17264,12.57793],[76.18065,12.57517],[76.18207,12.57552],[76.1819,12.57492],[76.18434,12.57223],[76.18426,12.56835],[76.18292,12.56517],[76.18099,12.56366],[76.17752,12.56276],[76.17602,12.56051],[76.17641,12.55812],[76.18032,12.55517],[76.1815,12.5533],[76.18128,12.55009],[76.18231,12.547],[76.18435,12.54515],[76.19121,12.54282],[76.19522,12.5405],[76.19954,12.53519],[76.20558,12.53535],[76.21188,12.53074],[76.21412,12.52979],[76.21596,12.53049],[76.21829,12.53416],[76.22108,12.53606],[76.22304,12.53618],[76.22582,12.53504],[76.22961,12.53227],[76.2298,12.53032],[76.2273,12.52801],[76.22545,12.52537],[76.22505,12.52266],[76.22588,12.52147],[76.22721,12.52071],[76.22938,12.52118],[76.23587,12.52049],[76.24866,12.52231],[76.2514,12.52061],[76.2545,12.51691],[76.25637,12.51614],[76.25807,12.51642],[76.26213,12.51559],[76.26374,12.51601],[76.26557,12.51549],[76.26605,12.51613],[76.27108,12.51573],[76.27101,12.51331],[76.27134,12.51471],[76.27607,12.51348],[76.28378,12.50777],[76.29021,12.50554],[76.2902,12.50484],[76.29206,12.50568],[76.29298,12.50487],[76.29472,12.50492],[76.29483,12.50641],[76.2983,12.50567],[76.29996,12.5065],[76.30172,12.50982],[76.30312,12.51093],[76.30158,12.51239],[76.30079,12.51429],[76.30141,12.51536],[76.30092,12.51683],[76.30197,12.51666],[76.30171,12.51732],[76.30263,12.51821],[76.30207,12.51851],[76.30228,12.51919],[76.30335,12.51974],[76.30392,12.51951],[76.30474,12.52005],[76.30493,12.51943],[76.30552,12.51932],[76.30553,12.51981],[76.30609,12.51995],[76.30738,12.51921],[76.30494,12.51868],[76.30392,12.51772],[76.30322,12.51578],[76.30361,12.51269],[76.30585,12.51232],[76.30793,12.51102],[76.31133,12.51074],[76.31417,12.51218],[76.31542,12.51347],[76.31594,12.5148],[76.31843,12.51634],[76.31969,12.51807],[76.32246,12.51851],[76.32431,12.51971],[76.32527,12.52096],[76.32609,12.5207],[76.3258,12.51758],[76.32622,12.51645],[76.32937,12.51584],[76.32937,12.51539],[76.32677,12.51358],[76.32684,12.51207],[76.32767,12.51096],[76.32888,12.51124],[76.33139,12.50922],[76.33329,12.50872],[76.33291,12.50733],[76.33351,12.50675],[76.33703,12.50511],[76.34148,12.5055],[76.34653,12.50334],[76.3519,12.50381],[76.3515,12.50526],[76.35227,12.50524],[76.35332,12.50601],[76.35516,12.50794],[76.35567,12.50951],[76.35625,12.5099],[76.35603,12.51228],[76.35652,12.515],[76.35739,12.51644],[76.35742,12.51828],[76.35395,12.51925],[76.35348,12.52056],[76.35178,12.52213],[76.35069,12.51632],[76.34931,12.51699],[76.34883,12.51656],[76.34833,12.51315],[76.34786,12.51211],[76.34736,12.51211],[76.34704,12.50991],[76.34335,12.51101],[76.34316,12.51055],[76.34242,12.51187],[76.3439,12.51305],[76.34622,12.51759],[76.3456,12.52217],[76.34516,12.52248],[76.34631,12.52323],[76.34645,12.52406],[76.34375,12.52691],[76.34485,12.52935],[76.34516,12.52925],[76.34507,12.53093],[76.34679,12.53059],[76.34673,12.53164],[76.3486,12.53427],[76.34951,12.53475],[76.35057,12.53457],[76.3502,12.53792],[76.35323,12.53758],[76.35379,12.53827],[76.35755,12.53759],[76.35764,12.53794],[76.3616,12.53686],[76.36269,12.53417],[76.36274,12.52956],[76.36393,12.52726],[76.36326,12.52492],[76.3639,12.52378],[76.36384,12.52286],[76.36344,12.52286],[76.36319,12.52204],[76.3631,12.52112],[76.36357,12.52087],[76.36307,12.51947],[76.36218,12.51874],[76.36071,12.51528],[76.36074,12.51425],[76.3636,12.51218],[76.36387,12.50965],[76.36564,12.50902],[76.37358,12.50147],[76.37667,12.50049],[76.37987,12.50635],[76.38097,12.50708],[76.37998,12.51412],[76.37767,12.51825],[76.37861,12.52189],[76.37791,12.52399],[76.37293,12.52524],[76.37054,12.52529],[76.37199,12.52895],[76.37505,12.5315],[76.37529,12.53289],[76.37742,12.53266],[76.37755,12.53354],[76.37828,12.53362],[76.37931,12.53685],[76.37751,12.53836],[76.37775,12.539],[76.38361,12.53716],[76.38592,12.5359],[76.38898,12.5358],[76.38969,12.53727],[76.39051,12.53765],[76.39116,12.53931],[76.39189,12.53895],[76.3944,12.54229],[76.39483,12.54373],[76.39592,12.54369],[76.39595,12.54511],[76.39685,12.54507],[76.39738,12.54719],[76.39671,12.54704],[76.39578,12.55028],[76.39708,12.55156],[76.40003,12.55174],[76.39987,12.55221],[76.40182,12.55192],[76.40199,12.55271],[76.40374,12.55304],[76.4056,12.55409],[76.40765,12.55602],[76.41162,12.55691],[76.41282,12.55206],[76.41387,12.55197],[76.41544,12.54678],[76.41657,12.54702],[76.41691,12.54631],[76.41892,12.54612],[76.41929,12.5448],[76.42168,12.5446],[76.42703,12.54236],[76.4261,12.53848],[76.42372,12.53849],[76.42343,12.53581],[76.42258,12.5356],[76.42193,12.53187],[76.42466,12.53083],[76.42801,12.5275],[76.43347,12.52321],[76.43568,12.52247],[76.43642,12.5232],[76.43654,12.52185],[76.43859,12.51886],[76.44119,12.51007],[76.44404,12.50712],[76.44657,12.50709],[76.44759,12.50655],[76.44812,12.505],[76.44756,12.49957],[76.44803,12.49606],[76.44958,12.48852],[76.45133,12.48585],[76.45482,12.48283],[76.45733,12.48151],[76.45739,12.48093],[76.46997,12.47372],[76.47678,12.47091],[76.48294,12.47094],[76.48745,12.46781],[76.48923,12.46758],[76.49372,12.46529],[76.49458,12.46321],[76.49706,12.46009],[76.49708,12.45945],[76.49762,12.45927],[76.49978,12.45403],[76.50152,12.45234],[76.50338,12.45133],[76.4988,12.45035],[76.49899,12.44917],[76.49954,12.44905],[76.49796,12.44671],[76.49649,12.44561],[76.493,12.44548],[76.49186,12.4443],[76.48962,12.44501],[76.48716,12.44706],[76.48229,12.44772],[76.47913,12.44985],[76.47712,12.45016],[76.47239,12.44889],[76.45974,12.44163],[76.45873,12.44026],[76.45941,12.43835],[76.46149,12.43665],[76.4613,12.4342],[76.46241,12.43327],[76.46529,12.43258],[76.46677,12.43058],[76.46741,12.42833],[76.46947,12.4271],[76.47005,12.42626],[76.47011,12.4255],[76.46918,12.42417],[76.46855,12.42413],[76.47026,12.42298],[76.46849,12.42222],[76.4681,12.42296],[76.4673,12.42302],[76.46721,12.4206],[76.46771,12.41962],[76.47205,12.4195],[76.47367,12.41682],[76.47351,12.41536],[76.46916,12.4122],[76.46735,12.41203],[76.46788,12.41167],[76.46783,12.41111],[76.46069,12.41172],[76.45523,12.41112],[76.45255,12.41247],[76.4509,12.41609],[76.4495,12.4173],[76.4459,12.41953],[76.4433,12.41922],[76.4429,12.41895],[76.44339,12.4156],[76.44305,12.41336],[76.43662,12.40718],[76.43649,12.40456],[76.43699,12.40245],[76.43947,12.40147],[76.44052,12.39837],[76.43967,12.39679],[76.43778,12.39624],[76.43657,12.39359],[76.43585,12.39387],[76.43568,12.39455],[76.4261,12.39487],[76.42545,12.39435],[76.42166,12.39491],[76.42068,12.39448],[76.41756,12.39458],[76.41769,12.39505],[76.41568,12.39453],[76.41369,12.39545],[76.41121,12.39579],[76.40379,12.39598],[76.40365,12.39555],[76.3975,12.39636],[76.39442,12.396],[76.39069,12.39802],[76.38946,12.39958],[76.38642,12.40147],[76.38625,12.4021],[76.38231,12.40283],[76.38242,12.40465],[76.38289,12.40469],[76.3819,12.40816],[76.38203,12.40974],[76.38144,12.40993],[76.38113,12.4129],[76.37761,12.41413],[76.37732,12.41495],[76.36903,12.4174],[76.36394,12.4178],[76.36381,12.41891],[76.36313,12.41892],[76.36302,12.4209],[76.36209,12.42144],[76.36201,12.42267],[76.36065,12.42283],[76.35859,12.4223],[76.3583,12.42528],[76.35543,12.42614],[76.34975,12.42695],[76.34603,12.42687],[76.33619,12.42899],[76.33159,12.42854],[76.32912,12.4288],[76.32834,12.42584],[76.32675,12.42625],[76.3266,12.42582],[76.32861,12.42444],[76.32673,12.41958],[76.32693,12.41908],[76.32107,12.41995],[76.31915,12.42076],[76.31847,12.4202],[76.31512,12.42166],[76.31266,12.41397],[76.31214,12.40918],[76.31052,12.40847],[76.31052,12.40668],[76.3095,12.40576],[76.30915,12.40468],[76.30912,12.40405],[76.31062,12.40398],[76.31131,12.40069],[76.31058,12.40069],[76.31072,12.40008],[76.30635,12.39913],[76.30517,12.40189],[76.30084,12.40617],[76.29658,12.40725],[76.28854,12.4126],[76.28715,12.41108],[76.27921,12.41026],[76.27937,12.41308],[76.2749,12.41377],[76.27206,12.41989],[76.27139,12.41937],[76.26529,12.42054],[76.26145,12.4205],[76.26139,12.4212],[76.25946,12.42103],[76.25884,12.42475],[76.2584,12.42476],[76.25819,12.42622],[76.25775,12.42653],[76.25372,12.4263],[76.25087,12.42483],[76.24522,12.42387],[76.2415,12.42497],[76.23864,12.42485],[76.23809,12.4264],[76.23865,12.43],[76.23774,12.44134],[76.236,12.44194],[76.22903,12.44232],[76.22726,12.44304],[76.22106,12.44342],[76.22104,12.44484],[76.21925,12.44676],[76.21934,12.45475],[76.21969,12.45496],[76.21992,12.45839],[76.22096,12.45927],[76.22145,12.4613],[76.22346,12.46254],[76.22651,12.46186],[76.22706,12.4653],[76.2251,12.4697],[76.22266,12.4725],[76.22237,12.47718],[76.22132,12.47846],[76.22136,12.48091],[76.22582,12.48095],[76.22794,12.49579],[76.22888,12.49578],[76.22979,12.49806],[76.22929,12.50007],[76.22952,12.50213],[76.22287,12.50222],[76.22266,12.50391],[76.22164,12.50451],[76.21487,12.5059],[76.2118,12.50579],[76.2118,12.50631],[76.20719,12.50746],[76.20406,12.50608],[76.20238,12.50129],[76.19681,12.4967],[76.19638,12.49848],[76.19277,12.50163],[76.19182,12.50321],[76.19205,12.50652],[76.19134,12.50681],[76.19115,12.5104],[76.19031,12.51126],[76.1909,12.51243],[76.18936,12.51309],[76.18858,12.51463],[76.1832,12.51372],[76.17524,12.51486],[76.17162,12.51494],[76.1699,12.51554],[76.1709,12.51646],[76.1678,12.51785],[76.16561,12.51654],[76.1641,12.5166],[76.16386,12.51611],[76.16545,12.51505],[76.16608,12.5153],[76.16811,12.51352],[76.16728,12.5128],[76.16261,12.51431],[76.16251,12.51583],[76.15721,12.51597],[76.15471,12.51687],[76.15278,12.51608],[76.1497,12.5169],[76.14819,12.51685],[76.14815,12.5163],[76.14745,12.51631],[76.14581,12.5167],[76.14452,12.51789],[76.14007,12.51837],[76.13735,12.51818],[76.13726,12.51767],[76.13496,12.51798],[76.13396,12.51858],[76.13389,12.52352],[76.13437,12.52359],[76.1349,12.53298],[76.13592,12.5379],[76.13948,12.53796],[76.14152,12.53672],[76.14355,12.53665],[76.14304,12.54013],[76.14377,12.54495],[76.1525,12.54641],[76.15072,12.54897],[76.1518,12.55428],[76.15333,12.55796],[76.15593,12.56156],[76.15641,12.56362],[76.15425,12.56377],[76.15459,12.56431],[76.1516,12.56534],[76.15141,12.56495],[76.14763,12.56589],[76.15019,12.5738],[76.14891,12.57386],[76.15181,12.57678],[76.15225,12.57889],[76.15183,12.57935],[76.15203,12.58022],[76.15449,12.57888],[76.15813,12.57855],[76.16676,12.58018],[76.17123,12.57882]]],[[[76.28789,12.55078],[76.28994,12.55049],[76.28789,12.55078]]]]}},{"type":"Feature","properties":{"unitId":633,"unitName":"Saligrama PS"},"geometry":{"type":"Polygon","coordinates":[[[76.35139,12.64259],[76.35214,12.64037],[76.35777,12.6356],[76.35848,12.6341],[76.36424,12.62677],[76.36338,12.6232],[76.36407,12.61926],[76.36493,12.61797],[76.36336,12.60949],[76.36465,12.60691],[76.37021,12.60597],[76.36931,12.60328],[76.37214,12.5979],[76.37505,12.58371],[76.37698,12.57868],[76.37696,12.57548],[76.39478,12.57257],[76.39648,12.56878],[76.39082,12.56469],[76.38697,12.5583],[76.3893,12.55176],[76.39546,12.55165],[76.39671,12.54704],[76.39738,12.54719],[76.39685,12.54507],[76.39595,12.54511],[76.39592,12.54369],[76.39483,12.54373],[76.3944,12.54229],[76.39189,12.53895],[76.39116,12.53931],[76.39051,12.53765],[76.38969,12.53727],[76.38898,12.5358],[76.38592,12.5359],[76.38361,12.53716],[76.37775,12.539],[76.37751,12.53836],[76.37931,12.53685],[76.37828,12.53362],[76.37755,12.53354],[76.37742,12.53266],[76.37529,12.53289],[76.37505,12.5315],[76.37199,12.52895],[76.37054,12.52529],[76.37293,12.52524],[76.37791,12.52399],[76.37861,12.52189],[76.37767,12.51825],[76.37998,12.51412],[76.38097,12.50708],[76.37987,12.50635],[76.37667,12.50049],[76.37358,12.50147],[76.36564,12.50902],[76.36387,12.50965],[76.3636,12.51218],[76.36074,12.51425],[76.36071,12.51528],[76.36218,12.51874],[76.36278,12.51895],[76.36357,12.52087],[76.3631,12.52112],[76.36317,12.52193],[76.3639,12.52378],[76.36326,12.52492],[76.36386,12.52776],[76.36274,12.52956],[76.36269,12.53417],[76.3616,12.53686],[76.35764,12.53794],[76.35755,12.53759],[76.35379,12.53827],[76.35323,12.53758],[76.3502,12.53792],[76.35057,12.53457],[76.34951,12.53475],[76.3486,12.53427],[76.34673,12.53164],[76.34679,12.53059],[76.34512,12.53106],[76.34516,12.52925],[76.34485,12.52935],[76.34375,12.52691],[76.34645,12.52406],[76.34631,12.52323],[76.34516,12.52248],[76.3456,12.52217],[76.34622,12.51759],[76.3439,12.51305],[76.34242,12.51187],[76.34316,12.51055],[76.34335,12.51101],[76.34704,12.50991],[76.34736,12.51211],[76.34786,12.51211],[76.34833,12.51315],[76.34883,12.51656],[76.34931,12.51699],[76.35069,12.51632],[76.35178,12.52213],[76.35348,12.52056],[76.35395,12.51925],[76.35742,12.51828],[76.35739,12.51644],[76.35652,12.515],[76.35603,12.51228],[76.35625,12.5099],[76.35567,12.50951],[76.35516,12.50794],[76.35332,12.50601],[76.35227,12.50524],[76.3515,12.50526],[76.3519,12.50381],[76.34653,12.50334],[76.34148,12.5055],[76.33703,12.50511],[76.33351,12.50675],[76.33291,12.50733],[76.33329,12.50872],[76.33139,12.50922],[76.32888,12.51124],[76.32767,12.51096],[76.32684,12.51207],[76.32677,12.51358],[76.32937,12.51539],[76.32937,12.51584],[76.32622,12.51645],[76.3258,12.51758],[76.32609,12.5207],[76.32527,12.52096],[76.32431,12.51971],[76.32246,12.51851],[76.31969,12.51807],[76.31843,12.51634],[76.31594,12.5148],[76.31542,12.51347],[76.31417,12.51218],[76.31133,12.51074],[76.30793,12.51102],[76.30585,12.51232],[76.30361,12.51269],[76.30322,12.51578],[76.30392,12.51772],[76.30494,12.51868],[76.30738,12.51921],[76.30609,12.51995],[76.30553,12.51981],[76.30552,12.51932],[76.30493,12.51943],[76.30474,12.52005],[76.30392,12.51951],[76.30335,12.51974],[76.30228,12.51919],[76.30207,12.51851],[76.30263,12.51821],[76.30171,12.51732],[76.30197,12.51666],[76.30092,12.51683],[76.30141,12.51536],[76.30079,12.51429],[76.30158,12.51239],[76.30312,12.51093],[76.30172,12.50982],[76.29996,12.5065],[76.2983,12.50567],[76.29483,12.50641],[76.29472,12.50492],[76.29298,12.50487],[76.29206,12.50568],[76.2902,12.50484],[76.29021,12.50554],[76.28378,12.50777],[76.27607,12.51348],[76.27134,12.51471],[76.27101,12.51331],[76.27108,12.51573],[76.26605,12.51613],[76.26557,12.51549],[76.26374,12.51601],[76.26213,12.51559],[76.25807,12.51642],[76.25637,12.51614],[76.2545,12.51691],[76.2514,12.52061],[76.24866,12.52231],[76.23587,12.52049],[76.22938,12.52118],[76.22721,12.52071],[76.22588,12.52147],[76.22505,12.52266],[76.22545,12.52537],[76.2273,12.52801],[76.2298,12.53032],[76.22961,12.53227],[76.22582,12.53504],[76.22304,12.53618],[76.22108,12.53606],[76.21829,12.53416],[76.21596,12.53049],[76.21412,12.52979],[76.21188,12.53074],[76.20558,12.53535],[76.19954,12.53519],[76.19522,12.5405],[76.19121,12.54282],[76.18588,12.54442],[76.18307,12.5461],[76.18158,12.54856],[76.1815,12.5533],[76.18032,12.55517],[76.17641,12.55812],[76.17602,12.56051],[76.1767,12.56187],[76.17752,12.56276],[76.1822,12.56423],[76.18397,12.56719],[76.18434,12.57223],[76.1819,12.57492],[76.1821,12.57562],[76.18257,12.57532],[76.18397,12.57721],[76.18634,12.57664],[76.19515,12.57713],[76.19655,12.57757],[76.19522,12.58056],[76.19476,12.58286],[76.19318,12.58387],[76.19227,12.58521],[76.19288,12.58577],[76.19312,12.58771],[76.19191,12.59007],[76.1934,12.5907],[76.19345,12.59154],[76.19339,12.59209],[76.19229,12.59233],[76.1922,12.59358],[76.19394,12.59538],[76.19539,12.59862],[76.19912,12.60439],[76.20048,12.60568],[76.20105,12.60681],[76.2009,12.60826],[76.20135,12.60969],[76.20435,12.61476],[76.20601,12.61639],[76.21351,12.61672],[76.21645,12.62531],[76.21298,12.6275],[76.20727,12.6291],[76.20677,12.63028],[76.20777,12.63355],[76.20754,12.63497],[76.20819,12.63497],[76.20836,12.63667],[76.20956,12.63821],[76.21151,12.63834],[76.21323,12.63925],[76.21806,12.64391],[76.21884,12.64362],[76.21905,12.64422],[76.21994,12.64439],[76.23114,12.64418],[76.23659,12.64093],[76.23673,12.63902],[76.2426,12.63835],[76.24391,12.63772],[76.24559,12.63592],[76.24697,12.63542],[76.24751,12.63184],[76.24572,12.62573],[76.24768,12.62593],[76.24973,12.62424],[76.25346,12.62353],[76.25328,12.62147],[76.25503,12.62059],[76.25652,12.62087],[76.25714,12.62203],[76.258,12.622],[76.26414,12.62024],[76.26546,12.61898],[76.26683,12.62392],[76.26654,12.62674],[76.26578,12.62856],[76.27035,12.62942],[76.27196,12.63042],[76.27715,12.63149],[76.27793,12.63201],[76.27803,12.63325],[76.27873,12.63316],[76.27934,12.63301],[76.27916,12.63115],[76.2815,12.63065],[76.27926,12.62354],[76.27932,12.61945],[76.27984,12.61715],[76.28285,12.61689],[76.28743,12.61556],[76.29077,12.61684],[76.29064,12.61874],[76.29223,12.62647],[76.29323,12.6266],[76.29359,12.6276],[76.29517,12.62719],[76.29564,12.62875],[76.29671,12.62809],[76.29871,12.62912],[76.29952,12.62895],[76.29985,12.62725],[76.29959,12.62622],[76.29915,12.6263],[76.29899,12.62488],[76.2995,12.62419],[76.30107,12.62468],[76.30099,12.62191],[76.30372,12.62175],[76.30483,12.62563],[76.30599,12.62517],[76.30665,12.62421],[76.30908,12.62337],[76.30837,12.62314],[76.30944,12.62229],[76.30921,12.62099],[76.30877,12.62115],[76.30859,12.62051],[76.30927,12.62032],[76.30908,12.61932],[76.30867,12.61728],[76.30654,12.61266],[76.30614,12.61116],[76.30638,12.60933],[76.3102,12.61057],[76.31763,12.6106],[76.32079,12.61225],[76.32602,12.60989],[76.32707,12.61003],[76.32808,12.61405],[76.32859,12.6137],[76.32898,12.61817],[76.32839,12.62102],[76.3284,12.62626],[76.32892,12.62651],[76.3238,12.63257],[76.32307,12.63254],[76.32264,12.63417],[76.32677,12.63729],[76.32812,12.63776],[76.3283,12.63884],[76.33013,12.64075],[76.33044,12.64183],[76.33233,12.64212],[76.33219,12.64342],[76.33879,12.64539],[76.33852,12.65021],[76.34066,12.65366],[76.34267,12.65477],[76.35222,12.65038],[76.35139,12.64259]],[[76.28664,12.55073],[76.28994,12.55049],[76.28664,12.55073]]]}},{"type":"Feature","properties":{"unitId":634,"unitName":"Jayapura PS"},"geometry":{"type":"MultiPolygon","coordinates":[[[[76.55295,12.32242],[76.5555,12.32189],[76.55935,12.32184],[76.55937,12.32226],[76.55998,12.32213],[76.55997,12.32172],[76.56266,12.32166],[76.56251,12.31898],[76.56297,12.3189],[76.56247,12.31706],[76.56311,12.3157],[76.56207,12.31462],[76.56143,12.31458],[76.56109,12.31356],[76.56108,12.30852],[76.56196,12.3084],[76.56128,12.30588],[76.56458,12.30495],[76.56645,12.30521],[76.56943,12.30458],[76.5722,12.30487],[76.57367,12.30573],[76.5784,12.3046],[76.58085,12.30502],[76.58086,12.30421],[76.58523,12.30231],[76.58684,12.29969],[76.58771,12.29619],[76.58874,12.29466],[76.58941,12.29471],[76.58948,12.29233],[76.59058,12.2923],[76.59188,12.29111],[76.59343,12.29119],[76.59338,12.28989],[76.5945,12.28853],[76.59461,12.28709],[76.5954,12.28706],[76.59581,12.28417],[76.59945,12.28461],[76.60107,12.27342],[76.60165,12.2652],[76.60367,12.26308],[76.61505,12.25854],[76.61518,12.25737],[76.61363,12.25382],[76.61041,12.25409],[76.61004,12.25293],[76.61114,12.25293],[76.61163,12.24859],[76.61535,12.24795],[76.61623,12.24713],[76.61742,12.24694],[76.61793,12.24656],[76.61787,12.24503],[76.61848,12.24401],[76.61687,12.23695],[76.61374,12.23742],[76.61347,12.23111],[76.60991,12.22879],[76.61067,12.21905],[76.61018,12.21904],[76.61006,12.21694],[76.61113,12.21347],[76.61037,12.20777],[76.60845,12.20808],[76.60835,12.20708],[76.60771,12.20712],[76.60713,12.20582],[76.60655,12.20582],[76.60624,12.20422],[76.60425,12.20458],[76.60412,12.20371],[76.6036,12.20377],[76.60334,12.20265],[76.60205,12.20153],[76.59856,12.20083],[76.59254,12.20125],[76.59111,12.19588],[76.59219,12.1964],[76.59307,12.19602],[76.59299,12.19487],[76.59452,12.19462],[76.59579,12.1936],[76.59535,12.19238],[76.59697,12.19205],[76.59685,12.19139],[76.59902,12.19022],[76.59915,12.18966],[76.60117,12.18903],[76.60056,12.18363],[76.60745,12.1821],[76.60802,12.18439],[76.60985,12.18496],[76.61327,12.18485],[76.61418,12.18347],[76.61577,12.18267],[76.62036,12.18438],[76.61967,12.17714],[76.62287,12.17596],[76.6222,12.17404],[76.62279,12.17318],[76.62262,12.17089],[76.62132,12.16551],[76.62311,12.16469],[76.62225,12.16363],[76.62345,12.16352],[76.62319,12.16188],[76.62564,12.161],[76.62482,12.15398],[76.62601,12.14872],[76.62033,12.14526],[76.61794,12.14437],[76.61473,12.14567],[76.61167,12.14786],[76.60676,12.14829],[76.60588,12.14361],[76.59915,12.14293],[76.59405,12.14366],[76.5936,12.14147],[76.5922,12.14133],[76.5919,12.14339],[76.59074,12.1432],[76.58912,12.14233],[76.58843,12.14136],[76.58718,12.14111],[76.58266,12.14209],[76.58113,12.14188],[76.57941,12.14299],[76.5776,12.13789],[76.57057,12.14156],[76.56883,12.14294],[76.55993,12.15431],[76.55412,12.15383],[76.55002,12.15184],[76.54639,12.15141],[76.54638,12.15235],[76.54563,12.15241],[76.54554,12.15143],[76.54148,12.15076],[76.53664,12.15089],[76.53729,12.1492],[76.53805,12.14374],[76.53829,12.13856],[76.54145,12.13408],[76.54644,12.1338],[76.54675,12.12879],[76.54607,12.1257],[76.54494,12.1261],[76.54416,12.12512],[76.54404,12.12294],[76.54293,12.1229],[76.54243,12.12141],[76.53678,12.12177],[76.53727,12.12444],[76.53132,12.12505],[76.53239,12.12725],[76.53279,12.13317],[76.53487,12.1468],[76.53221,12.14671],[76.53048,12.14589],[76.52993,12.14727],[76.52556,12.14814],[76.52456,12.14074],[76.52338,12.13944],[76.52173,12.13945],[76.52171,12.13856],[76.5147,12.13817],[76.51284,12.14014],[76.50962,12.14044],[76.50743,12.14176],[76.50559,12.14684],[76.50121,12.15375],[76.49494,12.16849],[76.48743,12.16905],[76.48947,12.15938],[76.48223,12.1391],[76.48102,12.13784],[76.48069,12.1363],[76.47854,12.13597],[76.47847,12.13506],[76.47511,12.1346],[76.46562,12.13568],[76.46461,12.13818],[76.46395,12.14417],[76.46623,12.14502],[76.46672,12.14624],[76.46656,12.14757],[76.4701,12.15364],[76.46634,12.15397],[76.46332,12.15348],[76.4615,12.15669],[76.45798,12.16071],[76.4539,12.16273],[76.46924,12.16556],[76.46786,12.1669],[76.46876,12.1691],[76.46825,12.17166],[76.46788,12.17213],[76.46546,12.17216],[76.45918,12.17091],[76.44889,12.17441],[76.44945,12.17353],[76.44317,12.17625],[76.4536,12.17624],[76.46111,12.18156],[76.46255,12.18376],[76.46393,12.18684],[76.46012,12.18917],[76.46026,12.18949],[76.46722,12.18941],[76.46887,12.18979],[76.47437,12.19341],[76.47456,12.19276],[76.47531,12.19313],[76.47582,12.19059],[76.47809,12.19271],[76.47949,12.19261],[76.48089,12.19448],[76.4829,12.19574],[76.48391,12.1971],[76.48331,12.19779],[76.48593,12.19775],[76.48637,12.1973],[76.48841,12.19784],[76.48849,12.19708],[76.48907,12.19744],[76.49134,12.19653],[76.49419,12.19642],[76.49483,12.19767],[76.49734,12.19765],[76.49641,12.19524],[76.49725,12.19502],[76.49762,12.18117],[76.50175,12.18136],[76.50697,12.18887],[76.51448,12.19455],[76.51609,12.19847],[76.516,12.20562],[76.51705,12.23077],[76.51836,12.23494],[76.51744,12.24435],[76.51423,12.24852],[76.5124,12.24886],[76.50833,12.24838],[76.50717,12.24912],[76.50844,12.25318],[76.50913,12.25826],[76.50893,12.25896],[76.50785,12.25928],[76.50765,12.2625],[76.50642,12.26286],[76.50648,12.26832],[76.50755,12.26897],[76.51078,12.26919],[76.51299,12.27081],[76.51536,12.27146],[76.51585,12.27344],[76.51953,12.27773],[76.52609,12.27646],[76.52655,12.27568],[76.53184,12.27641],[76.53632,12.27807],[76.53669,12.2767],[76.53783,12.27668],[76.53786,12.27834],[76.54085,12.27864],[76.54152,12.27925],[76.54166,12.27874],[76.54265,12.2788],[76.5429,12.27929],[76.54547,12.27957],[76.54611,12.27683],[76.55083,12.27685],[76.55022,12.27741],[76.55475,12.27714],[76.5549,12.27951],[76.55632,12.28273],[76.55322,12.28554],[76.55372,12.29243],[76.55316,12.29254],[76.55323,12.29346],[76.55363,12.29346],[76.55308,12.29892],[76.55354,12.29982],[76.5526,12.29981],[76.5524,12.30072],[76.54774,12.30065],[76.54522,12.30107],[76.54522,12.30162],[76.54481,12.30162],[76.5437,12.30151],[76.54368,12.30003],[76.54071,12.30016],[76.53863,12.29905],[76.53841,12.29947],[76.53733,12.29902],[76.53704,12.29954],[76.53277,12.29909],[76.53167,12.30176],[76.53427,12.3025],[76.53431,12.30416],[76.53122,12.30391],[76.52972,12.30795],[76.53871,12.30906],[76.54144,12.3085],[76.54369,12.3087],[76.5461,12.30978],[76.54812,12.30938],[76.54979,12.3099],[76.5514,12.31281],[76.55052,12.3148],[76.55071,12.31651],[76.55001,12.31782],[76.55206,12.31822],[76.5516,12.3224],[76.55295,12.32242]]],[[[76.53029,12.28947],[76.5279,12.28953],[76.52695,12.28992],[76.52673,12.29075],[76.52697,12.29242],[76.52607,12.29356],[76.52566,12.29828],[76.5265,12.29843],[76.5265,12.29928],[76.52755,12.3001],[76.52985,12.29662],[76.52946,12.29653],[76.53054,12.2955],[76.52987,12.28962],[76.53029,12.28947]]]]}},{"type":"Feature","properties":{"unitId":635,"unitName":"Mysore South PS"},"geometry":{"type":"MultiPolygon","coordinates":[[[[76.71066,12.27847],[76.71389,12.27836],[76.71392,12.27887],[76.71436,12.27885],[76.71533,12.27699],[76.71627,12.27696],[76.71729,12.27591],[76.71994,12.27567],[76.7198,12.27238],[76.72222,12.2667],[76.72238,12.26364],[76.72311,12.26359],[76.72346,12.26154],[76.72469,12.2603],[76.72545,12.25791],[76.72511,12.25728],[76.72248,12.25759],[76.72228,12.25644],[76.72134,12.25615],[76.72144,12.25555],[76.71961,12.25541],[76.7196,12.25426],[76.71669,12.25391],[76.71651,12.25293],[76.7148,12.25288],[76.71441,12.2491],[76.7138,12.24769],[76.71382,12.24565],[76.71457,12.24344],[76.71442,12.24111],[76.71368,12.23935],[76.71488,12.23249],[76.71417,12.23245],[76.71247,12.23105],[76.71196,12.22952],[76.71072,12.22978],[76.71043,12.23061],[76.70561,12.23091],[76.70523,12.2304],[76.69699,12.23008],[76.69503,12.22909],[76.6932,12.22992],[76.693,12.23107],[76.68966,12.23207],[76.68448,12.23197],[76.68411,12.22818],[76.68703,12.22777],[76.68741,12.22343],[76.68832,12.22033],[76.68835,12.21775],[76.69243,12.2176],[76.69216,12.21413],[76.69154,12.21258],[76.69336,12.20863],[76.69259,12.20771],[76.69138,12.20764],[76.69134,12.20587],[76.6916,12.20415],[76.6937,12.20379],[76.6941,12.20111],[76.69307,12.2006],[76.69295,12.19934],[76.69225,12.19914],[76.69214,12.19772],[76.6931,12.19746],[76.69319,12.19649],[76.6931,12.19547],[76.69246,12.19548],[76.69245,12.19487],[76.69339,12.19178],[76.69692,12.19251],[76.69625,12.18676],[76.69738,12.18585],[76.69727,12.18427],[76.69568,12.18425],[76.69567,12.18278],[76.69332,12.18193],[76.69332,12.18144],[76.69075,12.18085],[76.68916,12.179],[76.68798,12.17594],[76.68565,12.1772],[76.6843,12.17736],[76.68438,12.17937],[76.68364,12.17947],[76.68355,12.18171],[76.68229,12.18336],[76.68159,12.18567],[76.67756,12.18588],[76.67752,12.18322],[76.67413,12.18529],[76.67377,12.18233],[76.67217,12.18225],[76.67179,12.18158],[76.67009,12.18136],[76.66973,12.18066],[76.6703,12.1788],[76.66477,12.1788],[76.66341,12.17936],[76.66162,12.18149],[76.65785,12.18191],[76.65732,12.17978],[76.65481,12.18014],[76.65397,12.17843],[76.65279,12.17116],[76.64911,12.17299],[76.64807,12.17082],[76.64777,12.16852],[76.64634,12.1686],[76.64217,12.16704],[76.63351,12.16747],[76.63169,12.16455],[76.63048,12.16345],[76.62933,12.16296],[76.62746,12.16342],[76.62733,12.16085],[76.62433,12.16122],[76.62319,12.16188],[76.62345,12.16352],[76.62225,12.16363],[76.62311,12.16469],[76.62132,12.16551],[76.62262,12.17089],[76.62279,12.17318],[76.6222,12.17404],[76.62287,12.17596],[76.61967,12.17714],[76.62036,12.18438],[76.61577,12.18267],[76.61418,12.18347],[76.61327,12.18485],[76.60985,12.18496],[76.60802,12.18439],[76.60745,12.1821],[76.60056,12.18363],[76.60117,12.18903],[76.59915,12.18966],[76.59902,12.19022],[76.59685,12.19139],[76.59697,12.19205],[76.59535,12.19238],[76.59579,12.1936],[76.59452,12.19462],[76.59299,12.19487],[76.59307,12.19602],[76.59219,12.1964],[76.59111,12.19588],[76.59254,12.20125],[76.59856,12.20083],[76.60205,12.20153],[76.60334,12.20265],[76.6036,12.20377],[76.60412,12.20371],[76.60425,12.20458],[76.60624,12.20422],[76.60655,12.20582],[76.60713,12.20582],[76.60771,12.20712],[76.60835,12.20708],[76.60845,12.20808],[76.61037,12.20777],[76.61113,12.21347],[76.61006,12.21694],[76.61018,12.21904],[76.61067,12.21905],[76.60991,12.22879],[76.61347,12.23111],[76.61374,12.23742],[76.61687,12.23695],[76.61848,12.24401],[76.61787,12.24503],[76.61793,12.24656],[76.63174,12.2463],[76.63274,12.25291],[76.64112,12.25391],[76.64715,12.25836],[76.64862,12.25848],[76.64898,12.25667],[76.65067,12.25749],[76.65499,12.25804],[76.65582,12.26157],[76.65692,12.26172],[76.6575,12.26547],[76.6589,12.26535],[76.65859,12.26364],[76.65983,12.26331],[76.65876,12.26296],[76.65862,12.26106],[76.66343,12.26052],[76.66418,12.26221],[76.66363,12.26292],[76.664,12.26365],[76.66534,12.26283],[76.66613,12.26436],[76.66515,12.26574],[76.66531,12.2677],[76.67278,12.26614],[76.68376,12.26797],[76.687,12.26907],[76.67887,12.27199],[76.68034,12.27741],[76.68569,12.27844],[76.69959,12.28581],[76.70096,12.28602],[76.69996,12.28384],[76.70074,12.2826],[76.70375,12.28135],[76.7056,12.28125],[76.70521,12.27876],[76.71066,12.27847]]],[[[76.67456,12.35876],[76.69446,12.357],[76.69689,12.35391],[76.69866,12.3504],[76.70724,12.35276],[76.70885,12.35409],[76.71063,12.35441],[76.71262,12.35607],[76.71349,12.35605],[76.71337,12.35714],[76.71382,12.35735],[76.71831,12.35666],[76.71782,12.35337],[76.71696,12.35289],[76.71707,12.35188],[76.72067,12.35057],[76.72117,12.34889],[76.72195,12.34899],[76.72325,12.34689],[76.72656,12.34477],[76.72779,12.34456],[76.72803,12.34362],[76.73011,12.34285],[76.72963,12.34201],[76.72977,12.33833],[76.7306,12.33708],[76.73088,12.32796],[76.73201,12.31593],[76.73094,12.31167],[76.73135,12.30711],[76.73102,12.30546],[76.72936,12.30541],[76.7287,12.29809],[76.72944,12.29569],[76.73121,12.29486],[76.73154,12.29409],[76.73214,12.2921],[76.73208,12.29006],[76.73284,12.2899],[76.73294,12.28672],[76.72835,12.28687],[76.72801,12.2874],[76.72769,12.28672],[76.72576,12.28691],[76.72563,12.28641],[76.72338,12.28697],[76.72201,12.28563],[76.71732,12.28602],[76.71705,12.29169],[76.71776,12.29175],[76.7178,12.29341],[76.71871,12.29355],[76.71856,12.29562],[76.71749,12.29576],[76.71831,12.30476],[76.71699,12.30484],[76.71669,12.30743],[76.71711,12.30985],[76.71616,12.3093],[76.71542,12.31071],[76.71484,12.31298],[76.71421,12.31358],[76.7139,12.31679],[76.70264,12.31421],[76.70448,12.32378],[76.70686,12.32473],[76.70833,12.32401],[76.70851,12.32457],[76.70844,12.32528],[76.7061,12.32666],[76.70468,12.32828],[76.70522,12.33076],[76.7044,12.33145],[76.70441,12.33287],[76.70329,12.33297],[76.70324,12.33377],[76.70288,12.33383],[76.70131,12.33349],[76.69397,12.33417],[76.68766,12.33844],[76.68638,12.33833],[76.68479,12.3403],[76.68219,12.34112],[76.68094,12.34275],[76.67779,12.34223],[76.67759,12.34382],[76.67715,12.34373],[76.67656,12.34499],[76.67492,12.34462],[76.67449,12.34661],[76.67456,12.35876]]]]}},{"type":"Feature","properties":{"unitId":636,"unitName":"Varuna PS"},"geometry":{"type":"MultiPolygon","coordinates":[[[[76.80329,12.35555],[76.80504,12.35484],[76.80782,12.35492],[76.81146,12.35407],[76.81687,12.34957],[76.8156,12.3471],[76.81563,12.34611],[76.80726,12.34282],[76.80541,12.32986],[76.81073,12.32952],[76.81225,12.32836],[76.8133,12.32569],[76.81357,12.32314],[76.81445,12.32336],[76.81419,12.32053],[76.81643,12.31706],[76.81588,12.31641],[76.81122,12.31448],[76.81033,12.3151],[76.80784,12.31028],[76.8053,12.30985],[76.80529,12.30932],[76.80092,12.30888],[76.79814,12.30803],[76.79109,12.30789],[76.78749,12.30258],[76.7875,12.29961],[76.78835,12.2964],[76.79423,12.29214],[76.80036,12.29138],[76.80066,12.28734],[76.80388,12.28165],[76.80383,12.28063],[76.80538,12.27741],[76.80857,12.27756],[76.81024,12.27638],[76.81227,12.27371],[76.81404,12.27232],[76.81918,12.27166],[76.82015,12.27066],[76.82185,12.27046],[76.82187,12.27],[76.82303,12.27035],[76.82516,12.26998],[76.82488,12.26886],[76.82525,12.26803],[76.82374,12.26454],[76.82482,12.26408],[76.82413,12.26189],[76.82883,12.25952],[76.82993,12.25929],[76.83033,12.26047],[76.83094,12.26022],[76.83124,12.2567],[76.83238,12.25293],[76.83298,12.25121],[76.83483,12.24884],[76.83445,12.24517],[76.83592,12.24494],[76.83607,12.24375],[76.83614,12.23944],[76.83457,12.23811],[76.83633,12.23446],[76.83483,12.23117],[76.83387,12.22662],[76.83508,12.22118],[76.83516,12.21711],[76.83289,12.20906],[76.83166,12.20769],[76.82526,12.20393],[76.81903,12.19593],[76.81719,12.19443],[76.81421,12.20065],[76.80994,12.20205],[76.8086,12.20421],[76.80703,12.20542],[76.8069,12.20653],[76.80385,12.20696],[76.80397,12.20737],[76.80283,12.20769],[76.80325,12.20886],[76.80238,12.20915],[76.8024,12.20993],[76.80133,12.21038],[76.79915,12.21287],[76.79737,12.21613],[76.79749,12.21841],[76.79696,12.21865],[76.79695,12.21967],[76.79301,12.22089],[76.79256,12.22127],[76.79322,12.22263],[76.78641,12.22717],[76.78465,12.22598],[76.7789,12.23175],[76.77279,12.22959],[76.77196,12.22648],[76.76951,12.22733],[76.76586,12.22525],[76.76286,12.22145],[76.76058,12.21135],[76.75827,12.21007],[76.7554,12.20997],[76.75152,12.20055],[76.74878,12.20095],[76.74011,12.19989],[76.73517,12.20059],[76.73494,12.19931],[76.73441,12.19897],[76.73494,12.19819],[76.73445,12.19784],[76.73379,12.19528],[76.73429,12.19439],[76.73377,12.19245],[76.73286,12.19202],[76.72742,12.19181],[76.7272,12.19078],[76.72645,12.19102],[76.72598,12.18798],[76.71971,12.19096],[76.71652,12.19195],[76.7083,12.18903],[76.70758,12.19],[76.70743,12.19182],[76.70562,12.19216],[76.70426,12.19311],[76.70216,12.1956],[76.70262,12.19947],[76.7035,12.2006],[76.70458,12.20094],[76.70461,12.20226],[76.70033,12.20232],[76.70017,12.20196],[76.69906,12.202],[76.69888,12.20136],[76.69755,12.20087],[76.69737,12.20229],[76.6968,12.20226],[76.69552,12.20097],[76.6941,12.20111],[76.6937,12.20379],[76.6916,12.20415],[76.69129,12.20743],[76.69259,12.20771],[76.69336,12.20863],[76.69154,12.21258],[76.69216,12.21413],[76.69243,12.2176],[76.68835,12.21775],[76.68832,12.22033],[76.68741,12.22343],[76.68703,12.22777],[76.68411,12.22818],[76.68448,12.23197],[76.68966,12.23207],[76.693,12.23107],[76.6932,12.22992],[76.69435,12.22914],[76.69699,12.23008],[76.70523,12.2304],[76.70561,12.23091],[76.71043,12.23061],[76.71072,12.22978],[76.71196,12.22952],[76.71247,12.23105],[76.71492,12.23264],[76.71368,12.23935],[76.71442,12.24111],[76.71457,12.24344],[76.71382,12.24565],[76.7138,12.24769],[76.71441,12.2491],[76.7148,12.25288],[76.71651,12.25293],[76.71669,12.25391],[76.7196,12.25426],[76.71961,12.25541],[76.72144,12.25555],[76.72134,12.25615],[76.72228,12.25644],[76.72248,12.25759],[76.72511,12.25728],[76.7254,12.25842],[76.72469,12.2603],[76.72334,12.26187],[76.72996,12.26157],[76.73303,12.26236],[76.73292,12.26298],[76.736,12.26355],[76.73471,12.27093],[76.73385,12.27321],[76.73411,12.27595],[76.73526,12.27516],[76.73537,12.27551],[76.73611,12.27538],[76.73616,12.27591],[76.73684,12.27575],[76.73716,12.27731],[76.73957,12.27752],[76.74068,12.27705],[76.741,12.2781],[76.74015,12.27986],[76.73553,12.281],[76.73492,12.28173],[76.73361,12.28212],[76.73284,12.2899],[76.73208,12.29006],[76.73214,12.2921],[76.73121,12.29486],[76.72944,12.29569],[76.7287,12.29809],[76.72936,12.30541],[76.73102,12.30546],[76.73135,12.30711],[76.73094,12.31167],[76.73174,12.31552],[76.73495,12.31985],[76.73613,12.32292],[76.74158,12.32184],[76.74348,12.3204],[76.74332,12.31864],[76.74269,12.31754],[76.7432,12.31744],[76.74343,12.31612],[76.7439,12.31601],[76.74365,12.31551],[76.7442,12.31403],[76.74432,12.31434],[76.74477,12.31406],[76.74434,12.31096],[76.74372,12.3109],[76.74389,12.30999],[76.7458,12.30955],[76.74616,12.30782],[76.74829,12.30851],[76.74904,12.3056],[76.75036,12.30542],[76.75047,12.30421],[76.75227,12.30375],[76.75193,12.30203],[76.75322,12.30181],[76.75344,12.30323],[76.75388,12.30325],[76.75372,12.30428],[76.75563,12.30456],[76.75741,12.30413],[76.75753,12.30503],[76.75848,12.3053],[76.75914,12.30699],[76.7613,12.30818],[76.76475,12.31246],[76.76381,12.31238],[76.76266,12.31535],[76.76299,12.31544],[76.7633,12.31818],[76.76277,12.32023],[76.76381,12.32143],[76.76443,12.32806],[76.76355,12.32798],[76.76398,12.33013],[76.76391,12.33055],[76.76314,12.33062],[76.76317,12.3311],[76.76328,12.33194],[76.76387,12.33199],[76.76221,12.33423],[76.76183,12.33817],[76.76323,12.33958],[76.76566,12.34635],[76.76588,12.35117],[76.7668,12.35164],[76.76879,12.35135],[76.76932,12.35201],[76.77138,12.35097],[76.77171,12.3514],[76.77566,12.35196],[76.77694,12.35266],[76.77796,12.35247],[76.7786,12.35159],[76.78171,12.35204],[76.78247,12.35031],[76.78217,12.34946],[76.78306,12.34935],[76.78313,12.34785],[76.78909,12.34703],[76.79097,12.34739],[76.79068,12.34862],[76.79131,12.34875],[76.79133,12.34947],[76.79217,12.3495],[76.79294,12.35195],[76.79341,12.35208],[76.7947,12.35456],[76.79585,12.35426],[76.7967,12.35556],[76.79763,12.35577],[76.7995,12.35583],[76.79984,12.35542],[76.79982,12.35605],[76.80079,12.35622],[76.7998,12.35703],[76.80329,12.35555]]],[[[76.31586,12.03964],[76.31499,12.04005],[76.31641,12.03989],[76.31586,12.03964]]]]}},{"type":"Feature","properties":{"unitId":637,"unitName":"Yelawala PS"},"geometry":{"type":"Polygon","coordinates":[[[76.51968,12.45023],[76.52283,12.44851],[76.52605,12.44567],[76.53129,12.4424],[76.53497,12.44154],[76.54594,12.44057],[76.54904,12.43919],[76.55298,12.43615],[76.55605,12.43245],[76.55849,12.431],[76.56262,12.42732],[76.56519,12.42604],[76.56904,12.4252],[76.56847,12.42435],[76.56789,12.41825],[76.56752,12.41821],[76.56769,12.41116],[76.56604,12.40466],[76.56578,12.39913],[76.55743,12.40108],[76.55579,12.39566],[76.55556,12.39267],[76.55462,12.39124],[76.5592,12.39017],[76.55947,12.38707],[76.56077,12.3841],[76.56492,12.38272],[76.56499,12.3821],[76.56581,12.38189],[76.56544,12.37824],[76.56951,12.37324],[76.57013,12.37368],[76.57101,12.37286],[76.57288,12.37334],[76.57464,12.37245],[76.57957,12.37238],[76.57986,12.37331],[76.58118,12.37299],[76.58181,12.37427],[76.5835,12.37426],[76.58616,12.37521],[76.58313,12.36959],[76.58131,12.36831],[76.58091,12.36575],[76.57792,12.36588],[76.57646,12.36438],[76.57658,12.36157],[76.57567,12.35506],[76.57445,12.35446],[76.57305,12.35446],[76.5694,12.3492],[76.56751,12.34472],[76.56793,12.34245],[76.57115,12.33628],[76.572,12.33341],[76.5815,12.33387],[76.58184,12.33339],[76.58137,12.33158],[76.5822,12.33151],[76.58217,12.32225],[76.57696,12.31396],[76.57739,12.31239],[76.58087,12.30923],[76.58091,12.30512],[76.5784,12.3046],[76.57367,12.30573],[76.5722,12.30487],[76.56943,12.30458],[76.56645,12.30521],[76.56458,12.30495],[76.56128,12.30588],[76.56196,12.3084],[76.56108,12.30852],[76.56109,12.31356],[76.56143,12.31458],[76.56207,12.31462],[76.56311,12.3157],[76.56247,12.31706],[76.56297,12.3189],[76.56251,12.31898],[76.56266,12.32166],[76.55997,12.32172],[76.55998,12.32213],[76.55937,12.32226],[76.55935,12.32184],[76.5555,12.32189],[76.5516,12.3224],[76.55206,12.31822],[76.55001,12.31782],[76.55071,12.31651],[76.55052,12.3148],[76.5514,12.31281],[76.54979,12.3099],[76.54812,12.30938],[76.5461,12.30978],[76.54369,12.3087],[76.54144,12.3085],[76.53871,12.30906],[76.52972,12.30795],[76.53122,12.30391],[76.53431,12.30416],[76.53427,12.3025],[76.53167,12.30176],[76.53277,12.29909],[76.53704,12.29954],[76.53733,12.29902],[76.53841,12.29947],[76.53863,12.29905],[76.54071,12.30016],[76.54368,12.30003],[76.5437,12.30151],[76.54481,12.30162],[76.54522,12.30162],[76.54522,12.30107],[76.54774,12.30065],[76.5524,12.30072],[76.5526,12.29981],[76.55354,12.29982],[76.55308,12.29892],[76.55363,12.29346],[76.55323,12.29346],[76.55316,12.29254],[76.55372,12.29243],[76.55322,12.28554],[76.55632,12.28273],[76.5549,12.27951],[76.55475,12.27714],[76.55022,12.27741],[76.55083,12.27685],[76.54611,12.27683],[76.54547,12.27957],[76.5429,12.27929],[76.54265,12.2788],[76.54166,12.27874],[76.54152,12.27925],[76.54085,12.27864],[76.53786,12.27834],[76.53783,12.27668],[76.53669,12.2767],[76.53632,12.27807],[76.53184,12.27641],[76.52655,12.27568],[76.52609,12.27646],[76.51953,12.27773],[76.51585,12.27344],[76.51536,12.27146],[76.51299,12.27081],[76.51078,12.26919],[76.50755,12.26897],[76.50633,12.26825],[76.4893,12.26993],[76.48633,12.27092],[76.48423,12.2689],[76.48558,12.28065],[76.48655,12.28304],[76.48609,12.28349],[76.4917,12.29848],[76.49203,12.30242],[76.494,12.30809],[76.49874,12.32],[76.50098,12.32247],[76.50195,12.3299],[76.50501,12.33697],[76.50733,12.34466],[76.51487,12.35244],[76.51683,12.35368],[76.51827,12.3539],[76.51596,12.35595],[76.51485,12.35869],[76.50932,12.36006],[76.50622,12.35969],[76.50064,12.36017],[76.49271,12.35921],[76.48974,12.36532],[76.49027,12.37106],[76.48994,12.37506],[76.48428,12.37563],[76.48155,12.37638],[76.47365,12.38048],[76.46805,12.38187],[76.46743,12.38737],[76.46582,12.39116],[76.46303,12.39158],[76.46331,12.39412],[76.46609,12.39437],[76.46631,12.39874],[76.46682,12.3988],[76.46753,12.40311],[76.46658,12.40952],[76.4668,12.41084],[76.46781,12.41089],[76.46788,12.41167],[76.46735,12.41203],[76.46916,12.4122],[76.47136,12.41409],[76.47251,12.41444],[76.47351,12.41536],[76.47374,12.41635],[76.47205,12.4195],[76.46771,12.41962],[76.46721,12.4206],[76.4673,12.42302],[76.4681,12.42296],[76.46849,12.42222],[76.47026,12.42298],[76.46855,12.42413],[76.46918,12.42417],[76.47011,12.4255],[76.47005,12.42626],[76.46947,12.4271],[76.46741,12.42833],[76.46677,12.43058],[76.46529,12.43258],[76.46241,12.43327],[76.4613,12.4342],[76.46149,12.43665],[76.45941,12.43835],[76.45873,12.44026],[76.45974,12.44163],[76.46547,12.44519],[76.46961,12.44697],[76.47239,12.44889],[76.47712,12.45016],[76.47913,12.44985],[76.48229,12.44772],[76.48716,12.44706],[76.48962,12.44501],[76.49186,12.4443],[76.493,12.44548],[76.49649,12.44561],[76.49796,12.44671],[76.49954,12.44905],[76.49899,12.44917],[76.4988,12.45035],[76.50464,12.45171],[76.50692,12.45179],[76.51021,12.45334],[76.51332,12.45378],[76.51968,12.45023]],[[76.52982,12.28949],[76.53029,12.28947],[76.52987,12.28962],[76.53054,12.2955],[76.52946,12.29653],[76.52985,12.29662],[76.52755,12.3001],[76.5265,12.29928],[76.5265,12.29843],[76.52566,12.29828],[76.52607,12.29356],[76.52695,12.29255],[76.52695,12.28992],[76.52982,12.28949]]]}},{"type":"Feature","properties":{"unitId":638,"unitName":"Biligere PS"},"geometry":{"type":"Polygon","coordinates":[[[76.78053,12.23011],[76.78465,12.22598],[76.78641,12.22717],[76.79322,12.22263],[76.79256,12.22127],[76.79301,12.22089],[76.79695,12.21967],[76.79696,12.21865],[76.79749,12.21841],[76.79737,12.21613],[76.79915,12.21287],[76.80133,12.21038],[76.8024,12.20993],[76.80238,12.20915],[76.80325,12.20886],[76.80283,12.20769],[76.80397,12.20737],[76.80385,12.20696],[76.8069,12.20653],[76.80703,12.20542],[76.8086,12.20421],[76.80994,12.20205],[76.81421,12.20065],[76.81719,12.19443],[76.81903,12.19593],[76.82526,12.20393],[76.83166,12.20769],[76.83289,12.20906],[76.83516,12.21711],[76.83508,12.22118],[76.83385,12.22599],[76.83487,12.22603],[76.8355,12.22533],[76.83778,12.22543],[76.83957,12.22715],[76.84096,12.22674],[76.84101,12.22746],[76.84221,12.22761],[76.84222,12.22597],[76.84285,12.22542],[76.84046,12.22367],[76.84034,12.22257],[76.84186,12.22251],[76.84199,12.22057],[76.84257,12.22025],[76.84323,12.22034],[76.84331,12.22285],[76.84373,12.22298],[76.84361,12.21874],[76.84446,12.21893],[76.84473,12.2151],[76.84591,12.21525],[76.84608,12.21451],[76.84695,12.21444],[76.85009,12.21504],[76.85192,12.21609],[76.85602,12.21625],[76.85673,12.21121],[76.85752,12.20908],[76.85783,12.20862],[76.85863,12.2087],[76.85888,12.20757],[76.86256,12.20757],[76.86394,12.20818],[76.86865,12.2077],[76.86727,12.20246],[76.86793,12.19954],[76.86697,12.199],[76.86757,12.19619],[76.86635,12.19619],[76.86623,12.19551],[76.86447,12.1956],[76.86408,12.19163],[76.86125,12.18842],[76.85744,12.18603],[76.85724,12.18401],[76.85605,12.18096],[76.85148,12.17922],[76.85118,12.17956],[76.85211,12.17733],[76.8532,12.17094],[76.8518,12.17077],[76.85186,12.17006],[76.8501,12.16939],[76.8498,12.17057],[76.84922,12.17047],[76.84944,12.16901],[76.84846,12.16919],[76.84853,12.1684],[76.84553,12.1691],[76.84639,12.16392],[76.85073,12.16349],[76.85086,12.16116],[76.85177,12.16116],[76.85229,12.16044],[76.85195,12.16034],[76.85214,12.15903],[76.84732,12.15815],[76.84448,12.1563],[76.84222,12.15603],[76.84078,12.1569],[76.84154,12.14808],[76.84095,12.14523],[76.83922,12.14515],[76.83797,12.14337],[76.83744,12.14116],[76.83461,12.13879],[76.83231,12.1357],[76.83112,12.13558],[76.83122,12.13273],[76.83434,12.12709],[76.83796,12.12408],[76.83811,12.12333],[76.84052,12.12298],[76.84444,12.12026],[76.8453,12.11915],[76.84517,12.11345],[76.83684,12.11233],[76.83684,12.11002],[76.83412,12.11032],[76.83396,12.10838],[76.83214,12.10809],[76.83064,12.10962],[76.83039,12.11913],[76.83079,12.11918],[76.83076,12.11982],[76.83131,12.11986],[76.83122,12.1245],[76.82567,12.12448],[76.82518,12.12486],[76.81827,12.12556],[76.8179,12.12127],[76.8168,12.1176],[76.81685,12.11607],[76.81766,12.1161],[76.8178,12.11329],[76.81456,12.11318],[76.81438,12.11725],[76.81236,12.117],[76.81204,12.11279],[76.80784,12.11259],[76.80782,12.11212],[76.80565,12.1118],[76.79816,12.11146],[76.79818,12.11114],[76.79614,12.11063],[76.79161,12.1103],[76.79174,12.10682],[76.78907,12.10672],[76.78868,12.10516],[76.78471,12.10493],[76.78447,12.10388],[76.78522,12.09864],[76.78785,12.09897],[76.78892,12.09384],[76.78825,12.09302],[76.7881,12.09011],[76.78644,12.08882],[76.78703,12.08718],[76.78598,12.08098],[76.78512,12.08087],[76.78553,12.07873],[76.78101,12.07866],[76.77608,12.07668],[76.77596,12.07574],[76.77015,12.07466],[76.77027,12.0776],[76.76769,12.07787],[76.76494,12.08085],[76.7631,12.0808],[76.76297,12.0826],[76.76146,12.08253],[76.76154,12.08358],[76.76087,12.0838],[76.76184,12.08606],[76.75856,12.08686],[76.75628,12.08669],[76.75547,12.087],[76.7554,12.08822],[76.75183,12.0894],[76.75187,12.08972],[76.7504,12.08988],[76.75029,12.08878],[76.73825,12.09045],[76.73504,12.09432],[76.73382,12.09764],[76.72845,12.09762],[76.72083,12.09992],[76.71804,12.10023],[76.7207,12.10158],[76.72097,12.10284],[76.72002,12.10305],[76.72008,12.10782],[76.71954,12.10971],[76.72044,12.11095],[76.72085,12.11296],[76.71993,12.1136],[76.72025,12.11718],[76.71953,12.11854],[76.71928,12.12104],[76.71736,12.12113],[76.71749,12.12163],[76.71945,12.12186],[76.71997,12.12511],[76.71728,12.12489],[76.71475,12.12391],[76.71425,12.12396],[76.71361,12.1256],[76.71178,12.124],[76.70813,12.1269],[76.70957,12.12939],[76.71085,12.13595],[76.71771,12.14131],[76.71989,12.14471],[76.72173,12.14985],[76.7231,12.15138],[76.72738,12.15094],[76.72983,12.14937],[76.73436,12.14086],[76.73611,12.13919],[76.73902,12.13797],[76.74172,12.13749],[76.74271,12.13794],[76.74446,12.14032],[76.74577,12.14334],[76.74615,12.14672],[76.7503,12.15198],[76.7529,12.15298],[76.75829,12.15348],[76.76214,12.15524],[76.76091,12.15652],[76.75964,12.15633],[76.75925,12.1567],[76.75881,12.15907],[76.75965,12.15697],[76.76137,12.15786],[76.76118,12.16215],[76.76458,12.16385],[76.76372,12.16974],[76.76493,12.17035],[76.76353,12.1736],[76.7636,12.17788],[76.76233,12.1775],[76.76127,12.18284],[76.76046,12.18462],[76.76027,12.18859],[76.75989,12.18856],[76.75981,12.18952],[76.76059,12.19121],[76.76149,12.19133],[76.76135,12.19239],[76.76514,12.19758],[76.76695,12.20269],[76.7645,12.20432],[76.76199,12.20525],[76.76116,12.20651],[76.75857,12.20793],[76.76058,12.21135],[76.76286,12.22145],[76.76586,12.22525],[76.76951,12.22733],[76.77196,12.22648],[76.77279,12.22959],[76.7789,12.23175],[76.78053,12.23011]]]}},{"type":"Feature","properties":{"unitId":639,"unitName":"Hullahalli PS"},"geometry":{"type":"Polygon","coordinates":[[[76.56006,12.15375],[76.56883,12.14294],[76.57057,12.14156],[76.57747,12.13789],[76.57941,12.14299],[76.58113,12.14188],[76.58266,12.14209],[76.58718,12.14111],[76.58843,12.14136],[76.58912,12.14233],[76.59074,12.1432],[76.5919,12.14339],[76.5922,12.14133],[76.5936,12.14147],[76.59405,12.14366],[76.59915,12.14293],[76.60542,12.14366],[76.60638,12.14349],[76.60604,12.14192],[76.607,12.14174],[76.60659,12.13671],[76.60707,12.13463],[76.60791,12.13444],[76.60759,12.13066],[76.60797,12.12907],[76.6059,12.1198],[76.60178,12.1199],[76.5993,12.11943],[76.59468,12.11541],[76.59355,12.11514],[76.59045,12.11498],[76.58294,12.11635],[76.58208,12.11463],[76.58118,12.11389],[76.58059,12.11129],[76.57996,12.10458],[76.58018,12.10245],[76.58643,12.10154],[76.58604,12.09443],[76.58874,12.09385],[76.58873,12.0887],[76.5913,12.08849],[76.59321,12.08758],[76.59316,12.0869],[76.59741,12.08394],[76.59751,12.08307],[76.59446,12.08127],[76.59377,12.07813],[76.58838,12.08048],[76.57717,12.08253],[76.57659,12.08179],[76.57549,12.0818],[76.57485,12.07856],[76.57408,12.07858],[76.57411,12.0769],[76.57362,12.07631],[76.57299,12.07634],[76.57252,12.0755],[76.57252,12.07367],[76.57141,12.06958],[76.572,12.06927],[76.57164,12.0677],[76.56728,12.06175],[76.56604,12.05742],[76.56612,12.05579],[76.56479,12.05224],[76.56524,12.04861],[76.56597,12.04831],[76.56745,12.04543],[76.56542,12.03915],[76.56638,12.03136],[76.56727,12.02831],[76.57222,12.03105],[76.57139,12.02903],[76.57083,12.02461],[76.57009,12.02467],[76.56976,12.02069],[76.57024,12.02027],[76.57078,12.01377],[76.5754,12.0066],[76.57311,11.99361],[76.57847,11.98814],[76.57707,11.98313],[76.57639,11.97348],[76.57322,11.96774],[76.57205,11.96473],[76.5728,11.96481],[76.55772,11.94786],[76.56028,11.94429],[76.56347,11.94353],[76.57145,11.93949],[76.57165,11.93647],[76.57068,11.92735],[76.57202,11.92696],[76.57301,11.92504],[76.57673,11.92253],[76.57188,11.90803],[76.57232,11.90813],[76.57142,11.90396],[76.5707,11.90361],[76.56851,11.89962],[76.57143,11.89984],[76.56554,11.89265],[76.5641,11.89303],[76.56436,11.8914],[76.55728,11.89339],[76.55312,11.85773],[76.54565,11.86286],[76.53187,11.87448],[76.51756,11.86849],[76.5007,11.86307],[76.48921,11.86332],[76.48695,11.85914],[76.46269,11.86008],[76.45991,11.86115],[76.45785,11.86107],[76.45599,11.86872],[76.45731,11.86822],[76.47742,11.86733],[76.46646,11.87492],[76.47231,11.8778],[76.47387,11.87847],[76.4768,11.87791],[76.48281,11.87309],[76.48268,11.87678],[76.47999,11.88261],[76.47138,11.87924],[76.46466,11.87953],[76.46272,11.88497],[76.46283,11.88547],[76.46447,11.88548],[76.46435,11.88633],[76.46503,11.88659],[76.4657,11.88946],[76.46793,11.88938],[76.46864,11.88877],[76.469,11.89052],[76.47217,11.89383],[76.47632,11.88808],[76.48828,11.88969],[76.50151,11.89978],[76.49468,11.90992],[76.48973,11.91148],[76.49024,11.91278],[76.49015,11.9143],[76.48955,11.91524],[76.48998,11.91838],[76.49144,11.91882],[76.49172,11.92067],[76.48952,11.92437],[76.48928,11.93321],[76.48989,11.93643],[76.48876,11.93798],[76.48899,11.94006],[76.48505,11.93952],[76.48444,11.93931],[76.48439,11.9387],[76.48287,11.93833],[76.48155,11.93845],[76.47537,11.93038],[76.47215,11.92475],[76.47116,11.93428],[76.4746,11.94742],[76.48566,11.94701],[76.48668,11.94748],[76.48772,11.94937],[76.49027,11.94946],[76.48851,11.95302],[76.48905,11.95531],[76.49012,11.95754],[76.49168,11.95921],[76.49257,11.95952],[76.49238,11.96111],[76.49291,11.96197],[76.49202,11.96351],[76.49446,11.96505],[76.49383,11.96737],[76.49413,11.96776],[76.49323,11.96832],[76.49393,11.96892],[76.49275,11.96965],[76.49339,11.9706],[76.49836,11.97161],[76.501,11.97157],[76.50026,11.97433],[76.49935,11.98392],[76.49578,11.99216],[76.49403,11.99194],[76.49384,11.9908],[76.49324,11.99064],[76.49318,11.98941],[76.49203,11.9892],[76.49151,11.99066],[76.49172,11.99154],[76.48766,11.99111],[76.48497,11.99288],[76.48347,11.99316],[76.48317,11.99561],[76.48366,11.99938],[76.48513,12.00025],[76.48682,11.99962],[76.48767,11.99827],[76.48846,11.99823],[76.49669,12.00281],[76.49837,12.00227],[76.49987,12.00281],[76.50106,12.00254],[76.50205,12.00211],[76.50297,12.00047],[76.50421,12.00134],[76.50506,12.00442],[76.50642,12.00684],[76.50506,12.01057],[76.50644,12.01581],[76.50625,12.01648],[76.50477,12.01782],[76.50217,12.01807],[76.5003,12.01765],[76.49881,12.01953],[76.50063,12.02207],[76.50285,12.02259],[76.50435,12.02407],[76.50491,12.02713],[76.50707,12.02789],[76.50762,12.02916],[76.50734,12.03056],[76.50778,12.03253],[76.5043,12.03322],[76.49671,12.03297],[76.49195,12.03356],[76.48716,12.03322],[76.48737,12.03118],[76.48617,12.03078],[76.486,12.02974],[76.48325,12.02881],[76.4833,12.0281],[76.48009,12.02648],[76.47941,12.027],[76.47665,12.02661],[76.4638,12.03317],[76.46839,12.03699],[76.47881,12.04352],[76.46155,12.03988],[76.46708,12.04812],[76.47088,12.0516],[76.47424,12.0582],[76.47383,12.05894],[76.4678,12.06063],[76.46577,12.0614],[76.46573,12.06198],[76.46044,12.05867],[76.45341,12.05974],[76.4491,12.05105],[76.44331,12.05414],[76.44071,12.05451],[76.44073,12.0566],[76.43837,12.0569],[76.43421,12.05878],[76.43222,12.06574],[76.43356,12.0726],[76.43463,12.07537],[76.43431,12.07844],[76.4366,12.07855],[76.44425,12.07721],[76.45084,12.07816],[76.45014,12.08071],[76.44991,12.08585],[76.44867,12.08612],[76.44848,12.09092],[76.4509,12.0934],[76.45178,12.09594],[76.4413,12.0916],[76.43969,12.09553],[76.43865,12.10306],[76.43918,12.10382],[76.4391,12.10475],[76.43788,12.11072],[76.43646,12.11482],[76.43548,12.11474],[76.43431,12.11802],[76.44122,12.11947],[76.4511,12.11647],[76.45332,12.11634],[76.45224,12.10966],[76.45314,12.10521],[76.45279,12.10099],[76.45311,12.09934],[76.4576,12.10161],[76.45812,12.10394],[76.45963,12.10385],[76.45969,12.10343],[76.46225,12.10429],[76.46191,12.10501],[76.46343,12.10911],[76.46686,12.10955],[76.46912,12.1053],[76.47163,12.10182],[76.47155,12.09804],[76.4722,12.09656],[76.47355,12.09581],[76.48216,12.09575],[76.48486,12.09673],[76.48743,12.09815],[76.49534,12.10445],[76.49705,12.10494],[76.50256,12.10508],[76.50895,12.10386],[76.51327,12.10233],[76.51437,12.10248],[76.51848,12.10491],[76.52137,12.10476],[76.52781,12.09981],[76.52909,12.10032],[76.53006,12.1015],[76.53139,12.10524],[76.53274,12.10718],[76.53589,12.10852],[76.53828,12.1104],[76.53746,12.11255],[76.53673,12.11265],[76.53678,12.12177],[76.54243,12.12141],[76.54293,12.1229],[76.54404,12.12294],[76.54416,12.12512],[76.54494,12.1261],[76.54607,12.1257],[76.54675,12.12879],[76.54644,12.1338],[76.54145,12.13408],[76.53829,12.13856],[76.53805,12.14374],[76.53729,12.1492],[76.53664,12.15089],[76.54148,12.15076],[76.54554,12.15143],[76.54563,12.15241],[76.54638,12.15235],[76.54639,12.15141],[76.55002,12.15184],[76.55412,12.15383],[76.55993,12.15431],[76.56006,12.15375]]]}},{"type":"Feature","properties":{"unitId":640,"unitName":"Kowlande PS"},"geometry":{"type":"Polygon","coordinates":[[[76.82518,12.12486],[76.82567,12.12448],[76.83122,12.1245],[76.83131,12.11986],[76.83076,12.11982],[76.83079,12.11918],[76.83039,12.11913],[76.83064,12.10962],[76.83214,12.10809],[76.83396,12.10838],[76.83412,12.11032],[76.83684,12.11002],[76.83684,12.11233],[76.84143,12.11271],[76.84348,12.11351],[76.84515,12.1132],[76.84745,12.11619],[76.84775,12.11763],[76.85018,12.11762],[76.8502,12.11689],[76.85159,12.11709],[76.8529,12.11644],[76.8606,12.11582],[76.86811,12.11788],[76.87418,12.11569],[76.87663,12.11544],[76.87633,12.11364],[76.87719,12.11344],[76.87672,12.11058],[76.87734,12.10495],[76.87787,12.10494],[76.87834,12.1041],[76.87969,12.10427],[76.87978,12.10217],[76.8785,12.09992],[76.88052,12.09806],[76.88141,12.09372],[76.8811,12.09123],[76.88206,12.09124],[76.88218,12.08714],[76.88393,12.08325],[76.88086,12.0808],[76.88042,12.07966],[76.87975,12.07994],[76.87461,12.07507],[76.87065,12.06378],[76.86143,12.06261],[76.85442,12.0624],[76.85281,12.06018],[76.86321,12.06042],[76.8674,12.06005],[76.86845,12.05976],[76.86827,12.05827],[76.86966,12.05807],[76.87058,12.05605],[76.88126,12.0583],[76.88761,12.05738],[76.88761,12.05883],[76.89066,12.05876],[76.89068,12.05551],[76.88927,12.05547],[76.8889,12.0523],[76.8889,12.0514],[76.88939,12.05166],[76.89005,12.05119],[76.89001,12.04977],[76.89306,12.04949],[76.89272,12.04866],[76.89336,12.04841],[76.90072,12.04692],[76.89924,12.04553],[76.89903,12.04342],[76.89976,12.04332],[76.90057,12.04398],[76.90047,12.04348],[76.90164,12.04337],[76.90172,12.04469],[76.90285,12.04513],[76.9032,12.04335],[76.90476,12.04325],[76.90472,12.04249],[76.90928,12.04228],[76.90927,12.04169],[76.91033,12.04166],[76.91053,12.0366],[76.91328,12.03552],[76.91337,12.03212],[76.91523,12.02578],[76.91863,12.02686],[76.92801,12.02598],[76.93055,12.02605],[76.93233,12.02711],[76.93892,12.02655],[76.939,12.02304],[76.93808,12.02273],[76.93805,12.0177],[76.93591,12.01313],[76.93272,12.01361],[76.93111,12.01355],[76.93093,12.01273],[76.92357,12.01322],[76.924,12.01307],[76.92407,12.01227],[76.92245,12.01254],[76.92032,12.01074],[76.91996,12.00941],[76.91827,12.00733],[76.9172,12.00708],[76.91579,12.00573],[76.90902,12.00216],[76.90809,12.00152],[76.90823,12.00081],[76.90751,12.00012],[76.90553,11.99936],[76.90555,11.99875],[76.89905,11.99837],[76.88652,11.99955],[76.88383,12.00718],[76.88432,12.01219],[76.88352,12.01282],[76.88336,12.01574],[76.88235,12.01528],[76.87893,12.01086],[76.8771,12.0101],[76.8761,12.0085],[76.87394,12.00852],[76.87375,12.00751],[76.87328,12.00753],[76.87296,12.00566],[76.86593,12.00562],[76.86107,12.00737],[76.85836,12.00759],[76.85816,12.00324],[76.85786,12.00226],[76.85674,12.00229],[76.85634,11.99958],[76.85268,11.99912],[76.84908,11.99945],[76.8458,11.99897],[76.84584,11.99861],[76.84207,11.99978],[76.84222,11.99908],[76.83707,11.99977],[76.83744,12.00365],[76.83385,12.00419],[76.83332,12.00387],[76.83333,12.00466],[76.83362,12.00454],[76.83325,12.00583],[76.82904,12.00609],[76.82845,12.00771],[76.82763,12.00792],[76.82752,12.00852],[76.82157,12.01002],[76.82149,12.01409],[76.82259,12.01767],[76.82181,12.01793],[76.82133,12.01916],[76.82057,12.02809],[76.81805,12.02802],[76.81515,12.02725],[76.81253,12.0274],[76.8125,12.02707],[76.81148,12.02724],[76.81121,12.02182],[76.80936,12.02105],[76.80561,12.02071],[76.80584,12.01817],[76.79935,12.01736],[76.79865,12.01566],[76.79497,12.01448],[76.7923,12.01061],[76.79184,12.00921],[76.79204,12.00694],[76.79146,12.00578],[76.7957,12.00373],[76.79492,12.00396],[76.79486,12.00361],[76.79672,11.99476],[76.79621,11.98907],[76.79275,11.98853],[76.79257,11.98667],[76.78739,11.98558],[76.78619,11.98606],[76.78548,11.98549],[76.78447,11.9856],[76.78209,11.98682],[76.78072,11.98824],[76.77357,11.98977],[76.77042,11.9916],[76.7678,11.99224],[76.76755,11.99435],[76.76425,11.99818],[76.7642,11.99916],[76.74935,11.99955],[76.74924,12.00127],[76.74593,12.00195],[76.74552,12.0034],[76.74633,12.00827],[76.74284,12.00853],[76.7427,12.00988],[76.74252,12.00936],[76.74143,12.00933],[76.741,12.00978],[76.74066,12.00673],[76.73991,12.00652],[76.73958,12.00545],[76.73614,12.00538],[76.73628,12.00316],[76.73318,12.00275],[76.7315,11.99351],[76.73056,11.99249],[76.73035,11.99122],[76.72868,11.98962],[76.72686,11.98967],[76.72678,11.98913],[76.72506,11.98856],[76.72494,11.9879],[76.71682,11.98814],[76.71617,11.98394],[76.70548,11.98538],[76.70314,11.98524],[76.70409,11.99099],[76.7024,11.99124],[76.70188,11.99397],[76.70143,11.99405],[76.70043,11.99671],[76.6997,11.99674],[76.69964,11.99818],[76.69766,11.99813],[76.6978,11.99868],[76.69675,11.99878],[76.69748,12.00272],[76.69542,12.00293],[76.69458,12.00362],[76.69511,12.00589],[76.69806,12.00563],[76.69922,12.02102],[76.70569,12.0213],[76.70567,12.023],[76.70488,12.02481],[76.70597,12.02541],[76.70656,12.02738],[76.70742,12.03393],[76.70586,12.04601],[76.70881,12.04579],[76.71035,12.05006],[76.71037,12.05117],[76.70847,12.05364],[76.70764,12.05585],[76.70889,12.06426],[76.70818,12.06435],[76.70844,12.06558],[76.7075,12.06577],[76.70779,12.06835],[76.70329,12.0688],[76.70328,12.07139],[76.70409,12.07443],[76.70699,12.07426],[76.70765,12.07664],[76.70673,12.07717],[76.70695,12.07773],[76.70784,12.07751],[76.70811,12.07806],[76.71,12.07762],[76.70985,12.0761],[76.70867,12.0741],[76.7102,12.07428],[76.71044,12.07078],[76.71153,12.07116],[76.71232,12.07533],[76.71358,12.07565],[76.7185,12.088],[76.71335,12.08908],[76.7104,12.0874],[76.71023,12.08885],[76.70914,12.09064],[76.71053,12.09438],[76.70727,12.09628],[76.70684,12.09826],[76.71713,12.09766],[76.71703,12.09884],[76.71607,12.09983],[76.71611,12.10053],[76.72083,12.09992],[76.72845,12.09762],[76.73382,12.09764],[76.73504,12.09432],[76.73825,12.09045],[76.75029,12.08878],[76.7504,12.08988],[76.75187,12.08972],[76.75183,12.0894],[76.7554,12.08822],[76.75547,12.087],[76.75628,12.08669],[76.75856,12.08686],[76.76184,12.08606],[76.76087,12.0838],[76.76154,12.08358],[76.76146,12.08253],[76.76297,12.0826],[76.7631,12.0808],[76.76494,12.08085],[76.76769,12.07787],[76.77027,12.0776],[76.77015,12.07466],[76.773,12.07506],[76.77596,12.07574],[76.77608,12.07668],[76.78101,12.07866],[76.78553,12.07873],[76.78512,12.08087],[76.78598,12.08098],[76.78703,12.08718],[76.78644,12.08882],[76.7881,12.09011],[76.78825,12.09302],[76.78892,12.09384],[76.78785,12.09897],[76.78522,12.09864],[76.78447,12.10388],[76.78471,12.10493],[76.78868,12.10516],[76.78907,12.10672],[76.79174,12.10682],[76.79161,12.1103],[76.79614,12.11063],[76.79818,12.11114],[76.79816,12.11146],[76.80565,12.1118],[76.80782,12.11212],[76.80784,12.11259],[76.81204,12.11279],[76.81236,12.117],[76.81438,12.11725],[76.81456,12.11318],[76.8178,12.11329],[76.81766,12.1161],[76.81685,12.11607],[76.8168,12.1176],[76.8179,12.12127],[76.81814,12.12548],[76.82518,12.12486]]]}},{"type":"Feature","properties":{"unitId":641,"unitName":"Nanjanagudu Rural PS"},"geometry":{"type":"MultiPolygon","coordinates":[[[[76.76026,12.21078],[76.75857,12.20793],[76.76116,12.20651],[76.76199,12.20525],[76.7645,12.20432],[76.76695,12.20269],[76.76514,12.19758],[76.76135,12.19239],[76.76149,12.19133],[76.76059,12.19121],[76.75981,12.18952],[76.75989,12.18856],[76.76027,12.18859],[76.76046,12.18462],[76.76127,12.18284],[76.76233,12.1775],[76.7636,12.17788],[76.76353,12.1736],[76.76493,12.17035],[76.76372,12.16974],[76.76458,12.16385],[76.76118,12.16215],[76.76137,12.15786],[76.75965,12.15697],[76.75881,12.15907],[76.75925,12.1567],[76.75964,12.15633],[76.76091,12.15652],[76.76214,12.15524],[76.75829,12.15348],[76.7529,12.15298],[76.7503,12.15198],[76.74615,12.14672],[76.74577,12.14334],[76.74446,12.14032],[76.74271,12.13794],[76.74172,12.13749],[76.73902,12.13797],[76.73611,12.13919],[76.73436,12.14086],[76.72983,12.14937],[76.72738,12.15094],[76.7231,12.15138],[76.72173,12.14985],[76.71989,12.14471],[76.71771,12.14131],[76.71085,12.13595],[76.70957,12.12939],[76.70813,12.1269],[76.70574,12.12487],[76.70163,12.12251],[76.69853,12.12156],[76.6966,12.1217],[76.69201,12.12386],[76.68839,12.12709],[76.68602,12.12401],[76.68567,12.12132],[76.68455,12.12237],[76.68439,12.11974],[76.68313,12.11565],[76.67184,12.11634],[76.67184,12.11579],[76.66988,12.11363],[76.67098,12.11345],[76.67057,12.11211],[76.67002,12.11212],[76.66954,12.11114],[76.67342,12.10977],[76.67357,12.10861],[76.67752,12.10794],[76.67685,12.10598],[76.67763,12.10608],[76.67745,12.10534],[76.67519,12.10348],[76.67387,12.10315],[76.6732,12.10195],[76.67159,12.10168],[76.67213,12.09723],[76.67633,12.09684],[76.67628,12.09382],[76.67672,12.09277],[76.67806,12.09286],[76.67883,12.09167],[76.68118,12.09216],[76.67963,12.09796],[76.67967,12.09981],[76.68022,12.10032],[76.68185,12.10079],[76.68245,12.09721],[76.68624,12.09721],[76.68624,12.09646],[76.6854,12.09634],[76.68568,12.09567],[76.68786,12.0954],[76.68916,12.09826],[76.68874,12.09914],[76.69109,12.10075],[76.69148,12.10054],[76.69107,12.09854],[76.69189,12.09632],[76.69254,12.09575],[76.69667,12.09495],[76.70044,12.09033],[76.70337,12.09091],[76.70939,12.09031],[76.71023,12.08885],[76.7104,12.0874],[76.70887,12.0864],[76.70855,12.0843],[76.70708,12.08282],[76.70643,12.08291],[76.70604,12.07756],[76.70765,12.07664],[76.70716,12.07461],[76.70609,12.07402],[76.70409,12.07443],[76.70323,12.07087],[76.70329,12.0688],[76.70779,12.06835],[76.7075,12.06577],[76.70844,12.06558],[76.70818,12.06435],[76.70889,12.06426],[76.70764,12.05585],[76.70847,12.05364],[76.71037,12.05117],[76.71035,12.05006],[76.70881,12.04579],[76.70586,12.04601],[76.70742,12.03393],[76.70656,12.02738],[76.70597,12.02541],[76.70488,12.02481],[76.70567,12.023],[76.70569,12.0213],[76.69922,12.02102],[76.69806,12.00563],[76.69511,12.00589],[76.69465,12.00421],[76.69458,12.00362],[76.69542,12.00293],[76.69748,12.00272],[76.69684,11.99912],[76.69495,11.99948],[76.69486,12.0006],[76.69397,12.00072],[76.68658,12.00036],[76.67269,12.00198],[76.6716,12.00603],[76.66455,12.00628],[76.65969,12.00787],[76.65468,12.00752],[76.65339,12.00633],[76.65241,12.00659],[76.65245,12.00738],[76.65051,12.00742],[76.64876,12.00361],[76.64695,11.99407],[76.64448,11.98828],[76.64395,11.98823],[76.64277,11.98614],[76.64285,11.98209],[76.64222,11.9817],[76.6408,11.9818],[76.63994,11.9825],[76.63601,11.98172],[76.63594,11.9823],[76.62737,11.98603],[76.62062,11.9898],[76.61356,11.99074],[76.6085,11.99273],[76.60874,11.99224],[76.59753,11.9841],[76.59262,11.98658],[76.58745,11.98657],[76.58706,11.9857],[76.58565,11.98556],[76.57847,11.98814],[76.57311,11.99361],[76.5754,12.0066],[76.57078,12.01377],[76.57024,12.02027],[76.56976,12.02069],[76.57009,12.02467],[76.57083,12.02461],[76.57139,12.02903],[76.57222,12.03105],[76.56727,12.02831],[76.56638,12.03136],[76.56542,12.03915],[76.56745,12.04543],[76.56597,12.04831],[76.56524,12.04861],[76.56479,12.05224],[76.56612,12.05579],[76.56604,12.05742],[76.56728,12.06175],[76.57164,12.0677],[76.572,12.06927],[76.57141,12.06958],[76.57252,12.07367],[76.57252,12.0755],[76.57299,12.07634],[76.57362,12.07631],[76.57411,12.0769],[76.57408,12.07858],[76.57485,12.07856],[76.57549,12.0818],[76.57659,12.08179],[76.57717,12.08253],[76.58838,12.08048],[76.59377,12.07813],[76.59446,12.08127],[76.59751,12.08307],[76.59741,12.08394],[76.59316,12.0869],[76.59321,12.08758],[76.5913,12.08849],[76.58873,12.0887],[76.58874,12.09385],[76.58604,12.09443],[76.58643,12.10154],[76.58018,12.10245],[76.57996,12.10458],[76.58059,12.11129],[76.58118,12.11389],[76.58208,12.11463],[76.58294,12.11635],[76.59045,12.11498],[76.59355,12.11514],[76.59468,12.11541],[76.5993,12.11943],[76.60178,12.1199],[76.6059,12.1198],[76.60797,12.12907],[76.60759,12.13066],[76.60791,12.13444],[76.60707,12.13463],[76.60659,12.13671],[76.607,12.14174],[76.60604,12.14192],[76.60638,12.14349],[76.60588,12.14361],[76.60676,12.14829],[76.61167,12.14786],[76.61473,12.14567],[76.61794,12.14437],[76.62033,12.14526],[76.62601,12.14872],[76.62508,12.15193],[76.62488,12.15563],[76.62564,12.161],[76.62733,12.16085],[76.62746,12.16342],[76.62933,12.16296],[76.63048,12.16345],[76.63169,12.16455],[76.63351,12.16747],[76.64217,12.16704],[76.64634,12.1686],[76.64777,12.16852],[76.64807,12.17082],[76.64911,12.17299],[76.65279,12.17116],[76.65397,12.17843],[76.65481,12.18014],[76.65732,12.17978],[76.65785,12.18191],[76.66162,12.18149],[76.66341,12.17936],[76.66477,12.1788],[76.6703,12.1788],[76.66973,12.18066],[76.67009,12.18136],[76.67179,12.18158],[76.67217,12.18225],[76.67377,12.18233],[76.67413,12.18529],[76.67752,12.18322],[76.67756,12.18588],[76.68159,12.18567],[76.68229,12.18336],[76.68355,12.18171],[76.68364,12.17947],[76.68438,12.17937],[76.6843,12.17736],[76.68565,12.1772],[76.68798,12.17594],[76.68916,12.179],[76.69075,12.18085],[76.69332,12.18144],[76.69332,12.18193],[76.69567,12.18278],[76.69568,12.18425],[76.69727,12.18427],[76.69738,12.18585],[76.69625,12.18676],[76.69692,12.19251],[76.69339,12.19178],[76.69244,12.195],[76.69246,12.19548],[76.6931,12.19547],[76.6931,12.19746],[76.69214,12.19772],[76.69225,12.19914],[76.69295,12.19934],[76.69307,12.2006],[76.69442,12.20127],[76.69552,12.20097],[76.6968,12.20226],[76.69737,12.20229],[76.69755,12.20087],[76.69888,12.20136],[76.69906,12.202],[76.70017,12.20196],[76.70033,12.20232],[76.70461,12.20226],[76.70458,12.20094],[76.7035,12.2006],[76.70262,12.19947],[76.70216,12.1956],[76.70426,12.19311],[76.70562,12.19216],[76.70743,12.19182],[76.70758,12.19],[76.7083,12.18903],[76.71652,12.19195],[76.71971,12.19096],[76.72598,12.18798],[76.72645,12.19102],[76.7272,12.19078],[76.72742,12.19181],[76.73286,12.19202],[76.73377,12.19245],[76.73429,12.19439],[76.73379,12.19528],[76.73445,12.19784],[76.73494,12.19819],[76.73441,12.19897],[76.73494,12.19931],[76.73517,12.20059],[76.74011,12.19989],[76.74878,12.20095],[76.75152,12.20055],[76.7554,12.20997],[76.75827,12.21007],[76.76058,12.21135],[76.76026,12.21078]]],[[[76.71504,12.1239],[76.71728,12.12489],[76.71997,12.12511],[76.71945,12.12186],[76.71749,12.12163],[76.71736,12.12113],[76.71928,12.12104],[76.71953,12.11854],[76.72025,12.11718],[76.71993,12.1136],[76.72085,12.11296],[76.72044,12.11095],[76.71954,12.10971],[76.72008,12.10782],[76.72002,12.10305],[76.72097,12.10284],[76.7207,12.10158],[76.71804,12.10023],[76.71611,12.10053],[76.71607,12.09983],[76.71703,12.09884],[76.71713,12.09766],[76.70684,12.09826],[76.70675,12.09764],[76.70672,12.09901],[76.70774,12.1009],[76.70696,12.1046],[76.70782,12.10695],[76.70776,12.10964],[76.70936,12.10955],[76.70964,12.11014],[76.70978,12.11534],[76.71141,12.11658],[76.71309,12.11666],[76.71153,12.12143],[76.71164,12.12188],[76.71301,12.12144],[76.71313,12.1224],[76.71364,12.1225],[76.71267,12.12476],[76.71361,12.1256],[76.71425,12.12396],[76.71504,12.1239]]]]}},{"type":"Feature","properties":{"unitId":642,"unitName":"Nanjanagudu Town PS"},"geometry":{"type":"MultiPolygon","coordinates":[[[[76.6966,12.1217],[76.69853,12.12156],[76.70163,12.12251],[76.70574,12.12487],[76.70813,12.1269],[76.70995,12.12583],[76.7116,12.12406],[76.71267,12.12476],[76.71351,12.12333],[76.71364,12.1225],[76.71313,12.1224],[76.71301,12.12144],[76.71164,12.12188],[76.71153,12.12143],[76.71309,12.11666],[76.71141,12.11658],[76.70978,12.11534],[76.70964,12.11014],[76.70936,12.10955],[76.70776,12.10964],[76.70782,12.10695],[76.70706,12.10554],[76.70776,12.10162],[76.70672,12.09901],[76.70686,12.09693],[76.71053,12.09438],[76.70914,12.09064],[76.70939,12.09031],[76.70337,12.09091],[76.70044,12.09033],[76.69667,12.09495],[76.69254,12.09575],[76.69189,12.09632],[76.69098,12.09935],[76.69148,12.10054],[76.69075,12.10078],[76.68874,12.09914],[76.68916,12.09826],[76.68786,12.0954],[76.68568,12.09567],[76.6854,12.09634],[76.68624,12.09646],[76.68624,12.09721],[76.68245,12.09721],[76.68185,12.10079],[76.68022,12.10032],[76.67967,12.09981],[76.67963,12.09796],[76.68118,12.09216],[76.67883,12.09167],[76.67806,12.09286],[76.67672,12.09277],[76.67628,12.09382],[76.67633,12.09684],[76.67213,12.09723],[76.67159,12.10168],[76.6732,12.10195],[76.67387,12.10315],[76.67519,12.10348],[76.67745,12.10534],[76.67763,12.10608],[76.67685,12.10598],[76.67752,12.10794],[76.67357,12.10861],[76.67342,12.10977],[76.66954,12.11114],[76.67002,12.11212],[76.67057,12.11211],[76.67098,12.11345],[76.66988,12.11363],[76.67057,12.11467],[76.67184,12.11579],[76.67184,12.11634],[76.68313,12.11565],[76.68439,12.11974],[76.68455,12.12237],[76.68567,12.12132],[76.68602,12.12401],[76.68839,12.12709],[76.69201,12.12386],[76.6966,12.1217]]],[[[76.71825,12.08739],[76.71358,12.07565],[76.71232,12.07533],[76.71153,12.07116],[76.71044,12.07078],[76.7102,12.07428],[76.70867,12.0741],[76.70985,12.0761],[76.71,12.07762],[76.70811,12.07806],[76.70784,12.07751],[76.70695,12.07773],[76.70673,12.07717],[76.70604,12.07756],[76.70643,12.08291],[76.70708,12.08282],[76.70855,12.0843],[76.70887,12.0864],[76.71,12.08742],[76.71081,12.08738],[76.71335,12.08908],[76.7185,12.088],[76.71825,12.08739]]]]}},{"type":"Feature","properties":{"unitId":643,"unitName":"Bannur PS"},"geometry":{"type":"MultiPolygon","coordinates":[[[[76.82808,12.2906],[76.82766,12.29159],[76.82597,12.29241],[76.82212,12.2928],[76.81906,12.29204],[76.81672,12.29265],[76.81465,12.29393],[76.81403,12.2932],[76.81342,12.29326],[76.81084,12.2939],[76.80898,12.29494],[76.80026,12.29135],[76.79633,12.29181],[76.79423,12.29214],[76.78835,12.2964],[76.78748,12.29971],[76.78749,12.30258],[76.79109,12.30789],[76.79814,12.30803],[76.80092,12.30888],[76.80529,12.30932],[76.8053,12.30985],[76.80784,12.31028],[76.81033,12.3151],[76.81122,12.31448],[76.81588,12.31641],[76.81643,12.31706],[76.81419,12.32053],[76.81445,12.32336],[76.81357,12.32314],[76.8133,12.32569],[76.81225,12.32836],[76.81073,12.32952],[76.80541,12.32986],[76.80726,12.34282],[76.81563,12.34611],[76.8156,12.3471],[76.81687,12.34957],[76.81146,12.35407],[76.80782,12.35492],[76.80504,12.35484],[76.80009,12.35673],[76.7979,12.36088],[76.79687,12.36559],[76.79749,12.36523],[76.79946,12.3689],[76.8035,12.37052],[76.8038,12.36723],[76.80506,12.36642],[76.80697,12.36102],[76.80839,12.36031],[76.81062,12.36244],[76.81111,12.36312],[76.81095,12.3649],[76.81196,12.36612],[76.81273,12.3724],[76.81393,12.37512],[76.8145,12.38619],[76.81492,12.38693],[76.82311,12.38735],[76.82815,12.38701],[76.83406,12.38466],[76.83429,12.39135],[76.83501,12.39347],[76.83468,12.3936],[76.83494,12.39527],[76.83186,12.3971],[76.83189,12.39901],[76.83117,12.40034],[76.83214,12.40266],[76.83281,12.40215],[76.83634,12.40189],[76.84769,12.40206],[76.85101,12.40554],[76.85384,12.40726],[76.85409,12.40964],[76.85489,12.40807],[76.85538,12.408],[76.85702,12.40808],[76.85702,12.40883],[76.85824,12.40876],[76.85846,12.40837],[76.85894,12.40964],[76.86083,12.40914],[76.86126,12.40681],[76.86226,12.40589],[76.86296,12.40069],[76.86933,12.40046],[76.87268,12.39952],[76.873,12.39991],[76.87571,12.40011],[76.87724,12.39983],[76.88095,12.40074],[76.87965,12.40477],[76.88149,12.40605],[76.88356,12.40606],[76.88916,12.40746],[76.89078,12.40738],[76.89552,12.40943],[76.90013,12.4095],[76.89949,12.41246],[76.89822,12.41523],[76.90007,12.41631],[76.90049,12.4173],[76.90006,12.41839],[76.90023,12.42006],[76.90141,12.42099],[76.90669,12.42197],[76.90452,12.42434],[76.90397,12.42685],[76.90406,12.42977],[76.90462,12.43098],[76.90455,12.43474],[76.90517,12.43608],[76.9068,12.43648],[76.90731,12.43689],[76.90722,12.43756],[76.90803,12.43768],[76.90816,12.4383],[76.90937,12.43863],[76.90947,12.43927],[76.91036,12.43961],[76.91498,12.44012],[76.91637,12.4392],[76.9172,12.43965],[76.91756,12.44099],[76.92219,12.44174],[76.92363,12.43978],[76.9249,12.43621],[76.92506,12.43437],[76.92608,12.43297],[76.92835,12.42732],[76.9282,12.42487],[76.92885,12.42354],[76.92854,12.42296],[76.92712,12.42126],[76.92545,12.42215],[76.9261,12.41839],[76.92772,12.41743],[76.92836,12.41577],[76.92942,12.4157],[76.93062,12.41323],[76.93152,12.4093],[76.93222,12.40883],[76.93212,12.40728],[76.93432,12.40644],[76.93531,12.40307],[76.9367,12.4026],[76.93679,12.40133],[76.93765,12.401],[76.93659,12.3961],[76.93713,12.39424],[76.93608,12.39167],[76.93658,12.38842],[76.93631,12.38541],[76.93782,12.38297],[76.93666,12.37594],[76.93719,12.37042],[76.93618,12.36981],[76.93725,12.36511],[76.93797,12.35694],[76.93904,12.35416],[76.93893,12.35313],[76.92392,12.35328],[76.92357,12.34999],[76.92521,12.34673],[76.92556,12.34473],[76.92671,12.34422],[76.92754,12.34299],[76.92841,12.33921],[76.93144,12.33866],[76.9317,12.33807],[76.93022,12.33477],[76.92885,12.33344],[76.92803,12.32665],[76.92236,12.32252],[76.92288,12.32249],[76.91796,12.32205],[76.91834,12.31794],[76.91726,12.31353],[76.91766,12.30958],[76.91722,12.30905],[76.9175,12.30728],[76.91677,12.30375],[76.91733,12.2982],[76.91611,12.29799],[76.91654,12.29674],[76.91639,12.29473],[76.91742,12.29472],[76.9176,12.29417],[76.91896,12.29382],[76.92139,12.29357],[76.92122,12.29263],[76.92367,12.29234],[76.92377,12.29125],[76.92442,12.29129],[76.92411,12.28782],[76.923,12.28441],[76.92157,12.28483],[76.92134,12.28452],[76.92013,12.28061],[76.91893,12.27943],[76.91809,12.276],[76.91087,12.27481],[76.91049,12.2732],[76.91029,12.26573],[76.91533,12.26557],[76.91544,12.2635],[76.91456,12.2595],[76.91481,12.25894],[76.91553,12.25895],[76.91548,12.25818],[76.92072,12.25763],[76.92052,12.25635],[76.92456,12.25611],[76.92444,12.25862],[76.92139,12.2588],[76.92247,12.26207],[76.92356,12.26351],[76.92528,12.26265],[76.92527,12.2614],[76.92474,12.26099],[76.92517,12.2593],[76.92505,12.25677],[76.92902,12.25704],[76.92875,12.25447],[76.92814,12.25435],[76.92734,12.24829],[76.928,12.24817],[76.9277,12.24498],[76.92475,12.24428],[76.92446,12.24327],[76.92386,12.24368],[76.92275,12.24327],[76.92248,12.24476],[76.92126,12.24431],[76.92093,12.24508],[76.91924,12.24484],[76.91912,12.24561],[76.91563,12.24497],[76.91836,12.24269],[76.9195,12.24285],[76.91948,12.24379],[76.92131,12.24381],[76.9213,12.24243],[76.92245,12.24263],[76.92289,12.24227],[76.92401,12.24033],[76.92429,12.23823],[76.92435,12.23711],[76.92347,12.23542],[76.91996,12.23493],[76.92008,12.2337],[76.91731,12.23325],[76.91751,12.23024],[76.91651,12.23028],[76.91572,12.22974],[76.91652,12.22632],[76.91299,12.22614],[76.91104,12.22544],[76.91086,12.22593],[76.90918,12.22562],[76.90853,12.22871],[76.90611,12.2343],[76.90276,12.23898],[76.89263,12.24677],[76.89051,12.24915],[76.88851,12.25223],[76.88637,12.25842],[76.88494,12.26086],[76.87737,12.2682],[76.87365,12.27384],[76.8724,12.27671],[76.87073,12.27516],[76.86531,12.27327],[76.86415,12.27194],[76.86296,12.27156],[76.86218,12.27645],[76.85988,12.27945],[76.86045,12.27943],[76.8602,12.2799],[76.86097,12.28022],[76.86314,12.28065],[76.86491,12.2828],[76.86483,12.28379],[76.86355,12.28431],[76.86379,12.28507],[76.86452,12.28503],[76.86387,12.28742],[76.86418,12.28763],[76.8635,12.28863],[76.86388,12.28878],[76.86368,12.28945],[76.86267,12.28999],[76.86147,12.28992],[76.85956,12.28945],[76.85956,12.28902],[76.85817,12.28906],[76.85761,12.29029],[76.85705,12.29002],[76.85681,12.29099],[76.85628,12.29098],[76.85579,12.29204],[76.85298,12.29253],[76.85235,12.2933],[76.84761,12.29235],[76.84723,12.29128],[76.84583,12.29123],[76.84584,12.29072],[76.84491,12.29065],[76.84293,12.28879],[76.84342,12.28795],[76.84262,12.28703],[76.84219,12.28528],[76.84234,12.28166],[76.84315,12.27884],[76.84271,12.27895],[76.84269,12.27725],[76.83762,12.27462],[76.83619,12.27492],[76.83592,12.27397],[76.83521,12.27415],[76.83545,12.27492],[76.83412,12.27576],[76.83342,12.27575],[76.833,12.27455],[76.82905,12.27584],[76.829,12.27482],[76.82795,12.27477],[76.82799,12.27771],[76.83026,12.28117],[76.82957,12.28171],[76.82999,12.28661],[76.82925,12.2868],[76.82882,12.28807],[76.829,12.29046],[76.82808,12.2906]],[[76.90484,12.35644],[76.90695,12.3561],[76.91112,12.3567],[76.91125,12.35831],[76.91523,12.3587],[76.91693,12.35947],[76.91922,12.35936],[76.91991,12.35994],[76.92007,12.36151],[76.9178,12.3649],[76.91769,12.36741],[76.9179,12.36854],[76.92052,12.37163],[76.92133,12.37395],[76.92242,12.37393],[76.92286,12.37744],[76.92206,12.38087],[76.92272,12.38126],[76.92279,12.38254],[76.91777,12.38223],[76.91071,12.38403],[76.91053,12.38144],[76.90916,12.38017],[76.90931,12.37918],[76.90876,12.3789],[76.90824,12.37596],[76.90173,12.37573],[76.90093,12.37454],[76.89897,12.37437],[76.89931,12.37222],[76.89907,12.37021],[76.89861,12.37016],[76.89905,12.36989],[76.89865,12.35959],[76.89803,12.35868],[76.8979,12.3567],[76.90291,12.35734],[76.90487,12.35679],[76.90484,12.35644]]],[[[76.95822,12.35484],[76.96047,12.3547],[76.96096,12.35509],[76.97113,12.35274],[76.97177,12.35452],[76.97659,12.35449],[76.97748,12.34252],[76.9772,12.33702],[76.97779,12.33334],[76.97754,12.33089],[76.97664,12.32834],[76.97446,12.3277],[76.95833,12.32676],[76.9583,12.32755],[76.95984,12.32852],[76.95984,12.33187],[76.96073,12.33452],[76.96019,12.33876],[76.95927,12.33932],[76.95943,12.34028],[76.95851,12.34077],[76.95771,12.34457],[76.95667,12.34648],[76.95698,12.34802],[76.95649,12.35285],[76.95831,12.35334],[76.95822,12.35484]]],[[[76.94091,12.22071],[76.94239,12.22069],[76.94159,12.21827],[76.94112,12.21814],[76.94091,12.22071]]],[[[76.82793,12.29063],[76.82808,12.29037],[76.82793,12.29063]]]]}},{"type":"Feature","properties":{"unitId":644,"unitName":"T. Narasipura PS"},"geometry":{"type":"Polygon","coordinates":[[[76.82785,12.29088],[76.82795,12.29037],[76.829,12.29046],[76.82882,12.28807],[76.82925,12.2868],[76.82999,12.28661],[76.82957,12.28171],[76.83026,12.28117],[76.82799,12.27771],[76.82795,12.27477],[76.829,12.27482],[76.82905,12.27584],[76.833,12.27455],[76.83342,12.27575],[76.83412,12.27576],[76.83545,12.27492],[76.83521,12.27415],[76.83592,12.27397],[76.83619,12.27492],[76.83762,12.27462],[76.84269,12.27725],[76.84271,12.27895],[76.84315,12.27884],[76.84234,12.28166],[76.84219,12.28528],[76.84262,12.28703],[76.84342,12.28795],[76.84293,12.28879],[76.84491,12.29065],[76.84584,12.29072],[76.84583,12.29123],[76.84723,12.29128],[76.84761,12.29235],[76.85235,12.2933],[76.85298,12.29253],[76.85579,12.29204],[76.85628,12.29098],[76.85681,12.29099],[76.85705,12.29002],[76.85761,12.29029],[76.85817,12.28906],[76.85956,12.28902],[76.85956,12.28945],[76.86147,12.28992],[76.86267,12.28999],[76.86368,12.28945],[76.86388,12.28878],[76.8635,12.28863],[76.86418,12.28763],[76.86387,12.28742],[76.86452,12.28503],[76.86379,12.28507],[76.86355,12.28431],[76.86483,12.28379],[76.86491,12.2828],[76.86314,12.28065],[76.86097,12.28022],[76.8602,12.2799],[76.86045,12.27943],[76.85988,12.27945],[76.86218,12.27645],[76.86296,12.27156],[76.86415,12.27194],[76.86531,12.27327],[76.87073,12.27516],[76.8724,12.27671],[76.87365,12.27384],[76.87737,12.2682],[76.88494,12.26086],[76.88637,12.25842],[76.88851,12.25223],[76.89051,12.24915],[76.89263,12.24677],[76.90276,12.23898],[76.90611,12.2343],[76.90853,12.22871],[76.90918,12.22562],[76.91086,12.22593],[76.91104,12.22544],[76.91299,12.22614],[76.91652,12.22632],[76.91572,12.22974],[76.91651,12.23028],[76.91751,12.23024],[76.91731,12.23325],[76.92008,12.2337],[76.91996,12.23493],[76.92347,12.23542],[76.92435,12.23711],[76.92401,12.24033],[76.92266,12.2425],[76.9213,12.24243],[76.92131,12.24381],[76.91948,12.24379],[76.9195,12.24285],[76.91836,12.24269],[76.91563,12.24497],[76.91912,12.24561],[76.91924,12.24484],[76.92093,12.24508],[76.92126,12.24431],[76.92248,12.24476],[76.92275,12.24327],[76.92386,12.24368],[76.92446,12.24327],[76.92475,12.24428],[76.9277,12.24498],[76.928,12.24817],[76.92734,12.24829],[76.92814,12.25435],[76.92875,12.25447],[76.92902,12.25704],[76.92505,12.25677],[76.92517,12.2593],[76.92474,12.26099],[76.92527,12.2614],[76.92528,12.26265],[76.92356,12.26351],[76.92247,12.26207],[76.92139,12.2588],[76.92444,12.25862],[76.92456,12.25611],[76.92052,12.25635],[76.92072,12.25763],[76.91548,12.25818],[76.91553,12.25895],[76.91481,12.25894],[76.91456,12.2595],[76.91544,12.2635],[76.91533,12.26557],[76.91029,12.26573],[76.91073,12.27468],[76.91809,12.276],[76.91893,12.27943],[76.92013,12.28061],[76.92134,12.28452],[76.92157,12.28483],[76.923,12.28441],[76.92411,12.28782],[76.92442,12.29129],[76.92377,12.29125],[76.92367,12.29234],[76.92122,12.29263],[76.92139,12.29357],[76.91896,12.29382],[76.9176,12.29417],[76.91742,12.29472],[76.91639,12.29473],[76.91654,12.29674],[76.91611,12.29799],[76.91733,12.2982],[76.91677,12.30375],[76.9175,12.30728],[76.91722,12.30905],[76.91766,12.30958],[76.91726,12.31353],[76.91834,12.31794],[76.91796,12.32205],[76.92241,12.3225],[76.92811,12.32216],[76.93072,12.32345],[76.93275,12.32356],[76.9357,12.32455],[76.93557,12.32514],[76.93658,12.32603],[76.93849,12.32617],[76.94049,12.32745],[76.94138,12.32747],[76.9419,12.32898],[76.94372,12.32932],[76.9448,12.33032],[76.94746,12.33135],[76.95329,12.33069],[76.9537,12.32994],[76.95339,12.32797],[76.95576,12.32725],[76.9583,12.32755],[76.95833,12.32676],[76.97446,12.3277],[76.97621,12.32834],[76.98076,12.32797],[76.98696,12.33328],[76.98672,12.32991],[76.98795,12.32442],[76.98745,12.31982],[76.98849,12.3197],[76.98952,12.31816],[76.99088,12.31731],[76.99086,12.31469],[76.99746,12.3136],[76.9973,12.31295],[76.99296,12.30176],[76.98682,12.30188],[76.98547,12.3043],[76.98076,12.30649],[76.98069,12.30748],[76.97732,12.30757],[76.97609,12.30364],[76.97521,12.30349],[76.97426,12.3021],[76.97171,12.29445],[76.97133,12.29081],[76.96939,12.29088],[76.96859,12.28232],[76.96918,12.27512],[76.96867,12.27281],[76.96922,12.27277],[76.96945,12.27215],[76.96902,12.26079],[76.96933,12.25943],[76.97072,12.25863],[76.97133,12.25491],[76.97181,12.2549],[76.97202,12.25366],[76.9751,12.25387],[76.97518,12.2549],[76.97621,12.25486],[76.97631,12.2558],[76.98227,12.2563],[76.98288,12.25712],[76.98279,12.2594],[76.98418,12.25945],[76.98438,12.26045],[76.98406,12.26043],[76.98487,12.26263],[76.9854,12.26252],[76.98567,12.26438],[76.98535,12.26467],[76.98663,12.26425],[76.98865,12.26442],[76.98864,12.26126],[76.98923,12.26111],[76.98901,12.25706],[76.99111,12.25481],[76.99184,12.25306],[76.99229,12.25267],[76.99318,12.25296],[76.99315,12.25186],[76.99396,12.25152],[76.99485,12.24554],[76.99452,12.24509],[76.99569,12.24434],[76.99625,12.23978],[76.99198,12.23922],[76.98705,12.23792],[76.97697,12.22923],[76.97075,12.22515],[76.97221,12.22316],[76.97303,12.22091],[76.97291,12.21843],[76.97251,12.21829],[76.97194,12.21476],[76.97196,12.21064],[76.97128,12.208],[76.97185,12.20792],[76.9714,12.20297],[76.97002,12.19512],[76.96396,12.19634],[76.95971,12.19584],[76.95462,12.18928],[76.95453,12.18842],[76.95207,12.18639],[76.94981,12.17947],[76.95002,12.17829],[76.95115,12.17725],[76.95496,12.17502],[76.9587,12.17396],[76.95869,12.17341],[76.96215,12.17359],[76.96216,12.17297],[76.96396,12.17246],[76.96671,12.17245],[76.96858,12.17172],[76.98067,12.17241],[76.98116,12.174],[76.98388,12.17411],[76.98628,12.17521],[76.99056,12.17399],[76.99017,12.17083],[76.99101,12.17081],[76.991,12.17012],[76.99177,12.17013],[76.99159,12.1684],[76.99076,12.16845],[76.9905,12.16681],[76.991,12.16668],[76.99083,12.16235],[76.98813,12.16195],[76.98806,12.16092],[76.98823,12.15714],[76.98882,12.15712],[76.98948,12.15479],[76.98898,12.15088],[76.98924,12.14567],[76.9889,12.14065],[76.98686,12.14107],[76.98663,12.13816],[76.98234,12.13828],[76.98228,12.13639],[76.9804,12.13643],[76.98038,12.13549],[76.97958,12.13546],[76.97967,12.1344],[76.97637,12.13433],[76.97597,12.13086],[76.97648,12.12824],[76.97619,12.12291],[76.96969,12.12311],[76.96896,12.12228],[76.96865,12.11691],[76.97078,12.11693],[76.9707,12.11284],[76.95394,12.10217],[76.95283,12.10115],[76.95197,12.0992],[76.94972,12.09967],[76.94865,12.09787],[76.9478,12.09804],[76.94783,12.09844],[76.9456,12.09882],[76.94472,12.09953],[76.94038,12.10006],[76.93665,12.10198],[76.93556,12.10342],[76.93562,12.10462],[76.93408,12.10495],[76.93427,12.1063],[76.93348,12.10657],[76.93339,12.10725],[76.93041,12.10727],[76.93039,12.10953],[76.92952,12.10974],[76.92807,12.10919],[76.92743,12.10971],[76.9261,12.10978],[76.92597,12.11191],[76.92423,12.11206],[76.92397,12.11346],[76.92432,12.11376],[76.92392,12.1137],[76.92382,12.11469],[76.91841,12.11515],[76.90679,12.11354],[76.90523,12.11547],[76.90304,12.11683],[76.90283,12.12317],[76.89707,12.12332],[76.89698,12.12163],[76.89043,12.12175],[76.89009,12.12389],[76.89051,12.12596],[76.89114,12.12636],[76.8907,12.13106],[76.88199,12.12983],[76.87622,12.13768],[76.87273,12.14069],[76.87131,12.14096],[76.87092,12.14768],[76.86999,12.148],[76.87117,12.15124],[76.86983,12.15396],[76.87003,12.15486],[76.86769,12.16184],[76.86945,12.16215],[76.86977,12.16952],[76.87125,12.17392],[76.87185,12.17417],[76.86545,12.17432],[76.86543,12.17673],[76.86339,12.17669],[76.86327,12.17886],[76.86268,12.17885],[76.86254,12.18025],[76.85996,12.17986],[76.85605,12.18096],[76.85724,12.18401],[76.85744,12.18603],[76.86125,12.18842],[76.86408,12.19163],[76.86447,12.1956],[76.86623,12.19551],[76.86635,12.19619],[76.86757,12.19619],[76.86697,12.199],[76.86793,12.19954],[76.86727,12.20246],[76.86865,12.2077],[76.86394,12.20818],[76.86256,12.20757],[76.85888,12.20757],[76.85863,12.2087],[76.85783,12.20862],[76.85752,12.20908],[76.85673,12.21121],[76.85602,12.21625],[76.85192,12.21609],[76.85009,12.21504],[76.84695,12.21444],[76.84608,12.21451],[76.84591,12.21525],[76.84473,12.2151],[76.84446,12.21893],[76.84361,12.21874],[76.84373,12.22298],[76.84331,12.22285],[76.84323,12.22034],[76.84257,12.22025],[76.84199,12.22057],[76.84186,12.22251],[76.84034,12.22257],[76.84046,12.22367],[76.84285,12.22542],[76.84222,12.22597],[76.84221,12.22761],[76.84101,12.22746],[76.84096,12.22674],[76.83957,12.22715],[76.83778,12.22543],[76.8355,12.22533],[76.83487,12.22603],[76.83385,12.22599],[76.83483,12.23117],[76.83633,12.23446],[76.83457,12.23811],[76.83614,12.23944],[76.83605,12.24408],[76.83592,12.24494],[76.83445,12.24517],[76.83483,12.24884],[76.83298,12.25121],[76.83238,12.25293],[76.83124,12.2567],[76.83094,12.26022],[76.83033,12.26047],[76.82993,12.25929],[76.82883,12.25952],[76.82413,12.26189],[76.82482,12.26408],[76.82374,12.26454],[76.82525,12.26803],[76.82488,12.26886],[76.82516,12.26998],[76.82303,12.27035],[76.82187,12.27],[76.82185,12.27046],[76.82015,12.27066],[76.81918,12.27166],[76.81404,12.27232],[76.81227,12.27371],[76.81024,12.27638],[76.80857,12.27756],[76.80538,12.27741],[76.80383,12.28063],[76.80388,12.28165],[76.80066,12.28734],[76.80036,12.29138],[76.80898,12.29494],[76.81084,12.2939],[76.81342,12.29326],[76.81403,12.2932],[76.81465,12.29393],[76.81672,12.29265],[76.81906,12.29204],[76.82212,12.2928],[76.82597,12.29241],[76.82766,12.29159],[76.82785,12.29088]],[[76.94108,12.21955],[76.94099,12.21814],[76.94159,12.21827],[76.94239,12.22069],[76.94093,12.22097],[76.94108,12.21955]]]}},{"type":"Feature","properties":{"unitId":645,"unitName":"Talakadu PS"},"geometry":{"type":"MultiPolygon","coordinates":[[[[77.12647,12.24196],[77.12727,12.23588],[77.13455,12.22987],[77.13468,12.22423],[77.13157,12.21936],[77.13139,12.2158],[77.13258,12.21042],[77.13148,12.20569],[77.13015,12.20497],[77.12857,12.20505],[77.12553,12.20286],[77.12707,12.20204],[77.12288,12.19441],[77.11401,12.19239],[77.10809,12.18761],[77.10619,12.18725],[77.10604,12.18928],[77.09514,12.19031],[77.08548,12.19013],[77.07974,12.18707],[77.07731,12.18378],[77.07333,12.18092],[77.06957,12.17612],[77.06862,12.17535],[77.06752,12.17536],[77.0662,12.17338],[77.06365,12.17126],[77.06168,12.17067],[77.04796,12.16993],[77.04494,12.16926],[77.04495,12.16696],[77.04414,12.16692],[77.04376,12.1622],[77.04563,12.16184],[77.04542,12.15927],[77.04491,12.15873],[77.04484,12.15755],[77.04342,12.15762],[77.04226,12.15295],[77.04087,12.15273],[77.04032,12.15199],[77.03945,12.14912],[77.0393,12.14388],[77.04011,12.13897],[77.04206,12.13948],[77.04361,12.14199],[77.04436,12.14185],[77.04478,12.1382],[77.04569,12.13726],[77.04609,12.13546],[77.04433,12.13568],[77.04438,12.134],[77.04324,12.13274],[77.04302,12.13036],[77.04203,12.13021],[77.04209,12.12898],[77.04077,12.12884],[77.04081,12.12825],[77.03974,12.12807],[77.03876,12.12919],[77.03866,12.13625],[77.03796,12.13603],[77.03701,12.13864],[77.03315,12.1387],[77.03176,12.1384],[77.03186,12.13797],[77.03131,12.13775],[77.03029,12.13783],[77.03031,12.1375],[77.02717,12.13786],[77.02426,12.13727],[77.02233,12.1347],[77.01915,12.13496],[77.01583,12.13322],[77.01581,12.13485],[77.01504,12.13492],[77.0156,12.13639],[77.01434,12.13696],[77.01164,12.13712],[77.01233,12.13717],[77.01306,12.13977],[77.01255,12.13994],[77.01302,12.14431],[77.01186,12.14436],[77.01189,12.14471],[77.01338,12.14512],[77.01343,12.14598],[77.01309,12.14744],[77.01332,12.15128],[77.01165,12.15173],[77.0114,12.15441],[77.01146,12.15495],[77.01205,12.155],[77.01233,12.15629],[77.01417,12.1565],[77.014,12.16249],[77.00878,12.16192],[77.00875,12.16144],[77.00726,12.16136],[77.00725,12.16098],[77.00502,12.16028],[77.00278,12.16043],[77.00273,12.166],[76.9974,12.16644],[76.99766,12.17152],[76.99832,12.17258],[76.99868,12.17707],[76.99224,12.17617],[76.99035,12.17393],[76.98628,12.17521],[76.98388,12.17411],[76.98116,12.174],[76.98067,12.17241],[76.96858,12.17172],[76.96671,12.17245],[76.96396,12.17246],[76.96216,12.17297],[76.96215,12.17359],[76.95869,12.17341],[76.9587,12.17396],[76.95496,12.17502],[76.95002,12.17829],[76.94981,12.17947],[76.95207,12.18639],[76.95453,12.18842],[76.95462,12.18928],[76.95971,12.19584],[76.96396,12.19634],[76.97002,12.19512],[76.9714,12.20297],[76.97185,12.20792],[76.97128,12.208],[76.97196,12.21064],[76.97194,12.21476],[76.97251,12.21829],[76.97291,12.21843],[76.97303,12.22091],[76.97221,12.22316],[76.97075,12.22515],[76.97697,12.22923],[76.98705,12.23792],[76.99198,12.23922],[77.01231,12.24134],[77.02553,12.23702],[77.02835,12.23558],[77.0322,12.2322],[77.03492,12.23296],[77.03519,12.23191],[77.0359,12.23192],[77.03632,12.23348],[77.0373,12.23376],[77.04247,12.23268],[77.04551,12.23273],[77.04971,12.23818],[77.05303,12.23868],[77.05503,12.23838],[77.06181,12.23428],[77.0635,12.23401],[77.06317,12.2329],[77.06433,12.23261],[77.065,12.23299],[77.06685,12.23286],[77.06741,12.23456],[77.06872,12.23432],[77.06936,12.23739],[77.07421,12.23623],[77.07789,12.23611],[77.07802,12.23365],[77.07756,12.23238],[77.07802,12.23215],[77.07802,12.22892],[77.07711,12.21951],[77.07881,12.21949],[77.07933,12.22166],[77.0827,12.22116],[77.08617,12.21942],[77.0882,12.21924],[77.0878,12.21788],[77.08835,12.21764],[77.09121,12.21985],[77.09371,12.21949],[77.09678,12.22025],[77.10546,12.21963],[77.10565,12.22665],[77.10723,12.24088],[77.11166,12.24045],[77.11185,12.24108],[77.11509,12.24084],[77.1153,12.24141],[77.1164,12.24091],[77.11732,12.24169],[77.11793,12.24118],[77.11851,12.24167],[77.12179,12.24226],[77.12241,12.24214],[77.12252,12.24135],[77.12636,12.24197],[77.12633,12.24305],[77.12647,12.24196]]],[[[76.97195,12.29072],[76.98044,12.2892],[76.98095,12.2883],[76.98326,12.28781],[76.9836,12.28657],[76.98625,12.28629],[76.98733,12.28775],[76.98955,12.28766],[76.99015,12.28471],[76.99033,12.27796],[76.99097,12.27719],[76.98988,12.27709],[76.98933,12.27627],[76.98894,12.26457],[76.98659,12.26426],[76.98543,12.2647],[76.98468,12.26596],[76.98367,12.26644],[76.98327,12.26833],[76.98287,12.26832],[76.98159,12.2718],[76.97883,12.2756],[76.9688,12.27753],[76.96859,12.28232],[76.96939,12.29088],[76.97195,12.29072]]]]}}]}