{"type":"FeatureCollection","features":[{"type":"Feature","properties":{"unitId":646,"unitName":"Devadurga PS"},"geometry":{"type":"Polygon","coordinates":[[[76.99515,16.55705],[77.00359,16.55224],[77.00703,16.54814],[77.0081,16.5428],[77.00811,16.53656],[77.00519,16.52614],[77.00371,16.51368],[77.00678,16.50777],[77.00965,16.50344],[77.00791,16.5009],[77.00914,16.50103],[77.00993,16.49959],[77.0169,16.49726],[77.01705,16.49761],[77.02043,16.4974],[77.02121,16.49801],[77.02383,16.49781],[77.02576,16.49902],[77.026,16.49868],[77.02829,16.49977],[77.0309,16.50249],[77.03061,16.50277],[77.04057,16.51213],[77.04311,16.51264],[77.05105,16.51745],[77.05277,16.51754],[77.0544,16.51719],[77.06666,16.50844],[77.07058,16.50478],[77.07143,16.50621],[77.08281,16.50143],[77.09505,16.49485],[77.08305,16.47982],[77.08141,16.47546],[77.07961,16.46783],[77.07913,16.46272],[77.07788,16.46283],[77.07668,16.46202],[77.07407,16.4619],[77.07249,16.46071],[77.07093,16.46069],[77.06995,16.45968],[77.06779,16.45888],[77.06642,16.45987],[77.06575,16.45903],[77.06529,16.45915],[77.06457,16.45305],[77.06472,16.44978],[77.07448,16.44863],[77.08239,16.44614],[77.08176,16.44403],[77.08129,16.43719],[77.08003,16.43317],[77.07417,16.42357],[77.0727,16.41971],[77.07163,16.41344],[77.06697,16.4131],[77.06229,16.41359],[77.05276,16.41307],[77.05266,16.41174],[77.04955,16.4114],[77.04941,16.41094],[77.04766,16.41119],[77.0474,16.40966],[77.04591,16.40982],[77.04561,16.40728],[77.03467,16.40805],[77.03504,16.41019],[77.03121,16.4112],[77.03194,16.41389],[77.02609,16.41487],[77.02809,16.42378],[77.02897,16.43168],[77.0206,16.43195],[77.00852,16.43355],[76.99875,16.43419],[76.99559,16.43488],[76.99498,16.42836],[76.99575,16.42585],[76.99386,16.42349],[76.99102,16.42293],[76.99061,16.42218],[76.99088,16.42163],[76.98977,16.42047],[76.98992,16.41956],[76.9944,16.41923],[77.00348,16.41672],[77.01119,16.41593],[77.01721,16.4146],[77.01643,16.40938],[77.01525,16.40951],[77.01496,16.40898],[77.01148,16.4082],[77.01145,16.40353],[77.00262,16.40251],[77.00442,16.39791],[77.00563,16.39773],[77.01109,16.38453],[77.01248,16.37768],[77.01055,16.37658],[77.01076,16.3634],[76.99717,16.36379],[76.98999,16.36318],[76.99052,16.35891],[76.99114,16.35872],[76.99117,16.35805],[76.99031,16.35453],[76.99018,16.35096],[76.98936,16.35095],[76.98932,16.34922],[76.98827,16.34815],[76.98865,16.3472],[76.98978,16.34736],[76.99097,16.3455],[76.9939,16.34614],[76.9941,16.34409],[76.99294,16.34013],[76.98818,16.34033],[76.98764,16.33378],[76.99207,16.33336],[76.99073,16.32683],[76.98944,16.32566],[76.98998,16.32544],[76.98913,16.3232],[76.98685,16.32362],[76.98494,16.32126],[76.98311,16.32226],[76.98088,16.32219],[76.98032,16.32046],[76.98144,16.3194],[76.98076,16.31933],[76.9796,16.31668],[76.97659,16.31563],[76.97529,16.31285],[76.9742,16.31213],[76.97387,16.3128],[76.97301,16.31251],[76.97271,16.30766],[76.98082,16.30798],[76.9819,16.30768],[76.98238,16.30807],[76.98695,16.30689],[76.98934,16.30682],[76.98914,16.30319],[76.99049,16.303],[76.99057,16.30244],[76.99122,16.30236],[76.99042,16.30181],[76.99126,16.29882],[76.99112,16.2984],[76.98899,16.29795],[76.98899,16.29636],[76.98803,16.29599],[76.98813,16.2952],[76.98567,16.29044],[76.99511,16.28827],[76.99472,16.28443],[77.00057,16.28345],[77.00853,16.28313],[77.00844,16.28055],[77.00911,16.2767],[77.00901,16.2763],[77.00819,16.2764],[77.00797,16.27379],[77.00879,16.2737],[77.00868,16.27274],[77.01085,16.2725],[77.01074,16.26983],[77.01605,16.26954],[77.01495,16.25675],[77.01479,16.25588],[77.00828,16.25654],[77.00773,16.25365],[77.00213,16.25385],[77.00068,16.2414],[77.01074,16.24121],[77.01089,16.23751],[77.0098,16.23721],[77.00901,16.22841],[77.00904,16.2231],[77.01205,16.22236],[77.01345,16.22142],[77.01395,16.22036],[77.02132,16.21907],[77.02132,16.21872],[77.02313,16.21844],[77.02302,16.21797],[77.03047,16.21801],[77.03837,16.21547],[77.04647,16.21456],[77.04491,16.19922],[77.04294,16.19341],[77.04139,16.19327],[77.0153,16.19669],[77.01148,16.1977],[77.0059,16.19648],[76.99871,16.19763],[76.99666,16.19229],[76.9924,16.1948],[76.99196,16.1968],[76.98974,16.19847],[76.98507,16.19928],[76.98347,16.19878],[76.9826,16.19717],[76.98156,16.19723],[76.98113,16.19623],[76.97926,16.1963],[76.97914,16.19499],[76.98119,16.19315],[76.97953,16.19143],[76.97585,16.19335],[76.97266,16.19431],[76.97312,16.19578],[76.97148,16.19658],[76.97164,16.19845],[76.97084,16.19882],[76.97043,16.19737],[76.96914,16.19787],[76.96911,16.20038],[76.96383,16.20261],[76.96074,16.20218],[76.95712,16.20418],[76.95599,16.20088],[76.95635,16.19603],[76.95739,16.19471],[76.95693,16.19296],[76.95282,16.19546],[76.94289,16.19661],[76.93845,16.19818],[76.93309,16.19812],[76.93181,16.205],[76.93113,16.20502],[76.9307,16.20834],[76.92912,16.20861],[76.92981,16.21251],[76.93084,16.2126],[76.93118,16.2153],[76.93088,16.21547],[76.93156,16.21726],[76.93267,16.21716],[76.93253,16.21952],[76.93317,16.22237],[76.93256,16.22312],[76.93278,16.2243],[76.9323,16.22521],[76.92946,16.22974],[76.92819,16.23079],[76.92982,16.23476],[76.92881,16.23461],[76.92711,16.23686],[76.92555,16.23717],[76.92543,16.23758],[76.91347,16.23966],[76.91356,16.23913],[76.91202,16.23885],[76.9101,16.23921],[76.90998,16.23994],[76.90918,16.24006],[76.90964,16.24179],[76.91363,16.24186],[76.91352,16.24461],[76.91462,16.24448],[76.91378,16.24844],[76.91421,16.24866],[76.91397,16.25061],[76.91484,16.25226],[76.91445,16.25233],[76.91479,16.25461],[76.91442,16.25609],[76.91488,16.25642],[76.91518,16.25862],[76.91412,16.25922],[76.9145,16.25951],[76.91442,16.26069],[76.91268,16.26118],[76.9125,16.26482],[76.91283,16.26573],[76.91057,16.26497],[76.91069,16.26658],[76.91006,16.26803],[76.91074,16.2695],[76.91003,16.27048],[76.90894,16.27095],[76.90905,16.27577],[76.9099,16.27823],[76.90921,16.27824],[76.90876,16.28174],[76.91626,16.28266],[76.91535,16.2866],[76.91365,16.28807],[76.9128,16.28814],[76.91093,16.29253],[76.90932,16.29374],[76.90421,16.30116],[76.90132,16.30882],[76.89835,16.31327],[76.89824,16.31542],[76.89728,16.31548],[76.89788,16.31931],[76.89699,16.324],[76.89984,16.32286],[76.90286,16.32257],[76.90338,16.33321],[76.90519,16.33478],[76.90773,16.33915],[76.91129,16.33905],[76.91199,16.34478],[76.90881,16.3457],[76.90745,16.34546],[76.90388,16.34366],[76.90026,16.34253],[76.89451,16.357],[76.89387,16.36469],[76.89711,16.37427],[76.88932,16.38119],[76.88033,16.37911],[76.87009,16.38216],[76.85456,16.38283],[76.84951,16.4062],[76.84369,16.40656],[76.84273,16.40604],[76.84324,16.40604],[76.84306,16.40541],[76.84036,16.40415],[76.83956,16.40252],[76.84008,16.3992],[76.8298,16.39817],[76.82877,16.40127],[76.82733,16.41284],[76.82501,16.42518],[76.84037,16.42996],[76.84159,16.42824],[76.84812,16.43262],[76.85089,16.43514],[76.85418,16.43916],[76.85819,16.4409],[76.85462,16.44266],[76.86347,16.45403],[76.86558,16.46053],[76.8635,16.4756],[76.86449,16.48306],[76.86844,16.48714],[76.87246,16.49046],[76.87961,16.49229],[76.88496,16.49255],[76.8934,16.48952],[76.90163,16.48726],[76.90717,16.4875],[76.91745,16.48973],[76.92561,16.49312],[76.92641,16.49134],[76.92864,16.49223],[76.94105,16.4941],[76.94105,16.49777],[76.94631,16.49847],[76.95461,16.50123],[76.9594,16.5022],[76.96732,16.50553],[76.97162,16.50866],[76.97395,16.51115],[76.97528,16.51571],[76.97549,16.51946],[76.97457,16.5268],[76.96873,16.54255],[76.96942,16.5506],[76.97086,16.55275],[76.97404,16.55498],[76.97918,16.55727],[76.98229,16.55642],[76.98795,16.55667],[76.99099,16.55578],[76.99156,16.55828],[76.99515,16.55705]]]}},{"type":"Feature","properties":{"unitId":647,"unitName":"Gabbur PS"},"geometry":{"type":"Polygon","coordinates":[[[77.11723,16.48388],[77.1311,16.48228],[77.1408,16.47867],[77.14822,16.47719],[77.15319,16.47467],[77.15863,16.46586],[77.16001,16.45532],[77.15796,16.45536],[77.15873,16.44729],[77.15921,16.44594],[77.15971,16.44607],[77.16042,16.44476],[77.16089,16.44194],[77.1716,16.43268],[77.17387,16.43014],[77.17253,16.42884],[77.17439,16.42817],[77.17677,16.42629],[77.18178,16.42438],[77.18679,16.42367],[77.20007,16.42383],[77.2239,16.42243],[77.22449,16.42153],[77.22238,16.4201],[77.22333,16.4193],[77.22142,16.41779],[77.22102,16.41633],[77.22151,16.41293],[77.22003,16.40615],[77.21938,16.40023],[77.2172,16.39932],[77.2161,16.39959],[77.21457,16.39621],[77.21219,16.38908],[77.21107,16.3804],[77.20945,16.37459],[77.20639,16.37489],[77.20555,16.3717],[77.20151,16.3725],[77.19842,16.35273],[77.19639,16.353],[77.19392,16.34514],[77.19633,16.34467],[77.19609,16.34369],[77.19915,16.34292],[77.19904,16.33767],[77.20157,16.33792],[77.20137,16.34035],[77.20463,16.34038],[77.20445,16.33515],[77.20831,16.33353],[77.21269,16.33257],[77.21287,16.33409],[77.21748,16.33369],[77.21749,16.33164],[77.21942,16.33131],[77.21926,16.32973],[77.21534,16.32998],[77.21546,16.32288],[77.21082,16.32282],[77.21081,16.32033],[77.2062,16.31949],[77.20477,16.31619],[77.20309,16.31583],[77.20255,16.31495],[77.20149,16.30928],[77.20413,16.30819],[77.20424,16.30572],[77.20462,16.30568],[77.20492,16.30403],[77.20454,16.30407],[77.2039,16.29677],[77.20396,16.29245],[77.20069,16.29273],[77.20037,16.28821],[77.1998,16.28814],[77.19894,16.28179],[77.19651,16.28272],[77.1958,16.27804],[77.19784,16.27792],[77.19993,16.27692],[77.19942,16.2731],[77.19795,16.27282],[77.19774,16.27234],[77.19174,16.27198],[77.19129,16.27704],[77.19238,16.2768],[77.19249,16.27997],[77.19194,16.28024],[77.19229,16.2815],[77.18954,16.28233],[77.18977,16.28298],[77.18799,16.28362],[77.18831,16.28502],[77.18685,16.28548],[77.18699,16.28664],[77.18559,16.2871],[77.1864,16.29034],[77.1859,16.29069],[77.18406,16.29126],[77.18378,16.28981],[77.17991,16.2912],[77.17952,16.29082],[77.17681,16.29265],[77.17471,16.2912],[77.17409,16.28915],[77.17275,16.28796],[77.17246,16.28923],[77.17077,16.28937],[77.17148,16.28717],[77.16985,16.28693],[77.1699,16.28607],[77.16913,16.28579],[77.16909,16.28321],[77.16858,16.28314],[77.16867,16.27588],[77.16636,16.27564],[77.16693,16.2653],[77.16966,16.25836],[77.16894,16.25823],[77.16798,16.25646],[77.16678,16.25606],[77.16694,16.25514],[77.16595,16.25426],[77.16581,16.25289],[77.1662,16.25029],[77.16759,16.24975],[77.16801,16.24588],[77.16995,16.24588],[77.17015,16.24259],[77.17182,16.24205],[77.1717,16.24135],[77.17271,16.24125],[77.17208,16.23551],[77.17135,16.23346],[77.16903,16.23361],[77.16865,16.23217],[77.1691,16.23209],[77.16913,16.23133],[77.16521,16.23159],[77.16523,16.23482],[77.16402,16.2349],[77.16405,16.23558],[77.1624,16.23564],[77.16251,16.23709],[77.15981,16.23717],[77.15961,16.23607],[77.15583,16.23698],[77.156,16.24113],[77.15051,16.24112],[77.15005,16.23717],[77.14488,16.23792],[77.14435,16.23379],[77.14702,16.23278],[77.15086,16.2322],[77.15018,16.22845],[77.1527,16.22778],[77.15754,16.22442],[77.15721,16.22325],[77.1576,16.22309],[77.15749,16.22175],[77.15874,16.22164],[77.15846,16.22011],[77.16208,16.22024],[77.16186,16.2074],[77.15878,16.20569],[77.1563,16.20537],[77.15425,16.20321],[77.15238,16.19943],[77.15074,16.19234],[77.14133,16.19289],[77.14137,16.19399],[77.13606,16.19445],[77.12172,16.19424],[77.1209,16.1961],[77.12068,16.19838],[77.11901,16.20191],[77.11888,16.20344],[77.11618,16.20336],[77.11617,16.20548],[77.11507,16.20701],[77.11516,16.20803],[77.11778,16.2078],[77.11846,16.21148],[77.11546,16.21138],[77.11573,16.21285],[77.11264,16.21325],[77.10759,16.21287],[77.10745,16.2193],[77.097,16.21923],[77.08913,16.22011],[77.08912,16.21978],[77.08843,16.21985],[77.08799,16.21648],[77.0837,16.19869],[77.08153,16.19894],[77.08102,16.19696],[77.08062,16.19293],[77.08105,16.1885],[77.07981,16.18206],[77.08012,16.17903],[77.07788,16.17907],[77.07789,16.17951],[77.07248,16.18049],[77.07103,16.18154],[77.06951,16.18716],[77.06839,16.18689],[77.06717,16.18991],[77.06593,16.19535],[77.05907,16.19741],[77.04487,16.19902],[77.04647,16.21456],[77.03837,16.21547],[77.03047,16.21801],[77.02302,16.21797],[77.02313,16.21844],[77.02132,16.21872],[77.02132,16.21907],[77.01395,16.22036],[77.01345,16.22142],[77.01205,16.22236],[77.00904,16.2231],[77.00901,16.22841],[77.0098,16.23721],[77.01089,16.23751],[77.01074,16.24121],[77.00068,16.2414],[77.00176,16.25166],[77.00213,16.25385],[77.00773,16.25365],[77.00828,16.25654],[77.01479,16.25588],[77.01605,16.26954],[77.01074,16.26983],[77.01085,16.2725],[77.00868,16.27274],[77.00879,16.2737],[77.00797,16.27379],[77.00819,16.2764],[77.00901,16.2763],[77.00911,16.2767],[77.00844,16.28055],[77.00853,16.28313],[77.00057,16.28345],[76.99472,16.28443],[76.99511,16.28827],[76.98567,16.29044],[76.98813,16.2952],[76.98803,16.29599],[76.98899,16.29636],[76.98899,16.29795],[76.99112,16.2984],[76.99126,16.29882],[76.99042,16.30181],[76.99122,16.30236],[76.99057,16.30244],[76.99049,16.303],[76.98914,16.30319],[76.98934,16.30682],[76.98695,16.30689],[76.98238,16.30807],[76.9819,16.30768],[76.98082,16.30798],[76.97271,16.30766],[76.97277,16.31101],[76.97301,16.31251],[76.97387,16.3128],[76.9742,16.31213],[76.97529,16.31285],[76.97659,16.31563],[76.97932,16.31649],[76.98028,16.31753],[76.98076,16.31933],[76.98144,16.3194],[76.98032,16.32046],[76.98088,16.32219],[76.98311,16.32226],[76.98494,16.32126],[76.98685,16.32362],[76.98913,16.3232],[76.98998,16.32544],[76.98944,16.32566],[76.99073,16.32683],[76.99207,16.33336],[76.98764,16.33378],[76.98818,16.34033],[76.99294,16.34013],[76.9941,16.34409],[76.9939,16.34614],[76.99097,16.3455],[76.98978,16.34736],[76.98865,16.3472],[76.98827,16.34815],[76.98932,16.34922],[76.98936,16.35095],[76.99018,16.35096],[76.99031,16.35453],[76.99117,16.35805],[76.99114,16.35872],[76.99052,16.35891],[76.98999,16.36318],[76.99717,16.36379],[77.01076,16.3634],[77.01055,16.37658],[77.01248,16.37768],[77.01109,16.38453],[77.00563,16.39773],[77.00442,16.39791],[77.00262,16.40251],[77.01145,16.40353],[77.01148,16.4082],[77.01496,16.40898],[77.01525,16.40951],[77.01643,16.40938],[77.01721,16.4146],[77.01119,16.41593],[77.00348,16.41672],[76.9944,16.41923],[76.98992,16.41956],[76.98977,16.42047],[76.99088,16.42163],[76.99061,16.42218],[76.99102,16.42293],[76.99386,16.42349],[76.99575,16.42585],[76.99498,16.42836],[76.99556,16.43485],[77.0206,16.43195],[77.02897,16.43168],[77.02809,16.42378],[77.02609,16.41487],[77.03194,16.41389],[77.03121,16.4112],[77.03504,16.41019],[77.03467,16.40805],[77.04561,16.40728],[77.04591,16.40982],[77.0474,16.40966],[77.04766,16.41119],[77.04941,16.41094],[77.04955,16.4114],[77.05266,16.41174],[77.05276,16.41307],[77.06229,16.41359],[77.06697,16.4131],[77.07163,16.41344],[77.0727,16.41971],[77.07417,16.42357],[77.08003,16.43317],[77.08129,16.43719],[77.08176,16.44403],[77.08239,16.44614],[77.07448,16.44863],[77.06472,16.44978],[77.06457,16.45305],[77.06529,16.45915],[77.06575,16.45903],[77.06642,16.45987],[77.06779,16.45888],[77.06995,16.45968],[77.07093,16.46069],[77.07249,16.46071],[77.07407,16.4619],[77.07668,16.46202],[77.07788,16.46283],[77.07913,16.46272],[77.07961,16.46783],[77.08141,16.47546],[77.08305,16.47982],[77.09493,16.49464],[77.09692,16.49361],[77.10598,16.4869],[77.11134,16.4847],[77.11723,16.48388]]]}},{"type":"Feature","properties":{"unitId":648,"unitName":"Jalhalli PS"},"geometry":{"type":"Polygon","coordinates":[[[76.82626,16.41813],[76.82877,16.40127],[76.8298,16.39817],[76.84008,16.3992],[76.83956,16.40252],[76.84036,16.40415],[76.84306,16.40541],[76.84324,16.40604],[76.84273,16.40604],[76.84369,16.40656],[76.84951,16.4062],[76.85456,16.38283],[76.87009,16.38216],[76.88033,16.37911],[76.88932,16.38119],[76.89711,16.37427],[76.89387,16.36469],[76.89451,16.357],[76.90026,16.34253],[76.90388,16.34366],[76.90745,16.34546],[76.90881,16.3457],[76.91199,16.34478],[76.91129,16.33905],[76.90773,16.33915],[76.90519,16.33478],[76.90338,16.33321],[76.90286,16.32257],[76.89984,16.32286],[76.89699,16.324],[76.89788,16.31931],[76.89728,16.31548],[76.89824,16.31542],[76.89835,16.31327],[76.90132,16.30882],[76.90421,16.30116],[76.90932,16.29374],[76.91093,16.29253],[76.9128,16.28814],[76.91365,16.28807],[76.91535,16.2866],[76.91626,16.28266],[76.90876,16.28174],[76.90921,16.27824],[76.9099,16.27823],[76.90905,16.27577],[76.90894,16.27095],[76.91003,16.27048],[76.91074,16.2695],[76.91006,16.26803],[76.91069,16.26658],[76.91057,16.26497],[76.91283,16.26573],[76.9125,16.26482],[76.91268,16.26118],[76.91442,16.26069],[76.9145,16.25951],[76.91412,16.25922],[76.91518,16.25862],[76.91488,16.25642],[76.91442,16.25609],[76.91479,16.25461],[76.91445,16.25233],[76.91484,16.25226],[76.91397,16.25061],[76.91421,16.24866],[76.91378,16.24844],[76.91462,16.24448],[76.91352,16.24461],[76.91363,16.24186],[76.90964,16.24179],[76.90918,16.24006],[76.90998,16.23994],[76.9101,16.23921],[76.91202,16.23885],[76.91356,16.23913],[76.91347,16.23966],[76.92543,16.23758],[76.92555,16.23717],[76.92711,16.23686],[76.92881,16.23461],[76.92982,16.23476],[76.92819,16.23079],[76.92946,16.22974],[76.9323,16.22521],[76.93278,16.2243],[76.93256,16.22312],[76.93317,16.22237],[76.93253,16.21952],[76.93267,16.21716],[76.93156,16.21726],[76.93088,16.21547],[76.93118,16.2153],[76.93084,16.2126],[76.92981,16.21251],[76.92912,16.20861],[76.9307,16.20834],[76.93113,16.20502],[76.93181,16.205],[76.93314,16.19903],[76.93266,16.19115],[76.9246,16.19287],[76.92131,16.19305],[76.9126,16.1957],[76.909,16.19427],[76.90885,16.19355],[76.90803,16.19323],[76.90608,16.19433],[76.90542,16.19749],[76.90059,16.20195],[76.8965,16.20291],[76.89498,16.2023],[76.88854,16.19735],[76.88338,16.1954],[76.87992,16.1926],[76.8774,16.19193],[76.87197,16.18784],[76.86651,16.19003],[76.86216,16.19627],[76.85964,16.19627],[76.8585,16.197],[76.85854,16.19759],[76.85739,16.19809],[76.85523,16.19786],[76.85476,16.19892],[76.85232,16.19886],[76.85117,16.1998],[76.85115,16.20213],[76.85015,16.20384],[76.85057,16.2046],[76.85177,16.20501],[76.85082,16.20592],[76.85066,16.20722],[76.84835,16.20708],[76.84654,16.20762],[76.84633,16.20901],[76.84461,16.20898],[76.84193,16.20991],[76.84085,16.21142],[76.83935,16.21169],[76.83989,16.21715],[76.83664,16.21501],[76.83419,16.2152],[76.83347,16.21543],[76.83329,16.21764],[76.83259,16.21804],[76.83298,16.21937],[76.83069,16.22073],[76.82826,16.22009],[76.82768,16.22119],[76.82438,16.22179],[76.81837,16.22176],[76.81669,16.22228],[76.81274,16.22245],[76.81081,16.22195],[76.81047,16.22103],[76.80772,16.22043],[76.80802,16.21969],[76.80733,16.21939],[76.80636,16.21613],[76.80391,16.21681],[76.8009,16.21924],[76.79666,16.22045],[76.79111,16.22575],[76.79022,16.22559],[76.78986,16.22642],[76.78817,16.22509],[76.78733,16.2222],[76.78367,16.22201],[76.78271,16.22268],[76.78043,16.22303],[76.76557,16.22261],[76.76409,16.22277],[76.76373,16.22378],[76.76197,16.22454],[76.76028,16.22026],[76.75663,16.21591],[76.75021,16.21147],[76.74848,16.21082],[76.74451,16.21122],[76.74449,16.21082],[76.74095,16.21076],[76.73738,16.21124],[76.73762,16.21203],[76.73669,16.21267],[76.7213,16.21631],[76.72102,16.21723],[76.72381,16.23137],[76.72507,16.23517],[76.72546,16.23939],[76.72618,16.23933],[76.72781,16.24117],[76.72895,16.24412],[76.72907,16.24635],[76.73477,16.24766],[76.74408,16.25078],[76.74827,16.2536],[76.7567,16.25748],[76.75839,16.2571],[76.75864,16.25775],[76.75935,16.25791],[76.76319,16.25807],[76.76493,16.26341],[76.7637,16.27206],[76.76247,16.27483],[76.76327,16.27859],[76.76268,16.28081],[76.75651,16.28319],[76.7446,16.29096],[76.7405,16.29283],[76.73833,16.29565],[76.73865,16.29571],[76.7361,16.29673],[76.73567,16.29781],[76.7364,16.29821],[76.73366,16.29936],[76.73128,16.30217],[76.73294,16.31593],[76.73484,16.32225],[76.72802,16.33447],[76.72699,16.33564],[76.71912,16.34005],[76.71373,16.34176],[76.71051,16.3418],[76.70931,16.3424],[76.70838,16.34079],[76.70163,16.34257],[76.69351,16.34633],[76.69094,16.34672],[76.68906,16.35313],[76.68675,16.35838],[76.66893,16.35655],[76.65259,16.35708],[76.6504,16.36084],[76.65525,16.36538],[76.65878,16.36972],[76.66549,16.37335],[76.68092,16.37847],[76.68117,16.37745],[76.68531,16.37868],[76.70281,16.38791],[76.70706,16.38943],[76.71881,16.39241],[76.71752,16.39578],[76.72258,16.39781],[76.73214,16.40287],[76.73546,16.40387],[76.74151,16.40662],[76.7457,16.40941],[76.74835,16.412],[76.75498,16.42003],[76.76019,16.42246],[76.77133,16.42003],[76.7752,16.41762],[76.77934,16.41653],[76.78869,16.41684],[76.78858,16.41759],[76.78931,16.41745],[76.79028,16.41824],[76.79037,16.42028],[76.80271,16.42209],[76.81432,16.42283],[76.82517,16.42446],[76.82626,16.41813]]]}},{"type":"Feature","properties":{"unitId":649,"unitName":"Hutti PS"},"geometry":{"type":"Polygon","coordinates":[[[76.65422,16.35706],[76.66893,16.35655],[76.68675,16.35838],[76.68906,16.35313],[76.69094,16.34672],[76.69351,16.34633],[76.70163,16.34257],[76.70838,16.34079],[76.70931,16.3424],[76.71051,16.3418],[76.71373,16.34176],[76.71912,16.34005],[76.72699,16.33564],[76.72802,16.33447],[76.73484,16.32225],[76.73294,16.31593],[76.73128,16.30217],[76.73366,16.29936],[76.7364,16.29821],[76.73567,16.29781],[76.7361,16.29673],[76.73865,16.29571],[76.73833,16.29565],[76.7405,16.29283],[76.7446,16.29096],[76.75651,16.28319],[76.76268,16.28081],[76.76327,16.27859],[76.76247,16.27483],[76.7637,16.27206],[76.76493,16.26341],[76.76319,16.25807],[76.75935,16.25791],[76.75864,16.25775],[76.75839,16.2571],[76.7567,16.25748],[76.74827,16.2536],[76.74408,16.25078],[76.73477,16.24766],[76.72907,16.24635],[76.72895,16.24412],[76.72781,16.24117],[76.72618,16.23933],[76.72546,16.23939],[76.72507,16.23517],[76.72381,16.23137],[76.72102,16.21723],[76.7213,16.21631],[76.73669,16.21267],[76.73762,16.21203],[76.73738,16.21124],[76.74095,16.21076],[76.74449,16.21082],[76.74451,16.21122],[76.74848,16.21082],[76.75021,16.21147],[76.75663,16.21591],[76.76028,16.22026],[76.76197,16.22454],[76.76373,16.22378],[76.76409,16.22277],[76.76557,16.22261],[76.78043,16.22303],[76.78271,16.22268],[76.78367,16.22201],[76.78619,16.22218],[76.78444,16.22014],[76.77949,16.21983],[76.77751,16.21369],[76.77636,16.20467],[76.77523,16.202],[76.77355,16.20013],[76.77069,16.19462],[76.77006,16.19159],[76.77138,16.18523],[76.77108,16.17886],[76.77222,16.16937],[76.77272,16.16826],[76.77074,16.16207],[76.76991,16.16223],[76.76953,16.16104],[76.76735,16.14834],[76.76543,16.14063],[76.75793,16.14364],[76.75003,16.14586],[76.72753,16.15432],[76.72019,16.15528],[76.72018,16.15607],[76.70972,16.15751],[76.70954,16.15532],[76.69709,16.15533],[76.69269,16.14696],[76.6885,16.14739],[76.68814,16.14368],[76.68876,16.13948],[76.6885,16.13874],[76.69095,16.12893],[76.69117,16.12618],[76.68391,16.12273],[76.68157,16.12028],[76.68009,16.1161],[76.67757,16.11641],[76.67521,16.11724],[76.67533,16.11766],[76.66782,16.11954],[76.66612,16.11495],[76.66321,16.1123],[76.6611,16.11138],[76.65828,16.11266],[76.65733,16.10695],[76.65827,16.10424],[76.65777,16.1004],[76.65673,16.09364],[76.65474,16.08724],[76.65052,16.08733],[76.64838,16.0825],[76.64641,16.08257],[76.64433,16.07895],[76.64254,16.07963],[76.63408,16.0796],[76.63058,16.08921],[76.62749,16.08922],[76.62767,16.09222],[76.62883,16.09745],[76.62639,16.09783],[76.62675,16.09971],[76.62477,16.10018],[76.62702,16.10525],[76.61663,16.10995],[76.61105,16.11139],[76.61165,16.11474],[76.59276,16.12008],[76.59274,16.12069],[76.58391,16.1223],[76.58359,16.12323],[76.58336,16.12538],[76.58472,16.12457],[76.58493,16.12621],[76.58617,16.12736],[76.58874,16.12679],[76.60286,16.12676],[76.60654,16.12619],[76.60859,16.13248],[76.6087,16.13937],[76.61006,16.14649],[76.59954,16.1482],[76.60007,16.15137],[76.59815,16.15159],[76.59901,16.15455],[76.59491,16.15563],[76.59122,16.15718],[76.59123,16.15775],[76.58996,16.15821],[76.58703,16.15882],[76.58734,16.16002],[76.5889,16.16181],[76.58852,16.16226],[76.5898,16.16646],[76.58976,16.16773],[76.59449,16.16672],[76.59606,16.17006],[76.59786,16.1692],[76.60264,16.16854],[76.60313,16.16836],[76.60312,16.16779],[76.60713,16.16694],[76.60765,16.17035],[76.61023,16.16961],[76.61093,16.17289],[76.60781,16.17379],[76.6094,16.17851],[76.60881,16.17978],[76.60748,16.18034],[76.6075,16.18112],[76.60619,16.18157],[76.60591,16.17953],[76.60648,16.17934],[76.60613,16.1765],[76.60534,16.17683],[76.60514,16.1763],[76.60274,16.17739],[76.60525,16.18099],[76.60189,16.18189],[76.60279,16.18389],[76.59897,16.18475],[76.59798,16.1813],[76.59593,16.18079],[76.59701,16.18602],[76.59926,16.19142],[76.60086,16.19737],[76.60171,16.20432],[76.60195,16.215],[76.6028,16.22025],[76.60187,16.24076],[76.60023,16.24567],[76.59993,16.24959],[76.59923,16.25068],[76.60057,16.26561],[76.59794,16.26995],[76.59652,16.2705],[76.5967,16.27181],[76.59911,16.27235],[76.5995,16.27444],[76.59697,16.27519],[76.59741,16.27873],[76.59659,16.28124],[76.5924,16.2821],[76.58833,16.28535],[76.58701,16.28584],[76.58571,16.28801],[76.5864,16.2879],[76.58806,16.29262],[76.5913,16.29514],[76.59261,16.3044],[76.59568,16.31136],[76.59445,16.31176],[76.59404,16.31309],[76.59344,16.3238],[76.59285,16.32429],[76.59208,16.32645],[76.59243,16.3377],[76.59209,16.33992],[76.60676,16.34053],[76.61297,16.34211],[76.62381,16.35008],[76.63274,16.35397],[76.63997,16.35534],[76.64185,16.3544],[76.64614,16.35592],[76.64903,16.35836],[76.6504,16.36084],[76.65259,16.35708],[76.65422,16.35706]]]}},{"type":"Feature","properties":{"unitId":650,"unitName":"Lingasugur PS"},"geometry":{"type":"Polygon","coordinates":[[[76.58673,16.28879],[76.5864,16.2879],[76.58571,16.28797],[76.58701,16.28584],[76.58833,16.28535],[76.5924,16.2821],[76.59659,16.28124],[76.59741,16.27873],[76.59697,16.27519],[76.5995,16.27444],[76.59911,16.27235],[76.5967,16.27181],[76.59652,16.2705],[76.59794,16.26995],[76.60057,16.26561],[76.59923,16.25068],[76.59993,16.24959],[76.60023,16.24567],[76.60187,16.24076],[76.6028,16.22025],[76.60195,16.215],[76.60171,16.20432],[76.60086,16.19737],[76.59926,16.19142],[76.59701,16.18602],[76.59593,16.18079],[76.59798,16.1813],[76.59897,16.18475],[76.60279,16.18389],[76.60189,16.18189],[76.60525,16.18099],[76.60274,16.17739],[76.60514,16.1763],[76.60534,16.17683],[76.60613,16.1765],[76.60648,16.17934],[76.60591,16.17953],[76.60619,16.18157],[76.6075,16.18112],[76.60748,16.18034],[76.60881,16.17978],[76.6094,16.17851],[76.60781,16.17379],[76.61093,16.17289],[76.61023,16.16961],[76.60765,16.17035],[76.60713,16.16694],[76.60312,16.16779],[76.60313,16.16836],[76.60264,16.16854],[76.59786,16.1692],[76.59606,16.17006],[76.59449,16.16672],[76.58976,16.16773],[76.5898,16.16646],[76.58852,16.16226],[76.5889,16.16181],[76.58734,16.16002],[76.58703,16.15882],[76.58996,16.15821],[76.59123,16.15775],[76.59122,16.15718],[76.59491,16.15563],[76.59901,16.15455],[76.59815,16.15159],[76.60007,16.15137],[76.59954,16.1482],[76.61006,16.14649],[76.6087,16.13937],[76.60859,16.13248],[76.60654,16.12619],[76.60286,16.12676],[76.58874,16.12679],[76.58617,16.12736],[76.58493,16.12621],[76.58472,16.12457],[76.58336,16.12538],[76.58391,16.1223],[76.58464,16.12219],[76.58324,16.11558],[76.58075,16.11587],[76.58075,16.11426],[76.5797,16.11275],[76.5796,16.11096],[76.5784,16.10748],[76.57875,16.10728],[76.57742,16.1056],[76.57709,16.10388],[76.57587,16.1039],[76.57479,16.10233],[76.57238,16.09749],[76.57121,16.09627],[76.56838,16.09639],[76.5683,16.096],[76.56549,16.0972],[76.56102,16.09805],[76.55866,16.09769],[76.55869,16.0981],[76.55457,16.09879],[76.55232,16.09348],[76.55176,16.08959],[76.54853,16.08999],[76.54766,16.08532],[76.5459,16.08523],[76.54545,16.07951],[76.52891,16.0781],[76.52841,16.07842],[76.52839,16.08063],[76.52223,16.08086],[76.51682,16.08063],[76.50652,16.07927],[76.50041,16.07925],[76.49941,16.07896],[76.49887,16.07721],[76.48829,16.07846],[76.48549,16.07836],[76.48573,16.0807],[76.48134,16.08047],[76.48163,16.08176],[76.47571,16.08225],[76.47232,16.08322],[76.47291,16.08437],[76.47078,16.08686],[76.46707,16.08911],[76.46489,16.08923],[76.46441,16.08673],[76.45829,16.08649],[76.4567,16.08599],[76.45686,16.08533],[76.45399,16.08386],[76.45366,16.0823],[76.44894,16.08063],[76.44697,16.0805],[76.44247,16.08153],[76.43767,16.08332],[76.43714,16.08673],[76.43473,16.08723],[76.43434,16.08943],[76.42816,16.09103],[76.42534,16.09108],[76.42226,16.08978],[76.41815,16.08977],[76.41336,16.09078],[76.40451,16.09028],[76.39796,16.08931],[76.39849,16.0984],[76.39762,16.10064],[76.39721,16.10678],[76.39574,16.11275],[76.394,16.11343],[76.39351,16.12017],[76.38357,16.12083],[76.37267,16.12371],[76.37248,16.11251],[76.37278,16.11173],[76.37492,16.11119],[76.37435,16.10498],[76.37333,16.10491],[76.37269,16.10407],[76.37237,16.10235],[76.36723,16.10235],[76.36056,16.10158],[76.35472,16.11126],[76.35282,16.11335],[76.34864,16.11476],[76.34862,16.11537],[76.3432,16.118],[76.34305,16.11896],[76.33933,16.11979],[76.33972,16.12219],[76.33454,16.12556],[76.33021,16.12644],[76.33153,16.13837],[76.33231,16.13842],[76.33244,16.1409],[76.33049,16.14261],[76.33075,16.1436],[76.32169,16.14185],[76.31458,16.14228],[76.30518,16.14465],[76.29595,16.1435],[76.29569,16.14242],[76.29316,16.14324],[76.29288,16.14443],[76.29454,16.15398],[76.28456,16.16091],[76.28485,16.16143],[76.28596,16.16064],[76.29019,16.16645],[76.29249,16.1724],[76.29067,16.17287],[76.29159,16.17539],[76.29369,16.18062],[76.29713,16.18537],[76.30342,16.18815],[76.30763,16.18319],[76.31501,16.18466],[76.31686,16.18561],[76.31701,16.18521],[76.31806,16.18606],[76.3178,16.18664],[76.31859,16.18705],[76.31877,16.18659],[76.32071,16.18719],[76.33602,16.19282],[76.33542,16.19413],[76.33918,16.19547],[76.33937,16.19511],[76.34271,16.19744],[76.34376,16.19727],[76.34775,16.19829],[76.35067,16.201],[76.3522,16.20181],[76.35358,16.20454],[76.35548,16.20653],[76.36166,16.20818],[76.36292,16.2059],[76.36849,16.21394],[76.3688,16.21777],[76.37383,16.21789],[76.38233,16.22275],[76.39561,16.22914],[76.39776,16.23479],[76.40108,16.23952],[76.41411,16.2406],[76.4161,16.24187],[76.41628,16.246],[76.41459,16.248],[76.41381,16.25052],[76.41909,16.2535],[76.42663,16.2592],[76.43232,16.26073],[76.44986,16.27592],[76.45067,16.27447],[76.45359,16.2732],[76.45862,16.2772],[76.46374,16.27809],[76.4635,16.28106],[76.47688,16.2908],[76.49118,16.29718],[76.50005,16.29915],[76.49876,16.30169],[76.51747,16.30437],[76.52774,16.30801],[76.53622,16.30878],[76.53917,16.31234],[76.56656,16.32971],[76.57284,16.33073],[76.58053,16.331],[76.58767,16.33656],[76.59016,16.33972],[76.59209,16.33992],[76.59243,16.3377],[76.59208,16.32645],[76.59285,16.32429],[76.59344,16.3238],[76.59404,16.31309],[76.59445,16.31176],[76.59568,16.31136],[76.59261,16.3044],[76.5913,16.29514],[76.58806,16.29262],[76.58673,16.28879]]]}},{"type":"Feature","properties":{"unitId":651,"unitName":"Maski PS"},"geometry":{"type":"Polygon","coordinates":[[[76.60915,16.1157],[76.61185,16.1146],[76.61105,16.11139],[76.61663,16.10995],[76.62702,16.10525],[76.62477,16.10018],[76.62675,16.09971],[76.62639,16.09783],[76.62883,16.09745],[76.62767,16.09222],[76.62749,16.08922],[76.63058,16.08921],[76.63408,16.0796],[76.64176,16.07961],[76.63979,16.06682],[76.64099,16.06325],[76.64017,16.05785],[76.64047,16.0554],[76.64302,16.05438],[76.64727,16.05355],[76.64972,16.05171],[76.64907,16.04817],[76.64901,16.04188],[76.65277,16.04184],[76.66582,16.0391],[76.67519,16.03796],[76.67516,16.03663],[76.67573,16.03644],[76.67549,16.03403],[76.67894,16.03349],[76.69139,16.03007],[76.69697,16.02933],[76.69579,16.01802],[76.69481,16.01349],[76.69381,16.01368],[76.69062,16.00405],[76.6891,15.99513],[76.68974,15.99502],[76.6876,15.98301],[76.68648,15.98],[76.68615,15.98009],[76.68123,15.97093],[76.67628,15.95875],[76.67735,15.95743],[76.67653,15.95251],[76.67554,15.95236],[76.67465,15.95],[76.67397,15.95028],[76.67229,15.94991],[76.67231,15.94933],[76.67179,15.94922],[76.66935,15.9379],[76.66785,15.93619],[76.66779,15.93538],[76.6644,15.93469],[76.66983,15.91973],[76.66665,15.91934],[76.66634,15.91766],[76.65953,15.91877],[76.65904,15.91983],[76.65364,15.9215],[76.65346,15.92076],[76.64972,15.92193],[76.64981,15.9225],[76.64862,15.92277],[76.64448,15.92327],[76.64029,15.92314],[76.64014,15.92008],[76.63756,15.9202],[76.63743,15.91864],[76.63852,15.91839],[76.63827,15.91351],[76.63814,15.91284],[76.63741,15.91275],[76.63721,15.90953],[76.6382,15.90934],[76.63843,15.9088],[76.63672,15.90663],[76.63449,15.90654],[76.63337,15.90718],[76.63018,15.90747],[76.62948,15.90298],[76.62176,15.90374],[76.6211,15.90534],[76.62087,15.909],[76.61271,15.91155],[76.61139,15.90923],[76.60948,15.90974],[76.60773,15.90378],[76.60303,15.9036],[76.6002,15.90691],[76.59442,15.91093],[76.58732,15.91367],[76.5834,15.91482],[76.58219,15.91459],[76.58061,15.90839],[76.57928,15.90606],[76.5776,15.90114],[76.57911,15.89797],[76.57716,15.89475],[76.57629,15.89207],[76.57941,15.89115],[76.57904,15.88907],[76.57845,15.88863],[76.57965,15.88779],[76.57959,15.88646],[76.58226,15.8852],[76.57999,15.8762],[76.57717,15.87197],[76.57783,15.87169],[76.5755,15.86591],[76.57395,15.85872],[76.5733,15.85819],[76.57129,15.85192],[76.56105,15.85445],[76.54075,15.85806],[76.53988,15.8585],[76.53999,15.85983],[76.53654,15.86114],[76.53119,15.86247],[76.5243,15.86308],[76.52039,15.86427],[76.52022,15.8649],[76.51859,15.86577],[76.51734,15.86587],[76.51525,15.86487],[76.51069,15.86522],[76.50542,15.86485],[76.50278,15.86582],[76.49581,15.86716],[76.49281,15.86867],[76.4934,15.87107],[76.49441,15.87286],[76.49408,15.87734],[76.49458,15.87829],[76.49333,15.87869],[76.49174,15.87833],[76.48618,15.87856],[76.4733,15.88238],[76.46138,15.88459],[76.46164,15.88774],[76.46761,15.89917],[76.46854,15.90258],[76.46788,15.90274],[76.46774,15.90608],[76.46706,15.9061],[76.4656,15.90775],[76.46495,15.90787],[76.46044,15.91242],[76.45821,15.91311],[76.45765,15.91429],[76.45507,15.91601],[76.45293,15.92069],[76.45227,15.92127],[76.45192,15.92636],[76.45233,15.92869],[76.4477,15.93029],[76.44653,15.93111],[76.44451,15.93381],[76.44443,15.93439],[76.44558,15.93618],[76.44329,15.937],[76.44475,15.93942],[76.44603,15.94324],[76.44712,15.94478],[76.44856,15.9491],[76.44933,15.94995],[76.44966,15.9515],[76.44812,15.95513],[76.44901,15.95711],[76.45009,15.95774],[76.45443,15.95667],[76.45652,15.95687],[76.4551,15.96342],[76.45509,15.96846],[76.45573,15.97615],[76.45628,15.97926],[76.45714,15.98073],[76.46529,15.98582],[76.46804,15.98498],[76.47106,15.98479],[76.47268,15.98629],[76.47265,15.98726],[76.47218,15.98762],[76.47216,15.98832],[76.4726,15.98829],[76.47252,15.99098],[76.47089,15.9924],[76.47034,15.99363],[76.47136,15.99415],[76.47279,15.99793],[76.47328,16.00183],[76.47475,16.00266],[76.47706,16.00661],[76.47835,16.00828],[76.47925,16.00828],[76.48083,16.01086],[76.48236,16.00956],[76.48252,16.01008],[76.48367,16.01039],[76.48475,16.01236],[76.48928,16.01137],[76.48972,16.01517],[76.49063,16.01541],[76.4937,16.01435],[76.49558,16.01258],[76.49569,16.01128],[76.49607,16.01514],[76.49723,16.01538],[76.51208,16.01214],[76.51809,16.00943],[76.52494,16.01036],[76.52842,16.01497],[76.52969,16.01533],[76.5309,16.01462],[76.53368,16.01508],[76.53616,16.01759],[76.53574,16.01834],[76.53187,16.01954],[76.53128,16.02057],[76.52381,16.02179],[76.52413,16.02462],[76.5238,16.0306],[76.52216,16.03599],[76.52132,16.04071],[76.52134,16.04427],[76.52798,16.06374],[76.52841,16.07842],[76.52891,16.0781],[76.53312,16.07831],[76.54545,16.07951],[76.5459,16.08523],[76.54766,16.08532],[76.54853,16.08999],[76.55176,16.08959],[76.55232,16.09348],[76.55457,16.09879],[76.55869,16.0981],[76.55866,16.09769],[76.56102,16.09805],[76.56549,16.0972],[76.5683,16.096],[76.56838,16.09639],[76.57121,16.09627],[76.57326,16.0986],[76.57587,16.1039],[76.57709,16.10388],[76.57742,16.1056],[76.57875,16.10728],[76.5784,16.10748],[76.5796,16.11096],[76.5797,16.11275],[76.58075,16.11426],[76.58075,16.11587],[76.58324,16.11558],[76.58464,16.12219],[76.59274,16.12069],[76.59276,16.12008],[76.59627,16.11936],[76.60205,16.11721],[76.60915,16.1157]]]}},{"type":"Feature","properties":{"unitId":652,"unitName":"Mudgal PS"},"geometry":{"type":"Polygon","coordinates":[[[76.24684,16.1604],[76.25067,16.1597],[76.25254,16.15907],[76.25321,16.15832],[76.25367,16.15878],[76.25728,16.15697],[76.25739,16.15737],[76.25809,16.15713],[76.26218,16.15445],[76.26235,16.15472],[76.26545,16.15304],[76.26916,16.15035],[76.27123,16.14999],[76.27129,16.14951],[76.27202,16.15092],[76.28222,16.15105],[76.27975,16.15269],[76.28456,16.16091],[76.29454,16.15398],[76.29288,16.14443],[76.29316,16.14324],[76.29569,16.14242],[76.29595,16.1435],[76.30518,16.14465],[76.31669,16.14202],[76.3227,16.14194],[76.33075,16.1436],[76.33049,16.14261],[76.33244,16.1409],[76.33231,16.13842],[76.33153,16.13837],[76.33021,16.12644],[76.33454,16.12556],[76.33972,16.12219],[76.33933,16.11979],[76.34305,16.11896],[76.3432,16.118],[76.34862,16.11537],[76.34864,16.11476],[76.35282,16.11335],[76.35472,16.11126],[76.36056,16.10158],[76.36723,16.10235],[76.37237,16.10235],[76.37269,16.10407],[76.37333,16.10491],[76.37435,16.10498],[76.37492,16.11119],[76.37278,16.11173],[76.37248,16.11251],[76.37267,16.12371],[76.38357,16.12083],[76.39351,16.12017],[76.394,16.11343],[76.39574,16.11275],[76.39721,16.10678],[76.39762,16.10064],[76.39849,16.0984],[76.39796,16.08931],[76.40451,16.09028],[76.41336,16.09078],[76.41815,16.08977],[76.42226,16.08978],[76.42534,16.09108],[76.42816,16.09103],[76.43434,16.08943],[76.43473,16.08723],[76.43714,16.08673],[76.43767,16.08332],[76.44247,16.08153],[76.44697,16.0805],[76.44894,16.08063],[76.45366,16.0823],[76.45399,16.08386],[76.45686,16.08533],[76.4567,16.08599],[76.45829,16.08649],[76.46441,16.08673],[76.46489,16.08923],[76.46707,16.08911],[76.47078,16.08686],[76.47291,16.08437],[76.47232,16.08322],[76.47571,16.08225],[76.48163,16.08176],[76.48134,16.08047],[76.48573,16.0807],[76.48549,16.07836],[76.48829,16.07846],[76.49887,16.07721],[76.49941,16.07896],[76.50041,16.07925],[76.50652,16.07927],[76.51682,16.08063],[76.52839,16.08063],[76.52798,16.06374],[76.52134,16.04427],[76.52132,16.04071],[76.52216,16.03599],[76.5238,16.0306],[76.52413,16.02462],[76.52381,16.02179],[76.53128,16.02057],[76.53187,16.01954],[76.53574,16.01834],[76.53616,16.01759],[76.53368,16.01508],[76.5309,16.01462],[76.52969,16.01533],[76.52842,16.01497],[76.52499,16.01039],[76.52311,16.01001],[76.51809,16.00943],[76.51208,16.01214],[76.49723,16.01538],[76.49607,16.01514],[76.49569,16.01128],[76.49558,16.01258],[76.49419,16.01401],[76.49063,16.01541],[76.48972,16.01517],[76.48928,16.01137],[76.48475,16.01236],[76.48367,16.01039],[76.48252,16.01008],[76.48236,16.00956],[76.48083,16.01086],[76.47925,16.00828],[76.47835,16.00828],[76.47706,16.00661],[76.47475,16.00266],[76.47328,16.00183],[76.47279,15.99793],[76.47136,15.99415],[76.47034,15.99363],[76.47089,15.9924],[76.47252,15.99098],[76.4726,15.98829],[76.47216,15.98832],[76.47218,15.98762],[76.47265,15.98726],[76.47268,15.98629],[76.47106,15.98479],[76.46804,15.98498],[76.46529,15.98582],[76.45714,15.98073],[76.45628,15.97926],[76.45509,15.96846],[76.4551,15.96342],[76.45652,15.95687],[76.45443,15.95667],[76.45009,15.95774],[76.44901,15.95711],[76.44812,15.95513],[76.44966,15.9515],[76.44933,15.94995],[76.44856,15.9491],[76.44712,15.94478],[76.44603,15.94324],[76.44475,15.93942],[76.44329,15.937],[76.44558,15.93618],[76.44443,15.93439],[76.44451,15.93381],[76.44653,15.93111],[76.4477,15.93029],[76.45233,15.92869],[76.45192,15.92636],[76.45227,15.92127],[76.45293,15.92069],[76.45507,15.91601],[76.45765,15.91429],[76.45821,15.91311],[76.46044,15.91242],[76.46495,15.90787],[76.4656,15.90775],[76.46706,15.9061],[76.46774,15.90608],[76.46788,15.90274],[76.46854,15.90258],[76.46761,15.89917],[76.46164,15.88774],[76.46138,15.88459],[76.4733,15.88238],[76.48618,15.87856],[76.49174,15.87833],[76.49333,15.87869],[76.49458,15.87829],[76.49408,15.87734],[76.49441,15.87286],[76.49278,15.86942],[76.49295,15.86841],[76.49581,15.86716],[76.50196,15.86594],[76.49795,15.85894],[76.4977,15.85708],[76.49812,15.85558],[76.497,15.85569],[76.49422,15.85389],[76.48424,15.85571],[76.47919,15.85405],[76.47706,15.85557],[76.46378,15.85825],[76.45678,15.86219],[76.45667,15.86171],[76.45422,15.86047],[76.45168,15.85525],[76.44953,15.85333],[76.44189,15.85586],[76.43694,15.85931],[76.43128,15.86],[76.42307,15.86323],[76.41986,15.86364],[76.41678,15.86484],[76.41914,15.87126],[76.42194,15.87326],[76.42425,15.88579],[76.4239,15.88787],[76.42621,15.88977],[76.42567,15.89009],[76.42629,15.89047],[76.41725,15.89572],[76.41591,15.89549],[76.41018,15.89685],[76.40818,15.89765],[76.4083,15.89807],[76.40718,15.89859],[76.40326,15.8996],[76.40323,15.90193],[76.39427,15.9031],[76.37505,15.90224],[76.37503,15.91229],[76.37381,15.91593],[76.37372,15.91762],[76.37305,15.91746],[76.37223,15.91535],[76.37042,15.91288],[76.36885,15.91214],[76.36635,15.91187],[76.36512,15.9122],[76.36234,15.91157],[76.35801,15.90882],[76.35373,15.90316],[76.35851,15.90113],[76.35679,15.89739],[76.3575,15.8858],[76.3573,15.88176],[76.35855,15.88144],[76.35515,15.86528],[76.35422,15.8646],[76.35325,15.86527],[76.3511,15.86344],[76.33777,15.87157],[76.33881,15.87364],[76.34201,15.87705],[76.34639,15.89041],[76.34511,15.90073],[76.34108,15.90143],[76.33499,15.90472],[76.33238,15.90554],[76.33009,15.90535],[76.32514,15.90377],[76.32115,15.90354],[76.32111,15.90174],[76.31546,15.89993],[76.31518,15.89907],[76.31504,15.89967],[76.31456,15.89975],[76.31494,15.8974],[76.31441,15.89596],[76.31314,15.89482],[76.30651,15.89311],[76.30636,15.89356],[76.30533,15.89335],[76.30559,15.89367],[76.30419,15.89429],[76.30306,15.89548],[76.30072,15.89623],[76.29731,15.89413],[76.28973,15.8926],[76.28748,15.89684],[76.28724,15.8989],[76.28536,15.90248],[76.28437,15.91759],[76.28549,15.93037],[76.30194,15.93049],[76.30265,15.92387],[76.3122,15.92252],[76.31216,15.92196],[76.31259,15.92197],[76.31343,15.92493],[76.313,15.92907],[76.32018,15.93129],[76.32855,15.93232],[76.32893,15.93472],[76.32832,15.93484],[76.32759,15.93901],[76.32246,15.95598],[76.31624,15.95694],[76.30917,15.95699],[76.30508,15.96584],[76.30415,15.96894],[76.29988,15.97664],[76.29819,15.98924],[76.29652,15.99254],[76.29645,15.99652],[76.29806,15.99918],[76.30309,15.99993],[76.30654,15.99975],[76.30815,16.0003],[76.3118,16.00039],[76.31202,16.00418],[76.3116,16.00424],[76.31135,16.00673],[76.31096,16.00674],[76.3108,16.00891],[76.31116,16.00972],[76.31117,16.01384],[76.30568,16.02539],[76.30448,16.03173],[76.30416,16.03704],[76.3033,16.03917],[76.30451,16.05422],[76.30712,16.06595],[76.30585,16.06678],[76.30324,16.0674],[76.30391,16.07002],[76.30396,16.07357],[76.28378,16.07514],[76.27371,16.07499],[76.26807,16.07403],[76.26053,16.07398],[76.25914,16.09126],[76.28434,16.08896],[76.29383,16.08896],[76.29656,16.08704],[76.29802,16.0856],[76.29868,16.0842],[76.3022,16.08432],[76.3062,16.08379],[76.32753,16.07732],[76.33014,16.08247],[76.33273,16.09116],[76.32599,16.09212],[76.32049,16.09355],[76.31694,16.09571],[76.31213,16.09755],[76.30745,16.10054],[76.30419,16.10163],[76.29066,16.10434],[76.28441,16.10633],[76.27661,16.10695],[76.2677,16.10966],[76.26395,16.10317],[76.26333,16.10095],[76.26215,16.099],[76.26218,16.09717],[76.25599,16.0973],[76.25611,16.0992],[76.25432,16.09932],[76.25334,16.10409],[76.25342,16.10699],[76.25435,16.10945],[76.24822,16.1114],[76.24511,16.11314],[76.24529,16.11375],[76.24471,16.11319],[76.24465,16.11524],[76.24514,16.11599],[76.24507,16.1183],[76.24552,16.11949],[76.24513,16.12215],[76.24582,16.12306],[76.24601,16.1244],[76.24753,16.12625],[76.24642,16.1267],[76.24688,16.12685],[76.24642,16.12804],[76.23423,16.13042],[76.23503,16.13956],[76.2363,16.14669],[76.23614,16.15137],[76.23848,16.16348],[76.24576,16.16151],[76.24666,16.16116],[76.24684,16.1604]]]}},{"type":"Feature","properties":{"unitId":653,"unitName":"Netajinagar PS"},"geometry":{"type":"Polygon","coordinates":[[[77.37115,16.19762],[77.37072,16.19716],[77.37195,16.19409],[77.37152,16.19368],[77.37203,16.19133],[77.37139,16.18777],[77.37231,16.18394],[77.37087,16.18046],[77.36953,16.17984],[77.36839,16.1799],[77.36539,16.18321],[77.36008,16.18504],[77.35823,16.18508],[77.35757,16.18579],[77.3559,16.18627],[77.35437,16.18603],[77.35286,16.18503],[77.35234,16.18857],[77.35314,16.18852],[77.35312,16.188],[77.35522,16.18816],[77.35498,16.18934],[77.35646,16.18933],[77.35657,16.19017],[77.35859,16.19028],[77.3586,16.191],[77.36206,16.19084],[77.36366,16.18984],[77.36273,16.19285],[77.36268,16.19487],[77.36199,16.19543],[77.3619,16.19745],[77.37084,16.19547],[77.37075,16.19662],[77.37021,16.19697],[77.37115,16.19762]]]}},{"type":"Feature","properties":{"unitId":654,"unitName":"Sadar Bazar PS"},"geometry":{"type":"MultiPolygon","coordinates":[[[[77.34626,16.21517],[77.34934,16.21278],[77.35351,16.21145],[77.35321,16.21019],[77.35689,16.20929],[77.35632,16.20679],[77.35919,16.20617],[77.35938,16.2027],[77.36139,16.20261],[77.36158,16.20221],[77.36224,16.19925],[77.36178,16.19683],[77.36199,16.19543],[77.36268,16.19487],[77.36273,16.19285],[77.36366,16.18984],[77.36206,16.19084],[77.3586,16.191],[77.35859,16.19028],[77.35657,16.19017],[77.35646,16.18933],[77.35498,16.18934],[77.35522,16.18816],[77.35312,16.188],[77.35314,16.18852],[77.35234,16.18857],[77.3522,16.19086],[77.34994,16.19042],[77.34995,16.19247],[77.34469,16.19355],[77.34835,16.19763],[77.34541,16.20004],[77.34491,16.20098],[77.3453,16.20138],[77.34477,16.20139],[77.34443,16.20214],[77.34593,16.2071],[77.34569,16.20746],[77.34403,16.20744],[77.34362,16.20638],[77.34053,16.2069],[77.34077,16.20908],[77.34174,16.20907],[77.34304,16.20989],[77.34291,16.21092],[77.34014,16.21073],[77.34021,16.21294],[77.33948,16.21314],[77.34005,16.21521],[77.34626,16.21517]]],[[[77.38783,16.16652],[77.3865,16.16647],[77.3859,16.16692],[77.38588,16.16769],[77.38643,16.1693],[77.38847,16.17132],[77.38977,16.17136],[77.38998,16.17053],[77.39137,16.17013],[77.39261,16.16874],[77.39252,16.16724],[77.38783,16.16652]]]]}},{"type":"Feature","properties":{"unitId":655,"unitName":"Raichur Rural PS"},"geometry":{"type":"MultiPolygon","coordinates":[[[[77.25769,16.41198],[77.26315,16.40702],[77.26529,16.40579],[77.2696,16.40581],[77.2703,16.40268],[77.26761,16.39643],[77.28406,16.40044],[77.28509,16.40114],[77.28492,16.40196],[77.28545,16.40218],[77.28586,16.40126],[77.28644,16.40138],[77.28585,16.40215],[77.28841,16.4022],[77.28949,16.40757],[77.28872,16.40762],[77.28879,16.40801],[77.2895,16.40761],[77.289,16.40872],[77.2897,16.40862],[77.29051,16.41262],[77.29541,16.41093],[77.30105,16.40766],[77.31432,16.40167],[77.32534,16.40114],[77.33778,16.39773],[77.33223,16.38492],[77.33131,16.37995],[77.32985,16.38024],[77.32816,16.37984],[77.32813,16.37928],[77.32455,16.37989],[77.32395,16.37969],[77.3238,16.37877],[77.3228,16.37896],[77.32282,16.37792],[77.31958,16.37948],[77.31957,16.37839],[77.31837,16.37775],[77.31789,16.37561],[77.31609,16.37579],[77.31631,16.37064],[77.31746,16.36468],[77.31723,16.35926],[77.31773,16.35177],[77.31861,16.3476],[77.31853,16.34504],[77.3309,16.34297],[77.34717,16.34173],[77.35113,16.34088],[77.35053,16.33712],[77.35367,16.33651],[77.35203,16.33238],[77.35564,16.33229],[77.35569,16.33351],[77.36063,16.33332],[77.3621,16.33382],[77.36383,16.3335],[77.36384,16.3317],[77.36755,16.33387],[77.36846,16.33782],[77.37008,16.33899],[77.37441,16.34044],[77.37576,16.34195],[77.37648,16.34619],[77.37817,16.34663],[77.37937,16.34629],[77.38133,16.34797],[77.38173,16.35364],[77.3844,16.35785],[77.38572,16.36252],[77.38738,16.36339],[77.39049,16.36121],[77.39198,16.36175],[77.39349,16.36359],[77.3939,16.36483],[77.39353,16.36616],[77.39378,16.3673],[77.39602,16.36976],[77.39898,16.37533],[77.41816,16.37023],[77.42239,16.37027],[77.42623,16.37204],[77.43112,16.37556],[77.43308,16.37789],[77.43788,16.37961],[77.43991,16.36211],[77.44106,16.35846],[77.44226,16.35685],[77.443,16.35387],[77.44323,16.35116],[77.44308,16.35064],[77.44253,16.3506],[77.44256,16.34688],[77.44364,16.34039],[77.44587,16.33394],[77.44717,16.32169],[77.444,16.32174],[77.44403,16.32267],[77.44267,16.3233],[77.43955,16.32071],[77.4381,16.31798],[77.43487,16.31705],[77.43413,16.31635],[77.43317,16.31366],[77.43278,16.31379],[77.43033,16.30917],[77.42789,16.30581],[77.42677,16.30232],[77.4271,16.29833],[77.42795,16.29527],[77.42751,16.29476],[77.4328,16.29251],[77.43266,16.29192],[77.4335,16.29188],[77.43066,16.28885],[77.4303,16.2872],[77.42354,16.27259],[77.42287,16.26812],[77.42188,16.26519],[77.42141,16.26524],[77.42142,16.2637],[77.42278,16.26291],[77.43004,16.25932],[77.43392,16.25893],[77.43823,16.25548],[77.43904,16.24237],[77.43871,16.23798],[77.43931,16.23461],[77.4389,16.23451],[77.43854,16.23148],[77.4388,16.22535],[77.437,16.22589],[77.43257,16.22534],[77.43044,16.22579],[77.42525,16.22578],[77.42302,16.22266],[77.42072,16.22071],[77.42143,16.21646],[77.42135,16.21306],[77.41524,16.21357],[77.4106,16.21522],[77.4066,16.21426],[77.40604,16.21393],[77.40635,16.21309],[77.40603,16.21278],[77.40327,16.21326],[77.40134,16.21268],[77.40244,16.2083],[77.40195,16.20521],[77.39598,16.20414],[77.39714,16.20312],[77.39616,16.20251],[77.39596,16.20112],[77.3944,16.20214],[77.39355,16.20204],[77.39235,16.1997],[77.39214,16.19635],[77.39136,16.19503],[77.392,16.19258],[77.39088,16.19133],[77.39214,16.19007],[77.39211,16.18868],[77.39114,16.1872],[77.391,16.18566],[77.39424,16.18498],[77.39209,16.18289],[77.39184,16.18203],[77.38392,16.18415],[77.38251,16.18137],[77.38509,16.18031],[77.38418,16.17651],[77.38739,16.17571],[77.38677,16.17451],[77.38594,16.17453],[77.38315,16.17279],[77.38256,16.17298],[77.38289,16.17369],[77.38171,16.17399],[77.38102,16.17164],[77.38159,16.1708],[77.38042,16.16975],[77.38114,16.16861],[77.381,16.16666],[77.38043,16.16571],[77.37737,16.16575],[77.37792,16.16494],[77.37507,16.16459],[77.37068,16.1653],[77.37002,16.16687],[77.36814,16.16804],[77.36805,16.17188],[77.36599,16.17168],[77.36577,16.17274],[77.36439,16.17257],[77.36419,16.17406],[77.36172,16.17457],[77.36244,16.17931],[77.36081,16.18187],[77.36035,16.18347],[77.35954,16.18367],[77.35907,16.18449],[77.36008,16.18504],[77.36539,16.18321],[77.36839,16.1799],[77.36953,16.17984],[77.37087,16.18046],[77.37231,16.18394],[77.37139,16.18777],[77.37205,16.19075],[77.37152,16.19368],[77.37195,16.19409],[77.37072,16.19716],[77.37194,16.19826],[77.3742,16.19848],[77.3743,16.19983],[77.37137,16.20031],[77.37128,16.20237],[77.37301,16.20321],[77.37284,16.20423],[77.37768,16.20452],[77.37803,16.20771],[77.37177,16.20876],[77.37184,16.2095],[77.36844,16.21002],[77.36854,16.21151],[77.36391,16.21353],[77.36367,16.21462],[77.36518,16.21734],[77.36831,16.21986],[77.37022,16.2236],[77.3685,16.224],[77.36906,16.22555],[77.36622,16.22665],[77.36649,16.228],[77.36506,16.22852],[77.36511,16.22983],[77.36088,16.23104],[77.36196,16.23677],[77.35965,16.23856],[77.35597,16.23908],[77.35597,16.23965],[77.34994,16.23934],[77.35014,16.23049],[77.3498,16.22682],[77.34619,16.21493],[77.33455,16.21572],[77.33444,16.21465],[77.33637,16.21442],[77.33592,16.21106],[77.33436,16.21138],[77.33433,16.21052],[77.33267,16.21093],[77.3325,16.20986],[77.33092,16.21007],[77.33085,16.20936],[77.32986,16.2095],[77.3295,16.20737],[77.32887,16.20732],[77.32877,16.20806],[77.32628,16.20897],[77.32608,16.21002],[77.32283,16.21057],[77.31822,16.21003],[77.31813,16.20823],[77.31336,16.20895],[77.31293,16.20929],[77.313,16.21402],[77.30521,16.21552],[77.30529,16.21677],[77.30225,16.21694],[77.30152,16.21444],[77.29351,16.21487],[77.29307,16.21184],[77.2936,16.21172],[77.29417,16.20901],[77.28714,16.20919],[77.28721,16.20694],[77.27937,16.2075],[77.27932,16.20585],[77.27991,16.2057],[77.28011,16.20167],[77.28083,16.20172],[77.28084,16.20107],[77.27279,16.20011],[77.27119,16.19982],[77.27122,16.19931],[77.26558,16.19846],[77.26587,16.19423],[77.26304,16.1942],[77.25513,16.1928],[77.24966,16.18191],[77.24771,16.17472],[77.24722,16.1705],[77.24745,16.16813],[77.23953,16.16811],[77.23522,16.16965],[77.23251,16.1712],[77.22999,16.17316],[77.22679,16.17472],[77.22621,16.17796],[77.22521,16.1784],[77.22499,16.18124],[77.21268,16.18073],[77.20738,16.18136],[77.1897,16.18176],[77.18955,16.18121],[77.18837,16.18088],[77.1819,16.1813],[77.17173,16.18054],[77.1577,16.18287],[77.15757,16.19123],[77.15697,16.19133],[77.15693,16.19219],[77.15071,16.19216],[77.15238,16.19943],[77.15425,16.20321],[77.1563,16.20537],[77.15878,16.20569],[77.16186,16.2074],[77.16208,16.22024],[77.15846,16.22011],[77.15874,16.22164],[77.15749,16.22175],[77.1576,16.22309],[77.15721,16.22325],[77.15754,16.22442],[77.1527,16.22778],[77.15018,16.22845],[77.15086,16.2322],[77.14702,16.23278],[77.14435,16.23379],[77.14488,16.23792],[77.15005,16.23717],[77.15051,16.24112],[77.156,16.24113],[77.15583,16.23698],[77.15961,16.23607],[77.15981,16.23717],[77.16251,16.23709],[77.1624,16.23564],[77.16405,16.23558],[77.16402,16.2349],[77.16523,16.23482],[77.16521,16.23159],[77.16913,16.23133],[77.1691,16.23209],[77.16865,16.23217],[77.16903,16.23361],[77.17135,16.23346],[77.17208,16.23551],[77.17271,16.24125],[77.1717,16.24135],[77.17182,16.24205],[77.17015,16.24259],[77.16995,16.24588],[77.16801,16.24588],[77.16759,16.24975],[77.1662,16.25029],[77.16581,16.25289],[77.16595,16.25426],[77.16694,16.25514],[77.16678,16.25606],[77.16798,16.25646],[77.16894,16.25823],[77.16966,16.25836],[77.16693,16.2653],[77.16636,16.27564],[77.16867,16.27588],[77.16858,16.28314],[77.16909,16.28321],[77.16913,16.28579],[77.1699,16.28607],[77.16985,16.28693],[77.17148,16.28717],[77.17077,16.28937],[77.17246,16.28923],[77.17275,16.28796],[77.17409,16.28915],[77.17471,16.2912],[77.17681,16.29265],[77.17952,16.29082],[77.17991,16.2912],[77.18378,16.28981],[77.18406,16.29126],[77.1859,16.29069],[77.1864,16.29034],[77.18559,16.2871],[77.18699,16.28664],[77.18685,16.28548],[77.18831,16.28502],[77.18799,16.28362],[77.18977,16.28298],[77.18954,16.28233],[77.19229,16.2815],[77.19194,16.28024],[77.19249,16.27997],[77.19238,16.2768],[77.19129,16.27704],[77.19174,16.27198],[77.19774,16.27234],[77.19795,16.27282],[77.19942,16.2731],[77.19993,16.27692],[77.19784,16.27792],[77.1958,16.27804],[77.19651,16.28272],[77.19894,16.28179],[77.1998,16.28814],[77.20037,16.28821],[77.20069,16.29273],[77.20396,16.29245],[77.2039,16.29677],[77.20454,16.30407],[77.20492,16.30403],[77.20462,16.30568],[77.20424,16.30572],[77.20413,16.30819],[77.20149,16.30928],[77.20255,16.31495],[77.20309,16.31583],[77.20477,16.31619],[77.2062,16.31949],[77.21081,16.32033],[77.21082,16.32282],[77.21546,16.32288],[77.21534,16.32998],[77.21926,16.32973],[77.21942,16.33131],[77.21749,16.33164],[77.21748,16.33369],[77.21287,16.33409],[77.21269,16.33257],[77.20831,16.33353],[77.20445,16.33515],[77.20463,16.34038],[77.20137,16.34035],[77.20157,16.33792],[77.19904,16.33767],[77.19915,16.34292],[77.19609,16.34369],[77.19633,16.34467],[77.19392,16.34514],[77.19639,16.353],[77.19842,16.35273],[77.20151,16.3725],[77.20555,16.3717],[77.20639,16.37489],[77.20945,16.37459],[77.21107,16.3804],[77.21219,16.38908],[77.21457,16.39621],[77.2161,16.39959],[77.2172,16.39932],[77.21938,16.40023],[77.22003,16.40615],[77.22151,16.41293],[77.22102,16.41633],[77.22142,16.41779],[77.22333,16.4193],[77.22238,16.4201],[77.22449,16.42153],[77.24992,16.41584],[77.25592,16.41247],[77.25769,16.41198]]],[[[77.3571,16.18562],[77.35833,16.18006],[77.3584,16.17648],[77.35938,16.17347],[77.35288,16.16792],[77.35288,16.16692],[77.35177,16.16715],[77.35112,16.16612],[77.34609,16.16364],[77.34501,16.1576],[77.33362,16.15855],[77.33369,16.16374],[77.33297,16.16727],[77.3318,16.16743],[77.3321,16.17042],[77.3316,16.17466],[77.33367,16.17499],[77.34176,16.17376],[77.34267,16.1745],[77.343,16.17646],[77.33964,16.17713],[77.33972,16.17889],[77.3405,16.17984],[77.3444,16.17986],[77.34457,16.18129],[77.34533,16.18256],[77.35017,16.18361],[77.35053,16.18469],[77.35213,16.18471],[77.35437,16.18603],[77.3559,16.18627],[77.3571,16.18562]]],[[[77.28124,16.40264],[77.27882,16.40231],[77.27919,16.40357],[77.28058,16.40469],[77.28408,16.40483],[77.28418,16.40451],[77.28124,16.40264]]],[[[77.27775,16.40157],[77.27769,16.40096],[77.27669,16.40118],[77.27684,16.40178],[77.27775,16.40157]]],[[[77.28101,16.40193],[77.28027,16.40144],[77.28015,16.40193],[77.28101,16.40193]]]]}},{"type":"Feature","properties":{"unitId":656,"unitName":"Shakti Nagar PS"},"geometry":{"type":"Polygon","coordinates":[[[77.34908,16.38962],[77.3518,16.38689],[77.374,16.3898],[77.37831,16.38951],[77.38515,16.38582],[77.39898,16.37533],[77.39602,16.36976],[77.39378,16.3673],[77.39353,16.36616],[77.3939,16.36483],[77.39349,16.36359],[77.39198,16.36175],[77.39049,16.36121],[77.38738,16.36339],[77.38572,16.36252],[77.3844,16.35785],[77.38173,16.35364],[77.38133,16.34797],[77.37937,16.34629],[77.37817,16.34663],[77.37648,16.34619],[77.37576,16.34195],[77.37441,16.34044],[77.37008,16.33899],[77.36846,16.33782],[77.36755,16.33387],[77.36384,16.3317],[77.36383,16.3335],[77.3621,16.33382],[77.36063,16.33332],[77.35569,16.33351],[77.35564,16.33229],[77.35203,16.33238],[77.35367,16.33651],[77.35053,16.33712],[77.35113,16.34088],[77.34717,16.34173],[77.3309,16.34297],[77.31853,16.34504],[77.31861,16.3476],[77.31773,16.35177],[77.31723,16.35926],[77.31746,16.36468],[77.31631,16.37064],[77.31609,16.37579],[77.31789,16.37561],[77.31837,16.37775],[77.31957,16.37839],[77.31958,16.37948],[77.32282,16.37792],[77.3228,16.37896],[77.3238,16.37877],[77.32395,16.37969],[77.32455,16.37989],[77.32813,16.37928],[77.32816,16.37984],[77.32985,16.38024],[77.33131,16.37995],[77.33223,16.38492],[77.33778,16.39773],[77.34151,16.39588],[77.34908,16.38962]]]}},{"type":"Feature","properties":{"unitId":657,"unitName":"Yapaladinni PS"},"geometry":{"type":"Polygon","coordinates":[[[77.5013,16.38294],[77.51973,16.37835],[77.52223,16.37906],[77.52459,16.37765],[77.52322,16.37525],[77.52469,16.37493],[77.53265,16.36725],[77.55619,16.35402],[77.57873,16.34222],[77.58267,16.34475],[77.58373,16.34496],[77.58692,16.34739],[77.59165,16.34733],[77.59508,16.34652],[77.5967,16.33685],[77.59487,16.33523],[77.58981,16.33229],[77.5885,16.33233],[77.59034,16.32937],[77.59029,16.32664],[77.591,16.3253],[77.59283,16.32421],[77.59536,16.32118],[77.59588,16.31863],[77.59662,16.31811],[77.59736,16.31583],[77.59589,16.31355],[77.59452,16.30698],[77.59322,16.30531],[77.59247,16.3028],[77.59343,16.2989],[77.59281,16.29794],[77.59325,16.29699],[77.59378,16.29696],[77.59578,16.29436],[77.59751,16.29322],[77.58589,16.29112],[77.58537,16.29187],[77.58355,16.29182],[77.58227,16.29085],[77.5812,16.29222],[77.57839,16.29375],[77.57633,16.29731],[77.5715,16.30194],[77.56929,16.3033],[77.566,16.30136],[77.5637,16.30167],[77.55991,16.2997],[77.55819,16.29959],[77.55187,16.29572],[77.5505,16.29436],[77.54883,16.29405],[77.54704,16.29251],[77.545,16.29184],[77.54345,16.2886],[77.54168,16.28739],[77.54077,16.28539],[77.53859,16.27237],[77.53713,16.2672],[77.53509,16.26801],[77.52988,16.27272],[77.52942,16.27549],[77.52876,16.275],[77.52762,16.2753],[77.52193,16.27823],[77.52002,16.2779],[77.51829,16.27911],[77.51425,16.27772],[77.51436,16.2771],[77.51276,16.27531],[77.50737,16.27533],[77.50509,16.27245],[77.5052,16.26788],[77.50443,16.26558],[77.50211,16.2622],[77.49561,16.25781],[77.48997,16.25496],[77.49126,16.25251],[77.49257,16.2441],[77.4922,16.24005],[77.49241,16.23096],[77.4918,16.22948],[77.4956,16.22665],[77.5034,16.23075],[77.50537,16.23003],[77.507,16.23098],[77.51386,16.23086],[77.51477,16.23032],[77.51625,16.22788],[77.51655,16.22642],[77.51612,16.22312],[77.51517,16.22169],[77.51343,16.22149],[77.51204,16.22069],[77.50973,16.22189],[77.50408,16.22302],[77.50207,16.2242],[77.49964,16.21753],[77.499,16.21041],[77.49959,16.20401],[77.50008,16.20302],[77.49963,16.19995],[77.49232,16.18708],[77.49094,16.18392],[77.49032,16.18036],[77.48946,16.18028],[77.48934,16.18184],[77.48594,16.18123],[77.48604,16.18324],[77.4837,16.18474],[77.4796,16.18569],[77.47772,16.18544],[77.47805,16.18734],[77.47487,16.18801],[77.46625,16.1881],[77.46563,16.18706],[77.46471,16.18816],[77.4636,16.18819],[77.46142,16.1894],[77.46207,16.19067],[77.46015,16.19294],[77.46016,16.19353],[77.45922,16.19404],[77.45882,16.19664],[77.45755,16.1983],[77.45739,16.20079],[77.4583,16.20086],[77.45823,16.20267],[77.45757,16.20353],[77.45589,16.20415],[77.44986,16.20396],[77.45026,16.20791],[77.44008,16.20864],[77.43942,16.21011],[77.43662,16.21087],[77.43143,16.21102],[77.42931,16.21166],[77.42287,16.21236],[77.42135,16.21306],[77.42143,16.21646],[77.42072,16.22071],[77.42302,16.22266],[77.42525,16.22578],[77.43044,16.22579],[77.43257,16.22534],[77.437,16.22589],[77.4388,16.22535],[77.43854,16.23148],[77.4389,16.23451],[77.43931,16.23461],[77.43871,16.23798],[77.43904,16.24237],[77.43823,16.25548],[77.43392,16.25893],[77.43004,16.25932],[77.42278,16.26291],[77.42142,16.2637],[77.42141,16.26524],[77.42188,16.26519],[77.42287,16.26812],[77.42354,16.27259],[77.4303,16.2872],[77.43066,16.28885],[77.4335,16.29188],[77.43266,16.29192],[77.4328,16.29251],[77.42751,16.29476],[77.42795,16.29527],[77.4271,16.29833],[77.42677,16.30232],[77.42789,16.30581],[77.43033,16.30917],[77.43278,16.31379],[77.43317,16.31366],[77.43413,16.31635],[77.43487,16.31705],[77.4381,16.31798],[77.43955,16.32071],[77.44267,16.3233],[77.44403,16.32267],[77.444,16.32174],[77.44717,16.32169],[77.44587,16.33394],[77.44364,16.34039],[77.44256,16.34688],[77.44253,16.3506],[77.44308,16.35064],[77.44323,16.35116],[77.443,16.35387],[77.44226,16.35685],[77.44106,16.35846],[77.43991,16.36211],[77.43788,16.37961],[77.45433,16.38398],[77.46318,16.38545],[77.47743,16.38249],[77.47737,16.38388],[77.48842,16.38643],[77.5013,16.38294]]]}},{"type":"Feature","properties":{"unitId":658,"unitName":"Raichur APMC Yard PS"},"geometry":{"type":"Polygon","coordinates":[[[77.3743,16.19983],[77.3742,16.19848],[77.37194,16.19826],[77.37188,16.19788],[77.37027,16.19731],[77.37084,16.19547],[77.3619,16.19745],[77.36224,16.19925],[77.36158,16.20221],[77.36139,16.20261],[77.35938,16.2027],[77.35919,16.20617],[77.35632,16.20679],[77.35689,16.20929],[77.35321,16.21019],[77.35351,16.21145],[77.34934,16.21278],[77.34626,16.21517],[77.3498,16.22682],[77.35014,16.23049],[77.34994,16.23934],[77.35597,16.23965],[77.35597,16.23908],[77.35965,16.23856],[77.36196,16.23677],[77.36088,16.23104],[77.36511,16.22983],[77.36506,16.22852],[77.36649,16.228],[77.36622,16.22665],[77.36906,16.22555],[77.3685,16.224],[77.37022,16.2236],[77.36956,16.22215],[77.36831,16.21986],[77.36518,16.21734],[77.36367,16.21462],[77.36438,16.21307],[77.36854,16.21151],[77.36844,16.21002],[77.37184,16.2095],[77.37177,16.20876],[77.37803,16.20771],[77.37768,16.20452],[77.37284,16.20423],[77.37301,16.20321],[77.37128,16.20237],[77.37137,16.20031],[77.3743,16.19983]]]}},{"type":"Feature","properties":{"unitId":659,"unitName":"Raichur West PS"},"geometry":{"type":"Polygon","coordinates":[[[77.31127,16.21428],[77.313,16.21402],[77.31293,16.20929],[77.31336,16.20895],[77.31813,16.20823],[77.31822,16.21003],[77.32283,16.21057],[77.32608,16.21002],[77.32628,16.20897],[77.32877,16.20806],[77.32887,16.20732],[77.3295,16.20737],[77.32986,16.2095],[77.33085,16.20936],[77.33092,16.21007],[77.3325,16.20986],[77.33267,16.21093],[77.33433,16.21052],[77.33436,16.21138],[77.33592,16.21106],[77.33637,16.21442],[77.33444,16.21465],[77.33455,16.21572],[77.34005,16.21521],[77.33948,16.21314],[77.34021,16.21294],[77.34014,16.21073],[77.34291,16.21092],[77.34304,16.20989],[77.34174,16.20907],[77.34077,16.20908],[77.34053,16.2069],[77.34362,16.20638],[77.34403,16.20744],[77.34569,16.20746],[77.346,16.20675],[77.34443,16.20214],[77.34477,16.20139],[77.3453,16.20138],[77.34491,16.20098],[77.34541,16.20004],[77.34835,16.19763],[77.34469,16.19355],[77.34995,16.19247],[77.34994,16.19042],[77.3522,16.19086],[77.35286,16.18503],[77.35053,16.18469],[77.35017,16.18361],[77.34533,16.18256],[77.34457,16.18129],[77.3444,16.17986],[77.3405,16.17984],[77.33972,16.17889],[77.33964,16.17713],[77.343,16.17646],[77.34267,16.1745],[77.34176,16.17376],[77.33367,16.17499],[77.3316,16.17466],[77.3321,16.17042],[77.3318,16.16743],[77.3299,16.16785],[77.32958,16.16669],[77.32675,16.16734],[77.32524,16.16486],[77.32478,16.16506],[77.32187,16.1612],[77.32571,16.16015],[77.32482,16.1562],[77.32589,16.1561],[77.32549,16.154],[77.32235,16.15463],[77.32124,16.15195],[77.31787,16.15278],[77.31829,16.15412],[77.31432,16.15556],[77.31412,16.1552],[77.30255,16.15526],[77.30343,16.15904],[77.3054,16.16128],[77.30802,16.16766],[77.30879,16.16768],[77.3099,16.16877],[77.31153,16.1736],[77.30822,16.17466],[77.30364,16.17449],[77.30381,16.17844],[77.30168,16.17844],[77.30194,16.17451],[77.29979,16.17418],[77.29833,16.17461],[77.28767,16.17496],[77.28219,16.17447],[77.27869,16.17403],[77.27912,16.17177],[77.27508,16.17198],[77.27508,16.1736],[77.27184,16.17414],[77.27092,16.17351],[77.26958,16.17141],[77.2715,16.17097],[77.27032,16.16849],[77.26694,16.16904],[77.26717,16.16991],[77.26202,16.16975],[77.25464,16.16786],[77.25464,16.16443],[77.2482,16.164],[77.24751,16.16559],[77.24794,16.16587],[77.24722,16.1705],[77.24773,16.17487],[77.25051,16.18407],[77.25513,16.1928],[77.26304,16.1942],[77.26587,16.19423],[77.26558,16.19846],[77.27122,16.19931],[77.27119,16.19982],[77.27279,16.20011],[77.28084,16.20107],[77.28083,16.20172],[77.28011,16.20167],[77.27991,16.2057],[77.27932,16.20585],[77.27937,16.2075],[77.28721,16.20694],[77.28714,16.20919],[77.29417,16.20901],[77.2936,16.21172],[77.29307,16.21184],[77.29351,16.21487],[77.30152,16.21444],[77.30225,16.21694],[77.30348,16.21696],[77.30529,16.21677],[77.30521,16.21552],[77.31127,16.21428]]]}},{"type":"Feature","properties":{"unitId":660,"unitName":"Idapanur PS"},"geometry":{"type":"Polygon","coordinates":[[[77.46626,16.13447],[77.46639,16.1337],[77.46811,16.134],[77.46866,16.13325],[77.46942,16.13318],[77.4695,16.13379],[77.47062,16.13396],[77.47096,16.13473],[77.47125,16.13369],[77.47329,16.13399],[77.47864,16.13351],[77.48118,16.13235],[77.49078,16.12635],[77.48963,16.12408],[77.49004,16.11995],[77.49097,16.12084],[77.49233,16.12118],[77.4946,16.1204],[77.49633,16.12118],[77.50141,16.12007],[77.50217,16.11959],[77.50246,16.11863],[77.50399,16.11785],[77.50509,16.11622],[77.50659,16.11526],[77.5066,16.11467],[77.50733,16.11468],[77.5081,16.11309],[77.51018,16.11218],[77.50993,16.11061],[77.51323,16.10728],[77.51187,16.10721],[77.50905,16.10881],[77.50763,16.10882],[77.50344,16.10649],[77.50098,16.10655],[77.49691,16.09417],[77.49663,16.09041],[77.49822,16.08478],[77.50685,16.08014],[77.50474,16.06761],[77.50249,16.0593],[77.49956,16.06114],[77.49847,16.05772],[77.49762,16.05672],[77.49708,16.05674],[77.49615,16.05503],[77.49928,16.05365],[77.49848,16.05172],[77.49738,16.05175],[77.49662,16.04863],[77.49629,16.04627],[77.4974,16.0459],[77.49729,16.0448],[77.49461,16.04256],[77.49341,16.03962],[77.4949,16.03922],[77.49432,16.03626],[77.49524,16.03229],[77.49493,16.03076],[77.49713,16.02986],[77.49667,16.02896],[77.50011,16.02682],[77.50191,16.02282],[77.50239,16.01964],[77.50398,16.01931],[77.50488,16.01324],[77.50529,16.01323],[77.50616,16.01119],[77.50687,16.01114],[77.50653,16.01043],[77.50794,16.01034],[77.5096,16.00926],[77.51286,16.00838],[77.51426,16.00844],[77.51278,16.00413],[77.51115,15.99493],[77.50961,15.98084],[77.51065,15.98025],[77.5106,15.9769],[77.5123,15.97344],[77.51367,15.97272],[77.51351,15.97159],[77.51531,15.96808],[77.51931,15.96727],[77.51616,15.93767],[77.51216,15.92362],[77.50705,15.92622],[77.49321,15.92928],[77.48614,15.92985],[77.47861,15.93153],[77.47175,15.93383],[77.46702,15.93294],[77.46402,15.93302],[77.44667,15.94163],[77.44021,15.94087],[77.43272,15.94422],[77.43214,15.94546],[77.42685,15.94472],[77.42184,15.94509],[77.41589,15.94113],[77.41157,15.9399],[77.40808,15.9397],[77.40274,15.94107],[77.40245,15.94195],[77.40074,15.94293],[77.39741,15.9427],[77.39365,15.93951],[77.38808,15.93874],[77.38725,15.94286],[77.37891,15.94274],[77.37532,15.94402],[77.37289,15.94016],[77.36735,15.94435],[77.35603,15.94574],[77.35663,15.95246],[77.35726,15.95483],[77.36218,15.95603],[77.36398,15.95794],[77.36352,15.95903],[77.3596,15.96242],[77.35962,15.96319],[77.36279,15.96611],[77.36351,15.96783],[77.36367,15.96907],[77.36251,15.97289],[77.36281,15.97496],[77.35981,15.97534],[77.35712,15.97663],[77.34835,15.97824],[77.34276,15.97988],[77.3427,15.98213],[77.34103,15.98484],[77.34062,15.98782],[77.34202,15.99592],[77.34403,16.00276],[77.3532,16.00371],[77.36087,16.00275],[77.36149,16.00585],[77.36418,16.0077],[77.36497,16.00884],[77.36561,16.01299],[77.36654,16.01323],[77.37384,16.01253],[77.37726,16.00983],[77.38099,16.00785],[77.3845,16.01144],[77.38569,16.01379],[77.38805,16.01334],[77.39112,16.01176],[77.39282,16.01013],[77.40406,16.00604],[77.40302,15.99952],[77.41073,15.99807],[77.42551,15.99226],[77.43119,15.99086],[77.43382,15.99081],[77.43376,15.99176],[77.43179,15.99471],[77.43194,15.99815],[77.4295,16.00506],[77.42931,16.00825],[77.43058,16.01594],[77.4348,16.01705],[77.43627,16.03266],[77.44375,16.03213],[77.44303,16.04257],[77.44125,16.05108],[77.44527,16.05833],[77.45051,16.06357],[77.45241,16.06384],[77.4515,16.06506],[77.44806,16.06725],[77.44489,16.07043],[77.44121,16.07238],[77.43841,16.07312],[77.44203,16.07775],[77.43619,16.07925],[77.43381,16.08062],[77.43211,16.08049],[77.42653,16.08292],[77.42496,16.08303],[77.4276,16.08951],[77.42965,16.09925],[77.42987,16.10256],[77.42976,16.10297],[77.42728,16.10341],[77.42497,16.10331],[77.4248,16.10522],[77.42335,16.10931],[77.42233,16.11008],[77.42197,16.11178],[77.42244,16.11392],[77.4279,16.11413],[77.42757,16.11546],[77.42788,16.12042],[77.43634,16.11938],[77.43637,16.11972],[77.4357,16.11982],[77.43577,16.12044],[77.43196,16.12224],[77.43122,16.12578],[77.43211,16.1277],[77.43195,16.12827],[77.43431,16.12814],[77.43452,16.13024],[77.43798,16.13028],[77.43917,16.13105],[77.44366,16.13119],[77.44427,16.12769],[77.44715,16.12742],[77.44816,16.12424],[77.44996,16.12358],[77.45189,16.12851],[77.45272,16.12858],[77.45304,16.12978],[77.45689,16.12834],[77.45904,16.12879],[77.4618,16.1304],[77.46477,16.13503],[77.46626,16.13447]]]}},{"type":"Feature","properties":{"unitId":661,"unitName":"Yeregera PS"},"geometry":{"type":"Polygon","coordinates":[[[77.41148,16.21521],[77.41524,16.21357],[77.42135,16.21306],[77.42287,16.21236],[77.42931,16.21166],[77.43143,16.21102],[77.43662,16.21087],[77.43942,16.21011],[77.44008,16.20864],[77.45026,16.20791],[77.44986,16.20396],[77.45589,16.20415],[77.45757,16.20353],[77.45823,16.20267],[77.4583,16.20086],[77.45739,16.20079],[77.45755,16.1983],[77.45882,16.19664],[77.45922,16.19404],[77.46016,16.19353],[77.46015,16.19294],[77.46207,16.19067],[77.46142,16.1894],[77.4636,16.18819],[77.46471,16.18816],[77.46563,16.18706],[77.46625,16.1881],[77.47487,16.18801],[77.47805,16.18734],[77.47772,16.18544],[77.4796,16.18569],[77.4837,16.18474],[77.48604,16.18324],[77.48594,16.18123],[77.48934,16.18184],[77.48946,16.18028],[77.4903,16.18054],[77.49038,16.17991],[77.4886,16.17114],[77.48776,16.17087],[77.48654,16.16537],[77.48558,16.16475],[77.48602,16.16294],[77.48932,16.16172],[77.49033,16.16056],[77.49152,16.15498],[77.491,16.1504],[77.4898,16.14891],[77.49105,16.14762],[77.49171,16.14569],[77.49098,16.13826],[77.49099,16.13534],[77.49186,16.135],[77.49165,16.13045],[77.49074,16.12577],[77.49078,16.12635],[77.47864,16.13351],[77.47329,16.13399],[77.47125,16.13369],[77.47096,16.13473],[77.47062,16.13396],[77.4695,16.13379],[77.46942,16.13318],[77.46866,16.13325],[77.46811,16.134],[77.46639,16.1337],[77.46626,16.13447],[77.46477,16.13503],[77.4618,16.1304],[77.45904,16.12879],[77.45689,16.12834],[77.45304,16.12978],[77.45272,16.12858],[77.45189,16.12851],[77.44996,16.12358],[77.44816,16.12424],[77.44715,16.12742],[77.44427,16.12769],[77.44366,16.13119],[77.43917,16.13105],[77.43798,16.13028],[77.43466,16.13029],[77.43431,16.12814],[77.43195,16.12827],[77.43211,16.1277],[77.43122,16.12578],[77.43196,16.12224],[77.43577,16.12044],[77.4357,16.11982],[77.43637,16.11972],[77.43634,16.11938],[77.42788,16.12042],[77.42757,16.11546],[77.4279,16.11413],[77.42244,16.11392],[77.42197,16.11178],[77.42233,16.11008],[77.42335,16.10931],[77.4248,16.10522],[77.42497,16.10331],[77.42728,16.10341],[77.42976,16.10297],[77.42987,16.10256],[77.42965,16.09925],[77.4276,16.08951],[77.42496,16.08303],[77.42653,16.08292],[77.43211,16.08049],[77.43381,16.08062],[77.43619,16.07925],[77.44203,16.07775],[77.43841,16.07312],[77.44121,16.07238],[77.44489,16.07043],[77.44806,16.06725],[77.4515,16.06506],[77.45241,16.06384],[77.45051,16.06357],[77.44527,16.05833],[77.44125,16.05108],[77.44303,16.04257],[77.44375,16.03213],[77.43627,16.03266],[77.4348,16.01705],[77.43058,16.01594],[77.42931,16.00825],[77.4295,16.00506],[77.43194,15.99815],[77.43179,15.99471],[77.43376,15.99176],[77.43382,15.99081],[77.43119,15.99086],[77.42551,15.99226],[77.41073,15.99807],[77.40302,15.99952],[77.40406,16.00604],[77.39282,16.01013],[77.39112,16.01176],[77.38805,16.01334],[77.38569,16.01379],[77.3845,16.01144],[77.38099,16.00785],[77.37726,16.00983],[77.37384,16.01253],[77.36654,16.01323],[77.36561,16.01299],[77.36497,16.00884],[77.36418,16.0077],[77.36149,16.00585],[77.36087,16.00275],[77.3532,16.00371],[77.34403,16.00276],[77.34202,15.99592],[77.34062,15.98782],[77.34103,15.98484],[77.3427,15.98213],[77.34276,15.97988],[77.34835,15.97824],[77.35712,15.97663],[77.35981,15.97534],[77.36281,15.97496],[77.36251,15.97289],[77.36367,15.96907],[77.36351,15.96783],[77.36279,15.96611],[77.35962,15.96319],[77.3596,15.96242],[77.36033,15.96149],[77.36405,15.95826],[77.36218,15.95603],[77.35726,15.95483],[77.35687,15.95335],[77.33781,15.95341],[77.33572,15.95289],[77.3319,15.95314],[77.32837,15.95268],[77.32511,15.95264],[77.32195,15.95323],[77.30595,15.95234],[77.30131,15.95443],[77.29733,15.95499],[77.29354,15.95364],[77.28895,15.95108],[77.28254,15.951],[77.27655,15.95312],[77.26183,15.95723],[77.26506,15.96654],[77.2659,15.9704],[77.2702,15.97847],[77.27247,15.9874],[77.27523,15.98705],[77.27508,15.9924],[77.27604,15.99943],[77.27524,16.00286],[77.27415,16.00467],[77.27361,16.00672],[77.27396,16.01656],[77.27369,16.02777],[77.27059,16.04706],[77.27065,16.04949],[77.26487,16.05189],[77.24874,16.06055],[77.24564,16.06122],[77.24556,16.0712],[77.24713,16.07825],[77.24822,16.08667],[77.24895,16.08791],[77.24377,16.09061],[77.23992,16.09132],[77.24211,16.11033],[77.24593,16.12149],[77.24806,16.13234],[77.25683,16.13102],[77.25745,16.13456],[77.25778,16.13746],[77.25745,16.14548],[77.25506,16.14545],[77.25364,16.15156],[77.25148,16.15385],[77.25089,16.1572],[77.24819,16.164],[77.25464,16.16443],[77.25464,16.16786],[77.26202,16.16975],[77.26717,16.16991],[77.26694,16.16904],[77.27032,16.16849],[77.2715,16.17097],[77.26958,16.17141],[77.27092,16.17351],[77.27184,16.17414],[77.27508,16.1736],[77.27508,16.17198],[77.27912,16.17177],[77.27869,16.17403],[77.28219,16.17447],[77.28767,16.17496],[77.29833,16.17461],[77.29979,16.17418],[77.30194,16.17451],[77.30168,16.17844],[77.30381,16.17844],[77.30364,16.17449],[77.30822,16.17466],[77.31153,16.1736],[77.3099,16.16877],[77.30879,16.16768],[77.30802,16.16766],[77.3054,16.16128],[77.30343,16.15904],[77.30255,16.15526],[77.31412,16.1552],[77.31432,16.15556],[77.31829,16.15412],[77.3181,16.15266],[77.32153,16.15198],[77.32235,16.15463],[77.32549,16.154],[77.32589,16.1561],[77.32482,16.1562],[77.32571,16.16015],[77.32187,16.1612],[77.32478,16.16506],[77.32524,16.16486],[77.32675,16.16734],[77.32958,16.16669],[77.3299,16.16785],[77.33297,16.16727],[77.33369,16.16374],[77.33362,16.15855],[77.34501,16.1576],[77.34609,16.16364],[77.35112,16.16612],[77.35177,16.16715],[77.35288,16.16692],[77.35288,16.16792],[77.35938,16.17347],[77.35815,16.17807],[77.35833,16.18006],[77.3571,16.18562],[77.35757,16.18579],[77.35823,16.18508],[77.35942,16.18492],[77.35907,16.18449],[77.35954,16.18367],[77.36035,16.18347],[77.36081,16.18187],[77.36244,16.17931],[77.36172,16.17457],[77.36419,16.17406],[77.36439,16.17257],[77.36577,16.17274],[77.36599,16.17168],[77.36805,16.17188],[77.36814,16.16804],[77.37002,16.16687],[77.37068,16.1653],[77.37507,16.16459],[77.37792,16.16494],[77.37737,16.16575],[77.38043,16.16571],[77.381,16.16666],[77.38114,16.16861],[77.38042,16.16975],[77.38159,16.1708],[77.38102,16.17164],[77.38171,16.17399],[77.38289,16.17369],[77.38256,16.17298],[77.38315,16.17279],[77.38594,16.17453],[77.38677,16.17451],[77.38739,16.17571],[77.38418,16.17651],[77.38509,16.18031],[77.38251,16.18137],[77.38392,16.18415],[77.39184,16.18203],[77.39209,16.18289],[77.39424,16.18498],[77.391,16.18566],[77.39114,16.1872],[77.39211,16.18868],[77.39214,16.19007],[77.39088,16.19133],[77.392,16.19258],[77.39136,16.19503],[77.39214,16.19635],[77.39235,16.1997],[77.39355,16.20204],[77.3944,16.20214],[77.39596,16.20112],[77.39616,16.20251],[77.39714,16.20312],[77.39587,16.20408],[77.40195,16.20521],[77.40244,16.2083],[77.40134,16.21268],[77.40327,16.21326],[77.40603,16.21278],[77.40635,16.21309],[77.40604,16.21393],[77.4066,16.21426],[77.41148,16.21521]],[[77.3859,16.16692],[77.3865,16.16647],[77.38908,16.16654],[77.39252,16.16724],[77.39261,16.16874],[77.39137,16.17013],[77.38998,16.17053],[77.38977,16.17136],[77.38847,16.17132],[77.38643,16.1693],[77.3859,16.16692]]]}},{"type":"Feature","properties":{"unitId":662,"unitName":"Kowthal PS"},"geometry":{"type":"Polygon","coordinates":[[[76.80519,16.20805],[76.80781,16.20722],[76.8086,16.20246],[76.81039,16.20248],[76.81044,16.1987],[76.80882,16.1938],[76.80817,16.1892],[76.8071,16.18736],[76.80638,16.18393],[76.80214,16.18192],[76.80217,16.17577],[76.80269,16.17576],[76.8022,16.17382],[76.80299,16.17355],[76.80283,16.1723],[76.82065,16.16671],[76.82075,16.16799],[76.82838,16.16672],[76.83223,16.16498],[76.83513,16.16456],[76.84282,16.16172],[76.8413,16.15732],[76.84212,16.15117],[76.84176,16.14662],[76.84542,16.13746],[76.84524,16.13539],[76.84605,16.1342],[76.84654,16.13116],[76.85105,16.13098],[76.85121,16.13141],[76.85202,16.13137],[76.85384,16.13603],[76.85768,16.13083],[76.859,16.13315],[76.86243,16.13393],[76.86283,16.1345],[76.86279,16.13348],[76.86651,16.12686],[76.86572,16.1251],[76.86542,16.12022],[76.86416,16.1202],[76.86413,16.12052],[76.86057,16.11997],[76.85887,16.1085],[76.86164,16.10857],[76.8636,16.10811],[76.86347,16.10651],[76.86514,16.10626],[76.86823,16.10692],[76.87037,16.10901],[76.87461,16.1107],[76.87617,16.11336],[76.87768,16.1144],[76.87812,16.11577],[76.87958,16.11551],[76.8834,16.12013],[76.88598,16.11863],[76.89092,16.11444],[76.89085,16.1138],[76.89226,16.11288],[76.89582,16.10814],[76.90371,16.10697],[76.90324,16.10339],[76.90737,16.10333],[76.90727,16.10076],[76.90514,16.10081],[76.90442,16.09761],[76.90448,16.09568],[76.90606,16.09096],[76.90687,16.09163],[76.91004,16.09081],[76.92337,16.08994],[76.92247,16.07833],[76.92261,16.06047],[76.91377,16.06107],[76.91313,16.05127],[76.9145,16.04938],[76.91506,16.04935],[76.91491,16.04841],[76.9154,16.04777],[76.91487,16.04154],[76.91116,16.04079],[76.90696,16.04128],[76.8978,16.04017],[76.8958,16.0395],[76.89185,16.0395],[76.89167,16.03864],[76.89058,16.03888],[76.88778,16.03796],[76.87107,16.0304],[76.87207,16.01444],[76.86506,16.0146],[76.86425,16.01018],[76.86458,16.00737],[76.86084,16.00853],[76.85401,16.0095],[76.85263,16.00948],[76.85094,16.00845],[76.84603,15.99412],[76.84401,15.98572],[76.84337,15.97874],[76.84888,15.97948],[76.86618,15.9794],[76.86909,15.97537],[76.8708,15.96874],[76.87063,15.96612],[76.8696,15.9623],[76.86603,15.95302],[76.86385,15.94998],[76.86152,15.9487],[76.86117,15.94715],[76.85906,15.94546],[76.85727,15.94316],[76.85691,15.9405],[76.85333,15.92895],[76.84355,15.93676],[76.84055,15.94027],[76.83677,15.9425],[76.83405,15.9432],[76.83298,15.94262],[76.83006,15.94356],[76.82295,15.94307],[76.81907,15.9426],[76.81334,15.94089],[76.81237,15.93355],[76.80689,15.93272],[76.80364,15.93406],[76.80213,15.93694],[76.79851,15.93675],[76.79227,15.94518],[76.7876,15.94813],[76.7854,15.95042],[76.78471,15.9506],[76.785,15.95183],[76.77905,15.95445],[76.7744,15.9553],[76.77387,15.95681],[76.77535,15.96264],[76.77721,15.96296],[76.77745,15.96428],[76.78198,15.96411],[76.78231,15.96545],[76.78708,15.96608],[76.78931,15.97374],[76.79065,15.9736],[76.79223,15.97724],[76.79218,15.98274],[76.79255,15.98369],[76.79074,15.98487],[76.79025,15.98462],[76.7883,15.98551],[76.7862,15.98732],[76.78449,15.98768],[76.78174,15.98959],[76.78184,15.99025],[76.77712,15.99019],[76.77713,15.99064],[76.77615,15.99071],[76.77589,15.99251],[76.76518,15.9957],[76.76274,15.99596],[76.76268,15.99667],[76.76147,15.997],[76.76048,15.99707],[76.76038,15.9964],[76.7594,15.99596],[76.7589,15.99663],[76.75315,15.99728],[76.75119,15.99155],[76.73962,15.99125],[76.73961,15.9916],[76.73724,15.99161],[76.73559,15.98234],[76.73483,15.96818],[76.73594,15.96636],[76.73695,15.95691],[76.73726,15.95507],[76.73821,15.95517],[76.73825,15.95248],[76.73555,15.95139],[76.73123,15.94816],[76.73109,15.94943],[76.72768,15.94713],[76.72409,15.94574],[76.71943,15.94636],[76.71935,15.94502],[76.71571,15.94668],[76.71538,15.94757],[76.71008,15.95005],[76.70034,15.95238],[76.70007,15.95149],[76.69813,15.95185],[76.69287,15.95442],[76.68581,15.95443],[76.67645,15.95854],[76.68123,15.97093],[76.68615,15.98009],[76.68648,15.98],[76.6876,15.98301],[76.68974,15.99502],[76.6891,15.99513],[76.69062,16.00405],[76.69381,16.01368],[76.69481,16.01349],[76.69579,16.01802],[76.69697,16.02933],[76.69139,16.03007],[76.67894,16.03349],[76.67549,16.03403],[76.67573,16.03644],[76.67516,16.03663],[76.67519,16.03796],[76.66582,16.0391],[76.65277,16.04184],[76.64901,16.04188],[76.64907,16.04817],[76.64972,16.05171],[76.64727,16.05355],[76.64302,16.05438],[76.64047,16.0554],[76.64017,16.05785],[76.64099,16.06325],[76.63979,16.06682],[76.64176,16.07961],[76.64433,16.07895],[76.64641,16.08257],[76.64838,16.0825],[76.65052,16.08733],[76.65474,16.08724],[76.65673,16.09364],[76.65777,16.1004],[76.65827,16.10424],[76.65733,16.10695],[76.65828,16.11266],[76.6611,16.11138],[76.66321,16.1123],[76.66612,16.11495],[76.66782,16.11954],[76.67533,16.11766],[76.67521,16.11724],[76.67757,16.11641],[76.68009,16.1161],[76.68157,16.12028],[76.68391,16.12273],[76.69117,16.12618],[76.69095,16.12893],[76.6885,16.13874],[76.68876,16.13948],[76.68814,16.14368],[76.6885,16.14739],[76.69269,16.14696],[76.69631,16.15343],[76.69684,16.15518],[76.69924,16.15518],[76.69938,16.15555],[76.70954,16.15532],[76.70972,16.15751],[76.72018,16.15607],[76.72019,16.15528],[76.72753,16.15432],[76.75003,16.14586],[76.75793,16.14364],[76.76543,16.14063],[76.76735,16.14834],[76.76953,16.16104],[76.76991,16.16223],[76.77074,16.16207],[76.77265,16.16753],[76.77108,16.17886],[76.77138,16.18523],[76.77213,16.18468],[76.7753,16.18437],[76.78391,16.18415],[76.78997,16.18219],[76.79079,16.18572],[76.79202,16.18836],[76.79247,16.18833],[76.79359,16.1922],[76.79595,16.19304],[76.79643,16.19628],[76.79799,16.20011],[76.80429,16.20876],[76.80519,16.20805]]]}},{"type":"Feature","properties":{"unitId":663,"unitName":"Manvi PS"},"geometry":{"type":"Polygon","coordinates":[[[77.16808,16.09752],[77.1682,16.0953],[77.17231,16.09592],[77.18155,16.09453],[77.18747,16.09465],[77.20501,16.09355],[77.2096,16.09275],[77.22758,16.09127],[77.24137,16.09116],[77.24377,16.09061],[77.24895,16.08791],[77.24822,16.08667],[77.24713,16.07825],[77.24556,16.0712],[77.24564,16.06122],[77.24874,16.06055],[77.26487,16.05189],[77.27065,16.04949],[77.27059,16.04706],[77.27369,16.02777],[77.27396,16.01656],[77.27361,16.00672],[77.27415,16.00467],[77.27524,16.00286],[77.27604,15.99943],[77.27508,15.9924],[77.27523,15.98705],[77.27247,15.9874],[77.2702,15.97847],[77.2659,15.9704],[77.26506,15.96654],[77.26186,15.95752],[77.24979,15.9608],[77.24466,15.95869],[77.23767,15.95466],[77.22689,15.95531],[77.21191,15.9538],[77.20499,15.95401],[77.20348,15.95367],[77.18512,15.95513],[77.17323,15.95],[77.15641,15.95106],[77.15573,15.95345],[77.14922,15.95058],[77.15067,15.94469],[77.14036,15.9364],[77.12598,15.93123],[77.12511,15.93062],[77.12518,15.9302],[77.11434,15.92986],[77.10683,15.92701],[77.1078,15.92594],[77.09129,15.91383],[77.07592,15.90642],[77.0738,15.90487],[77.06614,15.89144],[77.05638,15.87739],[77.04296,15.86333],[77.03611,15.85701],[77.03217,15.85068],[77.02562,15.85331],[77.01706,15.86214],[77.0132,15.86324],[77.01342,15.86421],[77.0114,15.86327],[77.00887,15.86341],[77.00792,15.86393],[77.0034,15.87047],[76.99864,15.87526],[76.99732,15.87596],[76.99229,15.87511],[76.98439,15.87074],[76.98429,15.87119],[76.98249,15.87137],[76.97803,15.87344],[76.9746,15.87403],[76.9719,15.87309],[76.96954,15.87139],[76.96867,15.87153],[76.96656,15.87315],[76.96516,15.87562],[76.9639,15.87635],[76.96085,15.8771],[76.95677,15.87672],[76.95183,15.87964],[76.95006,15.87782],[76.94679,15.87608],[76.94386,15.87642],[76.93887,15.87953],[76.93217,15.88602],[76.9257,15.88992],[76.92224,15.89371],[76.91634,15.89383],[76.91481,15.89468],[76.91184,15.89926],[76.90787,15.90367],[76.9045,15.90553],[76.90107,15.90643],[76.89819,15.90797],[76.89535,15.91109],[76.89437,15.91155],[76.89161,15.91588],[76.88779,15.91848],[76.88477,15.92139],[76.88197,15.92274],[76.88038,15.92409],[76.87174,15.92543],[76.86745,15.92419],[76.86419,15.9249],[76.85982,15.92801],[76.85771,15.92809],[76.85721,15.92711],[76.85299,15.92791],[76.85691,15.9405],[76.85727,15.94316],[76.85906,15.94546],[76.86117,15.94715],[76.86152,15.9487],[76.86385,15.94998],[76.86603,15.95302],[76.8696,15.9623],[76.87063,15.96612],[76.8708,15.96874],[76.86909,15.97537],[76.86618,15.9794],[76.84888,15.97948],[76.84337,15.97874],[76.84401,15.98572],[76.84603,15.99412],[76.85094,16.00845],[76.85263,16.00948],[76.85401,16.0095],[76.86084,16.00853],[76.86458,16.00737],[76.86425,16.01018],[76.86506,16.0146],[76.87207,16.01444],[76.87107,16.0304],[76.88778,16.03796],[76.89058,16.03888],[76.89167,16.03864],[76.89185,16.0395],[76.8958,16.0395],[76.8978,16.04017],[76.90696,16.04128],[76.91116,16.04079],[76.91487,16.04154],[76.9154,16.04777],[76.91491,16.04841],[76.91506,16.04935],[76.9145,16.04938],[76.91313,16.05127],[76.91377,16.06107],[76.92285,16.06049],[76.92293,16.05537],[76.92248,16.05542],[76.92247,16.05457],[76.92845,16.05444],[76.92933,16.06379],[76.94894,16.06378],[76.95903,16.06291],[76.95955,16.06243],[76.95999,16.06261],[76.95945,16.0631],[76.9634,16.06341],[76.97308,16.0623],[76.9752,16.06366],[76.97849,16.06361],[76.98668,16.05914],[76.99167,16.05397],[76.99452,16.04911],[76.99901,16.04997],[77.01129,16.04879],[77.01271,16.04904],[77.02881,16.04792],[77.03179,16.04764],[77.03417,16.0456],[77.05578,16.04701],[77.06423,16.04648],[77.07066,16.04539],[77.0716,16.05193],[77.07261,16.05395],[77.07488,16.06287],[77.07986,16.06221],[77.08229,16.06872],[77.0847,16.07075],[77.08683,16.07137],[77.08886,16.0733],[77.08881,16.0743],[77.0938,16.07514],[77.09409,16.07666],[77.10445,16.07614],[77.10748,16.07644],[77.1165,16.07408],[77.1166,16.07484],[77.11848,16.07518],[77.12633,16.07865],[77.13087,16.0779],[77.14194,16.0798],[77.14299,16.08183],[77.14929,16.08825],[77.15064,16.08898],[77.1524,16.09146],[77.15503,16.09389],[77.15559,16.09377],[77.15765,16.09109],[77.15949,16.08957],[77.16117,16.09245],[77.16406,16.09578],[77.1659,16.09725],[77.16808,16.09752]]]}},{"type":"Feature","properties":{"unitId":664,"unitName":"Sirwar PS"},"geometry":{"type":"Polygon","coordinates":[[[76.79025,16.22603],[76.79022,16.22559],[76.79144,16.22548],[76.792,16.2245],[76.79532,16.22207],[76.79666,16.22045],[76.8009,16.21924],[76.80391,16.21681],[76.80636,16.21613],[76.80733,16.21939],[76.80802,16.21969],[76.80772,16.22043],[76.81047,16.22103],[76.81081,16.22195],[76.81274,16.22245],[76.81669,16.22228],[76.81837,16.22176],[76.82438,16.22179],[76.82768,16.22119],[76.82826,16.22009],[76.83069,16.22073],[76.83298,16.21937],[76.83259,16.21804],[76.83329,16.21764],[76.83347,16.21543],[76.83419,16.2152],[76.83664,16.21501],[76.83989,16.21715],[76.83935,16.21169],[76.84085,16.21142],[76.84193,16.20991],[76.84461,16.20898],[76.84633,16.20901],[76.84654,16.20762],[76.84835,16.20708],[76.85066,16.20722],[76.85082,16.20592],[76.85177,16.20501],[76.85057,16.2046],[76.85015,16.20384],[76.85115,16.20213],[76.85117,16.1998],[76.85232,16.19886],[76.85476,16.19892],[76.85523,16.19786],[76.85739,16.19809],[76.85854,16.19759],[76.8585,16.197],[76.85964,16.19627],[76.86216,16.19627],[76.86651,16.19003],[76.87197,16.18784],[76.8774,16.19193],[76.87992,16.1926],[76.88338,16.1954],[76.88854,16.19735],[76.89498,16.2023],[76.8965,16.20291],[76.90059,16.20195],[76.90542,16.19749],[76.90608,16.19433],[76.90803,16.19323],[76.90885,16.19355],[76.909,16.19427],[76.9126,16.1957],[76.92131,16.19305],[76.9246,16.19287],[76.93266,16.19115],[76.93309,16.19812],[76.93695,16.19822],[76.93845,16.19818],[76.94289,16.19661],[76.95282,16.19546],[76.95693,16.19296],[76.95739,16.19471],[76.95635,16.19603],[76.95599,16.20088],[76.95712,16.20418],[76.96074,16.20218],[76.96383,16.20261],[76.96911,16.20038],[76.96914,16.19787],[76.97043,16.19737],[76.97084,16.19882],[76.97164,16.19845],[76.97148,16.19658],[76.97312,16.19578],[76.97266,16.19431],[76.97585,16.19335],[76.97953,16.19143],[76.98119,16.19315],[76.97914,16.19499],[76.97926,16.1963],[76.98113,16.19623],[76.98156,16.19723],[76.9826,16.19717],[76.98347,16.19878],[76.98507,16.19928],[76.98974,16.19847],[76.99196,16.1968],[76.9924,16.1948],[76.99666,16.19229],[76.99871,16.19763],[77.0059,16.19648],[77.01148,16.1977],[77.0153,16.19669],[77.04139,16.19327],[77.04294,16.19341],[77.04487,16.19902],[77.05907,16.19741],[77.06593,16.19535],[77.06717,16.18991],[77.06839,16.18689],[77.06951,16.18716],[77.07103,16.18154],[77.07248,16.18049],[77.07789,16.17951],[77.07788,16.17907],[77.08012,16.17903],[77.07981,16.18206],[77.08105,16.1885],[77.08062,16.19293],[77.08102,16.19696],[77.08153,16.19894],[77.0837,16.19869],[77.08799,16.21648],[77.08843,16.21985],[77.08934,16.2201],[77.097,16.21923],[77.10745,16.2193],[77.10759,16.21287],[77.11264,16.21325],[77.11573,16.21285],[77.11546,16.21138],[77.11846,16.21148],[77.11778,16.2078],[77.11516,16.20803],[77.11507,16.20701],[77.11617,16.20548],[77.11618,16.20336],[77.11888,16.20344],[77.11901,16.20191],[77.12068,16.19838],[77.1209,16.1961],[77.12172,16.19424],[77.13606,16.19445],[77.14137,16.19399],[77.14133,16.19289],[77.15071,16.19216],[77.15693,16.19219],[77.15697,16.19133],[77.15757,16.19123],[77.1577,16.18287],[77.17173,16.18054],[77.1819,16.1813],[77.18837,16.18088],[77.18955,16.18121],[77.1897,16.18176],[77.20738,16.18136],[77.21268,16.18073],[77.22499,16.18124],[77.22521,16.1784],[77.22621,16.17796],[77.22679,16.17472],[77.22999,16.17316],[77.23251,16.1712],[77.23522,16.16965],[77.23953,16.16811],[77.24745,16.16813],[77.24794,16.16587],[77.24751,16.16559],[77.25089,16.1572],[77.2509,16.15541],[77.25148,16.15385],[77.25364,16.15156],[77.25506,16.14545],[77.25745,16.14548],[77.25778,16.13746],[77.25686,16.13111],[77.24806,16.13234],[77.24593,16.12149],[77.24211,16.11033],[77.23992,16.09132],[77.22758,16.09127],[77.2096,16.09275],[77.20501,16.09355],[77.18747,16.09465],[77.18155,16.09453],[77.17231,16.09592],[77.1682,16.0953],[77.16808,16.09752],[77.1659,16.09725],[77.16209,16.0936],[77.15949,16.08957],[77.15765,16.09109],[77.15559,16.09377],[77.15503,16.09389],[77.1524,16.09146],[77.15064,16.08898],[77.14929,16.08825],[77.14299,16.08183],[77.14194,16.0798],[77.13087,16.0779],[77.12633,16.07865],[77.11848,16.07518],[77.1166,16.07484],[77.1165,16.07408],[77.10748,16.07644],[77.10445,16.07614],[77.09409,16.07666],[77.0938,16.07514],[77.08881,16.0743],[77.08886,16.0733],[77.08683,16.07137],[77.0847,16.07075],[77.08229,16.06872],[77.07986,16.06221],[77.07488,16.06287],[77.07261,16.05395],[77.0716,16.05193],[77.07066,16.04539],[77.06423,16.04648],[77.05578,16.04701],[77.03417,16.0456],[77.03179,16.04764],[77.02881,16.04792],[77.01271,16.04904],[77.01129,16.04879],[76.99901,16.04997],[76.99452,16.04911],[76.99167,16.05397],[76.98668,16.05914],[76.97849,16.06361],[76.9752,16.06366],[76.97308,16.0623],[76.9634,16.06341],[76.95945,16.0631],[76.95999,16.06261],[76.95955,16.06243],[76.95903,16.06291],[76.94894,16.06378],[76.92933,16.06379],[76.92845,16.05444],[76.92247,16.05457],[76.92248,16.05542],[76.92293,16.05537],[76.92247,16.07833],[76.92337,16.08994],[76.91004,16.09081],[76.90687,16.09163],[76.90606,16.09096],[76.90448,16.09568],[76.90442,16.09761],[76.90514,16.10081],[76.90727,16.10076],[76.90737,16.10333],[76.90324,16.10339],[76.90371,16.10697],[76.89582,16.10814],[76.89226,16.11288],[76.89085,16.1138],[76.89092,16.11444],[76.88598,16.11863],[76.8834,16.12013],[76.87958,16.11551],[76.87812,16.11577],[76.87768,16.1144],[76.87617,16.11336],[76.87461,16.1107],[76.87037,16.10901],[76.86823,16.10692],[76.86514,16.10626],[76.86347,16.10651],[76.8636,16.10811],[76.86164,16.10857],[76.85887,16.1085],[76.86057,16.11997],[76.86413,16.12052],[76.86416,16.1202],[76.86542,16.12022],[76.86572,16.1251],[76.86651,16.12686],[76.86279,16.13348],[76.86283,16.1345],[76.86243,16.13393],[76.859,16.13315],[76.85768,16.13083],[76.85384,16.13603],[76.85202,16.13137],[76.85121,16.13141],[76.85105,16.13098],[76.84654,16.13116],[76.84605,16.1342],[76.84524,16.13539],[76.84542,16.13746],[76.84176,16.14662],[76.84212,16.15117],[76.8413,16.15732],[76.84282,16.16172],[76.83513,16.16456],[76.83223,16.16498],[76.82838,16.16672],[76.82075,16.16799],[76.82065,16.16671],[76.80283,16.1723],[76.80299,16.17355],[76.8022,16.17382],[76.80269,16.17576],[76.80217,16.17577],[76.80214,16.18192],[76.80638,16.18393],[76.8071,16.18736],[76.80817,16.1892],[76.80882,16.1938],[76.81044,16.1987],[76.81039,16.20248],[76.8086,16.20246],[76.80781,16.20722],[76.80445,16.20825],[76.80429,16.20876],[76.80009,16.20256],[76.79874,16.20127],[76.79643,16.19628],[76.79595,16.19304],[76.79359,16.1922],[76.79247,16.18833],[76.79202,16.18836],[76.79079,16.18572],[76.78997,16.18219],[76.78391,16.18415],[76.7753,16.18437],[76.77213,16.18468],[76.77138,16.18523],[76.77006,16.19159],[76.77069,16.19462],[76.77355,16.20013],[76.77523,16.202],[76.77636,16.20467],[76.77751,16.21369],[76.77949,16.21983],[76.78444,16.22014],[76.78619,16.22218],[76.78733,16.2222],[76.78817,16.22509],[76.78986,16.22642],[76.79025,16.22603]]]}},{"type":"Feature","properties":{"unitId":665,"unitName":"Balagaor PS"},"geometry":{"type":"MultiPolygon","coordinates":[[[[76.75565,15.99683],[76.7589,15.99663],[76.7594,15.99596],[76.76038,15.9964],[76.76048,15.99707],[76.76147,15.997],[76.76268,15.99667],[76.76274,15.99596],[76.76518,15.9957],[76.77589,15.99251],[76.77615,15.99071],[76.77713,15.99064],[76.77712,15.99019],[76.78184,15.99025],[76.78174,15.98959],[76.78449,15.98768],[76.7862,15.98732],[76.7883,15.98551],[76.79025,15.98462],[76.79074,15.98487],[76.79255,15.98369],[76.79218,15.98274],[76.79223,15.97724],[76.79065,15.9736],[76.78931,15.97374],[76.78708,15.96608],[76.78231,15.96545],[76.78198,15.96411],[76.77745,15.96428],[76.77721,15.96296],[76.77535,15.96264],[76.77387,15.95681],[76.7744,15.9553],[76.77905,15.95445],[76.785,15.95183],[76.78471,15.9506],[76.7854,15.95042],[76.7876,15.94813],[76.79227,15.94518],[76.79851,15.93675],[76.80213,15.93694],[76.80364,15.93406],[76.80689,15.93272],[76.81237,15.93355],[76.81332,15.94088],[76.81907,15.9426],[76.83006,15.94356],[76.83298,15.94262],[76.83405,15.9432],[76.83677,15.9425],[76.84055,15.94027],[76.84355,15.93676],[76.85333,15.92895],[76.85299,15.92791],[76.85355,15.92763],[76.85721,15.92711],[76.85771,15.92809],[76.85982,15.92801],[76.86419,15.9249],[76.86745,15.92419],[76.87174,15.92543],[76.87954,15.92435],[76.88477,15.92139],[76.88779,15.91848],[76.89161,15.91588],[76.89437,15.91155],[76.89535,15.91109],[76.89819,15.90797],[76.90107,15.90643],[76.9045,15.90553],[76.90787,15.90367],[76.91184,15.89926],[76.91481,15.89468],[76.91634,15.89383],[76.92224,15.89371],[76.9257,15.88992],[76.93217,15.88602],[76.93887,15.87953],[76.94386,15.87642],[76.94679,15.87608],[76.95006,15.87782],[76.95183,15.87964],[76.95677,15.87672],[76.96085,15.8771],[76.9639,15.87635],[76.96516,15.87562],[76.96656,15.87315],[76.96867,15.87153],[76.96954,15.87139],[76.9719,15.87309],[76.9746,15.87403],[76.97803,15.87344],[76.98249,15.87137],[76.98429,15.87119],[76.98439,15.87074],[76.9936,15.87558],[76.99714,15.87597],[76.99843,15.8754],[77.00435,15.86933],[77.00792,15.86393],[77.00887,15.86341],[77.0114,15.86327],[77.01342,15.86421],[77.0132,15.86324],[77.01706,15.86214],[77.02562,15.85331],[77.03105,15.85112],[77.03066,15.84853],[77.02773,15.84197],[77.02445,15.83768],[77.0199,15.82748],[77.02329,15.8255],[77.0202,15.82276],[77.01745,15.81908],[77.01433,15.816],[76.99717,15.80518],[76.99239,15.79909],[76.98945,15.80104],[76.96624,15.77981],[76.96466,15.78275],[76.96531,15.78344],[76.96308,15.78631],[76.95867,15.79041],[76.95847,15.79227],[76.94859,15.79494],[76.94896,15.79926],[76.94791,15.79937],[76.94767,15.80131],[76.93949,15.80213],[76.9396,15.80437],[76.9363,15.80475],[76.93669,15.80761],[76.93255,15.80782],[76.93307,15.81371],[76.92671,15.81414],[76.92643,15.80788],[76.92719,15.8069],[76.92716,15.80576],[76.92782,15.80459],[76.92738,15.80396],[76.92754,15.80083],[76.92691,15.8001],[76.927,15.79846],[76.92619,15.79728],[76.92657,15.79639],[76.9261,15.79551],[76.92697,15.79174],[76.92752,15.79104],[76.92859,15.79113],[76.92511,15.79077],[76.92265,15.79176],[76.92277,15.79216],[76.92017,15.79286],[76.91949,15.7936],[76.91884,15.79559],[76.91914,15.79647],[76.91781,15.7998],[76.91358,15.80172],[76.9102,15.80469],[76.90781,15.80593],[76.9055,15.80907],[76.90363,15.81066],[76.90103,15.81172],[76.89897,15.81354],[76.89819,15.80955],[76.89744,15.80906],[76.89031,15.80818],[76.88727,15.80875],[76.88308,15.80988],[76.87879,15.81247],[76.87645,15.81321],[76.8724,15.81333],[76.87085,15.81494],[76.87183,15.81797],[76.87116,15.82003],[76.87012,15.82131],[76.85938,15.82453],[76.85796,15.82445],[76.8568,15.82527],[76.84824,15.82662],[76.81908,15.83406],[76.8095,15.83477],[76.80309,15.83449],[76.79884,15.83524],[76.77141,15.84419],[76.77135,15.85054],[76.76981,15.85317],[76.76665,15.85337],[76.7651,15.8527],[76.75822,15.85482],[76.75,15.85614],[76.74977,15.85566],[76.75179,15.86665],[76.75346,15.87285],[76.75355,15.87351],[76.75302,15.8739],[76.75369,15.87674],[76.74877,15.87584],[76.74901,15.87641],[76.74723,15.87646],[76.74119,15.87831],[76.74047,15.87859],[76.74103,15.88169],[76.73581,15.88292],[76.73218,15.88439],[76.73201,15.88392],[76.7273,15.88579],[76.72646,15.88554],[76.72468,15.88242],[76.72107,15.88161],[76.71891,15.88038],[76.71663,15.87807],[76.71522,15.87779],[76.7107,15.87849],[76.71,15.87829],[76.7089,15.8764],[76.70845,15.87633],[76.70469,15.87697],[76.70432,15.87951],[76.69916,15.88203],[76.69749,15.87878],[76.69024,15.8769],[76.6897,15.87734],[76.68691,15.8772],[76.68675,15.88428],[76.68445,15.88333],[76.67536,15.88432],[76.67791,15.88113],[76.67796,15.88031],[76.67509,15.86803],[76.6713,15.86838],[76.66996,15.86653],[76.66768,15.86656],[76.66435,15.86739],[76.65967,15.86929],[76.65796,15.86884],[76.6566,15.86581],[76.65616,15.86565],[76.64725,15.86587],[76.64797,15.87573],[76.64787,15.8765],[76.64718,15.87692],[76.62775,15.87651],[76.61968,15.87576],[76.61807,15.87033],[76.61128,15.87262],[76.60549,15.87802],[76.60389,15.88233],[76.60145,15.88485],[76.60013,15.88556],[76.60163,15.89479],[76.60324,15.89937],[76.60229,15.90049],[76.60197,15.90272],[76.60236,15.90409],[76.60303,15.9036],[76.60773,15.90378],[76.60948,15.90974],[76.61139,15.90923],[76.61271,15.91155],[76.62087,15.909],[76.6211,15.90534],[76.62176,15.90374],[76.62948,15.90298],[76.63018,15.90747],[76.63337,15.90718],[76.63449,15.90654],[76.63715,15.90676],[76.63853,15.90909],[76.63721,15.90953],[76.63741,15.91275],[76.63814,15.91284],[76.63827,15.91351],[76.63852,15.91839],[76.63743,15.91864],[76.63756,15.9202],[76.64014,15.92008],[76.64029,15.92314],[76.64448,15.92327],[76.64862,15.92277],[76.64981,15.9225],[76.64972,15.92193],[76.65346,15.92076],[76.65364,15.9215],[76.65904,15.91983],[76.65953,15.91877],[76.66634,15.91766],[76.66665,15.91934],[76.66983,15.91973],[76.66434,15.93432],[76.6644,15.93469],[76.66779,15.93538],[76.66785,15.93619],[76.66935,15.9379],[76.67179,15.94922],[76.67231,15.94933],[76.67229,15.94991],[76.67397,15.95028],[76.67465,15.95],[76.67554,15.95236],[76.67653,15.95251],[76.67735,15.95743],[76.67645,15.95854],[76.68581,15.95443],[76.69287,15.95442],[76.69813,15.95185],[76.70007,15.95149],[76.70034,15.95238],[76.71008,15.95005],[76.71538,15.94757],[76.71571,15.94668],[76.71935,15.94502],[76.71943,15.94636],[76.72409,15.94574],[76.72768,15.94713],[76.73109,15.94943],[76.73123,15.94816],[76.73555,15.95139],[76.73825,15.95248],[76.73821,15.95517],[76.73726,15.95507],[76.73695,15.95691],[76.73594,15.96636],[76.73483,15.96818],[76.73559,15.98234],[76.73724,15.99161],[76.73961,15.9916],[76.73962,15.99125],[76.75119,15.99155],[76.75315,15.99728],[76.75522,15.99721],[76.75565,15.99683]]],[[[76.91734,15.79998],[76.918,15.79813],[76.9159,15.7995],[76.91612,15.80047],[76.91734,15.79998]]]]}},{"type":"Feature","properties":{"unitId":666,"unitName":"Sindanur Rural PS"},"geometry":{"type":"Polygon","coordinates":[[[76.73201,15.88392],[76.73218,15.88439],[76.73581,15.88292],[76.74103,15.88169],[76.74047,15.87859],[76.74119,15.87831],[76.74723,15.87646],[76.74901,15.87641],[76.74877,15.87584],[76.75369,15.87674],[76.75302,15.8739],[76.75355,15.87351],[76.75346,15.87285],[76.75179,15.86665],[76.74977,15.85566],[76.75,15.85614],[76.75822,15.85482],[76.7651,15.8527],[76.76665,15.85337],[76.76981,15.85317],[76.77135,15.85054],[76.77146,15.84462],[76.76839,15.82481],[76.76543,15.81545],[76.76195,15.80807],[76.76048,15.80645],[76.75627,15.79948],[76.75564,15.79974],[76.75142,15.79444],[76.75523,15.78691],[76.75446,15.78641],[76.75353,15.78237],[76.75339,15.78104],[76.7542,15.78092],[76.75366,15.77686],[76.75263,15.77701],[76.75268,15.77768],[76.73809,15.78229],[76.72108,15.78652],[76.71955,15.78234],[76.71327,15.78329],[76.71004,15.78331],[76.70615,15.7844],[76.70525,15.77394],[76.71798,15.77402],[76.71804,15.77047],[76.71631,15.75238],[76.71372,15.74216],[76.71462,15.74002],[76.71387,15.73153],[76.71402,15.72212],[76.7144,15.71959],[76.715,15.71889],[76.72354,15.71789],[76.72873,15.71801],[76.73439,15.71964],[76.73435,15.72212],[76.73658,15.72285],[76.74116,15.72314],[76.74652,15.7261],[76.75623,15.72822],[76.75615,15.72912],[76.75943,15.73002],[76.75956,15.73227],[76.75895,15.73214],[76.75907,15.73276],[76.76002,15.73276],[76.76185,15.73369],[76.76337,15.73537],[76.76554,15.7357],[76.76506,15.74196],[76.76563,15.74749],[76.76609,15.74766],[76.76666,15.74684],[76.77029,15.74736],[76.77176,15.74703],[76.77238,15.74643],[76.77181,15.74167],[76.77368,15.72159],[76.78009,15.72089],[76.79083,15.71847],[76.79251,15.71228],[76.79564,15.71621],[76.79544,15.72142],[76.79422,15.72433],[76.79432,15.72735],[76.79014,15.72789],[76.79084,15.73462],[76.79274,15.7436],[76.79183,15.7438],[76.79182,15.74479],[76.79295,15.74458],[76.79313,15.74583],[76.79052,15.74673],[76.79236,15.75336],[76.78768,15.75596],[76.78328,15.7638],[76.78147,15.76805],[76.77716,15.76954],[76.77962,15.77277],[76.78252,15.78026],[76.78846,15.78566],[76.78937,15.78701],[76.78978,15.78884],[76.79425,15.78879],[76.80289,15.78728],[76.8035,15.78907],[76.80603,15.78925],[76.8091,15.7889],[76.80833,15.78562],[76.81461,15.78428],[76.81702,15.7842],[76.82189,15.78495],[76.83107,15.78354],[76.83208,15.78285],[76.83233,15.78094],[76.83286,15.78022],[76.838,15.77979],[76.84681,15.77679],[76.84776,15.77685],[76.84874,15.77848],[76.84936,15.7809],[76.85151,15.79783],[76.85319,15.80457],[76.85821,15.81891],[76.85646,15.8196],[76.85728,15.82009],[76.85796,15.82445],[76.85938,15.82453],[76.87012,15.82131],[76.87116,15.82003],[76.87183,15.81797],[76.87085,15.81494],[76.8724,15.81333],[76.87645,15.81321],[76.87879,15.81247],[76.88308,15.80988],[76.88727,15.80875],[76.89031,15.80818],[76.89744,15.80906],[76.89819,15.80955],[76.89897,15.81354],[76.90103,15.81172],[76.90363,15.81066],[76.9055,15.80907],[76.90781,15.80593],[76.9102,15.80469],[76.91358,15.80172],[76.91781,15.7998],[76.91914,15.79647],[76.91884,15.79559],[76.91949,15.7936],[76.92017,15.79286],[76.92277,15.79216],[76.92265,15.79176],[76.92511,15.79077],[76.92859,15.79113],[76.92752,15.79104],[76.92697,15.79174],[76.9261,15.79551],[76.92657,15.79639],[76.92619,15.79728],[76.927,15.79846],[76.92691,15.8001],[76.92754,15.80083],[76.92738,15.80396],[76.92782,15.80459],[76.92716,15.80576],[76.92719,15.8069],[76.92643,15.80788],[76.92671,15.81414],[76.93307,15.81371],[76.93255,15.80782],[76.93669,15.80761],[76.9363,15.80475],[76.9396,15.80437],[76.93949,15.80213],[76.94767,15.80131],[76.94791,15.79937],[76.94896,15.79926],[76.94859,15.79494],[76.95847,15.79227],[76.95867,15.79041],[76.96308,15.78631],[76.96531,15.78344],[76.96466,15.78275],[76.96781,15.77688],[76.96889,15.77567],[76.96643,15.77211],[76.96319,15.77407],[76.95253,15.76635],[76.94287,15.76338],[76.94043,15.76187],[76.93836,15.75945],[76.93843,15.75672],[76.93642,15.75406],[76.93307,15.7479],[76.93276,15.74478],[76.93018,15.7407],[76.92744,15.73509],[76.92551,15.73316],[76.92383,15.73032],[76.92106,15.72196],[76.91946,15.71888],[76.91868,15.71269],[76.91659,15.70768],[76.91506,15.70156],[76.91102,15.69807],[76.90856,15.69324],[76.90657,15.69172],[76.90017,15.68871],[76.89268,15.68753],[76.88915,15.68626],[76.88765,15.685],[76.88442,15.68107],[76.88314,15.67784],[76.87344,15.66799],[76.8671,15.66042],[76.866,15.65976],[76.85937,15.65126],[76.85893,15.64979],[76.8591,15.64481],[76.85334,15.64148],[76.8487,15.63767],[76.84414,15.63487],[76.8421,15.63264],[76.83582,15.62767],[76.8332,15.62475],[76.83207,15.62204],[76.83324,15.61657],[76.8329,15.61346],[76.83437,15.6111],[76.83657,15.6057],[76.83581,15.60231],[76.8327,15.59971],[76.8317,15.5979],[76.83319,15.5917],[76.83369,15.58252],[76.83456,15.58036],[76.83495,15.5776],[76.83457,15.57453],[76.83483,15.57128],[76.83442,15.57045],[76.83421,15.56655],[76.83322,15.56344],[76.83102,15.56116],[76.81791,15.55342],[76.81456,15.55019],[76.81279,15.54694],[76.79782,15.55134],[76.79406,15.55411],[76.78764,15.55591],[76.77923,15.55737],[76.77149,15.5612],[76.77036,15.56256],[76.76262,15.56485],[76.76264,15.56519],[76.75976,15.56618],[76.75576,15.57099],[76.75554,15.58278],[76.75502,15.58483],[76.75281,15.58506],[76.74862,15.59024],[76.73743,15.59321],[76.72676,15.59107],[76.72408,15.591],[76.70128,15.59445],[76.70065,15.59117],[76.69664,15.59204],[76.69266,15.59359],[76.68885,15.59591],[76.68924,15.59912],[76.69015,15.59998],[76.69124,15.60329],[76.68833,15.60436],[76.68575,15.60619],[76.68238,15.60733],[76.68025,15.60684],[76.67957,15.61557],[76.68024,15.62719],[76.69356,15.62481],[76.6944,15.63723],[76.69423,15.64566],[76.69484,15.64678],[76.69558,15.66392],[76.69735,15.67055],[76.69765,15.68081],[76.70002,15.69502],[76.69995,15.69881],[76.69868,15.69887],[76.70044,15.71444],[76.70038,15.71543],[76.6951,15.71546],[76.69067,15.71471],[76.68304,15.71564],[76.68094,15.7172],[76.67725,15.73775],[76.68246,15.73957],[76.68814,15.7407],[76.68651,15.7405],[76.68635,15.74242],[76.68486,15.74395],[76.68515,15.74535],[76.68233,15.75492],[76.68239,15.76281],[76.68313,15.76447],[76.68237,15.76745],[76.68199,15.77267],[76.67999,15.77304],[76.68105,15.78495],[76.68062,15.78851],[76.69584,15.78556],[76.69874,15.80394],[76.6988,15.80771],[76.7022,15.82165],[76.69882,15.8222],[76.69568,15.82425],[76.69895,15.83148],[76.70143,15.8405],[76.70535,15.8386],[76.70678,15.83622],[76.71044,15.8386],[76.71267,15.84073],[76.71475,15.84885],[76.71552,15.85391],[76.71768,15.85776],[76.71966,15.86672],[76.72312,15.87856],[76.7222,15.87982],[76.71971,15.88073],[76.72192,15.8819],[76.72468,15.88242],[76.72646,15.88554],[76.7273,15.88579],[76.73201,15.88392]],[[76.91734,15.79998],[76.91612,15.80047],[76.9159,15.7995],[76.918,15.79813],[76.91734,15.79998]]]}},{"type":"Feature","properties":{"unitId":667,"unitName":"Sindhanur Town PS"},"geometry":{"type":"Polygon","coordinates":[[[76.79884,15.83524],[76.80309,15.83449],[76.8095,15.83477],[76.81908,15.83406],[76.84824,15.82662],[76.8568,15.82527],[76.85796,15.82445],[76.85728,15.82009],[76.85646,15.8196],[76.85821,15.81891],[76.85319,15.80457],[76.85151,15.79783],[76.84936,15.7809],[76.84874,15.77848],[76.84776,15.77685],[76.84681,15.77679],[76.838,15.77979],[76.83286,15.78022],[76.83233,15.78094],[76.83208,15.78285],[76.83107,15.78354],[76.82189,15.78495],[76.81702,15.7842],[76.81461,15.78428],[76.80833,15.78562],[76.8091,15.7889],[76.8035,15.78907],[76.80289,15.78728],[76.79425,15.78879],[76.78978,15.78884],[76.78937,15.78701],[76.78846,15.78566],[76.78252,15.78026],[76.77962,15.77277],[76.77716,15.76954],[76.78147,15.76805],[76.78328,15.7638],[76.78768,15.75596],[76.79236,15.75336],[76.79052,15.74673],[76.79313,15.74583],[76.79295,15.74458],[76.79182,15.74479],[76.79183,15.7438],[76.79274,15.7436],[76.79084,15.73462],[76.79014,15.72789],[76.79432,15.72735],[76.79422,15.72433],[76.79544,15.72142],[76.79564,15.71621],[76.79251,15.71228],[76.79083,15.71847],[76.78009,15.72089],[76.77368,15.72159],[76.77181,15.74167],[76.77238,15.74643],[76.77176,15.74703],[76.77029,15.74736],[76.76666,15.74684],[76.76609,15.74766],[76.76563,15.74749],[76.76506,15.74196],[76.76554,15.7357],[76.76337,15.73537],[76.76185,15.73369],[76.76002,15.73276],[76.75907,15.73276],[76.75895,15.73214],[76.75956,15.73227],[76.75943,15.73002],[76.75615,15.72912],[76.75623,15.72822],[76.74652,15.7261],[76.74116,15.72314],[76.73658,15.72285],[76.73435,15.72212],[76.73439,15.71964],[76.72873,15.71801],[76.72354,15.71789],[76.715,15.71889],[76.7144,15.71959],[76.71402,15.72212],[76.71387,15.73153],[76.71462,15.74002],[76.71372,15.74216],[76.71631,15.75238],[76.71804,15.77047],[76.71798,15.77402],[76.70525,15.77394],[76.70615,15.7844],[76.71004,15.78331],[76.71327,15.78329],[76.71955,15.78234],[76.72108,15.78652],[76.73809,15.78229],[76.75268,15.77768],[76.75263,15.77701],[76.75366,15.77686],[76.7542,15.78092],[76.75339,15.78104],[76.75353,15.78237],[76.75446,15.78641],[76.75523,15.78691],[76.75142,15.79444],[76.75564,15.79974],[76.75627,15.79948],[76.76048,15.80645],[76.76195,15.80807],[76.76543,15.81545],[76.76839,15.82481],[76.77141,15.84419],[76.79884,15.83524]]]}},{"type":"Feature","properties":{"unitId":668,"unitName":"Turvihal PS"},"geometry":{"type":"Polygon","coordinates":[[[76.61669,15.87069],[76.61807,15.87033],[76.61849,15.87104],[76.61968,15.87576],[76.62775,15.87651],[76.64718,15.87692],[76.64787,15.8765],[76.64797,15.87573],[76.64725,15.86587],[76.65616,15.86565],[76.6566,15.86581],[76.65796,15.86884],[76.65967,15.86929],[76.66435,15.86739],[76.66768,15.86656],[76.66996,15.86653],[76.6713,15.86838],[76.67509,15.86803],[76.67796,15.88031],[76.67791,15.88113],[76.67536,15.88432],[76.68445,15.88333],[76.68675,15.88428],[76.68691,15.8772],[76.6897,15.87734],[76.69024,15.8769],[76.69749,15.87878],[76.69916,15.88203],[76.70432,15.87951],[76.70469,15.87697],[76.70845,15.87633],[76.7089,15.8764],[76.71,15.87829],[76.7107,15.87849],[76.71522,15.87779],[76.71663,15.87807],[76.71971,15.88073],[76.72309,15.87907],[76.71768,15.85776],[76.71552,15.85391],[76.71475,15.84885],[76.71267,15.84073],[76.71044,15.8386],[76.70678,15.83622],[76.70535,15.8386],[76.70143,15.8405],[76.69895,15.83148],[76.69568,15.82425],[76.69882,15.8222],[76.7022,15.82165],[76.6988,15.80771],[76.69874,15.80394],[76.69584,15.78556],[76.68062,15.78851],[76.68105,15.78495],[76.67999,15.77304],[76.68199,15.77267],[76.68237,15.76745],[76.68313,15.76447],[76.68239,15.76281],[76.68233,15.75492],[76.68515,15.74535],[76.68486,15.74395],[76.68635,15.74242],[76.68651,15.7405],[76.68814,15.7407],[76.68246,15.73957],[76.67725,15.73775],[76.68094,15.7172],[76.68304,15.71564],[76.69067,15.71471],[76.6951,15.71546],[76.70038,15.71543],[76.69868,15.69887],[76.69995,15.69881],[76.70002,15.69502],[76.69765,15.68081],[76.69735,15.67055],[76.69558,15.66392],[76.6949,15.64761],[76.69448,15.64589],[76.69217,15.64846],[76.68695,15.64777],[76.68538,15.64799],[76.68441,15.64609],[76.68082,15.64452],[76.67996,15.64394],[76.6795,15.64289],[76.67858,15.64268],[76.67683,15.64112],[76.67432,15.64177],[76.67286,15.6404],[76.67011,15.6392],[76.6716,15.65814],[76.65351,15.6607],[76.65398,15.6663],[76.63152,15.67059],[76.62417,15.66986],[76.61479,15.67077],[76.61063,15.67057],[76.60985,15.67123],[76.59974,15.67377],[76.59984,15.67583],[76.59838,15.68508],[76.59821,15.69613],[76.58843,15.69713],[76.57528,15.70004],[76.57555,15.70091],[76.57336,15.70201],[76.56852,15.70323],[76.56203,15.70566],[76.56172,15.70304],[76.55088,15.69939],[76.54145,15.699],[76.54447,15.70364],[76.53994,15.70475],[76.53556,15.70387],[76.53578,15.69963],[76.53014,15.70052],[76.52885,15.70084],[76.52763,15.70677],[76.5206,15.71205],[76.51714,15.7135],[76.51407,15.71558],[76.50952,15.71724],[76.50489,15.71578],[76.4917,15.7084],[76.491,15.71015],[76.48987,15.71133],[76.49059,15.71216],[76.49062,15.7133],[76.48523,15.71392],[76.48436,15.71458],[76.48242,15.71935],[76.47807,15.72012],[76.47605,15.72097],[76.47605,15.72141],[76.47429,15.72192],[76.46919,15.72519],[76.45947,15.72764],[76.45374,15.73015],[76.45159,15.73235],[76.44971,15.73344],[76.44631,15.73435],[76.44678,15.73531],[76.44393,15.73914],[76.44678,15.74192],[76.44802,15.74442],[76.44539,15.74699],[76.43965,15.74955],[76.43869,15.75786],[76.43809,15.7579],[76.43795,15.75857],[76.43859,15.76472],[76.43951,15.76623],[76.43887,15.77616],[76.43946,15.78475],[76.43854,15.78495],[76.43838,15.7855],[76.43712,15.78565],[76.4373,15.78674],[76.43366,15.78765],[76.43084,15.7861],[76.42223,15.786],[76.42209,15.79097],[76.41727,15.79109],[76.41484,15.79169],[76.41506,15.79315],[76.41277,15.79645],[76.41273,15.80011],[76.41329,15.80239],[76.41295,15.8042],[76.41442,15.80515],[76.41666,15.80548],[76.41744,15.80671],[76.41919,15.80561],[76.42057,15.80565],[76.42115,15.80833],[76.42155,15.80829],[76.42251,15.81047],[76.42213,15.81144],[76.42238,15.81243],[76.42178,15.81229],[76.42186,15.81261],[76.4255,15.8134],[76.42667,15.81465],[76.42661,15.81584],[76.43636,15.82378],[76.43854,15.82443],[76.44231,15.82349],[76.44609,15.83366],[76.44886,15.83628],[76.44933,15.83979],[76.451,15.84379],[76.45127,15.84558],[76.45168,15.85525],[76.45422,15.86047],[76.45667,15.86171],[76.45678,15.86219],[76.46378,15.85825],[76.47706,15.85557],[76.47919,15.85405],[76.48424,15.85571],[76.49422,15.85389],[76.497,15.85569],[76.49812,15.85558],[76.4977,15.85708],[76.49795,15.85894],[76.50184,15.86596],[76.50542,15.86485],[76.51069,15.86522],[76.51525,15.86487],[76.51734,15.86587],[76.51859,15.86577],[76.52022,15.8649],[76.52039,15.86427],[76.5243,15.86308],[76.53119,15.86247],[76.53654,15.86114],[76.53999,15.85983],[76.53988,15.8585],[76.54075,15.85806],[76.56105,15.85445],[76.57129,15.85192],[76.5733,15.85819],[76.57395,15.85872],[76.5755,15.86591],[76.57783,15.87169],[76.57717,15.87197],[76.57999,15.8762],[76.58226,15.8852],[76.57959,15.88646],[76.57965,15.88779],[76.57845,15.88863],[76.57904,15.88907],[76.57941,15.89115],[76.57629,15.89207],[76.57716,15.89475],[76.57911,15.89797],[76.5776,15.90114],[76.57928,15.90606],[76.58061,15.90839],[76.58219,15.91459],[76.5834,15.91482],[76.59284,15.91175],[76.59613,15.91],[76.6002,15.90691],[76.60236,15.90409],[76.60197,15.90272],[76.60229,15.90049],[76.60324,15.89937],[76.60163,15.89479],[76.60013,15.88556],[76.60145,15.88485],[76.60389,15.88233],[76.60549,15.87802],[76.60942,15.87399],[76.61128,15.87262],[76.61669,15.87069]]]}}]}