{"type":"FeatureCollection","features":[{"type":"Feature","properties":{"unitId":685,"unitName":"Doddapete PS"},"geometry":{"type":"Polygon","coordinates":[[[75.57364,13.93089],[75.57396,13.92956],[75.57521,13.92972],[75.57658,13.92597],[75.578,13.92387],[75.57882,13.92162],[75.57815,13.92097],[75.57282,13.91694],[75.57086,13.91776],[75.57042,13.91634],[75.56856,13.91511],[75.56673,13.91309],[75.56516,13.91483],[75.56474,13.91469],[75.56481,13.91533],[75.55879,13.91574],[75.55643,13.91738],[75.55494,13.9204],[75.5551,13.92122],[75.55728,13.92237],[75.55678,13.92462],[75.55873,13.92605],[75.55766,13.92719],[75.55768,13.92972],[75.55539,13.93527],[75.55809,13.94142],[75.56025,13.94281],[75.56407,13.94391],[75.5672,13.94387],[75.56968,13.9375],[75.57204,13.93479],[75.57364,13.93089]]]}},{"type":"Feature","properties":{"unitId":686,"unitName":"Tunganagara PS"},"geometry":{"type":"Polygon","coordinates":[[[75.50854,13.96931],[75.50909,13.96661],[75.50967,13.96642],[75.51048,13.96667],[75.51144,13.96612],[75.51396,13.96652],[75.51496,13.96587],[75.51749,13.96784],[75.52715,13.96511],[75.52826,13.96499],[75.52983,13.96562],[75.53107,13.96476],[75.53135,13.96199],[75.53335,13.95609],[75.53227,13.95051],[75.53172,13.94993],[75.53945,13.94557],[75.54631,13.94229],[75.54654,13.9426],[75.55648,13.93762],[75.55547,13.9346],[75.55768,13.92972],[75.55766,13.92719],[75.55873,13.92605],[75.55678,13.92462],[75.55728,13.92237],[75.55539,13.92153],[75.55494,13.9204],[75.55643,13.91738],[75.55879,13.91574],[75.56481,13.91533],[75.56474,13.91469],[75.56516,13.91483],[75.56673,13.91309],[75.56856,13.91511],[75.57042,13.91634],[75.57086,13.91776],[75.57282,13.91694],[75.57815,13.92097],[75.58199,13.92456],[75.58317,13.92158],[75.58514,13.92229],[75.58739,13.9178],[75.58822,13.91524],[75.58816,13.91346],[75.59537,13.91452],[75.59703,13.91267],[75.61354,13.90296],[75.62223,13.89743],[75.6234,13.89622],[75.63267,13.89613],[75.63768,13.89528],[75.64188,13.89522],[75.64202,13.89371],[75.65177,13.89351],[75.65767,13.885],[75.65739,13.87941],[75.65696,13.87825],[75.65663,13.87865],[75.64864,13.87079],[75.64988,13.86807],[75.64105,13.86723],[75.63797,13.86327],[75.63672,13.85616],[75.63205,13.85216],[75.61851,13.84483],[75.61016,13.84302],[75.6079,13.84014],[75.60938,13.83272],[75.60556,13.82517],[75.6056,13.8194],[75.60423,13.819],[75.60517,13.81429],[75.60733,13.81033],[75.6047,13.80567],[75.60347,13.79539],[75.58997,13.79534],[75.60387,13.78743],[75.60685,13.77071],[75.60491,13.76108],[75.59928,13.76109],[75.59732,13.76037],[75.59431,13.76026],[75.59296,13.75964],[75.58909,13.75911],[75.58634,13.75978],[75.58537,13.75963],[75.5828,13.75774],[75.58082,13.75739],[75.57903,13.75772],[75.57628,13.75622],[75.57333,13.75668],[75.57269,13.75603],[75.57115,13.75618],[75.56977,13.75406],[75.56792,13.7536],[75.56847,13.75196],[75.56705,13.74073],[75.57014,13.7346],[75.56812,13.73447],[75.5608,13.72901],[75.55332,13.7289],[75.54194,13.7245],[75.52833,13.73106],[75.52528,13.73868],[75.52031,13.743],[75.522,13.75202],[75.51924,13.75174],[75.51813,13.75289],[75.51831,13.75374],[75.51694,13.75447],[75.51623,13.75433],[75.51579,13.75354],[75.51484,13.7535],[75.51353,13.75462],[75.51064,13.75556],[75.50996,13.75725],[75.50872,13.75847],[75.50876,13.75989],[75.50766,13.76098],[75.50858,13.76326],[75.50814,13.76461],[75.50782,13.76412],[75.50699,13.76467],[75.50628,13.76433],[75.50645,13.76531],[75.50593,13.76547],[75.50691,13.76772],[75.5184,13.77165],[75.524,13.77092],[75.52099,13.77297],[75.52095,13.78089],[75.527,13.78594],[75.5273,13.78984],[75.53301,13.79555],[75.54621,13.80085],[75.55163,13.80487],[75.54911,13.81577],[75.53915,13.82631],[75.52434,13.82595],[75.52437,13.82558],[75.52209,13.82483],[75.52305,13.82167],[75.52152,13.8193],[75.5176,13.81776],[75.5121,13.81466],[75.50481,13.80788],[75.50224,13.80403],[75.5016,13.80028],[75.50211,13.79736],[75.50333,13.79591],[75.49264,13.79632],[75.49193,13.79598],[75.48753,13.80838],[75.48816,13.80848],[75.48154,13.83576],[75.47726,13.84194],[75.4663,13.83574],[75.46069,13.83851],[75.45403,13.83588],[75.45052,13.82659],[75.44757,13.82654],[75.43014,13.84477],[75.42258,13.85349],[75.42204,13.85743],[75.41783,13.8653],[75.41788,13.8669],[75.41663,13.86859],[75.41753,13.86989],[75.41613,13.87177],[75.41573,13.87345],[75.41248,13.87704],[75.4119,13.87856],[75.41234,13.88248],[75.41058,13.88777],[75.41134,13.89011],[75.4126,13.89089],[75.41403,13.89429],[75.41664,13.89548],[75.42208,13.9029],[75.44157,13.89534],[75.47456,13.89716],[75.47551,13.90223],[75.47887,13.90831],[75.4865,13.91842],[75.48292,13.92691],[75.47285,13.93512],[75.47209,13.94317],[75.47213,13.95035],[75.47451,13.95901],[75.47253,13.96423],[75.47211,13.96725],[75.4861,13.96841],[75.49857,13.96882],[75.50682,13.96975],[75.50843,13.96975],[75.50854,13.96931]]]}},{"type":"Feature","properties":{"unitId":687,"unitName":"Kote PS"},"geometry":{"type":"Polygon","coordinates":[[[75.58428,13.9422],[75.58537,13.94154],[75.58578,13.94174],[75.58675,13.94058],[75.58776,13.9405],[75.58782,13.93897],[75.59087,13.9382],[75.59446,13.93393],[75.59285,13.93275],[75.59143,13.93048],[75.59078,13.93034],[75.59355,13.9269],[75.59483,13.92605],[75.59681,13.92222],[75.60076,13.91723],[75.59537,13.91452],[75.58816,13.91346],[75.58822,13.91524],[75.58739,13.9178],[75.58514,13.92229],[75.58317,13.92158],[75.58199,13.92456],[75.57882,13.92162],[75.57521,13.92972],[75.57396,13.92956],[75.57261,13.93354],[75.58229,13.94134],[75.58387,13.94236],[75.58428,13.9422]]]}},{"type":"Feature","properties":{"unitId":688,"unitName":"Jayanagar PS"},"geometry":{"type":"Polygon","coordinates":[[[75.58332,13.94436],[75.58578,13.94174],[75.58537,13.94154],[75.58387,13.94236],[75.57261,13.93354],[75.56968,13.9375],[75.56694,13.94469],[75.56482,13.94586],[75.56493,13.94965],[75.56697,13.94959],[75.57962,13.94686],[75.58148,13.946],[75.58332,13.94436]]]}},{"type":"Feature","properties":{"unitId":689,"unitName":"Shimogga Rural PS"},"geometry":{"type":"MultiPolygon","coordinates":[[[[75.64579,14.07469],[75.64706,14.07431],[75.65141,14.07109],[75.66019,14.06843],[75.66895,14.06792],[75.67084,14.06596],[75.67398,14.0657],[75.67892,14.0682],[75.68748,14.06925],[75.6903,14.07009],[75.69383,14.07203],[75.69786,14.07232],[75.70146,14.07198],[75.70142,14.07248],[75.70896,14.07257],[75.71744,14.07412],[75.71772,14.07467],[75.72552,14.07605],[75.72579,14.07574],[75.72726,14.0768],[75.73475,14.0674],[75.73699,14.06261],[75.737,14.05984],[75.7355,14.05754],[75.73192,14.05596],[75.72636,14.05526],[75.72026,14.05379],[75.71464,14.05372],[75.70969,14.05543],[75.70597,14.05552],[75.70212,14.05348],[75.6946,14.04509],[75.6901,14.03687],[75.68486,14.03478],[75.68318,14.03359],[75.67995,14.02683],[75.67629,14.01395],[75.67429,14.00893],[75.66923,14.00207],[75.66698,14.0004],[75.66441,13.9995],[75.65932,13.99242],[75.65909,13.99106],[75.65626,13.98744],[75.65522,13.98357],[75.65511,13.98095],[75.6492,13.9766],[75.64577,13.97495],[75.63889,13.97602],[75.63216,13.97622],[75.62982,13.97454],[75.6277,13.97091],[75.63479,13.96954],[75.63479,13.9683],[75.63898,13.96692],[75.63945,13.96433],[75.64495,13.9646],[75.64943,13.96078],[75.64883,13.94926],[75.6511,13.94248],[75.65572,13.9394],[75.6646,13.92729],[75.66967,13.91948],[75.67403,13.91911],[75.67375,13.91365],[75.67516,13.91178],[75.67115,13.9024],[75.67104,13.89696],[75.66199,13.89979],[75.65579,13.89972],[75.65578,13.89901],[75.65476,13.8978],[75.65484,13.89616],[75.65633,13.89296],[75.65707,13.89262],[75.66114,13.88555],[75.65767,13.885],[75.65177,13.89351],[75.64202,13.89371],[75.64188,13.89522],[75.63768,13.89528],[75.63267,13.89613],[75.6234,13.89622],[75.62223,13.89743],[75.59975,13.91094],[75.5955,13.91404],[75.59537,13.91452],[75.60076,13.91723],[75.59681,13.92222],[75.59483,13.92605],[75.59355,13.9269],[75.59078,13.93034],[75.59143,13.93048],[75.59285,13.93275],[75.59446,13.93393],[75.59087,13.9382],[75.58782,13.93897],[75.58776,13.9405],[75.58675,13.94058],[75.58148,13.946],[75.57962,13.94686],[75.57461,13.94787],[75.57551,13.95506],[75.57614,13.95582],[75.57841,13.95657],[75.57934,13.9608],[75.58018,13.96769],[75.57828,13.96803],[75.57832,13.97125],[75.57908,13.97154],[75.57911,13.97366],[75.58025,13.97633],[75.58033,13.97978],[75.58278,13.97976],[75.58578,13.9862],[75.58402,13.98664],[75.58274,13.9863],[75.58093,13.98353],[75.57821,13.98455],[75.5766,13.98465],[75.56931,13.98283],[75.5675,13.98174],[75.56478,13.98199],[75.56428,13.98294],[75.56223,13.98429],[75.562,13.98511],[75.55857,13.98466],[75.55767,13.98483],[75.55716,13.98601],[75.55155,13.98671],[75.54929,13.98662],[75.54916,13.98523],[75.5496,13.98507],[75.54887,13.98458],[75.54324,13.9846],[75.54311,13.97901],[75.54185,13.97833],[75.54097,13.97719],[75.54022,13.97705],[75.53688,13.97916],[75.53596,13.97874],[75.53536,13.97957],[75.53438,13.97972],[75.53671,13.97367],[75.53459,13.97012],[75.53187,13.97042],[75.53081,13.96494],[75.52983,13.96562],[75.52826,13.96499],[75.52686,13.96516],[75.5265,13.9656],[75.52258,13.96614],[75.51749,13.96784],[75.51496,13.96587],[75.51396,13.96652],[75.51144,13.96612],[75.51048,13.96667],[75.50967,13.96642],[75.50909,13.96661],[75.50843,13.96975],[75.47199,13.96739],[75.47407,13.97363],[75.47641,13.98434],[75.47683,13.98319],[75.48637,13.97999],[75.49603,13.98427],[75.50029,13.98386],[75.5006,13.98568],[75.50023,13.99212],[75.49885,13.99854],[75.49438,14.00166],[75.49262,14.00915],[75.50439,14.0077],[75.51211,14.00763],[75.51652,14.00911],[75.51596,14.01192],[75.52644,14.01606],[75.5323,14.0245],[75.53993,14.03787],[75.53475,14.03877],[75.52925,14.04991],[75.52656,14.0581],[75.53085,14.06639],[75.54628,14.07695],[75.54758,14.07653],[75.54775,14.07702],[75.554,14.07893],[75.55992,14.07347],[75.56881,14.06728],[75.572,14.06528],[75.57488,14.06456],[75.57807,14.063],[75.58031,14.06282],[75.58545,14.05835],[75.59077,14.06353],[75.59986,14.06125],[75.60142,14.05839],[75.60497,14.05739],[75.60886,14.05914],[75.60917,14.06019],[75.60933,14.05976],[75.61061,14.05974],[75.6118,14.06362],[75.61227,14.06367],[75.61303,14.0663],[75.61804,14.07717],[75.61765,14.07738],[75.63049,14.07459],[75.6325,14.07921],[75.63261,14.08062],[75.63535,14.08167],[75.64062,14.08133],[75.64053,14.08037],[75.64297,14.07845],[75.64441,14.07508],[75.64579,14.07469]]],[[[75.65918,13.8979],[75.65932,13.89691],[75.65691,13.8972],[75.65766,13.89759],[75.6577,13.89828],[75.65918,13.8979]]],[[[75.65705,13.89646],[75.657,13.89583],[75.65584,13.89601],[75.6562,13.89663],[75.65708,13.89682],[75.65705,13.89646]]],[[[75.65999,13.88902],[75.65952,13.88883],[75.65908,13.88937],[75.65901,13.89065],[75.65999,13.88902]]]]}},{"type":"Feature","properties":{"unitId":690,"unitName":"Vibanagara PS"},"geometry":{"type":"Polygon","coordinates":[[[75.58536,13.98461],[75.58278,13.97976],[75.58033,13.97978],[75.58025,13.97633],[75.57911,13.97366],[75.57908,13.97154],[75.57832,13.97125],[75.57828,13.96803],[75.58018,13.96769],[75.57934,13.9608],[75.57841,13.95657],[75.57614,13.95582],[75.57551,13.95506],[75.57461,13.94787],[75.56697,13.94959],[75.56493,13.94965],[75.56482,13.94586],[75.56694,13.94469],[75.5672,13.94387],[75.56407,13.94391],[75.55941,13.94234],[75.5577,13.94111],[75.55648,13.93762],[75.54654,13.9426],[75.54631,13.94229],[75.53945,13.94557],[75.53172,13.94993],[75.53227,13.95051],[75.53335,13.95609],[75.53233,13.95851],[75.53081,13.96494],[75.53187,13.97042],[75.53459,13.97012],[75.53606,13.97208],[75.53674,13.97388],[75.53438,13.97972],[75.53536,13.97957],[75.53596,13.97874],[75.53688,13.97916],[75.54022,13.97705],[75.54097,13.97719],[75.54185,13.97833],[75.54311,13.97901],[75.54324,13.9846],[75.54887,13.98458],[75.5496,13.98507],[75.54916,13.98523],[75.54929,13.98662],[75.55716,13.98601],[75.55767,13.98483],[75.55857,13.98466],[75.562,13.98511],[75.56223,13.98429],[75.56428,13.98294],[75.56478,13.98199],[75.5675,13.98174],[75.56931,13.98283],[75.5766,13.98465],[75.57821,13.98455],[75.58093,13.98353],[75.58225,13.98594],[75.58402,13.98664],[75.58578,13.9862],[75.58536,13.98461]]]}},{"type":"Feature","properties":{"unitId":691,"unitName":"Paper Town PS"},"geometry":{"type":"Polygon","coordinates":[[[75.71239,13.83244],[75.71396,13.83122],[75.71749,13.83291],[75.71956,13.83293],[75.72163,13.82881],[75.72246,13.82596],[75.72456,13.82595],[75.72896,13.82408],[75.73042,13.82419],[75.72916,13.81663],[75.72813,13.81693],[75.72782,13.81593],[75.72659,13.81532],[75.72625,13.81434],[75.72634,13.81128],[75.72686,13.81013],[75.72803,13.80959],[75.72702,13.80725],[75.71852,13.81111],[75.7161,13.81163],[75.71431,13.8081],[75.71122,13.80869],[75.71122,13.80776],[75.70946,13.80775],[75.70935,13.80609],[75.70693,13.80181],[75.70505,13.80177],[75.70321,13.80107],[75.70148,13.79882],[75.69878,13.79829],[75.69206,13.79997],[75.69025,13.79976],[75.68735,13.80055],[75.68045,13.80101],[75.67738,13.80203],[75.67684,13.80376],[75.67194,13.809],[75.67275,13.81306],[75.67774,13.81722],[75.67673,13.81864],[75.67705,13.82132],[75.67545,13.82293],[75.67451,13.82322],[75.67351,13.82523],[75.67251,13.82535],[75.67188,13.82908],[75.67892,13.83039],[75.68155,13.82978],[75.68242,13.83],[75.68428,13.82717],[75.69018,13.82148],[75.69537,13.82613],[75.69872,13.82702],[75.70891,13.82809],[75.70971,13.82863],[75.70989,13.82941],[75.70975,13.83124],[75.71024,13.83149],[75.70985,13.83311],[75.71109,13.83335],[75.71239,13.83244]]]}},{"type":"Feature","properties":{"unitId":692,"unitName":"Jannapura New Town PS"},"geometry":{"type":"Polygon","coordinates":[[[75.66345,13.88032],[75.66391,13.87953],[75.66412,13.87979],[75.67292,13.87711],[75.67377,13.8782],[75.67692,13.87827],[75.67689,13.87885],[75.67818,13.87933],[75.67893,13.87817],[75.68528,13.87769],[75.68695,13.87714],[75.68843,13.87547],[75.68922,13.87522],[75.68794,13.87367],[75.69172,13.86923],[75.69062,13.8681],[75.69418,13.86357],[75.69635,13.86213],[75.6942,13.85762],[75.69738,13.85671],[75.69502,13.8539],[75.69406,13.85144],[75.6938,13.84649],[75.69505,13.8453],[75.69703,13.84457],[75.69688,13.84243],[75.70941,13.84267],[75.70961,13.84197],[75.70887,13.84154],[75.70907,13.83978],[75.70977,13.8361],[75.71109,13.83335],[75.70985,13.83311],[75.71024,13.83149],[75.70975,13.83124],[75.70971,13.82863],[75.70598,13.8275],[75.69872,13.82702],[75.69537,13.82613],[75.69018,13.82148],[75.68428,13.82717],[75.68242,13.83],[75.68155,13.82978],[75.67892,13.83039],[75.67188,13.82908],[75.67363,13.83194],[75.67299,13.8337],[75.6731,13.83477],[75.66968,13.83412],[75.6645,13.83469],[75.66422,13.83373],[75.66188,13.83332],[75.66172,13.83403],[75.66026,13.83381],[75.65917,13.83326],[75.65784,13.83069],[75.65534,13.82835],[75.6551,13.8287],[75.6526,13.828],[75.64846,13.82776],[75.6482,13.82983],[75.64908,13.82999],[75.64945,13.83195],[75.65205,13.8318],[75.65451,13.83452],[75.65817,13.83703],[75.66297,13.83735],[75.66498,13.83716],[75.6656,13.83669],[75.66913,13.83682],[75.66944,13.83735],[75.67305,13.83811],[75.67291,13.83864],[75.6773,13.84083],[75.67578,13.85515],[75.66985,13.85581],[75.66813,13.85841],[75.66516,13.85932],[75.66076,13.86264],[75.64988,13.86807],[75.64864,13.87079],[75.65663,13.87865],[75.65696,13.87825],[75.65739,13.87941],[75.65767,13.885],[75.66077,13.88546],[75.66345,13.88032]]]}},{"type":"Feature","properties":{"unitId":693,"unitName":"Old Town Bhadravathi PS"},"geometry":{"type":"Polygon","coordinates":[[[75.71142,13.87068],[75.71245,13.87054],[75.71265,13.87137],[75.71373,13.87076],[75.71393,13.8715],[75.7157,13.8715],[75.71809,13.87031],[75.71645,13.86934],[75.71616,13.86835],[75.71665,13.86813],[75.71694,13.8659],[75.71545,13.86636],[75.71426,13.86437],[75.71385,13.86202],[75.71491,13.86091],[75.71448,13.85977],[75.71257,13.85854],[75.71159,13.85671],[75.7051,13.85135],[75.70726,13.85169],[75.70882,13.8465],[75.71093,13.84267],[75.70961,13.84197],[75.70904,13.84292],[75.69688,13.84243],[75.69703,13.84457],[75.69505,13.8453],[75.6938,13.84649],[75.69406,13.85144],[75.69636,13.85587],[75.69853,13.85764],[75.69974,13.86137],[75.70431,13.86623],[75.70465,13.86863],[75.70407,13.87011],[75.7038,13.87339],[75.7051,13.87381],[75.70604,13.8735],[75.71142,13.87068]]]}},{"type":"Feature","properties":{"unitId":694,"unitName":"Hosamane PS"},"geometry":{"type":"Polygon","coordinates":[[[75.73053,13.86861],[75.73237,13.86686],[75.72809,13.86236],[75.72678,13.86222],[75.72598,13.86012],[75.72754,13.8597],[75.72727,13.85865],[75.72847,13.85793],[75.72834,13.85704],[75.72919,13.85672],[75.73068,13.855],[75.73125,13.85413],[75.73095,13.85337],[75.72922,13.85216],[75.7274,13.85224],[75.72408,13.85008],[75.72329,13.84994],[75.72175,13.85097],[75.72089,13.85076],[75.71944,13.84859],[75.71851,13.84833],[75.71825,13.84316],[75.71955,13.84168],[75.72494,13.84036],[75.72452,13.83811],[75.72356,13.83776],[75.72285,13.8352],[75.72154,13.83396],[75.72292,13.8334],[75.7242,13.83378],[75.72628,13.83351],[75.72664,13.83249],[75.72543,13.82822],[75.72575,13.82773],[75.72535,13.82572],[75.72246,13.82596],[75.72163,13.82881],[75.71956,13.83293],[75.71749,13.83291],[75.71396,13.83122],[75.71115,13.83324],[75.70977,13.8361],[75.70887,13.84154],[75.71093,13.84267],[75.70882,13.8465],[75.70726,13.85169],[75.7051,13.85135],[75.71159,13.85671],[75.71257,13.85854],[75.71448,13.85977],[75.71491,13.86091],[75.71385,13.86202],[75.71399,13.86349],[75.71545,13.86636],[75.71694,13.8659],[75.71677,13.86687],[75.72061,13.86808],[75.72314,13.86808],[75.72313,13.87047],[75.72362,13.87144],[75.72595,13.87235],[75.72672,13.87226],[75.73053,13.86861]]]}},{"type":"Feature","properties":{"unitId":695,"unitName":"Holehonnur PS"},"geometry":{"type":"Polygon","coordinates":[[[75.75918,14.11062],[75.76786,14.10929],[75.76742,14.10495],[75.76828,14.10379],[75.76821,14.10161],[75.77192,14.10104],[75.78637,14.10117],[75.80415,14.09979],[75.81293,14.10376],[75.81361,14.09505],[75.81968,14.0838],[75.82275,14.074],[75.82019,14.07037],[75.82101,14.06364],[75.81465,14.05076],[75.8137,14.05014],[75.81234,14.04773],[75.81309,14.04757],[75.80211,14.04287],[75.79905,14.03351],[75.8031,14.02321],[75.80877,14.02405],[75.82166,14.01798],[75.82465,14.01794],[75.82535,14.0082],[75.82462,14.00643],[75.83201,13.98967],[75.83093,13.97488],[75.83274,13.96682],[75.8331,13.96704],[75.84171,13.94925],[75.85082,13.93301],[75.84719,13.9331],[75.83956,13.92919],[75.83039,13.91961],[75.82466,13.91515],[75.80238,13.91836],[75.79538,13.91784],[75.77816,13.92501],[75.77442,13.92459],[75.76247,13.92669],[75.76187,13.92722],[75.75464,13.92791],[75.75395,13.92893],[75.7525,13.92922],[75.75207,13.93129],[75.75051,13.93119],[75.74648,13.93222],[75.74322,13.9344],[75.74222,13.93444],[75.74147,13.93649],[75.74271,13.93728],[75.74194,13.93884],[75.74239,13.93934],[75.74194,13.93929],[75.74138,13.94012],[75.73937,13.93961],[75.73776,13.94006],[75.73703,13.93943],[75.73697,13.93866],[75.73615,13.93929],[75.72906,13.93561],[75.7262,13.93474],[75.72354,13.93459],[75.71987,13.93502],[75.71895,13.93575],[75.71858,13.93453],[75.71685,13.93423],[75.71659,13.93336],[75.71485,13.93542],[75.71365,13.9342],[75.71299,13.93434],[75.7128,13.93662],[75.71233,13.93712],[75.71075,13.93711],[75.71016,13.93557],[75.7093,13.92858],[75.70999,13.92724],[75.71373,13.92449],[75.71412,13.92286],[75.71362,13.92101],[75.71233,13.91899],[75.71216,13.91721],[75.70807,13.9161],[75.70682,13.91493],[75.70396,13.9145],[75.70375,13.91392],[75.69875,13.91402],[75.69909,13.91083],[75.69412,13.91165],[75.69254,13.91269],[75.68887,13.91393],[75.68419,13.91335],[75.67713,13.9175],[75.67375,13.91365],[75.67403,13.91911],[75.66967,13.91948],[75.6646,13.92729],[75.65572,13.9394],[75.6511,13.94248],[75.64883,13.94926],[75.64943,13.96078],[75.64495,13.9646],[75.63945,13.96433],[75.63898,13.96692],[75.63479,13.9683],[75.63479,13.96954],[75.6277,13.97091],[75.62982,13.97454],[75.63216,13.97622],[75.63889,13.97602],[75.64577,13.97495],[75.6492,13.9766],[75.65511,13.98095],[75.65522,13.98357],[75.65626,13.98744],[75.65909,13.99106],[75.65932,13.99242],[75.66441,13.9995],[75.66698,14.0004],[75.66923,14.00207],[75.67429,14.00893],[75.67629,14.01395],[75.67995,14.02683],[75.68318,14.03359],[75.68486,14.03478],[75.6901,14.03687],[75.6946,14.04509],[75.70212,14.05348],[75.70597,14.05552],[75.70969,14.05543],[75.71464,14.05372],[75.72026,14.05379],[75.72636,14.05526],[75.73192,14.05596],[75.7355,14.05754],[75.737,14.05984],[75.73699,14.06261],[75.73607,14.06516],[75.72745,14.07694],[75.72094,14.08344],[75.72466,14.0848],[75.72556,14.08451],[75.72978,14.08589],[75.73816,14.08728],[75.7394,14.10159],[75.75279,14.10203],[75.75495,14.1064],[75.75466,14.1083],[75.75515,14.10934],[75.75703,14.11055],[75.75918,14.11062]]]}},{"type":"Feature","properties":{"unitId":696,"unitName":"Kumsi PS"},"geometry":{"type":"Polygon","coordinates":[[[75.38221,14.1393],[75.3839,14.12933],[75.40085,14.1271],[75.39687,14.11822],[75.42153,14.11067],[75.42712,14.10975],[75.43739,14.10492],[75.44006,14.10257],[75.43865,14.09866],[75.44817,14.09817],[75.45553,14.09904],[75.46621,14.10473],[75.47701,14.09967],[75.48366,14.10133],[75.48559,14.10303],[75.48911,14.10314],[75.49073,14.09778],[75.49459,14.09837],[75.50028,14.09829],[75.50391,14.09905],[75.50632,14.09888],[75.50775,14.1007],[75.50928,14.10144],[75.51046,14.10145],[75.52241,14.0952],[75.52433,14.09356],[75.52477,14.09492],[75.52805,14.09325],[75.52862,14.09364],[75.5287,14.09531],[75.53056,14.09493],[75.53069,14.09618],[75.52977,14.09644],[75.52962,14.09707],[75.5314,14.09743],[75.53222,14.09675],[75.53139,14.09668],[75.5314,14.09606],[75.53215,14.0946],[75.53266,14.09448],[75.53239,14.09356],[75.53347,14.09102],[75.53304,14.09056],[75.53328,14.09013],[75.53433,14.08981],[75.5347,14.09029],[75.53613,14.08854],[75.53612,14.08758],[75.53754,14.08662],[75.53772,14.08569],[75.53913,14.08445],[75.53987,14.08449],[75.53878,14.08272],[75.54005,14.08173],[75.54038,14.08085],[75.54009,14.08024],[75.54133,14.07954],[75.54301,14.0803],[75.54628,14.07695],[75.53085,14.06639],[75.52656,14.0581],[75.52925,14.04991],[75.53475,14.03877],[75.53993,14.03787],[75.5323,14.0245],[75.52644,14.01606],[75.51596,14.01192],[75.51652,14.00911],[75.51211,14.00763],[75.50439,14.0077],[75.49262,14.00915],[75.49438,14.00166],[75.49885,13.99854],[75.50023,13.99212],[75.5006,13.98568],[75.50029,13.98386],[75.49603,13.98427],[75.48637,13.97999],[75.47683,13.98319],[75.47641,13.98434],[75.47407,13.97363],[75.47199,13.96739],[75.47253,13.96423],[75.47451,13.95901],[75.47213,13.95035],[75.47209,13.94317],[75.47285,13.93512],[75.48292,13.92691],[75.4865,13.91842],[75.47887,13.90831],[75.47551,13.90223],[75.47456,13.89716],[75.44157,13.89534],[75.42208,13.9029],[75.41664,13.89548],[75.41403,13.89429],[75.4126,13.89089],[75.41134,13.89011],[75.41058,13.88777],[75.41234,13.88248],[75.4119,13.87856],[75.41248,13.87704],[75.41573,13.87345],[75.41613,13.87177],[75.41753,13.86989],[75.41663,13.86859],[75.41788,13.8669],[75.41783,13.8653],[75.42204,13.85743],[75.42274,13.85434],[75.42257,13.85113],[75.4222,13.84914],[75.42141,13.84882],[75.4182,13.84963],[75.41348,13.84913],[75.41185,13.84997],[75.40906,13.84993],[75.40545,13.85148],[75.4043,13.8555],[75.4055,13.85754],[75.40549,13.85851],[75.40495,13.8588],[75.40425,13.85766],[75.40288,13.85688],[75.40153,13.85947],[75.40455,13.86712],[75.40389,13.86712],[75.40167,13.8655],[75.40007,13.8605],[75.39943,13.86063],[75.39712,13.86301],[75.39711,13.86805],[75.39809,13.87408],[75.39785,13.87565],[75.39855,13.87766],[75.39882,13.88317],[75.39817,13.88764],[75.397,13.88923],[75.39654,13.89094],[75.39649,13.89904],[75.39704,13.90114],[75.40026,13.90186],[75.40056,13.90277],[75.39993,13.90377],[75.39724,13.90393],[75.39746,13.90135],[75.39663,13.90121],[75.39622,13.9],[75.39516,13.8999],[75.38976,13.90641],[75.39366,13.91812],[75.37006,13.9258],[75.37146,13.9469],[75.36705,13.95425],[75.35454,13.95659],[75.35102,13.95661],[75.36199,13.97231],[75.36072,13.97413],[75.3598,13.97877],[75.35564,13.98802],[75.35169,13.99311],[75.35147,13.99538],[75.35221,13.99571],[75.35051,13.99699],[75.35047,13.99768],[75.35083,13.99772],[75.35045,14.00052],[75.34963,14.00069],[75.34821,14.00225],[75.35108,14.002],[75.35145,14.00241],[75.35064,14.00397],[75.35061,14.00712],[75.35342,14.00796],[75.35474,14.01294],[75.35594,14.01413],[75.35671,14.01913],[75.35729,14.02009],[75.34225,14.01784],[75.32928,14.02898],[75.31331,14.03568],[75.3127,14.03553],[75.31452,14.05033],[75.31559,14.05126],[75.3132,14.05634],[75.29864,14.07303],[75.2862,14.08392],[75.28009,14.07904],[75.26629,14.08626],[75.26716,14.09709],[75.27201,14.10225],[75.27371,14.10126],[75.27816,14.10085],[75.28279,14.11196],[75.29332,14.12574],[75.29374,14.12703],[75.30792,14.12643],[75.31579,14.10416],[75.32887,14.11103],[75.32908,14.11169],[75.34731,14.11014],[75.36565,14.11095],[75.3671,14.11291],[75.36671,14.11521],[75.36747,14.11524],[75.36888,14.11645],[75.37052,14.11935],[75.37175,14.11987],[75.37374,14.1272],[75.37641,14.12862],[75.37727,14.13178],[75.37916,14.13382],[75.37825,14.13509],[75.38131,14.13895],[75.38185,14.13876],[75.38221,14.1393]]]}},{"type":"Feature","properties":{"unitId":697,"unitName":"Shikaripura Rural PS"},"geometry":{"type":"Polygon","coordinates":[[[75.38055,14.36886],[75.38151,14.36863],[75.38371,14.36963],[75.38643,14.36858],[75.38741,14.36756],[75.39081,14.3664],[75.39414,14.36737],[75.39864,14.36463],[75.40339,14.35845],[75.40647,14.35688],[75.40917,14.3527],[75.41091,14.35246],[75.4134,14.35332],[75.41923,14.35249],[75.42329,14.35148],[75.42341,14.35099],[75.42712,14.34952],[75.42962,14.34903],[75.43227,14.34688],[75.43225,14.3456],[75.43517,14.34254],[75.44193,14.33996],[75.44331,14.33755],[75.44688,14.33591],[75.45083,14.33235],[75.45094,14.33285],[75.45506,14.32969],[75.45581,14.32783],[75.46374,14.32577],[75.4703,14.32295],[75.47733,14.31782],[75.47971,14.3261],[75.48017,14.33062],[75.47696,14.34096],[75.47666,14.34516],[75.48044,14.34518],[75.48137,14.34257],[75.48152,14.33993],[75.48781,14.3392],[75.48882,14.33919],[75.48941,14.34769],[75.49969,14.34368],[75.501,14.34377],[75.50046,14.34129],[75.50155,14.32597],[75.50537,14.31659],[75.50387,14.30774],[75.50819,14.30621],[75.50998,14.30483],[75.51488,14.30306],[75.51455,14.30291],[75.51673,14.30149],[75.51776,14.30142],[75.51852,14.29994],[75.51818,14.29941],[75.52088,14.29858],[75.52027,14.29603],[75.52177,14.29388],[75.52787,14.29082],[75.53363,14.29037],[75.53374,14.28994],[75.5339,14.28583],[75.53514,14.27754],[75.53053,14.27669],[75.52775,14.25847],[75.52694,14.24456],[75.5272,14.23906],[75.52856,14.23332],[75.52878,14.2303],[75.53003,14.22929],[75.52922,14.22944],[75.52937,14.22867],[75.52646,14.22872],[75.52762,14.22428],[75.52717,14.2178],[75.52807,14.21526],[75.52871,14.21512],[75.528,14.21251],[75.52817,14.20661],[75.52724,14.206],[75.527,14.20314],[75.52555,14.20304],[75.52436,14.20353],[75.52305,14.20287],[75.5219,14.20322],[75.52141,14.2028],[75.52002,14.20444],[75.51833,14.20548],[75.51876,14.20582],[75.51864,14.20686],[75.51795,14.20835],[75.51754,14.2088],[75.51678,14.20866],[75.51503,14.21003],[75.51377,14.21274],[75.5102,14.21449],[75.50719,14.21892],[75.50079,14.21822],[75.49489,14.21661],[75.47399,14.21383],[75.47362,14.21036],[75.46514,14.21024],[75.4533,14.2053],[75.46902,14.19204],[75.47122,14.19136],[75.484,14.17679],[75.46215,14.17268],[75.43848,14.15985],[75.43789,14.16036],[75.43274,14.15419],[75.42438,14.15027],[75.42306,14.15049],[75.42025,14.14136],[75.41661,14.14262],[75.40085,14.1271],[75.3839,14.12933],[75.38221,14.1393],[75.38185,14.13876],[75.38131,14.13895],[75.37825,14.13509],[75.37916,14.13382],[75.37727,14.13178],[75.37641,14.12862],[75.37374,14.1272],[75.37175,14.11987],[75.37052,14.11935],[75.36888,14.11645],[75.36747,14.11524],[75.36671,14.11521],[75.3671,14.11291],[75.36565,14.11095],[75.34731,14.11014],[75.32908,14.11169],[75.32887,14.11103],[75.31579,14.10416],[75.30792,14.12643],[75.29374,14.12703],[75.29543,14.13169],[75.29224,14.14151],[75.29164,14.14127],[75.28648,14.14617],[75.27736,14.15916],[75.27779,14.16057],[75.27401,14.1608],[75.27121,14.1616],[75.27484,14.18223],[75.27386,14.1854],[75.27078,14.18773],[75.26952,14.18762],[75.27036,14.18999],[75.26941,14.19052],[75.27098,14.1907],[75.27004,14.19255],[75.27066,14.19334],[75.27126,14.19327],[75.27099,14.1945],[75.27147,14.19488],[75.27257,14.19485],[75.27312,14.19391],[75.27437,14.19344],[75.27379,14.19644],[75.27653,14.19516],[75.27661,14.19625],[75.27551,14.1979],[75.27618,14.19805],[75.27725,14.19728],[75.27902,14.1979],[75.2796,14.19864],[75.2693,14.19809],[75.25853,14.21032],[75.25256,14.20152],[75.25237,14.1997],[75.24363,14.20269],[75.24217,14.20377],[75.23858,14.21057],[75.23208,14.21806],[75.22984,14.22164],[75.23646,14.23296],[75.24702,14.23529],[75.25952,14.24717],[75.26012,14.24972],[75.25561,14.25167],[75.24369,14.25885],[75.24339,14.25904],[75.24477,14.25997],[75.2253,14.27187],[75.22714,14.27423],[75.23044,14.28012],[75.23688,14.27902],[75.24265,14.27936],[75.24507,14.27889],[75.24512,14.27929],[75.24584,14.27925],[75.25377,14.28323],[75.25596,14.2855],[75.257,14.28547],[75.26021,14.28701],[75.2611,14.28793],[75.26042,14.28931],[75.25934,14.28926],[75.25929,14.2897],[75.2605,14.29012],[75.25976,14.29143],[75.2613,14.29112],[75.26177,14.29053],[75.2627,14.29102],[75.26353,14.29079],[75.26515,14.29184],[75.26733,14.29839],[75.26927,14.29996],[75.27064,14.30254],[75.27106,14.30412],[75.27067,14.30508],[75.27183,14.30622],[75.27168,14.30673],[75.27073,14.30712],[75.26947,14.30709],[75.26996,14.30845],[75.26951,14.30881],[75.2729,14.31521],[75.27271,14.32174],[75.27337,14.32514],[75.27397,14.3255],[75.27643,14.32975],[75.27796,14.33115],[75.29305,14.31476],[75.30341,14.30981],[75.30503,14.30469],[75.31676,14.30318],[75.32747,14.30109],[75.33331,14.3007],[75.3376,14.29959],[75.3388,14.29975],[75.34073,14.30105],[75.34102,14.3021],[75.34221,14.3026],[75.34707,14.30209],[75.3474,14.30512],[75.35144,14.30646],[75.35237,14.30845],[75.34615,14.30857],[75.3462,14.31004],[75.34775,14.31251],[75.34593,14.31499],[75.34225,14.31659],[75.34114,14.31615],[75.34054,14.31678],[75.33625,14.31688],[75.33459,14.32123],[75.33529,14.32242],[75.33381,14.32738],[75.34508,14.33317],[75.35097,14.3469],[75.35596,14.34967],[75.36777,14.36584],[75.3747,14.37035],[75.37745,14.37022],[75.38055,14.36886]],[[75.3341,14.28699],[75.33308,14.28616],[75.33175,14.28616],[75.33128,14.2846],[75.33248,14.28048],[75.33663,14.27743],[75.33655,14.2757],[75.3358,14.27526],[75.33397,14.2763],[75.33318,14.27457],[75.33365,14.27321],[75.33466,14.27205],[75.3354,14.27193],[75.33625,14.26567],[75.33575,14.26316],[75.32757,14.25338],[75.32784,14.25138],[75.32746,14.25106],[75.32946,14.25092],[75.33307,14.24862],[75.33625,14.24845],[75.33625,14.24894],[75.33757,14.24763],[75.33724,14.24167],[75.34388,14.24207],[75.34389,14.24293],[75.34717,14.24287],[75.34724,14.24079],[75.34684,14.24059],[75.34713,14.23862],[75.34864,14.23861],[75.3487,14.23751],[75.35012,14.2379],[75.35221,14.23753],[75.3523,14.23714],[75.35751,14.23651],[75.35801,14.23546],[75.35688,14.23296],[75.35413,14.23285],[75.35424,14.23215],[75.35348,14.23211],[75.35299,14.23014],[75.35452,14.23026],[75.35439,14.22958],[75.35623,14.22834],[75.35646,14.22683],[75.36533,14.2255],[75.36844,14.22925],[75.36749,14.23009],[75.36757,14.23098],[75.36802,14.23097],[75.36905,14.23637],[75.36954,14.23772],[75.37017,14.23782],[75.37152,14.24292],[75.37278,14.24127],[75.37521,14.24103],[75.37548,14.23989],[75.37714,14.23884],[75.37889,14.238],[75.38406,14.23729],[75.38815,14.23439],[75.39692,14.23429],[75.4003,14.23766],[75.3929,14.24453],[75.39204,14.25814],[75.38502,14.26057],[75.3822,14.2694],[75.38391,14.27369],[75.38379,14.27437],[75.37119,14.27189],[75.36851,14.2726],[75.3675,14.27249],[75.36693,14.27152],[75.36566,14.27196],[75.36565,14.27243],[75.36493,14.2718],[75.3638,14.27514],[75.36374,14.27928],[75.36271,14.28462],[75.35535,14.28357],[75.35394,14.28405],[75.35389,14.28331],[75.35309,14.28319],[75.35237,14.28393],[75.35049,14.28384],[75.35018,14.28064],[75.34943,14.28045],[75.34417,14.28148],[75.3434,14.28124],[75.34057,14.28359],[75.33806,14.2846],[75.33465,14.28743],[75.33436,14.2876],[75.3341,14.28699]]]}},{"type":"Feature","properties":{"unitId":698,"unitName":"Shikaripura Town PS"},"geometry":{"type":"Polygon","coordinates":[[[75.3359,14.2864],[75.33806,14.2846],[75.34068,14.28352],[75.3434,14.28124],[75.34417,14.28148],[75.34943,14.28045],[75.35018,14.28064],[75.35049,14.28384],[75.35237,14.28393],[75.35309,14.28319],[75.35389,14.28331],[75.35394,14.28405],[75.35535,14.28357],[75.36271,14.28462],[75.36374,14.27928],[75.3638,14.27514],[75.36493,14.2718],[75.36565,14.27243],[75.36566,14.27196],[75.36693,14.27152],[75.3675,14.27249],[75.36851,14.2726],[75.37119,14.27189],[75.38379,14.27437],[75.38391,14.27369],[75.3822,14.2694],[75.38502,14.26057],[75.39204,14.25814],[75.3929,14.24453],[75.4003,14.23766],[75.39692,14.23429],[75.38815,14.23439],[75.38406,14.23729],[75.37889,14.238],[75.37714,14.23884],[75.37548,14.23989],[75.37521,14.24103],[75.37278,14.24127],[75.37152,14.24292],[75.37017,14.23782],[75.36954,14.23772],[75.36905,14.23637],[75.36802,14.23097],[75.36757,14.23098],[75.36749,14.23009],[75.36844,14.22925],[75.36533,14.2255],[75.35646,14.22683],[75.35623,14.22834],[75.35439,14.22958],[75.35452,14.23026],[75.35299,14.23014],[75.35348,14.23211],[75.35424,14.23215],[75.35413,14.23285],[75.35688,14.23296],[75.35801,14.23546],[75.35751,14.23651],[75.3523,14.23714],[75.35221,14.23753],[75.35012,14.2379],[75.3487,14.23751],[75.34864,14.23861],[75.34713,14.23862],[75.34684,14.24059],[75.34724,14.24079],[75.34717,14.24287],[75.34389,14.24293],[75.34388,14.24207],[75.33724,14.24167],[75.33757,14.24763],[75.33625,14.24894],[75.33625,14.24845],[75.33307,14.24862],[75.32946,14.25092],[75.32746,14.25106],[75.32784,14.25138],[75.32757,14.25338],[75.33575,14.26316],[75.33625,14.26567],[75.3354,14.27193],[75.33466,14.27205],[75.33365,14.27321],[75.33318,14.27457],[75.33397,14.2763],[75.3358,14.27526],[75.33655,14.2757],[75.33663,14.27743],[75.33248,14.28048],[75.33128,14.2846],[75.33175,14.28616],[75.33347,14.28632],[75.33436,14.2876],[75.3359,14.2864]]]}},{"type":"Feature","properties":{"unitId":699,"unitName":"Shiralakoppa PS"},"geometry":{"type":"Polygon","coordinates":[[[75.26375,14.51635],[75.27396,14.51076],[75.27403,14.51106],[75.27625,14.51051],[75.2775,14.51248],[75.27814,14.51266],[75.27856,14.51195],[75.27985,14.51206],[75.2802,14.51166],[75.2799,14.51218],[75.2811,14.5128],[75.28291,14.51255],[75.2822,14.5141],[75.2867,14.5139],[75.28702,14.51132],[75.29092,14.51128],[75.29158,14.51065],[75.29506,14.51113],[75.30137,14.51076],[75.30647,14.51242],[75.31056,14.51293],[75.31731,14.51334],[75.32136,14.51277],[75.32456,14.50981],[75.3257,14.50622],[75.32525,14.50455],[75.32642,14.5028],[75.3272,14.49723],[75.32901,14.49585],[75.32879,14.49526],[75.33132,14.49364],[75.33562,14.49254],[75.34636,14.48561],[75.34602,14.48379],[75.34508,14.48258],[75.34389,14.4795],[75.34105,14.47565],[75.34033,14.46857],[75.34112,14.46547],[75.34321,14.46424],[75.3429,14.46401],[75.34334,14.46361],[75.34448,14.46338],[75.34466,14.46251],[75.34519,14.4629],[75.34566,14.46258],[75.34558,14.46169],[75.34694,14.45853],[75.34704,14.45669],[75.34615,14.45607],[75.3426,14.45046],[75.3425,14.44294],[75.34197,14.44013],[75.34002,14.43908],[75.33912,14.43743],[75.3406,14.43754],[75.34029,14.43641],[75.34248,14.43558],[75.3448,14.43396],[75.35535,14.4319],[75.35504,14.42877],[75.35876,14.43164],[75.35782,14.43472],[75.35884,14.43791],[75.35994,14.43834],[75.3613,14.44029],[75.36478,14.44158],[75.36611,14.44118],[75.3659,14.44004],[75.3679,14.43955],[75.37525,14.4357],[75.37707,14.43519],[75.378,14.43438],[75.38034,14.43455],[75.38225,14.43371],[75.3814,14.42177],[75.38032,14.41929],[75.38046,14.41507],[75.37762,14.40748],[75.36529,14.411],[75.36251,14.41074],[75.35901,14.40911],[75.35625,14.4061],[75.35461,14.40065],[75.34936,14.38881],[75.36333,14.38093],[75.37003,14.37298],[75.3747,14.37035],[75.36777,14.36584],[75.35596,14.34967],[75.35097,14.3469],[75.34508,14.33317],[75.33381,14.32738],[75.33529,14.32242],[75.33459,14.32123],[75.33625,14.31688],[75.34054,14.31678],[75.34114,14.31615],[75.34225,14.31659],[75.34593,14.31499],[75.34775,14.31251],[75.3462,14.31004],[75.34615,14.30857],[75.35237,14.30845],[75.35144,14.30646],[75.3474,14.30512],[75.34707,14.30209],[75.34221,14.3026],[75.34102,14.3021],[75.34073,14.30105],[75.3388,14.29975],[75.3376,14.29959],[75.33331,14.3007],[75.32747,14.30109],[75.31676,14.30318],[75.30503,14.30469],[75.30341,14.30981],[75.29305,14.31476],[75.27796,14.33115],[75.27643,14.32975],[75.27397,14.3255],[75.27337,14.32514],[75.27271,14.32174],[75.2729,14.31521],[75.26946,14.3087],[75.26711,14.30908],[75.26609,14.31068],[75.26622,14.31205],[75.265,14.31285],[75.26482,14.3138],[75.26343,14.31431],[75.26344,14.31562],[75.26221,14.31608],[75.26226,14.31711],[75.2611,14.31865],[75.26048,14.31898],[75.25847,14.31878],[75.25773,14.32024],[75.2566,14.32091],[75.2551,14.3202],[75.25377,14.3219],[75.25297,14.32219],[75.24922,14.32243],[75.24657,14.32471],[75.24394,14.32623],[75.24425,14.32661],[75.24262,14.339],[75.24343,14.34657],[75.23703,14.35317],[75.23517,14.35478],[75.23197,14.35456],[75.22074,14.35541],[75.22393,14.35719],[75.22904,14.3673],[75.23157,14.37475],[75.23298,14.37437],[75.23737,14.37575],[75.23795,14.37644],[75.23804,14.37516],[75.23864,14.37515],[75.23893,14.37647],[75.23992,14.3762],[75.23971,14.37713],[75.24044,14.37713],[75.24079,14.3763],[75.2413,14.37622],[75.24166,14.37702],[75.24112,14.37743],[75.24142,14.37784],[75.23964,14.37897],[75.23929,14.38025],[75.23786,14.38206],[75.23662,14.38608],[75.23394,14.38593],[75.23283,14.38502],[75.23201,14.38535],[75.23148,14.3871],[75.23058,14.38784],[75.23077,14.38938],[75.23156,14.38928],[75.23172,14.39187],[75.23107,14.39325],[75.22953,14.39347],[75.22852,14.39293],[75.22781,14.39394],[75.2259,14.39374],[75.22518,14.39514],[75.22407,14.39397],[75.21936,14.39383],[75.21819,14.39425],[75.21833,14.39764],[75.21784,14.39816],[75.21773,14.39971],[75.21687,14.40022],[75.21601,14.39964],[75.21561,14.40014],[75.21418,14.39985],[75.21186,14.39833],[75.21007,14.39801],[75.20941,14.39854],[75.20778,14.39814],[75.20522,14.39835],[75.20463,14.39982],[75.20357,14.4003],[75.20327,14.40161],[75.20211,14.40107],[75.20145,14.40391],[75.20011,14.4037],[75.20082,14.40519],[75.19979,14.4052],[75.19928,14.40596],[75.19805,14.4059],[75.19727,14.40551],[75.19843,14.40506],[75.19819,14.40469],[75.19675,14.40487],[75.19607,14.40447],[75.19491,14.40492],[75.19415,14.4066],[75.19332,14.40655],[75.19294,14.40565],[75.19252,14.40576],[75.19227,14.4065],[75.19147,14.40693],[75.19135,14.40776],[75.19222,14.40832],[75.19254,14.40921],[75.19146,14.40907],[75.19041,14.4099],[75.19027,14.41216],[75.18825,14.41276],[75.18769,14.41366],[75.18596,14.41356],[75.18815,14.40908],[75.18959,14.40758],[75.1902,14.40609],[75.19139,14.39854],[75.18927,14.39462],[75.18997,14.39231],[75.18909,14.38865],[75.18455,14.3842],[75.18391,14.38404],[75.18389,14.38353],[75.18232,14.38348],[75.18202,14.3831],[75.18261,14.38281],[75.18162,14.38201],[75.18171,14.38154],[75.18039,14.38113],[75.1749,14.38352],[75.17392,14.38348],[75.16728,14.38735],[75.16579,14.39427],[75.16714,14.39442],[75.1656,14.39593],[75.16657,14.40077],[75.166,14.41155],[75.16514,14.41376],[75.1591,14.41379],[75.15896,14.41459],[75.15716,14.41648],[75.15559,14.41656],[75.15515,14.41597],[75.15359,14.41906],[75.15259,14.41895],[75.15206,14.41942],[75.15212,14.42328],[75.15152,14.42437],[75.15198,14.42558],[75.15069,14.42708],[75.15073,14.42815],[75.15172,14.42999],[75.15064,14.43108],[75.15003,14.43107],[75.14986,14.43164],[75.15415,14.43175],[75.15821,14.43093],[75.15944,14.43141],[75.16024,14.42977],[75.15943,14.42877],[75.16024,14.42785],[75.16007,14.42687],[75.16314,14.42647],[75.16336,14.4276],[75.1643,14.42796],[75.16484,14.42647],[75.16451,14.42507],[75.16807,14.42371],[75.1687,14.42422],[75.16992,14.42421],[75.16995,14.42334],[75.17113,14.42315],[75.17089,14.42412],[75.17154,14.424],[75.17129,14.42429],[75.17311,14.42588],[75.17349,14.42835],[75.17591,14.42971],[75.1765,14.43157],[75.17743,14.43206],[75.17735,14.43299],[75.17794,14.4332],[75.17789,14.43439],[75.17751,14.43461],[75.17785,14.43611],[75.17869,14.43637],[75.17811,14.43672],[75.17798,14.43772],[75.17842,14.43818],[75.18164,14.44154],[75.18943,14.44721],[75.19495,14.44823],[75.19562,14.46227],[75.19643,14.46243],[75.19626,14.46295],[75.19713,14.46295],[75.19762,14.46404],[75.20345,14.46437],[75.20651,14.46515],[75.20489,14.46816],[75.20729,14.47338],[75.20877,14.47481],[75.20906,14.4764],[75.21047,14.47592],[75.21493,14.47913],[75.22219,14.48022],[75.22422,14.48153],[75.22442,14.48235],[75.2267,14.48281],[75.23122,14.48624],[75.23499,14.48651],[75.23757,14.48604],[75.24048,14.48683],[75.24075,14.48734],[75.2442,14.48784],[75.24388,14.4893],[75.24525,14.49057],[75.24515,14.49301],[75.24957,14.49417],[75.25105,14.49591],[75.25177,14.49614],[75.25006,14.49956],[75.24856,14.49977],[75.24851,14.50154],[75.24672,14.50136],[75.24665,14.5025],[75.24737,14.50272],[75.24769,14.50379],[75.24474,14.50919],[75.24492,14.51397],[75.25441,14.51669],[75.25532,14.51609],[75.25971,14.51756],[75.26198,14.5172],[75.26375,14.51635]]]}},{"type":"Feature","properties":{"unitId":700,"unitName":"Anavatti PS"},"geometry":{"type":"Polygon","coordinates":[[[75.08922,14.65201],[75.09806,14.65239],[75.09931,14.65292],[75.10159,14.64394],[75.10719,14.64318],[75.11393,14.64108],[75.11664,14.63957],[75.11921,14.63535],[75.12144,14.63293],[75.12463,14.63063],[75.13096,14.63108],[75.13474,14.63195],[75.13529,14.63292],[75.1369,14.63379],[75.13964,14.63432],[75.14223,14.63391],[75.14205,14.63261],[75.14273,14.6305],[75.14225,14.6292],[75.143,14.62364],[75.14334,14.62354],[75.14335,14.62042],[75.14694,14.62149],[75.14849,14.62387],[75.15079,14.62606],[75.15336,14.62623],[75.15417,14.62471],[75.15616,14.6228],[75.15822,14.61751],[75.15992,14.617],[75.16121,14.61703],[75.16268,14.61796],[75.16449,14.62078],[75.1653,14.62578],[75.165,14.62682],[75.16295,14.6277],[75.16463,14.63255],[75.16793,14.63339],[75.16948,14.63462],[75.17569,14.63098],[75.18071,14.627],[75.18215,14.62464],[75.18458,14.62346],[75.1881,14.62308],[75.19448,14.62404],[75.19585,14.6228],[75.1966,14.62278],[75.20015,14.62625],[75.20243,14.62775],[75.20309,14.63046],[75.20062,14.63403],[75.20015,14.63568],[75.20106,14.63939],[75.20191,14.63904],[75.20162,14.63861],[75.20265,14.63766],[75.20384,14.6371],[75.20458,14.6381],[75.2054,14.63804],[75.2064,14.63672],[75.20713,14.63696],[75.20792,14.63622],[75.20754,14.6355],[75.20602,14.63584],[75.20532,14.63515],[75.2053,14.63405],[75.20604,14.63364],[75.20652,14.63434],[75.20731,14.63423],[75.20867,14.63353],[75.20805,14.63318],[75.20849,14.6321],[75.2082,14.63124],[75.20672,14.63072],[75.20713,14.62934],[75.20842,14.62936],[75.2083,14.6287],[75.20702,14.62748],[75.20827,14.62639],[75.20948,14.62829],[75.20996,14.62817],[75.21033,14.62749],[75.20945,14.62656],[75.21069,14.62351],[75.21028,14.6235],[75.2106,14.62333],[75.21053,14.62063],[75.21002,14.61797],[75.20841,14.6164],[75.20767,14.61489],[75.20572,14.60815],[75.20527,14.5975],[75.19849,14.59663],[75.19498,14.59764],[75.19338,14.59929],[75.18536,14.59986],[75.18536,14.59922],[75.18121,14.59784],[75.18394,14.58587],[75.18987,14.58495],[75.19781,14.58249],[75.19719,14.57747],[75.19901,14.57597],[75.20464,14.57288],[75.20457,14.57231],[75.20593,14.57241],[75.20742,14.57178],[75.21045,14.57253],[75.21109,14.57496],[75.21216,14.57614],[75.21359,14.57682],[75.21472,14.57637],[75.21595,14.57739],[75.21699,14.57746],[75.21828,14.57906],[75.21901,14.57914],[75.21899,14.57962],[75.22036,14.58057],[75.21991,14.58236],[75.22099,14.58396],[75.22088,14.58481],[75.2253,14.5852],[75.22562,14.58444],[75.22873,14.58311],[75.2294,14.58052],[75.22892,14.58013],[75.23095,14.5791],[75.22935,14.57635],[75.22819,14.5754],[75.2278,14.57432],[75.22819,14.57395],[75.22747,14.57347],[75.2255,14.56706],[75.22917,14.56146],[75.22823,14.56125],[75.234,14.55712],[75.23477,14.55572],[75.23975,14.55802],[75.24006,14.55565],[75.24094,14.55534],[75.24132,14.55573],[75.24178,14.55816],[75.24247,14.55878],[75.24233,14.56072],[75.24325,14.56397],[75.24365,14.56417],[75.24314,14.5671],[75.24413,14.56723],[75.24527,14.5667],[75.24391,14.57772],[75.24696,14.5797],[75.24896,14.57986],[75.24853,14.58057],[75.24942,14.58108],[75.26538,14.58087],[75.26534,14.5796],[75.26579,14.57973],[75.26545,14.57852],[75.26967,14.57384],[75.27031,14.57249],[75.27515,14.56996],[75.27384,14.56884],[75.2757,14.56817],[75.27556,14.5675],[75.27388,14.56765],[75.27391,14.56587],[75.2752,14.56596],[75.27654,14.5651],[75.27635,14.56425],[75.27905,14.56368],[75.28106,14.56144],[75.28231,14.56135],[75.28333,14.56065],[75.28438,14.5614],[75.28502,14.56131],[75.28653,14.55951],[75.28715,14.55749],[75.28897,14.55586],[75.28978,14.55622],[75.28989,14.55417],[75.29108,14.55249],[75.29004,14.55032],[75.29028,14.55004],[75.2913,14.55058],[75.29274,14.54791],[75.29353,14.5485],[75.29448,14.5474],[75.29476,14.5468],[75.29432,14.54616],[75.29524,14.5451],[75.29493,14.54435],[75.29307,14.54413],[75.2937,14.5432],[75.29453,14.54302],[75.29505,14.54368],[75.29572,14.54338],[75.2959,14.54177],[75.29772,14.54042],[75.29763,14.53961],[75.29674,14.53944],[75.29611,14.5402],[75.29579,14.53997],[75.29644,14.53932],[75.29592,14.53907],[75.29616,14.53794],[75.29532,14.53809],[75.29561,14.53691],[75.29408,14.537],[75.29505,14.53563],[75.29447,14.53531],[75.29447,14.53476],[75.29377,14.53456],[75.29317,14.53557],[75.29351,14.53426],[75.2916,14.53399],[75.29064,14.53172],[75.28964,14.53144],[75.289,14.53174],[75.28921,14.5326],[75.28852,14.53311],[75.28783,14.53297],[75.28665,14.5311],[75.28705,14.53055],[75.28663,14.52987],[75.28542,14.53008],[75.28497,14.52934],[75.2847,14.53162],[75.28306,14.53167],[75.28253,14.53231],[75.2805,14.53259],[75.27951,14.53503],[75.27682,14.53393],[75.27305,14.5312],[75.27027,14.52749],[75.26828,14.52799],[75.26891,14.52612],[75.26994,14.52536],[75.26894,14.52254],[75.26888,14.51818],[75.2672,14.51433],[75.26198,14.5172],[75.25971,14.51756],[75.25532,14.51609],[75.25441,14.51669],[75.24492,14.51397],[75.24474,14.50919],[75.24769,14.50379],[75.24737,14.50272],[75.24665,14.5025],[75.24672,14.50136],[75.24851,14.50154],[75.24856,14.49977],[75.25006,14.49956],[75.25177,14.49614],[75.25105,14.49591],[75.24957,14.49417],[75.24515,14.49301],[75.24525,14.49057],[75.24388,14.4893],[75.2442,14.48784],[75.24075,14.48734],[75.24048,14.48683],[75.23757,14.48604],[75.23499,14.48651],[75.23122,14.48624],[75.2267,14.48281],[75.22442,14.48235],[75.22422,14.48153],[75.22219,14.48022],[75.21493,14.47913],[75.21047,14.47592],[75.20906,14.4764],[75.20877,14.47481],[75.20729,14.47338],[75.20489,14.46816],[75.20651,14.46515],[75.20345,14.46437],[75.19762,14.46404],[75.19713,14.46295],[75.19626,14.46295],[75.19643,14.46243],[75.19562,14.46227],[75.19495,14.44823],[75.18943,14.44721],[75.18136,14.45127],[75.17577,14.45317],[75.17468,14.46162],[75.17601,14.47038],[75.16862,14.46709],[75.16874,14.46651],[75.16774,14.46619],[75.15775,14.46567],[75.15438,14.46474],[75.14829,14.47105],[75.1469,14.48095],[75.14317,14.48129],[75.14312,14.48061],[75.14254,14.48054],[75.14198,14.47952],[75.14105,14.47988],[75.14043,14.478],[75.13986,14.4783],[75.14037,14.47782],[75.13999,14.47695],[75.13892,14.47738],[75.1387,14.47688],[75.13892,14.47833],[75.1382,14.47831],[75.13821,14.4779],[75.13744,14.47766],[75.13796,14.47674],[75.13654,14.47288],[75.13982,14.46959],[75.13984,14.469],[75.13802,14.4691],[75.13708,14.46867],[75.13675,14.46727],[75.13516,14.46719],[75.13424,14.4651],[75.13403,14.46219],[75.13366,14.46179],[75.13322,14.46156],[75.13159,14.46303],[75.13039,14.46313],[75.13039,14.46114],[75.13269,14.45999],[75.13263,14.45958],[75.1311,14.45977],[75.13057,14.45933],[75.13066,14.45747],[75.13139,14.45578],[75.13045,14.45505],[75.13029,14.45292],[75.13194,14.44995],[75.13026,14.45041],[75.12971,14.44991],[75.13176,14.44847],[75.13221,14.44573],[75.12961,14.44512],[75.12948,14.44443],[75.13038,14.44357],[75.12934,14.44189],[75.12835,14.44176],[75.12746,14.44252],[75.12727,14.44109],[75.12621,14.43977],[75.12731,14.43932],[75.12736,14.43798],[75.1263,14.4371],[75.1271,14.4361],[75.12646,14.43581],[75.12664,14.43515],[75.12704,14.43448],[75.12823,14.43442],[75.12816,14.4339],[75.12716,14.43325],[75.12705,14.43223],[75.12581,14.4318],[75.12586,14.43077],[75.12765,14.42989],[75.12753,14.42955],[75.12616,14.42959],[75.12693,14.42785],[75.12672,14.42654],[75.13155,14.42429],[75.13134,14.42402],[75.1334,14.42224],[75.13422,14.42025],[75.13575,14.41901],[75.13613,14.41785],[75.13758,14.41724],[75.13812,14.41563],[75.13743,14.41463],[75.13331,14.41438],[75.12689,14.4125],[75.12246,14.41393],[75.12336,14.41161],[75.12262,14.41038],[75.12268,14.40958],[75.12392,14.40646],[75.12413,14.40108],[75.12033,14.39559],[75.11387,14.39915],[75.10747,14.40157],[75.1067,14.40256],[75.10661,14.40336],[75.10756,14.40494],[75.10808,14.40486],[75.10812,14.40558],[75.10711,14.40585],[75.10673,14.40755],[75.10827,14.4075],[75.10876,14.40935],[75.11024,14.40884],[75.11084,14.40906],[75.11097,14.40975],[75.10982,14.41008],[75.11023,14.41094],[75.11186,14.41099],[75.11241,14.41056],[75.11426,14.41126],[75.11441,14.41215],[75.11511,14.41224],[75.11539,14.41288],[75.11403,14.41381],[75.11577,14.41425],[75.11569,14.41578],[75.11632,14.416],[75.1161,14.41676],[75.11724,14.41693],[75.11659,14.41801],[75.11834,14.41823],[75.11578,14.42026],[75.11175,14.42142],[75.11178,14.42284],[75.11076,14.42315],[75.11117,14.42385],[75.10914,14.42443],[75.10905,14.42677],[75.1098,14.42847],[75.10627,14.42957],[75.10324,14.42914],[75.09954,14.42977],[75.09959,14.43166],[75.09716,14.43165],[75.0816,14.42579],[75.07848,14.43112],[75.08261,14.43641],[75.08234,14.43751],[75.08339,14.43757],[75.08615,14.43917],[75.08481,14.43981],[75.08513,14.44058],[75.08567,14.44032],[75.08566,14.44089],[75.08621,14.44102],[75.08787,14.44027],[75.08807,14.43872],[75.08894,14.43918],[75.09077,14.43869],[75.09147,14.44007],[75.09151,14.44204],[75.09107,14.44261],[75.09808,14.44938],[75.0932,14.45509],[75.09232,14.45533],[75.08517,14.46078],[75.08283,14.4606],[75.07216,14.46788],[75.07109,14.46419],[75.0639,14.46206],[75.06121,14.46223],[75.05844,14.46138],[75.05754,14.45874],[75.05875,14.45899],[75.06072,14.4583],[75.06463,14.45853],[75.06644,14.45808],[75.06729,14.45694],[75.06534,14.45647],[75.0596,14.45632],[75.05795,14.45587],[75.05654,14.45435],[75.05729,14.44663],[75.06549,14.44206],[75.06487,14.43372],[75.06322,14.43405],[75.06165,14.43286],[75.06142,14.43351],[75.05426,14.43297],[75.0524,14.43337],[75.05237,14.43379],[75.04919,14.43429],[75.04429,14.4332],[75.04118,14.43304],[75.03981,14.43407],[75.0383,14.4366],[75.03866,14.44016],[75.03623,14.44269],[75.03586,14.44257],[75.03725,14.45133],[75.03707,14.45434],[75.03745,14.45535],[75.03705,14.45682],[75.0377,14.45892],[75.03759,14.46112],[75.03398,14.46115],[75.0337,14.46055],[75.0329,14.4609],[75.03113,14.46204],[75.03037,14.46436],[75.03079,14.47359],[75.03429,14.48114],[75.03451,14.48463],[75.03198,14.4864],[75.03009,14.48677],[75.02921,14.4883],[75.02663,14.49028],[75.02538,14.48985],[75.02301,14.49383],[75.0197,14.49672],[75.0245,14.49771],[75.02628,14.49915],[75.02705,14.49884],[75.02935,14.49916],[75.03089,14.50026],[75.03637,14.49968],[75.04096,14.50011],[75.04108,14.50312],[75.04039,14.50678],[75.04193,14.50827],[75.04252,14.51518],[75.04132,14.51665],[75.04166,14.51681],[75.04114,14.5227],[75.03768,14.52866],[75.04708,14.53204],[75.04974,14.53235],[75.05214,14.5338],[75.05279,14.53465],[75.0533,14.53867],[75.05548,14.5403],[75.05865,14.54084],[75.05845,14.54217],[75.06019,14.54268],[75.05998,14.54382],[75.0607,14.54441],[75.05701,14.54592],[75.05578,14.54808],[75.05483,14.54861],[75.0537,14.54842],[75.0511,14.54669],[75.04442,14.5457],[75.04006,14.54866],[75.03899,14.55247],[75.03752,14.5536],[75.03578,14.55759],[75.03465,14.55903],[75.02923,14.56096],[75.02376,14.56072],[75.0238,14.5613],[75.02434,14.56144],[75.02287,14.5617],[75.02251,14.56256],[75.02354,14.56356],[75.02206,14.56417],[75.02235,14.565],[75.02289,14.56512],[75.02201,14.56579],[75.02221,14.56664],[75.02144,14.56755],[75.02213,14.56824],[75.02143,14.56844],[75.02117,14.569],[75.0216,14.5696],[75.02061,14.57127],[75.02064,14.57439],[75.02294,14.57515],[75.02336,14.57449],[75.02464,14.57519],[75.02417,14.57595],[75.02564,14.57695],[75.02487,14.57801],[75.02339,14.57828],[75.02316,14.57913],[75.02367,14.57921],[75.02406,14.58056],[75.02516,14.5813],[75.0263,14.58121],[75.02616,14.58219],[75.02727,14.58259],[75.02786,14.5846],[75.02717,14.58567],[75.02638,14.58589],[75.02542,14.59062],[75.02552,14.59638],[75.02429,14.59867],[75.02484,14.59956],[75.02462,14.60102],[75.02319,14.60121],[75.02295,14.60193],[75.02375,14.60281],[75.02354,14.60367],[75.02563,14.60498],[75.02518,14.60607],[75.02461,14.60566],[75.02416,14.60595],[75.02437,14.60656],[75.02382,14.60718],[75.02434,14.60804],[75.02551,14.60747],[75.02638,14.60875],[75.02723,14.61205],[75.02692,14.61314],[75.02734,14.6132],[75.02752,14.6158],[75.03471,14.62728],[75.03714,14.63177],[75.03695,14.63311],[75.03896,14.63473],[75.03954,14.63685],[75.04083,14.63799],[75.04098,14.6389],[75.04229,14.63882],[75.04623,14.64095],[75.05024,14.64174],[75.05075,14.64482],[75.05052,14.64657],[75.0524,14.6486],[75.06016,14.65114],[75.06061,14.65038],[75.06137,14.65034],[75.06523,14.65068],[75.06933,14.65171],[75.06949,14.65127],[75.06951,14.65174],[75.07464,14.65377],[75.07938,14.65289],[75.08922,14.65201]]]}},{"type":"Feature","properties":{"unitId":701,"unitName":"Soraba PS"},"geometry":{"type":"Polygon","coordinates":[[[74.96226,14.55103],[74.96675,14.55131],[74.96882,14.55072],[74.96892,14.55113],[74.97671,14.54977],[74.97842,14.549],[74.97854,14.54775],[74.97787,14.54684],[74.97842,14.53935],[74.97789,14.53332],[74.97841,14.53056],[74.9805,14.52543],[74.97836,14.52445],[74.97446,14.52445],[74.9734,14.52364],[74.97217,14.52111],[74.97214,14.51967],[74.97238,14.5183],[74.97341,14.51741],[74.97622,14.51651],[74.97949,14.51679],[74.97903,14.51412],[74.97934,14.51334],[74.9825,14.51282],[74.98263,14.51169],[74.98384,14.50955],[74.98813,14.50565],[74.99044,14.49981],[74.99013,14.49773],[74.99064,14.49579],[74.9912,14.49494],[74.99276,14.49512],[74.99184,14.49266],[74.98767,14.49082],[74.98446,14.48793],[74.98597,14.48274],[74.98803,14.48054],[74.98772,14.47788],[74.98854,14.47649],[74.98825,14.47601],[74.98957,14.47223],[74.99032,14.47295],[74.99111,14.47283],[74.99193,14.47442],[74.99295,14.47432],[74.99352,14.47554],[74.99553,14.47715],[74.99747,14.47809],[74.99851,14.47801],[75.00363,14.47958],[75.0087,14.4844],[75.00829,14.48574],[75.0064,14.48788],[75.0194,14.49704],[75.02301,14.49383],[75.02538,14.48985],[75.02663,14.49028],[75.02921,14.4883],[75.03009,14.48677],[75.03198,14.4864],[75.03451,14.48463],[75.03429,14.48114],[75.03079,14.47359],[75.03037,14.46436],[75.03113,14.46204],[75.0329,14.4609],[75.0337,14.46055],[75.03398,14.46115],[75.03759,14.46112],[75.0377,14.45892],[75.03705,14.45682],[75.03745,14.45535],[75.03707,14.45434],[75.03725,14.45133],[75.03586,14.44257],[75.03623,14.44269],[75.03866,14.44016],[75.03826,14.43893],[75.03854,14.43568],[75.04118,14.43304],[75.04429,14.4332],[75.04919,14.43429],[75.05237,14.43379],[75.0524,14.43337],[75.05426,14.43297],[75.06142,14.43351],[75.06165,14.43286],[75.06322,14.43405],[75.06487,14.43372],[75.06549,14.44206],[75.05729,14.44663],[75.05654,14.45435],[75.05795,14.45587],[75.0596,14.45632],[75.06534,14.45647],[75.06729,14.45694],[75.06644,14.45808],[75.06463,14.45853],[75.06072,14.4583],[75.05875,14.45899],[75.05754,14.45874],[75.05844,14.46138],[75.06121,14.46223],[75.0639,14.46206],[75.07109,14.46419],[75.07216,14.46788],[75.08283,14.4606],[75.08517,14.46078],[75.09232,14.45533],[75.0934,14.45494],[75.09808,14.44938],[75.09107,14.44261],[75.09151,14.44204],[75.09147,14.44007],[75.09077,14.43869],[75.08894,14.43918],[75.08807,14.43872],[75.08772,14.44041],[75.08621,14.44102],[75.08566,14.44089],[75.08567,14.44032],[75.08513,14.44058],[75.08487,14.43953],[75.08615,14.43917],[75.08339,14.43757],[75.08234,14.43751],[75.08261,14.43641],[75.07944,14.4328],[75.07848,14.43112],[75.0787,14.43046],[75.0816,14.42579],[75.09716,14.43165],[75.09959,14.43166],[75.09954,14.42977],[75.10324,14.42914],[75.10627,14.42957],[75.1098,14.42847],[75.10905,14.42677],[75.10914,14.42443],[75.11117,14.42385],[75.11076,14.42315],[75.11178,14.42284],[75.11175,14.42142],[75.11578,14.42026],[75.11834,14.41823],[75.11659,14.41801],[75.11724,14.41693],[75.1161,14.41676],[75.11632,14.416],[75.11569,14.41578],[75.11577,14.41425],[75.11403,14.41381],[75.11539,14.41288],[75.11511,14.41224],[75.11441,14.41215],[75.11426,14.41126],[75.11241,14.41056],[75.11186,14.41099],[75.11023,14.41094],[75.10982,14.41008],[75.11097,14.40975],[75.11084,14.40906],[75.11024,14.40884],[75.10876,14.40935],[75.10827,14.4075],[75.10673,14.40755],[75.10711,14.40585],[75.10812,14.40558],[75.10808,14.40486],[75.10756,14.40494],[75.10661,14.40336],[75.1067,14.40256],[75.10747,14.40157],[75.11387,14.39915],[75.12033,14.39559],[75.12413,14.40108],[75.12392,14.40646],[75.12268,14.40958],[75.12262,14.41038],[75.12336,14.41161],[75.12246,14.41393],[75.12689,14.4125],[75.13331,14.41438],[75.13743,14.41463],[75.13812,14.41563],[75.13758,14.41724],[75.13613,14.41785],[75.13575,14.41901],[75.13422,14.42025],[75.1334,14.42224],[75.13134,14.42402],[75.13155,14.42429],[75.12672,14.42654],[75.12693,14.42785],[75.12616,14.42959],[75.12753,14.42955],[75.12765,14.42989],[75.12586,14.43077],[75.12581,14.4318],[75.12705,14.43223],[75.12716,14.43325],[75.12816,14.4339],[75.12823,14.43442],[75.12704,14.43448],[75.12664,14.43515],[75.12646,14.43581],[75.1271,14.4361],[75.1263,14.4371],[75.12736,14.43798],[75.12731,14.43932],[75.12621,14.43977],[75.12727,14.44109],[75.12746,14.44252],[75.12835,14.44176],[75.12934,14.44189],[75.13038,14.44357],[75.12948,14.44443],[75.12961,14.44512],[75.13221,14.44573],[75.13176,14.44847],[75.12971,14.44991],[75.13026,14.45041],[75.13194,14.44995],[75.13029,14.45292],[75.13045,14.45505],[75.13139,14.45578],[75.13066,14.45747],[75.13057,14.45933],[75.1311,14.45977],[75.13263,14.45958],[75.13269,14.45999],[75.13039,14.46114],[75.13039,14.46313],[75.13159,14.46303],[75.13322,14.46156],[75.13366,14.46179],[75.13403,14.46219],[75.13424,14.4651],[75.13516,14.46719],[75.13675,14.46727],[75.13708,14.46867],[75.13802,14.4691],[75.13984,14.469],[75.13982,14.46959],[75.13654,14.47288],[75.13796,14.47674],[75.13744,14.47766],[75.13892,14.47833],[75.1387,14.47688],[75.13892,14.47738],[75.14021,14.47707],[75.13995,14.47732],[75.14037,14.47782],[75.13986,14.4783],[75.14043,14.478],[75.14105,14.47988],[75.14198,14.47952],[75.14254,14.48054],[75.14312,14.48061],[75.14317,14.48129],[75.1469,14.48095],[75.14829,14.47105],[75.15438,14.46474],[75.15775,14.46567],[75.16774,14.46619],[75.16874,14.46651],[75.16862,14.46709],[75.17601,14.47038],[75.17468,14.46162],[75.17577,14.45317],[75.18136,14.45127],[75.18943,14.44721],[75.18164,14.44154],[75.17799,14.43774],[75.17811,14.43672],[75.17869,14.43637],[75.17785,14.43611],[75.17751,14.43461],[75.17789,14.43439],[75.17794,14.4332],[75.17735,14.43299],[75.17743,14.43206],[75.1765,14.43157],[75.17591,14.42971],[75.17349,14.42835],[75.17311,14.42588],[75.17129,14.42429],[75.17154,14.424],[75.17089,14.42412],[75.17131,14.42359],[75.17096,14.42306],[75.16995,14.42334],[75.16992,14.42421],[75.1687,14.42422],[75.16807,14.42371],[75.16451,14.42507],[75.16484,14.42647],[75.1643,14.42796],[75.16336,14.4276],[75.16314,14.42647],[75.16007,14.42687],[75.16024,14.42785],[75.15943,14.42877],[75.16024,14.42977],[75.15944,14.43141],[75.15821,14.43093],[75.15415,14.43175],[75.14986,14.43164],[75.15003,14.43107],[75.15064,14.43108],[75.15172,14.42999],[75.15073,14.42815],[75.15069,14.42708],[75.15198,14.42558],[75.15152,14.42423],[75.15212,14.42328],[75.15229,14.4191],[75.15359,14.41906],[75.15515,14.41597],[75.15559,14.41656],[75.15716,14.41648],[75.15896,14.41459],[75.1591,14.41379],[75.16514,14.41376],[75.16559,14.4127],[75.166,14.41155],[75.16657,14.40077],[75.1656,14.39593],[75.16714,14.39442],[75.16579,14.39427],[75.16728,14.38735],[75.17392,14.38348],[75.1749,14.38352],[75.18039,14.38113],[75.18171,14.38154],[75.18162,14.38201],[75.18261,14.38281],[75.18202,14.3831],[75.18232,14.38348],[75.18389,14.38353],[75.18391,14.38404],[75.18455,14.3842],[75.18909,14.38865],[75.18997,14.39231],[75.18927,14.39462],[75.19139,14.39854],[75.19127,14.40001],[75.19066,14.40125],[75.1902,14.40609],[75.18959,14.40758],[75.18815,14.40908],[75.18596,14.41356],[75.18769,14.41366],[75.18825,14.41276],[75.19027,14.41216],[75.19041,14.4099],[75.19146,14.40907],[75.19254,14.40921],[75.19222,14.40832],[75.19135,14.40776],[75.19147,14.40693],[75.19227,14.4065],[75.19252,14.40576],[75.19294,14.40565],[75.19332,14.40655],[75.19415,14.4066],[75.19491,14.40492],[75.19607,14.40447],[75.19675,14.40487],[75.19819,14.40469],[75.19843,14.40506],[75.19727,14.40551],[75.19805,14.4059],[75.19928,14.40596],[75.19979,14.4052],[75.20082,14.40519],[75.20011,14.4037],[75.20145,14.40391],[75.20211,14.40107],[75.20327,14.40161],[75.20357,14.4003],[75.20463,14.39982],[75.20522,14.39835],[75.20778,14.39814],[75.20941,14.39854],[75.21007,14.39801],[75.21186,14.39833],[75.21418,14.39985],[75.21561,14.40014],[75.21601,14.39964],[75.21687,14.40022],[75.21773,14.39971],[75.21784,14.39816],[75.21833,14.39764],[75.21819,14.39425],[75.21936,14.39383],[75.22407,14.39397],[75.22518,14.39514],[75.2259,14.39374],[75.22781,14.39394],[75.22852,14.39293],[75.22953,14.39347],[75.23107,14.39325],[75.23172,14.39187],[75.23156,14.38928],[75.23077,14.38938],[75.23058,14.38784],[75.23148,14.3871],[75.23201,14.38535],[75.23283,14.38502],[75.23394,14.38593],[75.23662,14.38608],[75.23786,14.38206],[75.23929,14.38025],[75.23964,14.37897],[75.24142,14.37784],[75.24112,14.37743],[75.24166,14.37702],[75.2413,14.37622],[75.24079,14.3763],[75.24044,14.37713],[75.23971,14.37713],[75.23992,14.3762],[75.23893,14.37647],[75.23864,14.37515],[75.23804,14.37516],[75.23795,14.37644],[75.23737,14.37575],[75.23298,14.37437],[75.23157,14.37475],[75.22904,14.3673],[75.22393,14.35719],[75.22074,14.35541],[75.23197,14.35456],[75.23517,14.35478],[75.23703,14.35317],[75.24343,14.34657],[75.24262,14.339],[75.24425,14.32661],[75.24394,14.32623],[75.24657,14.32471],[75.24922,14.32243],[75.25297,14.32219],[75.25377,14.3219],[75.2551,14.3202],[75.2566,14.32091],[75.25773,14.32024],[75.25847,14.31878],[75.26048,14.31898],[75.2611,14.31865],[75.26226,14.31711],[75.26221,14.31608],[75.26344,14.31562],[75.26343,14.31431],[75.26482,14.3138],[75.265,14.31285],[75.26622,14.31205],[75.26609,14.31068],[75.26711,14.30908],[75.2696,14.30878],[75.26995,14.30816],[75.26953,14.30703],[75.27181,14.30662],[75.27067,14.30508],[75.27106,14.30412],[75.27064,14.30254],[75.26927,14.29996],[75.26733,14.29839],[75.26515,14.29184],[75.26353,14.29079],[75.2627,14.29102],[75.26177,14.29053],[75.2613,14.29112],[75.25976,14.29143],[75.2605,14.29012],[75.25929,14.2897],[75.25934,14.28926],[75.26042,14.28931],[75.2611,14.28793],[75.26021,14.28701],[75.257,14.28547],[75.25596,14.2855],[75.25377,14.28323],[75.24584,14.27925],[75.24512,14.27929],[75.24507,14.27889],[75.24265,14.27936],[75.23688,14.27902],[75.23044,14.28012],[75.22714,14.27423],[75.2253,14.27187],[75.2192,14.27697],[75.2145,14.27909],[75.20808,14.28382],[75.19927,14.28527],[75.19516,14.2864],[75.19307,14.28271],[75.18632,14.28134],[75.17682,14.27337],[75.17051,14.26987],[75.16653,14.26824],[75.16256,14.26742],[75.15326,14.2619],[75.15872,14.24069],[75.14745,14.24313],[75.13509,14.24078],[75.12336,14.23758],[75.11774,14.2439],[75.11173,14.24118],[75.09973,14.24002],[75.09461,14.24082],[75.09458,14.24115],[75.0925,14.24075],[75.09088,14.23598],[75.08945,14.23373],[75.0896,14.23186],[75.08872,14.22884],[75.08538,14.22153],[75.08102,14.22059],[75.07719,14.22176],[75.07816,14.22485],[75.07859,14.22903],[75.08188,14.23228],[75.08179,14.23348],[75.08041,14.2339],[75.07952,14.23568],[75.07856,14.23509],[75.07696,14.23612],[75.0762,14.23607],[75.07549,14.23679],[75.07578,14.23748],[75.07495,14.23824],[75.07462,14.2375],[75.07308,14.23684],[75.07276,14.23771],[75.07153,14.23804],[75.0705,14.23661],[75.07002,14.23671],[75.06938,14.23839],[75.06852,14.23789],[75.06789,14.23821],[75.06781,14.23893],[75.06677,14.238],[75.06549,14.23892],[75.06331,14.23846],[75.06202,14.24015],[75.06216,14.24155],[75.06142,14.24422],[75.06077,14.24505],[75.05871,14.24604],[75.05901,14.24661],[75.05837,14.24778],[75.05873,14.24925],[75.0569,14.25077],[75.05645,14.25196],[75.05495,14.25146],[75.05461,14.25337],[75.05288,14.25349],[75.05177,14.2543],[75.05197,14.25669],[75.05054,14.2572],[75.0506,14.258],[75.04804,14.25786],[75.0478,14.25901],[75.04723,14.25931],[75.04555,14.25892],[75.04466,14.25941],[75.04585,14.26052],[75.04568,14.26133],[75.04453,14.2621],[75.04394,14.262],[75.04359,14.26274],[75.04497,14.26371],[75.04538,14.26601],[75.04361,14.26735],[75.04305,14.26937],[75.04238,14.26877],[75.04281,14.27016],[75.04204,14.27032],[75.04186,14.27084],[75.0418,14.27232],[75.04254,14.273],[75.04206,14.27386],[75.04108,14.27375],[75.0405,14.27275],[75.03931,14.27519],[75.03872,14.27544],[75.03757,14.27475],[75.03733,14.27566],[75.03653,14.27548],[75.03536,14.27639],[75.03375,14.27996],[75.03315,14.28025],[75.03307,14.27959],[75.02979,14.28136],[75.03035,14.28287],[75.02884,14.28245],[75.02805,14.28294],[75.02812,14.28359],[75.02622,14.28454],[75.02384,14.28727],[75.02269,14.28773],[75.02179,14.28912],[75.02088,14.28854],[75.01922,14.28957],[75.01791,14.28886],[75.01884,14.29121],[75.01808,14.29189],[75.01472,14.29248],[75.01361,14.29415],[75.01309,14.29733],[75.01172,14.29743],[75.01131,14.2981],[75.01231,14.29909],[75.01096,14.30023],[75.01256,14.30103],[75.01075,14.30185],[75.00962,14.30336],[75.01187,14.30603],[75.01122,14.30733],[75.01017,14.30731],[75.01092,14.30921],[75.00939,14.30941],[75.00918,14.30863],[75.00878,14.30867],[75.00648,14.31011],[75.00591,14.31146],[75.00626,14.31178],[75.00765,14.31112],[75.00828,14.31179],[75.00808,14.31243],[75.00632,14.31342],[75.00611,14.31533],[75.00504,14.3147],[75.00396,14.31498],[75.00459,14.31594],[75.00381,14.31592],[75.00292,14.31819],[75.00163,14.31875],[75.00162,14.31954],[75.00101,14.31953],[75.00287,14.32148],[75.00231,14.32254],[75.00223,14.32465],[74.99947,14.32549],[74.99828,14.32634],[74.99804,14.3281],[74.99649,14.32962],[74.99571,14.32924],[74.99533,14.32954],[74.99519,14.33126],[74.99322,14.33059],[74.99374,14.33248],[74.99248,14.33172],[74.99163,14.33182],[74.99069,14.33389],[74.98932,14.33481],[74.98951,14.33596],[74.9888,14.3368],[74.98915,14.33736],[74.98678,14.33802],[74.98706,14.33871],[74.98645,14.33952],[74.98525,14.33941],[74.98499,14.33863],[74.98373,14.3391],[74.98376,14.33968],[74.98203,14.34157],[74.98339,14.34278],[74.98143,14.34312],[74.98047,14.34272],[74.98131,14.34056],[74.98046,14.33998],[74.97919,14.34136],[74.97836,14.34377],[74.97255,14.34346],[74.97219,14.34291],[74.97248,14.34243],[74.97465,14.3417],[74.97506,14.33981],[74.9741,14.33849],[74.96871,14.33939],[74.9614,14.34159],[74.9606,14.34096],[74.95884,14.34214],[74.95521,14.34963],[74.95266,14.3505],[74.95243,14.35139],[74.95018,14.35047],[74.94893,14.35302],[74.94744,14.35288],[74.94725,14.3535],[74.94439,14.35404],[74.94455,14.3546],[74.94275,14.35538],[74.93894,14.35845],[74.94016,14.36788],[74.941,14.36784],[74.94159,14.36971],[74.94243,14.3699],[74.94574,14.37433],[74.94971,14.37581],[74.94995,14.37933],[74.95074,14.38046],[74.95081,14.38308],[74.94966,14.38685],[74.9502,14.38982],[74.94853,14.3929],[74.94826,14.39471],[74.94835,14.39656],[74.94917,14.39793],[74.94801,14.39956],[74.94472,14.40191],[74.94413,14.40121],[74.94292,14.40174],[74.94132,14.40057],[74.94033,14.40139],[74.93874,14.4011],[74.93758,14.40229],[74.9367,14.40182],[74.93515,14.40316],[74.9338,14.40357],[74.93358,14.40466],[74.93153,14.40771],[74.92438,14.41734],[74.91766,14.43056],[74.90936,14.4315],[74.88037,14.42939],[74.88131,14.43321],[74.87899,14.43505],[74.87734,14.4357],[74.87707,14.43944],[74.87775,14.44005],[74.87398,14.44687],[74.87743,14.44947],[74.88843,14.46026],[74.89892,14.46425],[74.90892,14.45786],[74.91451,14.45937],[74.92053,14.45888],[74.9188,14.46101],[74.9177,14.46684],[74.91613,14.46657],[74.91143,14.46974],[74.9077,14.47128],[74.89829,14.47343],[74.89832,14.47432],[74.89368,14.47368],[74.89153,14.4755],[74.88898,14.48],[74.89059,14.48537],[74.88993,14.48979],[74.89252,14.49716],[74.89413,14.49994],[74.89557,14.50823],[74.89895,14.50919],[74.90238,14.51552],[74.90134,14.52918],[74.90394,14.53152],[74.91223,14.52867],[74.92846,14.52819],[74.93215,14.52269],[74.93785,14.51856],[74.93898,14.52319],[74.93974,14.52338],[74.94034,14.52419],[74.94016,14.52518],[74.93907,14.52553],[74.93906,14.52619],[74.9417,14.52745],[74.94161,14.52973],[74.943,14.53046],[74.94358,14.53167],[74.9427,14.53402],[74.94388,14.53444],[74.94491,14.53278],[74.95044,14.53658],[74.95077,14.53845],[74.95663,14.55047],[74.95588,14.5509],[74.95606,14.55355],[74.95457,14.55376],[74.95566,14.5546],[74.96226,14.55103]]]}},{"type":"Feature","properties":{"unitId":702,"unitName":"Kargal PS"},"geometry":{"type":"Polygon","coordinates":[[[74.78649,14.21331],[74.79106,14.21371],[74.79161,14.21334],[74.79339,14.21453],[74.79424,14.21424],[74.7943,14.21519],[74.79662,14.21478],[74.79779,14.21383],[74.79888,14.21432],[74.8007,14.21698],[74.80237,14.21519],[74.80432,14.21545],[74.80451,14.21345],[74.80646,14.21251],[74.80618,14.21156],[74.8069,14.21142],[74.80691,14.21086],[74.80634,14.20952],[74.80551,14.20906],[74.80825,14.20932],[74.80915,14.21038],[74.81379,14.20675],[74.81501,14.20687],[74.81745,14.20935],[74.8184,14.20906],[74.81771,14.21007],[74.81851,14.21065],[74.81851,14.21145],[74.82416,14.22398],[74.82273,14.22549],[74.82495,14.22663],[74.82809,14.22743],[74.82955,14.2284],[74.83262,14.22917],[74.83602,14.22736],[74.83897,14.22743],[74.83774,14.22587],[74.83963,14.22276],[74.84233,14.22211],[74.84593,14.21922],[74.84601,14.218],[74.8466,14.21742],[74.84868,14.21701],[74.85073,14.21303],[74.85377,14.21015],[74.85376,14.20943],[74.85712,14.21037],[74.85605,14.20855],[74.85934,14.20522],[74.85964,14.20347],[74.86061,14.2026],[74.86165,14.19796],[74.86295,14.19657],[74.86433,14.19556],[74.8701,14.19354],[74.88433,14.18524],[74.88455,14.18455],[74.88855,14.18202],[74.88986,14.18158],[74.89256,14.17341],[74.89732,14.17066],[74.90211,14.17103],[74.90722,14.16685],[74.91589,14.16245],[74.91599,14.16147],[74.91648,14.16122],[74.91699,14.16221],[74.91877,14.1612],[74.91978,14.15906],[74.92817,14.15278],[74.92964,14.13773],[74.9291,14.13383],[74.92129,14.13884],[74.91432,14.12607],[74.90957,14.12252],[74.90649,14.11816],[74.90514,14.11449],[74.9036,14.11429],[74.89417,14.10609],[74.88995,14.09979],[74.88948,14.10129],[74.88842,14.10136],[74.88418,14.10369],[74.88249,14.10607],[74.87861,14.10952],[74.88126,14.10584],[74.88435,14.10283],[74.888,14.10099],[74.89077,14.09871],[74.89263,14.09605],[74.89288,14.09397],[74.89525,14.09094],[74.89467,14.08731],[74.89315,14.08486],[74.89248,14.0819],[74.89348,14.07717],[74.89519,14.0756],[74.90059,14.07477],[74.90216,14.0751],[74.90355,14.07441],[74.9039,14.07355],[74.90427,14.07135],[74.90395,14.0663],[74.90333,14.06462],[74.89916,14.06323],[74.89701,14.0619],[74.89496,14.05917],[74.89482,14.05618],[74.89526,14.05616],[74.8992,14.05039],[74.90529,14.04609],[74.91526,14.04236],[74.92113,14.03927],[74.92709,14.03488],[74.92824,14.0348],[74.92634,14.0323],[74.92662,14.03114],[74.92759,14.03022],[74.92733,14.02977],[74.9252,14.0286],[74.92389,14.02537],[74.92251,14.02429],[74.92082,14.02403],[74.91911,14.02309],[74.91663,14.01898],[74.91707,14.01786],[74.91844,14.01766],[74.92016,14.01466],[74.9194,14.01242],[74.9182,14.01153],[74.91587,14.01201],[74.91746,14.00723],[74.91718,14.00581],[74.91548,14.00585],[74.9144,14.0052],[74.91436,14.00408],[74.91665,13.9995],[74.91443,13.99685],[74.91011,13.99785],[74.90891,13.99326],[74.90511,13.98994],[74.90589,13.98943],[74.90605,13.98756],[74.90788,13.98742],[74.90871,13.98578],[74.91108,13.98527],[74.91205,13.9831],[74.91438,13.98269],[74.91557,13.98139],[74.91539,13.97892],[74.91603,13.97728],[74.91443,13.97319],[74.91312,13.9732],[74.90676,13.96894],[74.90555,13.96444],[74.9039,13.96263],[74.89954,13.9607],[74.89537,13.95735],[74.88627,13.95578],[74.88265,13.95111],[74.87792,13.94964],[74.87821,13.94576],[74.87911,13.94266],[74.88002,13.93622],[74.88254,13.93234],[74.88164,13.93203],[74.88196,13.93064],[74.88473,13.92985],[74.8855,13.92893],[74.88554,13.92843],[74.88463,13.92803],[74.88448,13.92514],[74.88222,13.92253],[74.87793,13.92004],[74.86965,13.92074],[74.86673,13.92143],[74.8657,13.9212],[74.86294,13.92231],[74.8606,13.92178],[74.85384,13.92297],[74.85039,13.92167],[74.8475,13.91953],[74.84482,13.91318],[74.84184,13.91263],[74.84067,13.91206],[74.84021,13.91115],[74.84149,13.90457],[74.84553,13.90165],[74.84757,13.89927],[74.84975,13.89849],[74.85563,13.89445],[74.85612,13.89544],[74.8578,13.89614],[74.85797,13.89714],[74.85936,13.89849],[74.85897,13.90198],[74.86162,13.90383],[74.86287,13.90627],[74.86333,13.90634],[74.86395,13.90447],[74.87043,13.8973],[74.87019,13.89161],[74.8746,13.88653],[74.88033,13.88146],[74.88238,13.87777],[74.88488,13.8681],[74.88542,13.8678],[74.8832,13.86635],[74.88249,13.86695],[74.87951,13.86397],[74.87927,13.86339],[74.88,13.86033],[74.88067,13.85997],[74.87939,13.85896],[74.87806,13.85864],[74.87603,13.8562],[74.87295,13.85599],[74.87109,13.85683],[74.87075,13.85626],[74.87005,13.85628],[74.86732,13.85889],[74.863,13.86563],[74.85964,13.86929],[74.85898,13.87124],[74.85906,13.87284],[74.85547,13.88051],[74.84988,13.88558],[74.84935,13.88676],[74.84763,13.88712],[74.84687,13.88775],[74.84373,13.89186],[74.84148,13.89303],[74.84049,13.89191],[74.83771,13.89855],[74.83549,13.89916],[74.83348,13.90182],[74.82869,13.90155],[74.81899,13.90795],[74.81658,13.90672],[74.80551,13.90574],[74.80251,13.90707],[74.80005,13.90958],[74.80046,13.90841],[74.79283,13.90614],[74.79206,13.90335],[74.79085,13.90728],[74.78929,13.90841],[74.7711,13.91256],[74.77113,13.91381],[74.76485,13.91167],[74.76315,13.91234],[74.7572,13.90653],[74.75365,13.90739],[74.7498,13.90731],[74.7453,13.90977],[74.73763,13.91014],[74.73535,13.90898],[74.73435,13.90912],[74.73311,13.90772],[74.73079,13.90757],[74.73017,13.90701],[74.72754,13.90713],[74.72627,13.90619],[74.72356,13.90579],[74.72251,13.9048],[74.72143,13.90517],[74.71985,13.90467],[74.71768,13.90486],[74.71408,13.90403],[74.7131,13.90431],[74.71235,13.90367],[74.71144,13.90387],[74.71338,13.90464],[74.71422,13.90554],[74.71411,13.90805],[74.71336,13.90877],[74.71458,13.90893],[74.71423,13.90929],[74.71493,13.91047],[74.71467,13.91144],[74.71266,13.91344],[74.71156,13.91573],[74.70955,13.91743],[74.70819,13.92067],[74.70696,13.92175],[74.70577,13.92195],[74.70557,13.9233],[74.70342,13.92218],[74.69622,13.92389],[74.69426,13.92375],[74.69206,13.92463],[74.69035,13.92573],[74.68663,13.92976],[74.6839,13.93409],[74.68233,13.93426],[74.682,13.93499],[74.6824,13.93579],[74.68557,13.93909],[74.69005,13.93875],[74.69348,13.9407],[74.69355,13.94564],[74.6943,13.94681],[74.69418,13.94807],[74.69179,13.9534],[74.68876,13.95497],[74.68816,13.95617],[74.68732,13.95668],[74.68264,13.95629],[74.68114,13.95667],[74.67927,13.95755],[74.67761,13.95929],[74.67803,13.96006],[74.67798,13.96312],[74.67764,13.96362],[74.67682,13.96364],[74.67667,13.96395],[74.67719,13.96411],[74.67657,13.96468],[74.67756,13.9659],[74.67715,13.96645],[74.67346,13.96746],[74.67178,13.96887],[74.67,13.9694],[74.66867,13.97119],[74.67008,13.9724],[74.66419,13.98189],[74.66134,13.98934],[74.66132,13.99371],[74.67634,14.02354],[74.67726,14.03528],[74.65546,14.03956],[74.6546,14.04124],[74.65443,14.04542],[74.65658,14.05083],[74.65708,14.05388],[74.66083,14.05807],[74.65724,14.06667],[74.65666,14.06668],[74.64798,14.08201],[74.6392,14.09259],[74.63936,14.09341],[74.65555,14.11546],[74.64597,14.1147],[74.64251,14.13395],[74.64404,14.14048],[74.62912,14.14409],[74.62705,14.15819],[74.62982,14.16399],[74.65062,14.16987],[74.65286,14.16747],[74.66498,14.18316],[74.69599,14.17292],[74.69401,14.17029],[74.6995,14.16793],[74.70084,14.16982],[74.70913,14.16724],[74.72084,14.15435],[74.74363,14.14943],[74.74437,14.14888],[74.74476,14.14924],[74.74535,14.14815],[74.74456,14.14807],[74.74463,14.1475],[74.74559,14.14661],[74.74484,14.14636],[74.74696,14.14102],[74.74858,14.1421],[74.74895,14.1418],[74.74757,14.15687],[74.72613,14.17371],[74.71788,14.21175],[74.71271,14.23282],[74.71248,14.23465],[74.733,14.2674],[74.74788,14.25482],[74.75256,14.25159],[74.76463,14.24661],[74.76509,14.24474],[74.769,14.24294],[74.776,14.2408],[74.78035,14.23769],[74.78974,14.22977],[74.78681,14.22773],[74.78568,14.2259],[74.78609,14.22128],[74.78485,14.21722],[74.78649,14.21331]]]}},{"type":"Feature","properties":{"unitId":703,"unitName":"Joga PS"},"geometry":{"type":"Polygon","coordinates":[[[74.80853,14.22891],[74.80998,14.22824],[74.81283,14.22904],[74.81517,14.23076],[74.81889,14.23054],[74.82416,14.22398],[74.81851,14.21145],[74.81851,14.21065],[74.81771,14.21007],[74.8184,14.20906],[74.81745,14.20935],[74.81573,14.2073],[74.81379,14.20675],[74.80915,14.21038],[74.80825,14.20932],[74.80551,14.20906],[74.80634,14.20952],[74.80691,14.21086],[74.8069,14.21142],[74.80618,14.21156],[74.80646,14.21251],[74.80451,14.21345],[74.80432,14.21545],[74.80237,14.21519],[74.8007,14.21698],[74.79888,14.21432],[74.79779,14.21383],[74.79662,14.21478],[74.7943,14.21519],[74.79424,14.21424],[74.79339,14.21453],[74.79161,14.21334],[74.79106,14.21371],[74.78713,14.2131],[74.78606,14.21376],[74.78485,14.21722],[74.78609,14.22128],[74.78568,14.2259],[74.78795,14.22869],[74.78974,14.22977],[74.79281,14.22803],[74.79642,14.22945],[74.79895,14.2312],[74.8054,14.23034],[74.80853,14.22891]]]}},{"type":"Feature","properties":{"unitId":704,"unitName":"Sagara Town PS"},"geometry":{"type":"Polygon","coordinates":[[[75.02944,14.19116],[75.02926,14.19085],[75.03117,14.19],[75.03212,14.19151],[75.03651,14.18901],[75.03778,14.1902],[75.03914,14.1904],[75.03973,14.1896],[75.04427,14.18736],[75.0453,14.18833],[75.05085,14.18816],[75.05199,14.18348],[75.04597,14.17222],[75.04707,14.17185],[75.04704,14.17089],[75.04809,14.17087],[75.05115,14.17246],[75.05382,14.17219],[75.05534,14.17307],[75.05528,14.17233],[75.05388,14.17134],[75.0565,14.16852],[75.06092,14.16031],[75.06233,14.15978],[75.06184,14.15816],[75.05967,14.15874],[75.05968,14.1582],[75.05807,14.15868],[75.05782,14.15838],[75.05623,14.15932],[75.05506,14.1588],[75.05327,14.15997],[75.05349,14.16149],[75.05192,14.16194],[75.05075,14.16297],[75.0504,14.16275],[75.04985,14.16165],[75.04692,14.15983],[75.04631,14.15676],[75.04673,14.1566],[75.04685,14.15549],[75.04744,14.15518],[75.04633,14.15523],[75.04557,14.1547],[75.04461,14.1514],[75.04417,14.15138],[75.04398,14.14912],[75.04164,14.14998],[75.04064,14.1481],[75.03598,14.15042],[75.03482,14.14814],[75.0354,14.14761],[75.03376,14.14471],[75.03393,14.14356],[75.03336,14.14266],[75.0344,14.13921],[75.03284,14.13849],[75.03282,14.13706],[75.03026,14.1371],[75.02955,14.14132],[75.0259,14.14302],[75.02672,14.14526],[75.01798,14.14714],[75.01877,14.15324],[75.01839,14.15476],[75.01558,14.15492],[75.01614,14.15728],[75.01474,14.16194],[75.01506,14.16462],[75.01348,14.16804],[75.01237,14.16737],[75.0108,14.16835],[75.00887,14.16613],[75.00808,14.16395],[75.00456,14.16581],[75.00334,14.16586],[75.0058,14.1701],[75.00593,14.17323],[75.00633,14.17369],[75.00548,14.17596],[75.00706,14.17523],[75.00948,14.17508],[75.01081,14.17383],[75.01191,14.17511],[75.01276,14.17433],[75.01417,14.17522],[75.01603,14.17554],[75.01736,14.17478],[75.01961,14.17499],[75.02039,14.18075],[75.02035,14.18519],[75.02107,14.18535],[75.02386,14.18794],[75.02373,14.19116],[75.02793,14.19163],[75.02953,14.19147],[75.02944,14.19116]]]}},{"type":"Feature","properties":{"unitId":705,"unitName":"Nagara PS"},"geometry":{"type":"Polygon","coordinates":[[[75.0858,13.61679],[75.08616,13.61764],[75.08604,13.61602],[75.07983,13.60852],[75.07572,13.60982],[75.07468,13.61321],[75.07164,13.61644],[75.06615,13.62415],[75.06408,13.62781],[75.0628,13.62664],[75.06189,13.62647],[75.05875,13.62887],[75.05735,13.62535],[75.05831,13.62496],[75.05701,13.62361],[75.05667,13.62375],[75.05524,13.62043],[75.05053,13.61598],[75.03833,13.61579],[75.03522,13.61728],[75.03359,13.62115],[75.02969,13.62193],[75.02625,13.62798],[75.01856,13.62848],[75.01121,13.63466],[75.01365,13.64181],[75.00865,13.64498],[75.00757,13.65306],[75.00842,13.65383],[75.00942,13.65382],[75.01057,13.65498],[75.00989,13.65675],[75.00816,13.65796],[75.00802,13.66007],[75.01251,13.66497],[75.01233,13.66588],[75.0159,13.66349],[75.01835,13.66314],[75.01876,13.66262],[75.0197,13.66293],[75.02012,13.66183],[75.02157,13.66141],[75.0242,13.66599],[75.02629,13.66637],[75.02656,13.66769],[75.02612,13.66991],[75.02671,13.67041],[75.02382,13.67392],[75.02297,13.67288],[75.02194,13.67405],[75.02198,13.67458],[75.0167,13.67687],[75.01606,13.67769],[75.01355,13.67761],[75.012,13.67635],[75.01032,13.67697],[75.00937,13.67675],[75.00853,13.67898],[75.00937,13.6827],[75.00886,13.68285],[75.00888,13.68495],[75.00946,13.68489],[75.01048,13.68717],[75.0098,13.68769],[75.00956,13.68916],[75.01068,13.69068],[75.00934,13.69105],[75.00829,13.69041],[75.00773,13.69074],[75.00923,13.69176],[75.01192,13.69153],[75.01234,13.69233],[75.01408,13.69245],[75.0144,13.69396],[75.0154,13.69387],[75.01595,13.6944],[75.01694,13.69381],[75.0194,13.69449],[75.01951,13.69671],[75.02013,13.69767],[75.01926,13.69904],[75.01856,13.69863],[75.01708,13.69971],[75.01452,13.69966],[75.01206,13.70312],[75.00904,13.70488],[75.0089,13.70729],[75.00695,13.7073],[75.00692,13.70847],[75.00504,13.70878],[75.00352,13.70804],[75.00303,13.70962],[75.00326,13.71036],[75.00243,13.71192],[75.0005,13.71144],[75.00048,13.71081],[74.99967,13.71064],[74.9876,13.71337],[74.98734,13.71913],[74.98867,13.71936],[74.99025,13.72255],[74.99282,13.72266],[74.99254,13.72657],[74.99405,13.72736],[74.99373,13.72984],[74.99437,13.7309],[74.99439,13.73241],[74.99361,13.73366],[74.99355,13.73636],[74.99547,13.73898],[74.99606,13.74463],[74.98023,13.74674],[74.97445,13.75288],[74.97112,13.75277],[74.969,13.75431],[74.95228,13.75886],[74.95032,13.76207],[74.93985,13.77073],[74.93816,13.77421],[74.93822,13.77715],[74.9358,13.77795],[74.93226,13.77599],[74.93123,13.77589],[74.93108,13.78245],[74.93271,13.78681],[74.93297,13.79672],[74.92486,13.80198],[74.92497,13.80702],[74.92002,13.81392],[74.92353,13.81577],[74.92031,13.82497],[74.91972,13.82562],[74.91369,13.82213],[74.91413,13.82338],[74.91369,13.8244],[74.9143,13.82494],[74.91549,13.83418],[74.91411,13.83662],[74.91501,13.84162],[74.91391,13.8427],[74.91411,13.84339],[74.91285,13.84465],[74.91284,13.84543],[74.91412,13.84717],[74.91322,13.84945],[74.91537,13.85246],[74.91244,13.85792],[74.9109,13.86008],[74.90959,13.86025],[74.90902,13.86119],[74.90342,13.86232],[74.90227,13.86204],[74.90115,13.86326],[74.89836,13.86384],[74.89734,13.86509],[74.89451,13.86633],[74.89263,13.86563],[74.8888,13.86726],[74.88488,13.8681],[74.88238,13.87777],[74.88033,13.88146],[74.8746,13.88653],[74.87019,13.89161],[74.87043,13.8973],[74.86395,13.90447],[74.86333,13.90634],[74.86233,13.90586],[74.86162,13.90383],[74.85905,13.9021],[74.85936,13.89849],[74.85797,13.89714],[74.8578,13.89614],[74.85612,13.89544],[74.85563,13.89445],[74.84975,13.89849],[74.84757,13.89927],[74.84553,13.90165],[74.84149,13.90457],[74.84021,13.91115],[74.84067,13.91206],[74.84262,13.91297],[74.84482,13.91318],[74.8475,13.91953],[74.85039,13.92167],[74.85384,13.92297],[74.8606,13.92178],[74.86294,13.92231],[74.8657,13.9212],[74.86673,13.92143],[74.86965,13.92074],[74.87793,13.92004],[74.88222,13.92253],[74.88448,13.92514],[74.88463,13.92803],[74.88554,13.92843],[74.8855,13.92893],[74.88473,13.92985],[74.88196,13.93064],[74.88164,13.93203],[74.88254,13.93234],[74.88002,13.93622],[74.87911,13.94266],[74.87821,13.94576],[74.87792,13.94964],[74.88265,13.95111],[74.88627,13.95578],[74.89537,13.95735],[74.89954,13.9607],[74.9039,13.96263],[74.90555,13.96444],[74.90676,13.96894],[74.91312,13.9732],[74.91443,13.97319],[74.91603,13.97728],[74.91539,13.97892],[74.91557,13.98139],[74.91465,13.98243],[74.9201,13.98444],[74.92822,13.98192],[74.92876,13.98531],[74.93025,13.98649],[74.92998,13.98931],[74.93514,13.98905],[74.93908,13.98728],[74.94157,13.98732],[74.94297,13.98291],[74.94993,13.97757],[74.94956,13.97486],[74.95118,13.96844],[74.95421,13.96714],[74.95773,13.96854],[74.96021,13.96364],[74.95841,13.95578],[74.95831,13.95345],[74.96465,13.95371],[74.96742,13.95736],[74.96976,13.95894],[74.97032,13.95857],[74.97004,13.95763],[74.97075,13.95717],[74.97496,13.95705],[74.97585,13.9564],[74.97692,13.954],[74.97825,13.95537],[74.97977,13.95505],[74.98184,13.95595],[74.98315,13.95542],[74.98627,13.95947],[74.99425,13.95977],[75.00372,13.95116],[75.00407,13.94951],[75.00597,13.94761],[75.0046,13.94603],[75.00568,13.9436],[75.00565,13.94263],[75.00454,13.94108],[75.00317,13.94064],[75.00253,13.9393],[75.00404,13.93593],[75.00429,13.93337],[75.00234,13.93155],[75.00075,13.92811],[74.99809,13.92636],[74.99986,13.92302],[74.99993,13.92147],[74.99925,13.92051],[74.99993,13.91937],[74.99955,13.91909],[75.00101,13.91713],[75.00221,13.91664],[75.00324,13.91551],[75.0048,13.91157],[75.0069,13.90947],[75.0084,13.90892],[75.01374,13.91155],[75.01488,13.91153],[75.01646,13.91072],[75.01563,13.90909],[75.01377,13.90801],[75.01291,13.90525],[75.01381,13.9019],[75.01671,13.89802],[75.01825,13.89794],[75.01942,13.89529],[75.02144,13.89346],[75.0206,13.89156],[75.02087,13.88821],[75.0211,13.88778],[75.02315,13.88762],[75.02384,13.88658],[75.02393,13.88477],[75.03038,13.88441],[75.0335,13.88324],[75.03624,13.88298],[75.03601,13.88027],[75.03492,13.87666],[75.03529,13.87367],[75.03676,13.87186],[75.03932,13.87024],[75.0392,13.86764],[75.03837,13.86537],[75.03711,13.86391],[75.03702,13.86084],[75.03879,13.86119],[75.04054,13.85972],[75.0512,13.85864],[75.0522,13.85795],[75.0589,13.8572],[75.06137,13.85396],[75.06867,13.85367],[75.06897,13.8544],[75.07091,13.851],[75.07316,13.83871],[75.08569,13.82969],[75.08728,13.82243],[75.11204,13.80403],[75.11762,13.80107],[75.12618,13.79491],[75.12287,13.79048],[75.11914,13.7835],[75.11802,13.77981],[75.11735,13.78046],[75.10697,13.78195],[75.105,13.77854],[75.10454,13.77431],[75.09777,13.77064],[75.09547,13.77036],[75.08979,13.76623],[75.09052,13.76212],[75.09196,13.75868],[75.09084,13.75629],[75.09242,13.75338],[75.10207,13.74267],[75.10471,13.73682],[75.11119,13.72955],[75.11487,13.72617],[75.1169,13.72525],[75.1134,13.71842],[75.11599,13.7185],[75.13211,13.70959],[75.14744,13.7025],[75.1491,13.70252],[75.15322,13.6972],[75.15742,13.69601],[75.15812,13.69638],[75.16,13.69298],[75.16077,13.69237],[75.16136,13.69039],[75.15929,13.68234],[75.1547,13.6797],[75.15397,13.67822],[75.15333,13.67966],[75.14881,13.67409],[75.13891,13.6797],[75.13761,13.6788],[75.13794,13.67479],[75.13523,13.66508],[75.1365,13.65599],[75.13764,13.65536],[75.13612,13.65229],[75.1353,13.64716],[75.13307,13.6479],[75.13265,13.6466],[75.12939,13.64743],[75.1269,13.64523],[75.12414,13.64463],[75.12294,13.64301],[75.12112,13.64324],[75.11433,13.64236],[75.11431,13.64128],[75.1129,13.63967],[75.11306,13.63787],[75.11221,13.63785],[75.11104,13.63675],[75.11173,13.63589],[75.11152,13.635],[75.11031,13.63496],[75.1096,13.63342],[75.10848,13.63258],[75.10051,13.63622],[75.10088,13.63515],[75.0994,13.63105],[75.09747,13.62891],[75.09889,13.62761],[75.09766,13.6259],[75.0965,13.62719],[75.09537,13.62682],[75.09277,13.62714],[75.09173,13.62773],[75.0899,13.62761],[75.0889,13.62709],[75.08898,13.62608],[75.08769,13.62589],[75.08529,13.62439],[75.08212,13.62528],[75.07942,13.62502],[75.08006,13.62192],[75.08306,13.62131],[75.08282,13.62073],[75.08331,13.61982],[75.08591,13.61937],[75.08566,13.61873],[75.08624,13.61821],[75.08616,13.61764],[75.08567,13.61747],[75.08576,13.61812],[75.08515,13.61829],[75.08523,13.61742],[75.08485,13.61762],[75.08433,13.61708],[75.085,13.61604],[75.0858,13.61679]]]}},{"type":"Feature","properties":{"unitId":706,"unitName":"Sagara Rural PS"},"geometry":{"type":"Polygon","coordinates":[[[74.97836,14.34377],[74.97919,14.34136],[74.98046,14.33998],[74.98131,14.34056],[74.98047,14.34272],[74.98143,14.34312],[74.98356,14.34266],[74.98203,14.34157],[74.98376,14.33968],[74.98373,14.3391],[74.98499,14.33863],[74.98525,14.33941],[74.98645,14.33952],[74.98706,14.33871],[74.98678,14.33802],[74.98915,14.33736],[74.9888,14.3368],[74.98951,14.33596],[74.98932,14.33481],[74.99069,14.33389],[74.99163,14.33182],[74.99248,14.33172],[74.99374,14.33248],[74.99322,14.33059],[74.99519,14.33126],[74.99533,14.32954],[74.99571,14.32924],[74.99649,14.32962],[74.99804,14.3281],[74.99828,14.32634],[74.99947,14.32549],[75.00223,14.32465],[75.00231,14.32254],[75.00287,14.32148],[75.00101,14.31953],[75.00162,14.31954],[75.00163,14.31875],[75.00292,14.31819],[75.00381,14.31592],[75.00459,14.31594],[75.00396,14.31498],[75.00504,14.3147],[75.00611,14.31533],[75.00632,14.31342],[75.00808,14.31243],[75.00828,14.31179],[75.00765,14.31112],[75.00626,14.31178],[75.00591,14.31146],[75.00648,14.31011],[75.00878,14.30867],[75.00918,14.30863],[75.00939,14.30941],[75.01092,14.30921],[75.01017,14.30731],[75.01122,14.30733],[75.01187,14.30603],[75.00962,14.30336],[75.01075,14.30185],[75.01256,14.30103],[75.01096,14.30023],[75.01231,14.29909],[75.01131,14.2981],[75.01172,14.29743],[75.01309,14.29733],[75.01361,14.29415],[75.01472,14.29248],[75.01808,14.29189],[75.01884,14.29121],[75.01791,14.28886],[75.01922,14.28957],[75.02088,14.28854],[75.02179,14.28912],[75.02269,14.28773],[75.02384,14.28727],[75.02622,14.28454],[75.02812,14.28359],[75.02805,14.28294],[75.02884,14.28245],[75.03035,14.28287],[75.02979,14.28136],[75.03307,14.27959],[75.03315,14.28025],[75.03375,14.27996],[75.03536,14.27639],[75.03653,14.27548],[75.03733,14.27566],[75.03757,14.27475],[75.03872,14.27544],[75.03931,14.27519],[75.0405,14.27275],[75.04108,14.27375],[75.04206,14.27386],[75.04254,14.273],[75.0418,14.27232],[75.04186,14.27084],[75.04204,14.27032],[75.04281,14.27016],[75.04238,14.26877],[75.04305,14.26937],[75.04361,14.26735],[75.04538,14.26601],[75.04497,14.26371],[75.04359,14.26274],[75.04394,14.262],[75.04453,14.2621],[75.04568,14.26133],[75.04585,14.26052],[75.04466,14.25941],[75.04555,14.25892],[75.04723,14.25931],[75.0478,14.25901],[75.04804,14.25786],[75.0506,14.258],[75.05054,14.2572],[75.05197,14.25669],[75.05177,14.2543],[75.05288,14.25349],[75.05461,14.25337],[75.05495,14.25146],[75.05645,14.25196],[75.0569,14.25077],[75.05873,14.24925],[75.05837,14.24778],[75.05901,14.24661],[75.05871,14.24604],[75.06077,14.24505],[75.06142,14.24422],[75.06216,14.24155],[75.06202,14.24015],[75.06326,14.2385],[75.06549,14.23892],[75.06677,14.238],[75.06781,14.23893],[75.06789,14.23821],[75.06852,14.23789],[75.06938,14.23839],[75.07002,14.23671],[75.0705,14.23661],[75.07153,14.23804],[75.07276,14.23771],[75.07308,14.23684],[75.07462,14.2375],[75.07495,14.23824],[75.07578,14.23748],[75.07549,14.23679],[75.0762,14.23607],[75.07696,14.23612],[75.07856,14.23509],[75.07952,14.23568],[75.08041,14.2339],[75.08179,14.23348],[75.08188,14.23228],[75.07859,14.22903],[75.07816,14.22485],[75.07719,14.22176],[75.07903,14.221],[75.08102,14.22059],[75.08538,14.22153],[75.08872,14.22884],[75.0896,14.23186],[75.08945,14.23373],[75.09088,14.23598],[75.0925,14.24075],[75.09458,14.24115],[75.09461,14.24082],[75.09973,14.24002],[75.11173,14.24118],[75.11774,14.2439],[75.12336,14.23758],[75.13509,14.24078],[75.14745,14.24313],[75.15872,14.24069],[75.15326,14.2619],[75.16256,14.26742],[75.16653,14.26824],[75.17051,14.26987],[75.17682,14.27337],[75.18632,14.28134],[75.19307,14.28271],[75.19516,14.2864],[75.19927,14.28527],[75.20808,14.28382],[75.2145,14.27909],[75.2192,14.27697],[75.2271,14.27042],[75.24477,14.25997],[75.24339,14.25904],[75.25561,14.25167],[75.26012,14.24972],[75.25952,14.24717],[75.24702,14.23529],[75.23646,14.23296],[75.22984,14.22164],[75.23208,14.21806],[75.23858,14.21057],[75.24217,14.20377],[75.24363,14.20269],[75.25237,14.1997],[75.25256,14.20152],[75.25853,14.21032],[75.2693,14.19809],[75.2796,14.19864],[75.27902,14.1979],[75.27725,14.19728],[75.27618,14.19805],[75.27551,14.1979],[75.27661,14.19625],[75.27653,14.19516],[75.27379,14.19644],[75.27437,14.19344],[75.27312,14.19391],[75.27257,14.19485],[75.27147,14.19488],[75.27099,14.1945],[75.27126,14.19327],[75.27066,14.19334],[75.27004,14.19255],[75.27098,14.1907],[75.26941,14.19052],[75.27036,14.18999],[75.26952,14.18762],[75.27078,14.18773],[75.27386,14.1854],[75.27484,14.18223],[75.27121,14.1616],[75.27401,14.1608],[75.27779,14.16057],[75.27736,14.15916],[75.28648,14.14617],[75.29164,14.14127],[75.29224,14.14151],[75.29543,14.13169],[75.29332,14.12574],[75.28279,14.11196],[75.27816,14.10085],[75.27371,14.10126],[75.27201,14.10225],[75.26716,14.09709],[75.26629,14.08626],[75.28009,14.07904],[75.2862,14.08392],[75.29612,14.07524],[75.28315,14.0606],[75.28316,14.05192],[75.27996,14.04616],[75.27615,14.05034],[75.27179,14.04671],[75.26354,14.04678],[75.2626,14.04803],[75.25929,14.04924],[75.2591,14.04866],[75.2585,14.04882],[75.25676,14.04356],[75.2527,14.04554],[75.24784,14.04869],[75.24829,14.05076],[75.24829,14.0573],[75.24719,14.05738],[75.24709,14.05662],[75.24574,14.0564],[75.24525,14.05677],[75.23907,14.05408],[75.2382,14.05344],[75.23772,14.05218],[75.23647,14.05195],[75.23657,14.05114],[75.23593,14.05134],[75.23186,14.04647],[75.23062,14.04862],[75.22455,14.04642],[75.21611,14.03879],[75.21634,14.03424],[75.20988,14.02829],[75.20763,14.02699],[75.20483,14.02644],[75.20313,14.02546],[75.20292,14.02403],[75.1987,14.02095],[75.19377,14.01974],[75.19209,14.02029],[75.19077,14.02144],[75.19092,14.0251],[75.1973,14.03007],[75.19661,14.03082],[75.19395,14.03746],[75.19087,14.04128],[75.19017,14.0459],[75.17809,14.046],[75.17414,14.04234],[75.17368,14.04245],[75.17485,14.03575],[75.17606,14.03296],[75.17053,14.02943],[75.16761,14.03468],[75.167,14.03873],[75.15853,14.03],[75.15834,14.02346],[75.15688,14.0236],[75.15585,14.02459],[75.15502,14.02433],[75.1522,14.02525],[75.15098,14.02684],[75.15007,14.02694],[75.14914,14.02813],[75.14751,14.02798],[75.14728,14.02707],[75.14547,14.02604],[75.14401,14.02676],[75.14609,14.03536],[75.14489,14.03628],[75.14338,14.03621],[75.14289,14.03734],[75.14045,14.03823],[75.13957,14.03983],[75.14323,14.04377],[75.14697,14.04319],[75.15395,14.04543],[75.15568,14.0467],[75.15844,14.05003],[75.15721,14.05316],[75.15636,14.05329],[75.15034,14.05906],[75.13989,14.06127],[75.13902,14.06303],[75.13971,14.06381],[75.13078,14.08045],[75.13587,14.08291],[75.12777,14.08622],[75.12885,14.09303],[75.12734,14.09325],[75.124,14.09482],[75.11639,14.09625],[75.11554,14.09613],[75.11054,14.09125],[75.10716,14.09124],[75.10518,14.09007],[75.10455,14.09035],[75.10362,14.09921],[75.1001,14.09723],[75.09434,14.09591],[75.09315,14.09635],[75.09131,14.09807],[75.0903,14.09485],[75.09123,14.09082],[75.08939,14.08399],[75.09229,14.07685],[75.09192,14.07684],[75.09198,14.07576],[75.09338,14.07502],[75.09323,14.07432],[75.09484,14.07272],[75.09437,14.07055],[75.09519,14.06862],[75.09642,14.06809],[75.10231,14.07247],[75.10463,14.07366],[75.10272,14.064],[75.10273,14.06061],[75.10216,14.05952],[75.09956,14.05765],[75.09831,14.05742],[75.0977,14.05603],[75.09641,14.05478],[75.09404,14.0545],[75.09087,14.05216],[75.09075,14.05001],[75.08898,14.04888],[75.08788,14.04715],[75.08677,14.04741],[75.08515,14.04573],[75.08381,14.04289],[75.08056,14.04279],[75.07876,14.04142],[75.07959,14.03866],[75.07539,14.03464],[75.07433,14.03215],[75.0698,14.03121],[75.06732,14.03011],[75.06544,14.02788],[75.06324,14.02754],[75.06231,14.02826],[75.05982,14.0261],[75.05834,14.02334],[75.05715,14.02268],[75.05901,14.016],[75.0573,14.00539],[75.05578,14.00631],[75.05199,14.00706],[75.04981,14.00525],[75.04738,14.00422],[75.04376,14.00352],[75.04331,14.00191],[75.04262,14.00144],[75.03978,14.00172],[75.03956,14.00251],[75.03889,14.00271],[75.03584,14.00049],[75.03496,14.00049],[75.03521,14.0036],[75.03413,14.00446],[75.03364,14.00311],[75.03044,14.00177],[75.02865,13.99808],[75.02789,13.99738],[75.02631,13.99739],[75.02174,13.99477],[75.02142,13.99275],[75.02062,13.99206],[75.0167,13.99281],[75.01612,13.9924],[75.01671,13.98945],[75.01612,13.98718],[75.01289,13.98401],[75.01313,13.98248],[75.01441,13.98011],[75.01371,13.97827],[75.01308,13.97792],[75.00655,13.98055],[74.99794,13.98608],[74.9905,13.98701],[74.9893,13.98745],[74.9888,13.98817],[74.98731,13.98841],[74.98657,13.98801],[74.98096,13.98881],[74.97809,13.98977],[74.97778,13.99082],[74.97544,13.99071],[74.97508,13.99406],[74.97348,13.99542],[74.96898,13.99677],[74.96655,13.99578],[74.96315,13.99238],[74.96135,13.99221],[74.95793,13.99817],[74.95551,14.00097],[74.94956,14.00219],[74.94729,14.00402],[74.94623,14.01489],[74.94658,14.02096],[74.94466,14.02167],[74.9418,14.0218],[74.93581,14.02096],[74.9346,14.0221],[74.93518,14.02533],[74.93616,14.02663],[74.93632,14.02824],[74.93753,14.02877],[74.9377,14.02943],[74.9367,14.03377],[74.93538,14.0345],[74.92709,14.03488],[74.92113,14.03927],[74.91526,14.04236],[74.90529,14.04609],[74.8992,14.05039],[74.89526,14.05616],[74.89482,14.05618],[74.89496,14.05917],[74.89797,14.06258],[74.90333,14.06462],[74.90395,14.0663],[74.90427,14.07135],[74.9039,14.07355],[74.90355,14.07441],[74.90216,14.0751],[74.90059,14.07477],[74.89519,14.0756],[74.89348,14.07717],[74.89248,14.0819],[74.89315,14.08486],[74.89467,14.08731],[74.89525,14.09094],[74.89288,14.09397],[74.89263,14.09605],[74.89077,14.09871],[74.888,14.10099],[74.88435,14.10283],[74.88126,14.10584],[74.87861,14.10952],[74.88249,14.10607],[74.88418,14.10369],[74.88842,14.10136],[74.88948,14.10129],[74.88995,14.09979],[74.89417,14.10609],[74.9036,14.11429],[74.90514,14.11449],[74.90649,14.11816],[74.90957,14.12252],[74.91432,14.12607],[74.92129,14.13884],[74.9291,14.13383],[74.92964,14.13773],[74.92817,14.15278],[74.91978,14.15906],[74.91877,14.1612],[74.91699,14.16221],[74.91648,14.16122],[74.91599,14.16147],[74.91589,14.16245],[74.90722,14.16685],[74.90211,14.17103],[74.89732,14.17066],[74.89256,14.17341],[74.88986,14.18158],[74.88855,14.18202],[74.88455,14.18455],[74.88433,14.18524],[74.8701,14.19354],[74.86433,14.19556],[74.86295,14.19657],[74.86165,14.19796],[74.86061,14.2026],[74.85964,14.20347],[74.85934,14.20522],[74.85605,14.20855],[74.85795,14.21153],[74.85914,14.21506],[74.86025,14.21586],[74.86021,14.21756],[74.86724,14.21831],[74.86806,14.22588],[74.86928,14.2256],[74.86954,14.22737],[74.86821,14.2279],[74.86866,14.23309],[74.86932,14.23388],[74.86903,14.23441],[74.86945,14.23637],[74.87087,14.23921],[74.87345,14.24029],[74.88091,14.23286],[74.87958,14.23039],[74.87977,14.2298],[74.87601,14.22595],[74.87573,14.21928],[74.87885,14.22171],[74.87992,14.21972],[74.87761,14.21716],[74.87847,14.21402],[74.88774,14.21459],[74.88869,14.21542],[74.89456,14.21692],[74.89706,14.21924],[74.89705,14.22146],[74.89646,14.22197],[74.8983,14.22467],[74.89623,14.22617],[74.8966,14.22702],[74.89747,14.22698],[74.89869,14.22813],[74.90024,14.22849],[74.90274,14.22813],[74.90364,14.22864],[74.90368,14.22926],[74.90586,14.23001],[74.90775,14.22904],[74.90804,14.22831],[74.90952,14.22731],[74.91098,14.22712],[74.91406,14.22906],[74.91566,14.22763],[74.91653,14.22782],[74.91737,14.22718],[74.9178,14.22745],[74.91916,14.22694],[74.92138,14.22781],[74.92236,14.23031],[74.92346,14.2303],[74.92427,14.23155],[74.92386,14.23211],[74.92542,14.23287],[74.92595,14.23376],[74.92719,14.23405],[74.92723,14.23495],[74.92895,14.23479],[74.92905,14.23541],[74.9281,14.23596],[74.92883,14.23815],[74.93046,14.23823],[74.93094,14.2408],[74.93187,14.24119],[74.93211,14.24192],[74.93436,14.24229],[74.93545,14.24315],[74.93481,14.24554],[74.93622,14.24805],[74.93641,14.25167],[74.93806,14.25412],[74.93873,14.25419],[74.9391,14.25537],[74.93806,14.25603],[74.93666,14.25554],[74.93507,14.25789],[74.9348,14.25915],[74.93517,14.261],[74.9344,14.26184],[74.93427,14.26338],[74.92806,14.26496],[74.92912,14.26522],[74.92655,14.27541],[74.9267,14.27735],[74.92376,14.27809],[74.91655,14.27303],[74.91512,14.27585],[74.91455,14.27543],[74.91214,14.27577],[74.91098,14.27732],[74.90983,14.27774],[74.91014,14.2783],[74.90945,14.28126],[74.90884,14.28151],[74.90832,14.28384],[74.90756,14.28507],[74.90862,14.28627],[74.90849,14.28845],[74.90599,14.29318],[74.90941,14.29612],[74.91176,14.29702],[74.91221,14.29826],[74.91335,14.29858],[74.91435,14.29967],[74.91412,14.30373],[74.91599,14.30784],[74.91885,14.31168],[74.91941,14.31356],[74.92019,14.31375],[74.92046,14.31515],[74.92151,14.31623],[74.92292,14.31645],[74.92447,14.31858],[74.92701,14.3196],[74.92923,14.31958],[74.92982,14.32046],[74.93041,14.32028],[74.93036,14.31902],[74.93089,14.31886],[74.93251,14.32112],[74.93388,14.32045],[74.93652,14.32238],[74.93841,14.3213],[74.93866,14.31967],[74.94017,14.31959],[74.94095,14.31859],[74.9422,14.3181],[74.94276,14.31852],[74.94411,14.31813],[74.9446,14.31857],[74.94589,14.31808],[74.94801,14.31874],[74.94811,14.31975],[74.949,14.31987],[74.95216,14.31715],[74.95253,14.31761],[74.95226,14.31838],[74.95416,14.31855],[74.95485,14.31981],[74.95575,14.31966],[74.95668,14.32033],[74.95619,14.32272],[74.95817,14.32385],[74.95975,14.32234],[74.96128,14.32198],[74.96233,14.31862],[74.96285,14.31806],[74.96406,14.31785],[74.96471,14.31823],[74.96466,14.31738],[74.96827,14.31737],[74.97117,14.31654],[74.97237,14.31816],[74.9747,14.31906],[74.97568,14.31899],[74.97646,14.32129],[74.97427,14.3219],[74.97342,14.32269],[74.97351,14.32144],[74.97222,14.32059],[74.96961,14.32552],[74.96987,14.32636],[74.97334,14.32743],[74.97447,14.33195],[74.97588,14.33379],[74.97424,14.33461],[74.97373,14.33807],[74.97506,14.33981],[74.97465,14.3417],[74.97248,14.34243],[74.97219,14.34291],[74.97309,14.34372],[74.97836,14.34377]],[[75.02508,14.19121],[75.02373,14.19116],[75.02386,14.18794],[75.02107,14.18535],[75.02035,14.18519],[75.02039,14.18075],[75.01961,14.17499],[75.01736,14.17478],[75.01603,14.17554],[75.01417,14.17522],[75.01276,14.17433],[75.01191,14.17511],[75.01081,14.17383],[75.00948,14.17508],[75.00706,14.17523],[75.00548,14.17596],[75.00633,14.17369],[75.00593,14.17323],[75.0058,14.1701],[75.00334,14.16586],[75.00456,14.16581],[75.00808,14.16395],[75.00887,14.16613],[75.0108,14.16835],[75.01237,14.16737],[75.01348,14.16804],[75.01506,14.16462],[75.01474,14.16194],[75.01614,14.15728],[75.01558,14.15492],[75.01839,14.15476],[75.01877,14.15324],[75.01798,14.14714],[75.02672,14.14526],[75.0259,14.14302],[75.02955,14.14132],[75.03026,14.1371],[75.03282,14.13706],[75.03284,14.13849],[75.0344,14.13921],[75.03336,14.14266],[75.03393,14.14356],[75.03376,14.14471],[75.0354,14.14761],[75.03482,14.14814],[75.03598,14.15042],[75.04064,14.1481],[75.04164,14.14998],[75.04398,14.14912],[75.04417,14.15138],[75.04461,14.1514],[75.04557,14.1547],[75.04633,14.15523],[75.04744,14.15518],[75.04685,14.15549],[75.04673,14.1566],[75.04631,14.15676],[75.04692,14.15983],[75.04985,14.16165],[75.0504,14.16275],[75.05075,14.16297],[75.05192,14.16194],[75.05349,14.16149],[75.05327,14.15997],[75.05506,14.1588],[75.05623,14.15932],[75.05782,14.15838],[75.05807,14.15868],[75.05968,14.1582],[75.05967,14.15874],[75.06184,14.15816],[75.06233,14.15978],[75.06092,14.16031],[75.0565,14.16852],[75.05388,14.17134],[75.05528,14.17233],[75.05534,14.17307],[75.05382,14.17219],[75.05115,14.17246],[75.04809,14.17087],[75.04704,14.17089],[75.04707,14.17185],[75.04597,14.17222],[75.05199,14.18348],[75.05085,14.18816],[75.0453,14.18833],[75.04427,14.18736],[75.03973,14.1896],[75.03914,14.1904],[75.03778,14.1902],[75.03651,14.18901],[75.03212,14.19151],[75.03117,14.19],[75.02926,14.19085],[75.02953,14.19147],[75.02508,14.19121]],[[75.12511,14.09452],[75.12556,14.09488],[75.12511,14.09452]]]}},{"type":"Feature","properties":{"unitId":707,"unitName":"Agumbe PS"},"geometry":{"type":"MultiPolygon","coordinates":[[[[75.08604,13.61602],[75.0863,13.61806],[75.08566,13.61873],[75.08591,13.61937],[75.08331,13.61982],[75.08282,13.62073],[75.08306,13.62131],[75.08006,13.62192],[75.07942,13.62502],[75.08212,13.62528],[75.08529,13.62439],[75.08769,13.62589],[75.08898,13.62608],[75.0889,13.62709],[75.0899,13.62761],[75.09173,13.62773],[75.09277,13.62714],[75.09537,13.62682],[75.0965,13.62719],[75.09766,13.6259],[75.09889,13.62761],[75.09747,13.62891],[75.0994,13.63105],[75.10088,13.63515],[75.10051,13.63622],[75.10848,13.63258],[75.1096,13.63342],[75.11031,13.63496],[75.11152,13.635],[75.11173,13.63589],[75.11104,13.63675],[75.11221,13.63785],[75.11306,13.63787],[75.1129,13.63967],[75.11431,13.64128],[75.11433,13.64236],[75.12112,13.64324],[75.12294,13.64301],[75.12414,13.64463],[75.1269,13.64523],[75.12939,13.64743],[75.13265,13.6466],[75.13307,13.6479],[75.1353,13.64716],[75.13619,13.65243],[75.13788,13.64941],[75.1385,13.64935],[75.13797,13.64918],[75.13876,13.6479],[75.13821,13.64697],[75.1383,13.64537],[75.14101,13.64584],[75.14197,13.64437],[75.14179,13.6437],[75.14281,13.64334],[75.14593,13.64559],[75.14879,13.64401],[75.15155,13.64485],[75.1557,13.64133],[75.15883,13.64169],[75.16259,13.63909],[75.16329,13.6394],[75.16613,13.63837],[75.16683,13.63754],[75.16647,13.63701],[75.16664,13.63433],[75.16778,13.6321],[75.1685,13.62604],[75.16791,13.62282],[75.172,13.61786],[75.17108,13.61508],[75.16557,13.61248],[75.16646,13.61034],[75.16654,13.60841],[75.16743,13.60783],[75.1705,13.60866],[75.17211,13.60827],[75.17312,13.60743],[75.18006,13.60946],[75.18731,13.61602],[75.18511,13.61844],[75.18241,13.62321],[75.18364,13.62476],[75.18698,13.62611],[75.18701,13.63049],[75.18785,13.63125],[75.1861,13.63195],[75.1842,13.63441],[75.19011,13.63953],[75.19186,13.64195],[75.19227,13.64699],[75.19423,13.6471],[75.19548,13.64839],[75.19546,13.65374],[75.19936,13.65438],[75.20107,13.6569],[75.19902,13.65833],[75.19926,13.66405],[75.20008,13.66408],[75.20685,13.65925],[75.20871,13.65984],[75.20955,13.66143],[75.21126,13.65771],[75.21494,13.65317],[75.22046,13.64802],[75.2234,13.64297],[75.22411,13.64098],[75.22364,13.64021],[75.22112,13.63855],[75.22053,13.63751],[75.2216,13.63551],[75.22532,13.63353],[75.22724,13.62993],[75.23222,13.62579],[75.23339,13.62328],[75.23487,13.62262],[75.23434,13.62169],[75.23842,13.61887],[75.2414,13.61074],[75.24454,13.60547],[75.23688,13.60212],[75.23684,13.5998],[75.23627,13.59987],[75.23601,13.59927],[75.23177,13.59994],[75.23017,13.60192],[75.23072,13.60328],[75.22918,13.60374],[75.22941,13.60429],[75.22568,13.60593],[75.22377,13.60435],[75.22094,13.60385],[75.22264,13.59648],[75.22088,13.59559],[75.22054,13.5944],[75.2188,13.59204],[75.21574,13.58997],[75.21181,13.585],[75.21241,13.57729],[75.2181,13.5748],[75.22315,13.56953],[75.22612,13.56822],[75.22529,13.56491],[75.22214,13.56255],[75.22195,13.55945],[75.22116,13.55852],[75.216,13.55829],[75.21554,13.55636],[75.21707,13.55566],[75.21945,13.55587],[75.21994,13.55525],[75.21886,13.55391],[75.21818,13.55127],[75.22098,13.54847],[75.22365,13.54826],[75.22176,13.54099],[75.22077,13.53427],[75.22143,13.53163],[75.22315,13.5304],[75.2248,13.52819],[75.22264,13.52549],[75.22294,13.52532],[75.21884,13.52397],[75.2181,13.52576],[75.21004,13.52596],[75.20695,13.52471],[75.20602,13.52078],[75.20431,13.52012],[75.20343,13.51883],[75.20349,13.51759],[75.20748,13.5189],[75.21083,13.51829],[75.21053,13.51632],[75.20561,13.51526],[75.2028,13.509],[75.19944,13.51],[75.19812,13.50734],[75.19675,13.50744],[75.19688,13.50888],[75.18839,13.50888],[75.18122,13.50517],[75.18065,13.50309],[75.17979,13.50337],[75.17934,13.50304],[75.17704,13.49879],[75.17655,13.49869],[75.17181,13.50369],[75.17073,13.50696],[75.16087,13.49775],[75.15939,13.49351],[75.15593,13.49019],[75.14679,13.47904],[75.13527,13.47803],[75.13742,13.4725],[75.13678,13.46905],[75.13942,13.4657],[75.13938,13.46405],[75.14007,13.46347],[75.13765,13.46301],[75.13539,13.46375],[75.13305,13.4629],[75.12953,13.46452],[75.12696,13.46466],[75.1253,13.46413],[75.12409,13.46312],[75.12389,13.46235],[75.1209,13.46214],[75.1174,13.46121],[75.11542,13.45899],[75.11545,13.45985],[75.11408,13.46188],[75.11125,13.46341],[75.11228,13.46629],[75.11177,13.46794],[75.11367,13.47007],[75.11297,13.47273],[75.11245,13.47295],[75.11159,13.47228],[75.10852,13.4794],[75.10703,13.48014],[75.10642,13.48133],[75.10203,13.4848],[75.10164,13.48697],[75.09818,13.48372],[75.09783,13.4845],[75.09459,13.48713],[75.0924,13.48805],[75.09251,13.48905],[75.09167,13.48995],[75.09176,13.49092],[75.09039,13.49102],[75.08934,13.49173],[75.08713,13.49179],[75.08461,13.4904],[75.08422,13.48928],[75.08159,13.49324],[75.07849,13.49429],[75.07824,13.49532],[75.07881,13.4979],[75.07772,13.49819],[75.07705,13.50059],[75.0786,13.50282],[75.07629,13.51043],[75.07713,13.51404],[75.07589,13.51497],[75.07402,13.51444],[75.07378,13.51552],[75.07516,13.51651],[75.07568,13.51864],[75.07828,13.52106],[75.07358,13.52393],[75.07279,13.52568],[75.07371,13.52717],[75.07106,13.52849],[75.07061,13.53089],[75.06891,13.52998],[75.06479,13.51934],[75.06112,13.52017],[75.0635,13.52227],[75.06531,13.52569],[75.06824,13.53212],[75.06768,13.53397],[75.06576,13.53688],[75.063,13.5354],[75.06039,13.53243],[75.05855,13.53544],[75.05374,13.53617],[75.05639,13.5417],[75.05355,13.54859],[75.0541,13.55047],[75.05258,13.55311],[75.05016,13.55443],[75.04849,13.55476],[75.04732,13.55401],[75.04559,13.5539],[75.04516,13.55575],[75.04604,13.55859],[75.0446,13.5605],[75.04288,13.56163],[75.04223,13.56354],[75.03852,13.56494],[75.03904,13.56642],[75.03801,13.56874],[75.0383,13.56941],[75.03719,13.57259],[75.03784,13.57346],[75.03958,13.57377],[75.0401,13.57346],[75.04055,13.57413],[75.0437,13.58204],[75.0451,13.58403],[75.04511,13.58518],[75.04767,13.58514],[75.04898,13.58307],[75.05147,13.58311],[75.05258,13.5846],[75.0565,13.58506],[75.05686,13.58625],[75.05758,13.58683],[75.05733,13.58827],[75.05827,13.58888],[75.0593,13.58827],[75.05992,13.58871],[75.06067,13.59159],[75.06139,13.5923],[75.06132,13.59334],[75.06248,13.59501],[75.06262,13.59553],[75.06124,13.59655],[75.06094,13.59835],[75.06158,13.60158],[75.06194,13.60243],[75.06248,13.60242],[75.06065,13.60685],[75.05901,13.60714],[75.05774,13.60814],[75.05697,13.61097],[75.05606,13.61047],[75.05357,13.61112],[75.05053,13.61598],[75.05524,13.62043],[75.05667,13.62375],[75.05701,13.62361],[75.05831,13.62496],[75.05735,13.62535],[75.05875,13.62887],[75.06189,13.62647],[75.0628,13.62664],[75.06408,13.62781],[75.06615,13.62415],[75.07164,13.61644],[75.07468,13.61321],[75.07572,13.60982],[75.07983,13.60852],[75.08604,13.61602]]],[[[75.08587,13.61753],[75.08521,13.6161],[75.08453,13.61633],[75.08433,13.61708],[75.08485,13.61762],[75.08523,13.61742],[75.08515,13.61829],[75.08576,13.61812],[75.08587,13.61753]]]]}},{"type":"Feature","properties":{"unitId":708,"unitName":"Rippanpete PS"},"geometry":{"type":"Polygon","coordinates":[[[75.31414,14.04745],[75.3127,14.03553],[75.31331,14.03568],[75.32928,14.02898],[75.34225,14.01784],[75.35729,14.02009],[75.35746,14.01979],[75.35671,14.01913],[75.35594,14.01413],[75.35474,14.01294],[75.35342,14.00796],[75.35061,14.00712],[75.35064,14.00397],[75.35145,14.00241],[75.35108,14.002],[75.34821,14.00225],[75.34963,14.00069],[75.35045,14.00052],[75.35083,13.99772],[75.35047,13.99768],[75.35051,13.99699],[75.35221,13.99571],[75.35147,13.99538],[75.35169,13.99311],[75.35564,13.98802],[75.3598,13.97877],[75.36072,13.97413],[75.36199,13.97231],[75.35102,13.95661],[75.35454,13.95659],[75.36705,13.95425],[75.37146,13.9469],[75.36981,13.922],[75.3695,13.89604],[75.37287,13.86981],[75.37272,13.86277],[75.37436,13.85375],[75.36027,13.85299],[75.3591,13.85304],[75.35745,13.85416],[75.35446,13.85273],[75.34162,13.85562],[75.33253,13.86229],[75.33395,13.87096],[75.3252,13.8734],[75.32351,13.88009],[75.31986,13.88321],[75.32035,13.88933],[75.30691,13.88632],[75.30619,13.88751],[75.29965,13.88926],[75.29051,13.89014],[75.27467,13.8866],[75.26381,13.89202],[75.26395,13.89105],[75.26283,13.88922],[75.26249,13.88752],[75.26258,13.88584],[75.26121,13.88506],[75.26109,13.88411],[75.26193,13.88353],[75.26195,13.88232],[75.26326,13.87978],[75.26297,13.87856],[75.26373,13.87743],[75.26158,13.87702],[75.24478,13.87889],[75.23552,13.88093],[75.2366,13.88801],[75.23887,13.89303],[75.22211,13.90223],[75.21642,13.9003],[75.21528,13.89923],[75.21513,13.89735],[75.21627,13.89623],[75.21775,13.8896],[75.22148,13.89013],[75.22022,13.87444],[75.22178,13.87434],[75.22377,13.86992],[75.2247,13.87012],[75.22536,13.86674],[75.22457,13.86447],[75.22216,13.86414],[75.22221,13.86335],[75.22248,13.86267],[75.22439,13.86261],[75.22552,13.86137],[75.2259,13.85904],[75.22483,13.8579],[75.22623,13.85711],[75.22742,13.85825],[75.22811,13.85722],[75.22742,13.85693],[75.22747,13.85649],[75.22263,13.85603],[75.2225,13.85183],[75.22397,13.84885],[75.22404,13.84549],[75.22246,13.84384],[75.21948,13.84875],[75.2195,13.84944],[75.21887,13.8498],[75.21113,13.84649],[75.20666,13.84246],[75.20734,13.83937],[75.19845,13.83245],[75.19455,13.83275],[75.18291,13.82473],[75.17799,13.82039],[75.17719,13.82099],[75.18754,13.8379],[75.18256,13.84165],[75.17909,13.84501],[75.17803,13.84517],[75.17083,13.843],[75.16947,13.84411],[75.15913,13.84653],[75.15719,13.85191],[75.15441,13.85413],[75.15467,13.85639],[75.14968,13.86099],[75.14834,13.86328],[75.14716,13.86677],[75.13849,13.86129],[75.13555,13.86315],[75.13527,13.86405],[75.13592,13.86559],[75.13872,13.86909],[75.13872,13.87699],[75.14223,13.87743],[75.1446,13.87966],[75.14526,13.88576],[75.13727,13.89279],[75.13939,13.8947],[75.13882,13.8974],[75.13395,13.908],[75.13027,13.91243],[75.12833,13.91771],[75.12785,13.92396],[75.13041,13.92653],[75.12657,13.93403],[75.12235,13.93422],[75.12207,13.9349],[75.12547,13.93914],[75.13255,13.93414],[75.13414,13.9413],[75.135,13.9551],[75.13423,13.95638],[75.1422,13.95373],[75.15557,13.96325],[75.1511,13.97103],[75.15197,13.97777],[75.15228,13.97979],[75.15576,13.98366],[75.15638,13.98563],[75.15375,13.98782],[75.1536,13.98855],[75.15718,13.99419],[75.15688,13.99513],[75.1596,13.99511],[75.15945,13.99795],[75.16063,13.99925],[75.1596,14.00364],[75.15534,14.00612],[75.15226,14.00895],[75.14899,14.00903],[75.14742,14.00954],[75.14882,14.01317],[75.15897,14.02097],[75.16194,14.02096],[75.17268,14.01702],[75.17259,14.01759],[75.17366,14.01768],[75.17332,14.01876],[75.17522,14.02451],[75.17894,14.02577],[75.18513,14.02697],[75.19092,14.0251],[75.19077,14.02144],[75.19209,14.02029],[75.19377,14.01974],[75.1987,14.02095],[75.20292,14.02403],[75.20313,14.02546],[75.20483,14.02644],[75.20763,14.02699],[75.20988,14.02829],[75.21634,14.03424],[75.21611,14.03879],[75.22455,14.04642],[75.23062,14.04862],[75.23186,14.04647],[75.23593,14.05134],[75.23657,14.05114],[75.23647,14.05195],[75.23772,14.05218],[75.2382,14.05344],[75.23907,14.05408],[75.24525,14.05677],[75.24574,14.0564],[75.24709,14.05662],[75.24719,14.05738],[75.24829,14.0573],[75.24829,14.05076],[75.24784,14.04869],[75.2527,14.04554],[75.25676,14.04356],[75.2585,14.04882],[75.2591,14.04866],[75.25929,14.04924],[75.2626,14.04803],[75.26354,14.04678],[75.27179,14.04671],[75.27615,14.05034],[75.27996,14.04616],[75.28316,14.05192],[75.28315,14.0606],[75.29612,14.07524],[75.29864,14.07303],[75.3132,14.05634],[75.31559,14.05126],[75.31452,14.05033],[75.31414,14.04745]]]}},{"type":"Feature","properties":{"unitId":709,"unitName":"Hosanagara PS"},"geometry":{"type":"MultiPolygon","coordinates":[[[[75.10362,14.09921],[75.10455,14.09035],[75.10518,14.09007],[75.10716,14.09124],[75.11054,14.09125],[75.11554,14.09613],[75.11639,14.09625],[75.124,14.09482],[75.12734,14.09325],[75.12885,14.09303],[75.12777,14.08622],[75.13587,14.08291],[75.13078,14.08045],[75.13971,14.06381],[75.13902,14.06303],[75.13989,14.06127],[75.15034,14.05906],[75.15636,14.05329],[75.15721,14.05316],[75.15844,14.05003],[75.15444,14.04571],[75.14697,14.04319],[75.14323,14.04377],[75.13957,14.03983],[75.14045,14.03823],[75.14289,14.03734],[75.14338,14.03621],[75.14489,14.03628],[75.14609,14.03536],[75.14401,14.02676],[75.14547,14.02604],[75.14728,14.02707],[75.14751,14.02798],[75.14914,14.02813],[75.15007,14.02694],[75.15098,14.02684],[75.1522,14.02525],[75.15502,14.02433],[75.15585,14.02459],[75.15688,14.0236],[75.15834,14.02346],[75.15853,14.03],[75.167,14.03873],[75.16761,14.03468],[75.16837,14.03302],[75.17053,14.02943],[75.17189,14.03002],[75.17606,14.03296],[75.17485,14.03575],[75.17368,14.04245],[75.17414,14.04234],[75.17809,14.046],[75.19017,14.0459],[75.19087,14.04128],[75.19395,14.03746],[75.19661,14.03082],[75.1973,14.03007],[75.19092,14.0251],[75.18513,14.02697],[75.17894,14.02577],[75.17522,14.02451],[75.17332,14.01876],[75.17366,14.01768],[75.17259,14.01759],[75.17268,14.01702],[75.16194,14.02096],[75.15897,14.02097],[75.14882,14.01317],[75.14742,14.00954],[75.14899,14.00903],[75.15226,14.00895],[75.15534,14.00612],[75.1596,14.00364],[75.16063,13.99925],[75.15945,13.99795],[75.1596,13.99511],[75.15688,13.99513],[75.15718,13.99419],[75.1536,13.98855],[75.15375,13.98782],[75.15638,13.98563],[75.15576,13.98366],[75.15228,13.97979],[75.15197,13.97777],[75.1511,13.97103],[75.15557,13.96325],[75.1422,13.95373],[75.13423,13.95638],[75.135,13.9551],[75.13414,13.9413],[75.13255,13.93414],[75.12547,13.93914],[75.12207,13.9349],[75.12235,13.93422],[75.12657,13.93403],[75.13041,13.92653],[75.12785,13.92396],[75.12833,13.91771],[75.13027,13.91243],[75.13395,13.908],[75.13882,13.8974],[75.13939,13.8947],[75.13727,13.89279],[75.14526,13.88576],[75.1446,13.87966],[75.14223,13.87743],[75.13872,13.87699],[75.13872,13.86909],[75.13592,13.86559],[75.13527,13.86405],[75.13555,13.86315],[75.13849,13.86129],[75.14716,13.86677],[75.14834,13.86328],[75.14968,13.86099],[75.15467,13.85639],[75.15441,13.85413],[75.15188,13.84972],[75.15082,13.84464],[75.14562,13.841],[75.14508,13.84113],[75.14767,13.83747],[75.14907,13.83702],[75.14948,13.83262],[75.14527,13.82983],[75.14434,13.82939],[75.14333,13.82957],[75.14333,13.82887],[75.14166,13.82811],[75.1372,13.81564],[75.15005,13.80278],[75.1492,13.80183],[75.14332,13.80166],[75.14445,13.79618],[75.13879,13.79414],[75.13616,13.79259],[75.13459,13.79251],[75.12692,13.7943],[75.11762,13.80107],[75.11204,13.80403],[75.08728,13.82243],[75.08569,13.82969],[75.07316,13.83871],[75.07091,13.851],[75.06897,13.8544],[75.06867,13.85367],[75.06137,13.85396],[75.0589,13.8572],[75.0522,13.85795],[75.0512,13.85864],[75.04054,13.85972],[75.03879,13.86119],[75.03702,13.86084],[75.03711,13.86391],[75.03837,13.86537],[75.0392,13.86764],[75.03932,13.87024],[75.03676,13.87186],[75.03529,13.87367],[75.03492,13.87666],[75.03601,13.88027],[75.03624,13.88298],[75.0335,13.88324],[75.03038,13.88441],[75.02393,13.88477],[75.02384,13.88658],[75.02315,13.88762],[75.0211,13.88778],[75.02087,13.88821],[75.0206,13.89156],[75.02144,13.89346],[75.01942,13.89529],[75.01825,13.89794],[75.01671,13.89802],[75.01381,13.9019],[75.01291,13.90525],[75.01377,13.90801],[75.01563,13.90909],[75.01646,13.91072],[75.01488,13.91153],[75.01374,13.91155],[75.0084,13.90892],[75.0069,13.90947],[75.0048,13.91157],[75.00324,13.91551],[75.00221,13.91664],[75.00101,13.91713],[74.99955,13.91909],[74.99993,13.91937],[74.99925,13.92051],[74.99993,13.92147],[74.99986,13.92302],[74.99809,13.92636],[75.00075,13.92811],[75.00234,13.93155],[75.00429,13.93337],[75.00404,13.93593],[75.00253,13.9393],[75.00317,13.94064],[75.00454,13.94108],[75.00551,13.94221],[75.00568,13.9436],[75.0046,13.94603],[75.00597,13.94761],[75.00407,13.94951],[75.00372,13.95116],[74.99425,13.95977],[74.98627,13.95947],[74.98315,13.95542],[74.98184,13.95595],[74.97977,13.95505],[74.97825,13.95537],[74.97692,13.954],[74.97585,13.9564],[74.97496,13.95705],[74.97075,13.95717],[74.97004,13.95763],[74.97032,13.95857],[74.96976,13.95894],[74.96742,13.95736],[74.96465,13.95371],[74.95831,13.95345],[74.95841,13.95578],[74.96021,13.96364],[74.95892,13.96655],[74.95773,13.96854],[74.95421,13.96714],[74.95118,13.96844],[74.94956,13.97486],[74.94993,13.97757],[74.94297,13.98291],[74.94157,13.98732],[74.93908,13.98728],[74.93514,13.98905],[74.92998,13.98931],[74.93025,13.98649],[74.92876,13.98531],[74.92822,13.98192],[74.9201,13.98444],[74.91465,13.98243],[74.91205,13.9831],[74.91108,13.98527],[74.90871,13.98578],[74.90754,13.98764],[74.90605,13.98756],[74.90589,13.98943],[74.90511,13.98994],[74.90891,13.99326],[74.91011,13.99785],[74.91443,13.99685],[74.91665,13.9995],[74.91652,14.00042],[74.91478,14.0026],[74.9144,14.0052],[74.91548,14.00585],[74.91718,14.00581],[74.91746,14.00723],[74.91587,14.01201],[74.9182,14.01153],[74.9194,14.01242],[74.92016,14.01466],[74.91844,14.01766],[74.91675,14.0181],[74.91663,14.01898],[74.91801,14.0217],[74.91911,14.02309],[74.92082,14.02403],[74.92251,14.02429],[74.92389,14.02537],[74.9252,14.0286],[74.92733,14.02977],[74.92759,14.03022],[74.92662,14.03114],[74.92634,14.0323],[74.92824,14.0348],[74.93538,14.0345],[74.9367,14.03377],[74.9377,14.02943],[74.93753,14.02877],[74.93632,14.02824],[74.93616,14.02663],[74.93518,14.02533],[74.9346,14.0221],[74.93581,14.02096],[74.9418,14.0218],[74.94466,14.02167],[74.94658,14.02096],[74.94623,14.01489],[74.94729,14.00402],[74.94956,14.00219],[74.95551,14.00097],[74.95793,13.99817],[74.96135,13.99221],[74.96315,13.99238],[74.96655,13.99578],[74.96898,13.99677],[74.97348,13.99542],[74.97508,13.99406],[74.97544,13.99071],[74.97778,13.99082],[74.97809,13.98977],[74.98096,13.98881],[74.98657,13.98801],[74.98731,13.98841],[74.9888,13.98817],[74.9893,13.98745],[74.9905,13.98701],[74.99794,13.98608],[75.00655,13.98055],[75.01308,13.97792],[75.01371,13.97827],[75.01441,13.98011],[75.01313,13.98248],[75.01289,13.98401],[75.01612,13.98718],[75.01671,13.98945],[75.01612,13.9924],[75.0167,13.99281],[75.02062,13.99206],[75.02142,13.99275],[75.02174,13.99477],[75.02631,13.99739],[75.02789,13.99738],[75.02865,13.99808],[75.03044,14.00177],[75.03364,14.00311],[75.03413,14.00446],[75.03521,14.0036],[75.03496,14.00049],[75.03584,14.00049],[75.03889,14.00271],[75.03956,14.00251],[75.03978,14.00172],[75.04262,14.00144],[75.04331,14.00191],[75.04376,14.00352],[75.04738,14.00422],[75.04981,14.00525],[75.05199,14.00706],[75.05578,14.00631],[75.0573,14.00539],[75.05901,14.016],[75.05715,14.02268],[75.05834,14.02334],[75.05982,14.0261],[75.06231,14.02826],[75.06324,14.02754],[75.06544,14.02788],[75.06732,14.03011],[75.0698,14.03121],[75.07433,14.03215],[75.07539,14.03464],[75.07959,14.03866],[75.07876,14.04142],[75.08056,14.04279],[75.08381,14.04289],[75.08515,14.04573],[75.08677,14.04741],[75.08788,14.04715],[75.08898,14.04888],[75.09075,14.05001],[75.09087,14.05216],[75.09404,14.0545],[75.09641,14.05478],[75.0977,14.05603],[75.09831,14.05742],[75.09956,14.05765],[75.10216,14.05952],[75.10273,14.06061],[75.10272,14.064],[75.10463,14.07366],[75.10231,14.07247],[75.09642,14.06809],[75.0954,14.0684],[75.09437,14.07055],[75.09484,14.07272],[75.09323,14.07432],[75.09338,14.07502],[75.09198,14.07576],[75.09192,14.07684],[75.09229,14.07685],[75.08939,14.08399],[75.09123,14.09082],[75.0903,14.09485],[75.09131,14.09807],[75.09315,14.09635],[75.09434,14.09591],[75.1001,14.09723],[75.10362,14.09921]]],[[[75.12544,14.09452],[75.12508,14.09453],[75.12544,14.09494],[75.12544,14.09452]]]]}},{"type":"Feature","properties":{"unitId":710,"unitName":"Thirthahalli PS"},"geometry":{"type":"Polygon","coordinates":[[[75.22211,13.90223],[75.23887,13.89303],[75.2366,13.88801],[75.23552,13.88093],[75.24478,13.87889],[75.26158,13.87702],[75.26373,13.87743],[75.26297,13.87856],[75.26326,13.87978],[75.26195,13.88232],[75.26193,13.88353],[75.26109,13.88411],[75.26121,13.88506],[75.26258,13.88584],[75.26249,13.88752],[75.26283,13.88922],[75.26395,13.89105],[75.26381,13.89202],[75.27467,13.8866],[75.29051,13.89014],[75.29965,13.88926],[75.30619,13.88751],[75.30691,13.88632],[75.32035,13.88933],[75.31986,13.88321],[75.32351,13.88009],[75.3252,13.8734],[75.31596,13.85413],[75.31309,13.84593],[75.31288,13.843],[75.31347,13.84159],[75.31553,13.83932],[75.31771,13.83902],[75.31729,13.83808],[75.31861,13.83774],[75.31567,13.83196],[75.31579,13.83143],[75.32078,13.8295],[75.31832,13.82543],[75.31329,13.81373],[75.32015,13.80991],[75.31898,13.80855],[75.31463,13.80588],[75.31211,13.80256],[75.30845,13.79965],[75.31076,13.79858],[75.31304,13.79615],[75.31554,13.79024],[75.31277,13.78606],[75.31178,13.78315],[75.30778,13.78172],[75.30473,13.77894],[75.3,13.77767],[75.29766,13.77877],[75.29473,13.77878],[75.2894,13.79219],[75.28895,13.79129],[75.28441,13.78816],[75.28322,13.78798],[75.27857,13.7836],[75.28673,13.77036],[75.2811,13.76507],[75.28075,13.76318],[75.28109,13.76253],[75.28218,13.76238],[75.28274,13.7616],[75.28189,13.75905],[75.28431,13.75887],[75.28538,13.75946],[75.28587,13.75906],[75.28471,13.75602],[75.28472,13.75442],[75.28615,13.75149],[75.28843,13.75007],[75.28872,13.74658],[75.28965,13.74498],[75.28922,13.74331],[75.28777,13.74329],[75.2877,13.74246],[75.28877,13.74138],[75.29018,13.74151],[75.29101,13.74066],[75.29154,13.7391],[75.29166,13.73752],[75.29085,13.73596],[75.29144,13.73461],[75.29109,13.73319],[75.29175,13.73181],[75.29112,13.7306],[75.28994,13.73094],[75.28942,13.73003],[75.28941,13.72748],[75.28849,13.72519],[75.28912,13.72487],[75.28622,13.7236],[75.28671,13.72178],[75.28543,13.72053],[75.28596,13.71942],[75.2854,13.71912],[75.28623,13.71804],[75.28634,13.71636],[75.28681,13.71637],[75.28642,13.71557],[75.28866,13.71367],[75.28893,13.71322],[75.28835,13.71241],[75.28866,13.71205],[75.2897,13.71182],[75.29003,13.71072],[75.29057,13.7108],[75.29025,13.70959],[75.28948,13.70982],[75.28908,13.70949],[75.28973,13.70868],[75.2888,13.70682],[75.29703,13.69521],[75.29823,13.69516],[75.29915,13.69682],[75.30216,13.69781],[75.30766,13.69696],[75.30849,13.70455],[75.30902,13.70465],[75.31199,13.7097],[75.3121,13.71434],[75.31516,13.72124],[75.32159,13.72011],[75.32766,13.7201],[75.32671,13.71247],[75.32819,13.70858],[75.32846,13.70877],[75.32884,13.70791],[75.3282,13.70741],[75.3271,13.70166],[75.3221,13.70313],[75.32199,13.70442],[75.32061,13.70518],[75.31674,13.7046],[75.31734,13.70164],[75.31695,13.70082],[75.31787,13.69852],[75.31889,13.6981],[75.31957,13.69693],[75.32194,13.6961],[75.32372,13.69372],[75.32449,13.6943],[75.32501,13.69336],[75.32792,13.6875],[75.32784,13.6834],[75.33173,13.6803],[75.34103,13.67758],[75.34076,13.67713],[75.34133,13.6749],[75.34495,13.67201],[75.34846,13.67091],[75.3496,13.67207],[75.35195,13.67234],[75.35169,13.67047],[75.35394,13.66875],[75.35803,13.66708],[75.35943,13.66739],[75.36763,13.66444],[75.37189,13.65928],[75.37032,13.6581],[75.37017,13.65751],[75.37151,13.65405],[75.37371,13.65306],[75.37365,13.65073],[75.37446,13.65009],[75.37785,13.65148],[75.3785,13.65133],[75.37836,13.65086],[75.38142,13.65085],[75.37993,13.64693],[75.38129,13.64348],[75.38394,13.64191],[75.38097,13.63847],[75.38252,13.63772],[75.39291,13.62967],[75.39237,13.62826],[75.39213,13.62439],[75.38724,13.62203],[75.387,13.62048],[75.38869,13.6184],[75.38709,13.61727],[75.38775,13.61411],[75.38517,13.61261],[75.38226,13.61358],[75.37683,13.61375],[75.37966,13.61744],[75.3754,13.62194],[75.37437,13.62617],[75.36697,13.62125],[75.36526,13.6193],[75.36767,13.61073],[75.36687,13.60886],[75.36442,13.60691],[75.36474,13.6024],[75.37004,13.59615],[75.35349,13.59317],[75.35129,13.58801],[75.3509,13.58583],[75.34835,13.58502],[75.34385,13.5819],[75.34095,13.58577],[75.33193,13.58458],[75.33107,13.58481],[75.32954,13.58576],[75.32746,13.59127],[75.31444,13.58958],[75.31064,13.58789],[75.30814,13.58413],[75.30436,13.58436],[75.2977,13.58379],[75.2978,13.58328],[75.29506,13.58528],[75.29111,13.57903],[75.28984,13.57729],[75.28938,13.57747],[75.28941,13.57663],[75.28828,13.57573],[75.28747,13.57636],[75.28684,13.5761],[75.28696,13.57515],[75.2848,13.5752],[75.28335,13.57401],[75.28281,13.57438],[75.28057,13.5732],[75.28083,13.57231],[75.28043,13.5722],[75.2802,13.57275],[75.27909,13.57201],[75.27836,13.57066],[75.27892,13.56578],[75.27816,13.56398],[75.27596,13.56525],[75.27342,13.56601],[75.27217,13.5678],[75.2712,13.56806],[75.27014,13.5704],[75.26929,13.57118],[75.26849,13.57481],[75.26703,13.57667],[75.26702,13.58052],[75.26438,13.58543],[75.26343,13.58555],[75.25902,13.58256],[75.25798,13.58256],[75.25789,13.58323],[75.25582,13.5835],[75.25535,13.58408],[75.25446,13.59401],[75.25288,13.59546],[75.24914,13.59576],[75.2484,13.59647],[75.24354,13.60772],[75.2414,13.61074],[75.23842,13.61887],[75.23434,13.62169],[75.23487,13.62262],[75.23339,13.62328],[75.23222,13.62579],[75.22724,13.62993],[75.22532,13.63353],[75.2216,13.63551],[75.22053,13.63751],[75.22112,13.63855],[75.22364,13.64021],[75.22411,13.64098],[75.2234,13.64297],[75.22046,13.64802],[75.21494,13.65317],[75.21126,13.65771],[75.20955,13.66143],[75.20871,13.65984],[75.20685,13.65925],[75.20008,13.66408],[75.19926,13.66405],[75.19902,13.65833],[75.20107,13.6569],[75.19936,13.65438],[75.19546,13.65374],[75.19548,13.64839],[75.19423,13.6471],[75.19227,13.64699],[75.19186,13.64195],[75.19011,13.63953],[75.1842,13.63441],[75.1861,13.63195],[75.18785,13.63125],[75.18701,13.63049],[75.18698,13.62611],[75.18364,13.62476],[75.18241,13.62321],[75.18511,13.61844],[75.18731,13.61602],[75.18006,13.60946],[75.17312,13.60743],[75.17211,13.60827],[75.1705,13.60866],[75.16743,13.60783],[75.16654,13.60841],[75.16646,13.61034],[75.16557,13.61248],[75.17108,13.61508],[75.172,13.61786],[75.16791,13.62282],[75.1685,13.62604],[75.16778,13.6321],[75.16664,13.63433],[75.16647,13.63701],[75.16683,13.63754],[75.1659,13.63852],[75.16329,13.6394],[75.16259,13.63909],[75.15883,13.64169],[75.1557,13.64133],[75.15155,13.64485],[75.14879,13.64401],[75.14593,13.64559],[75.14281,13.64334],[75.14169,13.6438],[75.14197,13.64437],[75.14101,13.64584],[75.1383,13.64537],[75.13821,13.64697],[75.13876,13.6479],[75.13797,13.64918],[75.1385,13.64935],[75.13788,13.64941],[75.13619,13.65243],[75.13764,13.65536],[75.1365,13.65599],[75.13523,13.66508],[75.13794,13.67479],[75.13761,13.6788],[75.13891,13.6797],[75.14881,13.67409],[75.15333,13.67966],[75.15397,13.67822],[75.1547,13.6797],[75.15929,13.68234],[75.16136,13.69039],[75.16077,13.69237],[75.16,13.69298],[75.15812,13.69638],[75.15742,13.69601],[75.15322,13.6972],[75.1491,13.70252],[75.14744,13.7025],[75.13211,13.70959],[75.11599,13.7185],[75.1134,13.71842],[75.1169,13.72525],[75.11487,13.72617],[75.11119,13.72955],[75.10471,13.73682],[75.10207,13.74267],[75.09242,13.75338],[75.09084,13.75629],[75.09196,13.75868],[75.09052,13.76212],[75.08979,13.76623],[75.09547,13.77036],[75.09777,13.77064],[75.10454,13.77431],[75.105,13.77854],[75.10697,13.78195],[75.11735,13.78046],[75.11802,13.77981],[75.11914,13.7835],[75.12287,13.79048],[75.12618,13.79491],[75.12692,13.7943],[75.13459,13.79251],[75.13616,13.79259],[75.13879,13.79414],[75.14445,13.79618],[75.14332,13.80166],[75.1492,13.80183],[75.15005,13.80278],[75.1372,13.81564],[75.14166,13.82811],[75.14333,13.82887],[75.14333,13.82957],[75.14434,13.82939],[75.14527,13.82983],[75.14948,13.83262],[75.14907,13.83702],[75.14767,13.83747],[75.14508,13.84113],[75.14562,13.841],[75.15082,13.84464],[75.15188,13.84972],[75.15441,13.85413],[75.15719,13.85191],[75.15913,13.84653],[75.16947,13.84411],[75.17083,13.843],[75.17803,13.84517],[75.17909,13.84501],[75.18256,13.84165],[75.18754,13.8379],[75.17719,13.82099],[75.17799,13.82039],[75.18291,13.82473],[75.19455,13.83275],[75.19845,13.83245],[75.20734,13.83937],[75.20666,13.84246],[75.21113,13.84649],[75.21887,13.8498],[75.2195,13.84944],[75.21948,13.84875],[75.22246,13.84384],[75.22404,13.84549],[75.22397,13.84885],[75.2225,13.85183],[75.22263,13.85603],[75.22747,13.85649],[75.22742,13.85693],[75.22811,13.85722],[75.22742,13.85825],[75.22623,13.85711],[75.22483,13.8579],[75.2259,13.85904],[75.22552,13.86137],[75.22439,13.86261],[75.22248,13.86267],[75.22221,13.86335],[75.22216,13.86414],[75.22457,13.86447],[75.22536,13.86674],[75.2247,13.87012],[75.22377,13.86992],[75.22178,13.87434],[75.22022,13.87444],[75.22148,13.89013],[75.21775,13.8896],[75.21627,13.89623],[75.21513,13.89735],[75.21528,13.89923],[75.21642,13.9003],[75.22211,13.90223]]]}},{"type":"Feature","properties":{"unitId":711,"unitName":"Bhadravathi Rural PS"},"geometry":{"type":"Polygon","coordinates":[[[75.74138,13.94012],[75.74194,13.93929],[75.74239,13.93934],[75.74194,13.93884],[75.74271,13.93728],[75.74147,13.93649],[75.74222,13.93444],[75.74322,13.9344],[75.74648,13.93222],[75.75051,13.93119],[75.75207,13.93129],[75.7525,13.92922],[75.75395,13.92893],[75.75464,13.92791],[75.76187,13.92722],[75.76247,13.92669],[75.77442,13.92459],[75.77816,13.92501],[75.79538,13.91784],[75.80238,13.91836],[75.82466,13.91515],[75.83039,13.91961],[75.83956,13.92919],[75.84719,13.9331],[75.85082,13.93301],[75.86385,13.90641],[75.86994,13.90372],[75.86509,13.87259],[75.86604,13.85592],[75.86897,13.83989],[75.87266,13.83246],[75.87713,13.80916],[75.86774,13.81061],[75.85201,13.81086],[75.84429,13.81286],[75.83678,13.81351],[75.82541,13.81714],[75.81739,13.80878],[75.80935,13.80127],[75.80493,13.79469],[75.79857,13.7956],[75.79009,13.79532],[75.78979,13.79986],[75.77824,13.79086],[75.77716,13.79476],[75.77235,13.79558],[75.7724,13.79594],[75.77062,13.79673],[75.76737,13.7962],[75.76656,13.79683],[75.76391,13.7964],[75.75993,13.79454],[75.76182,13.79248],[75.76314,13.79205],[75.76637,13.78939],[75.76591,13.78938],[75.76611,13.78789],[75.76498,13.78217],[75.74937,13.78096],[75.74295,13.77696],[75.73211,13.76885],[75.72053,13.77169],[75.71302,13.77226],[75.71312,13.77035],[75.71211,13.76775],[75.70947,13.76554],[75.70802,13.76566],[75.7051,13.76727],[75.70237,13.76748],[75.69809,13.76683],[75.69763,13.76688],[75.69759,13.76745],[75.69511,13.76768],[75.68653,13.7673],[75.68489,13.7662],[75.68474,13.76524],[75.682,13.76201],[75.68179,13.76084],[75.68329,13.75845],[75.68595,13.75711],[75.68877,13.75354],[75.68879,13.75242],[75.68814,13.75164],[75.68485,13.74938],[75.68347,13.74905],[75.68138,13.74939],[75.6795,13.75071],[75.67685,13.75107],[75.67561,13.75174],[75.67499,13.75363],[75.6753,13.7578],[75.67444,13.7611],[75.67063,13.7648],[75.67002,13.76467],[75.66681,13.7614],[75.66433,13.75758],[75.66372,13.75601],[75.66427,13.75286],[75.6636,13.75047],[75.66129,13.74905],[75.65713,13.74896],[75.6563,13.74755],[75.65671,13.74596],[75.65844,13.74304],[75.6598,13.74164],[75.66528,13.73902],[75.66602,13.73776],[75.66759,13.73123],[75.66854,13.73049],[75.67157,13.73031],[75.67411,13.72949],[75.67559,13.72803],[75.67552,13.7258],[75.67407,13.72213],[75.67231,13.72088],[75.66676,13.71961],[75.6625,13.71953],[75.66084,13.71893],[75.65475,13.71939],[75.65152,13.71832],[75.65094,13.71774],[75.6498,13.7127],[75.64885,13.71062],[75.6446,13.70744],[75.64363,13.70521],[75.64084,13.70413],[75.63912,13.70278],[75.63324,13.70156],[75.63153,13.7038],[75.62899,13.70391],[75.62606,13.70132],[75.62151,13.70312],[75.61847,13.70827],[75.61865,13.70988],[75.62024,13.71214],[75.62047,13.71321],[75.61739,13.71981],[75.61686,13.72201],[75.62682,13.73321],[75.62676,13.73413],[75.60941,13.74608],[75.60826,13.75957],[75.60763,13.76102],[75.60491,13.76108],[75.60685,13.77071],[75.60387,13.78743],[75.58997,13.79534],[75.60347,13.79539],[75.6047,13.80567],[75.60733,13.81033],[75.60517,13.81429],[75.60423,13.819],[75.6056,13.8194],[75.60556,13.82517],[75.60938,13.83272],[75.6079,13.84014],[75.61016,13.84302],[75.61851,13.84483],[75.63205,13.85216],[75.63672,13.85616],[75.63797,13.86327],[75.64131,13.86742],[75.65058,13.86805],[75.66076,13.86264],[75.66516,13.85932],[75.66813,13.85841],[75.66985,13.85581],[75.67578,13.85515],[75.6773,13.84083],[75.67291,13.83864],[75.67305,13.83811],[75.66944,13.83735],[75.66913,13.83682],[75.6656,13.83669],[75.66498,13.83716],[75.66297,13.83735],[75.65817,13.83703],[75.65451,13.83452],[75.65205,13.8318],[75.64945,13.83195],[75.64908,13.82999],[75.6482,13.82983],[75.64846,13.82776],[75.6526,13.828],[75.6551,13.8287],[75.65534,13.82835],[75.65784,13.83069],[75.65917,13.83326],[75.66026,13.83381],[75.66172,13.83403],[75.66188,13.83332],[75.66422,13.83373],[75.6645,13.83469],[75.66968,13.83412],[75.6731,13.83477],[75.67299,13.8337],[75.67363,13.83194],[75.67188,13.82908],[75.67238,13.82747],[75.67219,13.82597],[75.67251,13.82535],[75.67351,13.82523],[75.67451,13.82322],[75.67668,13.82195],[75.67705,13.82132],[75.67673,13.81864],[75.67774,13.81722],[75.67275,13.81306],[75.67194,13.809],[75.67684,13.80376],[75.67738,13.80203],[75.68045,13.80101],[75.68735,13.80055],[75.69025,13.79976],[75.69206,13.79997],[75.69878,13.79829],[75.70099,13.79851],[75.70321,13.80107],[75.70505,13.80177],[75.70693,13.80181],[75.70935,13.80609],[75.70946,13.80775],[75.71122,13.80776],[75.71122,13.80869],[75.71431,13.8081],[75.7161,13.81163],[75.71852,13.81111],[75.72702,13.80725],[75.72803,13.80959],[75.72686,13.81013],[75.72634,13.81128],[75.72625,13.81434],[75.72659,13.81532],[75.72782,13.81593],[75.72813,13.81693],[75.72916,13.81663],[75.73048,13.82398],[75.72896,13.82408],[75.72536,13.82567],[75.72575,13.82773],[75.72543,13.82822],[75.72664,13.83249],[75.72628,13.83351],[75.7242,13.83378],[75.72292,13.8334],[75.72154,13.83396],[75.72285,13.8352],[75.72356,13.83776],[75.72452,13.83811],[75.72494,13.84036],[75.71955,13.84168],[75.71825,13.84316],[75.7182,13.84556],[75.71851,13.84833],[75.71944,13.84859],[75.72089,13.85076],[75.72175,13.85097],[75.72329,13.84994],[75.72408,13.85008],[75.7274,13.85224],[75.72922,13.85216],[75.73095,13.85337],[75.73125,13.85413],[75.73068,13.855],[75.72919,13.85672],[75.72834,13.85704],[75.72847,13.85793],[75.72727,13.85865],[75.72754,13.8597],[75.72598,13.86012],[75.72678,13.86222],[75.72809,13.86236],[75.73237,13.86686],[75.72672,13.87226],[75.72595,13.87235],[75.72362,13.87144],[75.72313,13.87047],[75.72314,13.86808],[75.72061,13.86808],[75.71677,13.86687],[75.71665,13.86813],[75.71614,13.86811],[75.71645,13.86934],[75.71809,13.87031],[75.7157,13.8715],[75.71393,13.8715],[75.71373,13.87076],[75.71265,13.87137],[75.71245,13.87054],[75.71168,13.87051],[75.7051,13.87381],[75.7038,13.87339],[75.70362,13.87266],[75.70465,13.86863],[75.70431,13.86623],[75.69974,13.86137],[75.69853,13.85764],[75.69738,13.85671],[75.6942,13.85762],[75.69635,13.86213],[75.69418,13.86357],[75.69062,13.8681],[75.69172,13.86923],[75.68794,13.87367],[75.68922,13.87522],[75.68843,13.87547],[75.68695,13.87714],[75.68528,13.87769],[75.67893,13.87817],[75.67818,13.87933],[75.67689,13.87885],[75.67692,13.87827],[75.67377,13.8782],[75.67292,13.87711],[75.66412,13.87979],[75.66391,13.87953],[75.6605,13.88536],[75.66114,13.88555],[75.65707,13.89262],[75.65633,13.89296],[75.65484,13.89616],[75.65476,13.8978],[75.65578,13.89901],[75.65579,13.89972],[75.66199,13.89979],[75.67104,13.89696],[75.67115,13.9024],[75.67516,13.91178],[75.67381,13.91367],[75.67713,13.9175],[75.68419,13.91335],[75.68887,13.91393],[75.69254,13.91269],[75.69412,13.91165],[75.69909,13.91083],[75.69875,13.91402],[75.70375,13.91392],[75.70396,13.9145],[75.70682,13.91493],[75.70807,13.9161],[75.71216,13.91721],[75.71233,13.91899],[75.71362,13.92101],[75.71412,13.92286],[75.71373,13.92449],[75.70999,13.92724],[75.7093,13.92858],[75.71016,13.93557],[75.71075,13.93711],[75.71233,13.93712],[75.7128,13.93662],[75.71299,13.93434],[75.71365,13.9342],[75.71485,13.93542],[75.71659,13.93336],[75.71685,13.93423],[75.71858,13.93453],[75.71895,13.93575],[75.71987,13.93502],[75.72191,13.93461],[75.7262,13.93474],[75.72906,13.93561],[75.73615,13.93929],[75.73697,13.93866],[75.73703,13.93943],[75.73776,13.94006],[75.73937,13.93961],[75.74138,13.94012]],[[75.65937,13.8972],[75.65916,13.89803],[75.65784,13.89828],[75.65766,13.89759],[75.65691,13.8972],[75.65937,13.8972]],[[75.65666,13.89584],[75.657,13.89583],[75.65708,13.89682],[75.65586,13.89646],[75.65584,13.89601],[75.65666,13.89584]],[[75.65908,13.88937],[75.65952,13.88883],[75.65999,13.88902],[75.65924,13.89069],[75.65908,13.88937]]]}},{"type":"Feature","properties":{"unitId":712,"unitName":"MaluruPS"},"geometry":{"type":"Polygon","coordinates":[[[75.38976,13.90641],[75.39516,13.8999],[75.39622,13.9],[75.39663,13.90121],[75.39746,13.90135],[75.39724,13.90393],[75.39993,13.90377],[75.40056,13.90277],[75.40026,13.90186],[75.39704,13.90114],[75.39649,13.89904],[75.39654,13.89094],[75.397,13.88923],[75.39817,13.88764],[75.39882,13.88317],[75.39855,13.87766],[75.39785,13.87565],[75.39809,13.87408],[75.39711,13.86805],[75.39705,13.86349],[75.39943,13.86063],[75.40007,13.8605],[75.40167,13.8655],[75.40389,13.86712],[75.40455,13.86712],[75.40153,13.85947],[75.40288,13.85688],[75.40425,13.85766],[75.40495,13.8588],[75.40549,13.85851],[75.4055,13.85754],[75.4043,13.8555],[75.40545,13.85148],[75.40906,13.84993],[75.41185,13.84997],[75.41348,13.84913],[75.4182,13.84963],[75.42141,13.84882],[75.4222,13.84914],[75.42262,13.85351],[75.43014,13.84477],[75.44757,13.82654],[75.45052,13.82659],[75.45403,13.83588],[75.46069,13.83851],[75.4663,13.83574],[75.47726,13.84194],[75.48154,13.83576],[75.48816,13.80848],[75.48753,13.80838],[75.49193,13.79598],[75.49264,13.79632],[75.50333,13.79591],[75.50211,13.79736],[75.5016,13.80028],[75.50224,13.80403],[75.50481,13.80788],[75.5121,13.81466],[75.5176,13.81776],[75.52152,13.8193],[75.52305,13.82167],[75.52209,13.82483],[75.52437,13.82558],[75.52434,13.82595],[75.53915,13.82631],[75.54911,13.81577],[75.55163,13.80487],[75.54621,13.80085],[75.53301,13.79555],[75.5273,13.78984],[75.527,13.78594],[75.52095,13.78089],[75.52099,13.77297],[75.524,13.77092],[75.5184,13.77165],[75.50691,13.76772],[75.50593,13.76547],[75.50645,13.76531],[75.50628,13.76433],[75.50274,13.76261],[75.49857,13.75687],[75.48886,13.76861],[75.4869,13.76852],[75.48588,13.76649],[75.4872,13.76411],[75.48905,13.76326],[75.48981,13.76213],[75.48946,13.76063],[75.48531,13.75779],[75.47974,13.75553],[75.47179,13.75089],[75.46046,13.74033],[75.46005,13.73832],[75.46072,13.73492],[75.46049,13.73293],[75.45839,13.72787],[75.45547,13.72342],[75.45415,13.72291],[75.44645,13.72211],[75.44275,13.72065],[75.4381,13.71747],[75.43302,13.71598],[75.42812,13.71516],[75.42536,13.71339],[75.42257,13.70788],[75.42032,13.70666],[75.41608,13.70541],[75.41265,13.70526],[75.40795,13.70637],[75.40636,13.70607],[75.40557,13.7047],[75.4038,13.70335],[75.39304,13.70888],[75.3904,13.70954],[75.38431,13.71081],[75.38381,13.70974],[75.38068,13.70831],[75.38021,13.70417],[75.38283,13.70366],[75.38413,13.70448],[75.38728,13.70041],[75.39252,13.69996],[75.39373,13.70063],[75.3942,13.69917],[75.39325,13.6968],[75.39347,13.69387],[75.39439,13.69415],[75.39474,13.69368],[75.39438,13.69311],[75.39555,13.69301],[75.39736,13.6915],[75.39766,13.68861],[75.40283,13.6808],[75.40587,13.6709],[75.40569,13.65885],[75.41398,13.65315],[75.41328,13.65154],[75.41011,13.6476],[75.40972,13.64357],[75.41091,13.63947],[75.40624,13.63311],[75.40642,13.62578],[75.39745,13.62918],[75.39419,13.63],[75.39298,13.62961],[75.38252,13.63772],[75.38097,13.63847],[75.38394,13.64191],[75.38129,13.64348],[75.37993,13.64693],[75.38142,13.65085],[75.37836,13.65086],[75.3785,13.65133],[75.37785,13.65148],[75.37446,13.65009],[75.37365,13.65073],[75.37371,13.65306],[75.37151,13.65405],[75.37017,13.65751],[75.37032,13.6581],[75.37189,13.65928],[75.36763,13.66444],[75.35943,13.66739],[75.35803,13.66708],[75.35394,13.66875],[75.35169,13.67047],[75.35195,13.67234],[75.3496,13.67207],[75.34846,13.67091],[75.34495,13.67201],[75.34133,13.6749],[75.34076,13.67713],[75.34103,13.67758],[75.33173,13.6803],[75.32784,13.6834],[75.32792,13.6875],[75.32501,13.69336],[75.32449,13.6943],[75.32372,13.69372],[75.32194,13.6961],[75.31957,13.69693],[75.31889,13.6981],[75.31787,13.69852],[75.31695,13.70082],[75.31734,13.70164],[75.31674,13.7046],[75.32061,13.70518],[75.32199,13.70442],[75.3221,13.70313],[75.3271,13.70166],[75.3282,13.70741],[75.32884,13.70791],[75.32846,13.70877],[75.32819,13.70858],[75.32671,13.71247],[75.32766,13.7201],[75.32159,13.72011],[75.31516,13.72124],[75.3121,13.71434],[75.31199,13.7097],[75.30902,13.70465],[75.30849,13.70455],[75.30766,13.69696],[75.30216,13.69781],[75.29915,13.69682],[75.29823,13.69516],[75.29703,13.69521],[75.29582,13.69664],[75.2888,13.70682],[75.28973,13.70868],[75.28908,13.70949],[75.28948,13.70982],[75.29025,13.70959],[75.29057,13.7108],[75.29003,13.71072],[75.29,13.71156],[75.28835,13.71241],[75.28893,13.71322],[75.28787,13.71414],[75.28796,13.71459],[75.28642,13.71557],[75.28681,13.71637],[75.28634,13.71636],[75.28623,13.71804],[75.2854,13.71912],[75.28596,13.71942],[75.28543,13.72053],[75.28671,13.72178],[75.28622,13.7236],[75.28912,13.72487],[75.28849,13.72519],[75.28941,13.72748],[75.28942,13.73003],[75.28994,13.73094],[75.29112,13.7306],[75.29175,13.73181],[75.29109,13.73319],[75.29144,13.73461],[75.29085,13.73596],[75.29166,13.73752],[75.29154,13.7391],[75.29101,13.74066],[75.29018,13.74151],[75.28877,13.74138],[75.2877,13.74246],[75.28777,13.74329],[75.28922,13.74331],[75.28965,13.74498],[75.28872,13.74658],[75.28843,13.75007],[75.28615,13.75149],[75.28472,13.75442],[75.28471,13.75602],[75.28587,13.75906],[75.28538,13.75946],[75.28431,13.75887],[75.28189,13.75905],[75.28274,13.7616],[75.28218,13.76238],[75.28109,13.76253],[75.28075,13.76318],[75.2811,13.76507],[75.28673,13.77036],[75.27857,13.7836],[75.28322,13.78798],[75.28441,13.78816],[75.28895,13.79129],[75.2894,13.79219],[75.29473,13.77878],[75.29766,13.77877],[75.3,13.77767],[75.30473,13.77894],[75.30778,13.78172],[75.31178,13.78315],[75.31277,13.78606],[75.31554,13.79024],[75.31304,13.79615],[75.31076,13.79858],[75.30845,13.79965],[75.31211,13.80256],[75.31463,13.80588],[75.32005,13.80954],[75.32015,13.80991],[75.31329,13.81373],[75.31832,13.82543],[75.32078,13.8295],[75.31579,13.83143],[75.31567,13.83196],[75.31861,13.83774],[75.31729,13.83808],[75.31771,13.83902],[75.31553,13.83932],[75.31347,13.84159],[75.31288,13.843],[75.31309,13.84593],[75.31596,13.85413],[75.32485,13.87318],[75.33395,13.87096],[75.33253,13.86229],[75.34162,13.85562],[75.35446,13.85273],[75.35745,13.85416],[75.3591,13.85304],[75.36027,13.85299],[75.37436,13.85375],[75.37272,13.86277],[75.37287,13.86981],[75.3695,13.89604],[75.37006,13.9258],[75.39366,13.91812],[75.38976,13.90641]]]}}]}