{"type":"FeatureCollection","features":[{"type":"Feature","properties":{"unitId":713,"unitName":"Chikkanayakanahalli PS"},"geometry":{"type":"Polygon","coordinates":[[[76.59117,13.48457],[76.59364,13.4825],[76.59446,13.48093],[76.59582,13.47573],[76.59576,13.47448],[76.59654,13.47422],[76.59742,13.47251],[76.60104,13.46181],[76.60572,13.46178],[76.61092,13.46393],[76.61266,13.46385],[76.61174,13.46495],[76.60769,13.46538],[76.60739,13.46635],[76.60785,13.46777],[76.60728,13.46989],[76.60918,13.47631],[76.61028,13.47827],[76.61011,13.47939],[76.61108,13.48019],[76.61314,13.48036],[76.61348,13.47945],[76.61518,13.47858],[76.61442,13.48215],[76.61505,13.48344],[76.62649,13.47879],[76.63072,13.47793],[76.64286,13.47819],[76.64151,13.47489],[76.64488,13.46612],[76.65288,13.45826],[76.66316,13.44561],[76.66999,13.44236],[76.67076,13.44125],[76.67324,13.43075],[76.67288,13.43065],[76.67534,13.42569],[76.67829,13.41667],[76.67952,13.40926],[76.68167,13.40224],[76.69269,13.40438],[76.69837,13.40451],[76.70309,13.40261],[76.70848,13.38667],[76.71267,13.37592],[76.71338,13.37294],[76.70882,13.37189],[76.70887,13.37035],[76.70748,13.36936],[76.70803,13.36683],[76.70701,13.36655],[76.70611,13.3563],[76.70654,13.35039],[76.70129,13.3505],[76.7007,13.34236],[76.69228,13.34629],[76.68315,13.34134],[76.67911,13.33597],[76.67562,13.33524],[76.67188,13.33582],[76.6633,13.33463],[76.65971,13.33374],[76.65695,13.33189],[76.65492,13.33199],[76.65183,13.33302],[76.65098,13.33283],[76.65035,13.3312],[76.64691,13.32843],[76.64656,13.32721],[76.64523,13.3267],[76.6447,13.32702],[76.64006,13.32629],[76.63964,13.32526],[76.63803,13.32562],[76.63803,13.32637],[76.6376,13.32625],[76.63767,13.3251],[76.63522,13.32425],[76.63602,13.3223],[76.63724,13.32164],[76.63701,13.3202],[76.63486,13.31815],[76.63348,13.31808],[76.63213,13.31684],[76.63062,13.31756],[76.62938,13.31546],[76.6294,13.3142],[76.62821,13.31475],[76.62756,13.31426],[76.62369,13.31366],[76.61842,13.31485],[76.61333,13.31482],[76.61387,13.31567],[76.61516,13.31593],[76.61564,13.31679],[76.61527,13.32085],[76.61574,13.32267],[76.61369,13.32321],[76.61248,13.32448],[76.61091,13.32498],[76.6083,13.32451],[76.60486,13.32548],[76.60482,13.32512],[76.6031,13.32498],[76.60314,13.32435],[76.59703,13.32387],[76.59627,13.32591],[76.59771,13.32971],[76.59814,13.33516],[76.59768,13.3408],[76.59397,13.34085],[76.58795,13.33988],[76.58357,13.33803],[76.57749,13.33138],[76.56673,13.32904],[76.56413,13.33015],[76.55742,13.33472],[76.55157,13.33092],[76.54798,13.33333],[76.54537,13.33577],[76.54452,13.33538],[76.5428,13.33327],[76.54254,13.33351],[76.54175,13.33207],[76.54116,13.33256],[76.53983,13.33099],[76.539,13.33157],[76.54083,13.33586],[76.54237,13.337],[76.54318,13.33669],[76.5434,13.33723],[76.54182,13.33883],[76.54053,13.34189],[76.54041,13.34335],[76.5439,13.34952],[76.54569,13.35634],[76.54326,13.3668],[76.54163,13.37177],[76.54135,13.37502],[76.53785,13.37612],[76.52964,13.37766],[76.52707,13.37722],[76.52273,13.3774],[76.51794,13.37972],[76.51564,13.38181],[76.51376,13.38685],[76.5155,13.39418],[76.51332,13.39609],[76.51015,13.39757],[76.50513,13.39889],[76.50359,13.40359],[76.49751,13.4091],[76.49744,13.41279],[76.49797,13.41288],[76.49959,13.41184],[76.50127,13.41322],[76.50491,13.41349],[76.50557,13.41553],[76.50816,13.41729],[76.5097,13.41765],[76.51115,13.41719],[76.51262,13.41967],[76.51619,13.41903],[76.51928,13.41944],[76.51988,13.41822],[76.52058,13.41822],[76.5202,13.42006],[76.52063,13.42147],[76.52232,13.42123],[76.52251,13.42352],[76.522,13.4252],[76.52252,13.42719],[76.52414,13.42714],[76.52494,13.42778],[76.52532,13.42909],[76.52994,13.43127],[76.53187,13.43139],[76.53286,13.43214],[76.53363,13.43416],[76.53297,13.43612],[76.5344,13.43653],[76.53467,13.43775],[76.53597,13.43825],[76.53676,13.4399],[76.53867,13.44076],[76.53924,13.44257],[76.53752,13.44353],[76.53707,13.44461],[76.53738,13.44695],[76.53662,13.4515],[76.53705,13.45144],[76.54621,13.45911],[76.54689,13.46084],[76.55108,13.46192],[76.55222,13.46273],[76.55195,13.46293],[76.55485,13.46099],[76.56129,13.45358],[76.57157,13.45046],[76.57436,13.44638],[76.5767,13.44998],[76.57523,13.45303],[76.56735,13.46449],[76.56814,13.46736],[76.56786,13.47114],[76.57097,13.47265],[76.57323,13.47545],[76.5736,13.47655],[76.57165,13.48054],[76.57139,13.48241],[76.57427,13.48286],[76.57634,13.48418],[76.57737,13.48407],[76.5764,13.48936],[76.57981,13.48975],[76.58602,13.48744],[76.58977,13.48724],[76.59043,13.48524],[76.59117,13.48457]]]}},{"type":"Feature","properties":{"unitId":714,"unitName":"Handanakere PS"},"geometry":{"type":"Polygon","coordinates":[[[76.39973,13.59487],[76.39968,13.594],[76.40205,13.59345],[76.40183,13.59221],[76.40292,13.59215],[76.40478,13.59096],[76.40576,13.5882],[76.40838,13.58343],[76.40936,13.58005],[76.41277,13.57834],[76.41892,13.57852],[76.42411,13.58089],[76.42419,13.57508],[76.42963,13.57384],[76.43114,13.57251],[76.43131,13.57306],[76.43499,13.57233],[76.43488,13.5716],[76.43647,13.5713],[76.43694,13.57266],[76.43843,13.57269],[76.43932,13.57348],[76.44206,13.56959],[76.44348,13.56581],[76.44347,13.56269],[76.44674,13.56087],[76.45108,13.55572],[76.45433,13.55453],[76.45298,13.55985],[76.45282,13.56807],[76.4506,13.57354],[76.4523,13.57365],[76.45847,13.57845],[76.46636,13.57938],[76.46506,13.5706],[76.46651,13.56832],[76.46724,13.56571],[76.46962,13.56202],[76.47151,13.56071],[76.47195,13.55908],[76.47417,13.55942],[76.47447,13.55798],[76.49054,13.54668],[76.49344,13.54535],[76.49387,13.54649],[76.49594,13.54461],[76.50071,13.5434],[76.50801,13.53709],[76.51831,13.53133],[76.52154,13.53254],[76.52164,13.53345],[76.52318,13.53309],[76.52449,13.53419],[76.52465,13.53546],[76.52577,13.53629],[76.52654,13.53623],[76.5277,13.53734],[76.5278,13.53956],[76.52844,13.53965],[76.52706,13.52914],[76.52823,13.52728],[76.53037,13.52647],[76.53159,13.5267],[76.53236,13.52631],[76.53243,13.52679],[76.53733,13.52773],[76.5435,13.52619],[76.54669,13.52679],[76.54977,13.52571],[76.55068,13.52486],[76.55138,13.53321],[76.55421,13.5301],[76.55656,13.5296],[76.55661,13.52771],[76.55793,13.52533],[76.56002,13.52451],[76.56425,13.52113],[76.56605,13.52088],[76.56651,13.51444],[76.56748,13.51277],[76.56962,13.51355],[76.57272,13.51359],[76.57531,13.51259],[76.5794,13.51349],[76.58085,13.51298],[76.5821,13.50765],[76.58064,13.50682],[76.57285,13.50476],[76.5691,13.50538],[76.57625,13.49577],[76.57714,13.49566],[76.57993,13.49252],[76.57981,13.48975],[76.5764,13.48936],[76.57737,13.48407],[76.57634,13.48418],[76.57427,13.48286],[76.57139,13.48241],[76.57165,13.48054],[76.5736,13.47655],[76.57323,13.47545],[76.57097,13.47265],[76.56786,13.47114],[76.56776,13.47057],[76.56814,13.46736],[76.56735,13.46449],[76.57523,13.45303],[76.5767,13.44998],[76.57446,13.44648],[76.57157,13.45046],[76.56129,13.45358],[76.55485,13.46099],[76.55195,13.46293],[76.55222,13.46273],[76.55108,13.46192],[76.54689,13.46084],[76.54621,13.45911],[76.53705,13.45144],[76.53662,13.4515],[76.53738,13.44695],[76.53707,13.44461],[76.53752,13.44353],[76.53924,13.44257],[76.53867,13.44076],[76.53676,13.4399],[76.53597,13.43825],[76.53467,13.43775],[76.5344,13.43653],[76.53297,13.43612],[76.53363,13.43416],[76.53286,13.43214],[76.53187,13.43139],[76.52994,13.43127],[76.52532,13.42909],[76.52494,13.42778],[76.52414,13.42714],[76.52252,13.42719],[76.522,13.4252],[76.52251,13.42352],[76.52232,13.42123],[76.52063,13.42147],[76.5202,13.42006],[76.52058,13.41822],[76.51988,13.41822],[76.51928,13.41944],[76.51619,13.41903],[76.51262,13.41967],[76.51115,13.41719],[76.5097,13.41765],[76.50816,13.41729],[76.50557,13.41553],[76.50491,13.41349],[76.50127,13.41322],[76.49959,13.41184],[76.49758,13.41288],[76.49751,13.4091],[76.4971,13.40874],[76.48336,13.41652],[76.47887,13.41786],[76.47445,13.41835],[76.47351,13.4184],[76.474,13.41659],[76.47179,13.41523],[76.47066,13.41339],[76.47066,13.4123],[76.46966,13.41254],[76.46792,13.41414],[76.46721,13.41278],[76.46486,13.41217],[76.46423,13.41298],[76.46224,13.41272],[76.46162,13.41149],[76.45979,13.41288],[76.45831,13.4119],[76.45595,13.41265],[76.45523,13.41204],[76.45472,13.41369],[76.45227,13.41491],[76.45243,13.41527],[76.45129,13.41647],[76.45122,13.41747],[76.45018,13.4181],[76.4501,13.41887],[76.4483,13.41863],[76.44526,13.4198],[76.44444,13.41841],[76.44291,13.41805],[76.44002,13.41588],[76.43768,13.41504],[76.43507,13.41499],[76.43452,13.4168],[76.43072,13.41794],[76.42935,13.41791],[76.42928,13.41854],[76.4281,13.41913],[76.42803,13.42279],[76.42718,13.42336],[76.4251,13.42658],[76.42305,13.42746],[76.41717,13.42843],[76.41215,13.43076],[76.40934,13.43649],[76.41224,13.43924],[76.4195,13.44951],[76.41549,13.45227],[76.40771,13.45948],[76.411,13.46929],[76.41085,13.4732],[76.41231,13.47678],[76.41176,13.47918],[76.41522,13.48119],[76.4079,13.48445],[76.40522,13.49118],[76.40115,13.49158],[76.39809,13.49339],[76.3961,13.49673],[76.39629,13.49976],[76.39802,13.50527],[76.39752,13.50549],[76.39779,13.5062],[76.40282,13.50609],[76.40286,13.50641],[76.40906,13.50554],[76.41044,13.50803],[76.41135,13.50778],[76.41548,13.50913],[76.41767,13.51585],[76.41973,13.52003],[76.4247,13.52401],[76.4006,13.52645],[76.39794,13.52818],[76.39539,13.53598],[76.38813,13.5343],[76.38185,13.53944],[76.37769,13.54184],[76.37561,13.54198],[76.37096,13.54641],[76.36658,13.54793],[76.3662,13.5486],[76.3633,13.54705],[76.36214,13.55186],[76.35927,13.55642],[76.35308,13.57791],[76.34724,13.5764],[76.35442,13.58062],[76.35925,13.58276],[76.35848,13.58279],[76.36179,13.58588],[76.36804,13.58987],[76.37296,13.59222],[76.37878,13.58906],[76.38151,13.57748],[76.38539,13.58069],[76.39009,13.58695],[76.39223,13.59071],[76.39436,13.59036],[76.39735,13.59059],[76.39794,13.591],[76.39815,13.59468],[76.39973,13.59487]]]}},{"type":"Feature","properties":{"unitId":715,"unitName":"Huliyar PS"},"geometry":{"type":"Polygon","coordinates":[[[76.62568,13.72452],[76.62722,13.72324],[76.63003,13.71546],[76.63139,13.71355],[76.64192,13.71496],[76.64719,13.71695],[76.65647,13.71929],[76.66268,13.72146],[76.67334,13.71809],[76.67234,13.70534],[76.67768,13.69991],[76.67842,13.69756],[76.68417,13.69154],[76.67743,13.66571],[76.67741,13.66334],[76.69684,13.64233],[76.6996,13.62441],[76.69973,13.59665],[76.70325,13.59044],[76.70436,13.58263],[76.70979,13.56221],[76.71209,13.54999],[76.70499,13.54495],[76.70143,13.54391],[76.69747,13.54127],[76.69663,13.53924],[76.69722,13.53627],[76.69806,13.53541],[76.69871,13.53569],[76.69965,13.53497],[76.69929,13.5339],[76.69978,13.53221],[76.69938,13.5305],[76.70366,13.52845],[76.70395,13.52608],[76.70347,13.52367],[76.70468,13.5223],[76.70497,13.52123],[76.70695,13.52063],[76.70803,13.51872],[76.70833,13.51913],[76.70919,13.51896],[76.71071,13.5174],[76.71284,13.5174],[76.71293,13.51623],[76.71164,13.51468],[76.71322,13.51307],[76.71439,13.51278],[76.71599,13.51326],[76.71663,13.51221],[76.71901,13.51155],[76.72008,13.5128],[76.72343,13.51293],[76.72364,13.5108],[76.72596,13.50953],[76.72562,13.50871],[76.72482,13.50877],[76.72502,13.50635],[76.72442,13.5047],[76.72738,13.5033],[76.72833,13.49834],[76.72976,13.49729],[76.72909,13.49627],[76.72973,13.49469],[76.72957,13.49292],[76.7301,13.49096],[76.7295,13.48899],[76.73031,13.48727],[76.72962,13.48601],[76.72962,13.48445],[76.72976,13.48352],[76.73102,13.48307],[76.73009,13.48177],[76.731,13.47992],[76.72997,13.47902],[76.73011,13.47758],[76.73117,13.47648],[76.73218,13.47636],[76.73072,13.47318],[76.73171,13.47151],[76.73084,13.46968],[76.72918,13.46883],[76.73125,13.46184],[76.73423,13.45823],[76.73399,13.45712],[76.73477,13.45931],[76.73565,13.45981],[76.73651,13.45969],[76.73673,13.45854],[76.73631,13.45714],[76.74091,13.4558],[76.74464,13.45358],[76.75074,13.45146],[76.75743,13.45105],[76.75902,13.4421],[76.75195,13.43992],[76.74888,13.43944],[76.74954,13.43923],[76.7493,13.43725],[76.75049,13.43692],[76.75047,13.43355],[76.75179,13.434],[76.75287,13.43255],[76.75212,13.4305],[76.75433,13.43028],[76.75335,13.42848],[76.75344,13.42774],[76.75615,13.42504],[76.75641,13.42378],[76.75786,13.42311],[76.75744,13.423],[76.75955,13.42024],[76.75968,13.41911],[76.75797,13.41744],[76.74738,13.41164],[76.73988,13.4093],[76.7381,13.41227],[76.73603,13.41076],[76.73063,13.40822],[76.72802,13.40751],[76.72809,13.40665],[76.72657,13.40527],[76.72573,13.40236],[76.72817,13.39944],[76.72238,13.39889],[76.72233,13.39932],[76.71547,13.40262],[76.70365,13.40239],[76.69837,13.40451],[76.69269,13.40438],[76.68167,13.40224],[76.67952,13.40926],[76.67829,13.41667],[76.67534,13.42569],[76.67288,13.43065],[76.67324,13.43075],[76.67076,13.44125],[76.66999,13.44236],[76.66316,13.44561],[76.65288,13.45826],[76.64488,13.46612],[76.64151,13.47489],[76.64286,13.47819],[76.63072,13.47793],[76.62649,13.47879],[76.61505,13.48344],[76.61442,13.48215],[76.61518,13.47858],[76.61348,13.47945],[76.61314,13.48036],[76.61108,13.48019],[76.61011,13.47939],[76.61028,13.47827],[76.60918,13.47631],[76.60728,13.46989],[76.60785,13.46777],[76.60739,13.46635],[76.60769,13.46538],[76.61174,13.46495],[76.61266,13.46385],[76.61092,13.46393],[76.60572,13.46178],[76.60104,13.46181],[76.59742,13.47251],[76.59654,13.47422],[76.59576,13.47448],[76.59582,13.47573],[76.59446,13.48093],[76.59364,13.4825],[76.59043,13.48524],[76.58977,13.48724],[76.58602,13.48744],[76.57981,13.48975],[76.57993,13.49252],[76.57939,13.49357],[76.57714,13.49566],[76.57625,13.49577],[76.5691,13.50538],[76.57285,13.50476],[76.58064,13.50682],[76.5821,13.50765],[76.58085,13.51298],[76.5794,13.51349],[76.57531,13.51259],[76.57272,13.51359],[76.56962,13.51355],[76.56748,13.51277],[76.56651,13.51444],[76.56605,13.52088],[76.56425,13.52113],[76.56002,13.52451],[76.55793,13.52533],[76.55661,13.52771],[76.55656,13.5296],[76.55421,13.5301],[76.55138,13.53321],[76.55068,13.52486],[76.54977,13.52571],[76.54669,13.52679],[76.5435,13.52619],[76.5398,13.52738],[76.53618,13.52779],[76.53243,13.52679],[76.53236,13.52631],[76.52823,13.52728],[76.52706,13.52914],[76.52844,13.53965],[76.5278,13.53956],[76.5277,13.53734],[76.52654,13.53623],[76.52577,13.53629],[76.52465,13.53546],[76.52449,13.53419],[76.52318,13.53309],[76.52164,13.53345],[76.52154,13.53254],[76.51831,13.53133],[76.51191,13.53518],[76.51045,13.53554],[76.50801,13.53709],[76.50071,13.5434],[76.49594,13.54461],[76.49387,13.54649],[76.49344,13.54535],[76.49054,13.54668],[76.47447,13.55798],[76.47417,13.55942],[76.47195,13.55908],[76.47151,13.56071],[76.47012,13.56138],[76.46724,13.56571],[76.46651,13.56832],[76.46506,13.5706],[76.46636,13.57938],[76.45847,13.57845],[76.4523,13.57365],[76.4506,13.57354],[76.45282,13.56807],[76.45298,13.55985],[76.45433,13.55453],[76.45108,13.55572],[76.44674,13.56087],[76.44347,13.56269],[76.44348,13.56581],[76.44206,13.56959],[76.43932,13.57348],[76.43843,13.57269],[76.43694,13.57266],[76.43647,13.5713],[76.43488,13.5716],[76.43499,13.57233],[76.43131,13.57306],[76.43114,13.57251],[76.42963,13.57384],[76.42419,13.57508],[76.42411,13.58089],[76.42558,13.58274],[76.42774,13.59081],[76.42925,13.59238],[76.43431,13.59392],[76.4372,13.59336],[76.43915,13.59352],[76.43941,13.59412],[76.44567,13.5924],[76.44812,13.59101],[76.45449,13.59078],[76.4554,13.5953],[76.45812,13.5974],[76.46046,13.60061],[76.4588,13.60053],[76.45849,13.60303],[76.45673,13.60353],[76.4568,13.60464],[76.45602,13.60466],[76.4563,13.61039],[76.4553,13.61142],[76.45555,13.61293],[76.45644,13.61351],[76.46095,13.62009],[76.47635,13.62098],[76.48006,13.62204],[76.48932,13.62283],[76.49655,13.6229],[76.49994,13.62242],[76.49715,13.62844],[76.51233,13.6316],[76.51449,13.63323],[76.51495,13.63415],[76.51596,13.63408],[76.51764,13.63631],[76.51799,13.64133],[76.52744,13.64829],[76.53454,13.65011],[76.53418,13.65384],[76.53199,13.65625],[76.5283,13.6623],[76.52897,13.66383],[76.52844,13.66687],[76.53185,13.66825],[76.53957,13.66351],[76.54264,13.66784],[76.54772,13.67314],[76.54968,13.67731],[76.5529,13.67898],[76.55327,13.68129],[76.55408,13.68194],[76.55608,13.68305],[76.56471,13.68449],[76.56896,13.68936],[76.57379,13.68691],[76.57722,13.6903],[76.57306,13.70493],[76.56961,13.71027],[76.56888,13.71326],[76.57234,13.71023],[76.57701,13.71442],[76.5858,13.71871],[76.59649,13.72047],[76.59835,13.72399],[76.59995,13.72498],[76.60269,13.7255],[76.6085,13.72345],[76.61481,13.72719],[76.61335,13.72913],[76.62077,13.73437],[76.62448,13.7339],[76.62593,13.72878],[76.62486,13.7252],[76.62568,13.72452]]]}},{"type":"Feature","properties":{"unitId":716,"unitName":"Honnavalli PS"},"geometry":{"type":"Polygon","coordinates":[[[76.42973,13.41785],[76.43452,13.4168],[76.43507,13.41499],[76.43646,13.41485],[76.44047,13.41611],[76.44291,13.41805],[76.44444,13.41841],[76.44526,13.4198],[76.4483,13.41863],[76.4501,13.41887],[76.45018,13.4181],[76.45122,13.41747],[76.45129,13.41647],[76.45243,13.41527],[76.45227,13.41491],[76.45472,13.41369],[76.45523,13.41204],[76.45595,13.41265],[76.45831,13.4119],[76.45979,13.41288],[76.46162,13.41149],[76.46224,13.41272],[76.46423,13.41298],[76.46486,13.41217],[76.46721,13.41278],[76.46792,13.41414],[76.46966,13.41254],[76.47066,13.4123],[76.47066,13.41339],[76.47179,13.41523],[76.474,13.41659],[76.47351,13.4184],[76.47887,13.41786],[76.48336,13.41652],[76.49695,13.40876],[76.49805,13.40888],[76.50359,13.40359],[76.50513,13.39889],[76.51015,13.39757],[76.51332,13.39609],[76.5155,13.39418],[76.51376,13.38685],[76.51564,13.38181],[76.51794,13.37972],[76.52273,13.3774],[76.52707,13.37722],[76.52964,13.37766],[76.53785,13.37612],[76.54135,13.37502],[76.54163,13.37177],[76.54326,13.3668],[76.54569,13.35634],[76.5439,13.34952],[76.54041,13.34335],[76.54053,13.34189],[76.54182,13.33883],[76.5434,13.33723],[76.54318,13.33669],[76.54237,13.337],[76.54083,13.33586],[76.539,13.33157],[76.53542,13.33361],[76.53409,13.33199],[76.5322,13.33114],[76.52103,13.3273],[76.52143,13.32563],[76.51917,13.31473],[76.51219,13.31124],[76.49776,13.3029],[76.49247,13.30236],[76.49128,13.30106],[76.48774,13.29431],[76.48529,13.28864],[76.48325,13.28936],[76.47733,13.28976],[76.47728,13.2894],[76.47397,13.2894],[76.47324,13.28837],[76.47045,13.28702],[76.46802,13.28942],[76.45556,13.28082],[76.45383,13.28034],[76.45182,13.28022],[76.44852,13.28175],[76.4409,13.28322],[76.43729,13.28169],[76.43095,13.28237],[76.42597,13.28134],[76.42216,13.28214],[76.42147,13.28287],[76.42111,13.27805],[76.41491,13.27624],[76.41326,13.27731],[76.41121,13.27098],[76.40973,13.26259],[76.40928,13.26268],[76.40896,13.26161],[76.40821,13.26173],[76.40681,13.25915],[76.40579,13.25542],[76.40518,13.24975],[76.40445,13.24795],[76.40287,13.24594],[76.39392,13.23977],[76.39077,13.24015],[76.39,13.23859],[76.38903,13.23863],[76.38872,13.23731],[76.38756,13.23711],[76.38468,13.23775],[76.38408,13.23662],[76.38009,13.23371],[76.37992,13.23235],[76.3737,13.23367],[76.36414,13.23483],[76.36487,13.23869],[76.36407,13.24463],[76.36163,13.24803],[76.36193,13.24958],[76.35668,13.25049],[76.3585,13.26173],[76.35759,13.26188],[76.3578,13.26251],[76.35509,13.26396],[76.35653,13.27291],[76.35767,13.27608],[76.35724,13.27582],[76.35685,13.27689],[76.35725,13.28686],[76.35254,13.29273],[76.347,13.29766],[76.34957,13.29648],[76.3476,13.30209],[76.34906,13.31824],[76.3516,13.325],[76.35263,13.33077],[76.35218,13.33338],[76.34885,13.3367],[76.34786,13.33918],[76.34654,13.34507],[76.34589,13.36001],[76.34917,13.36157],[76.368,13.36248],[76.37365,13.36397],[76.38286,13.36398],[76.38358,13.36678],[76.38246,13.36706],[76.38218,13.37017],[76.38375,13.37108],[76.38603,13.36993],[76.38792,13.37333],[76.39348,13.37893],[76.39248,13.39042],[76.38965,13.39455],[76.39488,13.40016],[76.3974,13.4043],[76.39756,13.40651],[76.3971,13.40695],[76.39754,13.40971],[76.40052,13.42303],[76.40546,13.42747],[76.40425,13.431],[76.40664,13.43169],[76.40934,13.43649],[76.41215,13.43076],[76.41717,13.42843],[76.42305,13.42746],[76.4251,13.42658],[76.42718,13.42336],[76.42803,13.42279],[76.4281,13.41913],[76.42973,13.41785]]]}},{"type":"Feature","properties":{"unitId":717,"unitName":"K.B. Cross PS"},"geometry":{"type":"Polygon","coordinates":[[[76.71047,13.35042],[76.71735,13.34726],[76.72019,13.34149],[76.71668,13.33293],[76.71667,13.33151],[76.71201,13.33342],[76.71017,13.33244],[76.7096,13.33016],[76.71076,13.3287],[76.71137,13.32607],[76.71018,13.32315],[76.71044,13.32054],[76.70995,13.31657],[76.71074,13.31526],[76.71553,13.31415],[76.71784,13.31434],[76.719,13.31077],[76.71822,13.31072],[76.7191,13.30863],[76.72015,13.30777],[76.72326,13.30752],[76.72314,13.30602],[76.72037,13.30389],[76.71663,13.30368],[76.71664,13.30324],[76.71611,13.30322],[76.71612,13.30366],[76.70978,13.30351],[76.69978,13.30294],[76.69694,13.30234],[76.69117,13.30231],[76.68871,13.296],[76.69132,13.2921],[76.69184,13.28873],[76.69124,13.27765],[76.69016,13.27408],[76.67883,13.27436],[76.67782,13.27752],[76.67447,13.27895],[76.67183,13.28092],[76.67061,13.2816],[76.66484,13.28222],[76.66355,13.27608],[76.65756,13.27599],[76.65491,13.27498],[76.65419,13.27401],[76.65379,13.27431],[76.6475,13.2731],[76.64477,13.27219],[76.63541,13.27276],[76.63531,13.27386],[76.63377,13.27508],[76.64545,13.27652],[76.6484,13.27825],[76.65003,13.28021],[76.65018,13.28157],[76.65001,13.28392],[76.64917,13.28518],[76.64662,13.28664],[76.64534,13.28638],[76.64437,13.28606],[76.64394,13.28453],[76.63717,13.28129],[76.62883,13.28159],[76.62368,13.28229],[76.61808,13.28403],[76.61709,13.27869],[76.6183,13.27193],[76.62012,13.26758],[76.62066,13.26481],[76.62735,13.25818],[76.6311,13.25725],[76.63217,13.25494],[76.63104,13.25431],[76.63021,13.25291],[76.62872,13.25308],[76.62777,13.25149],[76.62692,13.25137],[76.62291,13.24878],[76.62233,13.24769],[76.62282,13.24637],[76.61946,13.24531],[76.619,13.24315],[76.6198,13.23906],[76.6168,13.23887],[76.61598,13.24138],[76.61268,13.24128],[76.61256,13.24073],[76.61189,13.24076],[76.61093,13.24124],[76.61076,13.24256],[76.60545,13.24297],[76.60504,13.24169],[76.60415,13.24184],[76.60388,13.23932],[76.60219,13.23971],[76.59951,13.23631],[76.59772,13.23243],[76.59633,13.23263],[76.59584,13.23156],[76.59475,13.2321],[76.59394,13.23152],[76.5862,13.23244],[76.58519,13.23208],[76.58353,13.23019],[76.58165,13.23053],[76.58129,13.23604],[76.5769,13.23708],[76.57637,13.23803],[76.57701,13.24123],[76.57941,13.24787],[76.57873,13.25032],[76.57331,13.25147],[76.57014,13.25135],[76.56573,13.25209],[76.56314,13.25205],[76.56304,13.25534],[76.56384,13.25648],[76.5638,13.25982],[76.56299,13.25975],[76.56179,13.261],[76.5616,13.2625],[76.56159,13.26513],[76.56294,13.26912],[76.56238,13.27784],[76.56183,13.27867],[76.56066,13.27905],[76.55986,13.28088],[76.5591,13.28098],[76.55931,13.2824],[76.5601,13.2829],[76.56151,13.28263],[76.56171,13.283],[76.56047,13.28489],[76.56022,13.28612],[76.56148,13.28866],[76.56253,13.28924],[76.56203,13.29042],[76.56257,13.29082],[76.56098,13.2911],[76.56034,13.29053],[76.55858,13.29044],[76.55583,13.29315],[76.55688,13.29899],[76.55692,13.30372],[76.56172,13.30928],[76.55294,13.31399],[76.55354,13.31115],[76.54565,13.31987],[76.54291,13.32664],[76.53983,13.33099],[76.54116,13.33256],[76.54175,13.33207],[76.54254,13.33351],[76.5428,13.33327],[76.54363,13.33396],[76.54452,13.33538],[76.54537,13.33577],[76.54798,13.33333],[76.55157,13.33092],[76.55742,13.33472],[76.56636,13.329],[76.57749,13.33138],[76.58357,13.33803],[76.58795,13.33988],[76.59397,13.34085],[76.59768,13.3408],[76.59814,13.33516],[76.59771,13.32971],[76.59627,13.32591],[76.59703,13.32387],[76.60314,13.32435],[76.6031,13.32498],[76.60482,13.32512],[76.60486,13.32548],[76.6083,13.32451],[76.61091,13.32498],[76.61248,13.32448],[76.61369,13.32321],[76.61574,13.32267],[76.61527,13.32085],[76.61564,13.31679],[76.61516,13.31593],[76.61387,13.31567],[76.61333,13.31482],[76.61842,13.31485],[76.62369,13.31366],[76.62756,13.31426],[76.62821,13.31475],[76.6294,13.3142],[76.62938,13.31546],[76.63062,13.31756],[76.63213,13.31684],[76.63348,13.31808],[76.63486,13.31815],[76.63701,13.3202],[76.63724,13.32164],[76.63602,13.3223],[76.63522,13.32425],[76.63767,13.3251],[76.6376,13.32625],[76.63803,13.32637],[76.63803,13.32562],[76.63964,13.32526],[76.64006,13.32629],[76.6447,13.32702],[76.64523,13.3267],[76.64656,13.32721],[76.64691,13.32843],[76.65035,13.3312],[76.65098,13.33283],[76.65183,13.33302],[76.65492,13.33199],[76.65695,13.33189],[76.65971,13.33374],[76.6633,13.33463],[76.67188,13.33582],[76.67562,13.33524],[76.67911,13.33597],[76.68315,13.34134],[76.69228,13.34629],[76.7007,13.34236],[76.70129,13.3505],[76.71047,13.35042]]]}},{"type":"Feature","properties":{"unitId":718,"unitName":"Nonavinakere PS"},"geometry":{"type":"Polygon","coordinates":[[[76.55308,13.2616],[76.55554,13.26135],[76.55693,13.26226],[76.55712,13.26298],[76.55861,13.26293],[76.55848,13.26229],[76.55934,13.26188],[76.56162,13.26228],[76.56179,13.261],[76.56299,13.25975],[76.5638,13.25982],[76.56384,13.25648],[76.56304,13.25534],[76.56314,13.25205],[76.56573,13.25209],[76.57014,13.25135],[76.57331,13.25147],[76.57873,13.25032],[76.57941,13.24787],[76.57701,13.24123],[76.57637,13.23803],[76.5769,13.23708],[76.58129,13.23604],[76.58165,13.23053],[76.58353,13.23019],[76.58519,13.23208],[76.5862,13.23244],[76.59394,13.23152],[76.59475,13.2321],[76.59584,13.23156],[76.5955,13.2267],[76.59293,13.22339],[76.58989,13.22221],[76.59002,13.2214],[76.58916,13.21901],[76.59087,13.21476],[76.59057,13.21064],[76.59383,13.20953],[76.60025,13.20949],[76.60573,13.21106],[76.61187,13.2073],[76.61139,13.19628],[76.61033,13.19412],[76.60974,13.19027],[76.60731,13.19051],[76.60649,13.19002],[76.60026,13.18432],[76.59513,13.17332],[76.59552,13.17312],[76.59491,13.17166],[76.59521,13.16569],[76.59553,13.16477],[76.59591,13.16523],[76.59617,13.16264],[76.59525,13.15992],[76.59576,13.15845],[76.59581,13.15496],[76.59453,13.15256],[76.59013,13.1471],[76.58978,13.14499],[76.58352,13.14475],[76.58357,13.14993],[76.58342,13.15091],[76.58297,13.15109],[76.57555,13.1515],[76.5702,13.14977],[76.56624,13.15139],[76.56779,13.13884],[76.56715,13.1386],[76.567,13.12981],[76.56497,13.12388],[76.55999,13.12201],[76.55653,13.11304],[76.56133,13.11095],[76.55542,13.10298],[76.5526,13.09993],[76.55228,13.09879],[76.55225,13.09266],[76.55179,13.0915],[76.55341,13.07667],[76.5457,13.07741],[76.53921,13.0773],[76.53461,13.07665],[76.52987,13.07786],[76.52824,13.07896],[76.52792,13.07823],[76.52394,13.07861],[76.52266,13.07832],[76.52131,13.07267],[76.52019,13.07151],[76.51921,13.07133],[76.51539,13.0689],[76.51317,13.07096],[76.5122,13.07128],[76.51161,13.07074],[76.51068,13.07175],[76.51106,13.0719],[76.51025,13.07406],[76.50734,13.07724],[76.50616,13.07763],[76.50585,13.07869],[76.50509,13.07881],[76.50179,13.08123],[76.49627,13.08599],[76.4953,13.0896],[76.49512,13.09436],[76.49077,13.09463],[76.48943,13.09368],[76.48828,13.09366],[76.48164,13.09116],[76.4788,13.09141],[76.47137,13.09325],[76.47217,13.09628],[76.4701,13.10457],[76.46967,13.10874],[76.47041,13.10856],[76.47047,13.10959],[76.4688,13.12004],[76.4703,13.12084],[76.46952,13.12577],[76.46981,13.13667],[76.47337,13.14971],[76.46431,13.15089],[76.46024,13.15011],[76.45956,13.14933],[76.45843,13.14926],[76.45743,13.15101],[76.45521,13.15082],[76.4544,13.15502],[76.45274,13.15524],[76.45251,13.15684],[76.45057,13.15885],[76.45064,13.15954],[76.44896,13.1598],[76.44905,13.16152],[76.44715,13.16305],[76.44576,13.16564],[76.44514,13.16927],[76.45068,13.17473],[76.45404,13.17539],[76.45855,13.17502],[76.45824,13.17562],[76.45899,13.17954],[76.45868,13.18154],[76.45774,13.18195],[76.45752,13.18331],[76.45595,13.18419],[76.45589,13.18508],[76.45509,13.18522],[76.45453,13.1872],[76.45409,13.18709],[76.45403,13.18787],[76.45345,13.18833],[76.45046,13.18903],[76.44771,13.18818],[76.44543,13.18855],[76.44412,13.18911],[76.44338,13.19043],[76.44238,13.19045],[76.44106,13.19404],[76.43943,13.19606],[76.43861,13.1991],[76.43907,13.20061],[76.441,13.20274],[76.44232,13.20553],[76.4484,13.20308],[76.45035,13.20297],[76.45297,13.20286],[76.45254,13.20321],[76.45645,13.20377],[76.47262,13.20346],[76.47843,13.20374],[76.47908,13.20417],[76.48156,13.2034],[76.48512,13.21463],[76.48308,13.22348],[76.48313,13.22699],[76.48703,13.22966],[76.49208,13.2309],[76.49573,13.23477],[76.50056,13.23668],[76.50196,13.23653],[76.50607,13.23415],[76.50657,13.23068],[76.50775,13.22933],[76.5076,13.22888],[76.51075,13.22724],[76.51181,13.22597],[76.51362,13.22587],[76.51396,13.22538],[76.51587,13.22527],[76.51575,13.22476],[76.5162,13.22454],[76.51753,13.22447],[76.51828,13.22204],[76.51968,13.22236],[76.52314,13.22172],[76.52382,13.22627],[76.52791,13.2253],[76.52883,13.22642],[76.52991,13.225],[76.53284,13.22426],[76.5396,13.22467],[76.53963,13.22666],[76.53876,13.22761],[76.53863,13.22952],[76.53733,13.23005],[76.53651,13.23134],[76.53815,13.23136],[76.53969,13.23071],[76.54332,13.23225],[76.545,13.22935],[76.5483,13.22912],[76.55024,13.22986],[76.55279,13.22945],[76.55131,13.23187],[76.55134,13.23433],[76.54796,13.24613],[76.54642,13.24714],[76.54765,13.25173],[76.54383,13.25751],[76.54124,13.25875],[76.54177,13.2642],[76.5464,13.26462],[76.5477,13.26301],[76.55308,13.2616]],[[76.5179,13.11608],[76.5165,13.10995],[76.51692,13.10738],[76.51453,13.10698],[76.51564,13.10413],[76.51682,13.10259],[76.52014,13.10363],[76.52158,13.10328],[76.5291,13.105],[76.5314,13.1051],[76.535,13.10661],[76.539,13.10686],[76.54149,13.10614],[76.54188,13.1102],[76.54028,13.11753],[76.5303,13.12092],[76.52881,13.12079],[76.52598,13.12341],[76.52311,13.12182],[76.5179,13.11608]]]}},{"type":"Feature","properties":{"unitId":719,"unitName":"Tiptur Rural PS"},"geometry":{"type":"MultiPolygon","coordinates":[[[[76.44207,13.28306],[76.44852,13.28175],[76.45182,13.28022],[76.45524,13.2807],[76.45559,13.27755],[76.45498,13.27498],[76.45286,13.27068],[76.45159,13.26911],[76.45126,13.26764],[76.45251,13.26565],[76.45225,13.26353],[76.45691,13.26214],[76.45555,13.25978],[76.45073,13.25801],[76.44837,13.25478],[76.44758,13.24945],[76.44915,13.24325],[76.45244,13.24307],[76.4573,13.24177],[76.47051,13.24076],[76.47231,13.24086],[76.48056,13.24356],[76.48562,13.24449],[76.48699,13.24292],[76.48818,13.24287],[76.48914,13.24208],[76.48983,13.24082],[76.49031,13.23685],[76.49034,13.2305],[76.48621,13.2293],[76.48313,13.22699],[76.48308,13.22348],[76.48512,13.21463],[76.48156,13.2034],[76.47908,13.20417],[76.47843,13.20374],[76.47262,13.20346],[76.45645,13.20377],[76.45254,13.20321],[76.45297,13.20286],[76.45035,13.20297],[76.4484,13.20308],[76.44232,13.20553],[76.441,13.20274],[76.43981,13.20177],[76.43867,13.19874],[76.43943,13.19606],[76.44106,13.19404],[76.44238,13.19045],[76.44338,13.19043],[76.44412,13.18911],[76.44543,13.18855],[76.44771,13.18818],[76.45046,13.18903],[76.45345,13.18833],[76.45403,13.18787],[76.45409,13.18709],[76.45453,13.1872],[76.45509,13.18522],[76.45589,13.18508],[76.45595,13.18419],[76.45752,13.18331],[76.45774,13.18195],[76.4588,13.18112],[76.45878,13.17735],[76.45824,13.17562],[76.45855,13.17502],[76.45404,13.17539],[76.45068,13.17473],[76.44514,13.16927],[76.4391,13.1706],[76.43736,13.17023],[76.42882,13.17215],[76.42669,13.18058],[76.42681,13.18189],[76.42596,13.18285],[76.42454,13.1833],[76.42443,13.18448],[76.42285,13.18456],[76.42101,13.18592],[76.41874,13.1864],[76.41737,13.18638],[76.41735,13.18573],[76.41627,13.18589],[76.41637,13.18756],[76.41552,13.18762],[76.41552,13.18832],[76.41472,13.18827],[76.4145,13.18995],[76.41387,13.18997],[76.41339,13.19123],[76.41114,13.19213],[76.40786,13.19251],[76.40028,13.19111],[76.39518,13.18955],[76.39374,13.18865],[76.39393,13.19739],[76.38908,13.19851],[76.38564,13.19818],[76.38156,13.19873],[76.38079,13.19834],[76.38078,13.19889],[76.37861,13.19919],[76.37674,13.20039],[76.37285,13.19981],[76.37005,13.20011],[76.37017,13.20538],[76.36934,13.20989],[76.36965,13.2126],[76.37648,13.21607],[76.37963,13.22155],[76.38023,13.22354],[76.3795,13.22364],[76.38001,13.22497],[76.38009,13.23371],[76.38408,13.23662],[76.38468,13.23775],[76.38756,13.23711],[76.38872,13.23731],[76.38903,13.23863],[76.39,13.23859],[76.39077,13.24015],[76.39392,13.23977],[76.39999,13.24365],[76.40287,13.24594],[76.40445,13.24795],[76.40565,13.25159],[76.40523,13.25216],[76.40681,13.25915],[76.40821,13.26173],[76.40896,13.26161],[76.40928,13.26268],[76.40973,13.26259],[76.41121,13.27098],[76.41326,13.27731],[76.41491,13.27624],[76.42111,13.27805],[76.42147,13.28287],[76.42216,13.28214],[76.42597,13.28134],[76.43095,13.28237],[76.43663,13.28161],[76.4409,13.28322],[76.44207,13.28306]]],[[[76.55251,13.31227],[76.55354,13.31115],[76.55294,13.31399],[76.56172,13.30928],[76.55692,13.30372],[76.55688,13.29899],[76.55583,13.29315],[76.55858,13.29044],[76.56034,13.29053],[76.56098,13.2911],[76.56257,13.29082],[76.56203,13.29042],[76.56253,13.28924],[76.56148,13.28866],[76.56022,13.28612],[76.56047,13.28489],[76.56171,13.283],[76.56151,13.28263],[76.5601,13.2829],[76.55931,13.2824],[76.5591,13.28098],[76.55986,13.28088],[76.56066,13.27905],[76.56183,13.27867],[76.56238,13.27784],[76.56294,13.26912],[76.56159,13.26513],[76.56162,13.26228],[76.55934,13.26188],[76.55848,13.26229],[76.55861,13.26293],[76.55712,13.26298],[76.55693,13.26226],[76.55554,13.26135],[76.55325,13.26151],[76.5477,13.26301],[76.5464,13.26462],[76.54177,13.2642],[76.54124,13.25875],[76.54383,13.25751],[76.54765,13.25173],[76.54642,13.24714],[76.54796,13.24613],[76.55134,13.23433],[76.55131,13.23187],[76.55279,13.22945],[76.55024,13.22986],[76.5483,13.22912],[76.545,13.22935],[76.54332,13.23225],[76.53969,13.23071],[76.53815,13.23136],[76.53651,13.23134],[76.53733,13.23005],[76.53863,13.22952],[76.53876,13.22761],[76.53963,13.22666],[76.5396,13.22467],[76.53284,13.22426],[76.52991,13.225],[76.52883,13.22642],[76.52791,13.2253],[76.52382,13.22627],[76.52314,13.22172],[76.51968,13.22236],[76.51828,13.22204],[76.51753,13.22447],[76.5162,13.22454],[76.51575,13.22476],[76.51587,13.22527],[76.51396,13.22538],[76.51362,13.22587],[76.51181,13.22597],[76.51075,13.22724],[76.5076,13.22888],[76.50775,13.22933],[76.50657,13.23068],[76.50607,13.23415],[76.50196,13.23653],[76.49893,13.23624],[76.49986,13.2408],[76.50121,13.24402],[76.50464,13.24674],[76.49949,13.24757],[76.49914,13.24931],[76.4987,13.25296],[76.50115,13.26318],[76.5015,13.2719],[76.49903,13.27296],[76.49922,13.27384],[76.49864,13.27397],[76.49613,13.26934],[76.49564,13.26597],[76.49421,13.26611],[76.49399,13.26529],[76.49338,13.26515],[76.49296,13.26267],[76.48989,13.2615],[76.48997,13.26115],[76.48467,13.26337],[76.48443,13.26255],[76.4839,13.26265],[76.48411,13.26345],[76.48314,13.26427],[76.48311,13.26509],[76.48201,13.2636],[76.47361,13.26732],[76.47498,13.2679],[76.47538,13.27208],[76.47733,13.27478],[76.47852,13.2749],[76.4786,13.276],[76.47958,13.27598],[76.47992,13.27661],[76.48113,13.27651],[76.48132,13.27743],[76.48252,13.2773],[76.48318,13.28103],[76.48359,13.28101],[76.4839,13.28468],[76.48434,13.28568],[76.48479,13.28559],[76.48529,13.28864],[76.48666,13.29217],[76.49128,13.30106],[76.49247,13.30236],[76.49776,13.3029],[76.51219,13.31124],[76.51917,13.31473],[76.52143,13.32563],[76.52103,13.3273],[76.5322,13.33114],[76.53409,13.33199],[76.53542,13.33361],[76.53983,13.33099],[76.54291,13.32664],[76.54565,13.31987],[76.55251,13.31227]]],[[[76.48298,13.25983],[76.48385,13.26252],[76.48298,13.25983]]]]}},{"type":"Feature","properties":{"unitId":720,"unitName":"Tiptur Town PS"},"geometry":{"type":"Polygon","coordinates":[[[76.48239,13.28939],[76.48529,13.28864],[76.48479,13.28559],[76.48434,13.28568],[76.4839,13.28468],[76.48359,13.28101],[76.48318,13.28103],[76.48252,13.2773],[76.48132,13.27743],[76.48113,13.27651],[76.47992,13.27661],[76.47958,13.27598],[76.4786,13.276],[76.47852,13.2749],[76.47733,13.27478],[76.47663,13.27363],[76.47618,13.27369],[76.47538,13.27208],[76.47498,13.2679],[76.47361,13.26732],[76.48201,13.2636],[76.48311,13.26509],[76.48314,13.26427],[76.48411,13.26345],[76.4839,13.26265],[76.48443,13.26255],[76.48467,13.26337],[76.48997,13.26115],[76.48989,13.2615],[76.49296,13.26267],[76.49338,13.26515],[76.49399,13.26529],[76.49421,13.26611],[76.49564,13.26597],[76.49613,13.26934],[76.49864,13.27397],[76.49922,13.27384],[76.49903,13.27296],[76.5015,13.2719],[76.50115,13.26318],[76.4987,13.25296],[76.49914,13.24931],[76.49949,13.24757],[76.50464,13.24674],[76.50121,13.24402],[76.49986,13.2408],[76.49878,13.23595],[76.49573,13.23477],[76.49355,13.23214],[76.49102,13.23057],[76.49034,13.2305],[76.4903,13.23708],[76.48975,13.24107],[76.48818,13.24287],[76.48699,13.24292],[76.48616,13.24431],[76.48056,13.24356],[76.47208,13.24083],[76.4573,13.24177],[76.45244,13.24307],[76.44915,13.24325],[76.44758,13.24945],[76.44805,13.25389],[76.44996,13.25715],[76.45073,13.25801],[76.45555,13.25978],[76.45691,13.26214],[76.45225,13.26353],[76.45251,13.26565],[76.45126,13.26764],[76.45159,13.26911],[76.45286,13.27068],[76.45498,13.27498],[76.45559,13.27755],[76.45524,13.2807],[76.46802,13.28942],[76.47045,13.28702],[76.47324,13.28837],[76.47397,13.2894],[76.47728,13.2894],[76.47733,13.28976],[76.48239,13.28939]],[[76.48281,13.25992],[76.48385,13.26252],[76.48281,13.25992]]]}},{"type":"Feature","properties":{"unitId":721,"unitName":"Kodigenahalli PS"},"geometry":{"type":"Polygon","coordinates":[[[77.45149,13.80954],[77.45302,13.80879],[77.45419,13.80949],[77.45551,13.80757],[77.45713,13.8071],[77.46007,13.80781],[77.46483,13.80752],[77.46502,13.80248],[77.46078,13.80266],[77.4587,13.79649],[77.45835,13.79316],[77.4573,13.79103],[77.45681,13.78864],[77.46155,13.78802],[77.46021,13.78055],[77.46245,13.77577],[77.46433,13.76949],[77.46503,13.76558],[77.46521,13.7588],[77.47048,13.75817],[77.46775,13.75323],[77.46769,13.75193],[77.46801,13.75208],[77.46703,13.74802],[77.46717,13.74351],[77.46669,13.74031],[77.46574,13.74019],[77.46436,13.7339],[77.46369,13.72305],[77.46374,13.72146],[77.46516,13.71691],[77.46507,13.71117],[77.45571,13.7103],[77.45006,13.71142],[77.45083,13.70466],[77.45257,13.70432],[77.45298,13.69605],[77.45479,13.69536],[77.45522,13.69183],[77.45588,13.69094],[77.45543,13.68285],[77.45339,13.68231],[77.43712,13.68416],[77.43531,13.6763],[77.43541,13.67329],[77.43269,13.67344],[77.42996,13.6745],[77.42424,13.67553],[77.4035,13.67636],[77.3995,13.67461],[77.39721,13.67463],[77.39587,13.6723],[77.39568,13.67126],[77.39616,13.66964],[77.39451,13.66564],[77.38416,13.66163],[77.37682,13.64976],[77.3784,13.64511],[77.37445,13.64174],[77.37391,13.64219],[77.36999,13.64206],[77.36866,13.64109],[77.36682,13.63759],[77.36689,13.63586],[77.3696,13.63381],[77.36253,13.62487],[77.36217,13.62494],[77.36019,13.61314],[77.36159,13.6074],[77.36241,13.60577],[77.34185,13.60665],[77.33931,13.60657],[77.33718,13.60558],[77.33303,13.60806],[77.33056,13.60779],[77.3284,13.60886],[77.32389,13.60945],[77.31801,13.60917],[77.31592,13.60833],[77.31452,13.60606],[77.31405,13.60389],[77.3128,13.6033],[77.31209,13.60525],[77.31133,13.60557],[77.31127,13.60515],[77.31037,13.60528],[77.30951,13.60586],[77.30606,13.60952],[77.30527,13.61138],[77.30437,13.61175],[77.30374,13.61097],[77.30195,13.61031],[77.29924,13.60834],[77.29376,13.59998],[77.29038,13.59176],[77.28978,13.58798],[77.28357,13.59113],[77.27999,13.59537],[77.28137,13.59844],[77.28479,13.60252],[77.28598,13.60688],[77.28593,13.6077],[77.28452,13.60892],[77.28351,13.61378],[77.28286,13.6145],[77.27673,13.61705],[77.27176,13.62096],[77.27129,13.6229],[77.26773,13.62404],[77.26486,13.62304],[77.26531,13.62487],[77.26523,13.62938],[77.26593,13.63211],[77.26645,13.63339],[77.26804,13.63453],[77.26969,13.65165],[77.26347,13.65323],[77.26273,13.65772],[77.26495,13.66718],[77.26931,13.6769],[77.27003,13.68064],[77.26943,13.6822],[77.2695,13.68869],[77.26993,13.69107],[77.27194,13.69101],[77.27272,13.6913],[77.27371,13.6927],[77.27706,13.69301],[77.27827,13.69358],[77.27841,13.69448],[77.28025,13.6953],[77.28345,13.69582],[77.28424,13.69743],[77.2851,13.698],[77.28672,13.69767],[77.28676,13.70155],[77.28589,13.70546],[77.28423,13.71105],[77.28307,13.71101],[77.28286,13.71289],[77.28377,13.71497],[77.28401,13.73377],[77.28567,13.73855],[77.28632,13.74453],[77.29263,13.74471],[77.29703,13.74749],[77.30029,13.74786],[77.30381,13.74898],[77.30407,13.75083],[77.3156,13.74609],[77.31999,13.75683],[77.3217,13.75872],[77.32275,13.75823],[77.32379,13.7588],[77.32917,13.75937],[77.33057,13.76575],[77.33873,13.76866],[77.34136,13.77157],[77.34389,13.77349],[77.34533,13.78479],[77.34515,13.79444],[77.35117,13.79385],[77.35634,13.79685],[77.36646,13.79792],[77.37186,13.80054],[77.3766,13.80657],[77.3805,13.8057],[77.38777,13.80145],[77.39418,13.80274],[77.39665,13.80232],[77.40523,13.79903],[77.40469,13.79755],[77.40761,13.7967],[77.40936,13.7954],[77.41049,13.79531],[77.41042,13.79327],[77.41158,13.79183],[77.41263,13.79185],[77.41301,13.79426],[77.41426,13.79658],[77.41477,13.79891],[77.41618,13.79876],[77.41664,13.80663],[77.41759,13.80661],[77.41821,13.80586],[77.4195,13.80948],[77.42866,13.80676],[77.42828,13.80348],[77.42571,13.8027],[77.42388,13.80152],[77.42268,13.79893],[77.43312,13.79598],[77.43727,13.79606],[77.43773,13.79849],[77.44073,13.80586],[77.44286,13.80865],[77.44551,13.81064],[77.44775,13.81069],[77.45149,13.80954]]]}},{"type":"Feature","properties":{"unitId":722,"unitName":"Madhugiri PS"},"geometry":{"type":"Polygon","coordinates":[[[77.22006,13.74985],[77.22055,13.7494],[77.22273,13.74965],[77.2269,13.74912],[77.22764,13.7497],[77.22857,13.749],[77.22919,13.73688],[77.24734,13.74089],[77.25187,13.74091],[77.26179,13.73326],[77.26544,13.73217],[77.26844,13.7322],[77.2746,13.73348],[77.28403,13.73382],[77.28377,13.71497],[77.28286,13.71289],[77.28307,13.71101],[77.28423,13.71105],[77.28589,13.70546],[77.28676,13.70155],[77.28672,13.69767],[77.2851,13.698],[77.28424,13.69743],[77.28345,13.69582],[77.28025,13.6953],[77.27841,13.69448],[77.27827,13.69358],[77.27763,13.69323],[77.27432,13.6929],[77.27272,13.6913],[77.26986,13.69087],[77.26943,13.6822],[77.27003,13.68064],[77.26931,13.6769],[77.26495,13.66718],[77.26273,13.65772],[77.26347,13.65323],[77.26969,13.65165],[77.26804,13.63453],[77.26645,13.63339],[77.26593,13.63211],[77.26523,13.62938],[77.26531,13.62487],[77.26486,13.62304],[77.26001,13.62346],[77.25877,13.61997],[77.25607,13.6159],[77.25197,13.6132],[77.25033,13.61273],[77.24296,13.61315],[77.24446,13.60734],[77.24273,13.60746],[77.24187,13.60263],[77.23155,13.60243],[77.23181,13.60172],[77.22568,13.59935],[77.21973,13.59796],[77.21958,13.59692],[77.20866,13.59784],[77.20147,13.59736],[77.18546,13.60147],[77.17674,13.59571],[77.17339,13.59251],[77.16865,13.59064],[77.16697,13.59012],[77.16264,13.59036],[77.15795,13.58884],[77.15004,13.58865],[77.14659,13.58937],[77.14451,13.59287],[77.13894,13.59693],[77.13705,13.59587],[77.13402,13.61997],[77.13588,13.62875],[77.13533,13.64247],[77.13414,13.6552],[77.13492,13.65913],[77.14615,13.66383],[77.14691,13.67285],[77.14762,13.67414],[77.14909,13.6802],[77.15031,13.68112],[77.15005,13.68215],[77.15095,13.68683],[77.15283,13.68697],[77.1604,13.69902],[77.16475,13.70454],[77.16766,13.71064],[77.17304,13.71581],[77.17987,13.71646],[77.18667,13.72578],[77.18774,13.72488],[77.19836,13.72354],[77.20507,13.72203],[77.20629,13.72091],[77.20995,13.72316],[77.21439,13.73025],[77.21761,13.73793],[77.21507,13.74281],[77.21628,13.74792],[77.21798,13.75168],[77.22006,13.74985]]]}},{"type":"Feature","properties":{"unitId":723,"unitName":"Medigeshi PS"},"geometry":{"type":"Polygon","coordinates":[[[77.18601,13.8799],[77.1858,13.87712],[77.18174,13.87002],[77.19392,13.86513],[77.19753,13.86483],[77.2006,13.86338],[77.20382,13.86947],[77.2075,13.8733],[77.20612,13.87382],[77.20866,13.87553],[77.20937,13.87744],[77.21018,13.87806],[77.21026,13.88361],[77.20977,13.8842],[77.2127,13.88565],[77.21524,13.88579],[77.21683,13.88406],[77.21518,13.86762],[77.21768,13.86838],[77.21981,13.8679],[77.22317,13.87718],[77.22338,13.87971],[77.22461,13.88278],[77.22647,13.88181],[77.22675,13.8825],[77.22643,13.88269],[77.23004,13.89198],[77.23014,13.89792],[77.23118,13.90287],[77.23563,13.90442],[77.23666,13.90123],[77.2447,13.90322],[77.24477,13.90357],[77.24503,13.90302],[77.24848,13.90131],[77.2481,13.89636],[77.24715,13.89229],[77.24822,13.88762],[77.2451,13.88404],[77.24521,13.88205],[77.24761,13.88071],[77.24865,13.87277],[77.2481,13.87177],[77.24751,13.8716],[77.24763,13.87064],[77.24655,13.86772],[77.24948,13.86698],[77.25238,13.8652],[77.25473,13.86442],[77.25497,13.86469],[77.25893,13.86253],[77.25808,13.85596],[77.25618,13.85164],[77.25613,13.8479],[77.25708,13.8467],[77.26282,13.84679],[77.27052,13.84807],[77.27585,13.84932],[77.28004,13.85109],[77.28475,13.84879],[77.29025,13.84802],[77.29092,13.8508],[77.29467,13.85781],[77.29613,13.85701],[77.30324,13.86198],[77.31021,13.86325],[77.31106,13.86689],[77.31638,13.86359],[77.31878,13.85712],[77.32121,13.85641],[77.32128,13.847],[77.32497,13.84532],[77.32317,13.8399],[77.32442,13.83972],[77.32451,13.83639],[77.32495,13.83639],[77.32539,13.8331],[77.32988,13.83254],[77.33028,13.833],[77.33683,13.83291],[77.3454,13.84117],[77.35311,13.84567],[77.35578,13.85015],[77.35715,13.85128],[77.3629,13.85423],[77.37313,13.85255],[77.37661,13.85102],[77.37886,13.84935],[77.38095,13.8468],[77.37951,13.84001],[77.38215,13.83918],[77.38629,13.83866],[77.3952,13.84045],[77.40149,13.84071],[77.4102,13.83931],[77.41587,13.83912],[77.42176,13.84165],[77.42726,13.84097],[77.42995,13.84485],[77.43371,13.84278],[77.43305,13.8414],[77.43206,13.8362],[77.42791,13.83134],[77.42919,13.82918],[77.429,13.82754],[77.42413,13.82337],[77.42256,13.81948],[77.42195,13.81617],[77.41818,13.81004],[77.41746,13.80662],[77.41664,13.80663],[77.41618,13.79876],[77.41477,13.79891],[77.41426,13.79658],[77.41301,13.79426],[77.41263,13.79185],[77.41158,13.79183],[77.41042,13.79327],[77.41049,13.79531],[77.40936,13.7954],[77.40761,13.7967],[77.40469,13.79755],[77.40523,13.79903],[77.39665,13.80232],[77.39418,13.80274],[77.38777,13.80145],[77.3805,13.8057],[77.3766,13.80657],[77.37186,13.80054],[77.36646,13.79792],[77.35634,13.79685],[77.35117,13.79385],[77.34515,13.79444],[77.34533,13.78479],[77.34389,13.77349],[77.34136,13.77157],[77.33873,13.76866],[77.33057,13.76575],[77.32917,13.75937],[77.32379,13.7588],[77.32275,13.75823],[77.3217,13.75872],[77.31999,13.75683],[77.3156,13.74609],[77.30407,13.75083],[77.30381,13.74898],[77.30029,13.74786],[77.29703,13.74749],[77.29263,13.74471],[77.28632,13.74453],[77.28567,13.73855],[77.28403,13.73382],[77.2746,13.73348],[77.26632,13.73203],[77.26179,13.73326],[77.25187,13.74091],[77.24734,13.74089],[77.22919,13.73688],[77.22857,13.749],[77.22764,13.7497],[77.2269,13.74912],[77.22273,13.74965],[77.22055,13.7494],[77.21798,13.75168],[77.21628,13.74792],[77.21507,13.74281],[77.21761,13.73793],[77.21439,13.73025],[77.21105,13.72474],[77.20995,13.72316],[77.20629,13.72091],[77.20507,13.72203],[77.19836,13.72354],[77.18774,13.72488],[77.18667,13.72578],[77.17987,13.71646],[77.17304,13.71581],[77.15911,13.71831],[77.15673,13.71728],[77.15294,13.71791],[77.14856,13.71768],[77.14975,13.72038],[77.14794,13.72629],[77.14788,13.7286],[77.14423,13.73264],[77.14298,13.73506],[77.13914,13.73804],[77.13665,13.73936],[77.13577,13.7412],[77.13497,13.75042],[77.13602,13.7513],[77.1356,13.75337],[77.13694,13.75849],[77.13977,13.76117],[77.1409,13.76532],[77.1452,13.76544],[77.15138,13.76634],[77.15433,13.76579],[77.15852,13.76406],[77.17339,13.76211],[77.17449,13.76492],[77.17537,13.76983],[77.17752,13.77495],[77.17914,13.78274],[77.1785,13.78333],[77.17736,13.78318],[77.17341,13.78524],[77.16367,13.79612],[77.16283,13.79894],[77.16214,13.8044],[77.15788,13.80567],[77.16243,13.80832],[77.16222,13.81022],[77.16269,13.81121],[77.15962,13.81627],[77.16286,13.8166],[77.16771,13.82084],[77.17057,13.82767],[77.17022,13.82771],[77.16972,13.82973],[77.1689,13.83072],[77.16454,13.83263],[77.15329,13.83417],[77.15344,13.83817],[77.15467,13.8445],[77.14729,13.84526],[77.14237,13.84664],[77.13973,13.84683],[77.13593,13.84566],[77.13224,13.84629],[77.13226,13.84772],[77.13065,13.8507],[77.12973,13.85511],[77.12933,13.85502],[77.12818,13.85617],[77.12871,13.85649],[77.13228,13.85606],[77.13672,13.85666],[77.137,13.8578],[77.14153,13.86222],[77.14558,13.86803],[77.1556,13.86616],[77.16067,13.86576],[77.16736,13.86233],[77.1684,13.86372],[77.17152,13.86996],[77.16965,13.87914],[77.16917,13.87939],[77.16887,13.8808],[77.16843,13.88526],[77.16878,13.89012],[77.16404,13.8953],[77.16218,13.89887],[77.16229,13.907],[77.16434,13.91146],[77.16984,13.92025],[77.17129,13.9209],[77.185,13.9246],[77.1884,13.91278],[77.19065,13.91146],[77.18801,13.9049],[77.18695,13.89684],[77.18607,13.89346],[77.18536,13.88622],[77.18682,13.8862],[77.18683,13.88534],[77.18561,13.88011],[77.18601,13.8799]]]}},{"type":"Feature","properties":{"unitId":724,"unitName":"Koratagere PS"},"geometry":{"type":"Polygon","coordinates":[[[77.26781,13.62403],[77.27129,13.6229],[77.27176,13.62096],[77.27673,13.61705],[77.28286,13.6145],[77.28351,13.61378],[77.28452,13.60892],[77.28593,13.6077],[77.28598,13.60688],[77.28479,13.60252],[77.28137,13.59844],[77.27999,13.59537],[77.28357,13.59113],[77.28978,13.58798],[77.29038,13.59176],[77.29376,13.59998],[77.29924,13.60834],[77.30195,13.61031],[77.30374,13.61097],[77.30437,13.61175],[77.30527,13.61138],[77.30606,13.60952],[77.30951,13.60586],[77.31037,13.60528],[77.31127,13.60515],[77.31133,13.60557],[77.31209,13.60525],[77.3128,13.6033],[77.31405,13.60389],[77.31452,13.60606],[77.31592,13.60833],[77.31801,13.60917],[77.32389,13.60945],[77.3284,13.60886],[77.33056,13.60779],[77.33303,13.60806],[77.33718,13.60558],[77.33931,13.60657],[77.34185,13.60665],[77.36241,13.60577],[77.36278,13.6022],[77.36476,13.60191],[77.36364,13.59417],[77.36365,13.59016],[77.36982,13.58845],[77.3729,13.58855],[77.37433,13.58989],[77.37748,13.5837],[77.37943,13.57809],[77.38115,13.57765],[77.38296,13.5751],[77.3835,13.55819],[77.38459,13.55162],[77.38335,13.54927],[77.38053,13.54948],[77.38059,13.54453],[77.38183,13.54296],[77.38254,13.53929],[77.38289,13.53974],[77.38285,13.53687],[77.38473,13.53765],[77.39062,13.53654],[77.39164,13.53433],[77.39174,13.52902],[77.39063,13.51923],[77.3871,13.51879],[77.38573,13.51696],[77.38277,13.51585],[77.38169,13.51478],[77.38295,13.50651],[77.3826,13.50106],[77.38468,13.49902],[77.37855,13.49338],[77.37645,13.49013],[77.37626,13.48452],[77.37265,13.48408],[77.37089,13.47827],[77.37361,13.47097],[77.36706,13.46982],[77.36565,13.46224],[77.35977,13.46259],[77.35619,13.46206],[77.35361,13.45951],[77.35166,13.4582],[77.34901,13.45723],[77.3463,13.45809],[77.3425,13.45849],[77.34072,13.45384],[77.33988,13.45389],[77.3387,13.45226],[77.33881,13.45108],[77.33749,13.44974],[77.3368,13.44416],[77.33743,13.44362],[77.33664,13.44317],[77.33609,13.44172],[77.33701,13.44083],[77.33703,13.43899],[77.33623,13.43711],[77.33889,13.43609],[77.33913,13.435],[77.3396,13.43492],[77.34102,13.43236],[77.34112,13.43141],[77.34062,13.43052],[77.34341,13.42774],[77.34572,13.42621],[77.34616,13.42512],[77.3381,13.42506],[77.33348,13.42356],[77.32857,13.42312],[77.32755,13.42254],[77.32572,13.42284],[77.32432,13.42396],[77.32356,13.4262],[77.32154,13.42847],[77.31762,13.42732],[77.31316,13.42499],[77.31011,13.42534],[77.30728,13.43581],[77.30484,13.45081],[77.30213,13.45512],[77.30195,13.45728],[77.30287,13.46059],[77.30528,13.46605],[77.30976,13.46648],[77.31194,13.47066],[77.30642,13.46951],[77.30003,13.47066],[77.29748,13.4723],[77.29684,13.47698],[77.29572,13.47988],[77.29522,13.47911],[77.29152,13.48042],[77.29015,13.47846],[77.2876,13.47905],[77.2877,13.47682],[77.28478,13.47296],[77.28534,13.46774],[77.27923,13.46757],[77.27382,13.46885],[77.27172,13.46158],[77.27179,13.46037],[77.26218,13.46057],[77.25857,13.46199],[77.25836,13.46271],[77.2548,13.46234],[77.24726,13.4627],[77.24629,13.46458],[77.24087,13.46554],[77.23012,13.46689],[77.22567,13.4664],[77.22067,13.46698],[77.21312,13.47084],[77.19942,13.47408],[77.19773,13.46822],[77.19286,13.47501],[77.1885,13.4767],[77.18657,13.47615],[77.18606,13.4764],[77.18416,13.47535],[77.17974,13.47743],[77.17668,13.47762],[77.1765,13.47729],[77.17462,13.47895],[77.17323,13.47853],[77.17297,13.47767],[77.17263,13.47633],[77.17309,13.47298],[77.16623,13.47204],[77.15952,13.46911],[77.15667,13.47232],[77.15496,13.4733],[77.15334,13.47314],[77.15308,13.47918],[77.15195,13.48143],[77.15089,13.48185],[77.1503,13.48363],[77.14699,13.48293],[77.14829,13.49127],[77.15281,13.49601],[77.15149,13.50178],[77.14068,13.50438],[77.13928,13.50391],[77.13547,13.50411],[77.13724,13.5041],[77.13737,13.50511],[77.13346,13.50586],[77.13463,13.50451],[77.13154,13.50544],[77.13087,13.50517],[77.12642,13.50587],[77.11589,13.50561],[77.11459,13.50699],[77.11407,13.50883],[77.11421,13.5138],[77.10806,13.51498],[77.10469,13.51508],[77.10272,13.51551],[77.10288,13.51603],[77.09942,13.51595],[77.09827,13.51662],[77.09654,13.51664],[77.09615,13.51924],[77.08922,13.51958],[77.08204,13.51857],[77.08,13.5193],[77.07683,13.52432],[77.07293,13.52604],[77.0719,13.52777],[77.07152,13.53148],[77.06327,13.53376],[77.05889,13.53596],[77.06149,13.541],[77.06239,13.54415],[77.06042,13.54582],[77.06032,13.54804],[77.05401,13.54901],[77.04776,13.54917],[77.04283,13.55244],[77.03791,13.55688],[77.03788,13.55798],[77.03673,13.55839],[77.03467,13.56263],[77.0391,13.57015],[77.02741,13.57371],[77.02321,13.57584],[77.02462,13.58259],[77.02723,13.58778],[77.03379,13.58965],[77.04432,13.58455],[77.04751,13.58421],[77.04793,13.58355],[77.05227,13.58437],[77.06581,13.58481],[77.06764,13.58547],[77.07694,13.58462],[77.077,13.58513],[77.07896,13.58381],[77.08859,13.58372],[77.09247,13.58296],[77.09335,13.58192],[77.09525,13.58151],[77.09823,13.58173],[77.10491,13.5891],[77.11995,13.59333],[77.13086,13.59338],[77.13894,13.59693],[77.14451,13.59287],[77.14659,13.58937],[77.15004,13.58865],[77.15795,13.58884],[77.16264,13.59036],[77.16697,13.59012],[77.16865,13.59064],[77.17339,13.59251],[77.17674,13.59571],[77.18546,13.60147],[77.20147,13.59736],[77.20866,13.59784],[77.21958,13.59692],[77.21973,13.59796],[77.22568,13.59935],[77.23181,13.60172],[77.23155,13.60243],[77.24187,13.60263],[77.24273,13.60746],[77.24446,13.60734],[77.24296,13.61315],[77.25033,13.61273],[77.25197,13.6132],[77.25607,13.6159],[77.25877,13.61997],[77.26001,13.62346],[77.26486,13.62304],[77.26781,13.62403]]]}},{"type":"Feature","properties":{"unitId":725,"unitName":"Y. N. Hosakote PS"},"geometry":{"type":"Polygon","coordinates":[[[77.15666,14.34208],[77.16541,14.34195],[77.16497,14.33816],[77.16612,14.33798],[77.16628,14.33755],[77.1686,14.33805],[77.16955,14.33511],[77.17032,14.33613],[77.17453,14.33599],[77.17791,14.33512],[77.17743,14.3344],[77.18123,14.33195],[77.18079,14.33065],[77.18297,14.3316],[77.18379,14.33266],[77.19689,14.32142],[77.21433,14.31864],[77.22874,14.32173],[77.23346,14.31821],[77.23952,14.31737],[77.24491,14.31758],[77.24578,14.31799],[77.24648,14.31917],[77.25335,14.32246],[77.25337,14.32579],[77.25837,14.32796],[77.25856,14.32964],[77.25792,14.33102],[77.26096,14.33261],[77.26391,14.33304],[77.26892,14.33251],[77.27507,14.33565],[77.2763,14.33759],[77.28448,14.33784],[77.28473,14.34028],[77.28627,14.34044],[77.28712,14.3298],[77.28842,14.32553],[77.28888,14.31377],[77.28937,14.3119],[77.28919,14.30626],[77.2888,14.30009],[77.28284,14.28729],[77.28332,14.28233],[77.27291,14.28501],[77.27038,14.28506],[77.2702,14.2836],[77.2656,14.28196],[77.26439,14.28088],[77.26257,14.28041],[77.26158,14.27924],[77.26141,14.27437],[77.25998,14.27404],[77.25808,14.26083],[77.25584,14.26055],[77.25611,14.25895],[77.25346,14.25857],[77.25285,14.2562],[77.25399,14.24528],[77.25313,14.24322],[77.25407,14.23571],[77.25389,14.23281],[77.25642,14.22203],[77.2561,14.21408],[77.25493,14.21305],[77.25319,14.213],[77.25306,14.21112],[77.25213,14.2108],[77.25215,14.21032],[77.24674,14.20945],[77.24623,14.2084],[77.24546,14.20817],[77.24494,14.20534],[77.24297,14.20436],[77.24484,14.1974],[77.24515,14.1946],[77.25036,14.19165],[77.24934,14.19053],[77.2494,14.18842],[77.24855,14.1858],[77.24932,14.18544],[77.24938,14.17901],[77.24628,14.18116],[77.24282,14.18181],[77.23923,14.18185],[77.23902,14.18031],[77.23825,14.1798],[77.23864,14.17799],[77.23494,14.17943],[77.23447,14.17812],[77.23596,14.17732],[77.23576,14.17566],[77.23108,14.1766],[77.23125,14.16892],[77.23083,14.1665],[77.22682,14.1664],[77.2267,14.16381],[77.22544,14.16185],[77.22553,14.16035],[77.22459,14.15707],[77.2169,14.15745],[77.21756,14.14753],[77.22068,14.13399],[77.22098,14.13225],[77.22038,14.13194],[77.22114,14.13126],[77.21734,14.1305],[77.21348,14.13089],[77.20936,14.13007],[77.20401,14.13048],[77.1994,14.12942],[77.18787,14.13174],[77.1756,14.13138],[77.16983,14.13177],[77.16178,14.13295],[77.15901,14.13482],[77.16053,14.1393],[77.16534,14.14353],[77.16602,14.14509],[77.16723,14.14595],[77.16774,14.14734],[77.16846,14.14753],[77.16885,14.1487],[77.1688,14.15022],[77.16808,14.15091],[77.1652,14.15174],[77.16597,14.157],[77.16428,14.15886],[77.15813,14.16106],[77.16038,14.16534],[77.16074,14.17066],[77.16272,14.18095],[77.1557,14.17751],[77.14116,14.17915],[77.13431,14.18306],[77.12899,14.17835],[77.12528,14.17584],[77.12196,14.17431],[77.1212,14.17133],[77.11981,14.1716],[77.11951,14.16843],[77.11766,14.16895],[77.11454,14.16893],[77.11416,14.16504],[77.10347,14.15847],[77.09543,14.16803],[77.09503,14.16687],[77.09055,14.16535],[77.07872,14.16676],[77.07299,14.16535],[77.07028,14.16534],[77.06732,14.1661],[77.05717,14.16683],[77.05628,14.17051],[77.05589,14.1696],[77.05393,14.16921],[77.05286,14.16768],[77.05042,14.16665],[77.05035,14.17065],[77.04762,14.16969],[77.0449,14.17258],[77.04135,14.17417],[77.04143,14.17678],[77.03927,14.17704],[77.03803,14.1762],[77.03372,14.17701],[77.03026,14.17861],[77.02326,14.18048],[77.024,14.18686],[77.02198,14.18768],[77.01728,14.19173],[77.01522,14.19423],[77.00928,14.19507],[77.00748,14.19592],[77.00652,14.19696],[77.00231,14.19866],[77.00342,14.20245],[77.00484,14.20376],[77.00607,14.20744],[77.00672,14.21256],[77.00624,14.21693],[77.00693,14.21909],[77.00653,14.22008],[77.00532,14.22084],[77.00334,14.22079],[77.00258,14.2218],[77.0005,14.22253],[77.0006,14.22329],[77.00143,14.22332],[77.0012,14.22477],[76.99888,14.22749],[76.99889,14.22901],[77.00346,14.22978],[77.00374,14.23105],[77.00493,14.23079],[77.00549,14.23601],[77.0084,14.23796],[77.01224,14.23765],[77.01349,14.23849],[77.02193,14.24128],[77.03062,14.24232],[77.03037,14.24407],[77.0361,14.24471],[77.03578,14.24675],[77.04388,14.24638],[77.04775,14.24545],[77.05028,14.24567],[77.05468,14.24473],[77.0543,14.2441],[77.05825,14.24383],[77.05746,14.24066],[77.05796,14.23856],[77.06045,14.23595],[77.06014,14.23285],[77.06148,14.22927],[77.0698,14.23171],[77.07633,14.2234],[77.08054,14.21495],[77.08001,14.21309],[77.10354,14.22006],[77.1071,14.21961],[77.11519,14.22336],[77.1167,14.22624],[77.11628,14.23744],[77.11918,14.24388],[77.11827,14.24383],[77.11747,14.25069],[77.11438,14.25282],[77.11816,14.25621],[77.1199,14.26276],[77.11138,14.261],[77.11232,14.26449],[77.11038,14.26731],[77.11557,14.27351],[77.1157,14.29304],[77.1212,14.29642],[77.12549,14.29981],[77.12652,14.30109],[77.12659,14.3022],[77.12957,14.30486],[77.13173,14.30943],[77.13574,14.32317],[77.13548,14.32458],[77.13629,14.33142],[77.13497,14.33592],[77.1346,14.3357],[77.13443,14.33608],[77.13633,14.33749],[77.13674,14.33841],[77.13927,14.34004],[77.14065,14.34037],[77.14206,14.33997],[77.14206,14.33954],[77.14399,14.34],[77.14581,14.33975],[77.14597,14.34037],[77.14996,14.33956],[77.15258,14.33972],[77.15205,14.34027],[77.15211,14.34099],[77.15308,14.3417],[77.15441,14.34162],[77.15463,14.34045],[77.15611,14.34096],[77.15666,14.34208]]]}},{"type":"Feature","properties":{"unitId":726,"unitName":"Badavanahalli PS"},"geometry":{"type":"Polygon","coordinates":[[[77.03604,13.77911],[77.04304,13.77768],[77.04352,13.77085],[77.04702,13.77061],[77.04705,13.77005],[77.04759,13.76996],[77.04772,13.76851],[77.04866,13.76858],[77.04987,13.76642],[77.05043,13.76658],[77.0503,13.76495],[77.05218,13.76362],[77.0522,13.762],[77.05639,13.76082],[77.05713,13.76124],[77.0587,13.75997],[77.05915,13.75713],[77.05764,13.75372],[77.05766,13.75261],[77.05973,13.75256],[77.06119,13.74744],[77.0639,13.74502],[77.06526,13.74483],[77.06974,13.74554],[77.08032,13.7435],[77.08536,13.7432],[77.08364,13.74571],[77.08327,13.74892],[77.08331,13.75144],[77.08522,13.76148],[77.08545,13.76245],[77.08977,13.76245],[77.09032,13.76717],[77.09738,13.76687],[77.10153,13.76831],[77.10776,13.76737],[77.1112,13.7661],[77.11791,13.76441],[77.11807,13.76473],[77.12084,13.76179],[77.12319,13.76153],[77.13013,13.75912],[77.13694,13.75848],[77.1356,13.75337],[77.13602,13.7513],[77.13497,13.75042],[77.13577,13.7412],[77.13665,13.73936],[77.13914,13.73804],[77.14298,13.73506],[77.14423,13.73264],[77.14788,13.7286],[77.14794,13.72629],[77.14975,13.72038],[77.14856,13.71768],[77.15294,13.71791],[77.15673,13.71728],[77.15911,13.71831],[77.17304,13.71581],[77.16766,13.71064],[77.16475,13.70454],[77.1604,13.69902],[77.15283,13.68697],[77.15095,13.68683],[77.15005,13.68215],[77.15031,13.68112],[77.14909,13.6802],[77.14762,13.67414],[77.14691,13.67285],[77.14615,13.66383],[77.13492,13.65913],[77.13468,13.65831],[77.13414,13.6552],[77.13533,13.64247],[77.13588,13.62875],[77.13402,13.61997],[77.13705,13.59587],[77.13086,13.59338],[77.11995,13.59333],[77.10491,13.5891],[77.09823,13.58173],[77.09418,13.58167],[77.09247,13.58296],[77.08859,13.58372],[77.07896,13.58381],[77.077,13.58513],[77.07694,13.58462],[77.06764,13.58547],[77.06581,13.58481],[77.05227,13.58437],[77.04793,13.58355],[77.04751,13.58421],[77.04432,13.58455],[77.03379,13.58965],[77.02723,13.58778],[77.03105,13.59463],[77.03077,13.60879],[77.02985,13.61248],[77.02909,13.62446],[77.02696,13.63374],[77.02588,13.6369],[77.02467,13.63803],[77.02419,13.64187],[77.02541,13.64712],[77.02634,13.64879],[77.02405,13.67316],[77.02044,13.67352],[77.01539,13.67491],[77.01429,13.67737],[77.01421,13.6802],[77.01175,13.68054],[77.00973,13.6901],[77.0099,13.69914],[77.00877,13.70054],[77.01264,13.70473],[77.01962,13.70654],[77.02399,13.70639],[77.02788,13.70757],[77.02953,13.70963],[77.02932,13.71961],[77.02968,13.72162],[77.02912,13.72423],[77.02156,13.72264],[77.01376,13.73877],[77.0165,13.73814],[77.017,13.7471],[77.019,13.74918],[77.01866,13.75203],[77.01716,13.75552],[77.01798,13.7579],[77.02121,13.76301],[77.02343,13.76905],[77.0243,13.77907],[77.03604,13.77911]]]}},{"type":"Feature","properties":{"unitId":727,"unitName":"Pavagada PS"},"geometry":{"type":"Polygon","coordinates":[[[77.2814,14.19773],[77.28145,14.19237],[77.28343,14.18358],[77.28538,14.18444],[77.28842,14.18464],[77.29094,14.18367],[77.29251,14.18164],[77.29473,14.18153],[77.29684,14.18232],[77.29642,14.1805],[77.29694,14.1786],[77.29727,14.17902],[77.30373,14.17931],[77.31292,14.18051],[77.31792,14.18171],[77.31808,14.18118],[77.31922,14.18131],[77.31875,14.17838],[77.32049,14.17631],[77.32103,14.16883],[77.32082,14.16289],[77.32131,14.16075],[77.31899,14.15589],[77.3192,14.14856],[77.31804,14.14368],[77.31966,14.14062],[77.32162,14.13958],[77.32484,14.1395],[77.3292,14.1383],[77.33423,14.1385],[77.33757,14.13622],[77.35008,14.13241],[77.35206,14.13134],[77.35078,14.12666],[77.35085,14.11879],[77.34873,14.11413],[77.34916,14.10969],[77.34977,14.10949],[77.34965,14.10888],[77.34684,14.10589],[77.3468,14.10399],[77.34994,14.10323],[77.3527,14.10724],[77.35302,14.10891],[77.36282,14.1156],[77.36677,14.11721],[77.37649,14.11906],[77.38008,14.12281],[77.38261,14.12419],[77.38581,14.12487],[77.3883,14.12627],[77.39115,14.12674],[77.39666,14.12547],[77.39651,14.12347],[77.40071,14.12022],[77.39754,14.10982],[77.38839,14.09939],[77.38501,14.09656],[77.38127,14.09796],[77.38022,14.09326],[77.37505,14.07904],[77.37376,14.07731],[77.36748,14.07419],[77.36336,14.07313],[77.35952,14.06223],[77.3537,14.06276],[77.34533,14.05964],[77.34336,14.05956],[77.34036,14.06036],[77.33516,14.04586],[77.33227,14.03093],[77.33584,14.0291],[77.35016,14.02667],[77.35817,14.02321],[77.37417,14.01841],[77.3813,14.0173],[77.3866,14.01553],[77.38964,14.01646],[77.38811,14.00632],[77.38079,13.99172],[77.37949,13.99013],[77.37974,13.9821],[77.38135,13.97593],[77.38661,13.97953],[77.38792,13.97965],[77.39588,13.98386],[77.39881,13.98425],[77.40971,13.98375],[77.41113,13.98447],[77.41851,13.98525],[77.42499,13.98658],[77.42718,13.98667],[77.42704,13.98575],[77.42888,13.98294],[77.42964,13.98251],[77.43249,13.98251],[77.43603,13.98149],[77.43878,13.97896],[77.44006,13.97572],[77.4402,13.97376],[77.43972,13.97139],[77.43769,13.96717],[77.43826,13.96623],[77.43767,13.96392],[77.43835,13.96354],[77.43743,13.96213],[77.4369,13.96226],[77.43613,13.95651],[77.43807,13.95553],[77.4375,13.95443],[77.43768,13.95339],[77.43574,13.94851],[77.43388,13.94691],[77.4298,13.94507],[77.42842,13.94577],[77.42516,13.9463],[77.41908,13.94488],[77.41455,13.94561],[77.41151,13.94555],[77.41291,13.94028],[77.41489,13.93547],[77.41499,13.92781],[77.41597,13.92582],[77.416,13.92412],[77.4237,13.92262],[77.42554,13.92165],[77.43058,13.92097],[77.43133,13.91987],[77.43271,13.91918],[77.43395,13.91736],[77.43347,13.91585],[77.43496,13.91392],[77.4344,13.91181],[77.43124,13.90912],[77.42909,13.90855],[77.42902,13.90639],[77.42856,13.90597],[77.42223,13.90294],[77.42045,13.89958],[77.41088,13.89674],[77.40834,13.8921],[77.40574,13.88924],[77.399,13.88821],[77.40026,13.89207],[77.40011,13.89592],[77.39789,13.90652],[77.38024,13.90556],[77.36739,13.90332],[77.36253,13.90321],[77.35464,13.90434],[77.35284,13.91205],[77.3528,13.91385],[77.35017,13.91334],[77.34852,13.91432],[77.3473,13.91575],[77.35357,13.92836],[77.36144,13.93882],[77.36453,13.94413],[77.36553,13.94712],[77.36694,13.94928],[77.37182,13.95354],[77.3626,13.95621],[77.35448,13.95726],[77.35074,13.95831],[77.35337,13.96231],[77.35355,13.96395],[77.35238,13.96602],[77.35221,13.96785],[77.35427,13.97206],[77.35484,13.97717],[77.35564,13.97972],[77.35705,13.98196],[77.35934,13.98392],[77.35958,13.98861],[77.36062,13.99064],[77.35757,13.99117],[77.34751,13.9947],[77.34815,13.99673],[77.34678,13.99411],[77.3427,13.99532],[77.33629,13.99605],[77.33618,13.99847],[77.33744,14.00369],[77.3374,14.00532],[77.33294,14.01138],[77.32983,14.01339],[77.32828,14.01624],[77.32278,14.0225],[77.32155,14.02453],[77.32104,14.02671],[77.32112,14.02783],[77.32215,14.02947],[77.32203,14.03017],[77.3087,14.03237],[77.3086,14.0327],[77.30646,14.03192],[77.30169,14.02794],[77.3008,14.02543],[77.29857,14.02343],[77.29815,14.02191],[77.2958,14.02166],[77.29548,14.022],[77.29553,14.02037],[77.29138,14.02024],[77.28865,14.01737],[77.28558,14.01615],[77.28185,14.01346],[77.27574,14.0133],[77.27929,14.02723],[77.27902,14.03213],[77.27699,14.03266],[77.27748,14.0345],[77.2742,14.03493],[77.27251,14.03471],[77.27191,14.03412],[77.27014,14.03416],[77.26901,14.03263],[77.26592,14.03168],[77.26485,14.02933],[77.2605,14.02941],[77.2597,14.02672],[77.25609,14.02251],[77.25142,14.02071],[77.24831,14.01817],[77.24484,14.01101],[77.23487,14.0129],[77.22902,14.01268],[77.22198,14.0141],[77.21911,14.01312],[77.21735,14.0114],[77.21679,14.0116],[77.21567,14.01004],[77.21219,14.01071],[77.2076,14.00862],[77.20469,14.00881],[77.2026,14.00818],[77.19946,14.0088],[77.19908,14.00941],[77.19488,14.00982],[77.19397,14.00953],[77.19161,14.00987],[77.18944,14.01082],[77.17836,14.0118],[77.17614,14.01253],[77.17271,14.01273],[77.17081,14.0121],[77.16882,14.02482],[77.1715,14.02962],[77.17254,14.03418],[77.17124,14.03631],[77.1715,14.03684],[77.16964,14.03529],[77.16756,14.03464],[77.16341,14.03752],[77.16133,14.03957],[77.15918,14.0441],[77.15898,14.04793],[77.15982,14.04909],[77.15949,14.04945],[77.15789,14.04936],[77.15874,14.05121],[77.16078,14.05237],[77.1613,14.0565],[77.16202,14.05834],[77.16102,14.06035],[77.15875,14.06918],[77.15799,14.07614],[77.16314,14.07548],[77.16331,14.07776],[77.16686,14.08094],[77.16921,14.08232],[77.16982,14.08719],[77.16925,14.09091],[77.16992,14.09493],[77.16914,14.09727],[77.16988,14.09856],[77.16955,14.09936],[77.16821,14.10007],[77.15799,14.10324],[77.15024,14.10738],[77.15205,14.10965],[77.15332,14.11371],[77.15257,14.11465],[77.15505,14.12622],[77.15425,14.1383],[77.16178,14.13295],[77.17281,14.13142],[77.18787,14.13174],[77.1994,14.12942],[77.20401,14.13048],[77.20936,14.13007],[77.21348,14.13089],[77.21734,14.1305],[77.22114,14.13126],[77.22038,14.13194],[77.22098,14.13225],[77.22068,14.13399],[77.21756,14.14753],[77.2169,14.15745],[77.22459,14.15707],[77.22553,14.16035],[77.22544,14.16185],[77.2267,14.16381],[77.22682,14.1664],[77.23083,14.1665],[77.23125,14.16892],[77.23108,14.1766],[77.23576,14.17566],[77.23596,14.17732],[77.23447,14.17812],[77.23494,14.17943],[77.23864,14.17799],[77.23825,14.1798],[77.23902,14.18031],[77.23923,14.18185],[77.24282,14.18181],[77.24628,14.18116],[77.24938,14.17901],[77.24932,14.18544],[77.24855,14.1858],[77.2494,14.18842],[77.24934,14.19053],[77.25381,14.19455],[77.25404,14.19525],[77.26136,14.19793],[77.26259,14.19657],[77.26823,14.19784],[77.27117,14.19756],[77.27617,14.20305],[77.28158,14.20504],[77.2814,14.19773]],[[77.28974,14.13857],[77.2897,14.13697],[77.28784,14.13686],[77.28494,14.13524],[77.28182,14.12623],[77.2823,14.124],[77.29332,14.12507],[77.29749,14.12454],[77.2996,14.12475],[77.29994,14.12697],[77.29748,14.13751],[77.29528,14.14256],[77.28974,14.13857]]]}},{"type":"Feature","properties":{"unitId":728,"unitName":"kunigal PS"},"geometry":{"type":"Polygon","coordinates":[[[77.07932,13.13332],[77.07934,13.13157],[77.07351,13.13218],[77.07198,13.13212],[77.07119,13.13141],[77.0702,13.12893],[77.06994,13.12099],[77.0708,13.11487],[77.07102,13.11447],[77.071,13.11482],[77.07286,13.11479],[77.07405,13.10681],[77.07452,13.1067],[77.07457,13.10302],[77.07604,13.10045],[77.07722,13.09595],[77.07957,13.09464],[77.08157,13.0887],[77.08172,13.0864],[77.07976,13.07829],[77.07705,13.07351],[77.07549,13.07196],[77.07498,13.06951],[77.07412,13.06975],[77.07336,13.06822],[77.07062,13.06786],[77.07015,13.06654],[77.07429,13.06621],[77.07337,13.06142],[77.07381,13.06137],[77.07375,13.06066],[77.07598,13.061],[77.07664,13.0618],[77.07631,13.06226],[77.07833,13.06277],[77.08068,13.06251],[77.07736,13.06103],[77.07777,13.05976],[77.07753,13.05774],[77.076,13.05816],[77.0757,13.05655],[77.07475,13.05696],[77.07317,13.05237],[77.07271,13.04937],[77.07206,13.0485],[77.07129,13.04416],[77.06959,13.03985],[77.08209,13.03991],[77.08323,13.03886],[77.08571,13.03309],[77.08829,13.03192],[77.08962,13.02956],[77.09385,13.03028],[77.09293,13.02711],[77.09576,13.02661],[77.09654,13.02538],[77.09836,13.02471],[77.09953,13.02615],[77.10497,13.02482],[77.10889,13.02305],[77.11289,13.01784],[77.11668,13.01492],[77.11813,13.01448],[77.11784,13.01231],[77.11662,13.00998],[77.11382,13.00866],[77.10799,13.00849],[77.10292,13.0072],[77.1011,13.00087],[77.09859,13.00044],[77.09827,12.99909],[77.09754,12.99826],[77.10324,12.99287],[77.10485,12.99303],[77.10507,12.99366],[77.10553,12.99344],[77.10664,12.99665],[77.11108,12.99559],[77.11432,12.99607],[77.12029,12.99509],[77.12888,12.99552],[77.12871,12.99639],[77.12972,12.99896],[77.12779,13.00118],[77.12392,13.00294],[77.1233,13.00367],[77.12285,13.00443],[77.12363,13.00665],[77.13189,13.00599],[77.13665,13.00185],[77.13558,12.9965],[77.14026,12.99415],[77.14058,12.99279],[77.14227,12.99205],[77.14231,12.99166],[77.14164,12.99147],[77.14277,12.98934],[77.14455,12.98801],[77.14469,12.98617],[77.14233,12.98661],[77.14171,12.98437],[77.13744,12.98563],[77.1365,12.98574],[77.1356,12.98522],[77.13288,12.98611],[77.13198,12.98338],[77.13301,12.98193],[77.13049,12.97865],[77.13117,12.97578],[77.13495,12.9723],[77.13507,12.97135],[77.1375,12.96863],[77.13767,12.96778],[77.14333,12.96353],[77.15089,12.9618],[77.1532,12.95975],[77.15687,12.95825],[77.1559,12.95306],[77.15603,12.94986],[77.15731,12.94425],[77.15698,12.94216],[77.15962,12.93744],[77.16058,12.93734],[77.16078,12.93438],[77.16155,12.93465],[77.16265,12.93425],[77.16272,12.93356],[77.16359,12.93357],[77.16522,12.92848],[77.16428,12.92773],[77.16434,12.92629],[77.16321,12.92324],[77.16198,12.92193],[77.16125,12.91956],[77.16019,12.91889],[77.15937,12.91664],[77.1584,12.91672],[77.15764,12.91355],[77.15276,12.91476],[77.15269,12.91588],[77.15197,12.91648],[77.15065,12.91563],[77.14859,12.91628],[77.14815,12.9158],[77.14703,12.91602],[77.14578,12.91682],[77.14402,12.91715],[77.14309,12.91623],[77.14148,12.91642],[77.14098,12.91615],[77.13644,12.90527],[77.13593,12.90246],[77.13643,12.90141],[77.13331,12.89939],[77.13234,12.89796],[77.12739,12.89951],[77.12438,12.90162],[77.12297,12.90115],[77.12389,12.89753],[77.12347,12.89717],[77.12057,12.89699],[77.12023,12.8998],[77.11765,12.89803],[77.11754,12.89725],[77.11415,12.89688],[77.11006,12.89303],[77.10708,12.89311],[77.09624,12.88959],[77.08917,12.88808],[77.08656,12.88076],[77.0827,12.87989],[77.08348,12.87814],[77.08176,12.87649],[77.07497,12.87757],[77.07501,12.8803],[77.07185,12.90424],[77.06974,12.91492],[77.06812,12.91962],[77.06813,12.92436],[77.06111,12.92378],[77.05826,12.9243],[77.04005,12.92033],[77.04089,12.91741],[77.04189,12.90948],[77.04048,12.90776],[77.02377,12.9025],[77.02453,12.89556],[77.01726,12.89268],[77.0179,12.89178],[77.01828,12.87378],[77.01385,12.87285],[77.01125,12.87318],[77.0112,12.87386],[77.00929,12.87471],[77.00917,12.87393],[77.00608,12.87442],[77.00567,12.87329],[77.00489,12.87361],[77.00424,12.87565],[77.00347,12.8756],[77.00305,12.87616],[77.00008,12.87517],[76.99138,12.8783],[76.98599,12.87776],[76.98649,12.88575],[76.98524,12.88498],[76.98254,12.88581],[76.98272,12.88697],[76.98416,12.88906],[76.98395,12.8899],[76.98327,12.88997],[76.98031,12.8968],[76.98052,12.89715],[76.97519,12.91183],[76.97367,12.92073],[76.9733,12.92697],[76.9753,12.93447],[76.98026,12.94276],[76.98087,12.94962],[76.99055,12.95727],[76.98968,12.96441],[76.98691,12.97722],[76.98909,12.99275],[76.986,12.99396],[76.98567,12.99875],[76.97211,12.99963],[76.97101,13.00171],[76.96954,13.0015],[76.96831,13.00196],[76.96857,13.0033],[76.97101,13.00625],[76.97177,13.00849],[76.97055,13.00851],[76.97042,13.00887],[76.97045,13.01295],[76.96971,13.01497],[76.96985,13.01657],[76.96752,13.01719],[76.96389,13.01699],[76.96308,13.0199],[76.96265,13.0292],[76.96203,13.03288],[76.95902,13.03379],[76.95952,13.03609],[76.95897,13.03837],[76.95987,13.04033],[76.96076,13.04092],[76.95006,13.04479],[76.94392,13.04359],[76.94069,13.04391],[76.93955,13.05102],[76.94425,13.05836],[76.9431,13.05964],[76.93944,13.06164],[76.94138,13.06858],[76.9411,13.06927],[76.94187,13.07237],[76.94021,13.07344],[76.93895,13.0827],[76.94011,13.0828],[76.94487,13.08005],[76.94626,13.08019],[76.94633,13.07976],[76.95619,13.07812],[76.95903,13.07857],[76.96224,13.07841],[76.96917,13.07698],[76.97093,13.07592],[76.97257,13.08068],[76.97271,13.09091],[76.97677,13.09226],[76.97874,13.09362],[76.98239,13.09495],[76.98164,13.09536],[76.97947,13.09949],[76.97777,13.10033],[76.96938,13.11009],[76.96724,13.11576],[76.97006,13.12282],[76.97983,13.12376],[76.98217,13.12554],[76.98415,13.12882],[76.98833,13.12631],[76.99577,13.12399],[76.99661,13.12588],[76.99974,13.12676],[77.0018,13.12803],[77.00515,13.11498],[77.00902,13.1139],[77.01308,13.11202],[77.01759,13.11092],[77.01795,13.11176],[77.02083,13.11418],[77.02257,13.11884],[77.02311,13.12562],[77.02417,13.13006],[77.02692,13.12959],[77.02915,13.12743],[77.03122,13.1262],[77.03816,13.12464],[77.03831,13.12115],[77.04017,13.12014],[77.04369,13.12003],[77.04403,13.12078],[77.0464,13.12175],[77.05415,13.1234],[77.05448,13.12874],[77.05791,13.12833],[77.05832,13.13051],[77.06322,13.1311],[77.06329,13.13312],[77.06922,13.13431],[77.07292,13.1332],[77.07431,13.13433],[77.07656,13.1349],[77.07826,13.13432],[77.07932,13.13332]],[[77.12099,12.92929],[77.10998,12.92888],[77.11296,12.91671],[77.11399,12.91533],[77.11459,12.91327],[77.12286,12.91421],[77.12714,12.91688],[77.13035,12.91715],[77.13061,12.91802],[77.13028,12.91825],[77.13118,12.91979],[77.13628,12.92086],[77.13308,12.92114],[77.13352,12.92803],[77.13044,12.92916],[77.12099,12.92929]]]}},{"type":"Feature","properties":{"unitId":729,"unitName":"Amruthur PS"},"geometry":{"type":"MultiPolygon","coordinates":[[[[76.94153,13.09646],[76.95791,13.09347],[76.96299,13.09317],[76.97271,13.09091],[76.97257,13.08068],[76.97093,13.07592],[76.96917,13.07698],[76.96224,13.07841],[76.95903,13.07857],[76.95619,13.07812],[76.94633,13.07976],[76.94626,13.08019],[76.94487,13.08005],[76.94011,13.0828],[76.93895,13.0827],[76.94021,13.07344],[76.94187,13.07237],[76.9411,13.06927],[76.94138,13.06858],[76.93944,13.06164],[76.9431,13.05964],[76.94425,13.05836],[76.94306,13.05603],[76.94001,13.05211],[76.93953,13.05073],[76.94069,13.04391],[76.94392,13.04359],[76.95006,13.04479],[76.96076,13.04092],[76.95987,13.04033],[76.95897,13.03837],[76.95952,13.03609],[76.95902,13.03379],[76.96203,13.03288],[76.96265,13.0292],[76.96308,13.0199],[76.96389,13.01699],[76.96752,13.01719],[76.96985,13.01657],[76.96971,13.01497],[76.97045,13.01295],[76.97042,13.00887],[76.97055,13.00851],[76.97177,13.00849],[76.97101,13.00625],[76.96857,13.0033],[76.96846,13.00176],[76.97101,13.00171],[76.97211,12.99963],[76.98567,12.99875],[76.986,12.99396],[76.98909,12.99275],[76.98691,12.97722],[76.98968,12.96441],[76.99055,12.95727],[76.98087,12.94962],[76.98026,12.94276],[76.9753,12.93447],[76.9733,12.92697],[76.97367,12.92073],[76.97519,12.91183],[76.98052,12.89715],[76.98031,12.8968],[76.98327,12.88997],[76.98395,12.8899],[76.98392,12.88822],[76.98272,12.88697],[76.98254,12.88581],[76.98524,12.88498],[76.98649,12.88575],[76.98597,12.87786],[76.9865,12.875],[76.99138,12.86066],[76.9846,12.8616],[76.98316,12.861],[76.9805,12.86096],[76.9741,12.86245],[76.97174,12.86211],[76.95901,12.86461],[76.95901,12.86555],[76.95215,12.86499],[76.94944,12.86582],[76.94918,12.867],[76.94719,12.86726],[76.94531,12.86722],[76.94252,12.86637],[76.93855,12.86419],[76.9345,12.86304],[76.93482,12.86497],[76.93416,12.86739],[76.93273,12.86847],[76.92866,12.86952],[76.9272,12.87053],[76.92712,12.8696],[76.92588,12.86937],[76.92457,12.86676],[76.92097,12.86352],[76.91283,12.86176],[76.91249,12.86053],[76.91331,12.85393],[76.91286,12.85252],[76.90524,12.85299],[76.90533,12.85228],[76.8912,12.85022],[76.8909,12.85215],[76.89274,12.8616],[76.892,12.8656],[76.89308,12.86863],[76.89346,12.87426],[76.89284,12.87669],[76.89093,12.87942],[76.89205,12.88188],[76.88868,12.89149],[76.88813,12.89429],[76.88858,12.89718],[76.87899,12.89782],[76.87298,12.89753],[76.87279,12.89977],[76.87081,12.8994],[76.86805,12.90303],[76.8656,12.90508],[76.86463,12.91344],[76.86495,12.91452],[76.86711,12.91667],[76.868,12.9187],[76.8719,12.91879],[76.87381,12.91821],[76.87946,12.91919],[76.87945,12.91993],[76.88077,12.92012],[76.88083,12.92068],[76.8834,12.92078],[76.88585,12.92048],[76.8862,12.91891],[76.89033,12.91895],[76.89697,12.92139],[76.89563,12.92349],[76.89376,12.92477],[76.89254,12.92848],[76.89234,12.93197],[76.89184,12.93294],[76.88893,12.93408],[76.88059,12.93359],[76.87708,12.932],[76.8731,12.93131],[76.87068,12.92976],[76.8691,12.92988],[76.8623,12.92835],[76.86267,12.93427],[76.86108,12.93571],[76.85706,12.93797],[76.84925,12.93845],[76.84931,12.94147],[76.84846,12.94282],[76.84867,12.94402],[76.8455,12.94191],[76.84229,12.94148],[76.83584,12.94377],[76.83713,12.94507],[76.83795,12.9478],[76.83844,12.95139],[76.83985,12.95553],[76.83934,12.95744],[76.84039,12.96036],[76.84068,12.96351],[76.84193,12.96613],[76.84075,12.96761],[76.83951,12.97339],[76.83984,12.97404],[76.84063,12.97423],[76.84941,12.97427],[76.85062,12.97471],[76.85157,12.97804],[76.85149,12.97911],[76.85066,12.98036],[76.84688,12.98195],[76.84538,12.9831],[76.84451,12.98469],[76.84418,12.98684],[76.83509,12.99276],[76.83042,12.99704],[76.82641,12.99908],[76.82684,13.00014],[76.82883,13.00152],[76.8348,13.00299],[76.83616,13.00451],[76.8359,13.00891],[76.83897,13.01226],[76.83875,13.01451],[76.83806,13.01535],[76.83689,13.01542],[76.83464,13.01433],[76.8329,13.01487],[76.82927,13.01837],[76.8292,13.02035],[76.83003,13.02301],[76.83251,13.02589],[76.83288,13.03096],[76.83698,13.03458],[76.83558,13.03588],[76.83608,13.03829],[76.83573,13.03895],[76.83465,13.04034],[76.83177,13.04212],[76.83134,13.0435],[76.83166,13.04529],[76.83287,13.04923],[76.83423,13.0516],[76.84942,13.05116],[76.84893,13.04298],[76.85077,13.03751],[76.85291,13.03733],[76.85366,13.03706],[76.85424,13.03598],[76.85569,13.03581],[76.85676,13.03626],[76.85685,13.03687],[76.85848,13.03692],[76.85889,13.03844],[76.86192,13.03869],[76.86487,13.0406],[76.86644,13.04022],[76.86683,13.0467],[76.86801,13.05077],[76.87605,13.05259],[76.8793,13.05711],[76.88173,13.06202],[76.88498,13.06318],[76.88881,13.06323],[76.89187,13.065],[76.8944,13.06575],[76.90135,13.06583],[76.90473,13.07644],[76.90706,13.07705],[76.90674,13.07888],[76.90704,13.08431],[76.90655,13.08765],[76.91537,13.08876],[76.91568,13.09263],[76.92152,13.09123],[76.92572,13.09118],[76.93044,13.09231],[76.93047,13.09266],[76.93305,13.09251],[76.93517,13.09314],[76.93642,13.09594],[76.94153,13.09646]]],[[[77.06575,12.87339],[77.0677,12.87292],[77.07046,12.86683],[77.07282,12.86624],[77.07308,12.86202],[77.07432,12.86143],[77.0744,12.86188],[77.07709,12.86155],[77.07717,12.85959],[77.07882,12.85913],[77.07891,12.86176],[77.07959,12.86177],[77.07944,12.86097],[77.08122,12.85551],[77.08051,12.85385],[77.07924,12.85371],[77.07892,12.85428],[77.07744,12.85488],[77.07748,12.85393],[77.07818,12.85185],[77.07878,12.85092],[77.07938,12.85092],[77.0808,12.84856],[77.08119,12.84626],[77.07417,12.851],[77.06747,12.85498],[77.06569,12.85551],[77.06515,12.8551],[77.06559,12.85334],[77.06402,12.8511],[77.06503,12.85051],[77.06641,12.85053],[77.06649,12.85013],[77.06606,12.84861],[77.06493,12.84836],[77.06645,12.84816],[77.06575,12.8465],[77.06494,12.84641],[77.06575,12.84587],[77.06589,12.84347],[77.06674,12.84336],[77.06589,12.83992],[77.06516,12.83932],[77.0653,12.84026],[77.06407,12.84092],[77.06429,12.84164],[77.06344,12.84309],[77.06121,12.84498],[77.06048,12.84479],[77.05924,12.84794],[77.0571,12.8489],[77.0562,12.84869],[77.05551,12.84786],[77.05532,12.84602],[77.05368,12.84485],[77.05245,12.83067],[77.0494,12.83128],[77.04942,12.83003],[77.04841,12.82983],[77.04714,12.8273],[77.04567,12.82766],[77.04475,12.8288],[77.04253,12.82912],[77.04122,12.82731],[77.04008,12.82752],[77.04007,12.82888],[77.03823,12.83017],[77.03908,12.83121],[77.03796,12.83172],[77.03648,12.82937],[77.03561,12.82951],[77.03551,12.83071],[77.03395,12.83203],[77.03381,12.83303],[77.03296,12.83411],[77.02732,12.83458],[77.02643,12.83551],[77.02506,12.8354],[77.02254,12.83653],[77.02141,12.83946],[77.02195,12.83926],[77.02239,12.83972],[77.02414,12.84389],[77.0234,12.84728],[77.02449,12.84585],[77.02636,12.84536],[77.02668,12.84414],[77.02832,12.84393],[77.02932,12.84429],[77.02958,12.84289],[77.03023,12.84246],[77.03107,12.84281],[77.0331,12.84693],[77.03324,12.84788],[77.03266,12.8481],[77.03335,12.85028],[77.03329,12.85188],[77.03306,12.85235],[77.02985,12.85172],[77.02888,12.85129],[77.02847,12.84998],[77.02703,12.84909],[77.0203,12.8506],[77.01595,12.85062],[77.01594,12.85256],[77.01716,12.8544],[77.02034,12.85351],[77.02287,12.85376],[77.02525,12.85281],[77.02595,12.85402],[77.0289,12.85676],[77.03587,12.85804],[77.03798,12.86339],[77.03908,12.864],[77.04047,12.86311],[77.04073,12.86359],[77.04016,12.8646],[77.04101,12.86531],[77.04225,12.86539],[77.0428,12.86756],[77.04447,12.86792],[77.04514,12.86524],[77.04874,12.86381],[77.05289,12.86932],[77.05534,12.86903],[77.05641,12.86973],[77.05772,12.8695],[77.05853,12.87034],[77.05828,12.872],[77.05901,12.87355],[77.06176,12.87345],[77.0618,12.87394],[77.06269,12.874],[77.06575,12.87339]]],[[[77.04231,12.88672],[77.0444,12.88608],[77.04377,12.88365],[77.04481,12.88159],[77.04321,12.87441],[77.04136,12.8751],[77.03404,12.87595],[77.03493,12.88158],[77.03386,12.88553],[77.0377,12.88315],[77.03809,12.884],[77.03897,12.88344],[77.04034,12.88391],[77.04056,12.88563],[77.04158,12.88714],[77.04231,12.88672]]],[[[77.04361,12.89618],[77.04742,12.89623],[77.04782,12.89412],[77.04835,12.8937],[77.04816,12.89261],[77.04689,12.89132],[77.04655,12.8897],[77.04548,12.88897],[77.04443,12.8861],[77.04055,12.89595],[77.0432,12.89651],[77.04361,12.89618]]]]}},{"type":"Feature","properties":{"unitId":730,"unitName":"Huliyurdurga PS"},"geometry":{"type":"MultiPolygon","coordinates":[[[[77.06813,12.92436],[77.06812,12.91962],[77.06974,12.91492],[77.07185,12.90424],[77.07501,12.8803],[77.07497,12.87757],[77.08101,12.87643],[77.08226,12.87667],[77.08348,12.87814],[77.0827,12.87989],[77.08656,12.88076],[77.08917,12.88808],[77.09624,12.88959],[77.10578,12.89266],[77.10735,12.88907],[77.11889,12.88428],[77.12028,12.88662],[77.12336,12.88814],[77.1259,12.88768],[77.12689,12.88835],[77.13068,12.88878],[77.13333,12.88823],[77.13229,12.87926],[77.13448,12.87807],[77.13284,12.86414],[77.13297,12.85889],[77.13576,12.86076],[77.13532,12.8567],[77.13846,12.85295],[77.14488,12.85108],[77.14583,12.84951],[77.14955,12.84836],[77.14888,12.84615],[77.14972,12.84607],[77.14985,12.8452],[77.14905,12.84238],[77.14805,12.84102],[77.1488,12.84013],[77.14851,12.8393],[77.14888,12.8381],[77.14834,12.83692],[77.15004,12.83612],[77.15089,12.83412],[77.15005,12.83037],[77.15218,12.83025],[77.15352,12.83088],[77.15527,12.82969],[77.15534,12.82898],[77.15713,12.82741],[77.15413,12.82385],[77.15216,12.82341],[77.15236,12.82223],[77.14877,12.82136],[77.14669,12.81951],[77.14262,12.82048],[77.13802,12.8127],[77.14819,12.79791],[77.151,12.79292],[77.15029,12.7876],[77.14961,12.7859],[77.14864,12.78602],[77.14856,12.7855],[77.14723,12.78611],[77.14608,12.78395],[77.14435,12.78345],[77.14401,12.78295],[77.1429,12.78301],[77.14249,12.78199],[77.1412,12.78159],[77.14021,12.78229],[77.13857,12.78231],[77.13685,12.78379],[77.13329,12.78075],[77.13138,12.7805],[77.12917,12.77837],[77.12704,12.77821],[77.12618,12.77475],[77.12293,12.7739],[77.12004,12.77507],[77.11831,12.77481],[77.11717,12.77583],[77.1151,12.77582],[77.11474,12.77664],[77.1121,12.77669],[77.11077,12.77717],[77.10909,12.7785],[77.10795,12.78023],[77.10653,12.78029],[77.10638,12.77976],[77.10121,12.7771],[77.09725,12.77383],[77.0948,12.77083],[77.09423,12.76696],[77.09211,12.76428],[77.09197,12.76385],[77.0926,12.76386],[77.09191,12.76293],[77.09165,12.75982],[77.09249,12.75609],[77.09186,12.75514],[77.09199,12.75316],[77.09151,12.75242],[77.09199,12.75106],[77.08597,12.7511],[77.08759,12.75355],[77.0858,12.75479],[77.08454,12.75767],[77.08348,12.75874],[77.0797,12.75983],[77.07853,12.7546],[77.07988,12.74741],[77.07624,12.74591],[77.07125,12.75721],[77.06977,12.75869],[77.06773,12.75941],[77.06685,12.75781],[77.0637,12.75619],[77.06198,12.75605],[77.06093,12.75539],[77.06031,12.75434],[77.06034,12.75234],[77.05975,12.75195],[77.05697,12.7525],[77.05078,12.74782],[77.04895,12.74745],[77.05025,12.74966],[77.04942,12.75112],[77.04905,12.75285],[77.04954,12.75411],[77.04855,12.75663],[77.04809,12.75659],[77.048,12.75879],[77.0471,12.75908],[77.0468,12.75988],[77.04672,12.76503],[77.04409,12.77784],[77.03931,12.77399],[77.03568,12.76961],[77.03325,12.76902],[77.02974,12.76575],[77.02709,12.76555],[77.02602,12.76253],[77.02214,12.76305],[77.01808,12.76208],[77.01074,12.76349],[77.00855,12.76394],[77.00847,12.76974],[77.00674,12.77165],[77.00713,12.7755],[77.00961,12.78091],[76.9998,12.77716],[76.99874,12.77711],[76.99616,12.7795],[76.99215,12.78564],[76.99197,12.78667],[76.99082,12.78788],[76.98487,12.79063],[76.97948,12.79126],[76.97648,12.79245],[76.97355,12.80139],[76.97163,12.80199],[76.96084,12.80282],[76.95615,12.80227],[76.95035,12.80049],[76.94895,12.80086],[76.94411,12.80414],[76.94187,12.80469],[76.93825,12.80268],[76.93521,12.79924],[76.9329,12.79964],[76.92682,12.80191],[76.92315,12.80462],[76.92113,12.80707],[76.91993,12.81189],[76.9169,12.81466],[76.91686,12.81899],[76.91171,12.82248],[76.91098,12.82221],[76.90754,12.82651],[76.90647,12.82844],[76.90654,12.83423],[76.90233,12.83899],[76.90129,12.84295],[76.90014,12.84482],[76.89888,12.84634],[76.89734,12.8473],[76.89259,12.84832],[76.8912,12.85022],[76.90533,12.85228],[76.90524,12.85299],[76.91286,12.85252],[76.91331,12.85393],[76.91249,12.86053],[76.91283,12.86176],[76.92097,12.86352],[76.92457,12.86676],[76.92588,12.86937],[76.92712,12.8696],[76.9272,12.87053],[76.92866,12.86952],[76.93273,12.86847],[76.93416,12.86739],[76.93482,12.86497],[76.9345,12.86304],[76.93855,12.86419],[76.94252,12.86637],[76.94531,12.86722],[76.94719,12.86726],[76.94918,12.867],[76.94944,12.86582],[76.95215,12.86499],[76.95901,12.86555],[76.95901,12.86461],[76.97174,12.86211],[76.9741,12.86245],[76.9805,12.86096],[76.98316,12.861],[76.9846,12.8616],[76.99138,12.86066],[76.9894,12.86724],[76.98695,12.87275],[76.98692,12.87455],[76.98599,12.87776],[76.99138,12.8783],[77.00008,12.87517],[77.00305,12.87616],[77.00347,12.8756],[77.00424,12.87565],[77.00489,12.87361],[77.00567,12.87329],[77.00608,12.87442],[77.00917,12.87393],[77.00929,12.87471],[77.0112,12.87386],[77.01125,12.87318],[77.01385,12.87285],[77.01828,12.87378],[77.0179,12.89178],[77.01726,12.89268],[77.02453,12.89556],[77.02377,12.9025],[77.04048,12.90776],[77.04189,12.90948],[77.04089,12.91741],[77.04005,12.92033],[77.05826,12.9243],[77.06111,12.92378],[77.06813,12.92436]],[[77.0618,12.87394],[77.06176,12.87345],[77.05901,12.87355],[77.05828,12.872],[77.05853,12.87034],[77.05772,12.8695],[77.05641,12.86973],[77.05534,12.86903],[77.05289,12.86932],[77.0523,12.86889],[77.04874,12.86381],[77.04514,12.86524],[77.04447,12.86792],[77.0428,12.86756],[77.04225,12.86539],[77.04101,12.86531],[77.04016,12.8646],[77.04073,12.86359],[77.04047,12.86311],[77.03908,12.864],[77.03798,12.86339],[77.03587,12.85804],[77.0289,12.85676],[77.02595,12.85402],[77.02525,12.85281],[77.02287,12.85376],[77.02034,12.85351],[77.01716,12.8544],[77.01594,12.85256],[77.01595,12.85062],[77.0203,12.8506],[77.02703,12.84909],[77.02847,12.84998],[77.02888,12.85129],[77.02985,12.85172],[77.03306,12.85235],[77.03329,12.85188],[77.03335,12.85028],[77.03266,12.8481],[77.03324,12.84788],[77.0331,12.84693],[77.03107,12.84281],[77.03023,12.84246],[77.02958,12.84289],[77.02932,12.84429],[77.02832,12.84393],[77.02668,12.84414],[77.02636,12.84536],[77.02449,12.84585],[77.0234,12.84728],[77.02414,12.84389],[77.02239,12.83972],[77.02195,12.83926],[77.02141,12.83946],[77.02254,12.83653],[77.02506,12.8354],[77.02643,12.83551],[77.02732,12.83458],[77.03296,12.83411],[77.03381,12.83303],[77.03395,12.83203],[77.03551,12.83071],[77.03561,12.82951],[77.03648,12.82937],[77.03796,12.83172],[77.03908,12.83121],[77.03823,12.83017],[77.04007,12.82888],[77.04008,12.82752],[77.04122,12.82731],[77.04253,12.82912],[77.04475,12.8288],[77.04567,12.82766],[77.04714,12.8273],[77.04841,12.82983],[77.04942,12.83003],[77.0494,12.83128],[77.05245,12.83067],[77.05368,12.84485],[77.05532,12.84602],[77.05551,12.84786],[77.0562,12.84869],[77.0571,12.8489],[77.05924,12.84794],[77.06048,12.84479],[77.06121,12.84498],[77.06344,12.84309],[77.06429,12.84164],[77.06407,12.84092],[77.0653,12.84026],[77.06516,12.83932],[77.06589,12.83992],[77.06674,12.84336],[77.06589,12.84347],[77.06575,12.84587],[77.06494,12.84641],[77.06575,12.8465],[77.06645,12.84816],[77.06493,12.84836],[77.06606,12.84861],[77.06649,12.85013],[77.06641,12.85053],[77.06503,12.85051],[77.06402,12.8511],[77.06559,12.85334],[77.06515,12.8551],[77.06569,12.85551],[77.06747,12.85498],[77.07417,12.851],[77.08119,12.84626],[77.0808,12.84856],[77.07938,12.85092],[77.07878,12.85092],[77.07818,12.85185],[77.07748,12.85393],[77.07744,12.85488],[77.07892,12.85428],[77.07924,12.85371],[77.08051,12.85385],[77.08122,12.85551],[77.07944,12.86097],[77.07959,12.86177],[77.07891,12.86176],[77.07882,12.85913],[77.07717,12.85959],[77.07709,12.86155],[77.0744,12.86188],[77.07432,12.86143],[77.07332,12.86185],[77.07282,12.86624],[77.07046,12.86683],[77.0677,12.87292],[77.06397,12.8739],[77.0618,12.87394]],[[77.04381,12.88604],[77.0432,12.8867],[77.04158,12.88714],[77.04056,12.88563],[77.04062,12.88419],[77.03897,12.88344],[77.03809,12.884],[77.0377,12.88315],[77.03386,12.88553],[77.03493,12.88158],[77.03404,12.87595],[77.04136,12.8751],[77.04321,12.87441],[77.04481,12.88159],[77.04377,12.88365],[77.0444,12.88608],[77.04381,12.88604]],[[77.0438,12.88733],[77.04443,12.8861],[77.04548,12.88897],[77.04655,12.8897],[77.04689,12.89132],[77.04816,12.89261],[77.04835,12.8937],[77.04782,12.89412],[77.04742,12.89623],[77.04365,12.89606],[77.0432,12.89651],[77.04055,12.89595],[77.0438,12.88733]]],[[[77.12477,12.9292],[77.13044,12.92916],[77.13352,12.92803],[77.13308,12.92114],[77.13628,12.92086],[77.13118,12.91979],[77.13028,12.91825],[77.13061,12.91802],[77.13035,12.91715],[77.12714,12.91688],[77.12286,12.91421],[77.11459,12.91327],[77.11399,12.91533],[77.11296,12.91671],[77.10998,12.92888],[77.12477,12.9292]]]]}},{"type":"Feature","properties":{"unitId":731,"unitName":"Turuvkere PS"},"geometry":{"type":"MultiPolygon","coordinates":[[[[76.70991,13.3035],[76.70954,13.29835],[76.71061,13.29778],[76.71025,13.29698],[76.70975,13.29704],[76.70953,13.29767],[76.70798,13.28575],[76.7072,13.28568],[76.70824,13.28379],[76.70911,13.28049],[76.70813,13.28002],[76.70774,13.27764],[76.70472,13.26887],[76.70303,13.26835],[76.70153,13.26408],[76.70079,13.25998],[76.69758,13.25488],[76.69715,13.25343],[76.69582,13.25194],[76.69234,13.25211],[76.69234,13.25158],[76.69179,13.25132],[76.69225,13.24768],[76.69701,13.24612],[76.6964,13.24363],[76.69696,13.24335],[76.69656,13.24229],[76.6974,13.24175],[76.69703,13.23953],[76.69945,13.23907],[76.69906,13.23647],[76.69737,13.23569],[76.69477,13.23177],[76.69455,13.22666],[76.69141,13.21873],[76.69111,13.21658],[76.69161,13.20544],[76.70717,13.20375],[76.71025,13.20132],[76.71295,13.20116],[76.71169,13.19889],[76.71149,13.19714],[76.71374,13.19404],[76.71796,13.18489],[76.72063,13.18542],[76.72772,13.18477],[76.73967,13.18599],[76.7403,13.18453],[76.74345,13.18372],[76.7454,13.18055],[76.74604,13.18017],[76.74671,13.1806],[76.74675,13.1792],[76.74869,13.17867],[76.75025,13.1768],[76.75412,13.17816],[76.75555,13.17779],[76.75604,13.17641],[76.75456,13.17512],[76.75436,13.17435],[76.75557,13.17289],[76.75667,13.17296],[76.75736,13.17384],[76.75849,13.17409],[76.76106,13.17147],[76.76205,13.17125],[76.7636,13.17213],[76.76461,13.17405],[76.76504,13.1736],[76.7641,13.17112],[76.76543,13.16795],[76.76528,13.16593],[76.76393,13.16285],[76.76144,13.16345],[76.7605,13.16048],[76.76136,13.15551],[76.76313,13.15317],[76.76372,13.15304],[76.7641,13.15206],[76.7754,13.15507],[76.77935,13.15522],[76.78317,13.15412],[76.78694,13.15436],[76.7872,13.15559],[76.7897,13.15565],[76.79083,13.15776],[76.79266,13.15801],[76.79273,13.15844],[76.79404,13.15891],[76.79642,13.15896],[76.79672,13.16034],[76.80144,13.16086],[76.80252,13.16142],[76.80706,13.16125],[76.81276,13.16182],[76.82012,13.16002],[76.82447,13.15979],[76.82643,13.15709],[76.82866,13.14056],[76.83636,13.13933],[76.8373,13.13552],[76.84928,13.13517],[76.84939,13.13302],[76.84773,13.13308],[76.84759,13.13165],[76.84883,13.13124],[76.8488,13.1307],[76.84655,13.13089],[76.84652,13.12981],[76.84923,13.12791],[76.85343,13.12665],[76.85408,13.12564],[76.85547,13.12498],[76.85597,13.12496],[76.85698,13.13075],[76.85764,13.13137],[76.8582,13.13121],[76.85871,13.12758],[76.85923,13.1277],[76.86086,13.122],[76.86277,13.11942],[76.86317,13.1175],[76.86761,13.11743],[76.86912,13.11668],[76.87449,13.11144],[76.87486,13.1099],[76.87774,13.11036],[76.88612,13.11049],[76.89321,13.11007],[76.89649,13.11423],[76.89792,13.11409],[76.90188,13.10848],[76.90487,13.10604],[76.90955,13.10428],[76.91241,13.10214],[76.91594,13.09698],[76.91537,13.08876],[76.90655,13.08765],[76.90704,13.08431],[76.90674,13.07888],[76.90706,13.07705],[76.90473,13.07644],[76.90135,13.06583],[76.8944,13.06575],[76.89187,13.065],[76.88881,13.06323],[76.88498,13.06318],[76.88173,13.06202],[76.8793,13.05711],[76.87605,13.05259],[76.86801,13.05077],[76.86683,13.0467],[76.86644,13.04022],[76.86487,13.0406],[76.86192,13.03869],[76.85889,13.03844],[76.85848,13.03692],[76.85685,13.03687],[76.85676,13.03626],[76.85569,13.03581],[76.85424,13.03598],[76.85366,13.03706],[76.85077,13.03751],[76.84893,13.04298],[76.84942,13.05116],[76.83388,13.05139],[76.83287,13.04923],[76.83134,13.0435],[76.83236,13.04142],[76.83465,13.04034],[76.83573,13.03895],[76.83608,13.03829],[76.83558,13.03588],[76.83698,13.03458],[76.83288,13.03096],[76.83251,13.02589],[76.83003,13.02301],[76.82919,13.0191],[76.82979,13.0177],[76.8329,13.01487],[76.83464,13.01433],[76.83689,13.01542],[76.83806,13.01535],[76.83875,13.01451],[76.83897,13.01226],[76.8359,13.00891],[76.83616,13.00451],[76.8348,13.00299],[76.82883,13.00152],[76.82919,13.00212],[76.82508,13.00274],[76.82,13.00491],[76.81851,13.00782],[76.81615,13.01095],[76.81555,13.01339],[76.81269,13.01358],[76.80847,13.01232],[76.80623,13.01218],[76.79474,13.01523],[76.79117,13.01524],[76.78929,13.01457],[76.7858,13.01448],[76.78246,13.03049],[76.77152,13.03449],[76.76088,13.036],[76.75887,13.03678],[76.75836,13.03582],[76.75739,13.03535],[76.75805,13.03739],[76.75188,13.03612],[76.74964,13.03614],[76.72615,13.03975],[76.71804,13.04014],[76.71796,13.04059],[76.70945,13.03933],[76.7019,13.04122],[76.70185,13.04205],[76.69365,13.03708],[76.68805,13.04144],[76.68579,13.04497],[76.68485,13.04504],[76.6827,13.0463],[76.68081,13.04799],[76.67554,13.05502],[76.67077,13.05516],[76.67052,13.05212],[76.6673,13.03793],[76.6656,13.03599],[76.66326,13.03161],[76.66321,13.0298],[76.6621,13.02773],[76.66013,13.02663],[76.65971,13.02588],[76.65852,13.02237],[76.65969,13.02217],[76.65975,13.02139],[76.65922,13.01974],[76.65857,13.01998],[76.65822,13.01928],[76.65795,13.01368],[76.65558,13.01148],[76.65312,13.00764],[76.65,13.00634],[76.64683,13.00559],[76.64533,13.00568],[76.6429,13.0088],[76.64308,13.00928],[76.63922,13.00923],[76.63399,13.00649],[76.63196,13.00396],[76.61844,13.00851],[76.61415,13.00759],[76.61148,13.00789],[76.60866,13.01018],[76.6055,13.01145],[76.6045,13.01455],[76.60428,13.01645],[76.605,13.01911],[76.60919,13.0316],[76.60781,13.03316],[76.60803,13.03761],[76.6034,13.04189],[76.60487,13.04547],[76.60534,13.05329],[76.60637,13.0549],[76.60678,13.05665],[76.61921,13.05365],[76.61956,13.05593],[76.61839,13.06059],[76.61829,13.06393],[76.61701,13.06423],[76.61709,13.06506],[76.61349,13.06929],[76.60785,13.07383],[76.60057,13.07331],[76.59526,13.07435],[76.59264,13.07538],[76.59025,13.07461],[76.58553,13.071],[76.56844,13.07451],[76.56231,13.07366],[76.55341,13.07667],[76.55179,13.0915],[76.55225,13.09266],[76.55228,13.09879],[76.5526,13.09993],[76.55542,13.10298],[76.56133,13.11095],[76.55653,13.11304],[76.55999,13.12201],[76.56497,13.12388],[76.567,13.12981],[76.56715,13.1386],[76.56779,13.13884],[76.56624,13.15139],[76.5702,13.14977],[76.57555,13.1515],[76.58297,13.15109],[76.58342,13.15091],[76.58357,13.14993],[76.58352,13.14475],[76.58978,13.14499],[76.59013,13.1471],[76.59453,13.15256],[76.59581,13.15496],[76.59576,13.15845],[76.59525,13.15992],[76.59617,13.16264],[76.59591,13.16523],[76.59553,13.16477],[76.59521,13.16569],[76.59491,13.17166],[76.59552,13.17312],[76.59513,13.17332],[76.60026,13.18432],[76.60649,13.19002],[76.60731,13.19051],[76.60974,13.19027],[76.61033,13.19412],[76.61139,13.19628],[76.61187,13.2073],[76.60573,13.21106],[76.60025,13.20949],[76.59383,13.20953],[76.59078,13.21044],[76.59087,13.21476],[76.58916,13.21901],[76.59002,13.2214],[76.58989,13.22221],[76.59293,13.22339],[76.59502,13.226],[76.5955,13.2267],[76.59584,13.23156],[76.59633,13.23263],[76.59772,13.23243],[76.59951,13.23631],[76.60219,13.23971],[76.60388,13.23932],[76.60415,13.24184],[76.60504,13.24169],[76.60545,13.24297],[76.61076,13.24256],[76.61093,13.24124],[76.61189,13.24076],[76.61256,13.24073],[76.61268,13.24128],[76.61598,13.24138],[76.6168,13.23887],[76.6198,13.23906],[76.619,13.24315],[76.61946,13.24531],[76.62282,13.24637],[76.62233,13.24769],[76.62291,13.24878],[76.62692,13.25137],[76.62777,13.25149],[76.62872,13.25308],[76.63021,13.25291],[76.63104,13.25431],[76.63217,13.25494],[76.6311,13.25725],[76.62735,13.25818],[76.62066,13.26481],[76.62012,13.26758],[76.6183,13.27193],[76.61709,13.27869],[76.61808,13.28403],[76.62368,13.28229],[76.62883,13.28159],[76.63717,13.28129],[76.64394,13.28453],[76.64437,13.28606],[76.64534,13.28638],[76.64662,13.28664],[76.64917,13.28518],[76.65001,13.28392],[76.65018,13.28157],[76.65003,13.28021],[76.6484,13.27825],[76.64545,13.27652],[76.63377,13.27508],[76.63531,13.27386],[76.63541,13.27276],[76.64477,13.27219],[76.6475,13.2731],[76.65379,13.27431],[76.65419,13.27401],[76.65491,13.27498],[76.65756,13.27599],[76.66355,13.27608],[76.66484,13.28222],[76.67061,13.2816],[76.67183,13.28092],[76.67447,13.27895],[76.67782,13.27752],[76.67883,13.27436],[76.69016,13.27408],[76.69124,13.27765],[76.69184,13.28873],[76.69132,13.2921],[76.68871,13.296],[76.69117,13.30231],[76.69694,13.30234],[76.69978,13.30294],[76.70991,13.3035]]],[[[76.5286,13.12097],[76.5303,13.12092],[76.54028,13.11753],[76.54188,13.1102],[76.54149,13.10614],[76.539,13.10686],[76.535,13.10661],[76.5314,13.1051],[76.5291,13.105],[76.52158,13.10328],[76.52014,13.10363],[76.51682,13.10259],[76.51564,13.10413],[76.51453,13.10698],[76.51692,13.10738],[76.5165,13.10995],[76.5179,13.11608],[76.52311,13.12182],[76.52598,13.12341],[76.5286,13.12097]]]]}},{"type":"Feature","properties":{"unitId":732,"unitName":"Dandinashivara PS"},"geometry":{"type":"Polygon","coordinates":[[[76.73981,13.30678],[76.74115,13.30528],[76.74266,13.29319],[76.74822,13.29464],[76.76182,13.29572],[76.76179,13.29389],[76.76365,13.28582],[76.76769,13.28557],[76.76836,13.28486],[76.76837,13.28392],[76.77005,13.28371],[76.77011,13.28413],[76.77176,13.28423],[76.77212,13.27838],[76.77563,13.278],[76.77655,13.27685],[76.77822,13.27181],[76.78142,13.26773],[76.78493,13.26802],[76.78583,13.27019],[76.79624,13.26855],[76.79871,13.26844],[76.80104,13.26911],[76.80234,13.26614],[76.80384,13.25536],[76.80509,13.25544],[76.80482,13.24719],[76.81345,13.24746],[76.82002,13.24631],[76.82015,13.24689],[76.82082,13.24697],[76.82138,13.24864],[76.82138,13.25288],[76.82228,13.25338],[76.82297,13.25225],[76.82346,13.25224],[76.82354,13.25106],[76.82434,13.25092],[76.82511,13.25146],[76.825,13.25228],[76.82446,13.25235],[76.82432,13.25466],[76.83004,13.25621],[76.83115,13.24717],[76.83457,13.24785],[76.83459,13.24565],[76.83551,13.24568],[76.83577,13.24406],[76.83516,13.23886],[76.83555,13.23476],[76.8388,13.23424],[76.83962,13.22451],[76.83476,13.22426],[76.83325,13.22068],[76.83272,13.2205],[76.83268,13.21887],[76.83108,13.21848],[76.83132,13.21813],[76.83069,13.21742],[76.82716,13.21788],[76.82597,13.21763],[76.82364,13.2183],[76.8234,13.21627],[76.81885,13.2165],[76.81464,13.21742],[76.81468,13.21635],[76.81379,13.21611],[76.81443,13.21315],[76.80486,13.21247],[76.80134,13.21102],[76.8,13.21158],[76.79716,13.20767],[76.79801,13.20294],[76.7979,13.19766],[76.79621,13.19664],[76.79969,13.19672],[76.80085,13.18936],[76.80025,13.18751],[76.79957,13.17941],[76.8006,13.17831],[76.8015,13.17919],[76.80253,13.17903],[76.80343,13.17822],[76.8042,13.17831],[76.80368,13.17314],[76.80399,13.16155],[76.79672,13.16034],[76.79642,13.15896],[76.79404,13.15891],[76.79273,13.15844],[76.79266,13.15801],[76.79083,13.15776],[76.7897,13.15565],[76.7872,13.15559],[76.78694,13.15436],[76.78317,13.15412],[76.77935,13.15522],[76.7754,13.15507],[76.7641,13.15206],[76.76372,13.15304],[76.76313,13.15317],[76.76136,13.15551],[76.7605,13.16048],[76.76144,13.16345],[76.76393,13.16285],[76.76528,13.16593],[76.76543,13.16795],[76.7641,13.17112],[76.76504,13.1736],[76.76461,13.17405],[76.7636,13.17213],[76.76205,13.17125],[76.76106,13.17147],[76.75849,13.17409],[76.75736,13.17384],[76.75667,13.17296],[76.75557,13.17289],[76.75436,13.17435],[76.75456,13.17512],[76.75604,13.17641],[76.75555,13.17779],[76.75412,13.17816],[76.75025,13.1768],[76.74869,13.17867],[76.74675,13.1792],[76.74671,13.1806],[76.74604,13.18017],[76.7454,13.18055],[76.74345,13.18372],[76.7403,13.18453],[76.73967,13.18599],[76.72772,13.18477],[76.72063,13.18542],[76.71796,13.18489],[76.71374,13.19404],[76.71149,13.19714],[76.71169,13.19889],[76.71295,13.20116],[76.71025,13.20132],[76.70717,13.20375],[76.69161,13.20544],[76.69111,13.21658],[76.69141,13.21873],[76.69455,13.22666],[76.69477,13.23177],[76.69737,13.23569],[76.69906,13.23647],[76.69945,13.23907],[76.69703,13.23953],[76.6974,13.24175],[76.69656,13.24229],[76.69696,13.24335],[76.6964,13.24363],[76.69701,13.24612],[76.69225,13.24768],[76.69179,13.25132],[76.69234,13.25158],[76.69234,13.25211],[76.69582,13.25194],[76.69715,13.25343],[76.69758,13.25488],[76.70079,13.25998],[76.70153,13.26408],[76.70303,13.26835],[76.70472,13.26887],[76.70774,13.27764],[76.70813,13.28002],[76.70911,13.28049],[76.70824,13.28379],[76.7072,13.28568],[76.70798,13.28575],[76.70953,13.29767],[76.70975,13.29704],[76.71025,13.29698],[76.71061,13.29778],[76.70954,13.29835],[76.70991,13.3035],[76.71612,13.30366],[76.71611,13.30322],[76.71664,13.30324],[76.71663,13.30368],[76.72037,13.30389],[76.72314,13.30602],[76.72326,13.30752],[76.73194,13.30709],[76.736,13.30642],[76.73801,13.30843],[76.73981,13.30678]],[[76.77038,13.26974],[76.77304,13.27025],[76.77381,13.27103],[76.77135,13.27504],[76.77157,13.27877],[76.77086,13.27989],[76.77101,13.28085],[76.767,13.28088],[76.76681,13.28132],[76.76462,13.28092],[76.76399,13.27818],[76.76297,13.27799],[76.76353,13.27605],[76.76532,13.27387],[76.77038,13.26974]]]}},{"type":"Feature","properties":{"unitId":733,"unitName":"Kyathasadra PS"},"geometry":{"type":"MultiPolygon","coordinates":[[[[77.22703,13.42497],[77.22478,13.4225],[77.22377,13.4226],[77.21529,13.41111],[77.21611,13.4098],[77.21714,13.40986],[77.21733,13.4085],[77.21998,13.40736],[77.22127,13.40624],[77.22213,13.40449],[77.2236,13.40359],[77.22325,13.40315],[77.22353,13.40268],[77.2254,13.4011],[77.22947,13.39911],[77.22149,13.39248],[77.21592,13.39304],[77.20859,13.38689],[77.21999,13.38559],[77.21896,13.38138],[77.23662,13.38021],[77.23714,13.37957],[77.23828,13.37962],[77.24457,13.3767],[77.24239,13.36628],[77.25879,13.36431],[77.25986,13.36493],[77.26131,13.36492],[77.26134,13.36528],[77.26665,13.36491],[77.2721,13.36371],[77.27249,13.36651],[77.27216,13.36699],[77.27447,13.36754],[77.27954,13.36611],[77.28079,13.364],[77.28289,13.36289],[77.28284,13.3619],[77.28729,13.36097],[77.28872,13.35985],[77.28912,13.35861],[77.29044,13.35871],[77.29171,13.3595],[77.29381,13.35949],[77.29818,13.35816],[77.29885,13.35664],[77.29851,13.35626],[77.29311,13.35379],[77.29144,13.35429],[77.29129,13.35194],[77.28177,13.34357],[77.28457,13.34288],[77.28257,13.34239],[77.28305,13.33976],[77.28421,13.34078],[77.28473,13.33888],[77.28447,13.33813],[77.28815,13.33757],[77.28855,13.33808],[77.28885,13.33679],[77.29274,13.33778],[77.29698,13.3377],[77.29633,13.33189],[77.29557,13.32969],[77.29606,13.32648],[77.2957,13.32562],[77.2973,13.32551],[77.29788,13.32592],[77.30109,13.32525],[77.30094,13.32272],[77.3053,13.32166],[77.30753,13.3206],[77.30926,13.31907],[77.3112,13.31866],[77.31015,13.3162],[77.30892,13.31009],[77.30452,13.31056],[77.30098,13.31019],[77.29447,13.31062],[77.29176,13.31129],[77.28527,13.31074],[77.28354,13.31119],[77.28159,13.31076],[77.28078,13.3021],[77.28218,13.29718],[77.27549,13.29759],[77.26951,13.30612],[77.26918,13.30869],[77.27029,13.31096],[77.26589,13.3109],[77.25476,13.30884],[77.25493,13.30747],[77.25338,13.30468],[77.25317,13.30306],[77.25352,13.30289],[77.24946,13.30253],[77.24734,13.30179],[77.24485,13.30307],[77.24353,13.30221],[77.24221,13.30257],[77.24228,13.30385],[77.24152,13.30449],[77.24191,13.30582],[77.24054,13.30666],[77.24062,13.30728],[77.23937,13.30902],[77.23794,13.30897],[77.23746,13.31072],[77.23644,13.31114],[77.2353,13.31024],[77.234,13.31026],[77.2328,13.3112],[77.23207,13.31347],[77.22945,13.31444],[77.22884,13.3139],[77.22727,13.30585],[77.22446,13.30104],[77.22287,13.29638],[77.22308,13.29079],[77.22189,13.28605],[77.22217,13.2843],[77.21963,13.27357],[77.22228,13.26749],[77.21923,13.26174],[77.21516,13.2608],[77.20493,13.26288],[77.20143,13.26534],[77.19999,13.26844],[77.1983,13.26801],[77.19363,13.26923],[77.19278,13.27106],[77.19348,13.27192],[77.1935,13.27353],[77.19184,13.27417],[77.19067,13.2756],[77.18983,13.27592],[77.18832,13.2756],[77.18878,13.27535],[77.18866,13.27468],[77.18767,13.27153],[77.18485,13.25658],[77.18391,13.25643],[77.17398,13.25954],[77.17137,13.25663],[77.17137,13.25607],[77.17194,13.25584],[77.1717,13.2537],[77.17255,13.25219],[77.17136,13.24877],[77.17756,13.2473],[77.18218,13.24484],[77.18236,13.24386],[77.18493,13.24162],[77.18519,13.23648],[77.18424,13.2364],[77.18441,13.23493],[77.18361,13.23004],[77.18075,13.22407],[77.17728,13.21903],[77.16492,13.21841],[77.16331,13.21796],[77.16146,13.22014],[77.14877,13.22054],[77.149,13.22174],[77.14718,13.22367],[77.14681,13.2251],[77.14222,13.22476],[77.1434,13.22998],[77.1433,13.23424],[77.14367,13.23548],[77.14132,13.2372],[77.14052,13.23929],[77.14079,13.24061],[77.13884,13.24199],[77.1371,13.24875],[77.13702,13.25212],[77.1361,13.25274],[77.13603,13.25518],[77.13643,13.25557],[77.13526,13.25908],[77.13541,13.26478],[77.13477,13.26761],[77.13068,13.26705],[77.13012,13.26771],[77.12959,13.27024],[77.12966,13.27486],[77.13857,13.27351],[77.13923,13.27261],[77.14006,13.27431],[77.14065,13.27884],[77.14234,13.27844],[77.14251,13.27941],[77.14044,13.28073],[77.13677,13.2817],[77.13634,13.28268],[77.13516,13.28259],[77.13527,13.28329],[77.13368,13.28377],[77.13186,13.28717],[77.13021,13.29256],[77.12963,13.29321],[77.12751,13.2936],[77.12713,13.29501],[77.12717,13.29651],[77.13077,13.29799],[77.13155,13.29869],[77.13129,13.30042],[77.13266,13.3006],[77.13315,13.30327],[77.13261,13.30331],[77.1328,13.30697],[77.13256,13.30907],[77.13193,13.30996],[77.13246,13.31285],[77.13155,13.3129],[77.13169,13.31861],[77.1347,13.32067],[77.13525,13.32054],[77.13598,13.32398],[77.13623,13.32897],[77.13566,13.33206],[77.12861,13.33554],[77.12907,13.33563],[77.12918,13.33634],[77.13092,13.33623],[77.13067,13.33784],[77.13132,13.33792],[77.13179,13.33993],[77.13666,13.3389],[77.13749,13.33813],[77.13769,13.3385],[77.13961,13.33834],[77.14125,13.33767],[77.14157,13.33852],[77.14257,13.33787],[77.1449,13.3378],[77.14679,13.34014],[77.14832,13.33859],[77.14812,13.34231],[77.16039,13.34297],[77.16204,13.34246],[77.16356,13.34033],[77.16126,13.34086],[77.16029,13.33944],[77.16036,13.33872],[77.15936,13.33836],[77.15996,13.3366],[77.16303,13.33627],[77.16783,13.3312],[77.17043,13.33145],[77.1719,13.33705],[77.17406,13.34278],[77.17292,13.34185],[77.17047,13.34092],[77.16938,13.34099],[77.16677,13.3423],[77.1686,13.34693],[77.16758,13.34949],[77.16402,13.35214],[77.1597,13.36455],[77.16358,13.36553],[77.16155,13.36827],[77.16045,13.3683],[77.15804,13.36948],[77.15128,13.37453],[77.15161,13.37519],[77.15541,13.37627],[77.15967,13.37927],[77.16106,13.38105],[77.16201,13.38092],[77.16475,13.38217],[77.16787,13.38571],[77.16782,13.38632],[77.16643,13.38696],[77.16564,13.38805],[77.164,13.38851],[77.16198,13.38811],[77.15897,13.38987],[77.15792,13.38921],[77.15715,13.38946],[77.1576,13.39149],[77.15699,13.3924],[77.15479,13.39174],[77.15379,13.39246],[77.15535,13.39396],[77.15505,13.39486],[77.15228,13.39793],[77.15374,13.39955],[77.15368,13.39883],[77.15426,13.39821],[77.1545,13.39952],[77.15359,13.39979],[77.15337,13.40123],[77.15238,13.40028],[77.15152,13.40022],[77.15202,13.40166],[77.15079,13.40343],[77.15659,13.40478],[77.15866,13.40017],[77.17194,13.40536],[77.16931,13.41148],[77.17811,13.41617],[77.18038,13.41582],[77.18463,13.41854],[77.1884,13.41938],[77.19353,13.41896],[77.20901,13.4243],[77.22344,13.42586],[77.22703,13.42497]]],[[[77.10805,13.29366],[77.10991,13.29364],[77.11084,13.29189],[77.11306,13.29125],[77.115,13.29169],[77.11401,13.29003],[77.11353,13.29032],[77.11253,13.28774],[77.10993,13.28855],[77.10892,13.28731],[77.10845,13.28755],[77.10786,13.2853],[77.10741,13.28508],[77.10135,13.28699],[77.10725,13.29412],[77.10805,13.29366]]]]}},{"type":"Feature","properties":{"unitId":734,"unitName":"Tumakur Town PS"},"geometry":{"type":"Polygon","coordinates":[[[77.10248,13.36734],[77.10295,13.36721],[77.10331,13.36616],[77.10364,13.36639],[77.10673,13.36508],[77.10665,13.36477],[77.10955,13.36428],[77.10943,13.36285],[77.11001,13.36307],[77.11042,13.36057],[77.11197,13.36064],[77.11201,13.35971],[77.11348,13.35978],[77.11349,13.35927],[77.11462,13.35836],[77.11438,13.35621],[77.11507,13.35618],[77.11511,13.35488],[77.11474,13.35387],[77.1154,13.35384],[77.11536,13.35321],[77.11581,13.35317],[77.11592,13.35078],[77.11532,13.34894],[77.11421,13.34894],[77.11424,13.34784],[77.1135,13.34697],[77.11181,13.34665],[77.11094,13.34476],[77.10952,13.34495],[77.10947,13.34369],[77.108,13.34717],[77.10691,13.34815],[77.10317,13.34724],[77.10258,13.34851],[77.10294,13.34956],[77.10028,13.3503],[77.09621,13.34991],[77.09325,13.34693],[77.09351,13.34505],[77.09297,13.34401],[77.09189,13.34341],[77.08975,13.34351],[77.08807,13.34224],[77.08673,13.34234],[77.08618,13.34092],[77.08565,13.34112],[77.0853,13.34021],[77.08514,13.33775],[77.08305,13.33824],[77.08233,13.33648],[77.08001,13.33637],[77.08003,13.33586],[77.0814,13.33601],[77.08122,13.33504],[77.0798,13.33454],[77.0781,13.33311],[77.07638,13.33299],[77.07604,13.33796],[77.07438,13.33677],[77.06237,13.33103],[77.06143,13.33602],[77.06196,13.34077],[77.06253,13.34067],[77.06702,13.35258],[77.059,13.35331],[77.05922,13.35908],[77.05979,13.36049],[77.06407,13.36183],[77.06808,13.35517],[77.07261,13.35547],[77.07483,13.3582],[77.07498,13.36078],[77.07571,13.36209],[77.08852,13.36461],[77.09568,13.36483],[77.09572,13.36548],[77.09895,13.36536],[77.09861,13.36732],[77.10248,13.36734]]]}},{"type":"Feature","properties":{"unitId":735,"unitName":"Tumakur Rural PS"},"geometry":{"type":"MultiPolygon","coordinates":[[[[77.05907,13.3533],[77.06702,13.35258],[77.06253,13.34067],[77.06196,13.34077],[77.06143,13.33602],[77.06237,13.33103],[77.07438,13.33677],[77.07604,13.33796],[77.07638,13.33299],[77.0781,13.33311],[77.0798,13.33454],[77.08122,13.33504],[77.08515,13.33502],[77.08499,13.33408],[77.08645,13.33363],[77.08595,13.33089],[77.08862,13.32917],[77.08749,13.32722],[77.08524,13.32502],[77.08551,13.32451],[77.08422,13.32277],[77.08343,13.32034],[77.07934,13.32291],[77.07997,13.32441],[77.07949,13.3253],[77.07738,13.32481],[77.07586,13.32518],[77.07522,13.32463],[77.07381,13.32604],[77.07072,13.32694],[77.07091,13.32619],[77.07398,13.32385],[77.07335,13.32164],[77.07412,13.32061],[77.07385,13.31985],[77.07296,13.32005],[77.07259,13.31919],[77.0714,13.31932],[77.07027,13.31842],[77.07011,13.3171],[77.07093,13.31665],[77.07228,13.31467],[77.08024,13.31396],[77.08123,13.31338],[77.08406,13.31402],[77.08507,13.31439],[77.08521,13.31544],[77.08348,13.31649],[77.08232,13.31656],[77.08255,13.31743],[77.0833,13.31685],[77.08388,13.31866],[77.08729,13.31759],[77.08797,13.3171],[77.08766,13.31633],[77.08893,13.31581],[77.08904,13.31501],[77.08988,13.31483],[77.09044,13.31574],[77.09081,13.31563],[77.09138,13.31536],[77.09234,13.31348],[77.097,13.31126],[77.09902,13.31141],[77.09861,13.31023],[77.09933,13.30822],[77.10026,13.30719],[77.10063,13.30716],[77.10147,13.30983],[77.10863,13.30889],[77.11157,13.30926],[77.11139,13.3075],[77.1134,13.30327],[77.12069,13.2937],[77.121,13.29243],[77.12052,13.29179],[77.11868,13.2915],[77.115,13.29169],[77.11306,13.29125],[77.11084,13.29189],[77.10991,13.29364],[77.10821,13.29354],[77.10725,13.29412],[77.10135,13.28699],[77.10741,13.28508],[77.10786,13.2853],[77.10845,13.28755],[77.10892,13.28731],[77.10993,13.28855],[77.11196,13.28785],[77.11412,13.27838],[77.11591,13.27289],[77.11764,13.27472],[77.11833,13.27454],[77.11844,13.27508],[77.12339,13.27387],[77.12459,13.29293],[77.12618,13.29565],[77.12707,13.29598],[77.12751,13.2936],[77.12963,13.29321],[77.13021,13.29256],[77.13186,13.28717],[77.13368,13.28377],[77.13527,13.28329],[77.13516,13.28259],[77.13634,13.28268],[77.13677,13.2817],[77.14044,13.28073],[77.14251,13.27941],[77.14234,13.27844],[77.14065,13.27884],[77.14006,13.27431],[77.13923,13.27261],[77.13857,13.27351],[77.12966,13.27486],[77.12949,13.27184],[77.13012,13.26771],[77.13068,13.26705],[77.13477,13.26761],[77.13541,13.26478],[77.13526,13.25908],[77.13643,13.25557],[77.13603,13.25518],[77.1361,13.25274],[77.13702,13.25212],[77.1371,13.24875],[77.13884,13.24199],[77.14079,13.24061],[77.14052,13.23929],[77.14132,13.2372],[77.14367,13.23548],[77.1433,13.23424],[77.1434,13.22998],[77.14222,13.22476],[77.14681,13.2251],[77.14718,13.22367],[77.149,13.22174],[77.14877,13.22054],[77.16146,13.22014],[77.16331,13.21796],[77.16492,13.21841],[77.17728,13.21903],[77.18075,13.22407],[77.18361,13.23004],[77.18844,13.22517],[77.19016,13.22488],[77.19347,13.22534],[77.19454,13.22261],[77.19417,13.21945],[77.1949,13.2165],[77.19471,13.21007],[77.19415,13.20944],[77.19511,13.20689],[77.19776,13.20549],[77.19928,13.20258],[77.19865,13.19538],[77.20064,13.19533],[77.20087,13.19469],[77.20248,13.19457],[77.20364,13.19597],[77.2035,13.19708],[77.20708,13.19736],[77.20729,13.19198],[77.20662,13.18843],[77.20327,13.18446],[77.2028,13.18206],[77.19818,13.18219],[77.19748,13.18027],[77.19459,13.18134],[77.19104,13.18468],[77.18217,13.18662],[77.18125,13.18623],[77.1794,13.18649],[77.17947,13.18592],[77.17529,13.18619],[77.16988,13.18403],[77.16833,13.18398],[77.1654,13.18796],[77.16585,13.18843],[77.16451,13.18981],[77.16489,13.19656],[77.16253,13.19645],[77.15954,13.19421],[77.16012,13.19383],[77.15608,13.19353],[77.15231,13.18565],[77.15143,13.18235],[77.15205,13.18231],[77.15196,13.18147],[77.15103,13.18152],[77.14838,13.1736],[77.14262,13.17353],[77.14191,13.17431],[77.14186,13.17524],[77.1385,13.17771],[77.1341,13.17905],[77.13152,13.18141],[77.12689,13.18398],[77.12665,13.18492],[77.12321,13.18612],[77.1238,13.18911],[77.12305,13.19308],[77.11936,13.19322],[77.11588,13.19466],[77.11534,13.19788],[77.11344,13.19774],[77.11269,13.19549],[77.10946,13.19582],[77.10209,13.19811],[77.09941,13.20003],[77.09818,13.20126],[77.09837,13.20316],[77.09586,13.20413],[77.09437,13.20537],[77.09215,13.20971],[77.09097,13.2136],[77.09076,13.2171],[77.09149,13.22096],[77.08947,13.22161],[77.08801,13.21893],[77.08567,13.21965],[77.08608,13.21983],[77.08507,13.21998],[77.08489,13.22044],[77.07629,13.2243],[77.07662,13.22526],[77.07043,13.22776],[77.0711,13.23257],[77.06459,13.23411],[77.06776,13.23932],[77.06739,13.24152],[77.06612,13.24307],[77.06625,13.24432],[77.05596,13.24454],[77.05289,13.2538],[77.05053,13.25551],[77.04723,13.26252],[77.04772,13.26828],[77.04794,13.26926],[77.04852,13.26919],[77.04883,13.26976],[77.0503,13.2791],[77.05088,13.28049],[77.04899,13.28103],[77.03903,13.2805],[77.03319,13.27847],[77.03078,13.27854],[77.03017,13.27812],[77.02972,13.28223],[77.03017,13.28431],[77.02652,13.28459],[77.02379,13.28573],[77.02427,13.28653],[77.02265,13.28736],[77.0227,13.28794],[77.02117,13.28887],[77.02108,13.28947],[77.01959,13.28999],[77.01993,13.2933],[77.0188,13.29339],[77.01842,13.29402],[77.01801,13.29515],[77.0183,13.29613],[77.01394,13.2959],[77.01343,13.29434],[77.01255,13.29401],[77.01201,13.29428],[77.01138,13.29591],[77.00994,13.29578],[77.00939,13.29384],[77.00767,13.29405],[77.00592,13.29503],[77.00645,13.29738],[77.00565,13.29757],[77.00568,13.29929],[77.00324,13.30016],[76.99842,13.29988],[76.99806,13.30065],[76.99752,13.3003],[76.99736,13.30273],[76.99895,13.30859],[76.99866,13.30931],[77.00024,13.31759],[76.99834,13.31748],[76.9985,13.3185],[76.99786,13.31862],[76.99801,13.32411],[77.00046,13.32339],[77.00257,13.32975],[77.00436,13.33289],[77.00497,13.33799],[77.01018,13.33786],[77.01552,13.3366],[77.02133,13.33713],[77.0241,13.33786],[77.02405,13.33823],[77.02696,13.33982],[77.03196,13.34004],[77.03245,13.34208],[77.03164,13.3435],[77.03328,13.34509],[77.03734,13.34498],[77.03858,13.34661],[77.04005,13.34666],[77.04115,13.34613],[77.04248,13.34659],[77.0562,13.34678],[77.05674,13.34694],[77.0568,13.34801],[77.05907,13.3533]]],[[[77.12132,13.42798],[77.12704,13.42552],[77.1301,13.42293],[77.1318,13.42225],[77.13196,13.41724],[77.13009,13.41497],[77.12856,13.41087],[77.1297,13.40844],[77.13167,13.40709],[77.13266,13.40539],[77.13832,13.40327],[77.14122,13.40033],[77.1458,13.40262],[77.14793,13.40261],[77.15079,13.40343],[77.15202,13.40166],[77.15152,13.40022],[77.15238,13.40028],[77.15337,13.40123],[77.15359,13.39979],[77.1545,13.39952],[77.15426,13.39821],[77.15368,13.39883],[77.15374,13.39955],[77.15228,13.39793],[77.15505,13.39486],[77.15535,13.39396],[77.15379,13.39246],[77.15479,13.39174],[77.15699,13.3924],[77.1576,13.39149],[77.15715,13.38946],[77.15792,13.38921],[77.15897,13.38987],[77.16198,13.38811],[77.164,13.38851],[77.16564,13.38805],[77.16643,13.38696],[77.16782,13.38632],[77.16755,13.3852],[77.16475,13.38217],[77.16201,13.38092],[77.16106,13.38105],[77.15967,13.37927],[77.15541,13.37627],[77.15161,13.37519],[77.15128,13.37453],[77.15804,13.36948],[77.16045,13.3683],[77.16155,13.36827],[77.16358,13.36553],[77.1597,13.36455],[77.16402,13.35214],[77.16758,13.34949],[77.1686,13.34693],[77.16677,13.3423],[77.16938,13.34099],[77.17047,13.34092],[77.17292,13.34185],[77.17406,13.34278],[77.1719,13.33705],[77.17043,13.33145],[77.16783,13.3312],[77.16303,13.33627],[77.15996,13.3366],[77.15936,13.33836],[77.16036,13.33872],[77.16029,13.33944],[77.16126,13.34086],[77.16356,13.34033],[77.16204,13.34246],[77.16039,13.34297],[77.14812,13.34231],[77.14832,13.33859],[77.14679,13.34014],[77.1449,13.3378],[77.14257,13.33787],[77.14157,13.33852],[77.14125,13.33767],[77.13961,13.33834],[77.13769,13.3385],[77.13749,13.33813],[77.13666,13.3389],[77.13179,13.33993],[77.13132,13.33792],[77.13067,13.33784],[77.13106,13.33643],[77.12918,13.33634],[77.12857,13.33533],[77.13566,13.33206],[77.13623,13.32897],[77.13598,13.32398],[77.13525,13.32054],[77.1347,13.32067],[77.13169,13.31861],[77.12975,13.31822],[77.12421,13.3199],[77.12216,13.32428],[77.12187,13.32769],[77.11819,13.32817],[77.11338,13.32971],[77.1134,13.33044],[77.11005,13.33105],[77.10912,13.33157],[77.10915,13.33212],[77.09999,13.33409],[77.09816,13.33401],[77.0947,13.33514],[77.09538,13.33733],[77.09296,13.33784],[77.09286,13.33883],[77.08618,13.34092],[77.08673,13.34234],[77.08807,13.34224],[77.08975,13.34351],[77.09189,13.34341],[77.09297,13.34401],[77.09351,13.34505],[77.09325,13.34693],[77.09621,13.34991],[77.10028,13.3503],[77.10294,13.34956],[77.10258,13.34851],[77.10317,13.34724],[77.10691,13.34815],[77.108,13.34717],[77.10947,13.34369],[77.10952,13.34495],[77.11094,13.34476],[77.11181,13.34665],[77.1135,13.34697],[77.11424,13.34784],[77.1141,13.34881],[77.11532,13.34894],[77.11574,13.3497],[77.11581,13.35317],[77.11536,13.35321],[77.1154,13.35384],[77.11474,13.35387],[77.11511,13.35488],[77.11507,13.35618],[77.11438,13.35621],[77.11462,13.35836],[77.11349,13.35927],[77.11348,13.35978],[77.11201,13.35971],[77.11197,13.36064],[77.11042,13.36057],[77.11001,13.36307],[77.10943,13.36285],[77.10955,13.36428],[77.10665,13.36477],[77.10673,13.36508],[77.10364,13.36639],[77.10331,13.36616],[77.10295,13.36721],[77.10248,13.36734],[77.09861,13.36732],[77.09895,13.36536],[77.09572,13.36548],[77.09568,13.36483],[77.08852,13.36461],[77.07571,13.36209],[77.07498,13.36078],[77.07483,13.3582],[77.07303,13.35564],[77.06808,13.35517],[77.06263,13.36415],[77.06228,13.36558],[77.05875,13.3689],[77.05773,13.37146],[77.06099,13.37776],[77.06305,13.37735],[77.064,13.37669],[77.0657,13.37718],[77.06759,13.38166],[77.06907,13.38378],[77.05974,13.38538],[77.05373,13.38726],[77.04948,13.38924],[77.05035,13.39307],[77.05063,13.39844],[77.05016,13.41053],[77.04941,13.41285],[77.04959,13.42],[77.05378,13.41972],[77.06316,13.41628],[77.06871,13.41607],[77.08217,13.41639],[77.08529,13.41698],[77.08517,13.41939],[77.09099,13.42026],[77.0912,13.41788],[77.09401,13.41418],[77.09789,13.41524],[77.10687,13.41497],[77.10731,13.40715],[77.1089,13.40729],[77.11072,13.40751],[77.11107,13.40936],[77.11251,13.40886],[77.11367,13.40918],[77.11704,13.41312],[77.12027,13.41479],[77.11892,13.4156],[77.11826,13.41797],[77.11755,13.41836],[77.11677,13.4222],[77.11527,13.42199],[77.11527,13.42302],[77.11463,13.42343],[77.11467,13.42626],[77.1168,13.42447],[77.12185,13.42676],[77.12132,13.42798]]],[[[77.02586,13.42741],[77.02573,13.42659],[77.02536,13.42664],[77.0257,13.42472],[77.02516,13.42064],[77.02605,13.41984],[77.02669,13.42027],[77.0268,13.41997],[77.02655,13.41952],[77.02496,13.41943],[77.02273,13.41836],[77.02276,13.41759],[77.02342,13.41754],[77.0233,13.41536],[77.02169,13.41604],[77.02068,13.41586],[77.02099,13.41697],[77.02043,13.41713],[77.02079,13.4181],[77.01917,13.41974],[77.01978,13.42311],[77.02177,13.42533],[77.02293,13.42834],[77.02511,13.43014],[77.02512,13.42879],[77.02599,13.42873],[77.02586,13.42741]]],[[[77.04597,13.36814],[77.04591,13.36737],[77.04542,13.3673],[77.04551,13.36653],[77.04454,13.36649],[77.04463,13.36569],[77.03982,13.365],[77.04085,13.36654],[77.04278,13.36714],[77.04274,13.36768],[77.04597,13.36814]]],[[[77.00597,13.29147],[77.00284,13.2917],[77.00318,13.29326],[77.00615,13.29275],[77.00597,13.29147]]],[[[77.0416,13.35974],[77.04153,13.35838],[77.04037,13.35789],[77.0402,13.35957],[77.0416,13.35974]]],[[[77.04235,13.35824],[77.04241,13.35753],[77.04177,13.35742],[77.04157,13.35817],[77.04235,13.35824]]]]}},{"type":"Feature","properties":{"unitId":736,"unitName":"Bellavi PS"},"geometry":{"type":"Polygon","coordinates":[[[76.99839,13.49812],[77.00172,13.4981],[77.0109,13.49664],[77.0097,13.49327],[77.01202,13.49196],[77.01419,13.49191],[77.0144,13.48989],[77.01721,13.48935],[77.01736,13.48071],[77.01775,13.48079],[77.0178,13.47902],[77.02157,13.47871],[77.02163,13.47831],[77.02462,13.47841],[77.02511,13.47891],[77.02684,13.47465],[77.0344,13.47465],[77.03539,13.47073],[77.03561,13.46713],[77.03713,13.4668],[77.03818,13.46755],[77.05105,13.46249],[77.05738,13.46156],[77.05804,13.4551],[77.05911,13.45347],[77.05854,13.45267],[77.05857,13.45095],[77.05656,13.44929],[77.05365,13.44902],[77.04991,13.45204],[77.04576,13.45145],[77.04484,13.44903],[77.03958,13.45147],[77.03782,13.44766],[77.03749,13.4469],[77.03819,13.44681],[77.04277,13.44708],[77.04421,13.44187],[77.04364,13.43846],[77.04423,13.43332],[77.04511,13.43101],[77.04126,13.42952],[77.0374,13.43108],[77.03657,13.42657],[77.03614,13.41471],[77.04124,13.41304],[77.04474,13.41386],[77.04941,13.41285],[77.05016,13.41053],[77.05063,13.39844],[77.0496,13.38896],[77.05974,13.38538],[77.06907,13.38378],[77.06759,13.38166],[77.0657,13.37718],[77.064,13.37669],[77.06305,13.37735],[77.06099,13.37776],[77.05782,13.37195],[77.05789,13.37055],[77.05875,13.3689],[77.06228,13.36558],[77.06263,13.36415],[77.06407,13.36183],[77.05979,13.36049],[77.05922,13.35908],[77.05925,13.3544],[77.05674,13.34694],[77.05424,13.34656],[77.04248,13.34659],[77.04115,13.34613],[77.04005,13.34666],[77.03858,13.34661],[77.03734,13.34498],[77.03328,13.34509],[77.03164,13.3435],[77.03245,13.34208],[77.03196,13.34004],[77.02696,13.33982],[77.02405,13.33823],[77.0241,13.33786],[77.01715,13.33654],[77.01321,13.33687],[77.0132,13.33735],[77.01018,13.33786],[77.00496,13.33799],[77.00312,13.34126],[76.99968,13.34115],[76.99854,13.34644],[76.99915,13.347],[76.99934,13.34845],[76.99843,13.34844],[76.99811,13.34913],[76.99448,13.35191],[76.99112,13.35728],[76.99065,13.3607],[76.9915,13.36053],[76.9926,13.36618],[76.99397,13.36846],[76.99285,13.36847],[76.9929,13.3742],[76.99402,13.37451],[76.99391,13.37809],[76.99553,13.37868],[76.99534,13.38162],[76.99571,13.38257],[76.99648,13.38259],[76.99637,13.3834],[76.99552,13.38333],[76.99493,13.38563],[76.99594,13.38582],[76.99481,13.39117],[76.99726,13.39507],[76.99731,13.39604],[76.99576,13.39621],[76.99549,13.40027],[76.99078,13.39964],[76.99056,13.4023],[76.99323,13.40251],[76.99727,13.40396],[76.9972,13.40537],[76.99709,13.40588],[76.99282,13.40789],[76.9885,13.40866],[76.98794,13.41562],[76.9886,13.41731],[76.99118,13.41715],[76.99182,13.42819],[76.98796,13.42923],[76.98835,13.43148],[76.98786,13.43271],[76.98837,13.43541],[76.98625,13.4359],[76.98637,13.43711],[76.98487,13.43725],[76.98509,13.44076],[76.97943,13.44142],[76.9792,13.44485],[76.97731,13.44539],[76.97744,13.44999],[76.97681,13.45042],[76.97691,13.45114],[76.9764,13.45131],[76.97549,13.45413],[76.97635,13.4644],[76.97624,13.46935],[76.97479,13.4707],[76.9729,13.47142],[76.9726,13.4797],[76.965,13.48836],[76.97166,13.49351],[76.97304,13.49338],[76.97557,13.49584],[76.98067,13.49916],[76.98846,13.50273],[76.99839,13.49812]],[[77.02099,13.41696],[77.02068,13.41586],[77.02169,13.41604],[77.0233,13.41536],[77.02342,13.41754],[77.02276,13.41759],[77.02273,13.41836],[77.02496,13.41943],[77.02655,13.41952],[77.0268,13.41997],[77.02669,13.42027],[77.02605,13.41984],[77.02516,13.42064],[77.0257,13.42472],[77.02536,13.42664],[77.02573,13.42659],[77.02599,13.42873],[77.02512,13.42879],[77.02524,13.43013],[77.02293,13.42834],[77.02177,13.42533],[77.01978,13.42311],[77.01917,13.41974],[77.02079,13.4181],[77.02043,13.41713],[77.02099,13.41696]],[[77.04523,13.3682],[77.04404,13.36763],[77.04274,13.36768],[77.04278,13.36714],[77.04085,13.36654],[77.03982,13.365],[77.04463,13.36569],[77.04454,13.36649],[77.04551,13.36653],[77.04542,13.3673],[77.04591,13.36737],[77.04596,13.36833],[77.04523,13.3682]],[[77.04109,13.35971],[77.0402,13.35957],[77.04037,13.35789],[77.04153,13.35838],[77.0416,13.35974],[77.04109,13.35971]],[[77.04157,13.35817],[77.04177,13.35742],[77.04241,13.35753],[77.04235,13.35824],[77.04157,13.35817]]]}},{"type":"Feature","properties":{"unitId":737,"unitName":"Thilak Park PS"},"geometry":{"type":"MultiPolygon","coordinates":[[[[77.07518,13.32466],[77.07586,13.32518],[77.07738,13.32481],[77.07949,13.3253],[77.07997,13.32441],[77.07934,13.32291],[77.08343,13.32034],[77.08232,13.31656],[77.0821,13.31337],[77.08024,13.31396],[77.07228,13.31467],[77.07093,13.31665],[77.07011,13.3171],[77.07074,13.31907],[77.07259,13.31919],[77.07296,13.32005],[77.07385,13.31985],[77.07412,13.32061],[77.07335,13.32164],[77.07398,13.32385],[77.07091,13.32619],[77.07072,13.32694],[77.07381,13.32604],[77.07518,13.32466]]],[[[77.09374,13.3377],[77.09538,13.33733],[77.09269,13.33112],[77.09196,13.33088],[77.09088,13.32842],[77.08868,13.32914],[77.08595,13.33089],[77.08645,13.33363],[77.08499,13.33408],[77.08515,13.33502],[77.08124,13.33496],[77.0814,13.33601],[77.08003,13.33586],[77.08001,13.33637],[77.08233,13.33648],[77.08305,13.33824],[77.08514,13.33775],[77.08507,13.33944],[77.08565,13.34112],[77.09286,13.33883],[77.09296,13.33784],[77.09374,13.3377]]]]}},{"type":"Feature","properties":{"unitId":738,"unitName":"Patanayakanahalli PS"},"geometry":{"type":"Polygon","coordinates":[[[76.95037,14.09207],[76.95909,14.09157],[76.97338,14.08353],[76.97478,14.08077],[76.97529,14.07388],[76.97749,14.07084],[76.97655,14.06535],[76.97284,14.06093],[76.97188,14.05837],[76.95873,14.05753],[76.95521,14.05534],[76.95142,14.05411],[76.94691,14.05352],[76.94314,14.05376],[76.93965,14.05335],[76.93196,14.05457],[76.93188,14.05157],[76.93327,14.04441],[76.93134,14.03792],[76.93057,14.03083],[76.93219,14.03112],[76.93265,14.03282],[76.93425,14.03309],[76.93843,14.0313],[76.94032,14.02967],[76.94379,14.02998],[76.94408,14.0282],[76.94357,14.02647],[76.9451,14.02468],[76.9449,14.02337],[76.94571,14.02232],[76.94491,14.02209],[76.94502,14.02102],[76.94593,14.02075],[76.94603,14.02009],[76.94669,14.01978],[76.94727,14.01789],[76.94996,14.01456],[76.95348,14.0134],[76.95468,14.0125],[76.95651,14.01242],[76.95735,14.01191],[76.96258,14.01213],[76.96584,14.01128],[76.97073,14.00822],[76.97207,14.00685],[76.97414,14.00609],[76.9838,14.0004],[76.98769,13.9956],[76.99323,13.99289],[76.99499,13.99093],[76.99926,13.99003],[76.99921,13.98918],[76.99997,13.98879],[76.99603,13.97672],[76.99716,13.97499],[76.99626,13.97463],[76.99478,13.96611],[76.99355,13.9627],[76.99545,13.96208],[76.99949,13.9597],[77.00121,13.95942],[77.00583,13.9567],[77.01385,13.95553],[77.01655,13.94982],[77.018,13.94909],[77.02203,13.94283],[77.02266,13.94279],[77.02335,13.94193],[77.02388,13.94035],[77.03053,13.93797],[77.03663,13.93693],[77.03995,13.93372],[77.0468,13.90581],[77.044,13.90526],[77.0312,13.90523],[77.02672,13.90335],[77.022,13.90275],[77.0219,13.90126],[77.02327,13.89582],[77.02239,13.89431],[77.02041,13.89249],[77.02025,13.88847],[77.01938,13.88706],[77.0181,13.88543],[77.01596,13.88446],[77.01836,13.87226],[77.0147,13.87212],[77.01308,13.87151],[77.01185,13.86387],[77.01406,13.86033],[77.01382,13.8588],[77.0113,13.85783],[77.00554,13.85151],[77.00442,13.85257],[77.00297,13.85077],[76.99581,13.84838],[76.99219,13.84901],[76.98727,13.84913],[76.97951,13.85132],[76.96774,13.85897],[76.96606,13.8551],[76.96019,13.85441],[76.956,13.85317],[76.95444,13.85184],[76.94846,13.85065],[76.94457,13.85175],[76.93104,13.84961],[76.92968,13.84867],[76.91822,13.84955],[76.91571,13.85074],[76.91467,13.84764],[76.90907,13.8456],[76.90736,13.84141],[76.90478,13.83776],[76.90315,13.83212],[76.9038,13.82712],[76.90376,13.82339],[76.90253,13.81993],[76.89867,13.81354],[76.89866,13.81238],[76.8934,13.81183],[76.89369,13.8106],[76.88578,13.80878],[76.88446,13.8091],[76.87998,13.80796],[76.87484,13.80755],[76.87553,13.81538],[76.876,13.81636],[76.87646,13.81632],[76.87958,13.8247],[76.87946,13.82566],[76.88004,13.82632],[76.87945,13.82795],[76.87969,13.82878],[76.87861,13.8307],[76.87842,13.83537],[76.87784,13.83786],[76.8811,13.83931],[76.88325,13.84144],[76.88303,13.8468],[76.87893,13.84976],[76.87629,13.86289],[76.8755,13.86419],[76.86812,13.86849],[76.86525,13.87466],[76.85927,13.87417],[76.85916,13.88173],[76.86137,13.8921],[76.86161,13.89515],[76.86187,13.89608],[76.86501,13.89716],[76.86634,13.89929],[76.86755,13.89855],[76.8684,13.90038],[76.87178,13.90056],[76.87201,13.9027],[76.87345,13.90275],[76.87464,13.90006],[76.87546,13.89991],[76.87608,13.9011],[76.87589,13.90177],[76.87654,13.9025],[76.87649,13.90348],[76.87842,13.90725],[76.8823,13.90826],[76.88753,13.91304],[76.89168,13.91557],[76.89377,13.91358],[76.89482,13.91333],[76.90147,13.91386],[76.90168,13.91445],[76.90113,13.91477],[76.89789,13.92153],[76.89346,13.92461],[76.88884,13.92866],[76.88554,13.93277],[76.8809,13.93654],[76.87726,13.94093],[76.87707,13.94176],[76.87953,13.94731],[76.87795,13.95082],[76.87491,13.95229],[76.87212,13.9529],[76.86694,13.95496],[76.86215,13.95824],[76.85011,13.9623],[76.84838,13.9676],[76.84855,13.97925],[76.84906,13.9807],[76.84122,13.98496],[76.8394,13.98698],[76.83371,13.98941],[76.82929,13.9901],[76.82665,13.99214],[76.82344,13.99372],[76.82342,13.99581],[76.82215,14.00053],[76.82618,14.00117],[76.82954,14.00307],[76.83073,14.00266],[76.83347,14.00319],[76.83549,14.00735],[76.83642,14.01238],[76.83666,14.01786],[76.83991,14.01838],[76.84321,14.01827],[76.85679,14.01597],[76.86145,14.01441],[76.86179,14.01392],[76.8709,14.01011],[76.8728,14.0098],[76.87433,14.01374],[76.8754,14.01361],[76.87606,14.01912],[76.87978,14.01854],[76.88058,14.02406],[76.88194,14.02586],[76.88232,14.02801],[76.88688,14.03908],[76.88686,14.04646],[76.89883,14.05738],[76.90695,14.0624],[76.90978,14.06267],[76.90979,14.06381],[76.91699,14.06093],[76.91617,14.06003],[76.91689,14.05948],[76.92294,14.05661],[76.92447,14.06801],[76.92793,14.07736],[76.93468,14.08338],[76.94044,14.08683],[76.94288,14.08926],[76.9487,14.09219],[76.95037,14.09207]]]}},{"type":"Feature","properties":{"unitId":739,"unitName":"Tavarekere PS"},"geometry":{"type":"Polygon","coordinates":[[[76.84983,13.96293],[76.85011,13.9623],[76.86215,13.95824],[76.86865,13.95421],[76.87491,13.95229],[76.87795,13.95082],[76.87953,13.94731],[76.87707,13.94176],[76.87726,13.94093],[76.8809,13.93654],[76.88554,13.93277],[76.88884,13.92866],[76.89346,13.92461],[76.89789,13.92153],[76.90113,13.91477],[76.90168,13.91445],[76.90147,13.91386],[76.89482,13.91333],[76.89377,13.91358],[76.89168,13.91557],[76.88753,13.91304],[76.8823,13.90826],[76.87842,13.90725],[76.87649,13.90348],[76.87654,13.9025],[76.87589,13.90177],[76.87608,13.9011],[76.87546,13.89991],[76.87464,13.90006],[76.87345,13.90275],[76.87201,13.9027],[76.87178,13.90056],[76.8684,13.90038],[76.86755,13.89855],[76.86634,13.89929],[76.86501,13.89716],[76.86187,13.89608],[76.85916,13.88173],[76.85927,13.87417],[76.86525,13.87466],[76.86812,13.86849],[76.8755,13.86419],[76.87629,13.86289],[76.87893,13.84976],[76.88303,13.8468],[76.88325,13.84144],[76.8811,13.83931],[76.87784,13.83786],[76.87842,13.83537],[76.87861,13.8307],[76.87969,13.82878],[76.87945,13.82795],[76.88004,13.82632],[76.87946,13.82566],[76.87958,13.8247],[76.87646,13.81632],[76.876,13.81636],[76.87553,13.81538],[76.87484,13.80755],[76.87307,13.80685],[76.87285,13.795],[76.87353,13.79455],[76.87713,13.79799],[76.87871,13.79868],[76.88075,13.79835],[76.88297,13.79691],[76.88734,13.79526],[76.88784,13.7941],[76.88669,13.79082],[76.88757,13.7887],[76.88806,13.7881],[76.89192,13.78816],[76.89462,13.78709],[76.89538,13.78441],[76.89782,13.78116],[76.89777,13.77967],[76.89541,13.77743],[76.89537,13.77633],[76.87763,13.77773],[76.87549,13.76943],[76.87269,13.77035],[76.86663,13.77504],[76.86393,13.77633],[76.85694,13.78138],[76.85475,13.78658],[76.84686,13.78338],[76.84284,13.78445],[76.84237,13.78351],[76.84255,13.77996],[76.84155,13.77946],[76.84377,13.7757],[76.84407,13.77294],[76.84602,13.7695],[76.84589,13.76782],[76.84671,13.76713],[76.84562,13.76562],[76.84529,13.76423],[76.84719,13.75835],[76.84503,13.75735],[76.84446,13.75655],[76.84371,13.75208],[76.84399,13.75085],[76.84572,13.74909],[76.84594,13.74813],[76.84527,13.74613],[76.84685,13.74313],[76.84634,13.74086],[76.84804,13.73955],[76.84816,13.73888],[76.84624,13.73447],[76.83794,13.73515],[76.83135,13.73673],[76.83092,13.74381],[76.83319,13.74492],[76.83196,13.74787],[76.82367,13.7484],[76.81938,13.74816],[76.81953,13.7463],[76.81801,13.74513],[76.81792,13.74443],[76.81858,13.74346],[76.81723,13.74259],[76.81704,13.7417],[76.81513,13.74116],[76.8147,13.74012],[76.81364,13.7404],[76.81261,13.74011],[76.81248,13.73933],[76.81058,13.73931],[76.81078,13.73606],[76.80873,13.73593],[76.80658,13.73771],[76.8053,13.73762],[76.80233,13.73517],[76.80228,13.73342],[76.80132,13.73423],[76.79999,13.73416],[76.79832,13.73328],[76.79558,13.73828],[76.79422,13.73834],[76.78864,13.73651],[76.78026,13.73505],[76.77773,13.7366],[76.77527,13.73387],[76.76698,13.743],[76.76249,13.74939],[76.7517,13.74825],[76.74459,13.7481],[76.73704,13.74694],[76.73771,13.74163],[76.73433,13.74028],[76.72151,13.73799],[76.71049,13.73664],[76.71044,13.73597],[76.71695,13.72262],[76.70791,13.72609],[76.69656,13.73336],[76.68895,13.7273],[76.68392,13.72911],[76.68763,13.74582],[76.68983,13.74715],[76.68998,13.74886],[76.69146,13.75145],[76.6955,13.75523],[76.69605,13.75872],[76.69758,13.76049],[76.69498,13.76172],[76.69448,13.76329],[76.69475,13.76418],[76.69726,13.76581],[76.69745,13.76992],[76.70151,13.77515],[76.70377,13.77636],[76.70595,13.77657],[76.70731,13.77845],[76.70829,13.78237],[76.71487,13.78571],[76.71497,13.78957],[76.71533,13.79052],[76.71683,13.79157],[76.71694,13.79462],[76.71769,13.79598],[76.7196,13.79772],[76.7241,13.79979],[76.72417,13.79929],[76.7279,13.79697],[76.72693,13.794],[76.7271,13.79225],[76.7284,13.79001],[76.72941,13.78919],[76.73057,13.7841],[76.75608,13.7829],[76.75961,13.78146],[76.76465,13.78212],[76.76745,13.79334],[76.76955,13.79647],[76.76895,13.8054],[76.76577,13.81267],[76.76529,13.81636],[76.76366,13.82171],[76.76456,13.82189],[76.7666,13.83037],[76.76699,13.834],[76.76905,13.83729],[76.76579,13.83559],[76.76326,13.83494],[76.76183,13.83546],[76.75141,13.85088],[76.75096,13.85187],[76.75282,13.85379],[76.75271,13.85484],[76.75164,13.855],[76.74942,13.85377],[76.74889,13.8541],[76.74568,13.85745],[76.74065,13.86503],[76.73648,13.86854],[76.73528,13.87083],[76.73504,13.8739],[76.73115,13.88133],[76.73048,13.88094],[76.72883,13.8815],[76.72296,13.89059],[76.72124,13.89522],[76.7228,13.89875],[76.73614,13.90337],[76.75256,13.90696],[76.75164,13.91046],[76.74941,13.91576],[76.7517,13.91922],[76.762,13.92115],[76.76256,13.92326],[76.76228,13.92357],[76.76385,13.92444],[76.76406,13.92366],[76.7711,13.92389],[76.77384,13.92464],[76.77928,13.92437],[76.78683,13.92211],[76.79136,13.92132],[76.80157,13.91618],[76.80927,13.91484],[76.81158,13.9148],[76.81503,13.91556],[76.81519,13.91735],[76.81382,13.9289],[76.8142,13.93649],[76.81966,13.937],[76.81955,13.93876],[76.82113,13.94022],[76.82232,13.95055],[76.82873,13.95292],[76.83407,13.95731],[76.83935,13.96039],[76.84192,13.9625],[76.84336,13.96238],[76.84924,13.96484],[76.84983,13.96293]]]}},{"type":"Feature","properties":{"unitId":740,"unitName":"Kallambella PS"},"geometry":{"type":"Polygon","coordinates":[[[76.96066,13.71719],[76.96412,13.71551],[76.96319,13.70984],[76.96356,13.70768],[76.96607,13.70264],[76.96512,13.7002],[76.97089,13.69529],[76.98364,13.69037],[76.98665,13.68841],[76.99152,13.68336],[76.999,13.67994],[77.00126,13.67998],[77.00367,13.67814],[77.0074,13.67686],[77.00724,13.67546],[77.01539,13.67491],[77.02044,13.67352],[77.02405,13.67316],[77.02634,13.64879],[77.02541,13.64712],[77.02419,13.64187],[77.02467,13.63803],[77.02588,13.6369],[77.02696,13.63374],[77.02909,13.62446],[77.02985,13.61248],[77.03076,13.60907],[77.03105,13.59463],[77.02462,13.58259],[77.02321,13.57584],[77.02741,13.57371],[77.0391,13.57015],[77.03467,13.56263],[77.03673,13.55839],[77.03788,13.55798],[77.03791,13.55688],[77.04283,13.55244],[77.04706,13.54948],[77.04672,13.54717],[77.047,13.54381],[77.04746,13.54369],[77.0478,13.54141],[77.04825,13.54137],[77.04799,13.53931],[77.04862,13.53696],[77.04077,13.53979],[77.03965,13.53975],[77.03894,13.54038],[77.0371,13.53898],[77.03529,13.5386],[77.03486,13.53687],[77.03407,13.53673],[77.03377,13.5372],[77.03087,13.53483],[77.02718,13.53387],[77.02696,13.53347],[77.02779,13.53304],[77.02731,13.53147],[77.02628,13.5316],[77.02395,13.53273],[77.0225,13.53427],[77.01891,13.53449],[77.01226,13.53594],[77.00988,13.53577],[77.01237,13.54225],[77.004,13.54223],[77.00097,13.54293],[77.001,13.53674],[76.99731,13.53817],[77.00015,13.53233],[77.00008,13.52737],[76.9924,13.52817],[76.99219,13.51583],[76.99534,13.51473],[76.99571,13.51329],[76.99701,13.51403],[76.98846,13.50273],[76.98067,13.49916],[76.97557,13.49584],[76.97304,13.49338],[76.97166,13.49351],[76.965,13.48836],[76.95455,13.49166],[76.94469,13.49388],[76.94151,13.49383],[76.93696,13.49167],[76.93397,13.49081],[76.9214,13.49391],[76.92278,13.49789],[76.92423,13.50632],[76.92297,13.51134],[76.92302,13.51367],[76.92229,13.51443],[76.92264,13.51815],[76.92037,13.52072],[76.92158,13.52256],[76.92171,13.52514],[76.92248,13.52694],[76.92355,13.52859],[76.92436,13.52892],[76.92495,13.53153],[76.92653,13.53315],[76.92629,13.53371],[76.92696,13.53462],[76.92673,13.53539],[76.92623,13.53545],[76.92624,13.53774],[76.92783,13.53891],[76.92731,13.54273],[76.92645,13.54283],[76.92645,13.54382],[76.92404,13.54453],[76.92316,13.5476],[76.92166,13.54943],[76.92148,13.55287],[76.92039,13.5555],[76.9173,13.5582],[76.91664,13.56011],[76.91407,13.56144],[76.91278,13.56279],[76.91196,13.56494],[76.9096,13.56523],[76.90849,13.56397],[76.90826,13.56428],[76.90511,13.56298],[76.90197,13.5632],[76.90149,13.56278],[76.89783,13.56261],[76.89624,13.56306],[76.89645,13.56395],[76.8955,13.56561],[76.89439,13.56528],[76.89314,13.56643],[76.8923,13.56527],[76.88962,13.56435],[76.88451,13.5642],[76.88242,13.56237],[76.8724,13.56514],[76.863,13.56467],[76.85544,13.56667],[76.86002,13.57061],[76.85885,13.57958],[76.85661,13.58356],[76.85875,13.58391],[76.86062,13.59196],[76.86432,13.59296],[76.86395,13.59696],[76.86146,13.59806],[76.85751,13.59837],[76.85636,13.59928],[76.83164,13.59848],[76.8289,13.61188],[76.83544,13.62271],[76.84549,13.62307],[76.84952,13.62243],[76.86212,13.62326],[76.86348,13.62299],[76.86489,13.62605],[76.86667,13.62544],[76.87552,13.62521],[76.87614,13.62726],[76.87542,13.62979],[76.87593,13.6316],[76.87505,13.6334],[76.87344,13.63408],[76.87325,13.63476],[76.8734,13.63565],[76.87511,13.63675],[76.87515,13.63726],[76.87448,13.63797],[76.85828,13.63518],[76.85562,13.63561],[76.84998,13.63547],[76.83188,13.63241],[76.82951,13.63437],[76.82836,13.63708],[76.83413,13.63741],[76.83603,13.63893],[76.83586,13.64159],[76.83864,13.65137],[76.84236,13.65393],[76.84709,13.65464],[76.8508,13.65575],[76.84999,13.65815],[76.85205,13.65864],[76.85591,13.66063],[76.86004,13.66199],[76.86664,13.66276],[76.86691,13.6651],[76.87079,13.66422],[76.87606,13.66578],[76.87982,13.66284],[76.88373,13.66235],[76.88908,13.66095],[76.88923,13.66251],[76.8919,13.66827],[76.89233,13.67183],[76.8974,13.67989],[76.89835,13.68341],[76.89874,13.68742],[76.89725,13.6879],[76.89837,13.69055],[76.89925,13.69928],[76.9016,13.7044],[76.91437,13.70503],[76.91612,13.70611],[76.91749,13.70997],[76.92088,13.71015],[76.9237,13.71127],[76.92463,13.71085],[76.92663,13.71111],[76.92887,13.71236],[76.92793,13.70388],[76.93034,13.70388],[76.93031,13.70354],[76.93217,13.70317],[76.93303,13.70346],[76.9327,13.70398],[76.93669,13.70438],[76.93924,13.70526],[76.94365,13.7049],[76.94307,13.70398],[76.94459,13.70186],[76.95625,13.70221],[76.95592,13.70302],[76.95693,13.70719],[76.95273,13.71104],[76.95117,13.71317],[76.95082,13.71561],[76.9575,13.71768],[76.96066,13.71719]],[[76.87011,13.64779],[76.86975,13.64758],[76.87145,13.6466],[76.87164,13.64376],[76.87372,13.64189],[76.87403,13.63956],[76.87518,13.63957],[76.87605,13.6389],[76.87833,13.63315],[76.88134,13.63243],[76.88207,13.6344],[76.88222,13.6391],[76.88631,13.63982],[76.88633,13.6421],[76.87871,13.64423],[76.87704,13.64414],[76.87743,13.64748],[76.87262,13.64894],[76.87011,13.64779]]]}},{"type":"Feature","properties":{"unitId":741,"unitName":"Chelur PS"},"geometry":{"type":"Polygon","coordinates":[[[76.89359,13.56618],[76.89439,13.56528],[76.8955,13.56561],[76.89645,13.56395],[76.89624,13.56306],[76.89783,13.56261],[76.90149,13.56278],[76.90197,13.5632],[76.90511,13.56298],[76.90826,13.56428],[76.90849,13.56397],[76.9096,13.56523],[76.91196,13.56494],[76.91278,13.56279],[76.91407,13.56144],[76.91664,13.56011],[76.9173,13.5582],[76.92039,13.5555],[76.92148,13.55287],[76.92166,13.54943],[76.92316,13.5476],[76.92404,13.54453],[76.92645,13.54382],[76.92645,13.54283],[76.92731,13.54273],[76.92783,13.53891],[76.92624,13.53774],[76.92623,13.53545],[76.92673,13.53539],[76.92696,13.53462],[76.92629,13.53371],[76.92653,13.53315],[76.92495,13.53153],[76.92436,13.52892],[76.92355,13.52859],[76.92248,13.52694],[76.92171,13.52514],[76.92158,13.52256],[76.92037,13.52072],[76.92264,13.51815],[76.92229,13.51443],[76.92302,13.51367],[76.92297,13.51134],[76.92423,13.50632],[76.92278,13.49789],[76.9214,13.49391],[76.93397,13.49081],[76.93696,13.49167],[76.94151,13.49383],[76.94469,13.49388],[76.95881,13.49048],[76.9649,13.48845],[76.9726,13.4797],[76.9729,13.47142],[76.97479,13.4707],[76.97624,13.46935],[76.97635,13.4644],[76.97549,13.45413],[76.9764,13.45131],[76.97691,13.45114],[76.97681,13.45042],[76.97744,13.44999],[76.97731,13.44539],[76.9792,13.44485],[76.97943,13.44142],[76.98509,13.44076],[76.98487,13.43725],[76.98637,13.43711],[76.98625,13.4359],[76.98837,13.43541],[76.98786,13.43271],[76.98835,13.43148],[76.98796,13.42923],[76.99182,13.42819],[76.99118,13.41715],[76.9886,13.41731],[76.98794,13.41562],[76.9885,13.40866],[76.99282,13.40789],[76.99709,13.40588],[76.9972,13.40537],[76.99727,13.40396],[76.99323,13.40251],[76.99056,13.4023],[76.99078,13.39964],[76.99549,13.40027],[76.99576,13.39621],[76.99731,13.39604],[76.99726,13.39507],[76.99481,13.39117],[76.99594,13.38582],[76.99493,13.38563],[76.99552,13.38333],[76.99637,13.3834],[76.99648,13.38259],[76.99571,13.38257],[76.99534,13.38162],[76.99553,13.37868],[76.99391,13.37809],[76.99402,13.37451],[76.9929,13.3742],[76.99285,13.36847],[76.99397,13.36846],[76.9926,13.36618],[76.9915,13.36053],[76.99065,13.3607],[76.99078,13.35947],[76.98765,13.35941],[76.9867,13.35858],[76.98751,13.36367],[76.98467,13.36425],[76.98404,13.36296],[76.98164,13.36412],[76.98098,13.36746],[76.98132,13.36779],[76.98105,13.3728],[76.97817,13.37343],[76.97849,13.37599],[76.97289,13.37583],[76.9728,13.37804],[76.9711,13.38393],[76.97091,13.38636],[76.96654,13.38807],[76.96451,13.38961],[76.95637,13.38913],[76.95634,13.3886],[76.95681,13.38857],[76.95797,13.38517],[76.96247,13.38508],[76.96329,13.38007],[76.96306,13.3756],[76.96341,13.3725],[76.95886,13.37192],[76.95901,13.37141],[76.95526,13.37219],[76.9482,13.37191],[76.94429,13.37288],[76.94429,13.37404],[76.94104,13.37389],[76.94168,13.372],[76.94079,13.37162],[76.94119,13.36821],[76.94081,13.36677],[76.9364,13.35898],[76.93389,13.35684],[76.93131,13.35609],[76.9274,13.35654],[76.92013,13.36024],[76.9182,13.36422],[76.91804,13.36728],[76.91111,13.37004],[76.91041,13.37278],[76.91005,13.37734],[76.90702,13.3775],[76.90651,13.38353],[76.90588,13.38365],[76.90599,13.38703],[76.9039,13.39377],[76.90357,13.39738],[76.90621,13.40181],[76.90438,13.40415],[76.90261,13.40286],[76.89717,13.40141],[76.89567,13.39931],[76.89385,13.40501],[76.88075,13.4086],[76.87599,13.41106],[76.87164,13.41397],[76.86552,13.41656],[76.86567,13.417],[76.86257,13.41713],[76.86291,13.41929],[76.86121,13.41903],[76.85973,13.42245],[76.85816,13.4299],[76.85889,13.43653],[76.86053,13.43641],[76.86086,13.43864],[76.86112,13.44281],[76.86069,13.44886],[76.86007,13.44889],[76.85903,13.45497],[76.85763,13.45582],[76.85785,13.45736],[76.85691,13.45741],[76.85586,13.45678],[76.85219,13.45694],[76.84996,13.45629],[76.84591,13.4577],[76.84375,13.45928],[76.84114,13.46003],[76.83147,13.46081],[76.83317,13.4688],[76.82076,13.47448],[76.80926,13.48286],[76.80808,13.49329],[76.805,13.5114],[76.81583,13.50642],[76.82626,13.50857],[76.83901,13.50843],[76.8435,13.5075],[76.84334,13.50454],[76.84738,13.5036],[76.8512,13.50205],[76.86001,13.50086],[76.86388,13.50104],[76.86367,13.50826],[76.86272,13.51036],[76.86121,13.51898],[76.86413,13.51966],[76.86426,13.52192],[76.86338,13.52564],[76.8651,13.52976],[76.8672,13.5369],[76.86908,13.53995],[76.86901,13.54287],[76.86954,13.54483],[76.86936,13.54901],[76.86814,13.5494],[76.86921,13.55166],[76.87051,13.55928],[76.86968,13.56515],[76.8724,13.56514],[76.88242,13.56237],[76.88451,13.5642],[76.88962,13.56435],[76.8923,13.56527],[76.89314,13.56643],[76.89359,13.56618]]]}},{"type":"Feature","properties":{"unitId":742,"unitName":"Gubbi PS"},"geometry":{"type":"MultiPolygon","coordinates":[[[[76.83201,13.58703],[76.8324,13.58511],[76.85066,13.58697],[76.85412,13.58688],[76.85885,13.57958],[76.86002,13.57061],[76.85544,13.56667],[76.863,13.56467],[76.86968,13.56515],[76.87051,13.55928],[76.86921,13.55166],[76.86814,13.5494],[76.86936,13.54901],[76.86954,13.54483],[76.86901,13.54287],[76.86908,13.53995],[76.8672,13.5369],[76.8651,13.52976],[76.86338,13.52564],[76.86426,13.52192],[76.86413,13.51966],[76.86121,13.51898],[76.86272,13.51036],[76.86367,13.50826],[76.86388,13.50104],[76.86001,13.50086],[76.8512,13.50205],[76.84738,13.5036],[76.84334,13.50454],[76.8435,13.5075],[76.83901,13.50843],[76.82626,13.50857],[76.81583,13.50642],[76.805,13.5114],[76.80808,13.49329],[76.80926,13.48286],[76.82076,13.47448],[76.83317,13.4688],[76.83147,13.46081],[76.84114,13.46003],[76.84375,13.45928],[76.84591,13.4577],[76.84996,13.45629],[76.85219,13.45694],[76.85586,13.45678],[76.85691,13.45741],[76.85785,13.45736],[76.85763,13.45582],[76.85903,13.45497],[76.86007,13.44889],[76.86069,13.44886],[76.86112,13.44281],[76.86086,13.43864],[76.86053,13.43641],[76.85889,13.43653],[76.85816,13.4299],[76.85973,13.42245],[76.86121,13.41903],[76.86291,13.41929],[76.86257,13.41713],[76.86567,13.417],[76.86552,13.41656],[76.87164,13.41397],[76.87599,13.41106],[76.88075,13.4086],[76.89385,13.40501],[76.89567,13.39931],[76.89717,13.40141],[76.90261,13.40286],[76.90438,13.40415],[76.90621,13.40181],[76.90357,13.39738],[76.9039,13.39377],[76.90599,13.38703],[76.90588,13.38365],[76.90651,13.38353],[76.90702,13.3775],[76.91005,13.37734],[76.91041,13.37278],[76.91111,13.37004],[76.91804,13.36728],[76.9182,13.36422],[76.92013,13.36024],[76.9274,13.35654],[76.93131,13.35609],[76.93389,13.35684],[76.9364,13.35898],[76.94081,13.36677],[76.94119,13.36821],[76.94079,13.37162],[76.94168,13.372],[76.94104,13.37389],[76.94429,13.37404],[76.94429,13.37288],[76.9482,13.37191],[76.95526,13.37219],[76.95901,13.37141],[76.95886,13.37192],[76.96341,13.3725],[76.96306,13.3756],[76.96329,13.38007],[76.96247,13.38508],[76.95797,13.38517],[76.95681,13.38857],[76.95634,13.3886],[76.95637,13.38913],[76.96451,13.38961],[76.96654,13.38807],[76.97091,13.38636],[76.9711,13.38393],[76.9728,13.37804],[76.97289,13.37583],[76.97849,13.37599],[76.97817,13.37343],[76.98105,13.3728],[76.98132,13.36779],[76.98098,13.36746],[76.98164,13.36412],[76.98404,13.36296],[76.98467,13.36425],[76.98751,13.36367],[76.9867,13.35858],[76.98765,13.35941],[76.99078,13.35947],[76.99112,13.35728],[76.99448,13.35191],[76.99811,13.34913],[76.99843,13.34844],[76.99934,13.34845],[76.99915,13.347],[76.99854,13.34644],[76.99968,13.34115],[77.00312,13.34126],[77.00501,13.3379],[77.00436,13.33289],[77.00257,13.32975],[77.00046,13.32339],[76.99801,13.32411],[76.99786,13.31862],[76.9985,13.3185],[76.99834,13.31748],[77.00024,13.31759],[77.00021,13.31626],[76.99899,13.31152],[76.99844,13.30603],[76.99736,13.30273],[76.9876,13.30058],[76.98612,13.2961],[76.98751,13.28916],[76.98393,13.28638],[76.98269,13.28155],[76.98197,13.28153],[76.98245,13.28078],[76.97939,13.27619],[76.97862,13.27405],[76.98193,13.27277],[76.98243,13.2689],[76.9815,13.26645],[76.97926,13.26629],[76.97981,13.26295],[76.97756,13.26324],[76.97765,13.26191],[76.98322,13.26192],[76.98307,13.26668],[76.99004,13.26876],[76.99432,13.26839],[76.99432,13.26687],[76.99577,13.26686],[76.99538,13.26565],[76.99645,13.26117],[76.99588,13.25449],[76.99636,13.25286],[76.99442,13.25134],[76.98918,13.24976],[76.98904,13.24529],[76.99229,13.2417],[76.99457,13.24137],[76.99368,13.23812],[76.99128,13.23835],[76.99075,13.23713],[76.98665,13.23778],[76.985,13.23266],[76.98305,13.23323],[76.98377,13.22215],[76.98431,13.22089],[76.98439,13.21499],[76.98611,13.20843],[76.98326,13.20791],[76.97787,13.20553],[76.97939,13.20187],[76.9785,13.1921],[76.97595,13.18762],[76.97482,13.18792],[76.97471,13.18594],[76.97276,13.18547],[76.96558,13.18789],[76.96542,13.18334],[76.96351,13.1821],[76.96005,13.18091],[76.94577,13.18258],[76.94671,13.18468],[76.94396,13.18535],[76.94361,13.18863],[76.943,13.18862],[76.94281,13.18986],[76.94168,13.18977],[76.94103,13.19079],[76.94026,13.19086],[76.94026,13.19148],[76.93942,13.19166],[76.93757,13.19635],[76.93366,13.1967],[76.93331,13.1946],[76.93193,13.19496],[76.93174,13.19452],[76.9307,13.19448],[76.93067,13.19253],[76.92871,13.19133],[76.92878,13.19034],[76.92689,13.19024],[76.9262,13.19516],[76.92486,13.19663],[76.92057,13.19759],[76.92028,13.19617],[76.921,13.19274],[76.91978,13.1901],[76.91045,13.19091],[76.90691,13.18866],[76.90735,13.18464],[76.9086,13.18464],[76.90865,13.18272],[76.90774,13.18009],[76.91044,13.17396],[76.90553,13.17383],[76.90559,13.17263],[76.90312,13.1719],[76.89396,13.17106],[76.89342,13.17557],[76.89301,13.17555],[76.8944,13.17775],[76.89383,13.17801],[76.89481,13.18153],[76.89195,13.18255],[76.88886,13.1808],[76.88863,13.17984],[76.88958,13.17944],[76.88912,13.17641],[76.88836,13.17657],[76.88322,13.17452],[76.88049,13.16736],[76.87897,13.16468],[76.87811,13.16439],[76.878,13.1635],[76.87447,13.16461],[76.87442,13.16658],[76.87395,13.16668],[76.87358,13.16926],[76.86679,13.16916],[76.86466,13.16954],[76.86407,13.16898],[76.86262,13.16183],[76.86244,13.15633],[76.86295,13.15637],[76.86309,13.15355],[76.86258,13.15263],[76.85927,13.15319],[76.85858,13.15051],[76.85621,13.14886],[76.85537,13.151],[76.85001,13.1508],[76.84756,13.15115],[76.84657,13.14773],[76.84658,13.14499],[76.84131,13.14546],[76.83989,13.14492],[76.83627,13.14497],[76.83554,13.14416],[76.83537,13.14229],[76.83669,13.14016],[76.83674,13.13893],[76.83612,13.13944],[76.83131,13.13992],[76.82853,13.14071],[76.82749,13.15144],[76.82643,13.15709],[76.82447,13.15979],[76.82012,13.16002],[76.81276,13.16182],[76.80706,13.16125],[76.80399,13.16155],[76.80368,13.17314],[76.8042,13.17831],[76.80343,13.17822],[76.80253,13.17903],[76.8015,13.17919],[76.8006,13.17831],[76.79957,13.17941],[76.80025,13.18751],[76.80085,13.18931],[76.79969,13.19672],[76.79621,13.19664],[76.7979,13.19766],[76.79801,13.20294],[76.79716,13.20767],[76.79985,13.21152],[76.80134,13.21102],[76.80486,13.21247],[76.81443,13.21315],[76.81379,13.21611],[76.81468,13.21635],[76.81464,13.21742],[76.81885,13.2165],[76.8234,13.21627],[76.82364,13.2183],[76.82597,13.21763],[76.82716,13.21788],[76.83069,13.21742],[76.83132,13.21813],[76.83108,13.21848],[76.83268,13.21887],[76.83272,13.2205],[76.83325,13.22068],[76.83476,13.22426],[76.83962,13.22451],[76.8388,13.23424],[76.83555,13.23476],[76.83516,13.23886],[76.83577,13.24406],[76.83551,13.24568],[76.83459,13.24565],[76.83457,13.24785],[76.83115,13.24717],[76.83004,13.25621],[76.82432,13.25466],[76.82446,13.25235],[76.825,13.25228],[76.82511,13.25146],[76.82434,13.25092],[76.82354,13.25106],[76.82346,13.25224],[76.82297,13.25225],[76.82228,13.25338],[76.82138,13.25288],[76.82138,13.24864],[76.82082,13.24697],[76.82015,13.24689],[76.82002,13.24631],[76.81345,13.24746],[76.80482,13.24719],[76.80509,13.25544],[76.80384,13.25536],[76.80234,13.26614],[76.80104,13.26911],[76.79871,13.26844],[76.79624,13.26855],[76.78583,13.27019],[76.78493,13.26802],[76.78142,13.26773],[76.77822,13.27181],[76.77655,13.27685],[76.77563,13.278],[76.77212,13.27838],[76.77176,13.28423],[76.77011,13.28413],[76.77005,13.28371],[76.76837,13.28392],[76.76836,13.28486],[76.76769,13.28557],[76.76365,13.28582],[76.76179,13.29389],[76.76182,13.29572],[76.74822,13.29464],[76.74266,13.29319],[76.74109,13.30558],[76.73801,13.30843],[76.736,13.30642],[76.73194,13.30709],[76.72015,13.30777],[76.7191,13.30863],[76.71822,13.31072],[76.719,13.31077],[76.71784,13.31434],[76.71553,13.31415],[76.71074,13.31526],[76.70995,13.31657],[76.71044,13.32054],[76.71018,13.32315],[76.71137,13.32607],[76.71076,13.3287],[76.7096,13.33016],[76.71017,13.33244],[76.71201,13.33342],[76.71667,13.33151],[76.71668,13.33293],[76.72019,13.34149],[76.71735,13.34726],[76.71047,13.35042],[76.70654,13.35039],[76.70611,13.3563],[76.70701,13.36655],[76.70803,13.36683],[76.70748,13.36936],[76.70887,13.37035],[76.70882,13.37189],[76.71338,13.37294],[76.71267,13.37592],[76.70848,13.38667],[76.70309,13.40261],[76.71547,13.40262],[76.72233,13.39932],[76.72238,13.39889],[76.72817,13.39944],[76.72573,13.40236],[76.72657,13.40527],[76.72809,13.40665],[76.72802,13.40751],[76.73063,13.40822],[76.73603,13.41076],[76.7381,13.41227],[76.73988,13.4093],[76.74738,13.41164],[76.75797,13.41744],[76.75968,13.41911],[76.75955,13.42024],[76.75744,13.423],[76.75786,13.42311],[76.75641,13.42378],[76.75615,13.42504],[76.75344,13.42774],[76.75335,13.42848],[76.75433,13.43028],[76.75212,13.4305],[76.75287,13.43255],[76.75179,13.434],[76.75047,13.43355],[76.75049,13.43692],[76.7493,13.43725],[76.74954,13.43923],[76.74888,13.43944],[76.75195,13.43992],[76.75902,13.4421],[76.75743,13.45105],[76.75074,13.45146],[76.74464,13.45358],[76.74091,13.4558],[76.73631,13.45714],[76.73673,13.45854],[76.73651,13.45969],[76.73565,13.45981],[76.73477,13.45931],[76.73399,13.45712],[76.73423,13.45823],[76.73125,13.46184],[76.72918,13.46883],[76.73084,13.46968],[76.73171,13.47151],[76.73072,13.47318],[76.73218,13.47636],[76.73117,13.47648],[76.73011,13.47758],[76.72997,13.47902],[76.731,13.47992],[76.73009,13.48177],[76.73102,13.48307],[76.72976,13.48352],[76.72962,13.48445],[76.72962,13.48601],[76.73031,13.48727],[76.7295,13.48899],[76.7301,13.49096],[76.72957,13.49292],[76.72973,13.49469],[76.72909,13.49627],[76.72976,13.49729],[76.72833,13.49834],[76.72738,13.5033],[76.72442,13.5047],[76.72502,13.50635],[76.72482,13.50877],[76.72562,13.50871],[76.72596,13.50953],[76.72364,13.5108],[76.72343,13.51293],[76.72008,13.5128],[76.71901,13.51155],[76.71663,13.51221],[76.71599,13.51326],[76.71439,13.51278],[76.71322,13.51307],[76.71164,13.51468],[76.71293,13.51623],[76.71284,13.5174],[76.71071,13.5174],[76.70919,13.51896],[76.70833,13.51913],[76.70803,13.51872],[76.70695,13.52063],[76.70497,13.52123],[76.70468,13.5223],[76.70347,13.52367],[76.70395,13.52608],[76.70366,13.52845],[76.69938,13.5305],[76.69978,13.53221],[76.69929,13.5339],[76.69965,13.53497],[76.69871,13.53569],[76.69761,13.53566],[76.69663,13.53924],[76.69747,13.54127],[76.70143,13.54391],[76.70499,13.54495],[76.71209,13.54999],[76.70979,13.56221],[76.70454,13.58195],[76.7235,13.57864],[76.72313,13.57581],[76.72449,13.57572],[76.72525,13.57836],[76.74228,13.5834],[76.74775,13.58277],[76.75571,13.58409],[76.75873,13.58508],[76.76085,13.58711],[76.77492,13.58425],[76.77697,13.58641],[76.78248,13.58754],[76.7843,13.58679],[76.78386,13.58418],[76.78712,13.58309],[76.79004,13.5828],[76.79484,13.58336],[76.80165,13.58199],[76.81249,13.58653],[76.81978,13.58855],[76.83213,13.59294],[76.8315,13.59009],[76.83201,13.58703]]],[[[76.76681,13.28132],[76.767,13.28088],[76.77101,13.28085],[76.77086,13.27989],[76.77157,13.27877],[76.77135,13.27504],[76.77381,13.27103],[76.77304,13.27025],[76.77052,13.26961],[76.76532,13.27387],[76.76353,13.27605],[76.76297,13.27799],[76.76399,13.27818],[76.76462,13.28092],[76.76681,13.28132]]]]}},{"type":"Feature","properties":{"unitId":743,"unitName":"Sira PS"},"geometry":{"type":"MultiPolygon","coordinates":[[[[76.97433,13.85457],[76.97951,13.85132],[76.98727,13.84913],[76.99245,13.84896],[76.99189,13.84361],[76.99018,13.83726],[76.9867,13.83196],[76.98315,13.82897],[76.97802,13.82682],[76.97635,13.81785],[76.9765,13.81694],[76.98392,13.81557],[76.98981,13.81298],[76.98968,13.81029],[76.99065,13.80772],[76.9915,13.80279],[76.99005,13.79567],[76.9894,13.79407],[76.98772,13.79254],[76.98694,13.79294],[76.98617,13.79247],[76.98488,13.79074],[76.98588,13.78989],[76.98548,13.78869],[76.98883,13.78131],[76.99158,13.77676],[76.99167,13.77327],[76.99254,13.77121],[76.99202,13.77156],[76.99374,13.76458],[76.99406,13.76047],[76.99628,13.75806],[76.99846,13.75376],[76.99599,13.75384],[76.99724,13.74764],[76.99684,13.74732],[76.99909,13.74557],[77.01354,13.73917],[77.02156,13.72264],[77.02912,13.72423],[77.02968,13.72162],[77.02932,13.71961],[77.02953,13.70963],[77.02788,13.70757],[77.02399,13.70639],[77.01962,13.70654],[77.01334,13.70501],[77.01207,13.70441],[77.01145,13.70301],[77.00877,13.70054],[77.0099,13.69914],[77.00973,13.6901],[77.01175,13.68054],[77.01421,13.6802],[77.01429,13.67737],[77.01539,13.67491],[77.00724,13.67546],[77.0074,13.67686],[77.00367,13.67814],[77.00126,13.67998],[76.999,13.67994],[76.99152,13.68336],[76.98665,13.68841],[76.98364,13.69037],[76.97312,13.69412],[76.97052,13.69558],[76.96512,13.7002],[76.96607,13.70264],[76.96356,13.70768],[76.96319,13.70984],[76.96412,13.71551],[76.96066,13.71719],[76.9575,13.71768],[76.95082,13.71561],[76.95117,13.71317],[76.95273,13.71104],[76.95693,13.70719],[76.95592,13.70302],[76.95625,13.70221],[76.94459,13.70186],[76.94307,13.70398],[76.94365,13.7049],[76.93924,13.70526],[76.93669,13.70438],[76.9327,13.70398],[76.93303,13.70346],[76.93217,13.70317],[76.93031,13.70354],[76.93034,13.70388],[76.92793,13.70388],[76.92887,13.71236],[76.92663,13.71111],[76.92463,13.71085],[76.9237,13.71127],[76.92088,13.71015],[76.91749,13.70997],[76.91612,13.70611],[76.91437,13.70503],[76.9016,13.7044],[76.89925,13.69928],[76.89837,13.69055],[76.89725,13.6879],[76.89874,13.68742],[76.89835,13.68341],[76.8974,13.67989],[76.89233,13.67183],[76.8919,13.66827],[76.88923,13.66251],[76.88908,13.66095],[76.88373,13.66235],[76.87982,13.66284],[76.87606,13.66578],[76.87079,13.66422],[76.86691,13.6651],[76.86664,13.66276],[76.86004,13.66199],[76.85591,13.66063],[76.85205,13.65864],[76.84999,13.65815],[76.8508,13.65575],[76.84709,13.65464],[76.84236,13.65393],[76.83864,13.65137],[76.83586,13.64159],[76.83603,13.63893],[76.83413,13.63741],[76.82836,13.63708],[76.82951,13.63437],[76.83188,13.63241],[76.84998,13.63547],[76.85562,13.63561],[76.85828,13.63518],[76.87448,13.63797],[76.87526,13.63707],[76.8734,13.63565],[76.87325,13.63476],[76.87344,13.63408],[76.87505,13.6334],[76.87593,13.6316],[76.87542,13.62979],[76.87614,13.62726],[76.87552,13.62521],[76.86667,13.62544],[76.86489,13.62605],[76.86348,13.62299],[76.86212,13.62326],[76.84952,13.62243],[76.84549,13.62307],[76.83544,13.62271],[76.8289,13.61188],[76.83164,13.59848],[76.85636,13.59928],[76.85751,13.59837],[76.86146,13.59806],[76.86395,13.59696],[76.86432,13.59296],[76.86062,13.59196],[76.85875,13.58391],[76.85661,13.58356],[76.85412,13.58688],[76.85066,13.58697],[76.8324,13.58511],[76.8315,13.59009],[76.83213,13.59294],[76.81978,13.58855],[76.81249,13.58653],[76.80165,13.58199],[76.79484,13.58336],[76.79004,13.5828],[76.78712,13.58309],[76.78386,13.58418],[76.7843,13.58679],[76.78248,13.58754],[76.77697,13.58641],[76.77492,13.58425],[76.76085,13.58711],[76.75873,13.58508],[76.75571,13.58409],[76.74775,13.58277],[76.74228,13.5834],[76.72525,13.57836],[76.72449,13.57572],[76.72313,13.57581],[76.7235,13.57864],[76.70454,13.58195],[76.70325,13.59044],[76.69973,13.59665],[76.69951,13.5982],[76.6996,13.62441],[76.69684,13.64233],[76.67741,13.66334],[76.67743,13.66571],[76.68407,13.69089],[76.68828,13.71819],[76.68824,13.72649],[76.68951,13.72792],[76.69656,13.73336],[76.70791,13.72609],[76.71695,13.72262],[76.71044,13.73597],[76.71049,13.73664],[76.72151,13.73799],[76.73433,13.74028],[76.73771,13.74163],[76.73704,13.74694],[76.74459,13.7481],[76.7517,13.74825],[76.76249,13.74939],[76.76698,13.743],[76.77527,13.73387],[76.77773,13.7366],[76.78026,13.73505],[76.78864,13.73651],[76.79422,13.73834],[76.79558,13.73828],[76.79832,13.73328],[76.79999,13.73416],[76.80132,13.73423],[76.80228,13.73342],[76.80233,13.73517],[76.8053,13.73762],[76.80658,13.73771],[76.80873,13.73593],[76.81078,13.73606],[76.81058,13.73931],[76.81248,13.73933],[76.81261,13.74011],[76.81364,13.7404],[76.8147,13.74012],[76.81513,13.74116],[76.81704,13.7417],[76.81723,13.74259],[76.81858,13.74346],[76.81792,13.74443],[76.81801,13.74513],[76.81953,13.7463],[76.81938,13.74816],[76.82367,13.7484],[76.83196,13.74787],[76.83319,13.74492],[76.83092,13.74381],[76.83135,13.73673],[76.83794,13.73515],[76.84624,13.73447],[76.84816,13.73888],[76.84804,13.73955],[76.84634,13.74086],[76.84685,13.74313],[76.84527,13.74613],[76.84594,13.74813],[76.84572,13.74909],[76.84399,13.75085],[76.84371,13.75208],[76.84446,13.75655],[76.84503,13.75735],[76.84719,13.75835],[76.84529,13.76423],[76.84562,13.76562],[76.84671,13.76713],[76.84589,13.76782],[76.84602,13.7695],[76.84407,13.77294],[76.84377,13.7757],[76.84155,13.77946],[76.84255,13.77996],[76.84237,13.78351],[76.84284,13.78445],[76.84686,13.78338],[76.85475,13.78658],[76.85694,13.78138],[76.86393,13.77633],[76.86663,13.77504],[76.87269,13.77035],[76.87549,13.76943],[76.87763,13.77773],[76.89537,13.77633],[76.89541,13.77743],[76.89777,13.77967],[76.89782,13.78116],[76.89538,13.78441],[76.89462,13.78709],[76.89192,13.78816],[76.88806,13.7881],[76.88757,13.7887],[76.88669,13.79082],[76.88784,13.7941],[76.88734,13.79526],[76.88297,13.79691],[76.88075,13.79835],[76.87871,13.79868],[76.87713,13.79799],[76.87353,13.79455],[76.87285,13.795],[76.87307,13.80685],[76.87611,13.80786],[76.87998,13.80796],[76.88446,13.8091],[76.88578,13.80878],[76.89369,13.8106],[76.8934,13.81183],[76.89866,13.81238],[76.89867,13.81354],[76.90253,13.81993],[76.90376,13.82339],[76.9038,13.82712],[76.90315,13.83212],[76.90478,13.83776],[76.90736,13.84141],[76.90907,13.8456],[76.91467,13.84764],[76.91571,13.85074],[76.91822,13.84955],[76.92968,13.84867],[76.93104,13.84961],[76.94457,13.85175],[76.94846,13.85065],[76.95444,13.85184],[76.956,13.85317],[76.96019,13.85441],[76.96606,13.8551],[76.96774,13.85897],[76.97433,13.85457]]],[[[76.87575,13.64801],[76.87743,13.64748],[76.87704,13.64414],[76.87871,13.64423],[76.88633,13.6421],[76.88631,13.63982],[76.88222,13.6391],[76.88207,13.6344],[76.88134,13.63243],[76.87833,13.63315],[76.87605,13.6389],[76.87518,13.63957],[76.87403,13.63956],[76.87339,13.6425],[76.87164,13.64376],[76.87145,13.6466],[76.86975,13.64758],[76.87262,13.64894],[76.87575,13.64801]]]]}},{"type":"Feature","properties":{"unitId":744,"unitName":"HebburuPS"},"geometry":{"type":"Polygon","coordinates":[[[76.99742,13.30047],[76.99806,13.30065],[76.99842,13.29988],[77.00324,13.30016],[77.00568,13.29929],[77.00565,13.29757],[77.00645,13.29738],[77.00592,13.29503],[77.00767,13.29405],[77.00939,13.29384],[77.00994,13.29578],[77.01138,13.29591],[77.01201,13.29428],[77.01255,13.29401],[77.01343,13.29434],[77.01394,13.2959],[77.0183,13.29613],[77.01801,13.29515],[77.01842,13.29402],[77.0188,13.29339],[77.01993,13.2933],[77.01959,13.28999],[77.02108,13.28947],[77.02117,13.28887],[77.0227,13.28794],[77.02265,13.28736],[77.02427,13.28653],[77.02379,13.28573],[77.02652,13.28459],[77.03017,13.28431],[77.02972,13.28223],[77.03017,13.27812],[77.03078,13.27854],[77.03319,13.27847],[77.03903,13.2805],[77.04899,13.28103],[77.05088,13.28049],[77.0503,13.2791],[77.04883,13.26976],[77.04852,13.26919],[77.04794,13.26926],[77.04772,13.26828],[77.04723,13.26252],[77.05053,13.25551],[77.05289,13.2538],[77.05596,13.24454],[77.06625,13.24432],[77.06612,13.24307],[77.06739,13.24152],[77.06776,13.23932],[77.06459,13.23411],[77.0711,13.23257],[77.07043,13.22776],[77.07662,13.22526],[77.07629,13.2243],[77.08489,13.22044],[77.08507,13.21998],[77.08608,13.21983],[77.08567,13.21965],[77.08801,13.21893],[77.08947,13.22161],[77.09149,13.22096],[77.09076,13.2171],[77.09097,13.2136],[77.09215,13.20971],[77.09437,13.20537],[77.09586,13.20413],[77.09837,13.20316],[77.09818,13.20126],[77.10016,13.19935],[77.10209,13.19811],[77.10733,13.19625],[77.11269,13.19549],[77.11344,13.19774],[77.11534,13.19788],[77.11588,13.19466],[77.11936,13.19322],[77.12305,13.19308],[77.1238,13.18911],[77.12321,13.18612],[77.12665,13.18492],[77.12689,13.18398],[77.13152,13.18141],[77.1341,13.17905],[77.1385,13.17771],[77.13546,13.1704],[77.13456,13.17059],[77.13238,13.16707],[77.13108,13.16604],[77.13031,13.16625],[77.12893,13.16424],[77.12696,13.16432],[77.12683,13.16353],[77.12618,13.16344],[77.12329,13.16387],[77.12264,13.1631],[77.11876,13.16343],[77.11873,13.15817],[77.12013,13.15251],[77.11868,13.14739],[77.11916,13.14739],[77.11902,13.14679],[77.11799,13.14672],[77.11786,13.14603],[77.11724,13.14615],[77.11568,13.14181],[77.11821,13.14097],[77.11662,13.1328],[77.11582,13.13119],[77.11265,13.13259],[77.11184,13.13369],[77.10941,13.13354],[77.10951,13.13483],[77.10684,13.13522],[77.10709,13.13853],[77.10815,13.13856],[77.10833,13.13943],[77.1078,13.14434],[77.10508,13.14478],[77.10523,13.14534],[77.1044,13.14571],[77.10387,13.14568],[77.10341,13.1446],[77.0958,13.14618],[77.0937,13.14149],[77.0921,13.13579],[77.08335,13.13656],[77.07928,13.13347],[77.07656,13.1349],[77.07431,13.13433],[77.07292,13.1332],[77.06922,13.13431],[77.06329,13.13312],[77.06322,13.1311],[77.05832,13.13051],[77.05791,13.12833],[77.05448,13.12874],[77.05415,13.1234],[77.0464,13.12175],[77.04403,13.12078],[77.04369,13.12003],[77.04017,13.12014],[77.03831,13.12115],[77.03816,13.12464],[77.03122,13.1262],[77.02915,13.12743],[77.02692,13.12959],[77.02417,13.13006],[77.02311,13.12562],[77.02257,13.11884],[77.02083,13.11418],[77.01795,13.11176],[77.01759,13.11092],[77.01308,13.11202],[77.00902,13.1139],[77.00515,13.11498],[77.0018,13.12803],[76.99974,13.12676],[76.99661,13.12588],[76.99577,13.12399],[76.98833,13.12631],[76.98429,13.12867],[76.98212,13.13163],[76.98098,13.13516],[76.9801,13.14072],[76.98038,13.14562],[76.97684,13.14625],[76.97861,13.1519],[76.97905,13.1565],[76.97906,13.1614],[76.97819,13.16536],[76.98068,13.16591],[76.98179,13.17697],[76.98133,13.17924],[76.97755,13.17929],[76.97635,13.18237],[76.97491,13.18221],[76.97475,13.18158],[76.96977,13.18072],[76.96546,13.18086],[76.96457,13.18264],[76.96547,13.1835],[76.96558,13.18789],[76.97276,13.18547],[76.97471,13.18594],[76.97482,13.18792],[76.97595,13.18762],[76.9785,13.1921],[76.97939,13.20187],[76.97787,13.20553],[76.98326,13.20791],[76.98611,13.20843],[76.98439,13.21499],[76.98431,13.22089],[76.98377,13.22215],[76.98305,13.23323],[76.985,13.23266],[76.98665,13.23778],[76.99075,13.23713],[76.99128,13.23835],[76.99368,13.23812],[76.99457,13.24137],[76.99229,13.2417],[76.98904,13.24529],[76.98918,13.24976],[76.99442,13.25134],[76.99636,13.25286],[76.99588,13.25449],[76.99645,13.26117],[76.99538,13.26565],[76.99577,13.26686],[76.99432,13.26687],[76.99432,13.26839],[76.99004,13.26876],[76.98307,13.26668],[76.98322,13.26192],[76.97765,13.26191],[76.97756,13.26324],[76.97981,13.26295],[76.97926,13.26629],[76.9815,13.26645],[76.98243,13.2689],[76.98193,13.27277],[76.97862,13.27405],[76.97939,13.27619],[76.98245,13.28078],[76.98197,13.28153],[76.98269,13.28155],[76.98393,13.28638],[76.98751,13.28916],[76.98612,13.2961],[76.9876,13.30058],[76.99736,13.30273],[76.99742,13.30047]],[[77.00446,13.29153],[77.00595,13.29138],[77.00615,13.29275],[77.00318,13.29326],[77.00284,13.2917],[77.00446,13.29153]]]}},{"type":"Feature","properties":{"unitId":745,"unitName":"Kolala PS"},"geometry":{"type":"Polygon","coordinates":[[[77.29378,13.47963],[77.29522,13.47911],[77.29572,13.47988],[77.29603,13.47951],[77.29748,13.4723],[77.30003,13.47066],[77.30642,13.46951],[77.31194,13.47066],[77.30976,13.46648],[77.30528,13.46605],[77.30287,13.46059],[77.30195,13.45728],[77.30213,13.45512],[77.30484,13.45081],[77.30728,13.43581],[77.31011,13.42534],[77.31316,13.42499],[77.31762,13.42732],[77.32154,13.42847],[77.32356,13.4262],[77.32432,13.42396],[77.32572,13.42284],[77.32755,13.42254],[77.32857,13.42312],[77.33348,13.42356],[77.3381,13.42506],[77.34616,13.42512],[77.34572,13.42621],[77.34341,13.42774],[77.34062,13.43052],[77.34112,13.43141],[77.34102,13.43236],[77.3396,13.43492],[77.33913,13.435],[77.33889,13.43609],[77.33623,13.43711],[77.33703,13.43899],[77.33701,13.44083],[77.33609,13.44172],[77.33664,13.44317],[77.33743,13.44362],[77.3368,13.44416],[77.33749,13.44974],[77.33881,13.45108],[77.3387,13.45226],[77.33988,13.45389],[77.34072,13.45384],[77.3425,13.45849],[77.34901,13.45732],[77.34954,13.4462],[77.3491,13.44424],[77.34957,13.44323],[77.35331,13.43911],[77.35518,13.43985],[77.35853,13.43819],[77.35982,13.43836],[77.36267,13.43595],[77.36375,13.43339],[77.36343,13.42911],[77.3651,13.42657],[77.3641,13.42308],[77.36334,13.41698],[77.3619,13.41518],[77.35633,13.41433],[77.35604,13.41484],[77.35423,13.41486],[77.34731,13.41812],[77.34548,13.4089],[77.343,13.40281],[77.3419,13.40173],[77.3419,13.39996],[77.34342,13.39712],[77.34273,13.39199],[77.34393,13.39166],[77.34369,13.38543],[77.34245,13.38418],[77.34089,13.37927],[77.34045,13.37462],[77.33918,13.37448],[77.34545,13.37368],[77.34469,13.37004],[77.34257,13.36606],[77.34305,13.36263],[77.34265,13.36278],[77.34244,13.35915],[77.34202,13.35874],[77.3424,13.35815],[77.34201,13.35827],[77.34159,13.35636],[77.3421,13.3538],[77.34165,13.35323],[77.34274,13.35091],[77.34243,13.35038],[77.34584,13.3494],[77.34389,13.33763],[77.33932,13.33427],[77.33862,13.32879],[77.33368,13.3284],[77.33227,13.32931],[77.3303,13.32945],[77.33037,13.33028],[77.32989,13.33027],[77.32827,13.32941],[77.32852,13.32834],[77.32753,13.32852],[77.32665,13.32757],[77.3253,13.32757],[77.32405,13.32622],[77.32036,13.32374],[77.31203,13.32064],[77.3112,13.31866],[77.30926,13.31907],[77.30753,13.3206],[77.3053,13.32166],[77.30094,13.32272],[77.30109,13.32525],[77.29788,13.32592],[77.2973,13.32551],[77.2957,13.32562],[77.29606,13.32648],[77.29557,13.32969],[77.29633,13.33189],[77.29698,13.3377],[77.29274,13.33778],[77.28885,13.33679],[77.28855,13.33808],[77.28815,13.33757],[77.28447,13.33813],[77.28473,13.33888],[77.28421,13.34078],[77.28305,13.33976],[77.28257,13.34239],[77.28457,13.34288],[77.28177,13.34357],[77.29129,13.35194],[77.29144,13.35429],[77.29311,13.35379],[77.29851,13.35626],[77.29885,13.35664],[77.29818,13.35816],[77.29381,13.35949],[77.29171,13.3595],[77.29044,13.35871],[77.28912,13.35861],[77.28872,13.35985],[77.28729,13.36097],[77.28284,13.3619],[77.28289,13.36289],[77.28079,13.364],[77.27954,13.36611],[77.27447,13.36754],[77.27216,13.36699],[77.27249,13.36651],[77.2721,13.36371],[77.26665,13.36491],[77.26134,13.36528],[77.26131,13.36492],[77.25986,13.36493],[77.25879,13.36431],[77.24239,13.36628],[77.24457,13.3767],[77.23828,13.37962],[77.23714,13.37957],[77.23662,13.38021],[77.21896,13.38138],[77.21999,13.38559],[77.20859,13.38689],[77.21592,13.39304],[77.22149,13.39248],[77.22947,13.39911],[77.2254,13.4011],[77.22353,13.40268],[77.22325,13.40315],[77.2236,13.40359],[77.22213,13.40449],[77.22127,13.40624],[77.21998,13.40736],[77.21733,13.4085],[77.21714,13.40986],[77.21611,13.4098],[77.21529,13.41111],[77.22377,13.4226],[77.22478,13.4225],[77.22703,13.42497],[77.22344,13.42586],[77.20863,13.42416],[77.2084,13.43076],[77.20987,13.44972],[77.21037,13.45192],[77.21206,13.45178],[77.21235,13.4525],[77.21168,13.45358],[77.21197,13.45518],[77.21293,13.45523],[77.21357,13.45853],[77.21077,13.45954],[77.21038,13.46024],[77.197,13.46282],[77.19773,13.46822],[77.19942,13.47408],[77.21312,13.47084],[77.22067,13.46698],[77.22567,13.4664],[77.23012,13.46689],[77.24087,13.46554],[77.24629,13.46458],[77.24726,13.4627],[77.2548,13.46234],[77.25836,13.46271],[77.25857,13.46199],[77.26218,13.46057],[77.27179,13.46037],[77.27172,13.46158],[77.27382,13.46885],[77.27923,13.46757],[77.28534,13.46774],[77.28478,13.47296],[77.2877,13.47682],[77.2876,13.47905],[77.29015,13.47846],[77.29152,13.48042],[77.29378,13.47963]]]}},{"type":"Feature","properties":{"unitId":746,"unitName":"Arsikere PS"},"geometry":{"type":"Polygon","coordinates":[[[77.15497,14.17757],[77.1557,14.17751],[77.16272,14.18095],[77.16074,14.17066],[77.16038,14.16534],[77.15813,14.16106],[77.16428,14.15886],[77.16597,14.157],[77.1652,14.15174],[77.16808,14.15091],[77.1688,14.15022],[77.16885,14.1487],[77.16846,14.14753],[77.16774,14.14734],[77.16723,14.14595],[77.16602,14.14509],[77.16534,14.14353],[77.16053,14.1393],[77.15901,14.13482],[77.15425,14.1383],[77.15505,14.12622],[77.15257,14.11465],[77.15332,14.11371],[77.15205,14.10965],[77.15024,14.10738],[77.15799,14.10324],[77.16821,14.10007],[77.16978,14.09913],[77.16914,14.09727],[77.16992,14.09493],[77.16925,14.09091],[77.16982,14.08719],[77.16921,14.08232],[77.16686,14.08094],[77.16331,14.07776],[77.16314,14.07548],[77.15799,14.07614],[77.15875,14.06918],[77.16102,14.06035],[77.16202,14.05834],[77.1613,14.0565],[77.16078,14.05237],[77.15874,14.05121],[77.15789,14.04936],[77.15949,14.04945],[77.15982,14.04909],[77.15898,14.04793],[77.15918,14.0441],[77.16133,14.03957],[77.16341,14.03752],[77.16756,14.03464],[77.16964,14.03529],[77.1715,14.03684],[77.17124,14.03631],[77.17254,14.03418],[77.1715,14.02962],[77.16882,14.02473],[77.17082,14.01199],[77.17229,14.00731],[77.17305,14.00093],[77.16505,14.00086],[77.16237,14.00111],[77.16002,14.0017],[77.16012,14.00201],[77.15612,14.00119],[77.15121,14.00104],[77.15072,14.00151],[77.14652,14.00212],[77.14152,14.00374],[77.14137,14.0114],[77.14182,14.01331],[77.14065,14.01531],[77.14074,14.01843],[77.13833,14.01926],[77.13662,14.02162],[77.13154,14.04324],[77.12998,14.04507],[77.12707,14.04691],[77.12583,14.04731],[77.12291,14.04722],[77.11552,14.04598],[77.10085,14.04495],[77.09686,14.04285],[77.09404,14.04226],[77.08987,14.04277],[77.07957,14.04258],[77.07567,14.04362],[77.07629,14.05351],[77.06913,14.05218],[77.06323,14.05314],[77.06051,14.05418],[77.05389,14.0545],[77.05249,14.05481],[77.05124,14.05584],[77.04254,14.05729],[77.03449,14.0564],[77.03177,14.05714],[77.02665,14.06344],[77.02552,14.06605],[77.0286,14.07782],[77.02862,14.08875],[77.02612,14.08999],[77.02432,14.08955],[77.02333,14.09092],[77.02293,14.09251],[77.0223,14.09296],[77.01965,14.09308],[77.01695,14.09483],[77.01852,14.09527],[77.01916,14.0965],[77.01822,14.09654],[77.01553,14.09855],[77.01442,14.09995],[77.01582,14.10326],[77.02051,14.10813],[77.02198,14.11118],[77.02429,14.11293],[77.02355,14.11533],[77.02283,14.11613],[77.02308,14.11729],[77.02211,14.11884],[77.02187,14.12252],[77.02591,14.1241],[77.02615,14.13019],[77.02085,14.13141],[77.02025,14.13527],[77.02083,14.14658],[77.02034,14.15128],[77.02212,14.15281],[77.02061,14.15708],[77.0262,14.17486],[77.02241,14.17749],[77.02326,14.18048],[77.03026,14.17861],[77.03372,14.17701],[77.03803,14.1762],[77.03927,14.17704],[77.04143,14.17678],[77.04135,14.17417],[77.0449,14.17258],[77.04762,14.16969],[77.05035,14.17065],[77.05042,14.16665],[77.05286,14.16768],[77.05393,14.16921],[77.05589,14.1696],[77.05628,14.17051],[77.05717,14.16683],[77.06732,14.1661],[77.07028,14.16534],[77.07299,14.16535],[77.07872,14.16676],[77.09055,14.16535],[77.09503,14.16687],[77.09543,14.16803],[77.10347,14.15847],[77.11416,14.16504],[77.11454,14.16893],[77.11766,14.16895],[77.11951,14.16843],[77.11981,14.1716],[77.1212,14.17133],[77.12196,14.17431],[77.12528,14.17584],[77.12899,14.17835],[77.13431,14.18306],[77.14116,14.17915],[77.15497,14.17757]]]}},{"type":"Feature","properties":{"unitId":747,"unitName":"C S Pura PS"},"geometry":{"type":"Polygon","coordinates":[[[76.92688,13.19029],[76.92878,13.19034],[76.92871,13.19133],[76.93067,13.19253],[76.9307,13.19448],[76.93174,13.19452],[76.93193,13.19496],[76.93331,13.1946],[76.93366,13.1967],[76.93706,13.19659],[76.93864,13.19431],[76.93942,13.19166],[76.94026,13.19148],[76.94026,13.19086],[76.94103,13.19079],[76.94168,13.18977],[76.94281,13.18986],[76.943,13.18862],[76.94361,13.18863],[76.94396,13.18535],[76.94671,13.18468],[76.94577,13.18258],[76.96005,13.18091],[76.96457,13.18264],[76.96546,13.18086],[76.96977,13.18072],[76.97475,13.18158],[76.97491,13.18221],[76.97635,13.18237],[76.97755,13.17929],[76.98133,13.17924],[76.98179,13.17697],[76.98068,13.16591],[76.97819,13.16536],[76.97906,13.1614],[76.97905,13.1565],[76.97861,13.1519],[76.97684,13.14625],[76.98038,13.14562],[76.98001,13.14164],[76.98098,13.13516],[76.98212,13.13163],[76.98412,13.12864],[76.98217,13.12554],[76.97983,13.12376],[76.97006,13.12282],[76.96718,13.1153],[76.96796,13.11418],[76.96856,13.11168],[76.97025,13.10892],[76.97777,13.10033],[76.97947,13.09949],[76.98164,13.09536],[76.98239,13.09495],[76.97874,13.09362],[76.97677,13.09226],[76.97239,13.09082],[76.96299,13.09317],[76.95791,13.09347],[76.94153,13.09646],[76.93642,13.09594],[76.93517,13.09314],[76.93305,13.09251],[76.93047,13.09266],[76.93044,13.09231],[76.92572,13.09118],[76.92152,13.09123],[76.91573,13.09262],[76.91594,13.09698],[76.91241,13.10214],[76.90955,13.10428],[76.90487,13.10604],[76.90254,13.10789],[76.90069,13.10971],[76.89792,13.11409],[76.89649,13.11423],[76.89321,13.11007],[76.88612,13.11049],[76.87774,13.11036],[76.87486,13.1099],[76.87449,13.11144],[76.86912,13.11668],[76.86761,13.11743],[76.86317,13.1175],[76.86277,13.11942],[76.86086,13.122],[76.85923,13.1277],[76.85871,13.12758],[76.8582,13.13121],[76.85764,13.13137],[76.85698,13.13075],[76.85597,13.12496],[76.85547,13.12498],[76.85408,13.12564],[76.85343,13.12665],[76.84923,13.12791],[76.84652,13.12981],[76.84655,13.13089],[76.8488,13.1307],[76.84883,13.13124],[76.84759,13.13165],[76.84773,13.13308],[76.84939,13.13302],[76.84928,13.13517],[76.8373,13.13552],[76.83669,13.14016],[76.83537,13.14229],[76.83554,13.14416],[76.83627,13.14497],[76.83989,13.14492],[76.84131,13.14546],[76.84658,13.14499],[76.84657,13.14773],[76.84756,13.15115],[76.85001,13.1508],[76.85537,13.151],[76.85621,13.14886],[76.85858,13.15051],[76.85927,13.15319],[76.86258,13.15263],[76.86307,13.15319],[76.86295,13.15637],[76.86244,13.15633],[76.86262,13.16183],[76.86407,13.16898],[76.86466,13.16954],[76.86679,13.16916],[76.87358,13.16926],[76.87395,13.16668],[76.87442,13.16658],[76.87447,13.16461],[76.878,13.1635],[76.87811,13.16439],[76.87897,13.16468],[76.88049,13.16736],[76.88322,13.17452],[76.88836,13.17657],[76.88912,13.17641],[76.88958,13.17944],[76.88863,13.17984],[76.88886,13.1808],[76.89195,13.18255],[76.89481,13.18153],[76.89383,13.17801],[76.8944,13.17775],[76.89301,13.17555],[76.89342,13.17557],[76.89396,13.17106],[76.90312,13.1719],[76.90559,13.17263],[76.90553,13.17383],[76.91044,13.17396],[76.90774,13.18009],[76.90865,13.18272],[76.9086,13.18464],[76.90735,13.18464],[76.90683,13.18724],[76.90701,13.18878],[76.91045,13.19091],[76.91978,13.1901],[76.921,13.19274],[76.92028,13.19617],[76.92057,13.19759],[76.92486,13.19663],[76.9262,13.19516],[76.92688,13.19029]]]}},{"type":"Feature","properties":{"unitId":748,"unitName":"Jayanagara PS"},"geometry":{"type":"MultiPolygon","coordinates":[[[[77.09606,13.33472],[77.10915,13.33212],[77.10912,13.33157],[77.11005,13.33105],[77.1134,13.33044],[77.11338,13.32971],[77.11819,13.32817],[77.12187,13.32769],[77.12216,13.32428],[77.12421,13.3199],[77.12975,13.31822],[77.13169,13.31861],[77.13184,13.31832],[77.13155,13.3129],[77.13246,13.31285],[77.13193,13.30996],[77.13256,13.30907],[77.1328,13.30697],[77.13261,13.30331],[77.13315,13.30327],[77.13266,13.3006],[77.13129,13.30042],[77.13155,13.29869],[77.13077,13.29799],[77.12717,13.29651],[77.12707,13.29598],[77.12618,13.29565],[77.12459,13.29293],[77.12339,13.27387],[77.11844,13.27508],[77.11833,13.27454],[77.11764,13.27472],[77.11591,13.27289],[77.11412,13.27838],[77.11196,13.28785],[77.11253,13.28774],[77.11353,13.29032],[77.11401,13.29003],[77.115,13.29169],[77.11868,13.2915],[77.12052,13.29179],[77.12105,13.29258],[77.12069,13.2937],[77.1134,13.30327],[77.11139,13.3075],[77.11157,13.30926],[77.10863,13.30889],[77.10147,13.30983],[77.10063,13.30716],[77.10026,13.30719],[77.09933,13.30822],[77.09861,13.31023],[77.09902,13.31141],[77.097,13.31126],[77.09234,13.31348],[77.09138,13.31536],[77.09081,13.31563],[77.09044,13.31574],[77.08988,13.31483],[77.08904,13.31501],[77.08893,13.31581],[77.08766,13.31633],[77.08797,13.3171],[77.08729,13.31759],[77.08388,13.31866],[77.0833,13.31685],[77.08255,13.31743],[77.08422,13.32277],[77.08551,13.32451],[77.08524,13.32502],[77.08749,13.32722],[77.08862,13.32917],[77.09088,13.32842],[77.09196,13.33088],[77.09269,13.33112],[77.09433,13.33515],[77.09606,13.33472]]],[[[77.18066,13.25734],[77.18391,13.25643],[77.18488,13.25658],[77.1865,13.25583],[77.18768,13.25054],[77.18933,13.24746],[77.19071,13.24598],[77.19108,13.24148],[77.18972,13.23792],[77.18522,13.23823],[77.18493,13.24162],[77.18236,13.24386],[77.18218,13.24484],[77.17603,13.24793],[77.17136,13.24877],[77.17255,13.25219],[77.1717,13.2537],[77.17194,13.25584],[77.17137,13.25607],[77.17212,13.25792],[77.17398,13.25954],[77.18066,13.25734]]],[[[77.08406,13.31402],[77.0821,13.31387],[77.08232,13.31656],[77.08348,13.31649],[77.08521,13.31544],[77.08507,13.31439],[77.08406,13.31402]]]]}},{"type":"Feature","properties":{"unitId":749,"unitName":"Kora PS"},"geometry":{"type":"Polygon","coordinates":[[[77.04767,13.54921],[77.05401,13.54901],[77.06032,13.54804],[77.06042,13.54582],[77.06239,13.54415],[77.06149,13.541],[77.05889,13.53596],[77.06327,13.53376],[77.07152,13.53148],[77.0719,13.52777],[77.07293,13.52604],[77.07683,13.52432],[77.08,13.5193],[77.08204,13.51857],[77.08922,13.51958],[77.09615,13.51924],[77.09654,13.51664],[77.09827,13.51662],[77.09942,13.51595],[77.10288,13.51603],[77.10272,13.51551],[77.10469,13.51508],[77.10806,13.51498],[77.11421,13.5138],[77.11407,13.50883],[77.11459,13.50699],[77.11589,13.50561],[77.12642,13.50587],[77.13087,13.50517],[77.13154,13.50544],[77.13463,13.50451],[77.13346,13.50586],[77.13737,13.50511],[77.13724,13.5041],[77.13547,13.50411],[77.13928,13.50391],[77.14068,13.50438],[77.15149,13.50178],[77.15281,13.49601],[77.14829,13.49127],[77.14699,13.48293],[77.1503,13.48363],[77.15089,13.48185],[77.15195,13.48143],[77.15308,13.47918],[77.15334,13.47314],[77.15496,13.4733],[77.15667,13.47232],[77.15952,13.46911],[77.16623,13.47204],[77.17309,13.47298],[77.17263,13.47633],[77.17297,13.47767],[77.17323,13.47853],[77.17462,13.47895],[77.1765,13.47729],[77.17668,13.47762],[77.17974,13.47743],[77.18416,13.47535],[77.18606,13.4764],[77.18657,13.47615],[77.1885,13.4767],[77.19286,13.47501],[77.19773,13.46822],[77.197,13.46282],[77.21038,13.46024],[77.21077,13.45954],[77.21357,13.45853],[77.21293,13.45523],[77.21197,13.45518],[77.21168,13.45358],[77.21235,13.4525],[77.21206,13.45178],[77.21037,13.45192],[77.20987,13.44972],[77.2084,13.43076],[77.20863,13.42416],[77.19353,13.41896],[77.1884,13.41938],[77.18463,13.41854],[77.18038,13.41582],[77.17811,13.41617],[77.16931,13.41148],[77.17194,13.40536],[77.15866,13.40017],[77.15659,13.40478],[77.14793,13.40261],[77.1458,13.40262],[77.14122,13.40033],[77.13832,13.40327],[77.13266,13.40539],[77.13167,13.40709],[77.1297,13.40844],[77.12856,13.41087],[77.13009,13.41497],[77.13196,13.41724],[77.1318,13.42225],[77.1301,13.42293],[77.12704,13.42552],[77.12106,13.42809],[77.12185,13.42676],[77.1168,13.42447],[77.11467,13.42626],[77.11463,13.42343],[77.11527,13.42302],[77.11527,13.42199],[77.11677,13.4222],[77.11755,13.41836],[77.11826,13.41797],[77.11892,13.4156],[77.12027,13.41479],[77.11704,13.41312],[77.11367,13.40918],[77.11251,13.40886],[77.11107,13.40936],[77.11072,13.40751],[77.10731,13.40715],[77.10687,13.41497],[77.09789,13.41524],[77.09401,13.41418],[77.0912,13.41788],[77.09099,13.42026],[77.08517,13.41939],[77.08529,13.41698],[77.08217,13.41639],[77.06871,13.41607],[77.06316,13.41628],[77.05378,13.41972],[77.04959,13.42],[77.04941,13.41285],[77.04474,13.41386],[77.04124,13.41304],[77.03614,13.41471],[77.03657,13.42657],[77.0374,13.43108],[77.04126,13.42952],[77.04511,13.43101],[77.04423,13.43332],[77.04364,13.43846],[77.04421,13.44187],[77.04277,13.44708],[77.03819,13.44681],[77.03749,13.4469],[77.03782,13.44766],[77.03958,13.45147],[77.04484,13.44903],[77.04576,13.45145],[77.04991,13.45204],[77.05365,13.44902],[77.05656,13.44929],[77.05857,13.45095],[77.05854,13.45267],[77.05911,13.45347],[77.05804,13.4551],[77.05738,13.46156],[77.05105,13.46249],[77.03818,13.46755],[77.03713,13.4668],[77.03561,13.46713],[77.03539,13.47073],[77.0344,13.47465],[77.02684,13.47465],[77.02511,13.47891],[77.02462,13.47841],[77.02163,13.47831],[77.02157,13.47871],[77.0178,13.47902],[77.01775,13.48079],[77.01736,13.48071],[77.01721,13.48935],[77.0144,13.48989],[77.01419,13.49191],[77.01202,13.49196],[77.0097,13.49327],[77.0109,13.49664],[77.00172,13.4981],[76.99846,13.49809],[76.98846,13.50273],[76.99701,13.51403],[76.99571,13.51329],[76.99534,13.51473],[76.99219,13.51583],[76.9924,13.52817],[77.00008,13.52737],[77.00015,13.53233],[76.99731,13.53817],[77.001,13.53674],[77.00097,13.54293],[77.004,13.54223],[77.01237,13.54225],[77.00988,13.53577],[77.01226,13.53594],[77.01891,13.53449],[77.0225,13.53427],[77.02462,13.5323],[77.02731,13.53147],[77.02779,13.53304],[77.02696,13.53347],[77.02718,13.53387],[77.03087,13.53483],[77.03377,13.5372],[77.03407,13.53673],[77.03486,13.53687],[77.03529,13.5386],[77.0371,13.53898],[77.03894,13.54038],[77.03965,13.53975],[77.04077,13.53979],[77.04862,13.53696],[77.04799,13.53931],[77.04825,13.54137],[77.0478,13.54141],[77.04746,13.54369],[77.047,13.54381],[77.04672,13.54717],[77.04706,13.54948],[77.04767,13.54921]]]}}]}