{"type":"FeatureCollection","features":[{"type":"Feature","properties":{"unitId":750,"unitName":"Kapu PS"},"geometry":{"type":"Polygon","coordinates":[[[74.7216,13.31606],[74.72203,13.31318],[74.72252,13.31329],[74.72262,13.31288],[74.72206,13.31267],[74.72245,13.31208],[74.72446,13.31201],[74.72645,13.31266],[74.72764,13.31109],[74.72931,13.3117],[74.73172,13.31154],[74.73492,13.31226],[74.73865,13.31327],[74.7392,13.31401],[74.7442,13.3141],[74.74394,13.31343],[74.74498,13.31157],[74.74478,13.31094],[74.74363,13.30939],[74.74258,13.3092],[74.74321,13.30732],[74.74368,13.30682],[74.74433,13.30699],[74.74466,13.30555],[74.74993,13.30631],[74.75115,13.30583],[74.75521,13.30647],[74.75552,13.30594],[74.75678,13.30653],[74.75834,13.30636],[74.7585,13.30492],[74.75949,13.30433],[74.75927,13.30111],[74.76016,13.30051],[74.76102,13.29876],[74.762,13.29484],[74.76312,13.29431],[74.76441,13.29478],[74.76569,13.29666],[74.76783,13.29759],[74.76934,13.29926],[74.77078,13.29887],[74.77186,13.2996],[74.77414,13.29903],[74.77678,13.29982],[74.78006,13.29986],[74.7865,13.29923],[74.78776,13.30029],[74.788,13.30119],[74.78739,13.30356],[74.78827,13.30408],[74.7899,13.30383],[74.79123,13.29996],[74.79193,13.29963],[74.79471,13.30214],[74.79848,13.30005],[74.80188,13.29943],[74.80279,13.30036],[74.80404,13.30572],[74.80679,13.30784],[74.80786,13.30743],[74.80934,13.30769],[74.8103,13.30491],[74.80989,13.30408],[74.81162,13.30347],[74.81308,13.30213],[74.81355,13.30056],[74.81812,13.29998],[74.82134,13.3009],[74.82083,13.29748],[74.8216,13.2969],[74.82322,13.29811],[74.82555,13.2954],[74.82522,13.29441],[74.82559,13.29402],[74.82814,13.29345],[74.83018,13.29203],[74.83002,13.29008],[74.82932,13.28899],[74.82966,13.28792],[74.82888,13.28793],[74.82804,13.2872],[74.82773,13.28427],[74.82647,13.28468],[74.82555,13.28656],[74.82254,13.28643],[74.82014,13.28735],[74.8209,13.28993],[74.81953,13.29045],[74.818,13.29005],[74.81628,13.29058],[74.8147,13.2902],[74.81409,13.29155],[74.81207,13.29106],[74.81194,13.29206],[74.80987,13.28994],[74.80898,13.2896],[74.80518,13.29046],[74.80362,13.29298],[74.80243,13.29299],[74.80211,13.29569],[74.79991,13.29652],[74.79555,13.29449],[74.79478,13.29389],[74.79455,13.29278],[74.79054,13.29334],[74.79023,13.28898],[74.79147,13.28813],[74.79228,13.28841],[74.79264,13.28632],[74.79445,13.28512],[74.79348,13.28377],[74.7936,13.28246],[74.78788,13.28293],[74.78594,13.28123],[74.78472,13.28198],[74.78544,13.28458],[74.78431,13.28559],[74.78111,13.28357],[74.77862,13.28265],[74.77486,13.28433],[74.77668,13.28785],[74.77707,13.29011],[74.77665,13.29119],[74.77549,13.29204],[74.77101,13.29262],[74.76063,13.28902],[74.76085,13.28802],[74.76029,13.28765],[74.76019,13.28677],[74.76109,13.28582],[74.76079,13.28412],[74.76133,13.28405],[74.75988,13.28265],[74.75996,13.28178],[74.76143,13.28097],[74.76173,13.28007],[74.76166,13.27916],[74.76069,13.27919],[74.75937,13.27767],[74.75971,13.27373],[74.76571,13.27361],[74.76596,13.26785],[74.76917,13.26736],[74.76935,13.26692],[74.76978,13.26022],[74.77274,13.25766],[74.77509,13.25775],[74.77812,13.25545],[74.77882,13.25389],[74.77825,13.25004],[74.78104,13.24941],[74.7821,13.2485],[74.78184,13.24661],[74.7831,13.24397],[74.77933,13.24294],[74.77787,13.24009],[74.77702,13.23942],[74.77553,13.23966],[74.77537,13.23425],[74.77576,13.23253],[74.77541,13.23261],[74.77514,13.23126],[74.77458,13.23178],[74.77296,13.23155],[74.77547,13.22838],[74.77594,13.2257],[74.77526,13.22419],[74.77517,13.22249],[74.77443,13.22132],[74.77386,13.22142],[74.77444,13.22027],[74.774,13.21801],[74.77429,13.21751],[74.77276,13.21558],[74.77145,13.21505],[74.77148,13.21131],[74.76963,13.21131],[74.76928,13.20969],[74.76767,13.20865],[74.76661,13.20868],[74.7666,13.20782],[74.76614,13.2076],[74.76607,13.20826],[74.76428,13.20851],[74.76369,13.20722],[74.7634,13.20888],[74.76294,13.209],[74.76278,13.20831],[74.76278,13.20902],[74.76214,13.20918],[74.76168,13.20843],[74.76185,13.20925],[74.76034,13.20927],[74.76112,13.20748],[74.76212,13.2078],[74.76211,13.20687],[74.76108,13.20656],[74.75942,13.20758],[74.75887,13.20645],[74.75733,13.20615],[74.75826,13.20481],[74.75783,13.20495],[74.75791,13.20406],[74.75673,13.20379],[74.75723,13.20328],[74.75894,13.20365],[74.75867,13.20295],[74.75741,13.20284],[74.75923,13.19857],[74.75855,13.19842],[74.75781,13.19935],[74.75735,13.19766],[74.75778,13.19674],[74.75709,13.19578],[74.75201,13.19529],[74.74567,13.19598],[74.7443,13.19567],[74.74145,13.20714],[74.73952,13.21261],[74.73831,13.22114],[74.73689,13.2237],[74.73576,13.22739],[74.73218,13.24435],[74.73096,13.25472],[74.72801,13.26601],[74.7243,13.2743],[74.7238,13.27636],[74.72465,13.2768],[74.72146,13.28552],[74.72123,13.29328],[74.72023,13.30307],[74.71808,13.31411],[74.72134,13.31506],[74.72112,13.31581],[74.7216,13.31606]]]}},{"type":"Feature","properties":{"unitId":751,"unitName":"Padubidri PS"},"geometry":{"type":"Polygon","coordinates":[[[74.75837,13.19909],[74.75855,13.19842],[74.7611,13.19796],[74.76194,13.19741],[74.76203,13.19658],[74.76407,13.19551],[74.76464,13.19456],[74.76402,13.19197],[74.76791,13.1903],[74.76821,13.18827],[74.77392,13.18827],[74.77415,13.18773],[74.77704,13.18838],[74.77832,13.18783],[74.78009,13.1881],[74.79008,13.19117],[74.79189,13.19268],[74.79479,13.19255],[74.79478,13.19367],[74.79848,13.19357],[74.80033,13.1943],[74.80138,13.19236],[74.80219,13.19187],[74.8021,13.19138],[74.80834,13.19084],[74.81227,13.18696],[74.8129,13.18334],[74.8152,13.18095],[74.81521,13.17858],[74.81905,13.17654],[74.81918,13.17272],[74.81987,13.17318],[74.81986,13.17196],[74.82386,13.17141],[74.82596,13.17185],[74.82399,13.17713],[74.82492,13.17751],[74.82554,13.17699],[74.82962,13.17988],[74.83037,13.17957],[74.83071,13.18032],[74.83288,13.1765],[74.83407,13.17619],[74.8442,13.17601],[74.84575,13.17634],[74.84598,13.17551],[74.85025,13.17682],[74.85217,13.17558],[74.8541,13.17311],[74.85741,13.17379],[74.85688,13.17183],[74.8505,13.17063],[74.85102,13.16956],[74.85259,13.16875],[74.85297,13.16774],[74.85316,13.15463],[74.85397,13.15344],[74.85416,13.15206],[74.85846,13.15223],[74.86222,13.14929],[74.86426,13.14957],[74.86548,13.14882],[74.8662,13.1469],[74.86573,13.14598],[74.86427,13.14614],[74.86472,13.14511],[74.86186,13.14515],[74.86142,13.14373],[74.86075,13.14303],[74.86014,13.14306],[74.8601,13.14229],[74.86196,13.14123],[74.86137,13.14016],[74.86054,13.13966],[74.85945,13.14023],[74.85733,13.13898],[74.85702,13.13731],[74.85767,13.1356],[74.85752,13.13508],[74.85696,13.13507],[74.85699,13.13448],[74.85747,13.13447],[74.85747,13.1339],[74.85933,13.13233],[74.85653,13.13043],[74.85604,13.12731],[74.85532,13.12682],[74.8554,13.12572],[74.85271,13.12622],[74.84999,13.12607],[74.84711,13.12913],[74.8445,13.12932],[74.84248,13.1271],[74.83801,13.12896],[74.83515,13.12788],[74.8338,13.12797],[74.83378,13.12971],[74.83251,13.12983],[74.82939,13.12905],[74.82685,13.12942],[74.8245,13.12792],[74.82268,13.12382],[74.81436,13.12236],[74.8122,13.11871],[74.81226,13.11536],[74.80993,13.11339],[74.80814,13.11366],[74.80725,13.11552],[74.80626,13.1161],[74.80344,13.11503],[74.80293,13.11424],[74.80053,13.11481],[74.79579,13.11823],[74.79231,13.11749],[74.79145,13.11691],[74.79107,13.11522],[74.79146,13.11277],[74.79377,13.10973],[74.79455,13.10891],[74.79562,13.10933],[74.79592,13.11111],[74.79718,13.11079],[74.7987,13.10815],[74.79815,13.10576],[74.79763,13.10573],[74.798,13.10343],[74.79722,13.10213],[74.79762,13.10206],[74.79725,13.10102],[74.7958,13.1003],[74.79377,13.09803],[74.7935,13.09707],[74.79167,13.09646],[74.78856,13.09845],[74.78614,13.09915],[74.78472,13.10025],[74.78355,13.1034],[74.78181,13.10449],[74.77877,13.10378],[74.77747,13.10219],[74.77766,13.09885],[74.77908,13.09788],[74.78075,13.093],[74.78093,13.09094],[74.78062,13.08822],[74.77906,13.08553],[74.7781,13.08563],[74.77689,13.08179],[74.77757,13.0787],[74.77847,13.07714],[74.77967,13.07139],[74.77708,13.07119],[74.77672,13.07217],[74.7685,13.10526],[74.76708,13.1119],[74.76724,13.11645],[74.766,13.11758],[74.76548,13.11943],[74.76486,13.1193],[74.76402,13.1287],[74.7636,13.12858],[74.76344,13.12905],[74.76383,13.12916],[74.76355,13.13056],[74.76196,13.13599],[74.7616,13.13595],[74.75825,13.15023],[74.75711,13.15275],[74.75687,13.1545],[74.75722,13.15454],[74.75661,13.15544],[74.75341,13.1686],[74.75295,13.16848],[74.75207,13.17291],[74.74916,13.18153],[74.74953,13.18167],[74.74902,13.18356],[74.74615,13.1891],[74.74441,13.19363],[74.74427,13.19588],[74.75201,13.19529],[74.75709,13.19578],[74.75778,13.19674],[74.75735,13.19766],[74.75781,13.19935],[74.75837,13.19909]]]}},{"type":"Feature","properties":{"unitId":752,"unitName":"Shirva PS"},"geometry":{"type":"Polygon","coordinates":[[[74.80244,13.29458],[74.80243,13.29299],[74.80362,13.29298],[74.80518,13.29046],[74.80898,13.2896],[74.80987,13.28994],[74.81194,13.29206],[74.81207,13.29106],[74.81409,13.29155],[74.8147,13.2902],[74.81628,13.29058],[74.818,13.29005],[74.81953,13.29045],[74.8209,13.28993],[74.82014,13.28735],[74.82254,13.28643],[74.82555,13.28656],[74.82647,13.28468],[74.82773,13.28427],[74.82804,13.2872],[74.82888,13.28793],[74.82906,13.2872],[74.83064,13.2873],[74.83101,13.28666],[74.83529,13.28621],[74.83942,13.2847],[74.8437,13.28675],[74.84743,13.28065],[74.84906,13.27916],[74.84832,13.27514],[74.84746,13.27354],[74.84758,13.27184],[74.84819,13.27134],[74.84778,13.26866],[74.84627,13.26641],[74.84501,13.26554],[74.84444,13.26395],[74.84822,13.26188],[74.85451,13.25739],[74.85481,13.25303],[74.85683,13.25023],[74.85807,13.24966],[74.85835,13.2479],[74.85623,13.24485],[74.85698,13.23875],[74.8545,13.23527],[74.85573,13.23118],[74.86027,13.22566],[74.86215,13.22119],[74.86209,13.21964],[74.86309,13.21851],[74.85857,13.21901],[74.85826,13.21978],[74.85733,13.21769],[74.85309,13.22057],[74.85153,13.22248],[74.84932,13.22368],[74.84839,13.22251],[74.84717,13.22256],[74.84681,13.22095],[74.846,13.22034],[74.84647,13.21956],[74.84628,13.21816],[74.84556,13.21697],[74.84391,13.21626],[74.84238,13.21022],[74.84397,13.21158],[74.84438,13.21059],[74.84618,13.20927],[74.84742,13.20875],[74.84834,13.209],[74.84955,13.20763],[74.85684,13.20567],[74.8593,13.20269],[74.86234,13.19517],[74.86085,13.19157],[74.85926,13.1916],[74.85874,13.19249],[74.85698,13.19307],[74.85545,13.1945],[74.85326,13.19371],[74.85209,13.19124],[74.85156,13.19149],[74.85124,13.18934],[74.85018,13.18897],[74.85042,13.1872],[74.85104,13.18708],[74.85134,13.18632],[74.85653,13.18345],[74.85204,13.17567],[74.85025,13.17682],[74.84598,13.17551],[74.84575,13.17634],[74.8442,13.17601],[74.83407,13.17619],[74.83288,13.1765],[74.83071,13.18032],[74.83037,13.17957],[74.82962,13.17988],[74.82554,13.17699],[74.82492,13.17751],[74.82399,13.17713],[74.82596,13.17185],[74.82386,13.17141],[74.81986,13.17196],[74.81987,13.17318],[74.81918,13.17272],[74.81905,13.17654],[74.81521,13.17858],[74.8152,13.18095],[74.8129,13.18334],[74.81227,13.18696],[74.80834,13.19084],[74.8021,13.19138],[74.80219,13.19187],[74.80138,13.19236],[74.80033,13.1943],[74.79848,13.19357],[74.79478,13.19367],[74.79479,13.19255],[74.79189,13.19268],[74.79008,13.19117],[74.78009,13.1881],[74.77832,13.18783],[74.77704,13.18838],[74.77415,13.18773],[74.77392,13.18827],[74.76821,13.18827],[74.76791,13.1903],[74.76402,13.19197],[74.76464,13.19456],[74.76407,13.19551],[74.76203,13.19658],[74.76194,13.19741],[74.7611,13.19796],[74.75923,13.19833],[74.75816,13.20184],[74.75741,13.20284],[74.75867,13.20295],[74.75894,13.20365],[74.75682,13.20354],[74.75695,13.20396],[74.75791,13.20406],[74.75783,13.20495],[74.75826,13.20481],[74.75733,13.20615],[74.75887,13.20645],[74.75942,13.20758],[74.76108,13.20656],[74.76211,13.20687],[74.76212,13.2078],[74.76112,13.20748],[74.76034,13.20927],[74.76185,13.20925],[74.76168,13.20843],[74.76214,13.20918],[74.76278,13.20902],[74.76278,13.20831],[74.76294,13.209],[74.7634,13.20888],[74.76369,13.20722],[74.76428,13.20851],[74.76607,13.20826],[74.76614,13.2076],[74.7666,13.20782],[74.76661,13.20868],[74.76767,13.20865],[74.76928,13.20969],[74.76963,13.21131],[74.77148,13.21131],[74.77145,13.21505],[74.77276,13.21558],[74.77429,13.21751],[74.774,13.21801],[74.77444,13.22027],[74.77386,13.22142],[74.77443,13.22132],[74.77517,13.22249],[74.77526,13.22419],[74.77594,13.2257],[74.77547,13.22838],[74.77296,13.23155],[74.77458,13.23178],[74.77514,13.23126],[74.77541,13.23261],[74.77576,13.23253],[74.77537,13.23425],[74.77553,13.23966],[74.77702,13.23942],[74.77787,13.24009],[74.77933,13.24294],[74.7831,13.24397],[74.78184,13.24661],[74.7821,13.2485],[74.78104,13.24941],[74.77825,13.25004],[74.77882,13.25389],[74.77812,13.25545],[74.77509,13.25775],[74.77274,13.25766],[74.76978,13.26022],[74.76935,13.26692],[74.76917,13.26736],[74.76596,13.26785],[74.76571,13.27361],[74.75971,13.27373],[74.75937,13.27767],[74.76069,13.27919],[74.76166,13.27916],[74.76173,13.28007],[74.76143,13.28097],[74.75996,13.28178],[74.75988,13.28265],[74.76133,13.28405],[74.76079,13.28412],[74.76109,13.28582],[74.76019,13.28677],[74.76029,13.28765],[74.76085,13.28802],[74.76063,13.28902],[74.77101,13.29262],[74.77549,13.29204],[74.77665,13.29119],[74.77707,13.29011],[74.77668,13.28785],[74.77486,13.28433],[74.77862,13.28265],[74.78111,13.28357],[74.78431,13.28559],[74.78544,13.28458],[74.78472,13.28198],[74.78594,13.28123],[74.78788,13.28293],[74.7936,13.28246],[74.79348,13.28377],[74.79445,13.28512],[74.79264,13.28632],[74.79228,13.28841],[74.79147,13.28813],[74.79023,13.28898],[74.79054,13.29334],[74.79455,13.29278],[74.79478,13.29389],[74.79555,13.29449],[74.79991,13.29652],[74.80211,13.29569],[74.80244,13.29458]]]}},{"type":"Feature","properties":{"unitId":753,"unitName":"Ajekar PS"},"geometry":{"type":"Polygon","coordinates":[[[74.97849,13.40202],[74.98155,13.40136],[74.98602,13.39586],[74.99099,13.39555],[74.99352,13.39185],[74.99455,13.39175],[74.99607,13.39275],[74.997,13.39236],[74.99825,13.39079],[74.99852,13.38902],[74.99981,13.3887],[74.99983,13.38726],[74.99415,13.38551],[74.99469,13.38407],[74.99319,13.38393],[74.9923,13.38322],[74.99201,13.38057],[74.99285,13.38083],[74.99394,13.38045],[74.9955,13.37899],[74.99535,13.37865],[74.99457,13.37898],[74.9938,13.37702],[74.99299,13.37647],[74.9989,13.36965],[74.99837,13.36665],[74.99484,13.36414],[74.99646,13.36348],[75.00023,13.35506],[75.00115,13.35502],[75.0018,13.35423],[75.00145,13.35371],[75.00286,13.34991],[75.00547,13.35062],[75.00673,13.35211],[75.00946,13.35301],[75.01039,13.35431],[75.01199,13.355],[75.01436,13.35511],[75.02407,13.35326],[75.02613,13.35378],[75.02639,13.35803],[75.0254,13.36537],[75.0252,13.36652],[75.02395,13.36717],[75.02387,13.36838],[75.03585,13.37021],[75.05819,13.37159],[75.10021,13.36821],[75.12267,13.36296],[75.11385,13.35596],[75.10949,13.35638],[75.10534,13.35916],[75.10055,13.35903],[75.09642,13.35736],[75.09149,13.36039],[75.08675,13.3614],[75.08509,13.34832],[75.07411,13.34244],[75.0874,13.32629],[75.08978,13.3217],[75.09555,13.31502],[75.09455,13.31514],[75.09456,13.31324],[75.096,13.31022],[75.0976,13.30862],[75.09746,13.30786],[75.09828,13.30617],[75.09914,13.30558],[75.09993,13.30411],[75.10178,13.29917],[75.1014,13.29837],[75.10302,13.29602],[75.10403,13.29564],[75.10529,13.294],[75.10739,13.28897],[75.1074,13.28773],[75.11023,13.28757],[75.11354,13.28568],[75.11557,13.28276],[75.11693,13.27809],[75.12286,13.27765],[75.12753,13.28122],[75.1304,13.2824],[75.134,13.282],[75.13379,13.2816],[75.13854,13.28602],[75.14166,13.28498],[75.14336,13.28136],[75.14663,13.27186],[75.14995,13.26781],[75.15243,13.26148],[75.15573,13.24586],[75.15753,13.24231],[75.13055,13.24553],[75.12359,13.24775],[75.11738,13.2507],[75.11615,13.25068],[75.11468,13.25177],[75.11428,13.2514],[75.11311,13.25204],[75.10087,13.24551],[75.09702,13.24149],[75.09434,13.24064],[75.09226,13.24082],[75.092,13.24122],[75.09013,13.23995],[75.08801,13.23971],[75.08652,13.23808],[75.08496,13.23775],[75.08346,13.23619],[75.07358,13.23946],[75.06419,13.24066],[75.06091,13.24217],[75.05859,13.24244],[75.05552,13.24429],[75.05299,13.24505],[75.05204,13.24593],[75.05132,13.24855],[75.0512,13.25188],[75.04885,13.25308],[75.04745,13.25442],[75.03671,13.25963],[75.03121,13.26165],[75.0314,13.2611],[75.02935,13.26037],[75.02542,13.25992],[75.0202,13.26296],[75.01704,13.26748],[75.00846,13.27756],[75.00619,13.28191],[74.99637,13.28789],[74.99554,13.28918],[74.99334,13.28887],[74.99178,13.29179],[74.99078,13.29217],[74.98888,13.29439],[74.98633,13.29537],[74.98123,13.29377],[74.97667,13.29955],[74.97353,13.30003],[74.97081,13.30211],[74.97009,13.30207],[74.96735,13.30482],[74.96794,13.31201],[74.96614,13.31321],[74.96336,13.31394],[74.96305,13.31637],[74.96047,13.31765],[74.95921,13.31928],[74.95527,13.31774],[74.95124,13.31753],[74.9493,13.32065],[74.94979,13.32293],[74.94643,13.33611],[74.94204,13.3447],[74.93892,13.34795],[74.94109,13.35493],[74.94563,13.35484],[74.94855,13.35385],[74.94988,13.354],[74.9495,13.35643],[74.94981,13.35712],[74.95026,13.35706],[74.9502,13.35752],[74.94967,13.35739],[74.94922,13.35875],[74.95026,13.35936],[74.95158,13.36201],[74.95051,13.36179],[74.95014,13.36215],[74.95094,13.36575],[74.94979,13.36675],[74.94815,13.36806],[74.94298,13.36909],[74.94238,13.37218],[74.94081,13.3731],[74.94135,13.3732],[74.94061,13.37552],[74.94104,13.37774],[74.94253,13.38093],[74.94235,13.38173],[74.94402,13.383],[74.94598,13.38335],[74.94707,13.38262],[74.94817,13.38309],[74.94858,13.38225],[74.95027,13.38194],[74.95076,13.38076],[74.95372,13.38025],[74.95575,13.3807],[74.95625,13.38179],[74.9662,13.38492],[74.96603,13.38135],[74.96746,13.37947],[74.96829,13.37923],[74.97317,13.385],[74.97161,13.38735],[74.9709,13.39002],[74.97063,13.39479],[74.97217,13.3982],[74.97393,13.40042],[74.97596,13.40112],[74.97576,13.40169],[74.97637,13.40203],[74.97683,13.4003],[74.9778,13.40185],[74.97849,13.40202]]]}},{"type":"Feature","properties":{"unitId":754,"unitName":"Hebri PS"},"geometry":{"type":"Polygon","coordinates":[[[74.98491,13.51945],[74.98804,13.51685],[74.99232,13.51434],[74.9936,13.51429],[74.99605,13.51307],[74.99792,13.51389],[75.00111,13.51319],[75.00253,13.51214],[75.00288,13.51083],[75.00524,13.50924],[75.00541,13.51],[75.00492,13.51047],[75.00625,13.51096],[75.00628,13.51161],[75.00706,13.51164],[75.0071,13.51122],[75.00783,13.51145],[75.00957,13.51007],[75.01044,13.51059],[75.01096,13.5129],[75.01696,13.50785],[75.0204,13.50626],[75.02081,13.50864],[75.01921,13.50874],[75.01881,13.51007],[75.02004,13.51346],[75.02241,13.5137],[75.02393,13.51446],[75.0242,13.51568],[75.02708,13.51591],[75.02723,13.51775],[75.02897,13.51814],[75.03025,13.51824],[75.03038,13.51772],[75.03088,13.51826],[75.03178,13.51792],[75.03086,13.51568],[75.03214,13.51542],[75.03277,13.5163],[75.03505,13.51658],[75.03775,13.5148],[75.05593,13.51495],[75.07681,13.51428],[75.07713,13.51404],[75.07629,13.51043],[75.0786,13.50282],[75.07705,13.50059],[75.07772,13.49819],[75.07881,13.4979],[75.07824,13.49532],[75.07849,13.49429],[75.08159,13.49324],[75.08422,13.48928],[75.08461,13.4904],[75.08713,13.49179],[75.08934,13.49173],[75.09039,13.49102],[75.09176,13.49092],[75.09167,13.48995],[75.09251,13.48905],[75.0924,13.48805],[75.09459,13.48713],[75.09783,13.4845],[75.09818,13.48372],[75.10164,13.48697],[75.10203,13.4848],[75.10642,13.48133],[75.10703,13.48014],[75.10852,13.4794],[75.11159,13.47228],[75.11245,13.47295],[75.11297,13.47273],[75.11367,13.47007],[75.11177,13.46794],[75.11228,13.46629],[75.11125,13.46341],[75.11408,13.46188],[75.11545,13.45985],[75.11542,13.45899],[75.1174,13.46121],[75.1209,13.46214],[75.12389,13.46235],[75.12409,13.46312],[75.1253,13.46413],[75.12696,13.46466],[75.12953,13.46452],[75.13305,13.4629],[75.13539,13.46375],[75.13765,13.46301],[75.14007,13.46347],[75.14162,13.45862],[75.15266,13.45379],[75.15538,13.45332],[75.15436,13.45152],[75.15481,13.45063],[75.15387,13.4506],[75.15442,13.44871],[75.15138,13.44458],[75.15158,13.44252],[75.14812,13.44042],[75.14753,13.43883],[75.1488,13.43704],[75.14948,13.43715],[75.14945,13.43657],[75.15153,13.43444],[75.15266,13.43152],[75.15078,13.43119],[75.1504,13.42983],[75.14993,13.43006],[75.14752,13.4282],[75.14705,13.42451],[75.1483,13.4245],[75.14859,13.42356],[75.14817,13.42185],[75.14445,13.41889],[75.14119,13.41152],[75.14141,13.40887],[75.13901,13.40863],[75.14111,13.40395],[75.14111,13.39559],[75.14177,13.38938],[75.13832,13.38822],[75.13819,13.38589],[75.13707,13.3827],[75.13564,13.38201],[75.1349,13.38101],[75.13072,13.38217],[75.12973,13.38343],[75.12741,13.38412],[75.12773,13.38142],[75.12637,13.38038],[75.1247,13.38081],[75.12347,13.37664],[75.12434,13.37515],[75.12407,13.37346],[75.12537,13.37203],[75.12765,13.3708],[75.12667,13.36909],[75.12494,13.37124],[75.1245,13.36432],[75.12267,13.36296],[75.10021,13.36821],[75.05819,13.37159],[75.03585,13.37021],[75.02387,13.36838],[75.02395,13.36717],[75.0252,13.36652],[75.0254,13.36537],[75.02639,13.35803],[75.02613,13.35378],[75.02407,13.35326],[75.01436,13.35511],[75.01199,13.355],[75.01039,13.35431],[75.00946,13.35301],[75.00673,13.35211],[75.00547,13.35062],[75.0026,13.35],[75.00145,13.35371],[75.0018,13.35423],[75.00115,13.35502],[75.00023,13.35506],[74.99646,13.36348],[74.99484,13.36414],[74.99837,13.36665],[74.9989,13.36965],[74.99299,13.37647],[74.9938,13.37702],[74.99457,13.37898],[74.99535,13.37865],[74.9955,13.37899],[74.99394,13.38045],[74.99285,13.38083],[74.99201,13.38057],[74.9923,13.38322],[74.99319,13.38393],[74.99469,13.38407],[74.99415,13.38551],[74.99993,13.38738],[74.99981,13.3887],[74.99852,13.38902],[74.99825,13.39079],[74.997,13.39236],[74.99607,13.39275],[74.99455,13.39175],[74.99352,13.39185],[74.99099,13.39555],[74.98602,13.39586],[74.98155,13.40136],[74.97814,13.40207],[74.97683,13.4003],[74.97637,13.40203],[74.97576,13.40169],[74.97596,13.40112],[74.97393,13.40042],[74.97217,13.3982],[74.97063,13.39479],[74.9709,13.39002],[74.97161,13.38735],[74.97317,13.385],[74.96829,13.37923],[74.96746,13.37947],[74.96603,13.38135],[74.9662,13.38492],[74.95559,13.38147],[74.95542,13.3838],[74.95343,13.38456],[74.95479,13.39534],[74.95587,13.39996],[74.9547,13.40011],[74.95451,13.40098],[74.95232,13.40092],[74.95177,13.402],[74.95083,13.40257],[74.94842,13.41134],[74.94602,13.41216],[74.94512,13.41368],[74.94398,13.41376],[74.94169,13.41648],[74.93984,13.41741],[74.93919,13.41662],[74.93825,13.41698],[74.93842,13.41869],[74.93563,13.4235],[74.93632,13.42532],[74.93571,13.42652],[74.93763,13.429],[74.93476,13.43022],[74.93435,13.43127],[74.93292,13.43135],[74.93052,13.43275],[74.92885,13.43457],[74.92808,13.43468],[74.92797,13.436],[74.92881,13.43797],[74.92621,13.43907],[74.92241,13.43865],[74.92212,13.43827],[74.92178,13.43883],[74.92061,13.43824],[74.91997,13.43971],[74.91876,13.43998],[74.91885,13.44091],[74.91837,13.44016],[74.9178,13.44023],[74.91496,13.44406],[74.91196,13.44564],[74.90794,13.4514],[74.91098,13.45346],[74.91123,13.45534],[74.91063,13.45683],[74.90738,13.45959],[74.90588,13.45591],[74.90203,13.45632],[74.90023,13.45818],[74.90013,13.46182],[74.89954,13.46341],[74.89304,13.46583],[74.89263,13.4671],[74.89229,13.46673],[74.89074,13.4671],[74.88961,13.46643],[74.88822,13.46657],[74.88704,13.46593],[74.88587,13.46626],[74.88537,13.46574],[74.88576,13.46514],[74.88256,13.4634],[74.88085,13.46565],[74.8801,13.46478],[74.87996,13.46549],[74.87952,13.46549],[74.88007,13.46586],[74.88014,13.46753],[74.87929,13.47703],[74.87476,13.47824],[74.87397,13.48116],[74.8731,13.48128],[74.874,13.4821],[74.87319,13.48346],[74.87386,13.4836],[74.87359,13.48406],[74.87442,13.48444],[74.87606,13.48432],[74.87634,13.48517],[74.87597,13.48617],[74.87673,13.4847],[74.87645,13.4831],[74.87731,13.48374],[74.87751,13.48274],[74.87846,13.48353],[74.87894,13.48305],[74.87878,13.48241],[74.87982,13.48204],[74.88149,13.48357],[74.88163,13.48574],[74.88267,13.48618],[74.88194,13.48711],[74.8821,13.48793],[74.88143,13.48856],[74.88243,13.48859],[74.88475,13.49474],[74.88171,13.50003],[74.88157,13.50115],[74.88204,13.50169],[74.88088,13.50331],[74.88283,13.50558],[74.88276,13.50617],[74.88461,13.50619],[74.88911,13.50503],[74.89123,13.50283],[74.89577,13.50536],[74.9043,13.50217],[74.90651,13.50095],[74.90722,13.49607],[74.90855,13.49371],[74.91032,13.49312],[74.91181,13.49378],[74.9143,13.49335],[74.91899,13.4916],[74.92422,13.48862],[74.92583,13.48912],[74.94398,13.47984],[74.96276,13.48793],[74.96166,13.48847],[74.96206,13.48979],[74.96166,13.49096],[74.96242,13.49372],[74.96434,13.49669],[74.96421,13.49862],[74.96379,13.49916],[74.95956,13.49966],[74.95531,13.50223],[74.95109,13.50577],[74.93567,13.50676],[74.93531,13.50765],[74.93571,13.50945],[74.94125,13.51138],[74.94165,13.51115],[74.94207,13.51168],[74.94378,13.51199],[74.9446,13.51335],[74.94725,13.51393],[74.94847,13.51306],[74.94904,13.51339],[74.94946,13.51135],[74.95086,13.51154],[74.95146,13.5125],[74.95228,13.51251],[74.95222,13.51307],[74.95415,13.51405],[74.96061,13.5137],[74.96147,13.51205],[74.96241,13.51345],[74.96552,13.51516],[74.96571,13.5145],[74.96509,13.51445],[74.96553,13.51382],[74.97065,13.51353],[74.97332,13.51418],[74.97364,13.51327],[74.97447,13.51309],[74.97512,13.51375],[74.97658,13.51366],[74.97645,13.51491],[74.98189,13.5187],[74.98348,13.51865],[74.98361,13.51925],[74.98491,13.51945]]]}},{"type":"Feature","properties":{"unitId":755,"unitName":"Karkala Rural PS"},"geometry":{"type":"Polygon","coordinates":[[[75.02418,13.26067],[75.02542,13.25992],[75.02935,13.26037],[75.0314,13.2611],[75.03121,13.26165],[75.03671,13.25963],[75.04745,13.25442],[75.04885,13.25308],[75.0512,13.25188],[75.05132,13.24855],[75.05204,13.24593],[75.05299,13.24505],[75.05552,13.24429],[75.05859,13.24244],[75.06091,13.24217],[75.06301,13.24096],[75.07041,13.2396],[75.07358,13.23946],[75.08346,13.23619],[75.08496,13.23775],[75.08652,13.23808],[75.08801,13.23971],[75.09013,13.23995],[75.092,13.24122],[75.09226,13.24082],[75.09434,13.24064],[75.09702,13.24149],[75.10087,13.24551],[75.11311,13.25204],[75.11428,13.2514],[75.11468,13.25177],[75.11615,13.25068],[75.11738,13.2507],[75.12359,13.24775],[75.13055,13.24553],[75.15753,13.24231],[75.15752,13.24028],[75.15839,13.23812],[75.15795,13.23718],[75.15873,13.23648],[75.16053,13.2312],[75.1605,13.22768],[75.16277,13.22262],[75.16289,13.2198],[75.16397,13.21566],[75.1645,13.21535],[75.16421,13.21443],[75.16489,13.21278],[75.16584,13.21202],[75.16591,13.21098],[75.16728,13.20933],[75.16778,13.20769],[75.1663,13.20555],[75.16513,13.20502],[75.16416,13.20369],[75.16496,13.19721],[75.16595,13.19598],[75.16721,13.19556],[75.17001,13.19652],[75.17162,13.19609],[75.17606,13.19172],[75.1768,13.19175],[75.17683,13.18906],[75.17888,13.18645],[75.18481,13.18439],[75.18597,13.18313],[75.18942,13.18097],[75.19114,13.18082],[75.19213,13.18018],[75.19377,13.18067],[75.19532,13.18028],[75.19681,13.17804],[75.19902,13.17749],[75.20115,13.17814],[75.20395,13.1763],[75.20618,13.1723],[75.20643,13.16989],[75.20783,13.16902],[75.20713,13.15874],[75.19357,13.15892],[75.18829,13.16089],[75.18449,13.16123],[75.18337,13.16027],[75.18361,13.15868],[75.179,13.14981],[75.16903,13.14161],[75.16206,13.13023],[75.16053,13.13097],[75.16012,13.13175],[75.15933,13.13171],[75.15951,13.13045],[75.15901,13.13074],[75.1588,13.13029],[75.15793,13.13022],[75.15775,13.12922],[75.15609,13.12867],[75.15239,13.12519],[75.15047,13.12438],[75.14952,13.12455],[75.14877,13.12355],[75.14423,13.12632],[75.14381,13.12757],[75.14464,13.12801],[75.14446,13.12949],[75.14522,13.1314],[75.14442,13.13216],[75.14348,13.13209],[75.14341,13.13035],[75.14257,13.1303],[75.14245,13.13091],[75.142,13.13068],[75.14154,13.13151],[75.14086,13.13138],[75.13982,13.13239],[75.13876,13.13193],[75.1383,13.13218],[75.13727,13.13074],[75.13585,13.13337],[75.13478,13.13263],[75.13288,13.13265],[75.13192,13.13211],[75.13034,13.1321],[75.12948,13.13326],[75.12947,13.13046],[75.12808,13.12976],[75.1271,13.12999],[75.12696,13.13067],[75.1265,13.13041],[75.12589,13.13085],[75.12556,13.13155],[75.12104,13.13264],[75.11947,13.13392],[75.11912,13.13499],[75.12014,13.13829],[75.11639,13.14096],[75.11651,13.1416],[75.11274,13.14673],[75.11163,13.14755],[75.11429,13.15038],[75.10578,13.14879],[75.10676,13.14815],[75.10645,13.14721],[75.10575,13.14742],[75.10538,13.14844],[75.10435,13.14857],[75.10313,13.15098],[75.10397,13.15384],[75.10033,13.15326],[75.10029,13.15991],[75.09959,13.16072],[75.09649,13.16207],[75.09398,13.16179],[75.09359,13.15986],[75.09228,13.1599],[75.09178,13.16038],[75.08868,13.15874],[75.08106,13.15838],[75.07887,13.14921],[75.07875,13.14632],[75.07336,13.14898],[75.06396,13.1466],[75.06676,13.13964],[75.05955,13.13849],[75.04996,13.13547],[75.03593,13.14318],[75.03339,13.14225],[75.03242,13.1394],[75.02792,13.13703],[75.02579,13.13788],[75.02562,13.13698],[75.0159,13.13202],[75.01659,13.13703],[75.00767,13.14297],[75.00268,13.14571],[75.00208,13.14646],[75.00252,13.14684],[75.00232,13.14833],[75.00031,13.14862],[74.99901,13.15143],[74.99736,13.15193],[74.99457,13.15428],[74.99151,13.15032],[74.98703,13.14861],[74.98483,13.14452],[74.98399,13.14391],[74.98448,13.14331],[74.98415,13.14263],[74.97488,13.12753],[74.96361,13.12295],[74.9634,13.12246],[74.96187,13.12315],[74.96012,13.12264],[74.96014,13.12097],[74.95891,13.11955],[74.95507,13.12055],[74.95424,13.11884],[74.95226,13.11803],[74.951,13.11929],[74.94839,13.11993],[74.94959,13.1202],[74.94768,13.12165],[74.94259,13.12794],[74.94085,13.13044],[74.9406,13.13158],[74.93983,13.13108],[74.93917,13.13125],[74.94032,13.13253],[74.94067,13.13199],[74.94157,13.1324],[74.94147,13.13308],[74.94308,13.13337],[74.94349,13.13426],[74.9425,13.13572],[74.94232,13.13522],[74.94102,13.13531],[74.94219,13.13572],[74.94139,13.13722],[74.94254,13.13803],[74.94141,13.14003],[74.94334,13.13946],[74.94237,13.14073],[74.94259,13.14131],[74.94158,13.14105],[74.94165,13.14166],[74.94065,13.14231],[74.94026,13.14357],[74.94006,13.14219],[74.93901,13.14219],[74.93689,13.14094],[74.93574,13.14132],[74.93644,13.14266],[74.93624,13.14298],[74.93514,13.14222],[74.9346,13.14243],[74.93413,13.14339],[74.93495,13.14501],[74.93255,13.1469],[74.92134,13.14011],[74.91693,13.13583],[74.9146,13.13173],[74.91064,13.13067],[74.90907,13.12907],[74.90956,13.1267],[74.90829,13.12278],[74.90724,13.12103],[74.90949,13.12097],[74.91091,13.12014],[74.91319,13.11984],[74.9137,13.11547],[74.91309,13.1137],[74.91218,13.113],[74.90924,13.11276],[74.90803,13.11137],[74.90855,13.11009],[74.91051,13.11069],[74.91141,13.1102],[74.91157,13.1084],[74.9092,13.10798],[74.90909,13.10852],[74.90786,13.10843],[74.90517,13.10721],[74.9025,13.10784],[74.90075,13.1044],[74.89963,13.10419],[74.89768,13.10479],[74.89588,13.10345],[74.89252,13.10293],[74.88765,13.09874],[74.87835,13.09461],[74.87427,13.0988],[74.87398,13.09986],[74.8735,13.09988],[74.87417,13.10035],[74.87443,13.10485],[74.87324,13.1108],[74.87076,13.1129],[74.86992,13.11799],[74.8682,13.12107],[74.86358,13.12209],[74.86311,13.12297],[74.86327,13.12472],[74.86261,13.12609],[74.86071,13.12641],[74.85974,13.12729],[74.85782,13.12743],[74.85678,13.12594],[74.85538,13.12576],[74.85532,13.12682],[74.85604,13.12731],[74.85653,13.13043],[74.85933,13.13233],[74.85747,13.1339],[74.85747,13.13447],[74.85699,13.13448],[74.85696,13.13507],[74.85752,13.13508],[74.85767,13.1356],[74.85702,13.13731],[74.85733,13.13898],[74.85945,13.14023],[74.86054,13.13966],[74.86137,13.14016],[74.86196,13.14123],[74.8601,13.14229],[74.86014,13.14306],[74.86075,13.14303],[74.86142,13.14373],[74.86186,13.14515],[74.86472,13.14511],[74.86427,13.14614],[74.86573,13.14598],[74.8662,13.1469],[74.86548,13.14882],[74.86426,13.14957],[74.86222,13.14929],[74.85846,13.15223],[74.85416,13.15206],[74.85397,13.15344],[74.85316,13.15463],[74.85297,13.16774],[74.85259,13.16875],[74.85102,13.16956],[74.8505,13.17063],[74.85688,13.17183],[74.85741,13.17379],[74.8541,13.17311],[74.85204,13.17567],[74.85653,13.18345],[74.85134,13.18632],[74.85104,13.18708],[74.85042,13.1872],[74.85018,13.18897],[74.85124,13.18934],[74.85156,13.19149],[74.85209,13.19124],[74.85326,13.19371],[74.85545,13.1945],[74.85698,13.19307],[74.85874,13.19249],[74.85926,13.1916],[74.86085,13.19157],[74.86234,13.19517],[74.8593,13.20269],[74.85684,13.20567],[74.84955,13.20763],[74.84834,13.209],[74.84742,13.20875],[74.84618,13.20927],[74.84438,13.21059],[74.84397,13.21158],[74.84238,13.21022],[74.84391,13.21626],[74.84556,13.21697],[74.84628,13.21816],[74.84647,13.21956],[74.846,13.22034],[74.84681,13.22095],[74.84717,13.22256],[74.84839,13.22251],[74.84932,13.22368],[74.85153,13.22248],[74.85309,13.22057],[74.85733,13.21769],[74.85826,13.21978],[74.85857,13.21901],[74.86286,13.21844],[74.86381,13.21873],[74.86409,13.22053],[74.86467,13.22048],[74.86533,13.22177],[74.86661,13.22111],[74.87107,13.22442],[74.87397,13.22359],[74.87562,13.22176],[74.87563,13.22226],[74.87668,13.22239],[74.87876,13.22108],[74.88495,13.21918],[74.88493,13.21854],[74.88674,13.21949],[74.88749,13.22056],[74.89171,13.21974],[74.89226,13.22033],[74.8924,13.22185],[74.89497,13.22258],[74.89444,13.22419],[74.89469,13.22539],[74.89803,13.22762],[74.89913,13.22927],[74.9038,13.23364],[74.90519,13.23347],[74.90622,13.23404],[74.90766,13.23649],[74.90852,13.23692],[74.90797,13.23752],[74.90882,13.23773],[74.90906,13.23692],[74.91047,13.23761],[74.91491,13.23722],[74.91544,13.23671],[74.91638,13.23714],[74.91624,13.2376],[74.91976,13.23703],[74.92186,13.23741],[74.92239,13.23559],[74.92471,13.23539],[74.92561,13.23622],[74.92663,13.23566],[74.92726,13.23434],[74.92962,13.23179],[74.93024,13.23197],[74.93033,13.23051],[74.93235,13.23089],[74.93283,13.22911],[74.94007,13.22913],[74.94108,13.22836],[74.94203,13.22862],[74.94567,13.2281],[74.94959,13.23597],[74.95483,13.2376],[74.95649,13.23744],[74.95658,13.23863],[74.95892,13.2411],[74.95967,13.23225],[74.9654,13.22748],[74.96901,13.21863],[74.97008,13.21839],[74.9681,13.21604],[74.96835,13.21427],[74.9798,13.20504],[74.98113,13.20197],[74.98106,13.20055],[74.9817,13.20073],[74.9817,13.20013],[74.98013,13.19882],[74.98006,13.19821],[74.97887,13.19774],[74.97915,13.1966],[74.97659,13.19583],[74.97569,13.19468],[74.97584,13.1941],[74.97475,13.19365],[74.97432,13.19467],[74.9728,13.19434],[74.96845,13.19112],[74.96889,13.18846],[74.97128,13.18122],[74.97124,13.17987],[74.96997,13.17954],[74.97048,13.17737],[74.96656,13.17496],[74.96511,13.17523],[74.96476,13.17623],[74.96205,13.17555],[74.96053,13.17323],[74.96052,13.17201],[74.9596,13.17056],[74.96107,13.16898],[74.96169,13.16907],[74.96213,13.16798],[74.96446,13.17023],[74.96681,13.16708],[74.96603,13.16586],[74.96675,13.16502],[74.96798,13.16445],[74.96815,13.16492],[74.97028,13.16378],[74.97111,13.16404],[74.97129,13.1632],[74.97377,13.16262],[74.97658,13.1626],[74.9792,13.16],[74.98078,13.15965],[74.98523,13.1569],[74.98741,13.15662],[74.98815,13.15771],[74.99001,13.158],[74.99053,13.15904],[74.99167,13.15871],[74.9922,13.15778],[74.99302,13.1587],[74.99467,13.15433],[75.00288,13.17057],[75.00392,13.17039],[75.00423,13.17105],[75.00564,13.16917],[75.00597,13.16978],[75.00747,13.16966],[75.00963,13.16879],[75.01012,13.16855],[75.01013,13.16786],[75.01203,13.16671],[75.01223,13.16726],[75.01762,13.16711],[75.0173,13.16847],[75.01828,13.16895],[75.02209,13.16883],[75.02204,13.17034],[75.02326,13.17302],[75.02639,13.17084],[75.03168,13.16987],[75.03289,13.17224],[75.03584,13.17455],[75.03527,13.17658],[75.03836,13.17756],[75.03811,13.17985],[75.03903,13.17978],[75.03944,13.18188],[75.04193,13.18235],[75.04474,13.18166],[75.04803,13.18426],[75.05057,13.18494],[75.0525,13.18704],[75.05184,13.18832],[75.05202,13.18951],[75.05124,13.19209],[75.0501,13.19312],[75.04925,13.19533],[75.04906,13.19803],[75.04738,13.19973],[75.04633,13.20012],[75.04673,13.20185],[75.04643,13.20386],[75.04769,13.20446],[75.04754,13.20746],[75.04849,13.20749],[75.04836,13.21139],[75.047,13.21232],[75.04734,13.21212],[75.04903,13.21438],[75.04857,13.21988],[75.04173,13.22508],[75.04079,13.2239],[75.03976,13.21939],[75.03401,13.22181],[75.03396,13.22227],[75.03011,13.2246],[75.02842,13.22467],[75.02807,13.22659],[75.0253,13.22716],[75.022,13.22675],[75.02162,13.22745],[75.02047,13.22744],[75.02043,13.22796],[75.01533,13.23238],[75.01212,13.23287],[75.01173,13.23258],[75.01168,13.23438],[75.0123,13.23577],[75.01037,13.23754],[75.00936,13.24236],[75.00586,13.2438],[75.00268,13.24366],[75.0015,13.24502],[75.00074,13.24741],[74.99888,13.24739],[74.99815,13.24818],[74.99801,13.24906],[74.99907,13.25152],[74.99991,13.25218],[75.00111,13.25221],[75.00333,13.25517],[75.00782,13.25539],[75.01103,13.25297],[75.01147,13.25495],[75.01413,13.25722],[75.02173,13.25784],[75.02226,13.25905],[75.02184,13.25895],[75.01993,13.26076],[75.02002,13.26294],[75.02418,13.26067]]]}},{"type":"Feature","properties":{"unitId":756,"unitName":"Karkala Town PS"},"geometry":{"type":"Polygon","coordinates":[[[74.92461,13.32437],[74.93956,13.31975],[74.94639,13.32101],[74.94711,13.32049],[74.9489,13.32111],[74.95124,13.31753],[74.95527,13.31774],[74.95921,13.31928],[74.96047,13.31765],[74.96305,13.31637],[74.96336,13.31394],[74.96614,13.31321],[74.96794,13.31201],[74.96735,13.30482],[74.97009,13.30207],[74.97081,13.30211],[74.97353,13.30003],[74.97667,13.29955],[74.98123,13.29377],[74.98633,13.29537],[74.98888,13.29439],[74.99078,13.29217],[74.99178,13.29179],[74.99334,13.28887],[74.99554,13.28918],[74.99637,13.28789],[75.00619,13.28191],[75.00846,13.27756],[75.02044,13.26298],[75.02002,13.26294],[75.01993,13.26076],[75.02232,13.25864],[75.02173,13.25784],[75.01413,13.25722],[75.01147,13.25495],[75.01103,13.25297],[75.00782,13.25539],[75.00333,13.25517],[75.00111,13.25221],[74.99991,13.25218],[74.99907,13.25152],[74.99801,13.24906],[74.99815,13.24818],[74.99888,13.24739],[75.00074,13.24741],[75.0015,13.24502],[75.00268,13.24366],[75.00586,13.2438],[75.00936,13.24236],[75.01037,13.23754],[75.0123,13.23577],[75.01168,13.23438],[75.01173,13.23258],[75.01212,13.23287],[75.01533,13.23238],[75.02043,13.22796],[75.02047,13.22744],[75.02162,13.22745],[75.022,13.22675],[75.0253,13.22716],[75.02807,13.22659],[75.02842,13.22467],[75.03011,13.2246],[75.03396,13.22227],[75.03401,13.22181],[75.03976,13.21939],[75.04079,13.2239],[75.04173,13.22508],[75.04857,13.21988],[75.04903,13.21438],[75.04734,13.21212],[75.047,13.21232],[75.04836,13.21139],[75.04849,13.20749],[75.04754,13.20746],[75.04769,13.20446],[75.04643,13.20386],[75.04673,13.20185],[75.04631,13.20035],[75.04906,13.19803],[75.04925,13.19533],[75.0501,13.19312],[75.05124,13.19209],[75.05202,13.18951],[75.05184,13.18832],[75.0525,13.18704],[75.05188,13.18594],[75.05001,13.18467],[75.04803,13.18426],[75.04474,13.18166],[75.04193,13.18235],[75.03944,13.18188],[75.03903,13.17978],[75.03811,13.17985],[75.03836,13.17756],[75.03527,13.17658],[75.03584,13.17455],[75.03289,13.17224],[75.03168,13.16987],[75.02639,13.17084],[75.02326,13.17302],[75.02204,13.17034],[75.02209,13.16883],[75.01828,13.16895],[75.0173,13.16847],[75.01762,13.16711],[75.01223,13.16726],[75.01203,13.16671],[75.01013,13.16786],[75.01012,13.16855],[75.00963,13.16879],[75.00747,13.16966],[75.00597,13.16978],[75.00564,13.16917],[75.00423,13.17105],[75.00392,13.17039],[75.00288,13.17057],[74.99467,13.15433],[74.99302,13.1587],[74.9922,13.15778],[74.99167,13.15871],[74.99053,13.15904],[74.99001,13.158],[74.98815,13.15771],[74.98741,13.15662],[74.98523,13.1569],[74.98078,13.15965],[74.9792,13.16],[74.97658,13.1626],[74.97377,13.16262],[74.97129,13.1632],[74.97111,13.16404],[74.97028,13.16378],[74.96815,13.16492],[74.96798,13.16445],[74.96675,13.16502],[74.96603,13.16586],[74.96681,13.16708],[74.96446,13.17023],[74.96213,13.16798],[74.96169,13.16907],[74.96107,13.16898],[74.9596,13.17056],[74.96052,13.17201],[74.96053,13.17323],[74.96205,13.17555],[74.96476,13.17623],[74.96511,13.17523],[74.96656,13.17496],[74.97048,13.17737],[74.96997,13.17954],[74.97124,13.17987],[74.97128,13.18122],[74.96889,13.18846],[74.96845,13.19112],[74.9728,13.19434],[74.97432,13.19467],[74.97475,13.19365],[74.97584,13.1941],[74.97569,13.19468],[74.97659,13.19583],[74.97915,13.1966],[74.97887,13.19774],[74.98006,13.19821],[74.98013,13.19882],[74.9817,13.20013],[74.9817,13.20073],[74.98106,13.20055],[74.98113,13.20197],[74.9798,13.20504],[74.96835,13.21427],[74.9681,13.21604],[74.97008,13.21839],[74.96901,13.21863],[74.9654,13.22748],[74.95967,13.23225],[74.95892,13.2411],[74.95658,13.23863],[74.95649,13.23744],[74.95483,13.2376],[74.94959,13.23597],[74.94567,13.2281],[74.94203,13.22862],[74.94108,13.22836],[74.94007,13.22913],[74.93283,13.22911],[74.93235,13.23089],[74.93033,13.23051],[74.93024,13.23197],[74.92962,13.23179],[74.92726,13.23434],[74.92663,13.23566],[74.92561,13.23622],[74.92471,13.23539],[74.92239,13.23559],[74.92186,13.23741],[74.91976,13.23703],[74.91624,13.2376],[74.91638,13.23714],[74.91544,13.23671],[74.91491,13.23722],[74.91047,13.23761],[74.90906,13.23692],[74.90882,13.23773],[74.90797,13.23752],[74.90852,13.23692],[74.90766,13.23649],[74.90622,13.23404],[74.90519,13.23347],[74.9038,13.23364],[74.89913,13.22927],[74.89803,13.22762],[74.89469,13.22539],[74.89444,13.22419],[74.89497,13.22258],[74.8924,13.22185],[74.89226,13.22033],[74.89171,13.21974],[74.88749,13.22056],[74.88674,13.21949],[74.88493,13.21854],[74.88495,13.21918],[74.87876,13.22108],[74.87668,13.22239],[74.87563,13.22226],[74.87562,13.22176],[74.87397,13.22359],[74.87107,13.22442],[74.86661,13.22111],[74.86533,13.22177],[74.86467,13.22048],[74.86409,13.22053],[74.86381,13.21873],[74.86309,13.21851],[74.86209,13.21964],[74.86215,13.22119],[74.86027,13.22566],[74.85573,13.23118],[74.8545,13.23527],[74.85698,13.23875],[74.85623,13.24485],[74.85835,13.2479],[74.85807,13.24966],[74.85683,13.25023],[74.85481,13.25303],[74.85451,13.25739],[74.84822,13.26188],[74.84444,13.26395],[74.84501,13.26554],[74.84627,13.26641],[74.84778,13.26866],[74.84819,13.27134],[74.84758,13.27184],[74.8476,13.27389],[74.85106,13.27294],[74.85291,13.27401],[74.85706,13.27323],[74.85738,13.27357],[74.86,13.27239],[74.86016,13.27464],[74.86217,13.27495],[74.86306,13.27583],[74.86226,13.27727],[74.86322,13.2778],[74.86385,13.27895],[74.86838,13.27822],[74.87104,13.27705],[74.87222,13.27425],[74.87638,13.26788],[74.88715,13.26683],[74.88805,13.26912],[74.89403,13.26949],[74.89764,13.27358],[74.89768,13.27499],[74.89981,13.27718],[74.90168,13.28323],[74.89784,13.28918],[74.88987,13.29883],[74.88855,13.30234],[74.88847,13.30376],[74.88939,13.30403],[74.89048,13.30672],[74.89515,13.30671],[74.8969,13.30925],[74.90738,13.31135],[74.915,13.31939],[74.91716,13.32041],[74.91716,13.32254],[74.91743,13.32305],[74.91793,13.32278],[74.91798,13.32336],[74.91639,13.32597],[74.91576,13.32996],[74.92128,13.32752],[74.92461,13.32437]]]}},{"type":"Feature","properties":{"unitId":757,"unitName":"Byndoor PS"},"geometry":{"type":"Polygon","coordinates":[[[74.67798,13.96312],[74.67803,13.96006],[74.67761,13.95929],[74.67927,13.95755],[74.68264,13.95629],[74.68548,13.9568],[74.68732,13.95668],[74.68816,13.95617],[74.68876,13.95497],[74.69179,13.9534],[74.69437,13.94714],[74.69355,13.94564],[74.69348,13.9407],[74.69005,13.93875],[74.68557,13.93909],[74.6824,13.93579],[74.682,13.93499],[74.68233,13.93426],[74.6839,13.93409],[74.68663,13.92976],[74.69035,13.92573],[74.69206,13.92463],[74.69426,13.92375],[74.69622,13.92389],[74.70342,13.92218],[74.70557,13.9233],[74.70577,13.92195],[74.70696,13.92175],[74.70819,13.92067],[74.70955,13.91743],[74.71156,13.91573],[74.71266,13.91344],[74.71467,13.91144],[74.71497,13.91026],[74.71423,13.90929],[74.71458,13.90893],[74.71336,13.90877],[74.71411,13.90805],[74.71441,13.90593],[74.71338,13.90464],[74.71144,13.90387],[74.71235,13.90367],[74.71351,13.9042],[74.71231,13.90187],[74.72102,13.8841],[74.71957,13.88397],[74.72934,13.86005],[74.753,13.86108],[74.76393,13.84793],[74.78088,13.84651],[74.79519,13.83794],[74.79745,13.83644],[74.79736,13.82813],[74.79612,13.82078],[74.79736,13.81896],[74.79689,13.81829],[74.79166,13.81595],[74.79103,13.81421],[74.78563,13.80627],[74.77884,13.80203],[74.77276,13.78657],[74.77161,13.78671],[74.77017,13.78597],[74.76726,13.78341],[74.76439,13.7834],[74.76223,13.78212],[74.76228,13.78066],[74.76314,13.77937],[74.76393,13.7763],[74.76069,13.7704],[74.75782,13.77056],[74.75044,13.7661],[74.7483,13.76606],[74.74781,13.76748],[74.74634,13.7664],[74.74665,13.76541],[74.74623,13.76502],[74.74439,13.7636],[74.74356,13.76359],[74.74277,13.76407],[74.74122,13.76763],[74.73825,13.76934],[74.7377,13.76849],[74.73233,13.76564],[74.72868,13.769],[74.72443,13.76929],[74.71794,13.77079],[74.71706,13.76899],[74.71449,13.76818],[74.71048,13.76539],[74.70866,13.75911],[74.70591,13.75772],[74.70174,13.75755],[74.6996,13.75964],[74.69894,13.76306],[74.69541,13.76334],[74.68748,13.75933],[74.68482,13.75739],[74.68358,13.75746],[74.68296,13.75675],[74.68214,13.75667],[74.67965,13.75762],[74.67835,13.75725],[74.67797,13.75678],[74.67897,13.75484],[74.67634,13.75351],[74.67513,13.75342],[74.67443,13.75453],[74.67244,13.75543],[74.67011,13.754],[74.66775,13.75381],[74.66352,13.75044],[74.66229,13.75027],[74.66514,13.75004],[74.66567,13.74908],[74.66636,13.74883],[74.66629,13.74691],[74.66877,13.74445],[74.66573,13.73837],[74.66551,13.7338],[74.66701,13.73118],[74.66609,13.73086],[74.66571,13.7314],[74.66511,13.73035],[74.66512,13.72926],[74.6646,13.72932],[74.66379,13.72827],[74.66316,13.72879],[74.66009,13.7282],[74.6581,13.7323],[74.65546,13.736],[74.65391,13.73703],[74.64897,13.73708],[74.64538,13.73626],[74.64299,13.73674],[74.64289,13.73868],[74.63706,13.73857],[74.63019,13.77198],[74.62935,13.77858],[74.6208,13.81416],[74.6214,13.81441],[74.62062,13.81906],[74.61831,13.82676],[74.61861,13.82682],[74.61753,13.82775],[74.6174,13.83125],[74.61558,13.83649],[74.61308,13.84744],[74.60944,13.85895],[74.60775,13.86633],[74.6059,13.87016],[74.60435,13.87127],[74.60518,13.87121],[74.60214,13.87389],[74.60184,13.87523],[74.59713,13.88348],[74.59493,13.89027],[74.59159,13.90665],[74.58987,13.91218],[74.58584,13.92099],[74.58562,13.92238],[74.58328,13.92535],[74.58266,13.92571],[74.58176,13.92549],[74.58297,13.92686],[74.58494,13.92715],[74.58606,13.92816],[74.58594,13.92881],[74.58693,13.92915],[74.58711,13.92994],[74.58841,13.93001],[74.58806,13.93042],[74.58844,13.93089],[74.59033,13.93047],[74.58986,13.93143],[74.59144,13.93187],[74.59208,13.93266],[74.59165,13.93404],[74.59226,13.93402],[74.59245,13.9346],[74.59241,13.9371],[74.5933,13.93868],[74.59301,13.93972],[74.59523,13.94167],[74.59568,13.94117],[74.59578,13.93757],[74.59683,13.93197],[74.59891,13.93221],[74.59995,13.93623],[74.60315,13.93819],[74.6062,13.94079],[74.61868,13.94181],[74.61989,13.94085],[74.62039,13.93542],[74.62666,13.94066],[74.6289,13.94282],[74.62986,13.94468],[74.63155,13.94597],[74.63086,13.94469],[74.63093,13.94376],[74.63273,13.94344],[74.63388,13.944],[74.63483,13.94375],[74.63473,13.94274],[74.63263,13.94089],[74.63334,13.93966],[74.6344,13.94014],[74.63471,13.93948],[74.63506,13.9396],[74.63559,13.94097],[74.63641,13.94097],[74.63708,13.94085],[74.63723,13.93928],[74.63792,13.93889],[74.64003,13.9397],[74.64209,13.93874],[74.64399,13.94093],[74.64753,13.94039],[74.64814,13.9413],[74.64779,13.94371],[74.64909,13.94482],[74.65022,13.94505],[74.65123,13.94406],[74.65142,13.94522],[74.65237,13.94576],[74.65021,13.947],[74.64962,13.94955],[74.64871,13.95003],[74.64812,13.94981],[74.64793,13.95164],[74.6471,13.9533],[74.64656,13.96286],[74.64775,13.9632],[74.65561,13.97382],[74.66471,13.98106],[74.67008,13.9724],[74.66867,13.97119],[74.67,13.9694],[74.67178,13.96887],[74.67346,13.96746],[74.67715,13.96645],[74.67756,13.9659],[74.67657,13.96468],[74.67719,13.96411],[74.67667,13.96395],[74.67798,13.96312]]]}},{"type":"Feature","properties":{"unitId":758,"unitName":"Gangolli PS"},"geometry":{"type":"Polygon","coordinates":[[[74.73059,13.76706],[74.73233,13.76564],[74.73302,13.76566],[74.7377,13.76849],[74.73825,13.76934],[74.74122,13.76763],[74.74277,13.76407],[74.74356,13.76359],[74.74439,13.7636],[74.74623,13.76502],[74.74665,13.76541],[74.74634,13.7664],[74.74781,13.76748],[74.7483,13.76606],[74.75044,13.7661],[74.75168,13.7668],[74.75941,13.75198],[74.76061,13.75142],[74.76301,13.74782],[74.75828,13.73166],[74.75526,13.73234],[74.75378,13.732],[74.75384,13.72985],[74.75485,13.72902],[74.75461,13.72857],[74.74564,13.72867],[74.74331,13.72282],[74.7454,13.71607],[74.74411,13.71604],[74.74337,13.71672],[74.7426,13.71673],[74.7429,13.71585],[74.73904,13.70924],[74.73424,13.70286],[74.74044,13.69477],[74.73917,13.6936],[74.73816,13.69164],[74.73541,13.69052],[74.72879,13.69172],[74.7267,13.69136],[74.72348,13.6927],[74.72093,13.69307],[74.71971,13.69262],[74.71405,13.69227],[74.70423,13.69348],[74.69566,13.69158],[74.68696,13.68694],[74.67974,13.6806],[74.67821,13.68005],[74.67712,13.67837],[74.67421,13.6704],[74.67392,13.66673],[74.6745,13.66397],[74.67897,13.64842],[74.67759,13.64833],[74.67676,13.64157],[74.67363,13.6385],[74.66867,13.63916],[74.66661,13.64148],[74.66525,13.64562],[74.66484,13.6456],[74.66463,13.64959],[74.6627,13.65484],[74.65845,13.65937],[74.65705,13.66022],[74.65232,13.665],[74.65136,13.66531],[74.64878,13.67479],[74.64585,13.68078],[74.64581,13.6831],[74.64481,13.68708],[74.64421,13.68701],[74.64378,13.68898],[74.64391,13.69389],[74.64171,13.70819],[74.64231,13.70845],[74.63962,13.72098],[74.63706,13.73857],[74.64289,13.73868],[74.64299,13.73674],[74.64538,13.73626],[74.64897,13.73708],[74.65391,13.73703],[74.65546,13.736],[74.6581,13.7323],[74.66009,13.7282],[74.66316,13.72879],[74.66379,13.72827],[74.6646,13.72932],[74.66512,13.72926],[74.66511,13.73035],[74.66571,13.7314],[74.66609,13.73086],[74.66701,13.73118],[74.66551,13.7338],[74.66573,13.73837],[74.66877,13.74445],[74.66629,13.74691],[74.66636,13.74883],[74.66567,13.74908],[74.66514,13.75004],[74.66229,13.75027],[74.66352,13.75044],[74.66678,13.75333],[74.66883,13.75416],[74.67011,13.754],[74.67244,13.75543],[74.67443,13.75453],[74.67513,13.75342],[74.67634,13.75351],[74.67897,13.75484],[74.67797,13.75678],[74.67835,13.75725],[74.67965,13.75762],[74.68214,13.75667],[74.68296,13.75675],[74.68358,13.75746],[74.68482,13.75739],[74.68748,13.75933],[74.69541,13.76334],[74.69894,13.76306],[74.6996,13.75964],[74.70174,13.75755],[74.70591,13.75772],[74.70866,13.75911],[74.71048,13.76539],[74.71449,13.76818],[74.71706,13.76899],[74.71794,13.77079],[74.72443,13.76929],[74.72868,13.769],[74.73059,13.76706]]]}},{"type":"Feature","properties":{"unitId":759,"unitName":"Kollur PS"},"geometry":{"type":"Polygon","coordinates":[[[74.7711,13.91256],[74.78929,13.90841],[74.79085,13.90728],[74.79206,13.90335],[74.79283,13.90614],[74.80046,13.90841],[74.80005,13.90958],[74.80251,13.90707],[74.80551,13.90574],[74.81658,13.90672],[74.81899,13.90795],[74.82869,13.90155],[74.83348,13.90182],[74.83549,13.89916],[74.83771,13.89855],[74.84049,13.89191],[74.84148,13.89303],[74.84373,13.89186],[74.84687,13.88775],[74.84763,13.88712],[74.84935,13.88676],[74.84988,13.88558],[74.85547,13.88051],[74.85906,13.87284],[74.85898,13.87124],[74.85964,13.86929],[74.863,13.86563],[74.86732,13.85889],[74.87005,13.85628],[74.87075,13.85626],[74.87109,13.85683],[74.87295,13.85599],[74.87603,13.8562],[74.87806,13.85864],[74.87939,13.85896],[74.88067,13.85997],[74.88,13.86033],[74.87927,13.86339],[74.87951,13.86397],[74.88249,13.86695],[74.8832,13.86635],[74.88542,13.8678],[74.8888,13.86726],[74.89263,13.86563],[74.89451,13.86633],[74.89734,13.86509],[74.89836,13.86384],[74.90115,13.86326],[74.90227,13.86204],[74.90342,13.86232],[74.90902,13.86119],[74.90959,13.86025],[74.9109,13.86008],[74.91537,13.85246],[74.91322,13.84945],[74.91412,13.84717],[74.91284,13.84543],[74.91285,13.84465],[74.91411,13.84339],[74.91391,13.8427],[74.91501,13.84162],[74.91411,13.83662],[74.91549,13.83418],[74.9143,13.82494],[74.91369,13.8244],[74.91413,13.82338],[74.91369,13.82213],[74.91972,13.82562],[74.92031,13.82497],[74.92353,13.81577],[74.92002,13.81392],[74.92497,13.80702],[74.92486,13.80198],[74.93297,13.79672],[74.93271,13.78681],[74.93108,13.78245],[74.93112,13.78061],[74.92686,13.78078],[74.90851,13.76785],[74.90542,13.76821],[74.90444,13.7696],[74.90248,13.76786],[74.8967,13.77111],[74.89483,13.76838],[74.89353,13.76922],[74.8962,13.77068],[74.89687,13.77275],[74.89415,13.77165],[74.89331,13.77454],[74.89442,13.77696],[74.8911,13.77688],[74.89033,13.77568],[74.88826,13.77454],[74.88873,13.77739],[74.88785,13.77761],[74.88675,13.77666],[74.88546,13.77667],[74.88313,13.77417],[74.88218,13.77194],[74.8801,13.77002],[74.87643,13.76812],[74.87402,13.76916],[74.87049,13.76708],[74.87105,13.76651],[74.87409,13.76591],[74.87611,13.76421],[74.87709,13.76005],[74.87867,13.75783],[74.87905,13.75506],[74.87973,13.75461],[74.87875,13.75389],[74.87543,13.75524],[74.87615,13.75294],[74.87477,13.7499],[74.87222,13.74813],[74.86968,13.74737],[74.87,13.74543],[74.86788,13.7367],[74.86944,13.73413],[74.86938,13.73008],[74.8713,13.72814],[74.86935,13.72485],[74.87201,13.72086],[74.872,13.71667],[74.86411,13.70746],[74.8668,13.70531],[74.86791,13.70194],[74.86693,13.7002],[74.86315,13.69767],[74.86221,13.69398],[74.85448,13.69349],[74.84272,13.6935],[74.83973,13.69441],[74.83931,13.69563],[74.83829,13.69567],[74.83712,13.69564],[74.83489,13.69342],[74.83332,13.69571],[74.83162,13.69562],[74.8306,13.69608],[74.83,13.6955],[74.82772,13.69548],[74.82612,13.69332],[74.82511,13.69284],[74.81926,13.69825],[74.80844,13.69661],[74.80619,13.69753],[74.80512,13.69851],[74.80307,13.69893],[74.80082,13.70421],[74.80105,13.70614],[74.79996,13.70648],[74.79578,13.70553],[74.79585,13.70675],[74.79483,13.70836],[74.79376,13.70662],[74.79163,13.7056],[74.79114,13.7049],[74.78826,13.70435],[74.78612,13.7025],[74.78628,13.70093],[74.78471,13.6986],[74.77807,13.6969],[74.77554,13.70104],[74.77455,13.69965],[74.77181,13.69835],[74.77057,13.69877],[74.76853,13.70143],[74.7629,13.70193],[74.76131,13.70365],[74.76,13.70288],[74.75929,13.70118],[74.75779,13.69957],[74.75587,13.69843],[74.75269,13.69794],[74.75032,13.69514],[74.74829,13.69465],[74.74141,13.6953],[74.74044,13.69477],[74.73424,13.70286],[74.73904,13.70924],[74.7429,13.71585],[74.7426,13.71673],[74.74337,13.71672],[74.74411,13.71604],[74.7454,13.71607],[74.74331,13.72282],[74.74564,13.72867],[74.75461,13.72857],[74.75485,13.72902],[74.75384,13.72985],[74.75378,13.732],[74.75526,13.73234],[74.75828,13.73166],[74.76301,13.74782],[74.76061,13.75142],[74.75941,13.75198],[74.75168,13.7668],[74.75782,13.77056],[74.76069,13.7704],[74.76393,13.7763],[74.76314,13.77937],[74.76228,13.78066],[74.76223,13.78212],[74.76439,13.7834],[74.76726,13.78341],[74.77017,13.78597],[74.77161,13.78671],[74.77276,13.78657],[74.77884,13.80203],[74.78563,13.80627],[74.79103,13.81421],[74.79166,13.81595],[74.79689,13.81829],[74.79736,13.81896],[74.79612,13.82078],[74.79736,13.82813],[74.79745,13.83644],[74.78088,13.84651],[74.76393,13.84793],[74.753,13.86108],[74.72934,13.86005],[74.71957,13.88397],[74.72102,13.8841],[74.71231,13.90187],[74.71241,13.90249],[74.71351,13.9042],[74.71768,13.90486],[74.71985,13.90467],[74.72143,13.90517],[74.72251,13.9048],[74.72356,13.90579],[74.72627,13.90619],[74.72754,13.90713],[74.73017,13.90701],[74.73079,13.90757],[74.73311,13.90772],[74.73435,13.90912],[74.73535,13.90898],[74.73763,13.91014],[74.7453,13.90977],[74.7498,13.90731],[74.75365,13.90739],[74.7572,13.90653],[74.76315,13.91234],[74.76485,13.91167],[74.77113,13.91381],[74.7711,13.91256]]]}},{"type":"Feature","properties":{"unitId":760,"unitName":"Udupi DCB. Special PS"},"geometry":{"type":"Polygon","coordinates":[[[74.744,13.39416],[74.7466,13.38888],[74.74795,13.3844],[74.74906,13.38377],[74.74851,13.38217],[74.75349,13.3782],[74.75529,13.37832],[74.75803,13.37988],[74.76,13.37969],[74.75976,13.38144],[74.76072,13.38285],[74.76283,13.38222],[74.76109,13.37501],[74.7611,13.37069],[74.76285,13.36554],[74.7669,13.35913],[74.76904,13.34914],[74.77057,13.34466],[74.77134,13.33407],[74.77085,13.32879],[74.77218,13.32854],[74.77269,13.32777],[74.77412,13.32777],[74.7757,13.32554],[74.77159,13.32001],[74.77227,13.31717],[74.76939,13.31403],[74.77077,13.31147],[74.77042,13.31138],[74.77086,13.31057],[74.77028,13.31043],[74.77014,13.30945],[74.77149,13.30701],[74.77178,13.30534],[74.77104,13.3052],[74.77105,13.30456],[74.77209,13.3043],[74.77274,13.30321],[74.77226,13.30223],[74.77138,13.30238],[74.7717,13.29948],[74.77078,13.29887],[74.76913,13.29919],[74.76783,13.29759],[74.76569,13.29666],[74.76441,13.29478],[74.76312,13.29431],[74.762,13.29484],[74.76102,13.29876],[74.76016,13.30051],[74.75927,13.30111],[74.75949,13.30433],[74.7585,13.30492],[74.75834,13.30636],[74.75678,13.30653],[74.75552,13.30594],[74.75521,13.30647],[74.75115,13.30583],[74.74993,13.30631],[74.74504,13.30533],[74.74433,13.30699],[74.74368,13.30682],[74.74321,13.30732],[74.74258,13.3092],[74.74363,13.30939],[74.74478,13.31094],[74.74498,13.31157],[74.74394,13.31343],[74.7442,13.3141],[74.7392,13.31401],[74.73865,13.31327],[74.73492,13.31226],[74.73172,13.31154],[74.72931,13.3117],[74.72764,13.31109],[74.72645,13.31266],[74.72446,13.31201],[74.72245,13.31208],[74.72206,13.31267],[74.72262,13.31288],[74.72252,13.31329],[74.72203,13.31318],[74.7216,13.31606],[74.72112,13.31581],[74.72134,13.31506],[74.71719,13.31376],[74.71763,13.3107],[74.71722,13.31064],[74.71481,13.32129],[74.71617,13.3213],[74.71654,13.31956],[74.71959,13.31904],[74.71959,13.32021],[74.72099,13.32041],[74.72014,13.32197],[74.72064,13.32206],[74.72097,13.32128],[74.72503,13.32273],[74.72709,13.32299],[74.72711,13.32332],[74.72761,13.32334],[74.72771,13.32264],[74.73165,13.32313],[74.7316,13.32187],[74.73212,13.32182],[74.73214,13.32135],[74.73149,13.32124],[74.73209,13.32126],[74.73214,13.32088],[74.73108,13.32053],[74.73181,13.31922],[74.73298,13.31904],[74.73445,13.31977],[74.73447,13.31926],[74.73578,13.31909],[74.73639,13.3198],[74.73637,13.31912],[74.73819,13.31899],[74.73933,13.31961],[74.74069,13.31954],[74.74064,13.32187],[74.74192,13.3225],[74.74204,13.32579],[74.74354,13.32562],[74.74346,13.32861],[74.74113,13.3261],[74.74279,13.32891],[74.73955,13.32898],[74.7401,13.32955],[74.7401,13.33468],[74.73906,13.33526],[74.73894,13.33631],[74.73639,13.3365],[74.73629,13.33693],[74.73477,13.3352],[74.73362,13.33497],[74.72835,13.33568],[74.72728,13.33613],[74.72688,13.3371],[74.72622,13.33707],[74.72603,13.3376],[74.72518,13.33711],[74.72412,13.33909],[74.72325,13.33908],[74.72285,13.33997],[74.72186,13.33976],[74.72219,13.34083],[74.72129,13.34166],[74.72129,13.34226],[74.72031,13.34273],[74.71948,13.342],[74.71842,13.34271],[74.71886,13.34458],[74.71842,13.34473],[74.71829,13.34572],[74.71878,13.34585],[74.71824,13.34754],[74.71947,13.34749],[74.72055,13.34955],[74.7223,13.34937],[74.72752,13.35055],[74.72782,13.34932],[74.72884,13.34931],[74.72904,13.34975],[74.73226,13.35068],[74.73242,13.35322],[74.73312,13.3533],[74.73297,13.35401],[74.735,13.35451],[74.73524,13.35568],[74.73565,13.35564],[74.73532,13.3567],[74.73393,13.35699],[74.73301,13.35814],[74.73405,13.36122],[74.73272,13.36204],[74.73196,13.36393],[74.73095,13.36414],[74.73084,13.36705],[74.72767,13.37197],[74.72882,13.37288],[74.72993,13.3757],[74.73036,13.37923],[74.73352,13.37948],[74.73296,13.38529],[74.73451,13.38521],[74.73493,13.38645],[74.73778,13.38593],[74.73755,13.3904],[74.74106,13.39214],[74.74114,13.3932],[74.744,13.39416]]]}},{"type":"Feature","properties":{"unitId":761,"unitName":"Amasebailu PS"},"geometry":{"type":"Polygon","coordinates":[[[74.97716,13.71999],[74.97883,13.71638],[74.98734,13.71913],[74.9876,13.71337],[74.99967,13.71064],[75.00048,13.71081],[75.0005,13.71144],[75.00243,13.71192],[75.00326,13.71036],[75.00303,13.70962],[75.00352,13.70804],[75.00504,13.70878],[75.00692,13.70847],[75.00695,13.7073],[75.0089,13.70729],[75.00904,13.70488],[75.01206,13.70312],[75.01452,13.69966],[75.01708,13.69971],[75.01787,13.69877],[75.01926,13.69904],[75.01986,13.69828],[75.0201,13.69713],[75.01951,13.69671],[75.0194,13.69449],[75.01694,13.69381],[75.01595,13.6944],[75.0154,13.69387],[75.0144,13.69396],[75.01408,13.69245],[75.01234,13.69233],[75.01192,13.69153],[75.00923,13.69176],[75.00773,13.69074],[75.00829,13.69041],[75.00934,13.69105],[75.01068,13.69068],[75.00956,13.68916],[75.0098,13.68769],[75.01048,13.68717],[75.00946,13.68489],[75.00888,13.68495],[75.00886,13.68285],[75.00937,13.6827],[75.00853,13.67898],[75.00937,13.67675],[75.01032,13.67697],[75.012,13.67635],[75.01355,13.67761],[75.01606,13.67769],[75.0167,13.67687],[75.02198,13.67458],[75.02194,13.67405],[75.02297,13.67288],[75.02382,13.67392],[75.02671,13.67041],[75.02612,13.66991],[75.02656,13.66769],[75.02629,13.66637],[75.0242,13.66599],[75.02157,13.66141],[75.02012,13.66183],[75.0197,13.66293],[75.01876,13.66262],[75.01835,13.66314],[75.0159,13.66349],[75.01233,13.66588],[75.01251,13.66497],[75.00802,13.66007],[75.00816,13.65796],[75.00989,13.65675],[75.01057,13.65498],[75.00942,13.65382],[75.00842,13.65383],[75.00757,13.65306],[75.00865,13.64498],[75.01365,13.64181],[75.01121,13.63466],[75.01856,13.62848],[75.02625,13.62798],[75.02969,13.62193],[75.03359,13.62115],[75.03522,13.61728],[75.03833,13.61579],[75.05053,13.61598],[75.05357,13.61112],[75.05606,13.61047],[75.05697,13.61097],[75.05774,13.60814],[75.05901,13.60714],[75.06065,13.60685],[75.06248,13.60242],[75.06194,13.60243],[75.06123,13.60049],[75.06124,13.59655],[75.06262,13.59553],[75.06132,13.59334],[75.06139,13.5923],[75.06067,13.59159],[75.05992,13.58871],[75.0593,13.58827],[75.05827,13.58888],[75.05733,13.58827],[75.05758,13.58683],[75.05686,13.58625],[75.0565,13.58506],[75.05258,13.5846],[75.05147,13.58311],[75.04898,13.58307],[75.04767,13.58514],[75.04511,13.58518],[75.0451,13.58403],[75.0437,13.58204],[75.04055,13.57413],[75.0401,13.57346],[75.03958,13.57377],[75.03784,13.57346],[75.03719,13.57259],[75.0383,13.56941],[75.03801,13.56874],[75.03904,13.56642],[75.03852,13.56494],[75.04223,13.56354],[75.04288,13.56163],[75.0446,13.5605],[75.04604,13.55859],[75.04516,13.55575],[75.04559,13.5539],[75.04732,13.55401],[75.04849,13.55476],[75.05016,13.55443],[75.05258,13.55311],[75.0541,13.55047],[75.05355,13.54859],[75.05639,13.5417],[75.05374,13.53617],[75.05855,13.53544],[75.06039,13.53243],[75.063,13.5354],[75.06576,13.53688],[75.06768,13.53397],[75.06824,13.53212],[75.06531,13.52569],[75.0635,13.52227],[75.06112,13.52017],[75.06479,13.51934],[75.06891,13.52998],[75.07061,13.53089],[75.07106,13.52849],[75.07371,13.52717],[75.07279,13.52568],[75.07358,13.52393],[75.07828,13.52106],[75.07568,13.51864],[75.07516,13.51651],[75.07378,13.51552],[75.07402,13.51444],[75.07589,13.51497],[75.07681,13.51428],[75.05593,13.51495],[75.03775,13.5148],[75.03505,13.51658],[75.03277,13.5163],[75.03214,13.51542],[75.03086,13.51568],[75.03178,13.51792],[75.03088,13.51826],[75.03038,13.51772],[75.03025,13.51824],[75.02723,13.51775],[75.02708,13.51591],[75.0242,13.51568],[75.02393,13.51446],[75.02241,13.5137],[75.02004,13.51346],[75.01881,13.51007],[75.01921,13.50874],[75.02081,13.50864],[75.0204,13.50626],[75.01696,13.50785],[75.01096,13.5129],[75.01044,13.51059],[75.00957,13.51007],[75.00783,13.51145],[75.0071,13.51122],[75.00706,13.51164],[75.00628,13.51161],[75.00625,13.51096],[75.00492,13.51047],[75.00541,13.51],[75.00524,13.50924],[75.00288,13.51083],[75.00253,13.51214],[75.00111,13.51319],[74.99909,13.51371],[74.99848,13.51461],[74.998,13.51941],[74.98731,13.52415],[74.98778,13.52602],[74.98997,13.52826],[74.99017,13.52915],[74.9899,13.53078],[74.98901,13.53234],[74.98912,13.53342],[74.97846,13.54093],[74.9787,13.54259],[74.97782,13.54355],[74.9683,13.54245],[74.96799,13.54195],[74.96726,13.54213],[74.95999,13.54022],[74.95748,13.54067],[74.95749,13.54025],[74.95541,13.53937],[74.9537,13.53801],[74.95309,13.53848],[74.95016,13.53817],[74.94749,13.53896],[74.94689,13.54029],[74.94736,13.54138],[74.94925,13.54185],[74.95059,13.54371],[74.9504,13.5448],[74.94897,13.54545],[74.9493,13.54668],[74.94892,13.54893],[74.94999,13.55005],[74.95182,13.55056],[74.95275,13.55183],[74.95336,13.5534],[74.95316,13.55565],[74.95388,13.55682],[74.95377,13.55789],[74.95415,13.55918],[74.9553,13.56059],[74.95447,13.56547],[74.95318,13.56631],[74.95451,13.56873],[74.95588,13.56951],[74.95588,13.57032],[74.95425,13.57218],[74.95223,13.57294],[74.95169,13.5737],[74.95082,13.57352],[74.95029,13.57274],[74.94573,13.57994],[74.94567,13.58096],[74.94141,13.58276],[74.94129,13.58771],[74.94165,13.58809],[74.93889,13.58955],[74.93769,13.59436],[74.93591,13.5952],[74.92875,13.58978],[74.91978,13.58967],[74.92046,13.58752],[74.92099,13.5873],[74.92616,13.57978],[74.92445,13.58009],[74.92327,13.57953],[74.92081,13.57995],[74.91649,13.58656],[74.91382,13.58711],[74.90947,13.58274],[74.90826,13.58219],[74.90826,13.58025],[74.90617,13.5798],[74.90366,13.58031],[74.90348,13.58124],[74.90702,13.58226],[74.90662,13.58464],[74.90753,13.58665],[74.90736,13.58752],[74.90807,13.58783],[74.90874,13.58911],[74.90818,13.58966],[74.90657,13.58919],[74.90693,13.59048],[74.90487,13.59426],[74.9048,13.59612],[74.90127,13.60103],[74.90156,13.60141],[74.90068,13.60389],[74.901,13.60415],[74.90028,13.60566],[74.90879,13.60495],[74.91268,13.60543],[74.91458,13.60861],[74.91545,13.61219],[74.92095,13.61558],[74.92147,13.61884],[74.92771,13.62159],[74.9294,13.62285],[74.92984,13.62595],[74.93112,13.62849],[74.93276,13.62977],[74.93475,13.62996],[74.93551,13.63135],[74.93517,13.6315],[74.93488,13.63669],[74.93579,13.63833],[74.93912,13.64186],[74.94078,13.64258],[74.94099,13.64626],[74.93831,13.64591],[74.93696,13.6474],[74.93764,13.64537],[74.93263,13.6476],[74.93169,13.64447],[74.92964,13.64423],[74.92779,13.64296],[74.9241,13.64362],[74.92297,13.6461],[74.92246,13.64807],[74.93333,13.65984],[74.93239,13.66256],[74.93405,13.66359],[74.9329,13.66499],[74.93396,13.67226],[74.93207,13.67404],[74.93297,13.67434],[74.93482,13.67717],[74.93613,13.678],[74.93599,13.67987],[74.93547,13.68006],[74.93633,13.68048],[74.9382,13.67901],[74.93906,13.68053],[74.93949,13.68055],[74.9393,13.68095],[74.94073,13.68137],[74.94054,13.68248],[74.94307,13.685],[74.93968,13.68857],[74.93822,13.68752],[74.93675,13.68771],[74.9332,13.68649],[74.93194,13.68721],[74.93286,13.68876],[74.93264,13.69057],[74.93128,13.69071],[74.93088,13.68981],[74.93001,13.68983],[74.92743,13.68709],[74.92725,13.68774],[74.92605,13.68733],[74.92529,13.68809],[74.9235,13.68683],[74.92283,13.68706],[74.92228,13.69024],[74.92126,13.69093],[74.92266,13.69592],[74.92337,13.69633],[74.92199,13.69856],[74.91794,13.70283],[74.91803,13.70445],[74.91908,13.70506],[74.91895,13.70618],[74.9196,13.70818],[74.91985,13.70861],[74.9218,13.70836],[74.93518,13.70653],[74.937,13.70561],[74.9376,13.70573],[74.9386,13.70623],[74.94018,13.71442],[74.94303,13.71955],[74.94312,13.71922],[74.94659,13.7206],[74.94656,13.71997],[74.94785,13.72023],[74.94813,13.72121],[74.94874,13.72136],[74.95028,13.72059],[74.95033,13.71998],[74.94923,13.71922],[74.94988,13.71779],[74.95426,13.71583],[74.95878,13.71476],[74.96235,13.71567],[74.96477,13.71313],[74.96731,13.7133],[74.97006,13.71454],[74.97122,13.71668],[74.97191,13.71647],[74.97313,13.71737],[74.97309,13.71798],[74.97186,13.71813],[74.97194,13.71879],[74.9729,13.71866],[74.97374,13.71787],[74.97471,13.71794],[74.97462,13.72021],[74.9763,13.72151],[74.97716,13.71999]]]}},{"type":"Feature","properties":{"unitId":762,"unitName":"Kundapura PS"},"geometry":{"type":"Polygon","coordinates":[[[74.70123,13.67261],[74.7007,13.67118],[74.6985,13.6718],[74.69841,13.6658],[74.70046,13.66458],[74.70156,13.6655],[74.70213,13.6614],[74.70691,13.66235],[74.70754,13.66444],[74.70469,13.66528],[74.70452,13.66635],[74.70579,13.6666],[74.70694,13.67009],[74.70835,13.66996],[74.71062,13.67305],[74.71068,13.67221],[74.71212,13.67233],[74.71295,13.67079],[74.71364,13.6709],[74.71473,13.67002],[74.7154,13.67171],[74.71861,13.67177],[74.72024,13.67329],[74.72132,13.67252],[74.72079,13.67242],[74.72075,13.67192],[74.72116,13.67187],[74.72101,13.67114],[74.72154,13.67076],[74.72221,13.67101],[74.72192,13.67235],[74.72262,13.67204],[74.72255,13.67136],[74.72378,13.6711],[74.72321,13.66945],[74.7228,13.66944],[74.72258,13.67014],[74.72195,13.66884],[74.72036,13.66903],[74.71985,13.66866],[74.71828,13.6691],[74.71891,13.66798],[74.71798,13.66761],[74.72172,13.65548],[74.71752,13.65169],[74.71258,13.65091],[74.71249,13.65155],[74.71127,13.65127],[74.71197,13.6519],[74.71099,13.65256],[74.71083,13.65081],[74.71112,13.64953],[74.71248,13.64871],[74.7124,13.64747],[74.71282,13.64729],[74.71256,13.64635],[74.71311,13.64538],[74.71207,13.64397],[74.71629,13.6409],[74.71908,13.64013],[74.72064,13.64202],[74.72072,13.64135],[74.72212,13.64047],[74.72469,13.63327],[74.72449,13.63285],[74.72501,13.63289],[74.72495,13.63235],[74.72605,13.63171],[74.72549,13.62887],[74.72602,13.62874],[74.72673,13.6273],[74.7263,13.62685],[74.7263,13.62447],[74.72581,13.62444],[74.7256,13.61798],[74.72205,13.61765],[74.7221,13.61559],[74.72116,13.61357],[74.72121,13.61259],[74.71988,13.61235],[74.72014,13.61168],[74.71962,13.61104],[74.72079,13.60674],[74.72268,13.60697],[74.7233,13.60626],[74.72315,13.60521],[74.7236,13.60506],[74.72463,13.6057],[74.72539,13.60539],[74.72516,13.60443],[74.72586,13.60345],[74.72589,13.60216],[74.7268,13.60185],[74.72431,13.59603],[74.72516,13.59386],[74.72538,13.5916],[74.72437,13.5899],[74.72688,13.58724],[74.72464,13.58215],[74.72687,13.57829],[74.72853,13.57708],[74.73139,13.57597],[74.73064,13.57216],[74.7318,13.57062],[74.73195,13.56853],[74.72944,13.56523],[74.72457,13.56706],[74.72138,13.56738],[74.72067,13.56676],[74.719,13.56667],[74.71875,13.56483],[74.71805,13.56486],[74.71747,13.56091],[74.71679,13.56057],[74.71585,13.5606],[74.71593,13.56133],[74.71253,13.56155],[74.71218,13.56504],[74.71125,13.56597],[74.7115,13.56776],[74.71018,13.56786],[74.70983,13.56866],[74.70957,13.56813],[74.70834,13.56822],[74.70684,13.56761],[74.70695,13.56667],[74.70859,13.56672],[74.7103,13.56614],[74.71031,13.56576],[74.70986,13.56582],[74.70964,13.56369],[74.70249,13.56441],[74.70087,13.56278],[74.70084,13.56187],[74.69829,13.56139],[74.69805,13.56078],[74.69649,13.56075],[74.69645,13.56111],[74.69556,13.56077],[74.69611,13.56045],[74.69594,13.55892],[74.69439,13.55932],[74.69357,13.55636],[74.69188,13.55593],[74.69146,13.55405],[74.69104,13.55385],[74.6914,13.55169],[74.69041,13.5513],[74.69037,13.54974],[74.68997,13.54937],[74.69042,13.54808],[74.68814,13.5485],[74.68815,13.54911],[74.68759,13.5492],[74.68177,13.54864],[74.67864,13.5707],[74.67824,13.57142],[74.67747,13.57145],[74.67487,13.59516],[74.6719,13.60784],[74.67109,13.61525],[74.66949,13.62442],[74.66915,13.62442],[74.66845,13.63082],[74.6706,13.62995],[74.66952,13.63064],[74.66644,13.63959],[74.67363,13.6385],[74.67676,13.64157],[74.67759,13.64833],[74.67897,13.64842],[74.67392,13.66673],[74.67421,13.6704],[74.67712,13.67837],[74.67821,13.68005],[74.67974,13.6806],[74.68696,13.68694],[74.69569,13.69158],[74.69654,13.68942],[74.7051,13.6826],[74.70293,13.67876],[74.70123,13.67261]]]}},{"type":"Feature","properties":{"unitId":763,"unitName":"Kundapura Rural PS"},"geometry":{"type":"Polygon","coordinates":[[[74.79585,13.70675],[74.79578,13.70553],[74.79996,13.70648],[74.80105,13.70614],[74.80082,13.70421],[74.80307,13.69893],[74.80512,13.69851],[74.80764,13.6969],[74.80767,13.68589],[74.80649,13.68327],[74.81142,13.67141],[74.80943,13.66799],[74.80847,13.66735],[74.81493,13.66244],[74.80781,13.65525],[74.80448,13.65369],[74.79762,13.6539],[74.79685,13.65228],[74.79814,13.64704],[74.79757,13.64564],[74.79769,13.64511],[74.79868,13.64504],[74.79894,13.64452],[74.79869,13.64346],[74.79921,13.64173],[74.80072,13.63904],[74.7955,13.63548],[74.78715,13.63212],[74.78496,13.62527],[74.78608,13.62353],[74.78488,13.62322],[74.78582,13.62178],[74.78634,13.62166],[74.78672,13.61983],[74.78812,13.61985],[74.78857,13.61878],[74.78459,13.61623],[74.78525,13.61594],[74.78407,13.61418],[74.78476,13.61394],[74.78601,13.61528],[74.78709,13.61445],[74.7884,13.61217],[74.78977,13.6121],[74.79074,13.60811],[74.79069,13.60637],[74.78803,13.6059],[74.78413,13.60629],[74.78308,13.60535],[74.785,13.60285],[74.78565,13.59921],[74.78747,13.59504],[74.78254,13.59188],[74.77819,13.59356],[74.77771,13.59318],[74.77603,13.59643],[74.77157,13.59578],[74.76984,13.59486],[74.76885,13.59197],[74.76632,13.59137],[74.76487,13.58998],[74.7641,13.58731],[74.76652,13.58617],[74.76774,13.58481],[74.77074,13.57791],[74.77005,13.57728],[74.77071,13.57681],[74.77057,13.57589],[74.7739,13.57553],[74.77649,13.57441],[74.77658,13.5736],[74.77843,13.57102],[74.78123,13.56191],[74.78467,13.55838],[74.78564,13.55594],[74.78693,13.55513],[74.78758,13.55294],[74.78389,13.5508],[74.78379,13.54905],[74.78292,13.54958],[74.78224,13.54935],[74.78209,13.54857],[74.78358,13.54765],[74.78326,13.54673],[74.78396,13.54636],[74.78385,13.54567],[74.79038,13.54724],[74.78448,13.54464],[74.78504,13.54342],[74.78445,13.54256],[74.77772,13.54243],[74.77761,13.54183],[74.77615,13.54165],[74.77515,13.54088],[74.77546,13.54253],[74.77466,13.54292],[74.77376,13.54293],[74.77102,13.54168],[74.76373,13.54558],[74.76145,13.54606],[74.76279,13.54759],[74.76204,13.54878],[74.76154,13.5515],[74.75722,13.55194],[74.75749,13.54953],[74.75713,13.55043],[74.75517,13.55109],[74.75527,13.55161],[74.75469,13.55119],[74.75465,13.55184],[74.7535,13.55191],[74.75402,13.55328],[74.75327,13.55324],[74.75331,13.55364],[74.75267,13.55385],[74.75179,13.55372],[74.7504,13.55564],[74.74966,13.56138],[74.74728,13.56221],[74.74644,13.56388],[74.74683,13.56485],[74.74633,13.56547],[74.74579,13.565],[74.74552,13.56527],[74.74522,13.56853],[74.74581,13.57045],[74.74032,13.56942],[74.73592,13.56963],[74.73195,13.56853],[74.7318,13.57062],[74.73064,13.57216],[74.73139,13.57597],[74.72853,13.57708],[74.72687,13.57829],[74.72464,13.58215],[74.72688,13.58724],[74.72437,13.5899],[74.72538,13.5916],[74.72516,13.59386],[74.72431,13.59603],[74.7268,13.60185],[74.72589,13.60216],[74.72586,13.60345],[74.72516,13.60443],[74.72539,13.60539],[74.72463,13.6057],[74.7236,13.60506],[74.72315,13.60521],[74.7233,13.60626],[74.72268,13.60697],[74.72079,13.60674],[74.71962,13.61104],[74.72014,13.61168],[74.71988,13.61235],[74.72121,13.61259],[74.72116,13.61357],[74.7221,13.61559],[74.72205,13.61765],[74.7256,13.61798],[74.72581,13.62444],[74.7263,13.62447],[74.7263,13.62685],[74.72673,13.6273],[74.72602,13.62874],[74.72549,13.62887],[74.72605,13.63171],[74.72495,13.63235],[74.72501,13.63289],[74.72449,13.63285],[74.72469,13.63327],[74.72212,13.64047],[74.72072,13.64135],[74.72064,13.64202],[74.71908,13.64013],[74.71629,13.6409],[74.71207,13.64397],[74.71311,13.64538],[74.71256,13.64635],[74.71282,13.64729],[74.7124,13.64747],[74.71269,13.64803],[74.7123,13.64895],[74.71158,13.64895],[74.71112,13.64953],[74.71076,13.65178],[74.71122,13.65254],[74.71197,13.6519],[74.71127,13.65127],[74.71249,13.65155],[74.71258,13.65091],[74.71752,13.65169],[74.72172,13.65548],[74.71798,13.66761],[74.71891,13.66798],[74.71828,13.6691],[74.71985,13.66866],[74.72036,13.66903],[74.72195,13.66884],[74.72258,13.67014],[74.7228,13.66944],[74.72321,13.66945],[74.72378,13.6711],[74.72255,13.67136],[74.72262,13.67204],[74.72192,13.67235],[74.72221,13.67101],[74.72154,13.67076],[74.72101,13.67114],[74.72116,13.67187],[74.72075,13.67192],[74.72079,13.67242],[74.72132,13.67252],[74.72024,13.67329],[74.71861,13.67177],[74.7154,13.67171],[74.71473,13.67002],[74.71364,13.6709],[74.71295,13.67079],[74.71212,13.67233],[74.71068,13.67221],[74.71062,13.67305],[74.70835,13.66996],[74.70694,13.67009],[74.70579,13.6666],[74.70452,13.66635],[74.70469,13.66528],[74.70754,13.66444],[74.70691,13.66235],[74.70213,13.6614],[74.70156,13.6655],[74.70046,13.66458],[74.69841,13.6658],[74.6985,13.6718],[74.7007,13.67118],[74.70293,13.67876],[74.7051,13.6826],[74.69654,13.68942],[74.69569,13.69158],[74.70423,13.69348],[74.71405,13.69227],[74.71971,13.69262],[74.72093,13.69307],[74.72348,13.6927],[74.7267,13.69136],[74.72879,13.69172],[74.73541,13.69052],[74.73816,13.69164],[74.73917,13.6936],[74.74141,13.6953],[74.74829,13.69465],[74.75032,13.69514],[74.75269,13.69794],[74.75587,13.69843],[74.75779,13.69957],[74.75929,13.70118],[74.76,13.70288],[74.76131,13.70365],[74.7629,13.70193],[74.76853,13.70143],[74.77057,13.69877],[74.77181,13.69835],[74.77455,13.69965],[74.77554,13.70104],[74.77807,13.6969],[74.78471,13.6986],[74.78628,13.70093],[74.78612,13.7025],[74.78826,13.70435],[74.79114,13.7049],[74.79163,13.7056],[74.79376,13.70662],[74.79483,13.70836],[74.79585,13.70675]]]}},{"type":"Feature","properties":{"unitId":764,"unitName":"Shankaranarayana PS"},"geometry":{"type":"Polygon","coordinates":[[[74.93113,13.77997],[74.93123,13.77589],[74.93226,13.77599],[74.9358,13.77795],[74.93822,13.77715],[74.93816,13.77421],[74.93985,13.77073],[74.95032,13.76207],[74.95228,13.75886],[74.969,13.75431],[74.97112,13.75277],[74.97445,13.75288],[74.98023,13.74674],[74.99606,13.74463],[74.99547,13.73898],[74.99355,13.73636],[74.99361,13.73366],[74.99439,13.73241],[74.99437,13.7309],[74.99373,13.72984],[74.99405,13.72736],[74.99254,13.72657],[74.99282,13.72266],[74.99025,13.72255],[74.98867,13.71936],[74.97883,13.71638],[74.9763,13.72151],[74.97462,13.72021],[74.97471,13.71794],[74.97374,13.71787],[74.9729,13.71866],[74.97194,13.71879],[74.97186,13.71813],[74.97309,13.71798],[74.97313,13.71737],[74.97191,13.71647],[74.97122,13.71668],[74.97006,13.71454],[74.96731,13.7133],[74.96477,13.71313],[74.96235,13.71567],[74.95878,13.71476],[74.95426,13.71583],[74.94988,13.71779],[74.94923,13.71922],[74.95033,13.71998],[74.95028,13.72059],[74.94874,13.72136],[74.94813,13.72121],[74.94785,13.72023],[74.94656,13.71997],[74.94659,13.7206],[74.94312,13.71922],[74.94303,13.71955],[74.94018,13.71442],[74.9386,13.70623],[74.937,13.70561],[74.93518,13.70653],[74.91985,13.70861],[74.91895,13.70618],[74.91908,13.70506],[74.91793,13.70411],[74.91794,13.70283],[74.92199,13.69856],[74.92337,13.69633],[74.92266,13.69592],[74.92126,13.69093],[74.92228,13.69024],[74.92283,13.68706],[74.9235,13.68683],[74.92529,13.68809],[74.92605,13.68733],[74.92725,13.68774],[74.92743,13.68709],[74.93001,13.68983],[74.93088,13.68981],[74.93128,13.69071],[74.93264,13.69057],[74.93286,13.68876],[74.93194,13.68721],[74.9332,13.68649],[74.93675,13.68771],[74.93822,13.68752],[74.93968,13.68857],[74.94307,13.685],[74.94054,13.68248],[74.94073,13.68137],[74.9393,13.68095],[74.93949,13.68055],[74.93906,13.68053],[74.9382,13.67901],[74.93633,13.68048],[74.93547,13.68006],[74.93599,13.67987],[74.93613,13.678],[74.93482,13.67717],[74.93297,13.67434],[74.93207,13.67404],[74.93396,13.67226],[74.9329,13.66499],[74.93405,13.66359],[74.93239,13.66256],[74.93333,13.65984],[74.92246,13.64807],[74.9232,13.64538],[74.92453,13.64336],[74.92779,13.64296],[74.92964,13.64423],[74.93169,13.64447],[74.93263,13.6476],[74.93758,13.64535],[74.93696,13.6474],[74.93831,13.64591],[74.94099,13.64626],[74.94078,13.64258],[74.93912,13.64186],[74.93579,13.63833],[74.93488,13.63669],[74.93517,13.6315],[74.93551,13.63135],[74.93475,13.62996],[74.93276,13.62977],[74.93112,13.62849],[74.92984,13.62595],[74.9294,13.62285],[74.92771,13.62159],[74.92147,13.61884],[74.92095,13.61558],[74.91545,13.61219],[74.91458,13.60861],[74.91268,13.60543],[74.90879,13.60495],[74.90028,13.60566],[74.901,13.60415],[74.90068,13.60389],[74.90156,13.60141],[74.90127,13.60103],[74.9048,13.59612],[74.90487,13.59426],[74.90693,13.59048],[74.90657,13.58919],[74.90818,13.58966],[74.90874,13.58911],[74.90807,13.58783],[74.90736,13.58752],[74.90753,13.58665],[74.90662,13.58464],[74.90702,13.58226],[74.90348,13.58124],[74.90366,13.58031],[74.90617,13.5798],[74.90826,13.58025],[74.90826,13.58219],[74.90947,13.58274],[74.91382,13.58711],[74.91649,13.58656],[74.92081,13.57995],[74.92327,13.57953],[74.92445,13.58009],[74.92616,13.57978],[74.92099,13.5873],[74.92046,13.58752],[74.91978,13.58967],[74.92875,13.58978],[74.93591,13.5952],[74.93769,13.59436],[74.93889,13.58955],[74.94165,13.58809],[74.94129,13.58771],[74.94141,13.58276],[74.94567,13.58096],[74.94573,13.57994],[74.95029,13.57274],[74.95082,13.57352],[74.95169,13.5737],[74.95223,13.57294],[74.95425,13.57218],[74.95588,13.57032],[74.95588,13.56951],[74.95451,13.56873],[74.95318,13.56631],[74.95447,13.56547],[74.9553,13.56059],[74.95415,13.55918],[74.95377,13.55789],[74.95388,13.55682],[74.95316,13.55565],[74.95336,13.5534],[74.95275,13.55183],[74.95182,13.55056],[74.94999,13.55005],[74.94892,13.54893],[74.9493,13.54668],[74.94897,13.54545],[74.9504,13.5448],[74.95059,13.54371],[74.94925,13.54185],[74.94736,13.54138],[74.94689,13.54029],[74.94749,13.53896],[74.95016,13.53817],[74.95309,13.53848],[74.9537,13.53801],[74.95541,13.53937],[74.95749,13.54025],[74.95748,13.54067],[74.95999,13.54022],[74.96726,13.54213],[74.96799,13.54195],[74.9683,13.54245],[74.97782,13.54355],[74.9787,13.54259],[74.97846,13.54093],[74.98912,13.53342],[74.98901,13.53234],[74.9899,13.53078],[74.99017,13.52915],[74.98997,13.52826],[74.98778,13.52602],[74.98731,13.52415],[74.998,13.51941],[74.99848,13.51461],[74.99932,13.51344],[74.99792,13.51389],[74.99605,13.51307],[74.9936,13.51429],[74.99232,13.51434],[74.98804,13.51685],[74.98491,13.51945],[74.98361,13.51925],[74.98348,13.51865],[74.98189,13.5187],[74.97645,13.51491],[74.97658,13.51366],[74.97512,13.51375],[74.97447,13.51309],[74.97364,13.51327],[74.97332,13.51418],[74.97065,13.51353],[74.96553,13.51382],[74.96509,13.51445],[74.96571,13.5145],[74.96552,13.51516],[74.96241,13.51345],[74.96147,13.51205],[74.96061,13.5137],[74.95415,13.51405],[74.95222,13.51307],[74.95228,13.51251],[74.95146,13.5125],[74.95086,13.51154],[74.94946,13.51135],[74.94904,13.51339],[74.94847,13.51306],[74.94725,13.51393],[74.9446,13.51335],[74.94378,13.51199],[74.94207,13.51168],[74.94165,13.51115],[74.94125,13.51138],[74.9361,13.5098],[74.93542,13.50907],[74.93567,13.50676],[74.95109,13.50577],[74.95531,13.50223],[74.95956,13.49966],[74.96379,13.49916],[74.96421,13.49862],[74.96434,13.49669],[74.96242,13.49372],[74.96166,13.49096],[74.96206,13.48979],[74.96166,13.48847],[74.96276,13.48793],[74.94398,13.47984],[74.92583,13.48912],[74.92422,13.48862],[74.91899,13.4916],[74.9143,13.49335],[74.91181,13.49378],[74.91032,13.49312],[74.90855,13.49371],[74.90722,13.49607],[74.90651,13.50095],[74.89995,13.50403],[74.89577,13.50536],[74.89486,13.50612],[74.89392,13.50734],[74.89419,13.50913],[74.90177,13.51679],[74.90465,13.51833],[74.91208,13.51799],[74.91518,13.51894],[74.916,13.5211],[74.91781,13.5237],[74.90741,13.52864],[74.90662,13.52768],[74.90484,13.52867],[74.90366,13.52799],[74.90358,13.52635],[74.90076,13.52569],[74.90033,13.52409],[74.8979,13.52381],[74.89487,13.52159],[74.89102,13.52391],[74.89266,13.53056],[74.88648,13.52995],[74.88164,13.52862],[74.88064,13.52878],[74.87815,13.53071],[74.87452,13.53168],[74.87607,13.5357],[74.8754,13.53626],[74.87568,13.53704],[74.87678,13.53738],[74.87582,13.538],[74.87136,13.53662],[74.86988,13.53793],[74.87001,13.53862],[74.87195,13.53909],[74.87316,13.54394],[74.8708,13.54658],[74.87163,13.54715],[74.87144,13.54788],[74.8723,13.54819],[74.87228,13.55],[74.87124,13.55064],[74.8678,13.55093],[74.8654,13.55328],[74.86465,13.55129],[74.86491,13.54984],[74.86457,13.54879],[74.86659,13.54745],[74.8667,13.54693],[74.8658,13.54688],[74.86542,13.54563],[74.86288,13.54654],[74.8568,13.54294],[74.85639,13.54307],[74.85439,13.53413],[74.8527,13.52957],[74.84927,13.5299],[74.84365,13.53268],[74.84065,13.53505],[74.8405,13.53656],[74.84007,13.5369],[74.84051,13.53712],[74.84147,13.53638],[74.84226,13.53705],[74.84165,13.53737],[74.84116,13.53927],[74.8404,13.53976],[74.84006,13.54083],[74.83789,13.54179],[74.83723,13.54374],[74.83877,13.54292],[74.83738,13.54728],[74.83819,13.54779],[74.83836,13.54872],[74.83925,13.54854],[74.84165,13.5509],[74.84375,13.55156],[74.84329,13.5531],[74.84949,13.55479],[74.84875,13.55675],[74.84925,13.55819],[74.84648,13.56167],[74.84031,13.56761],[74.84435,13.56926],[74.84256,13.57231],[74.84288,13.57715],[74.84587,13.58047],[74.84744,13.58124],[74.84769,13.5847],[74.85093,13.5852],[74.84963,13.58821],[74.84813,13.59437],[74.84686,13.59613],[74.84391,13.60244],[74.8425,13.6042],[74.84154,13.60851],[74.83132,13.61858],[74.8301,13.61918],[74.82512,13.61902],[74.82289,13.62228],[74.82176,13.62288],[74.82066,13.62293],[74.81605,13.62143],[74.81234,13.62557],[74.81055,13.62652],[74.80701,13.62483],[74.80508,13.62159],[74.80322,13.61965],[74.80242,13.61886],[74.80093,13.61859],[74.78857,13.61878],[74.78812,13.61985],[74.78672,13.61983],[74.78634,13.62166],[74.78582,13.62178],[74.78488,13.62322],[74.78608,13.62353],[74.78496,13.62527],[74.78715,13.63212],[74.7955,13.63548],[74.80072,13.63904],[74.79921,13.64173],[74.79869,13.64346],[74.79894,13.64452],[74.79868,13.64504],[74.79769,13.64511],[74.79757,13.64564],[74.79814,13.64704],[74.79685,13.65228],[74.79762,13.6539],[74.80448,13.65369],[74.80781,13.65525],[74.81493,13.66244],[74.80847,13.66735],[74.80943,13.66799],[74.81142,13.67141],[74.80649,13.68327],[74.80767,13.68589],[74.80764,13.6969],[74.80727,13.69726],[74.80844,13.69661],[74.81926,13.69825],[74.82511,13.69284],[74.82612,13.69332],[74.82772,13.69548],[74.83,13.6955],[74.8306,13.69608],[74.83162,13.69562],[74.83332,13.69571],[74.83489,13.69342],[74.83712,13.69564],[74.83829,13.69567],[74.83931,13.69563],[74.83973,13.69441],[74.84272,13.6935],[74.85448,13.69349],[74.86221,13.69398],[74.86315,13.69767],[74.86769,13.70111],[74.86791,13.70194],[74.8668,13.70531],[74.86411,13.70746],[74.872,13.71667],[74.87201,13.72086],[74.86935,13.72485],[74.8713,13.72814],[74.86938,13.73008],[74.86944,13.73413],[74.86788,13.7367],[74.87,13.74543],[74.86968,13.74737],[74.87222,13.74813],[74.87477,13.7499],[74.87615,13.75294],[74.87543,13.75524],[74.87875,13.75389],[74.87973,13.75461],[74.87905,13.75506],[74.87867,13.75783],[74.87709,13.76005],[74.87611,13.76421],[74.87409,13.76591],[74.87105,13.76651],[74.87049,13.76708],[74.87402,13.76916],[74.87643,13.76812],[74.8801,13.77002],[74.88218,13.77194],[74.88313,13.77417],[74.88546,13.77667],[74.88675,13.77666],[74.88785,13.77761],[74.88873,13.77739],[74.88826,13.77454],[74.89033,13.77568],[74.8911,13.77688],[74.89442,13.77696],[74.89331,13.77454],[74.89415,13.77165],[74.89687,13.77275],[74.8962,13.77068],[74.89353,13.76922],[74.89483,13.76838],[74.8967,13.77111],[74.90248,13.76786],[74.90444,13.7696],[74.90542,13.76821],[74.90851,13.76785],[74.92686,13.78078],[74.93086,13.78084],[74.93113,13.77997]]]}},{"type":"Feature","properties":{"unitId":765,"unitName":"Brahmavar PS"},"geometry":{"type":"Polygon","coordinates":[[[74.85363,13.51748],[74.85462,13.5166],[74.85452,13.51572],[74.85685,13.51211],[74.86457,13.50967],[74.86538,13.50887],[74.86585,13.50458],[74.8685,13.49989],[74.869,13.49728],[74.87037,13.49705],[74.87137,13.49769],[74.87192,13.49726],[74.87244,13.49758],[74.87258,13.49701],[74.87483,13.49708],[74.87646,13.49835],[74.87725,13.49822],[74.87786,13.49905],[74.87837,13.49899],[74.87897,13.50236],[74.88021,13.50344],[74.87987,13.50533],[74.88062,13.50625],[74.88277,13.5061],[74.88283,13.50558],[74.88088,13.50331],[74.88204,13.50169],[74.88157,13.50115],[74.88171,13.50003],[74.88475,13.49474],[74.88243,13.48859],[74.88143,13.48856],[74.8821,13.48793],[74.88194,13.48711],[74.88267,13.48618],[74.88163,13.48574],[74.88149,13.48357],[74.87982,13.48204],[74.87878,13.48241],[74.87894,13.48305],[74.87846,13.48353],[74.87751,13.48274],[74.87731,13.48374],[74.87645,13.4831],[74.87673,13.4847],[74.87597,13.48617],[74.87634,13.48517],[74.87606,13.48432],[74.87442,13.48444],[74.87359,13.48406],[74.87386,13.4836],[74.87319,13.48346],[74.874,13.4821],[74.8731,13.48128],[74.87397,13.48116],[74.87476,13.47824],[74.87929,13.47703],[74.88014,13.46753],[74.88007,13.46586],[74.87952,13.46549],[74.87996,13.46549],[74.8801,13.46478],[74.88085,13.46565],[74.88256,13.4634],[74.88576,13.46514],[74.88537,13.46574],[74.88587,13.46626],[74.88704,13.46593],[74.88822,13.46657],[74.88961,13.46643],[74.89074,13.4671],[74.89229,13.46673],[74.89263,13.4671],[74.89304,13.46583],[74.89954,13.46341],[74.90013,13.46182],[74.90023,13.45818],[74.90203,13.45632],[74.90588,13.45591],[74.90738,13.45959],[74.91063,13.45683],[74.91123,13.45534],[74.91098,13.45346],[74.90794,13.4514],[74.91196,13.44564],[74.91496,13.44406],[74.9178,13.44023],[74.91837,13.44016],[74.91885,13.44091],[74.91876,13.43998],[74.91997,13.43971],[74.92061,13.43824],[74.92178,13.43883],[74.92212,13.43827],[74.92241,13.43865],[74.92621,13.43907],[74.92881,13.43797],[74.928,13.43502],[74.92251,13.43596],[74.91827,13.43149],[74.91292,13.42937],[74.90649,13.42147],[74.9048,13.41811],[74.90377,13.41799],[74.90071,13.41626],[74.89641,13.41572],[74.8941,13.41249],[74.88799,13.4079],[74.88405,13.40653],[74.88243,13.40487],[74.88155,13.40516],[74.87974,13.40877],[74.87787,13.40933],[74.87534,13.40843],[74.87229,13.40805],[74.87091,13.40702],[74.86923,13.40682],[74.86878,13.40729],[74.86739,13.40733],[74.86572,13.40491],[74.86578,13.40438],[74.86471,13.40381],[74.86122,13.40625],[74.85876,13.40526],[74.85615,13.40543],[74.85419,13.40617],[74.85171,13.40878],[74.84887,13.40834],[74.84763,13.40764],[74.84569,13.4055],[74.84422,13.40543],[74.84359,13.40562],[74.8444,13.40867],[74.84439,13.41129],[74.84363,13.41143],[74.84245,13.41098],[74.84143,13.40989],[74.83997,13.40735],[74.83932,13.40423],[74.8378,13.40347],[74.83507,13.4054],[74.83293,13.40615],[74.83261,13.40874],[74.83173,13.40959],[74.83028,13.40979],[74.82906,13.40729],[74.82542,13.40523],[74.82309,13.40299],[74.82098,13.40347],[74.8157,13.40348],[74.81612,13.39754],[74.81751,13.39459],[74.81789,13.39157],[74.82147,13.38653],[74.81739,13.37972],[74.81561,13.37846],[74.81447,13.37922],[74.80917,13.37949],[74.80244,13.38427],[74.80113,13.38359],[74.79979,13.37895],[74.79782,13.377],[74.79341,13.37621],[74.79204,13.37509],[74.78827,13.37386],[74.78278,13.3754],[74.78182,13.37612],[74.78057,13.379],[74.77904,13.38052],[74.77517,13.38229],[74.77156,13.38029],[74.76956,13.38006],[74.76557,13.3821],[74.76448,13.38187],[74.76072,13.38285],[74.75976,13.38144],[74.76,13.37969],[74.75803,13.37988],[74.75529,13.37832],[74.75349,13.3782],[74.74851,13.38217],[74.74906,13.38377],[74.74795,13.3844],[74.74563,13.39125],[74.74164,13.39822],[74.74133,13.40304],[74.74062,13.40524],[74.73738,13.4082],[74.73717,13.40909],[74.73572,13.40875],[74.73289,13.40691],[74.72979,13.40717],[74.72844,13.40839],[74.72795,13.40961],[74.72519,13.41174],[74.71778,13.41532],[74.71327,13.41573],[74.71128,13.41496],[74.71072,13.41559],[74.70776,13.41603],[74.70537,13.4155],[74.70382,13.41668],[74.70381,13.41898],[74.70268,13.42108],[74.70396,13.42245],[74.69984,13.42996],[74.69993,13.4372],[74.70478,13.43741],[74.70987,13.43605],[74.71725,13.43989],[74.71806,13.44235],[74.71772,13.45408],[74.71576,13.45419],[74.7193,13.4547],[74.72108,13.45426],[74.72173,13.45472],[74.72422,13.46119],[74.7259,13.46278],[74.72479,13.46347],[74.72416,13.46616],[74.72651,13.46801],[74.73018,13.46902],[74.73925,13.46708],[74.73912,13.47122],[74.74077,13.47208],[74.74115,13.47339],[74.73868,13.47457],[74.73837,13.47752],[74.73952,13.47756],[74.73714,13.47963],[74.73587,13.47888],[74.73511,13.47932],[74.73262,13.4794],[74.73276,13.48028],[74.73168,13.48168],[74.73139,13.48296],[74.72954,13.48397],[74.72969,13.48455],[74.72887,13.48524],[74.72781,13.48853],[74.72941,13.48861],[74.73011,13.48934],[74.73184,13.48959],[74.73225,13.49134],[74.73627,13.49109],[74.73592,13.49245],[74.7388,13.49239],[74.73962,13.49161],[74.7386,13.49039],[74.74467,13.48646],[74.74752,13.49041],[74.74786,13.4898],[74.74975,13.48984],[74.75131,13.48824],[74.75184,13.49237],[74.75254,13.49295],[74.75795,13.49304],[74.75873,13.49442],[74.75741,13.49743],[74.75781,13.50325],[74.75859,13.50689],[74.75935,13.50726],[74.7599,13.5086],[74.75835,13.51096],[74.76027,13.51419],[74.7602,13.51705],[74.76416,13.51697],[74.7708,13.51323],[74.77746,13.51139],[74.7785,13.51174],[74.78159,13.51114],[74.78602,13.51345],[74.78796,13.51668],[74.79011,13.51671],[74.79161,13.51659],[74.79169,13.51543],[74.79431,13.51492],[74.79633,13.51385],[74.79944,13.51409],[74.80003,13.51333],[74.80305,13.51281],[74.80373,13.51318],[74.80636,13.51308],[74.80764,13.51212],[74.81029,13.51283],[74.824,13.51082],[74.83049,13.51113],[74.83398,13.51371],[74.83695,13.51217],[74.84653,13.51491],[74.85037,13.51791],[74.85363,13.51748]]]}},{"type":"Feature","properties":{"unitId":766,"unitName":"Hiriadka PS"},"geometry":{"type":"Polygon","coordinates":[[[74.92251,13.43596],[74.928,13.43502],[74.93052,13.43275],[74.93292,13.43135],[74.93435,13.43127],[74.93476,13.43022],[74.93763,13.429],[74.93571,13.42652],[74.93632,13.42532],[74.93563,13.4235],[74.93842,13.41869],[74.93825,13.41698],[74.93919,13.41662],[74.93984,13.41741],[74.94169,13.41648],[74.94398,13.41376],[74.94512,13.41368],[74.94602,13.41216],[74.94842,13.41134],[74.95083,13.40257],[74.95177,13.402],[74.95232,13.40092],[74.95451,13.40098],[74.9547,13.40011],[74.95587,13.39996],[74.95479,13.39534],[74.95343,13.38456],[74.95542,13.3838],[74.95559,13.38147],[74.95608,13.38118],[74.95575,13.3807],[74.95372,13.38025],[74.95076,13.38076],[74.95027,13.38194],[74.94858,13.38225],[74.94817,13.38309],[74.94707,13.38262],[74.94598,13.38335],[74.94402,13.383],[74.94235,13.38173],[74.94253,13.38093],[74.9406,13.37601],[74.94103,13.37481],[74.94074,13.37431],[74.94135,13.37346],[74.94081,13.3731],[74.94238,13.37218],[74.94298,13.36909],[74.94815,13.36806],[74.94979,13.36675],[74.95094,13.36575],[74.95014,13.36215],[74.95051,13.36179],[74.95158,13.36201],[74.95026,13.35936],[74.94922,13.35875],[74.94967,13.35739],[74.9502,13.35752],[74.95026,13.35706],[74.94981,13.35712],[74.9495,13.35643],[74.94988,13.354],[74.94855,13.35385],[74.94563,13.35484],[74.94109,13.35493],[74.93892,13.34795],[74.94204,13.3447],[74.94643,13.33611],[74.94979,13.32293],[74.9493,13.32065],[74.9489,13.32111],[74.94711,13.32049],[74.94639,13.32101],[74.94141,13.31992],[74.93839,13.31992],[74.92587,13.32428],[74.92461,13.32437],[74.92128,13.32752],[74.91576,13.32996],[74.91639,13.32597],[74.91798,13.32336],[74.91793,13.32278],[74.91743,13.32305],[74.91716,13.32254],[74.91716,13.32041],[74.915,13.31939],[74.90738,13.31135],[74.8969,13.30925],[74.89515,13.30671],[74.89048,13.30672],[74.88939,13.30403],[74.88847,13.30376],[74.8884,13.3033],[74.88987,13.29883],[74.89784,13.28918],[74.90168,13.28323],[74.89981,13.27718],[74.89768,13.27499],[74.89764,13.27358],[74.89403,13.26949],[74.88805,13.26912],[74.88715,13.26683],[74.87638,13.26788],[74.87222,13.27425],[74.87104,13.27705],[74.86838,13.27822],[74.86385,13.27895],[74.86322,13.2778],[74.86226,13.27727],[74.86306,13.27583],[74.86217,13.27495],[74.86016,13.27464],[74.86,13.27239],[74.85738,13.27357],[74.85706,13.27323],[74.85291,13.27401],[74.85106,13.27294],[74.84789,13.27393],[74.84906,13.27916],[74.84743,13.28065],[74.844,13.28649],[74.8437,13.28675],[74.83942,13.2847],[74.83529,13.28621],[74.83552,13.29293],[74.8322,13.29846],[74.83197,13.30018],[74.83108,13.30037],[74.83078,13.30122],[74.83243,13.3072],[74.83767,13.30857],[74.8402,13.30918],[74.8418,13.30733],[74.84594,13.30512],[74.84544,13.30879],[74.84573,13.31039],[74.84653,13.31155],[74.84764,13.31164],[74.84867,13.31446],[74.84729,13.31334],[74.84441,13.31416],[74.84171,13.3125],[74.84168,13.31608],[74.83798,13.31894],[74.83677,13.32331],[74.8356,13.32364],[74.83407,13.32334],[74.83597,13.32854],[74.82563,13.32727],[74.82681,13.32802],[74.82698,13.32953],[74.82567,13.33214],[74.82536,13.33396],[74.82601,13.33751],[74.82681,13.33834],[74.82707,13.34233],[74.82994,13.34301],[74.83031,13.34405],[74.82907,13.3448],[74.82624,13.34474],[74.8256,13.34575],[74.82427,13.34581],[74.82435,13.34765],[74.82519,13.34919],[74.82417,13.35001],[74.8245,13.35138],[74.82095,13.35367],[74.8216,13.35517],[74.82046,13.35611],[74.82148,13.35781],[74.82423,13.36015],[74.82455,13.36209],[74.82527,13.3625],[74.82485,13.36307],[74.82532,13.36401],[74.82422,13.36427],[74.82407,13.3648],[74.82467,13.36565],[74.82428,13.36584],[74.8245,13.36719],[74.81806,13.36914],[74.81648,13.37113],[74.81749,13.37614],[74.81561,13.37846],[74.81739,13.37972],[74.82147,13.38653],[74.81789,13.39157],[74.81751,13.39459],[74.81612,13.39754],[74.8157,13.40348],[74.82098,13.40347],[74.82309,13.40299],[74.82542,13.40523],[74.82906,13.40729],[74.83028,13.40979],[74.8312,13.4098],[74.83261,13.40874],[74.83293,13.40615],[74.83507,13.4054],[74.8378,13.40347],[74.83932,13.40423],[74.83997,13.40735],[74.84143,13.40989],[74.84245,13.41098],[74.84363,13.41143],[74.84439,13.41129],[74.8444,13.40867],[74.84359,13.40562],[74.84422,13.40543],[74.84569,13.4055],[74.84763,13.40764],[74.84887,13.40834],[74.85171,13.40878],[74.85419,13.40617],[74.85615,13.40543],[74.85876,13.40526],[74.86122,13.40625],[74.86471,13.40381],[74.86578,13.40438],[74.86572,13.40491],[74.86739,13.40733],[74.86878,13.40729],[74.86923,13.40682],[74.87091,13.40702],[74.87229,13.40805],[74.87534,13.40843],[74.87787,13.40933],[74.87974,13.40877],[74.88155,13.40516],[74.88243,13.40487],[74.88405,13.40653],[74.88799,13.4079],[74.8941,13.41249],[74.89641,13.41572],[74.90071,13.41626],[74.90377,13.41799],[74.9048,13.41811],[74.90649,13.42147],[74.91292,13.42937],[74.91827,13.43149],[74.92251,13.43596]]]}},{"type":"Feature","properties":{"unitId":767,"unitName":"Kota PS"},"geometry":{"type":"Polygon","coordinates":[[[74.81525,13.62215],[74.81605,13.62143],[74.82066,13.62293],[74.82176,13.62288],[74.82289,13.62228],[74.82512,13.61902],[74.8301,13.61918],[74.83132,13.61858],[74.83721,13.61245],[74.84075,13.60958],[74.84154,13.60851],[74.8425,13.6042],[74.84391,13.60244],[74.84686,13.59613],[74.84813,13.59437],[74.84963,13.58821],[74.85093,13.5852],[74.84769,13.5847],[74.84744,13.58124],[74.84587,13.58047],[74.84288,13.57715],[74.84256,13.57231],[74.84435,13.56926],[74.84031,13.56761],[74.84648,13.56167],[74.84925,13.55819],[74.84875,13.55675],[74.84949,13.55479],[74.84329,13.5531],[74.84375,13.55156],[74.84165,13.5509],[74.83925,13.54854],[74.83836,13.54872],[74.83819,13.54779],[74.83738,13.54728],[74.83877,13.54292],[74.83723,13.54374],[74.83789,13.54179],[74.84006,13.54083],[74.8404,13.53976],[74.84116,13.53927],[74.84165,13.53737],[74.84226,13.53705],[74.84147,13.53638],[74.84051,13.53712],[74.84007,13.5369],[74.8405,13.53656],[74.84065,13.53505],[74.84365,13.53268],[74.84927,13.5299],[74.8527,13.52957],[74.85439,13.53413],[74.85639,13.54307],[74.8568,13.54294],[74.86288,13.54654],[74.86542,13.54563],[74.8658,13.54688],[74.8667,13.54693],[74.86659,13.54745],[74.86457,13.54879],[74.86491,13.54984],[74.86465,13.55129],[74.86565,13.55324],[74.86749,13.55107],[74.87124,13.55064],[74.87228,13.55],[74.8723,13.54819],[74.87144,13.54788],[74.87163,13.54715],[74.8708,13.54658],[74.87316,13.54394],[74.87242,13.54006],[74.87195,13.53909],[74.87148,13.53927],[74.86981,13.53839],[74.87136,13.53662],[74.87582,13.538],[74.87678,13.53738],[74.87568,13.53704],[74.8754,13.53626],[74.87607,13.5357],[74.87452,13.53168],[74.87815,13.53071],[74.88064,13.52878],[74.88164,13.52862],[74.88648,13.52995],[74.89266,13.53056],[74.89102,13.52391],[74.89487,13.52159],[74.8979,13.52381],[74.90033,13.52409],[74.90076,13.52569],[74.90358,13.52635],[74.90366,13.52799],[74.90484,13.52867],[74.90662,13.52768],[74.90741,13.52864],[74.91781,13.5237],[74.916,13.5211],[74.91518,13.51894],[74.91208,13.51799],[74.90465,13.51833],[74.90177,13.51679],[74.89419,13.50913],[74.89399,13.50713],[74.89577,13.50536],[74.89261,13.50334],[74.89123,13.50283],[74.88911,13.50503],[74.88461,13.50619],[74.88062,13.50625],[74.87987,13.50533],[74.88021,13.50344],[74.87897,13.50236],[74.87837,13.49899],[74.87786,13.49905],[74.87725,13.49822],[74.87646,13.49835],[74.87548,13.4972],[74.87258,13.49701],[74.87225,13.49762],[74.87192,13.49726],[74.87137,13.49769],[74.87037,13.49705],[74.86889,13.49742],[74.8685,13.49989],[74.86585,13.50458],[74.86538,13.50887],[74.86457,13.50967],[74.85685,13.51211],[74.85452,13.51572],[74.85462,13.5166],[74.85398,13.51751],[74.85037,13.51791],[74.84653,13.51491],[74.83695,13.51217],[74.83398,13.51371],[74.83049,13.51113],[74.824,13.51082],[74.81029,13.51283],[74.80764,13.51212],[74.80636,13.51308],[74.80373,13.51318],[74.80305,13.51281],[74.80003,13.51333],[74.79944,13.51409],[74.79633,13.51385],[74.79431,13.51492],[74.79169,13.51543],[74.79161,13.51659],[74.79011,13.51671],[74.78796,13.51668],[74.78602,13.51345],[74.78159,13.51114],[74.7785,13.51174],[74.77746,13.51139],[74.7708,13.51323],[74.76416,13.51697],[74.76023,13.51706],[74.76027,13.51419],[74.75835,13.51096],[74.7599,13.5086],[74.75935,13.50726],[74.75859,13.50689],[74.75781,13.50325],[74.75741,13.49743],[74.75873,13.49442],[74.75795,13.49304],[74.75254,13.49295],[74.75184,13.49237],[74.75131,13.48824],[74.74975,13.48984],[74.74786,13.4898],[74.74752,13.49041],[74.74467,13.48646],[74.7386,13.49039],[74.73962,13.49161],[74.7388,13.49239],[74.73592,13.49245],[74.73627,13.49109],[74.73225,13.49134],[74.73184,13.48959],[74.73011,13.48934],[74.72941,13.48861],[74.72781,13.48853],[74.72887,13.48524],[74.72969,13.48455],[74.72954,13.48397],[74.73139,13.48296],[74.73168,13.48168],[74.73276,13.48028],[74.73262,13.4794],[74.73511,13.47932],[74.73587,13.47888],[74.73714,13.47963],[74.73952,13.47756],[74.73837,13.47752],[74.73868,13.47457],[74.74115,13.47339],[74.74077,13.47208],[74.73912,13.47122],[74.73925,13.46708],[74.73018,13.46902],[74.72651,13.46801],[74.72416,13.46616],[74.72479,13.46347],[74.7259,13.46278],[74.72422,13.46119],[74.72173,13.45472],[74.72108,13.45426],[74.7193,13.4547],[74.71576,13.45419],[74.71772,13.45408],[74.71806,13.44235],[74.71725,13.43989],[74.70987,13.43605],[74.70478,13.43741],[74.70024,13.43737],[74.69516,13.43462],[74.69403,13.43458],[74.69202,13.45618],[74.69201,13.46548],[74.69346,13.46919],[74.68942,13.4748],[74.68858,13.4771],[74.68767,13.48312],[74.68591,13.51383],[74.68469,13.51868],[74.68341,13.53304],[74.68378,13.53311],[74.68177,13.54864],[74.68759,13.5492],[74.68815,13.54911],[74.68814,13.5485],[74.69042,13.54808],[74.68997,13.54937],[74.69037,13.54974],[74.69041,13.5513],[74.6914,13.55169],[74.69104,13.55385],[74.69146,13.55405],[74.69188,13.55593],[74.69357,13.55636],[74.69439,13.55932],[74.69594,13.55892],[74.69611,13.56045],[74.69556,13.56077],[74.69645,13.56111],[74.69649,13.56075],[74.69805,13.56078],[74.69829,13.56139],[74.70084,13.56187],[74.70087,13.56278],[74.70249,13.56441],[74.70964,13.56369],[74.70986,13.56582],[74.71031,13.56576],[74.7103,13.56614],[74.70859,13.56672],[74.70695,13.56667],[74.70684,13.56761],[74.70834,13.56822],[74.70957,13.56813],[74.70983,13.56866],[74.71018,13.56786],[74.7115,13.56776],[74.71125,13.56597],[74.71218,13.56504],[74.71253,13.56155],[74.71593,13.56133],[74.71585,13.5606],[74.71679,13.56057],[74.71747,13.56091],[74.71805,13.56486],[74.71875,13.56483],[74.719,13.56667],[74.71953,13.56687],[74.72067,13.56676],[74.72138,13.56738],[74.72457,13.56706],[74.72944,13.56523],[74.73195,13.56853],[74.73592,13.56963],[74.74032,13.56942],[74.74581,13.57045],[74.74522,13.56853],[74.74552,13.56527],[74.74579,13.565],[74.74633,13.56547],[74.74683,13.56485],[74.74644,13.56388],[74.74728,13.56221],[74.74966,13.56138],[74.7504,13.55564],[74.75179,13.55372],[74.75267,13.55385],[74.75331,13.55364],[74.75327,13.55324],[74.75402,13.55328],[74.7535,13.55191],[74.75465,13.55184],[74.75469,13.55119],[74.75527,13.55161],[74.75517,13.55109],[74.75713,13.55043],[74.75722,13.54961],[74.75767,13.54958],[74.75722,13.55194],[74.76154,13.5515],[74.76204,13.54878],[74.76279,13.54759],[74.76145,13.54606],[74.76373,13.54558],[74.77102,13.54168],[74.77376,13.54293],[74.77466,13.54292],[74.77546,13.54253],[74.77515,13.54088],[74.77615,13.54165],[74.77761,13.54183],[74.77772,13.54243],[74.78445,13.54256],[74.78504,13.54342],[74.78448,13.54464],[74.79038,13.54724],[74.78385,13.54567],[74.78396,13.54636],[74.78326,13.54673],[74.78358,13.54765],[74.78209,13.54857],[74.78224,13.54935],[74.78292,13.54958],[74.78379,13.54905],[74.78389,13.5508],[74.78758,13.55294],[74.78693,13.55513],[74.78564,13.55594],[74.78467,13.55838],[74.78123,13.56191],[74.77843,13.57102],[74.77658,13.5736],[74.77649,13.57441],[74.7739,13.57553],[74.77057,13.57589],[74.77071,13.57681],[74.77005,13.57728],[74.77074,13.57791],[74.76774,13.58481],[74.76652,13.58617],[74.7641,13.58731],[74.76487,13.58998],[74.76632,13.59137],[74.76885,13.59197],[74.76984,13.59486],[74.77157,13.59578],[74.77603,13.59643],[74.77771,13.59318],[74.77819,13.59356],[74.78254,13.59188],[74.78747,13.59504],[74.78565,13.59921],[74.785,13.60285],[74.78308,13.60535],[74.78413,13.60629],[74.78803,13.6059],[74.79069,13.60637],[74.79074,13.60811],[74.78977,13.6121],[74.7884,13.61217],[74.78709,13.61445],[74.78601,13.61528],[74.78476,13.61394],[74.78407,13.61418],[74.78525,13.61594],[74.78459,13.61623],[74.78857,13.61878],[74.79888,13.61845],[74.80242,13.61886],[74.80508,13.62159],[74.80701,13.62483],[74.81055,13.62652],[74.81234,13.62557],[74.81525,13.62215]]]}},{"type":"Feature","properties":{"unitId":768,"unitName":"Manipal PS"},"geometry":{"type":"Polygon","coordinates":[[[74.81736,13.37439],[74.81648,13.37113],[74.81694,13.37026],[74.81806,13.36914],[74.81996,13.36835],[74.8245,13.36719],[74.82428,13.36584],[74.82467,13.36565],[74.82413,13.36448],[74.82532,13.36401],[74.82485,13.36307],[74.82527,13.3625],[74.82455,13.36209],[74.82423,13.36015],[74.82148,13.35781],[74.82046,13.35611],[74.8216,13.35517],[74.82095,13.35367],[74.8245,13.35138],[74.82417,13.35001],[74.82519,13.34919],[74.82435,13.34765],[74.82427,13.34581],[74.8256,13.34575],[74.82624,13.34474],[74.82907,13.3448],[74.83031,13.34405],[74.82994,13.34301],[74.82707,13.34233],[74.82681,13.33834],[74.82601,13.33751],[74.82536,13.33396],[74.82567,13.33214],[74.82698,13.32953],[74.82681,13.32802],[74.82563,13.32727],[74.83597,13.32854],[74.83407,13.32334],[74.8356,13.32364],[74.83677,13.32331],[74.83798,13.31894],[74.84168,13.31608],[74.84171,13.3125],[74.84441,13.31416],[74.84729,13.31334],[74.84867,13.31446],[74.84764,13.31164],[74.84653,13.31155],[74.84573,13.31039],[74.84575,13.30499],[74.8418,13.30733],[74.8402,13.30918],[74.83243,13.3072],[74.83078,13.30122],[74.83108,13.30037],[74.83197,13.30018],[74.8322,13.29846],[74.83552,13.29293],[74.83528,13.28602],[74.83101,13.28666],[74.83064,13.2873],[74.82906,13.2872],[74.82888,13.28793],[74.82966,13.28792],[74.82932,13.28899],[74.83002,13.29008],[74.83018,13.29203],[74.82814,13.29345],[74.82559,13.29402],[74.82522,13.29441],[74.82555,13.2954],[74.82322,13.29811],[74.8216,13.2969],[74.82083,13.29748],[74.82134,13.3009],[74.81812,13.29998],[74.81355,13.30056],[74.81308,13.30213],[74.81162,13.30347],[74.80989,13.30408],[74.8103,13.30491],[74.80934,13.30769],[74.80786,13.30743],[74.80642,13.30778],[74.80462,13.30638],[74.80383,13.30512],[74.80279,13.30036],[74.80188,13.29943],[74.79848,13.30005],[74.79471,13.30214],[74.79193,13.29963],[74.79123,13.29996],[74.7899,13.30383],[74.78917,13.30417],[74.78739,13.30356],[74.788,13.30119],[74.78776,13.30029],[74.7865,13.29923],[74.7835,13.29979],[74.77678,13.29982],[74.77414,13.29903],[74.77147,13.29957],[74.77138,13.30238],[74.77226,13.30223],[74.77274,13.30321],[74.77209,13.3043],[74.77105,13.30456],[74.77104,13.3052],[74.77178,13.30534],[74.77149,13.30701],[74.77014,13.30945],[74.77028,13.31043],[74.77086,13.31057],[74.77042,13.31138],[74.77077,13.31147],[74.76939,13.31403],[74.77227,13.31717],[74.77159,13.32001],[74.7757,13.32554],[74.77412,13.32777],[74.77269,13.32777],[74.77218,13.32854],[74.77085,13.32879],[74.77134,13.33407],[74.77057,13.34466],[74.76904,13.34914],[74.7669,13.35913],[74.76285,13.36554],[74.7611,13.37069],[74.76109,13.37501],[74.76283,13.38222],[74.76557,13.3821],[74.76956,13.38006],[74.77156,13.38029],[74.77517,13.38229],[74.7764,13.38197],[74.77904,13.38052],[74.78057,13.379],[74.78182,13.37612],[74.78278,13.3754],[74.78827,13.37386],[74.79204,13.37509],[74.79341,13.37621],[74.79782,13.377],[74.79979,13.37895],[74.80113,13.38359],[74.80244,13.38427],[74.80917,13.37949],[74.81447,13.37922],[74.81738,13.37644],[74.81736,13.37439]]]}},{"type":"Feature","properties":{"unitId":769,"unitName":"Malpe PS"},"geometry":{"type":"MultiPolygon","coordinates":[[[[74.70013,13.43492],[74.69984,13.42996],[74.70343,13.42399],[74.70396,13.42245],[74.70268,13.42108],[74.70381,13.41898],[74.70382,13.41668],[74.70537,13.4155],[74.70776,13.41603],[74.71072,13.41559],[74.71128,13.41496],[74.71327,13.41573],[74.71778,13.41532],[74.72519,13.41174],[74.72795,13.40961],[74.72844,13.40839],[74.72979,13.40717],[74.73289,13.40691],[74.73572,13.40875],[74.73717,13.40909],[74.73738,13.4082],[74.74062,13.40524],[74.74133,13.40304],[74.74164,13.39822],[74.744,13.39416],[74.74114,13.3932],[74.74106,13.39214],[74.73755,13.3904],[74.73778,13.38593],[74.73493,13.38645],[74.73451,13.38521],[74.73296,13.38529],[74.73352,13.37948],[74.73036,13.37923],[74.72993,13.3757],[74.72882,13.37288],[74.72767,13.37197],[74.73084,13.36705],[74.73095,13.36414],[74.73196,13.36393],[74.73272,13.36204],[74.73405,13.36122],[74.73301,13.35814],[74.73393,13.35699],[74.73532,13.3567],[74.73565,13.35564],[74.73524,13.35568],[74.735,13.35451],[74.73297,13.35401],[74.73312,13.3533],[74.73242,13.35322],[74.73226,13.35068],[74.72904,13.34975],[74.72884,13.34931],[74.72782,13.34932],[74.72752,13.35055],[74.7223,13.34937],[74.72055,13.34955],[74.71947,13.34749],[74.71824,13.34754],[74.71878,13.34585],[74.71829,13.34572],[74.71842,13.34473],[74.71886,13.34458],[74.71842,13.34271],[74.71948,13.342],[74.72031,13.34273],[74.72129,13.34226],[74.72129,13.34166],[74.72219,13.34083],[74.72186,13.33976],[74.72285,13.33997],[74.72325,13.33908],[74.72412,13.33909],[74.72518,13.33711],[74.72603,13.3376],[74.72622,13.33707],[74.72688,13.3371],[74.72728,13.33613],[74.72835,13.33568],[74.73362,13.33497],[74.73477,13.3352],[74.73629,13.33693],[74.73639,13.3365],[74.73894,13.33631],[74.73906,13.33526],[74.7401,13.33468],[74.7401,13.32955],[74.73955,13.32898],[74.74279,13.32891],[74.74106,13.32613],[74.74346,13.32861],[74.74353,13.32821],[74.74354,13.32562],[74.74204,13.32579],[74.74192,13.3225],[74.74064,13.32187],[74.74069,13.31954],[74.73933,13.31961],[74.73819,13.31899],[74.73637,13.31912],[74.73639,13.3198],[74.73578,13.31909],[74.73447,13.31926],[74.73445,13.31977],[74.73298,13.31904],[74.73181,13.31922],[74.73108,13.32053],[74.73214,13.32088],[74.73209,13.32126],[74.73149,13.32124],[74.73214,13.32135],[74.73212,13.32182],[74.7316,13.32187],[74.73165,13.32313],[74.72771,13.32264],[74.72761,13.32334],[74.72097,13.32128],[74.72064,13.32206],[74.72014,13.32197],[74.72099,13.32041],[74.71959,13.32021],[74.71959,13.31904],[74.71654,13.31956],[74.71617,13.3213],[74.71492,13.32111],[74.71283,13.32687],[74.70655,13.3373],[74.69852,13.3434],[74.69865,13.3448],[74.70026,13.34511],[74.70071,13.34731],[74.70057,13.34924],[74.69988,13.3493],[74.69956,13.35116],[74.70007,13.35141],[74.69938,13.35378],[74.69731,13.37257],[74.69794,13.37271],[74.6976,13.3748],[74.69647,13.37467],[74.69617,13.38016],[74.69652,13.38059],[74.69626,13.38431],[74.69684,13.39108],[74.69716,13.40913],[74.69671,13.41555],[74.69706,13.4156],[74.69649,13.41569],[74.69385,13.43497],[74.69403,13.43458],[74.69516,13.43462],[74.69993,13.4372],[74.70013,13.43492]]],[[[74.68474,13.34597],[74.68554,13.34616],[74.68738,13.34459],[74.68809,13.34186],[74.68668,13.34156],[74.68638,13.34246],[74.68489,13.34292],[74.68478,13.34378],[74.68354,13.34369],[74.68345,13.34574],[74.68386,13.34574],[74.68424,13.34677],[74.68474,13.34597]]],[[[74.68911,13.34024],[74.69011,13.34003],[74.69087,13.33913],[74.69082,13.33711],[74.68993,13.3358],[74.68903,13.33586],[74.68775,13.33699],[74.68842,13.34028],[74.68911,13.34024]]],[[[74.68628,13.37857],[74.68515,13.37857],[74.68333,13.38047],[74.68202,13.38423],[74.68502,13.38264],[74.68478,13.38014],[74.68628,13.37857]]],[[[74.69255,13.33038],[74.69202,13.3304],[74.69149,13.3314],[74.69194,13.33266],[74.69308,13.33136],[74.69255,13.33038]]]]}}]}