{"type":"FeatureCollection","features":[{"type":"Feature","properties":{"unitId":770,"unitName":"Bhatkal Rural PS"},"geometry":{"type":"Polygon","coordinates":[[[74.64798,14.08201],[74.65666,14.06668],[74.65724,14.06667],[74.66083,14.05807],[74.65708,14.05388],[74.65658,14.05083],[74.65443,14.04542],[74.65425,14.04321],[74.65519,14.03969],[74.67726,14.03528],[74.67634,14.02354],[74.66132,13.99371],[74.66134,13.98934],[74.66471,13.98104],[74.65561,13.97382],[74.64775,13.9632],[74.64656,13.96286],[74.6471,13.9533],[74.64793,13.95164],[74.64812,13.94981],[74.64871,13.95003],[74.64962,13.94955],[74.65021,13.947],[74.65237,13.94576],[74.65142,13.94522],[74.65123,13.94406],[74.65022,13.94505],[74.64909,13.94482],[74.64779,13.94371],[74.64814,13.9413],[74.64753,13.94039],[74.64399,13.94093],[74.64209,13.93874],[74.64003,13.9397],[74.63792,13.93889],[74.63723,13.93928],[74.63708,13.94085],[74.63641,13.94097],[74.63559,13.94097],[74.63506,13.9396],[74.63471,13.93948],[74.6344,13.94014],[74.63334,13.93966],[74.63263,13.94089],[74.63473,13.94274],[74.63483,13.94375],[74.63388,13.944],[74.63273,13.94344],[74.63093,13.94376],[74.63086,13.94469],[74.63155,13.94597],[74.62986,13.94468],[74.6289,13.94282],[74.62666,13.94066],[74.62039,13.93542],[74.61989,13.94085],[74.61868,13.94181],[74.6062,13.94079],[74.60315,13.93819],[74.59995,13.93623],[74.59891,13.93221],[74.59683,13.93197],[74.59578,13.93757],[74.59568,13.94117],[74.59523,13.94167],[74.59301,13.93972],[74.5933,13.93868],[74.59241,13.9371],[74.59245,13.9346],[74.59226,13.93402],[74.59165,13.93404],[74.59208,13.93266],[74.59144,13.93187],[74.58986,13.93143],[74.59033,13.93047],[74.58844,13.93089],[74.58806,13.93042],[74.58841,13.93001],[74.58711,13.92994],[74.58693,13.92915],[74.58594,13.92881],[74.58606,13.92816],[74.58494,13.92715],[74.58297,13.92686],[74.58201,13.92569],[74.57913,13.92589],[74.57727,13.93327],[74.57632,13.9343],[74.57505,13.93709],[74.57548,13.93782],[74.57471,13.93861],[74.57412,13.93852],[74.572,13.94392],[74.56986,13.94734],[74.56792,13.94905],[74.56664,13.94916],[74.56491,13.94821],[74.56348,13.94592],[74.56197,13.94542],[74.56149,13.94594],[74.56193,13.94716],[74.55834,13.95126],[74.5545,13.95094],[74.55072,13.94865],[74.54952,13.94873],[74.55047,13.94989],[74.5481,13.95462],[74.54857,13.95487],[74.54835,13.95553],[74.54696,13.95679],[74.54358,13.95712],[74.54224,13.95821],[74.5422,13.95966],[74.54123,13.9622],[74.53941,13.96544],[74.53617,13.9668],[74.5346,13.96569],[74.53431,13.9647],[74.53343,13.9644],[74.5333,13.96351],[74.53243,13.96415],[74.53193,13.96634],[74.53237,13.96838],[74.5295,13.97244],[74.5259,13.97476],[74.52559,13.97603],[74.52217,13.98025],[74.52117,13.98222],[74.52323,13.98391],[74.52568,13.98462],[74.53516,13.98609],[74.53818,13.9852],[74.54127,13.98233],[74.54621,13.98297],[74.54803,13.98198],[74.54915,13.98368],[74.55034,13.98356],[74.55274,13.98212],[74.55221,13.97997],[74.5542,13.97835],[74.55588,13.97541],[74.55473,13.97469],[74.55496,13.97415],[74.55451,13.97354],[74.55517,13.97192],[74.55913,13.96837],[74.5625,13.96197],[74.56252,13.96445],[74.56356,13.96581],[74.56382,13.96809],[74.56475,13.96854],[74.56591,13.96838],[74.56325,13.97006],[74.57251,13.97347],[74.57108,13.97765],[74.57248,13.9782],[74.5717,13.9791],[74.57268,13.98016],[74.57211,13.98181],[74.57532,13.98055],[74.57952,13.9802],[74.58103,13.98251],[74.58429,13.98209],[74.5856,13.98784],[74.58417,13.98988],[74.58445,13.99382],[74.5755,13.99356],[74.56463,13.99011],[74.56428,13.99287],[74.56558,13.99405],[74.56466,13.99623],[74.56386,13.99652],[74.5626,13.99465],[74.5615,13.99461],[74.56023,13.995],[74.55513,14.00087],[74.55079,13.99892],[74.54156,14.00108],[74.5384,14.00381],[74.5295,14.00402],[74.52915,13.99882],[74.52627,13.9975],[74.52334,13.99783],[74.52302,13.99976],[74.52339,14.00044],[74.5228,14.0032],[74.52054,14.00244],[74.51765,13.9997],[74.51692,13.99937],[74.5164,14.00012],[74.51568,13.99902],[74.51332,13.99793],[74.50979,14.00132],[74.50919,14.00294],[74.50899,14.00803],[74.50705,14.0119],[74.50564,14.01632],[74.50145,14.02286],[74.50138,14.02446],[74.50204,14.02659],[74.50144,14.02861],[74.50141,14.03719],[74.50386,14.03743],[74.50416,14.03787],[74.50382,14.04179],[74.5047,14.04335],[74.50983,14.04244],[74.51204,14.04341],[74.51224,14.04233],[74.51288,14.04195],[74.51542,14.04219],[74.51571,14.04093],[74.51628,14.04049],[74.5161,14.03965],[74.5175,14.03912],[74.5189,14.03901],[74.51908,14.0405],[74.52325,14.04023],[74.52515,14.03902],[74.52929,14.03832],[74.53124,14.04007],[74.53389,14.03935],[74.53605,14.03981],[74.5383,14.03862],[74.54119,14.03831],[74.54231,14.03717],[74.54397,14.03703],[74.54526,14.0378],[74.54608,14.03762],[74.55048,14.04535],[74.55331,14.04608],[74.55483,14.04476],[74.55603,14.04604],[74.55656,14.04588],[74.55628,14.0342],[74.55577,14.03323],[74.55932,14.0154],[74.5614,14.0165],[74.56387,14.02023],[74.56654,14.01996],[74.56882,14.02166],[74.57117,14.02246],[74.57389,14.02231],[74.57694,14.02346],[74.57675,14.02494],[74.57581,14.02581],[74.57353,14.02539],[74.57335,14.02804],[74.57206,14.03015],[74.57213,14.03109],[74.57451,14.03291],[74.57539,14.03297],[74.57677,14.031],[74.57774,14.0303],[74.57824,14.03046],[74.57945,14.03149],[74.58006,14.03389],[74.58298,14.03495],[74.58404,14.03586],[74.58449,14.03652],[74.58426,14.03719],[74.58186,14.03722],[74.58135,14.03821],[74.59177,14.05609],[74.59017,14.06519],[74.60424,14.07578],[74.60792,14.07853],[74.61463,14.06971],[74.61663,14.05635],[74.61819,14.05081],[74.61711,14.05009],[74.61721,14.04681],[74.62185,14.04678],[74.6231,14.04838],[74.62205,14.05034],[74.62063,14.05161],[74.62068,14.05235],[74.62197,14.05162],[74.6228,14.05184],[74.62372,14.05294],[74.62366,14.05335],[74.62181,14.05418],[74.62154,14.0553],[74.62334,14.05487],[74.62697,14.05599],[74.62747,14.05651],[74.62606,14.05885],[74.63238,14.05534],[74.63492,14.05839],[74.63677,14.06216],[74.6371,14.06353],[74.63618,14.06375],[74.63664,14.06662],[74.63889,14.06806],[74.63867,14.06901],[74.63777,14.06918],[74.63759,14.07159],[74.63676,14.07254],[74.63717,14.07516],[74.63593,14.07838],[74.64468,14.07866],[74.64798,14.08201]]]}},{"type":"Feature","properties":{"unitId":771,"unitName":"Bhatkal Town PS"},"geometry":{"type":"Polygon","coordinates":[[[74.53573,14.00389],[74.5384,14.00381],[74.54156,14.00108],[74.55079,13.99892],[74.55513,14.00087],[74.56023,13.995],[74.5626,13.99465],[74.56386,13.99652],[74.56466,13.99623],[74.56558,13.99405],[74.56428,13.99287],[74.56463,13.99011],[74.5755,13.99356],[74.58445,13.99382],[74.58417,13.98988],[74.5856,13.98784],[74.58429,13.98209],[74.58103,13.98251],[74.57952,13.9802],[74.57532,13.98055],[74.57211,13.98181],[74.57268,13.98016],[74.5717,13.9791],[74.57248,13.9782],[74.57108,13.97765],[74.57251,13.97347],[74.56325,13.97006],[74.56591,13.96838],[74.56475,13.96854],[74.56382,13.96809],[74.56356,13.96581],[74.56252,13.96445],[74.5625,13.96197],[74.56217,13.96211],[74.56145,13.96442],[74.55913,13.96837],[74.55517,13.97192],[74.55451,13.97354],[74.55496,13.97415],[74.55473,13.97469],[74.55588,13.97541],[74.5542,13.97835],[74.55221,13.97997],[74.55274,13.98212],[74.55034,13.98356],[74.54915,13.98368],[74.54803,13.98198],[74.54621,13.98297],[74.54127,13.98233],[74.53818,13.9852],[74.53516,13.98609],[74.52323,13.98391],[74.52074,13.98188],[74.51891,13.98377],[74.51954,13.98434],[74.51899,13.98526],[74.51678,13.98543],[74.51551,13.98663],[74.51472,13.9918],[74.51407,13.9927],[74.51297,13.99774],[74.51568,13.99902],[74.5164,14.00012],[74.51692,13.99937],[74.51765,13.9997],[74.52054,14.00244],[74.5228,14.0032],[74.52339,14.00044],[74.52302,13.99976],[74.52334,13.99783],[74.52627,13.9975],[74.52915,13.99882],[74.5295,14.00402],[74.53573,14.00389]]]}},{"type":"Feature","properties":{"unitId":772,"unitName":"Murudeshwar PS"},"geometry":{"type":"Polygon","coordinates":[[[74.62796,14.15235],[74.62912,14.14409],[74.64404,14.14048],[74.64251,14.13395],[74.64597,14.1147],[74.65555,14.11546],[74.63936,14.09341],[74.6392,14.09259],[74.64786,14.08216],[74.64468,14.07866],[74.63593,14.07838],[74.63717,14.07516],[74.63676,14.07254],[74.63759,14.07159],[74.63777,14.06918],[74.63867,14.06901],[74.63889,14.06806],[74.63664,14.06662],[74.63618,14.06375],[74.6371,14.06353],[74.63677,14.06216],[74.63492,14.05839],[74.63238,14.05534],[74.62606,14.05885],[74.62747,14.05651],[74.6252,14.05517],[74.62334,14.05487],[74.62154,14.0553],[74.62181,14.05418],[74.62366,14.05335],[74.62372,14.05294],[74.6228,14.05184],[74.62197,14.05162],[74.62068,14.05235],[74.62095,14.05111],[74.62296,14.04894],[74.62298,14.04782],[74.62185,14.04678],[74.61721,14.04681],[74.61711,14.05009],[74.61819,14.05081],[74.61663,14.05635],[74.61463,14.06971],[74.60792,14.07853],[74.59017,14.06519],[74.59177,14.05609],[74.58132,14.03815],[74.58186,14.03722],[74.58426,14.03719],[74.58449,14.03652],[74.58298,14.03495],[74.58006,14.03389],[74.57945,14.03149],[74.57824,14.03046],[74.57774,14.0303],[74.57677,14.031],[74.57539,14.03297],[74.57451,14.03291],[74.57213,14.03109],[74.57206,14.03015],[74.57335,14.02804],[74.57353,14.02539],[74.57581,14.02581],[74.57675,14.02494],[74.57694,14.02346],[74.57389,14.02231],[74.57117,14.02246],[74.56882,14.02166],[74.56654,14.01996],[74.56387,14.02023],[74.5614,14.0165],[74.55932,14.0154],[74.55577,14.03323],[74.55628,14.0342],[74.55656,14.04588],[74.55603,14.04604],[74.55483,14.04476],[74.55331,14.04608],[74.55048,14.04535],[74.54608,14.03762],[74.54526,14.0378],[74.54397,14.03703],[74.54231,14.03717],[74.54119,14.03831],[74.5383,14.03862],[74.53605,14.03981],[74.53389,14.03935],[74.53124,14.04007],[74.52929,14.03832],[74.52515,14.03902],[74.52325,14.04023],[74.51908,14.0405],[74.5189,14.03901],[74.5175,14.03912],[74.5161,14.03965],[74.51628,14.04049],[74.51571,14.04093],[74.51542,14.04219],[74.51288,14.04195],[74.51224,14.04233],[74.51204,14.04341],[74.50983,14.04244],[74.5047,14.04335],[74.50382,14.04179],[74.50416,14.03787],[74.50386,14.03743],[74.50141,14.03719],[74.50105,14.04362],[74.5,14.04954],[74.4962,14.0638],[74.49346,14.07692],[74.49219,14.08085],[74.48969,14.08548],[74.48908,14.08553],[74.48845,14.08676],[74.48874,14.0907],[74.48806,14.0927],[74.48707,14.09376],[74.48576,14.0943],[74.48781,14.10418],[74.48691,14.10628],[74.4886,14.10732],[74.48756,14.10751],[74.48567,14.11069],[74.48322,14.12936],[74.48075,14.13789],[74.4819,14.13894],[74.48452,14.13892],[74.48507,14.13976],[74.4859,14.13922],[74.48703,14.13948],[74.48695,14.14085],[74.48586,14.14073],[74.48576,14.14114],[74.48687,14.14164],[74.487,14.144],[74.48787,14.1441],[74.48767,14.14189],[74.48829,14.14272],[74.49027,14.14264],[74.49117,14.14212],[74.49192,14.14028],[74.49566,14.14095],[74.49479,14.14203],[74.49646,14.14171],[74.49602,14.14252],[74.4968,14.14313],[74.4972,14.14173],[74.49765,14.1418],[74.49891,14.14249],[74.49861,14.14297],[74.50128,14.14419],[74.50221,14.14143],[74.50305,14.14136],[74.50223,14.14458],[74.50286,14.14511],[74.50406,14.14309],[74.50587,14.14351],[74.5056,14.14258],[74.50619,14.14249],[74.50561,14.14181],[74.50638,14.14067],[74.50534,14.14108],[74.50539,14.14042],[74.50481,14.14087],[74.50451,14.14062],[74.50446,14.14119],[74.50363,14.14161],[74.50389,14.14094],[74.50138,14.13994],[74.49736,14.13725],[74.49723,14.13111],[74.50025,14.12442],[74.50168,14.12442],[74.50386,14.12314],[74.50579,14.12321],[74.50652,14.12393],[74.50714,14.12362],[74.5167,14.12478],[74.5186,14.12227],[74.51701,14.11304],[74.51868,14.11345],[74.52752,14.10862],[74.5336,14.10954],[74.53394,14.10899],[74.53429,14.10946],[74.53441,14.10815],[74.53551,14.10586],[74.5366,14.1083],[74.53634,14.11014],[74.53755,14.11026],[74.53757,14.11061],[74.54092,14.10837],[74.55393,14.10727],[74.55425,14.11108],[74.55506,14.11264],[74.55456,14.11371],[74.55518,14.11543],[74.55471,14.11609],[74.55489,14.11706],[74.55409,14.11901],[74.55247,14.11989],[74.55254,14.12083],[74.55341,14.12095],[74.55179,14.1223],[74.55226,14.12321],[74.55169,14.124],[74.55178,14.12508],[74.55,14.12873],[74.55221,14.13392],[74.55325,14.13324],[74.55686,14.1349],[74.5677,14.14365],[74.58336,14.14842],[74.58328,14.14885],[74.58716,14.14854],[74.59562,14.14985],[74.62183,14.14928],[74.62705,14.15819],[74.62796,14.15235]]]}},{"type":"Feature","properties":{"unitId":773,"unitName":"Honnavara PS"},"geometry":{"type":"Polygon","coordinates":[[[74.49097,14.43267],[74.49106,14.43214],[74.49308,14.43208],[74.49454,14.43132],[74.49489,14.42975],[74.49704,14.42866],[74.49547,14.42635],[74.5011,14.41599],[74.50458,14.41598],[74.51501,14.42811],[74.51736,14.42718],[74.51972,14.42807],[74.53269,14.42645],[74.53091,14.42228],[74.53024,14.41691],[74.53234,14.41405],[74.53487,14.40889],[74.54075,14.40827],[74.54509,14.40411],[74.55647,14.40096],[74.56313,14.3971],[74.56332,14.39456],[74.56173,14.39116],[74.54733,14.36674],[74.54838,14.36398],[74.56309,14.36229],[74.56584,14.3632],[74.56929,14.36577],[74.57832,14.37084],[74.5861,14.37351],[74.58536,14.3761],[74.6051,14.37254],[74.61606,14.37194],[74.62774,14.37417],[74.63878,14.3821],[74.66342,14.38823],[74.66379,14.388],[74.6604,14.38625],[74.64598,14.3723],[74.64861,14.36661],[74.61994,14.33958],[74.61988,14.3387],[74.63266,14.32973],[74.63387,14.33124],[74.64698,14.31983],[74.64693,14.32026],[74.6589,14.32615],[74.66178,14.32317],[74.66014,14.32237],[74.6722,14.30838],[74.68083,14.30747],[74.68175,14.30824],[74.70331,14.30298],[74.704,14.30372],[74.72115,14.2881],[74.72565,14.2776],[74.72566,14.27619],[74.71782,14.26866],[74.72733,14.26727],[74.73155,14.26467],[74.71248,14.23465],[74.71271,14.23282],[74.71788,14.21175],[74.72613,14.17371],[74.74757,14.15687],[74.74895,14.1418],[74.74858,14.1421],[74.74696,14.14102],[74.74484,14.14636],[74.74559,14.14661],[74.74463,14.1475],[74.74456,14.14807],[74.74535,14.14815],[74.74476,14.14924],[74.74437,14.14888],[74.74363,14.14943],[74.72084,14.15435],[74.70913,14.16724],[74.70084,14.16982],[74.6995,14.16793],[74.69401,14.17029],[74.69599,14.17292],[74.66498,14.18316],[74.65286,14.16747],[74.65062,14.16987],[74.62982,14.16399],[74.62903,14.16167],[74.62183,14.14928],[74.59562,14.14985],[74.6022,14.1726],[74.58192,14.18845],[74.57358,14.19265],[74.57342,14.19204],[74.56237,14.19257],[74.55214,14.18831],[74.5488,14.19432],[74.55391,14.20491],[74.55388,14.21331],[74.55045,14.21718],[74.55587,14.21788],[74.55415,14.22036],[74.55238,14.22933],[74.55493,14.23835],[74.5531,14.23854],[74.54751,14.23559],[74.54472,14.23553],[74.5409,14.23724],[74.53766,14.23706],[74.53529,14.23604],[74.5355,14.23566],[74.53164,14.23442],[74.52841,14.23508],[74.52843,14.23288],[74.52711,14.23304],[74.52513,14.23429],[74.52727,14.23557],[74.52026,14.2423],[74.51745,14.24203],[74.51574,14.24268],[74.50534,14.24886],[74.50227,14.24928],[74.50074,14.25272],[74.49524,14.25426],[74.49232,14.2556],[74.49111,14.25675],[74.49038,14.25863],[74.48897,14.25985],[74.48504,14.25983],[74.47459,14.26136],[74.4735,14.26214],[74.47145,14.25819],[74.4699,14.25832],[74.46603,14.25612],[74.46567,14.26786],[74.44892,14.26857],[74.44986,14.26199],[74.4495,14.26031],[74.44983,14.25822],[74.45142,14.25539],[74.45392,14.25375],[74.45336,14.25136],[74.4539,14.24887],[74.4519,14.24817],[74.44977,14.24645],[74.44808,14.24623],[74.448,14.24439],[74.44615,14.24443],[74.44578,14.24504],[74.4444,14.24472],[74.44314,14.24692],[74.44165,14.24725],[74.43804,14.2464],[74.43823,14.24556],[74.43676,14.24552],[74.43395,14.25411],[74.42357,14.27831],[74.42207,14.27943],[74.42338,14.28112],[74.42349,14.28736],[74.42266,14.28686],[74.41605,14.30849],[74.41267,14.31564],[74.41214,14.32638],[74.40778,14.3448],[74.41363,14.3454],[74.41275,14.34799],[74.41446,14.35249],[74.41598,14.35418],[74.41681,14.35432],[74.41863,14.35317],[74.42094,14.35378],[74.42152,14.35437],[74.42448,14.35935],[74.42492,14.36166],[74.42644,14.36254],[74.42691,14.36701],[74.42858,14.36921],[74.42922,14.37207],[74.4315,14.37329],[74.43464,14.37355],[74.43628,14.37456],[74.43726,14.37632],[74.43649,14.37708],[74.43483,14.37626],[74.43409,14.37721],[74.43413,14.378],[74.43471,14.37936],[74.4382,14.38168],[74.43933,14.38323],[74.44178,14.38336],[74.44392,14.38158],[74.44512,14.38185],[74.44672,14.38342],[74.44823,14.38301],[74.44818,14.38213],[74.44916,14.38167],[74.45061,14.3822],[74.45045,14.38335],[74.45368,14.38221],[74.45425,14.38293],[74.45443,14.38444],[74.45568,14.38394],[74.45651,14.38259],[74.45802,14.38217],[74.45859,14.38222],[74.45857,14.38286],[74.4599,14.38223],[74.46122,14.38317],[74.46068,14.38464],[74.46088,14.38556],[74.46155,14.38607],[74.46308,14.38599],[74.46386,14.38764],[74.46547,14.38899],[74.46473,14.39098],[74.46499,14.39496],[74.47243,14.39847],[74.47818,14.4107],[74.47493,14.41359],[74.47709,14.41506],[74.47584,14.41668],[74.47582,14.41757],[74.47693,14.41791],[74.47668,14.41882],[74.47731,14.41958],[74.47694,14.42252],[74.4792,14.42644],[74.48164,14.43009],[74.48298,14.43017],[74.48726,14.42867],[74.4875,14.42983],[74.48682,14.42992],[74.48679,14.4305],[74.48752,14.43068],[74.48809,14.4326],[74.48885,14.43263],[74.48906,14.43202],[74.48953,14.43199],[74.49046,14.43298],[74.49097,14.43267]]]}},{"type":"Feature","properties":{"unitId":774,"unitName":"Manki PS"},"geometry":{"type":"Polygon","coordinates":[[[74.46567,14.26786],[74.46603,14.25612],[74.4699,14.25832],[74.47145,14.25819],[74.4735,14.26214],[74.47459,14.26136],[74.48504,14.25983],[74.48897,14.25985],[74.49038,14.25863],[74.49111,14.25675],[74.49232,14.2556],[74.49524,14.25426],[74.50074,14.25272],[74.50227,14.24928],[74.50534,14.24886],[74.51574,14.24268],[74.51745,14.24203],[74.52026,14.2423],[74.52727,14.23557],[74.52513,14.23429],[74.52711,14.23304],[74.52843,14.23288],[74.52841,14.23508],[74.53164,14.23442],[74.5355,14.23566],[74.53529,14.23604],[74.53766,14.23706],[74.5409,14.23724],[74.54472,14.23553],[74.54751,14.23559],[74.5531,14.23854],[74.55493,14.23835],[74.55238,14.22933],[74.55415,14.22036],[74.55587,14.21788],[74.55045,14.21718],[74.55388,14.21331],[74.55391,14.20491],[74.5488,14.19432],[74.55214,14.18831],[74.56237,14.19257],[74.57342,14.19204],[74.57358,14.19265],[74.58192,14.18845],[74.6022,14.1726],[74.59562,14.14985],[74.58716,14.14854],[74.58328,14.14885],[74.58336,14.14842],[74.5677,14.14365],[74.55686,14.1349],[74.55325,14.13324],[74.55221,14.13392],[74.55,14.12873],[74.55178,14.12508],[74.55169,14.124],[74.55226,14.12321],[74.55179,14.1223],[74.55341,14.12095],[74.55254,14.12083],[74.55247,14.11989],[74.55409,14.11901],[74.55489,14.11706],[74.55471,14.11609],[74.55518,14.11543],[74.55456,14.11371],[74.55506,14.11264],[74.55425,14.11108],[74.55393,14.10727],[74.54092,14.10837],[74.53757,14.11061],[74.53755,14.11026],[74.53634,14.11014],[74.5366,14.1083],[74.53551,14.10586],[74.53441,14.10815],[74.53429,14.10946],[74.53394,14.10899],[74.5336,14.10954],[74.52752,14.10862],[74.51868,14.11345],[74.51701,14.11304],[74.5186,14.12227],[74.5167,14.12478],[74.50714,14.12362],[74.50652,14.12393],[74.50579,14.12321],[74.50386,14.12314],[74.50168,14.12442],[74.50025,14.12442],[74.49723,14.13111],[74.49736,14.13725],[74.50138,14.13994],[74.50389,14.14094],[74.50363,14.14161],[74.50446,14.14119],[74.50451,14.14062],[74.50481,14.14087],[74.50539,14.14042],[74.50534,14.14108],[74.50638,14.14067],[74.50561,14.14181],[74.50619,14.14249],[74.5056,14.14258],[74.50587,14.14351],[74.50406,14.14309],[74.50316,14.14501],[74.50223,14.14458],[74.50315,14.14208],[74.50321,14.14147],[74.50273,14.14125],[74.50221,14.14143],[74.50128,14.14419],[74.49861,14.14297],[74.49891,14.14249],[74.49765,14.1418],[74.4972,14.14173],[74.4968,14.14313],[74.49602,14.14252],[74.49646,14.14171],[74.49479,14.14203],[74.49566,14.14095],[74.49192,14.14028],[74.49117,14.14212],[74.49027,14.14264],[74.48829,14.14272],[74.48767,14.14189],[74.48787,14.1441],[74.48752,14.1442],[74.4867,14.14314],[74.48684,14.14159],[74.48576,14.14114],[74.48586,14.14073],[74.48695,14.14085],[74.48703,14.13948],[74.4859,14.13922],[74.48507,14.13976],[74.48452,14.13892],[74.4819,14.13894],[74.48003,14.13741],[74.47891,14.14008],[74.4775,14.1404],[74.47761,14.14145],[74.47915,14.14244],[74.47988,14.14385],[74.47926,14.14426],[74.47727,14.15141],[74.47445,14.16699],[74.47264,14.17286],[74.46922,14.18899],[74.46735,14.19424],[74.46776,14.19482],[74.46706,14.19473],[74.46582,14.1991],[74.46372,14.20123],[74.46107,14.20159],[74.46028,14.20118],[74.45926,14.19943],[74.4584,14.19922],[74.45619,14.20027],[74.45406,14.20028],[74.45372,14.20237],[74.44944,14.20842],[74.44678,14.21866],[74.44174,14.22771],[74.442,14.22819],[74.44158,14.22836],[74.44229,14.22941],[74.43956,14.23613],[74.44122,14.23603],[74.43804,14.2464],[74.44165,14.24725],[74.44314,14.24692],[74.4444,14.24472],[74.44578,14.24504],[74.44615,14.24443],[74.448,14.24439],[74.44808,14.24623],[74.44977,14.24645],[74.4519,14.24817],[74.4539,14.24887],[74.45336,14.25136],[74.45392,14.25375],[74.45142,14.25539],[74.44983,14.25822],[74.4495,14.26031],[74.44986,14.26199],[74.44892,14.26857],[74.46567,14.26786]]]}},{"type":"Feature","properties":{"unitId":775,"unitName":"Gokarna PS"},"geometry":{"type":"Polygon","coordinates":[[[74.31158,14.59972],[74.31362,14.59976],[74.31472,14.59854],[74.31686,14.59894],[74.318,14.59824],[74.3168,14.59662],[74.31691,14.59455],[74.31602,14.59113],[74.31702,14.5898],[74.31676,14.58633],[74.31751,14.58251],[74.32174,14.58228],[74.32323,14.58296],[74.32471,14.57916],[74.3258,14.57866],[74.3301,14.5803],[74.33018,14.57941],[74.3308,14.57939],[74.33109,14.58017],[74.3319,14.57978],[74.33237,14.5803],[74.3335,14.58024],[74.3336,14.58073],[74.33485,14.58064],[74.33525,14.58114],[74.33592,14.58054],[74.33635,14.58136],[74.34742,14.58203],[74.34903,14.5807],[74.34859,14.57801],[74.34763,14.578],[74.34525,14.57564],[74.34443,14.57363],[74.34813,14.57262],[74.35164,14.57296],[74.35526,14.57632],[74.35958,14.57752],[74.36381,14.57553],[74.36615,14.5766],[74.36627,14.58021],[74.36791,14.58146],[74.36895,14.58133],[74.36976,14.58286],[74.37199,14.58333],[74.37718,14.58578],[74.37448,14.57973],[74.37472,14.57779],[74.37414,14.57573],[74.37477,14.57554],[74.37462,14.57396],[74.37758,14.57373],[74.37794,14.5728],[74.38074,14.57205],[74.38443,14.57289],[74.38536,14.57187],[74.38671,14.57259],[74.38937,14.57298],[74.38913,14.57342],[74.38983,14.57492],[74.39966,14.57465],[74.39952,14.57193],[74.4001,14.57084],[74.39895,14.57073],[74.39709,14.56876],[74.39338,14.5678],[74.39149,14.56653],[74.39095,14.56597],[74.39199,14.56532],[74.39452,14.56526],[74.39501,14.56488],[74.39576,14.56589],[74.39907,14.56574],[74.41218,14.56377],[74.41851,14.56375],[74.41338,14.55154],[74.41458,14.54827],[74.41545,14.53782],[74.4185,14.51839],[74.41776,14.51738],[74.41464,14.51832],[74.41108,14.51451],[74.40883,14.51337],[74.40019,14.51195],[74.398,14.5104],[74.39672,14.51012],[74.39288,14.512],[74.39166,14.5111],[74.39098,14.51316],[74.38775,14.5183],[74.38584,14.51897],[74.38422,14.51861],[74.38307,14.51795],[74.38321,14.51719],[74.38173,14.5169],[74.37752,14.52161],[74.37617,14.52455],[74.37383,14.52775],[74.37138,14.52834],[74.36838,14.52763],[74.3674,14.52624],[74.36684,14.52386],[74.3657,14.52392],[74.36377,14.52316],[74.35873,14.5191],[74.35733,14.51645],[74.35858,14.51575],[74.35883,14.51139],[74.35522,14.50869],[74.3551,14.5094],[74.35155,14.51117],[74.34274,14.5138],[74.3405,14.51386],[74.34037,14.51494],[74.33865,14.51633],[74.33852,14.51778],[74.33729,14.5189],[74.33555,14.5176],[74.33441,14.51823],[74.33173,14.51784],[74.33104,14.5165],[74.32856,14.51606],[74.32738,14.51538],[74.32685,14.51566],[74.32631,14.51757],[74.32691,14.51898],[74.32603,14.51982],[74.32331,14.5194],[74.32188,14.52023],[74.31937,14.5199],[74.31888,14.51907],[74.31676,14.51909],[74.31543,14.52082],[74.31358,14.5217],[74.31011,14.5209],[74.31131,14.52228],[74.3116,14.52422],[74.31564,14.52521],[74.31662,14.52753],[74.31654,14.53083],[74.31282,14.53117],[74.31196,14.53192],[74.31178,14.53272],[74.31253,14.53384],[74.31189,14.53429],[74.31123,14.53636],[74.31171,14.53755],[74.31127,14.53863],[74.3144,14.53995],[74.31476,14.54212],[74.31519,14.54231],[74.31477,14.54248],[74.3136,14.54687],[74.31184,14.55075],[74.31222,14.5508],[74.30989,14.55445],[74.30407,14.57069],[74.29812,14.58349],[74.2943,14.59343],[74.29478,14.5948],[74.29605,14.59524],[74.29771,14.59486],[74.29799,14.59388],[74.29952,14.59256],[74.30122,14.59284],[74.30498,14.5988],[74.30626,14.59993],[74.30974,14.60098],[74.31085,14.60063],[74.31158,14.59972]]]}},{"type":"Feature","properties":{"unitId":776,"unitName":"Kumta PS"},"geometry":{"type":"Polygon","coordinates":[[[74.44207,14.61023],[74.44243,14.60727],[74.44045,14.60759],[74.44007,14.6073],[74.44034,14.60686],[74.44426,14.60553],[74.45087,14.60126],[74.45755,14.59827],[74.46099,14.60285],[74.47243,14.59254],[74.45738,14.57804],[74.4577,14.57389],[74.45321,14.57266],[74.45397,14.57188],[74.45442,14.5695],[74.45654,14.56846],[74.45825,14.56849],[74.45677,14.56755],[74.45603,14.56635],[74.45781,14.56435],[74.46005,14.56376],[74.46273,14.56611],[74.46323,14.56753],[74.46587,14.56838],[74.46595,14.56779],[74.46534,14.56772],[74.46372,14.56465],[74.46385,14.56365],[74.47146,14.56058],[74.47229,14.55969],[74.47191,14.5583],[74.47252,14.55767],[74.47017,14.55449],[74.4692,14.54909],[74.46529,14.54337],[74.47355,14.53263],[74.46123,14.52179],[74.48269,14.52716],[74.48263,14.51967],[74.48865,14.52542],[74.49204,14.53355],[74.5013,14.54661],[74.50327,14.54835],[74.50344,14.55376],[74.51252,14.56133],[74.51795,14.56442],[74.51966,14.56894],[74.53232,14.56491],[74.53204,14.56535],[74.53542,14.57326],[74.53578,14.57673],[74.54086,14.57738],[74.5425,14.5755],[74.54889,14.58455],[74.54776,14.58771],[74.57274,14.60737],[74.57384,14.60766],[74.577,14.60606],[74.58265,14.6021],[74.58083,14.57988],[74.58263,14.56908],[74.58291,14.55881],[74.58003,14.55775],[74.57431,14.53622],[74.56881,14.52673],[74.56938,14.52672],[74.57161,14.52145],[74.56947,14.50786],[74.57139,14.49646],[74.57285,14.49126],[74.58102,14.48329],[74.58064,14.48286],[74.58101,14.48248],[74.59077,14.47728],[74.59913,14.47631],[74.60897,14.46755],[74.61399,14.46588],[74.63211,14.47131],[74.62959,14.45903],[74.63426,14.46374],[74.63874,14.46445],[74.65279,14.47963],[74.65226,14.48083],[74.65362,14.48084],[74.66825,14.47524],[74.69144,14.48308],[74.69615,14.47317],[74.68924,14.46276],[74.67041,14.44881],[74.67684,14.44653],[74.6782,14.44529],[74.67829,14.44412],[74.67877,14.44407],[74.67553,14.43146],[74.65919,14.43505],[74.65368,14.43196],[74.67259,14.41313],[74.672,14.41054],[74.67247,14.41046],[74.66908,14.40078],[74.67009,14.4007],[74.66672,14.39113],[74.6651,14.39044],[74.66482,14.38879],[74.66341,14.38865],[74.66286,14.38938],[74.66347,14.38826],[74.66315,14.38808],[74.63878,14.3821],[74.62774,14.37417],[74.61606,14.37194],[74.6051,14.37254],[74.58536,14.3761],[74.5861,14.37351],[74.57832,14.37084],[74.56929,14.36577],[74.56584,14.3632],[74.56309,14.36229],[74.54838,14.36398],[74.54733,14.36674],[74.56173,14.39116],[74.56332,14.39456],[74.56313,14.3971],[74.55647,14.40096],[74.54509,14.40411],[74.54075,14.40827],[74.53487,14.40889],[74.53234,14.41405],[74.53024,14.41691],[74.53091,14.42228],[74.53269,14.42645],[74.51972,14.42807],[74.51736,14.42718],[74.51501,14.42811],[74.50458,14.41598],[74.5011,14.41599],[74.49547,14.42635],[74.49695,14.42881],[74.4963,14.42936],[74.49553,14.42917],[74.49477,14.4299],[74.49454,14.43132],[74.49335,14.43201],[74.49106,14.43214],[74.49125,14.43274],[74.49086,14.43293],[74.48953,14.43199],[74.48829,14.43266],[74.48761,14.4318],[74.48752,14.43068],[74.48679,14.4305],[74.48682,14.42992],[74.4875,14.42983],[74.48726,14.42867],[74.48298,14.43017],[74.48164,14.43009],[74.47694,14.42252],[74.47731,14.41958],[74.47668,14.41882],[74.47683,14.41771],[74.47603,14.41787],[74.47573,14.41709],[74.47709,14.41506],[74.47493,14.41359],[74.47818,14.4107],[74.47243,14.39847],[74.46499,14.39496],[74.46473,14.39098],[74.46547,14.38899],[74.46386,14.38764],[74.46308,14.38599],[74.46155,14.38607],[74.46088,14.38556],[74.46068,14.38464],[74.46122,14.38317],[74.4599,14.38223],[74.45857,14.38286],[74.45859,14.38222],[74.45802,14.38217],[74.45651,14.38259],[74.45568,14.38394],[74.45443,14.38444],[74.45425,14.38293],[74.45368,14.38221],[74.45045,14.38335],[74.45061,14.3822],[74.44916,14.38167],[74.44818,14.38213],[74.44823,14.38301],[74.44672,14.38342],[74.44512,14.38185],[74.44392,14.38158],[74.44178,14.38336],[74.43933,14.38323],[74.4382,14.38168],[74.43471,14.37936],[74.43413,14.378],[74.43409,14.37721],[74.43483,14.37626],[74.43649,14.37708],[74.43726,14.37632],[74.43628,14.37456],[74.43464,14.37355],[74.4315,14.37329],[74.42922,14.37207],[74.42858,14.36921],[74.42691,14.36701],[74.42644,14.36254],[74.42492,14.36166],[74.42448,14.35935],[74.42152,14.35437],[74.42094,14.35378],[74.41863,14.35317],[74.41681,14.35432],[74.41533,14.35373],[74.41337,14.35029],[74.41275,14.34799],[74.41363,14.3454],[74.40901,14.34515],[74.40726,14.35434],[74.40608,14.35653],[74.40671,14.35699],[74.40458,14.35784],[74.40604,14.35986],[74.40455,14.36453],[74.40427,14.36714],[74.40396,14.36787],[74.40293,14.36798],[74.40294,14.37044],[74.40463,14.37087],[74.40591,14.37031],[74.40519,14.37061],[74.40567,14.37212],[74.40398,14.38202],[74.40252,14.38597],[74.39986,14.39686],[74.39812,14.40533],[74.39857,14.40544],[74.39781,14.40906],[74.39499,14.41656],[74.39319,14.41647],[74.39115,14.4157],[74.38575,14.41564],[74.38107,14.41902],[74.3792,14.42186],[74.37913,14.42499],[74.3812,14.42519],[74.38223,14.42592],[74.38209,14.42739],[74.38001,14.42877],[74.37864,14.4309],[74.38002,14.43267],[74.38215,14.4328],[74.38105,14.43611],[74.38193,14.43876],[74.37674,14.4549],[74.37602,14.45587],[74.37479,14.45977],[74.37376,14.46048],[74.37605,14.46071],[74.37382,14.4665],[74.37349,14.46859],[74.3724,14.47056],[74.37222,14.47085],[74.36996,14.46992],[74.36875,14.47298],[74.36734,14.47799],[74.36573,14.48092],[74.36644,14.48128],[74.36433,14.48627],[74.36437,14.48729],[74.35932,14.49855],[74.35931,14.49938],[74.36104,14.49959],[74.35887,14.5025],[74.35657,14.50156],[74.35452,14.50221],[74.35415,14.5049],[74.3546,14.5054],[74.35399,14.50582],[74.35397,14.50692],[74.35605,14.50962],[74.35802,14.51044],[74.35883,14.51139],[74.35858,14.51575],[74.35733,14.51645],[74.35873,14.5191],[74.36377,14.52316],[74.3657,14.52392],[74.36684,14.52386],[74.3674,14.52624],[74.36838,14.52763],[74.37138,14.52834],[74.37383,14.52775],[74.37617,14.52455],[74.37752,14.52161],[74.38173,14.5169],[74.38321,14.51719],[74.38307,14.51795],[74.38422,14.51861],[74.38584,14.51897],[74.38775,14.5183],[74.39098,14.51316],[74.39166,14.5111],[74.39288,14.512],[74.39672,14.51012],[74.398,14.5104],[74.40019,14.51195],[74.40883,14.51337],[74.41108,14.51451],[74.41464,14.51832],[74.41776,14.51738],[74.4185,14.51839],[74.41545,14.53782],[74.41458,14.54827],[74.41338,14.55154],[74.41851,14.56375],[74.43689,14.56585],[74.43575,14.57378],[74.43139,14.58853],[74.4268,14.59018],[74.42568,14.59798],[74.43631,14.6105],[74.43952,14.60969],[74.44101,14.61083],[74.44207,14.61023]]]}},{"type":"Feature","properties":{"unitId":777,"unitName":"Dandeli Rural PS"},"geometry":{"type":"Polygon","coordinates":[[[74.67476,15.3453],[74.67539,15.34433],[74.69805,15.3444],[74.69811,15.34383],[74.70011,15.34235],[74.7042,15.33554],[74.70529,15.33142],[74.70657,15.33132],[74.71028,15.32924],[74.71911,15.3305],[74.72193,15.33189],[74.72364,15.33139],[74.72381,15.33079],[74.72505,15.32994],[74.72661,15.32698],[74.72791,15.32673],[74.72567,15.31909],[74.72365,15.31861],[74.72414,15.31741],[74.7243,15.3112],[74.72303,15.30924],[74.72216,15.3088],[74.72422,15.3011],[74.72271,15.29763],[74.72281,15.29581],[74.71675,15.29067],[74.71435,15.29046],[74.7138,15.29117],[74.70977,15.29126],[74.70745,15.29225],[74.69972,15.29133],[74.69826,15.29186],[74.69888,15.27974],[74.69674,15.2782],[74.69691,15.27699],[74.69635,15.27623],[74.69526,15.27596],[74.69231,15.27657],[74.69141,15.27596],[74.68964,15.27311],[74.68955,15.2718],[74.68818,15.26883],[74.68615,15.26617],[74.66968,15.26458],[74.65727,15.26849],[74.66324,15.286],[74.64101,15.27396],[74.62555,15.29113],[74.60561,15.28226],[74.60513,15.28079],[74.60554,15.27726],[74.6029,15.27551],[74.60221,15.27049],[74.59808,15.26542],[74.59815,15.26156],[74.59595,15.25729],[74.59606,15.25675],[74.59743,15.25694],[74.59748,15.25603],[74.60269,15.25182],[74.60757,15.24047],[74.61271,15.23583],[74.61085,15.23024],[74.61197,15.22838],[74.61398,15.22711],[74.6154,15.22388],[74.61735,15.22639],[74.61668,15.23618],[74.61834,15.23612],[74.61913,15.23541],[74.62287,15.24131],[74.62576,15.24124],[74.62952,15.24355],[74.63221,15.24435],[74.63674,15.2447],[74.63689,15.24544],[74.63954,15.24423],[74.64475,15.23886],[74.65023,15.23564],[74.65775,15.24656],[74.66173,15.26099],[74.66987,15.25],[74.67242,15.24496],[74.67314,15.24232],[74.67418,15.24267],[74.67729,15.24211],[74.67864,15.2441],[74.68372,15.24303],[74.68797,15.22245],[74.68067,15.21662],[74.68217,15.21528],[74.68336,15.21273],[74.68598,15.21011],[74.68945,15.20537],[74.68891,15.20379],[74.67189,15.19665],[74.66528,15.18588],[74.62622,15.20167],[74.6259,15.18663],[74.62364,15.16464],[74.62751,15.15725],[74.62771,15.14658],[74.62836,15.1413],[74.6132,15.13824],[74.59377,15.12404],[74.58094,15.14071],[74.56946,15.15414],[74.56195,15.16774],[74.55875,15.17751],[74.56088,15.19384],[74.5528,15.1995],[74.55009,15.20379],[74.54732,15.21011],[74.55836,15.22547],[74.55419,15.23118],[74.55054,15.23431],[74.5507,15.23582],[74.55258,15.23994],[74.55295,15.24294],[74.55135,15.25284],[74.55082,15.25394],[74.54531,15.25919],[74.54473,15.26052],[74.54792,15.26093],[74.5487,15.26166],[74.55356,15.26263],[74.55722,15.26409],[74.55767,15.26505],[74.55942,15.26606],[74.56232,15.2644],[74.56481,15.26485],[74.56645,15.25791],[74.56888,15.25455],[74.57194,15.25369],[74.57347,15.25421],[74.57419,15.25529],[74.57267,15.27168],[74.57116,15.27334],[74.56612,15.28143],[74.57801,15.29224],[74.57801,15.29299],[74.57197,15.29534],[74.56448,15.30769],[74.56541,15.30806],[74.5721,15.3175],[74.59348,15.32257],[74.59603,15.32187],[74.601,15.3253],[74.60134,15.32613],[74.60105,15.32773],[74.59899,15.32934],[74.601,15.33102],[74.60047,15.3328],[74.60128,15.33357],[74.60135,15.33551],[74.60411,15.33781],[74.6047,15.33966],[74.60519,15.33998],[74.60605,15.33971],[74.60679,15.34136],[74.60777,15.34195],[74.60993,15.34713],[74.61147,15.34775],[74.62058,15.34216],[74.62366,15.33437],[74.65431,15.34051],[74.65241,15.35224],[74.65328,15.35362],[74.65321,15.35442],[74.65891,15.36557],[74.66536,15.36889],[74.66949,15.3649],[74.67145,15.36472],[74.67476,15.3453]],[[74.70699,15.31966],[74.70356,15.31833],[74.70009,15.31841],[74.69666,15.31652],[74.69158,15.31595],[74.69144,15.31551],[74.69193,15.31399],[74.69283,15.31313],[74.6927,15.31211],[74.69367,15.31043],[74.69331,15.3093],[74.69229,15.30936],[74.69407,15.30724],[74.69414,15.30588],[74.69547,15.30316],[74.69861,15.30195],[74.70054,15.29926],[74.7021,15.30192],[74.70554,15.30611],[74.71319,15.31105],[74.71147,15.31221],[74.70891,15.31307],[74.70711,15.31737],[74.70715,15.31872],[74.71008,15.32002],[74.70699,15.31966]]]}},{"type":"Feature","properties":{"unitId":778,"unitName":"Dandeli Town PS"},"geometry":{"type":"Polygon","coordinates":[[[74.64034,15.27467],[74.64101,15.27396],[74.66324,15.286],[74.65727,15.26849],[74.66173,15.26099],[74.65719,15.24542],[74.65023,15.23564],[74.64475,15.23886],[74.63954,15.24423],[74.63689,15.24544],[74.63674,15.2447],[74.63221,15.24435],[74.62952,15.24355],[74.62576,15.24124],[74.62287,15.24131],[74.61913,15.23541],[74.61834,15.23612],[74.61668,15.23618],[74.61735,15.22639],[74.6154,15.22388],[74.61398,15.22711],[74.61197,15.22838],[74.61085,15.23024],[74.61271,15.23583],[74.60757,15.24047],[74.60269,15.25182],[74.59748,15.25603],[74.59743,15.25694],[74.59606,15.25675],[74.59595,15.25729],[74.59815,15.26156],[74.59808,15.26542],[74.60221,15.27049],[74.6029,15.27551],[74.60554,15.27726],[74.60517,15.28142],[74.60561,15.28226],[74.62555,15.29113],[74.64034,15.27467]]]}},{"type":"Feature","properties":{"unitId":779,"unitName":"Ambikanagar PS"},"geometry":{"type":"Polygon","coordinates":[[[74.72737,15.20296],[74.73539,15.20262],[74.74029,15.20026],[74.74417,15.19917],[74.75454,15.19723],[74.75135,15.19292],[74.75059,15.19104],[74.75015,15.18832],[74.75074,15.18648],[74.73898,15.17703],[74.75936,15.1729],[74.7597,15.16462],[74.75764,15.16261],[74.75638,15.15999],[74.75659,15.15802],[74.7561,15.15829],[74.75522,15.15649],[74.75558,15.1561],[74.75516,15.15316],[74.7563,15.15271],[74.75663,15.15127],[74.7574,15.15098],[74.75797,15.14851],[74.75725,15.14557],[74.75525,15.14359],[74.75716,15.1391],[74.75755,15.13334],[74.7564,15.12989],[74.75793,15.12989],[74.75967,15.12714],[74.76069,15.12334],[74.77018,15.10119],[74.76618,15.10167],[74.76248,15.10013],[74.75955,15.09999],[74.7586,15.1019],[74.75529,15.10307],[74.75406,15.10285],[74.75276,15.09977],[74.75344,15.09589],[74.75198,15.0922],[74.74994,15.09167],[74.74939,15.08999],[74.74458,15.08529],[74.74322,15.08465],[74.74126,15.08505],[74.73824,15.08868],[74.73519,15.08878],[74.7333,15.08977],[74.73171,15.08725],[74.73184,15.08352],[74.73145,15.08322],[74.72473,15.08418],[74.72171,15.08198],[74.71768,15.08094],[74.71461,15.08428],[74.71269,15.08531],[74.71093,15.08763],[74.70307,15.10165],[74.70095,15.10467],[74.69496,15.09799],[74.69147,15.09737],[74.68831,15.09837],[74.68311,15.09305],[74.68209,15.09319],[74.67799,15.09568],[74.67673,15.09783],[74.67462,15.09818],[74.66224,15.09011],[74.65057,15.07957],[74.64771,15.078],[74.6416,15.08238],[74.63804,15.08357],[74.63689,15.08263],[74.63431,15.07656],[74.63291,15.07527],[74.62862,15.07311],[74.62009,15.06609],[74.61655,15.06599],[74.61706,15.06519],[74.60642,15.0646],[74.60487,15.06653],[74.5995,15.06871],[74.5993,15.07016],[74.60001,15.07205],[74.5996,15.0721],[74.60081,15.07381],[74.59786,15.07682],[74.59396,15.07788],[74.58993,15.08047],[74.59013,15.08094],[74.58914,15.08117],[74.58381,15.07993],[74.58201,15.08001],[74.58023,15.08071],[74.57857,15.08578],[74.57368,15.09],[74.57149,15.0946],[74.57169,15.09522],[74.57432,15.09472],[74.5779,15.09544],[74.58006,15.09735],[74.5775,15.1064],[74.58029,15.11643],[74.59377,15.12404],[74.6132,15.13824],[74.62836,15.1413],[74.62771,15.14658],[74.62751,15.15725],[74.62364,15.16464],[74.62587,15.18662],[74.64634,15.18016],[74.65492,15.16825],[74.66747,15.16762],[74.66553,15.18576],[74.68326,15.18166],[74.68456,15.18494],[74.69534,15.1905],[74.69755,15.19335],[74.701,15.20296],[74.70152,15.20287],[74.70142,15.2077],[74.71465,15.21203],[74.72409,15.21067],[74.72218,15.20975],[74.72737,15.20296]]]}},{"type":"Feature","properties":{"unitId":780,"unitName":"Haliyal PS"},"geometry":{"type":"MultiPolygon","coordinates":[[[[74.76727,15.4174],[74.76827,15.41712],[74.76785,15.41618],[74.76883,15.41505],[74.76875,15.41338],[74.76774,15.41078],[74.76905,15.40923],[74.76956,15.40937],[74.77058,15.40852],[74.77033,15.40699],[74.76917,15.40651],[74.76846,15.40491],[74.76606,15.40333],[74.76462,15.40158],[74.76557,15.39833],[74.76621,15.39834],[74.76613,15.39948],[74.76702,15.39952],[74.76709,15.39999],[74.76629,15.40041],[74.76856,15.40031],[74.76863,15.40122],[74.76929,15.40133],[74.76972,15.40024],[74.77066,15.39998],[74.77072,15.3995],[74.78156,15.39413],[74.78217,15.39109],[74.7835,15.38957],[74.78538,15.38506],[74.78685,15.38332],[74.78978,15.38181],[74.79229,15.37879],[74.79532,15.3777],[74.79878,15.3776],[74.80979,15.37942],[74.81147,15.38127],[74.82028,15.38501],[74.82548,15.37836],[74.82934,15.37433],[74.83052,15.37365],[74.82367,15.37336],[74.81897,15.37092],[74.8246,15.35478],[74.82502,15.35142],[74.82588,15.34948],[74.82492,15.349],[74.82553,15.34487],[74.82631,15.3432],[74.82931,15.33959],[74.83144,15.33782],[74.83235,15.33624],[74.8359,15.33446],[74.83936,15.33565],[74.84176,15.33514],[74.84508,15.33562],[74.84672,15.33648],[74.84753,15.3376],[74.84813,15.33983],[74.85013,15.33996],[74.85069,15.33951],[74.8529,15.34006],[74.85441,15.3399],[74.85497,15.34036],[74.86118,15.32744],[74.87761,15.31715],[74.87561,15.31599],[74.87761,15.31403],[74.87715,15.31242],[74.8781,15.30983],[74.87768,15.30958],[74.878,15.3087],[74.87679,15.3038],[74.87493,15.30027],[74.8813,15.298],[74.88526,15.29987],[74.88932,15.30466],[74.8922,15.3028],[74.89447,15.29911],[74.89711,15.30128],[74.90039,15.29436],[74.90077,15.29222],[74.9062,15.27982],[74.9066,15.27814],[74.90616,15.27789],[74.90624,15.2772],[74.90865,15.26839],[74.90855,15.26071],[74.91021,15.25177],[74.9016,15.24501],[74.89877,15.24105],[74.88514,15.23278],[74.88471,15.22765],[74.88199,15.22403],[74.87434,15.21653],[74.87239,15.21617],[74.87535,15.20533],[74.87379,15.20426],[74.87736,15.19301],[74.87432,15.19236],[74.87327,15.19181],[74.87327,15.19128],[74.87111,15.19074],[74.87117,15.19128],[74.86934,15.18874],[74.86487,15.18675],[74.86558,15.18499],[74.86411,15.1842],[74.86468,15.18243],[74.86291,15.18254],[74.8621,15.18168],[74.86252,15.1788],[74.86132,15.1778],[74.85402,15.17428],[74.8501,15.171],[74.84924,15.16794],[74.84821,15.16647],[74.84861,15.1639],[74.8475,15.16262],[74.84446,15.161],[74.84402,15.15945],[74.84269,15.1577],[74.84126,15.15733],[74.84268,15.15535],[74.84022,15.15386],[74.83733,15.15098],[74.83622,15.15057],[74.83523,15.14883],[74.83468,15.14893],[74.83548,15.14745],[74.83784,15.14577],[74.83793,15.14426],[74.83564,15.14228],[74.83297,15.14231],[74.83054,15.14042],[74.82866,15.13979],[74.82901,15.13945],[74.82873,15.1365],[74.82713,15.13532],[74.82455,15.13465],[74.82392,15.13485],[74.82218,15.13857],[74.81991,15.13972],[74.81912,15.14073],[74.81933,15.14143],[74.82221,15.1425],[74.82322,15.14421],[74.82211,15.14557],[74.82113,15.14525],[74.81995,15.14592],[74.81941,15.14767],[74.81966,15.14959],[74.82083,15.15163],[74.82017,15.15285],[74.81903,15.15351],[74.81577,15.15428],[74.81259,15.15407],[74.81193,15.15208],[74.81109,15.15123],[74.80747,15.15027],[74.80481,15.15072],[74.80254,15.14909],[74.80035,15.14917],[74.7974,15.14829],[74.793,15.14614],[74.79284,15.14478],[74.79466,15.14152],[74.79484,15.13925],[74.79288,15.13637],[74.79335,15.13174],[74.79264,15.13061],[74.78944,15.12974],[74.78176,15.13178],[74.78197,15.12845],[74.78488,15.12147],[74.78464,15.11672],[74.78278,15.11508],[74.78248,15.11129],[74.77516,15.10278],[74.77492,15.10108],[74.77402,15.09966],[74.77307,15.09971],[74.77018,15.10119],[74.76069,15.12334],[74.75967,15.12714],[74.75793,15.12989],[74.7564,15.12989],[74.75755,15.13334],[74.75716,15.1391],[74.75525,15.14359],[74.75725,15.14557],[74.75797,15.14851],[74.7574,15.15098],[74.75663,15.15127],[74.7563,15.15271],[74.75516,15.15316],[74.75558,15.1561],[74.75522,15.15649],[74.7561,15.15829],[74.75659,15.15802],[74.75638,15.15999],[74.75764,15.16261],[74.7597,15.16462],[74.75936,15.1729],[74.73898,15.17703],[74.75074,15.18648],[74.75015,15.18832],[74.75059,15.19104],[74.75135,15.19292],[74.75454,15.19723],[74.74417,15.19917],[74.74029,15.20026],[74.73539,15.20262],[74.72703,15.20298],[74.72218,15.20975],[74.72409,15.21067],[74.71465,15.21203],[74.70142,15.2077],[74.70152,15.20287],[74.701,15.20296],[74.69755,15.19335],[74.69534,15.1905],[74.68456,15.18494],[74.68326,15.18166],[74.66553,15.18576],[74.66747,15.16762],[74.65492,15.16825],[74.64634,15.18016],[74.62587,15.18662],[74.62647,15.20183],[74.66528,15.18588],[74.67189,15.19665],[74.68891,15.20379],[74.68945,15.20537],[74.68598,15.21011],[74.68336,15.21273],[74.68217,15.21528],[74.68067,15.21662],[74.68797,15.22245],[74.68372,15.24303],[74.67864,15.2441],[74.67729,15.24211],[74.67418,15.24267],[74.67314,15.24232],[74.67242,15.24496],[74.66987,15.25],[74.66164,15.2611],[74.65749,15.26841],[74.66968,15.26458],[74.68615,15.26617],[74.68818,15.26883],[74.68955,15.2718],[74.68964,15.27311],[74.69141,15.27596],[74.69231,15.27657],[74.69526,15.27596],[74.69635,15.27623],[74.69691,15.27699],[74.69674,15.2782],[74.69888,15.27974],[74.69826,15.29186],[74.69972,15.29133],[74.70745,15.29225],[74.70977,15.29126],[74.7138,15.29117],[74.71435,15.29046],[74.71675,15.29067],[74.72281,15.29581],[74.72271,15.29763],[74.72422,15.3011],[74.72216,15.3088],[74.72303,15.30924],[74.7243,15.3112],[74.72414,15.31741],[74.72365,15.31861],[74.72567,15.31909],[74.72791,15.32673],[74.72661,15.32698],[74.72608,15.32851],[74.72364,15.33139],[74.72193,15.33189],[74.71911,15.3305],[74.71028,15.32924],[74.70657,15.33132],[74.70529,15.33142],[74.7042,15.33554],[74.70011,15.34235],[74.69811,15.34383],[74.69805,15.3444],[74.67539,15.34433],[74.67438,15.3459],[74.67145,15.36472],[74.66949,15.3649],[74.66536,15.36889],[74.65891,15.36557],[74.65321,15.35442],[74.65328,15.35362],[74.65241,15.35224],[74.65431,15.34051],[74.62366,15.33437],[74.62058,15.34216],[74.61147,15.34775],[74.61326,15.35077],[74.61335,15.35306],[74.61408,15.35543],[74.61334,15.3583],[74.61377,15.35928],[74.63375,15.36794],[74.6338,15.36752],[74.63588,15.36809],[74.63907,15.37315],[74.63921,15.37537],[74.64203,15.38277],[74.64547,15.38745],[74.64921,15.39123],[74.64904,15.39052],[74.66638,15.39314],[74.68892,15.39867],[74.69198,15.40336],[74.69865,15.40985],[74.70626,15.40727],[74.71295,15.40994],[74.71754,15.41111],[74.7267,15.41033],[74.72844,15.40892],[74.73027,15.40889],[74.73189,15.40798],[74.73649,15.40891],[74.73893,15.41098],[74.74105,15.41101],[74.74092,15.41156],[74.7457,15.41263],[74.74839,15.4106],[74.75351,15.41049],[74.75749,15.41102],[74.75853,15.41158],[74.76035,15.41398],[74.76161,15.41407],[74.76293,15.41634],[74.76684,15.41773],[74.76727,15.4174]]],[[[74.70967,15.31987],[74.70715,15.31872],[74.70711,15.31737],[74.70845,15.31391],[74.70891,15.31307],[74.71147,15.31221],[74.71319,15.31105],[74.70554,15.30611],[74.7021,15.30192],[74.70054,15.29926],[74.69861,15.30195],[74.69547,15.30316],[74.69414,15.30588],[74.69407,15.30724],[74.69229,15.30936],[74.69331,15.3093],[74.69367,15.31043],[74.6927,15.31211],[74.69283,15.31313],[74.69158,15.31486],[74.69158,15.31595],[74.69666,15.31652],[74.70009,15.31841],[74.70356,15.31833],[74.70633,15.31959],[74.70967,15.31987]]]]}},{"type":"Feature","properties":{"unitId":781,"unitName":"Joida PS"},"geometry":{"type":"Polygon","coordinates":[[[74.50722,15.28062],[74.50834,15.277],[74.50841,15.27474],[74.50782,15.27468],[74.5084,15.27116],[74.51137,15.27111],[74.51392,15.27234],[74.5173,15.27294],[74.52097,15.2717],[74.5226,15.27307],[74.52502,15.27418],[74.5276,15.27441],[74.52759,15.27505],[74.53074,15.27568],[74.53285,15.2776],[74.53388,15.27776],[74.5393,15.27247],[74.54025,15.26734],[74.54027,15.26343],[74.54234,15.26111],[74.54473,15.26052],[74.54531,15.25919],[74.5511,15.25364],[74.55297,15.24339],[74.55258,15.23994],[74.55049,15.23449],[74.55419,15.23118],[74.55836,15.22547],[74.54732,15.21011],[74.55009,15.20379],[74.5528,15.1995],[74.56088,15.19384],[74.55875,15.17751],[74.56195,15.16774],[74.56462,15.16279],[74.56946,15.15414],[74.58094,15.14071],[74.59374,15.12407],[74.58029,15.11643],[74.5775,15.1064],[74.58006,15.09735],[74.5779,15.09544],[74.57432,15.09472],[74.57169,15.09522],[74.57149,15.0946],[74.57368,15.09],[74.57857,15.08578],[74.57967,15.08188],[74.58059,15.08036],[74.58381,15.07993],[74.58914,15.08117],[74.59013,15.08094],[74.58993,15.08047],[74.59396,15.07788],[74.59786,15.07682],[74.60081,15.07381],[74.5996,15.0721],[74.60001,15.07205],[74.5993,15.07016],[74.5995,15.06871],[74.60487,15.06653],[74.60644,15.0646],[74.60419,15.06276],[74.60204,15.05496],[74.60074,15.05241],[74.60079,15.05034],[74.60176,15.04833],[74.60217,15.04483],[74.60122,15.04236],[74.60114,15.04068],[74.60309,15.03533],[74.60256,15.03441],[74.60205,15.02899],[74.59839,15.02514],[74.59462,15.02296],[74.58665,15.01946],[74.58098,15.0143],[74.57998,15.01193],[74.58049,15.00926],[74.58186,15.00644],[74.58298,15.00088],[74.58194,14.99715],[74.57893,14.9945],[74.57517,14.99013],[74.57058,14.98231],[74.56778,14.97995],[74.5668,14.97791],[74.56709,14.96509],[74.56572,14.9601],[74.56493,14.94881],[74.56331,14.94649],[74.56197,14.94584],[74.55907,14.9455],[74.55143,14.9422],[74.54904,14.94171],[74.5469,14.94268],[74.54541,14.94194],[74.54527,14.94083],[74.54188,14.93727],[74.54094,14.93535],[74.54089,14.93174],[74.53966,14.92635],[74.538,14.92232],[74.53352,14.91931],[74.53214,14.91885],[74.5254,14.92251],[74.52109,14.92411],[74.51715,14.92446],[74.50897,14.92093],[74.50752,14.92133],[74.50268,14.92052],[74.49771,14.9181],[74.49239,14.91383],[74.49062,14.91129],[74.4866,14.902],[74.48153,14.89664],[74.47662,14.89423],[74.47045,14.8926],[74.46764,14.89262],[74.46765,14.89374],[74.46181,14.90494],[74.46206,14.91709],[74.45358,14.93251],[74.45576,14.93637],[74.45466,14.93486],[74.44077,14.95958],[74.42967,14.93785],[74.42787,14.93767],[74.4211,14.92216],[74.42253,14.90833],[74.40606,14.91956],[74.39925,14.90508],[74.38746,14.92537],[74.36932,14.92536],[74.3655,14.9404],[74.36502,14.94539],[74.3604,14.94702],[74.34534,14.94913],[74.34397,14.95124],[74.33506,14.96066],[74.33824,14.96742],[74.33337,14.97157],[74.32712,14.99089],[74.31596,14.99031],[74.3129,14.99318],[74.30862,15.01615],[74.30842,15.02047],[74.31498,15.0198],[74.31862,15.02458],[74.32058,15.02934],[74.318,15.0335],[74.32174,15.04027],[74.31026,15.04621],[74.30499,15.04967],[74.30303,15.04978],[74.29487,15.04441],[74.29028,15.0539],[74.28997,15.06511],[74.29098,15.06666],[74.28757,15.06694],[74.2854,15.06622],[74.2823,15.0695],[74.28103,15.06825],[74.27573,15.09563],[74.27286,15.09771],[74.2745,15.10316],[74.27654,15.10565],[74.28008,15.10507],[74.28274,15.10656],[74.28313,15.11349],[74.28422,15.11588],[74.28406,15.11938],[74.28615,15.12045],[74.28659,15.12221],[74.28497,15.12686],[74.2855,15.12889],[74.28368,15.13114],[74.28584,15.13479],[74.28617,15.13877],[74.28461,15.1432],[74.28468,15.1452],[74.28559,15.14533],[74.28589,15.14961],[74.28962,15.15006],[74.29236,15.14848],[74.29564,15.15103],[74.29927,15.15704],[74.30211,15.15963],[74.30557,15.16393],[74.3148,15.18028],[74.31007,15.20559],[74.32334,15.20995],[74.33722,15.20647],[74.34517,15.21716],[74.35408,15.21932],[74.35314,15.22752],[74.35264,15.22768],[74.35249,15.24384],[74.36123,15.2556],[74.36123,15.25652],[74.37602,15.25957],[74.37963,15.26127],[74.3857,15.26652],[74.39269,15.27945],[74.39987,15.27636],[74.3998,15.27561],[74.40446,15.27606],[74.40512,15.27561],[74.40513,15.27481],[74.40658,15.27474],[74.41318,15.26981],[74.41755,15.26959],[74.41765,15.27112],[74.41886,15.27264],[74.42,15.27297],[74.42111,15.27159],[74.42444,15.2705],[74.4289,15.27013],[74.43219,15.26917],[74.43325,15.26944],[74.43561,15.27146],[74.43732,15.2701],[74.43925,15.27007],[74.44121,15.26922],[74.4418,15.26945],[74.44249,15.27097],[74.44401,15.27013],[74.44684,15.26613],[74.44346,15.25964],[74.43937,15.25604],[74.43457,15.25454],[74.42996,15.25374],[74.4266,15.25074],[74.42247,15.24841],[74.42476,15.24215],[74.42572,15.24131],[74.43033,15.24193],[74.43144,15.24091],[74.43534,15.2392],[74.43815,15.2397],[74.43938,15.23851],[74.44058,15.23881],[74.44158,15.2371],[74.44356,15.23605],[74.44449,15.23621],[74.44619,15.23386],[74.44514,15.23365],[74.44581,15.23322],[74.44456,15.2336],[74.44361,15.23257],[74.4444,15.23267],[74.44519,15.23195],[74.44589,15.23222],[74.44611,15.2336],[74.45221,15.23188],[74.45928,15.23242],[74.47583,15.22613],[74.48069,15.23011],[74.47355,15.25237],[74.47402,15.25734],[74.47549,15.26055],[74.47225,15.26696],[74.47568,15.26658],[74.4776,15.26793],[74.47902,15.26966],[74.48101,15.26567],[74.483,15.26497],[74.48453,15.26538],[74.48585,15.26816],[74.48773,15.26929],[74.49294,15.26821],[74.50052,15.26829],[74.50067,15.26946],[74.49955,15.27441],[74.50102,15.27646],[74.50068,15.27744],[74.50104,15.27837],[74.50295,15.27958],[74.50502,15.27964],[74.50722,15.28062]]]}},{"type":"Feature","properties":{"unitId":782,"unitName":"Ramnagar PS"},"geometry":{"type":"Polygon","coordinates":[[[74.29299,15.52166],[74.29746,15.52062],[74.29711,15.52008],[74.32693,15.51628],[74.34174,15.51824],[74.34325,15.51741],[74.34886,15.51028],[74.35311,15.50669],[74.35569,15.50205],[74.36528,15.48906],[74.36847,15.48645],[74.37377,15.47915],[74.37449,15.48029],[74.38033,15.48115],[74.3864,15.48354],[74.38687,15.48214],[74.38861,15.48082],[74.3906,15.48006],[74.39204,15.48128],[74.39425,15.48078],[74.39504,15.47929],[74.39777,15.47714],[74.39925,15.47715],[74.40166,15.47446],[74.40283,15.47435],[74.40426,15.47309],[74.40618,15.47321],[74.40941,15.47476],[74.41208,15.47394],[74.41395,15.47248],[74.41394,15.47121],[74.41527,15.46996],[74.417,15.46986],[74.41778,15.46925],[74.41944,15.46419],[74.42212,15.46321],[74.42264,15.45204],[74.42256,15.44785],[74.42198,15.44682],[74.42345,15.43134],[74.4226,15.42674],[74.42273,15.42184],[74.42346,15.42084],[74.42905,15.39875],[74.43241,15.39714],[74.43285,15.3973],[74.43465,15.40219],[74.43783,15.40298],[74.43809,15.40425],[74.43941,15.40587],[74.44029,15.40606],[74.44129,15.40538],[74.44248,15.40537],[74.44688,15.40608],[74.44907,15.40532],[74.45133,15.40552],[74.45245,15.40507],[74.45269,15.40561],[74.45135,15.40784],[74.45123,15.41033],[74.44922,15.41433],[74.4492,15.41605],[74.45106,15.41769],[74.45105,15.41826],[74.44917,15.41968],[74.44916,15.42054],[74.45044,15.42113],[74.4534,15.42086],[74.45605,15.42165],[74.46256,15.42171],[74.46324,15.42267],[74.46125,15.42447],[74.46114,15.42571],[74.46458,15.42775],[74.46534,15.43091],[74.46691,15.43121],[74.4682,15.43017],[74.46919,15.43008],[74.47174,15.43116],[74.47571,15.42909],[74.479,15.42828],[74.48438,15.42368],[74.48851,15.42326],[74.48898,15.43425],[74.48608,15.43705],[74.48596,15.4382],[74.48718,15.43851],[74.48785,15.43785],[74.48866,15.43852],[74.48999,15.44251],[74.49099,15.44352],[74.49179,15.44355],[74.49164,15.44052],[74.48989,15.43815],[74.48982,15.43693],[74.49107,15.43536],[74.49198,15.43482],[74.49376,15.43622],[74.49485,15.43826],[74.49594,15.43784],[74.50579,15.43371],[74.50947,15.42772],[74.5067,15.41571],[74.50706,15.41519],[74.50613,15.41249],[74.50783,15.40648],[74.50994,15.40294],[74.51648,15.40201],[74.52394,15.40862],[74.53374,15.41869],[74.53416,15.41863],[74.5385,15.41588],[74.539,15.41693],[74.54711,15.41479],[74.54693,15.41431],[74.5506,15.41116],[74.55419,15.40898],[74.55778,15.40712],[74.56758,15.40345],[74.571,15.3965],[74.57409,15.39283],[74.57407,15.39223],[74.58768,15.38049],[74.58953,15.38081],[74.59566,15.37776],[74.60118,15.36941],[74.61377,15.35928],[74.61334,15.3583],[74.61408,15.35543],[74.61335,15.35306],[74.61326,15.35077],[74.61187,15.34809],[74.60941,15.34661],[74.60922,15.34487],[74.60825,15.34382],[74.60841,15.34296],[74.60679,15.34136],[74.60605,15.33971],[74.60519,15.33998],[74.6047,15.33966],[74.60411,15.33781],[74.60135,15.33551],[74.60128,15.33357],[74.60047,15.3328],[74.601,15.33102],[74.59899,15.32934],[74.60105,15.32773],[74.60134,15.32613],[74.601,15.3253],[74.59603,15.32187],[74.59348,15.32257],[74.5721,15.3175],[74.56541,15.30806],[74.56448,15.30769],[74.57197,15.29534],[74.57801,15.29299],[74.57801,15.29224],[74.56612,15.28143],[74.57116,15.27334],[74.57267,15.27168],[74.57419,15.25529],[74.57347,15.25421],[74.57194,15.25369],[74.56888,15.25455],[74.56645,15.25791],[74.56481,15.26485],[74.56232,15.2644],[74.55942,15.26606],[74.55767,15.26505],[74.55722,15.26409],[74.55213,15.26214],[74.5487,15.26166],[74.54792,15.26093],[74.54597,15.26048],[74.54234,15.26111],[74.54027,15.26343],[74.54025,15.26734],[74.5393,15.27247],[74.53388,15.27776],[74.53285,15.2776],[74.53074,15.27568],[74.52759,15.27505],[74.5276,15.27441],[74.52502,15.27418],[74.5226,15.27307],[74.52097,15.2717],[74.5173,15.27294],[74.51392,15.27234],[74.51137,15.27111],[74.50893,15.27111],[74.5084,15.27116],[74.50785,15.27305],[74.50782,15.27468],[74.50841,15.27474],[74.50834,15.277],[74.50722,15.28062],[74.50502,15.27964],[74.50295,15.27958],[74.50104,15.27837],[74.50068,15.27744],[74.50102,15.27646],[74.49955,15.27441],[74.50067,15.26946],[74.50052,15.26829],[74.49294,15.26821],[74.48773,15.26929],[74.48585,15.26816],[74.48453,15.26538],[74.483,15.26497],[74.48101,15.26567],[74.47902,15.26966],[74.4776,15.26793],[74.47568,15.26658],[74.47225,15.26696],[74.47549,15.26055],[74.47402,15.25734],[74.47355,15.25237],[74.48069,15.23011],[74.47583,15.22613],[74.45928,15.23242],[74.45221,15.23188],[74.44611,15.2336],[74.44589,15.23222],[74.44519,15.23195],[74.4444,15.23267],[74.44361,15.23257],[74.44456,15.2336],[74.44581,15.23322],[74.44514,15.23365],[74.44619,15.23386],[74.44449,15.23621],[74.44356,15.23605],[74.44158,15.2371],[74.44058,15.23881],[74.43938,15.23851],[74.43815,15.2397],[74.43534,15.2392],[74.43144,15.24091],[74.43033,15.24193],[74.42572,15.24131],[74.42476,15.24215],[74.42247,15.24841],[74.4266,15.25074],[74.42996,15.25374],[74.43457,15.25454],[74.43937,15.25604],[74.44346,15.25964],[74.44684,15.26613],[74.44401,15.27013],[74.44249,15.27097],[74.4418,15.26945],[74.44121,15.26922],[74.43925,15.27007],[74.43732,15.2701],[74.43561,15.27146],[74.43325,15.26944],[74.43219,15.26917],[74.4289,15.27013],[74.42444,15.2705],[74.42111,15.27159],[74.42,15.27297],[74.41886,15.27264],[74.41765,15.27112],[74.41755,15.26959],[74.41318,15.26981],[74.40658,15.27474],[74.40513,15.27481],[74.40512,15.27561],[74.40446,15.27606],[74.3998,15.27561],[74.39987,15.27636],[74.39269,15.27945],[74.3857,15.26652],[74.37963,15.26127],[74.37602,15.25957],[74.36123,15.25652],[74.36123,15.2556],[74.35243,15.24371],[74.35264,15.22768],[74.35314,15.22752],[74.35408,15.21932],[74.34517,15.21716],[74.33722,15.20647],[74.32334,15.20995],[74.31007,15.20559],[74.30029,15.21678],[74.29109,15.23408],[74.28648,15.23271],[74.2804,15.23601],[74.25958,15.24114],[74.25579,15.2453],[74.25516,15.24791],[74.25209,15.25041],[74.25195,15.25393],[74.25078,15.25941],[74.25401,15.25949],[74.26117,15.2609],[74.26266,15.26303],[74.26532,15.26928],[74.27051,15.27666],[74.27205,15.28166],[74.27685,15.28354],[74.28237,15.28037],[74.28745,15.28392],[74.29362,15.28472],[74.2946,15.28928],[74.3083,15.28363],[74.3134,15.28428],[74.31959,15.2836],[74.32028,15.28495],[74.32636,15.28401],[74.33198,15.28971],[74.33616,15.29562],[74.33492,15.29736],[74.3326,15.2981],[74.32077,15.31427],[74.31692,15.32981],[74.31773,15.3343],[74.31731,15.33479],[74.32199,15.34358],[74.31802,15.35682],[74.31835,15.3577],[74.31389,15.36048],[74.31456,15.36423],[74.32097,15.36857],[74.29763,15.38346],[74.2848,15.38532],[74.27865,15.3929],[74.2786,15.40581],[74.27553,15.41344],[74.27214,15.41533],[74.27067,15.41848],[74.27074,15.42448],[74.27598,15.43268],[74.2745,15.43491],[74.2759,15.43622],[74.27535,15.4379],[74.27635,15.44073],[74.27508,15.44384],[74.27468,15.44843],[74.27119,15.45812],[74.26632,15.46645],[74.26499,15.47235],[74.26467,15.47189],[74.25838,15.48098],[74.24966,15.4916],[74.25154,15.50004],[74.2548,15.50353],[74.26031,15.50751],[74.2708,15.51121],[74.27563,15.51399],[74.27948,15.51888],[74.27847,15.52146],[74.28123,15.52178],[74.2818,15.52311],[74.29077,15.52351],[74.29299,15.52166]]]}},{"type":"Feature","properties":{"unitId":783,"unitName":"Ankola PS"},"geometry":{"type":"Polygon","coordinates":[[[74.565,14.87211],[74.56782,14.86861],[74.57009,14.87065],[74.56973,14.86962],[74.57028,14.86876],[74.56983,14.86794],[74.57025,14.86754],[74.57108,14.86777],[74.57252,14.87052],[74.57317,14.86883],[74.57426,14.86997],[74.5746,14.86875],[74.57406,14.8677],[74.57542,14.8656],[74.57497,14.86455],[74.57559,14.86333],[74.5769,14.86255],[74.57774,14.86045],[74.57765,14.85917],[74.57993,14.85771],[74.58071,14.85492],[74.58357,14.85202],[74.58385,14.84788],[74.58611,14.84529],[74.58638,14.84401],[74.58787,14.8435],[74.58745,14.84231],[74.58923,14.84107],[74.59089,14.83803],[74.59182,14.83756],[74.59317,14.83449],[74.59527,14.83338],[74.59679,14.83376],[74.59735,14.8332],[74.59676,14.83247],[74.59731,14.831],[74.59907,14.83117],[74.59982,14.83053],[74.59905,14.82824],[74.60109,14.82691],[74.60194,14.82424],[74.60447,14.82078],[74.60448,14.8182],[74.60481,14.81825],[74.60372,14.81656],[74.60431,14.81439],[74.60434,14.80948],[74.60679,14.80872],[74.60554,14.80689],[74.60582,14.8061],[74.60751,14.80507],[74.60808,14.80354],[74.60801,14.80254],[74.60692,14.80109],[74.60735,14.79998],[74.60948,14.79955],[74.61147,14.80553],[74.61527,14.80818],[74.61575,14.80991],[74.61456,14.81257],[74.61592,14.81568],[74.61676,14.81659],[74.61888,14.817],[74.61847,14.81776],[74.61973,14.81808],[74.62458,14.82096],[74.62652,14.82093],[74.62723,14.82138],[74.62679,14.82167],[74.63129,14.82535],[74.63337,14.82769],[74.63592,14.83233],[74.6393,14.83584],[74.6405,14.83619],[74.65012,14.83497],[74.65492,14.83559],[74.65858,14.83536],[74.66127,14.83176],[74.66299,14.83069],[74.66703,14.82959],[74.67468,14.82979],[74.68308,14.83359],[74.68662,14.83379],[74.69032,14.8331],[74.69281,14.83416],[74.7075,14.8172],[74.68083,14.80948],[74.63681,14.80844],[74.64116,14.80217],[74.64495,14.79819],[74.65503,14.78042],[74.65174,14.78004],[74.63832,14.77683],[74.6378,14.77723],[74.63222,14.77543],[74.62991,14.76529],[74.62493,14.75874],[74.6197,14.7541],[74.61196,14.74306],[74.61045,14.74287],[74.61555,14.72836],[74.61731,14.7262],[74.61264,14.70908],[74.61165,14.69275],[74.60851,14.6934],[74.60754,14.68937],[74.60274,14.69388],[74.5799,14.68799],[74.57399,14.68511],[74.57575,14.68195],[74.57496,14.67398],[74.57856,14.65326],[74.57121,14.64291],[74.57431,14.63436],[74.5757,14.63504],[74.56818,14.61952],[74.57393,14.60782],[74.57274,14.60737],[74.54776,14.58771],[74.54889,14.58455],[74.5425,14.5755],[74.54086,14.57738],[74.53578,14.57673],[74.53542,14.57326],[74.53204,14.56535],[74.53232,14.56491],[74.51966,14.56894],[74.51795,14.56442],[74.51252,14.56133],[74.50344,14.55376],[74.50327,14.54835],[74.5013,14.54661],[74.49204,14.53355],[74.48865,14.52542],[74.48263,14.51967],[74.48269,14.52716],[74.46123,14.52179],[74.47355,14.53263],[74.46529,14.54337],[74.4692,14.54909],[74.47017,14.55449],[74.47252,14.55767],[74.47191,14.5583],[74.47229,14.55969],[74.47146,14.56058],[74.46385,14.56365],[74.46372,14.56465],[74.46534,14.56772],[74.46595,14.56779],[74.46587,14.56838],[74.46323,14.56753],[74.46273,14.56611],[74.46005,14.56376],[74.45781,14.56435],[74.45603,14.56635],[74.45677,14.56755],[74.45825,14.56849],[74.45654,14.56846],[74.45442,14.5695],[74.45397,14.57188],[74.45321,14.57266],[74.4577,14.57389],[74.45738,14.57804],[74.47243,14.59254],[74.46099,14.60285],[74.45755,14.59827],[74.45087,14.60126],[74.44426,14.60553],[74.44034,14.60686],[74.44007,14.6073],[74.44045,14.60759],[74.44224,14.60713],[74.44257,14.60765],[74.44237,14.60967],[74.4413,14.61083],[74.43981,14.60969],[74.43631,14.6105],[74.42568,14.59798],[74.4268,14.59018],[74.43139,14.58853],[74.43575,14.57378],[74.43689,14.56585],[74.41803,14.56371],[74.41218,14.56377],[74.39907,14.56574],[74.39576,14.56589],[74.39501,14.56488],[74.39123,14.56576],[74.39098,14.56608],[74.39338,14.5678],[74.39683,14.56864],[74.39895,14.57073],[74.4001,14.57084],[74.39952,14.57193],[74.39966,14.57465],[74.38983,14.57492],[74.38913,14.57342],[74.38937,14.57298],[74.38671,14.57259],[74.38536,14.57187],[74.38443,14.57289],[74.38074,14.57205],[74.37794,14.5728],[74.37758,14.57373],[74.37462,14.57396],[74.37477,14.57554],[74.37414,14.57573],[74.37472,14.57779],[74.37448,14.57973],[74.37718,14.58578],[74.37199,14.58333],[74.36976,14.58286],[74.36895,14.58133],[74.36791,14.58146],[74.36704,14.5808],[74.36627,14.58021],[74.36615,14.5766],[74.36381,14.57553],[74.35958,14.57752],[74.35526,14.57632],[74.35164,14.57296],[74.34813,14.57262],[74.34443,14.57363],[74.34525,14.57564],[74.34763,14.578],[74.34859,14.57801],[74.34903,14.5807],[74.34742,14.58203],[74.33635,14.58136],[74.33592,14.58054],[74.33525,14.58114],[74.33485,14.58064],[74.3336,14.58073],[74.3335,14.58024],[74.33237,14.5803],[74.3319,14.57978],[74.33109,14.58017],[74.3308,14.57939],[74.33018,14.57941],[74.3301,14.5803],[74.3258,14.57866],[74.32471,14.57916],[74.32323,14.58296],[74.32174,14.58228],[74.31774,14.58222],[74.31743,14.58435],[74.31686,14.58519],[74.31702,14.5898],[74.31602,14.59113],[74.31691,14.59455],[74.3168,14.59662],[74.31792,14.5977],[74.318,14.59824],[74.31738,14.59883],[74.31472,14.59854],[74.31362,14.59976],[74.3114,14.59978],[74.31025,14.6009],[74.30839,14.60081],[74.30664,14.60016],[74.30498,14.5988],[74.3016,14.59298],[74.29952,14.59256],[74.29799,14.59388],[74.29771,14.59486],[74.29605,14.59524],[74.29478,14.5948],[74.29434,14.59389],[74.2942,14.59907],[74.29521,14.59947],[74.29634,14.60106],[74.29235,14.60203],[74.29124,14.6012],[74.28982,14.60273],[74.29048,14.60306],[74.29013,14.60439],[74.28971,14.60438],[74.2898,14.60402],[74.27991,14.611],[74.2786,14.61438],[74.27903,14.61621],[74.2787,14.6175],[74.27905,14.61785],[74.27677,14.62191],[74.276,14.62464],[74.27445,14.62556],[74.2733,14.62696],[74.27076,14.62762],[74.27142,14.6293],[74.27228,14.62929],[74.27652,14.6275],[74.27923,14.62561],[74.28191,14.62742],[74.2828,14.62962],[74.28364,14.6302],[74.28478,14.63372],[74.28524,14.63391],[74.28478,14.63469],[74.2853,14.63874],[74.28406,14.64474],[74.28469,14.64587],[74.28522,14.64553],[74.28488,14.64715],[74.28342,14.64701],[74.28258,14.64907],[74.28159,14.64949],[74.28079,14.64927],[74.28201,14.65132],[74.28198,14.65345],[74.28072,14.65605],[74.27889,14.65621],[74.27931,14.65689],[74.27894,14.65783],[74.27955,14.66028],[74.28061,14.66082],[74.27911,14.66214],[74.27883,14.66427],[74.27782,14.6659],[74.27607,14.66583],[74.27565,14.66625],[74.27772,14.66945],[74.27566,14.66966],[74.27561,14.67003],[74.27714,14.67183],[74.27954,14.67082],[74.28145,14.67179],[74.28288,14.67387],[74.28272,14.67617],[74.28111,14.67928],[74.28002,14.68286],[74.27759,14.68746],[74.27535,14.69023],[74.27396,14.69409],[74.27312,14.69482],[74.27107,14.69903],[74.27133,14.69979],[74.27244,14.69997],[74.27056,14.70078],[74.26908,14.7031],[74.26697,14.70517],[74.26437,14.70553],[74.26338,14.70475],[74.26276,14.70595],[74.26095,14.7069],[74.25797,14.70608],[74.25718,14.70635],[74.25688,14.70784],[74.25864,14.70756],[74.26195,14.70932],[74.26229,14.71056],[74.26494,14.71209],[74.26376,14.71232],[74.26327,14.71558],[74.26422,14.71549],[74.2642,14.71592],[74.26307,14.71933],[74.25313,14.73344],[74.25039,14.7361],[74.25011,14.73704],[74.25075,14.73736],[74.25034,14.73894],[74.24776,14.7416],[74.25154,14.74466],[74.25744,14.75217],[74.26267,14.7612],[74.26084,14.76692],[74.26118,14.76919],[74.26401,14.77186],[74.26299,14.77774],[74.26797,14.77759],[74.2772,14.77879],[74.27883,14.77965],[74.27898,14.78035],[74.28343,14.78122],[74.28552,14.781],[74.28764,14.78175],[74.29241,14.78447],[74.29346,14.78611],[74.29344,14.79351],[74.30306,14.79611],[74.30812,14.80489],[74.33276,14.80809],[74.33285,14.80857],[74.32947,14.81391],[74.32723,14.82012],[74.33749,14.83774],[74.3377,14.84296],[74.34305,14.84717],[74.34591,14.84864],[74.36112,14.83991],[74.3689,14.83953],[74.38044,14.83691],[74.39308,14.83534],[74.40134,14.8308],[74.4152,14.82017],[74.43409,14.80786],[74.45126,14.80121],[74.45855,14.79738],[74.45789,14.79198],[74.45707,14.79118],[74.45475,14.78951],[74.44478,14.7852],[74.44117,14.7828],[74.43666,14.7789],[74.43043,14.77745],[74.41957,14.77613],[74.42368,14.76901],[74.42215,14.7604],[74.42959,14.75658],[74.44645,14.75943],[74.46435,14.75621],[74.46795,14.75343],[74.4701,14.75388],[74.47828,14.77348],[74.48818,14.78155],[74.49693,14.79011],[74.49903,14.78686],[74.50414,14.78457],[74.51321,14.76835],[74.52248,14.76902],[74.52449,14.77092],[74.52985,14.77844],[74.53571,14.77599],[74.54132,14.77842],[74.54184,14.79278],[74.54959,14.79314],[74.55246,14.79832],[74.55768,14.79412],[74.56352,14.79257],[74.56899,14.79407],[74.57477,14.80141],[74.57667,14.80576],[74.5761,14.82424],[74.57185,14.82891],[74.56463,14.83491],[74.56399,14.8437],[74.55513,14.86085],[74.565,14.87211]],[[74.25399,14.74463],[74.25472,14.74501],[74.25606,14.74418],[74.25603,14.74548],[74.25417,14.74582],[74.25399,14.74463]]]}},{"type":"Feature","properties":{"unitId":784,"unitName":"Chittakula PS"},"geometry":{"type":"MultiPolygon","coordinates":[[[[74.17524,14.95915],[74.17892,14.95777],[74.18074,14.95761],[74.18008,14.95367],[74.18165,14.95142],[74.18096,14.95029],[74.18364,14.94929],[74.18681,14.94686],[74.19203,14.94563],[74.1939,14.94456],[74.19703,14.93859],[74.19653,14.93633],[74.19377,14.93281],[74.19677,14.92991],[74.19608,14.92857],[74.20136,14.92555],[74.20388,14.92815],[74.20597,14.93144],[74.20645,14.93371],[74.20927,14.93774],[74.20913,14.93827],[74.21047,14.93961],[74.21349,14.94099],[74.21262,14.94455],[74.21488,14.94967],[74.21896,14.94592],[74.2196,14.94722],[74.22348,14.9399],[74.22704,14.93578],[74.22543,14.93274],[74.2253,14.92668],[74.22842,14.92307],[74.2278,14.92044],[74.23176,14.91622],[74.23648,14.91279],[74.23969,14.90641],[74.24397,14.9003],[74.24828,14.89677],[74.24621,14.89392],[74.24606,14.89083],[74.24822,14.88611],[74.25149,14.88175],[74.25202,14.88011],[74.25194,14.8777],[74.248,14.87496],[74.24567,14.87397],[74.23164,14.87424],[74.23227,14.87247],[74.22769,14.87097],[74.2257,14.87222],[74.21993,14.8724],[74.21591,14.87414],[74.21206,14.87508],[74.21115,14.87627],[74.20617,14.87622],[74.20122,14.87741],[74.19479,14.87529],[74.19223,14.87392],[74.19036,14.87216],[74.17898,14.86733],[74.17497,14.86319],[74.17504,14.86124],[74.17198,14.85913],[74.17529,14.85412],[74.17842,14.85226],[74.17639,14.84925],[74.17314,14.84668],[74.17213,14.84509],[74.17152,14.84173],[74.17022,14.84248],[74.16509,14.84125],[74.1617,14.84156],[74.15967,14.84642],[74.15731,14.84751],[74.15582,14.84696],[74.15549,14.84575],[74.15629,14.84365],[74.1547,14.84424],[74.15454,14.84315],[74.15177,14.8491],[74.14573,14.84613],[74.1422,14.84234],[74.13909,14.84076],[74.13857,14.83901],[74.13654,14.83947],[74.13717,14.83704],[74.13802,14.83713],[74.13767,14.83646],[74.1335,14.83826],[74.13308,14.83904],[74.1311,14.84033],[74.12367,14.84162],[74.11563,14.84445],[74.11405,14.84572],[74.1119,14.84862],[74.11098,14.85285],[74.11159,14.85413],[74.11119,14.85413],[74.11064,14.86073],[74.10918,14.86439],[74.1081,14.86564],[74.10856,14.86577],[74.10752,14.87036],[74.10656,14.87121],[74.10372,14.87684],[74.0997,14.88094],[74.10134,14.88625],[74.10075,14.89125],[74.09934,14.89135],[74.09748,14.89542],[74.09568,14.89802],[74.09087,14.89967],[74.08873,14.89852],[74.08541,14.89987],[74.08791,14.90278],[74.09019,14.90297],[74.09416,14.91047],[74.10082,14.91477],[74.10188,14.91502],[74.10512,14.91278],[74.10703,14.91374],[74.10826,14.91344],[74.10883,14.91723],[74.11224,14.918],[74.1129,14.91775],[74.11418,14.91845],[74.11868,14.91738],[74.12053,14.91779],[74.11986,14.91928],[74.12471,14.9255],[74.12619,14.92483],[74.13002,14.9251],[74.13398,14.92232],[74.13536,14.92027],[74.14018,14.92375],[74.14425,14.9216],[74.14639,14.91851],[74.15428,14.91772],[74.15471,14.91689],[74.16045,14.91309],[74.16448,14.91783],[74.16509,14.91799],[74.16512,14.91971],[74.1643,14.92023],[74.16447,14.92115],[74.16364,14.92175],[74.16407,14.92288],[74.1635,14.92335],[74.16306,14.92533],[74.16204,14.92588],[74.16151,14.92698],[74.16103,14.92689],[74.15962,14.92799],[74.15941,14.92774],[74.15972,14.92841],[74.15889,14.92917],[74.15936,14.92954],[74.15824,14.93013],[74.15842,14.93077],[74.15797,14.93143],[74.15832,14.93196],[74.15763,14.9329],[74.15773,14.93373],[74.15663,14.93461],[74.15691,14.93537],[74.15647,14.93557],[74.15665,14.93639],[74.15616,14.93709],[74.1563,14.93842],[74.1554,14.93878],[74.15523,14.93951],[74.15445,14.93929],[74.15375,14.94015],[74.1555,14.94221],[74.15432,14.94322],[74.15432,14.94373],[74.15498,14.94404],[74.15492,14.9461],[74.15749,14.94804],[74.15772,14.94911],[74.15858,14.94909],[74.15796,14.95078],[74.1582,14.95184],[74.1588,14.95218],[74.15829,14.95321],[74.15929,14.95418],[74.15972,14.95645],[74.16133,14.95582],[74.16192,14.95735],[74.16421,14.9589],[74.16829,14.95887],[74.17074,14.95793],[74.17146,14.95847],[74.17267,14.95783],[74.17319,14.95797],[74.17322,14.95864],[74.17424,14.95859],[74.17524,14.95915]],[[74.13677,14.84026],[74.13822,14.84045],[74.13809,14.84224],[74.13664,14.84188],[74.13677,14.84026]],[[74.13259,14.84098],[74.13283,14.83981],[74.13357,14.83985],[74.133,14.8423],[74.13238,14.84227],[74.13259,14.84098]],[[74.1351,14.84327],[74.13587,14.84305],[74.13553,14.84438],[74.13493,14.84428],[74.1351,14.84327]],[[74.1329,14.84294],[74.13225,14.84304],[74.13234,14.84251],[74.1329,14.84294]],[[74.14219,14.84517],[74.1423,14.84459],[74.14278,14.84474],[74.14261,14.84527],[74.14219,14.84517]],[[74.13822,14.84424],[74.13849,14.84396],[74.13822,14.84424]],[[74.1352,14.83872],[74.13492,14.83847],[74.13524,14.83835],[74.1352,14.83872]],[[74.14216,14.84508],[74.14216,14.84508]]],[[[74.11002,14.84582],[74.11026,14.84515],[74.11159,14.84528],[74.11193,14.84343],[74.11299,14.84238],[74.10938,14.84295],[74.10785,14.84263],[74.10716,14.84356],[74.10889,14.84533],[74.10951,14.84513],[74.11002,14.84582]]],[[[74.15837,14.9191],[74.15651,14.91924],[74.15636,14.92037],[74.15946,14.92181],[74.15988,14.92147],[74.15837,14.9191]]],[[[74.10221,14.87751],[74.1016,14.87633],[74.09985,14.87683],[74.10181,14.87825],[74.10221,14.87751]]],[[[74.11534,14.84364],[74.11427,14.8433],[74.11458,14.84524],[74.11534,14.84364]]]]}},{"type":"Feature","properties":{"unitId":785,"unitName":"Kadra PS"},"geometry":{"type":"MultiPolygon","coordinates":[[[[74.31577,15.02084],[74.31498,15.0198],[74.30842,15.02047],[74.30862,15.01615],[74.3129,14.99318],[74.31596,14.99031],[74.32712,14.99089],[74.33337,14.97157],[74.33824,14.96742],[74.33506,14.96066],[74.34397,14.95124],[74.34534,14.94913],[74.3604,14.94702],[74.36502,14.94539],[74.3655,14.9404],[74.36932,14.92536],[74.38746,14.92537],[74.39925,14.90508],[74.40606,14.91956],[74.42253,14.90833],[74.4211,14.92216],[74.42787,14.93767],[74.42967,14.93785],[74.44077,14.95958],[74.45466,14.93486],[74.45576,14.93637],[74.45358,14.93251],[74.46206,14.91709],[74.46181,14.90494],[74.46711,14.89486],[74.46822,14.89186],[74.45985,14.88671],[74.45816,14.88348],[74.45283,14.8783],[74.45117,14.87749],[74.44919,14.87743],[74.44156,14.88014],[74.43785,14.88443],[74.43581,14.88521],[74.43443,14.88518],[74.42025,14.87763],[74.42239,14.87486],[74.4203,14.87349],[74.41032,14.87193],[74.40125,14.86952],[74.39789,14.87007],[74.39839,14.87192],[74.3933,14.87565],[74.39265,14.8819],[74.38664,14.88463],[74.38079,14.88595],[74.37666,14.88636],[74.36942,14.88885],[74.36344,14.89252],[74.35528,14.89586],[74.34388,14.9023],[74.33589,14.90411],[74.32859,14.90456],[74.32707,14.90525],[74.3191,14.90543],[74.31397,14.904],[74.29845,14.89777],[74.28924,14.8948],[74.28616,14.89255],[74.28097,14.89269],[74.27702,14.89401],[74.27207,14.89432],[74.26431,14.89354],[74.26186,14.89376],[74.25746,14.89574],[74.257,14.89701],[74.25459,14.89829],[74.25137,14.89844],[74.24828,14.89677],[74.24397,14.9003],[74.23969,14.90641],[74.23648,14.91279],[74.23176,14.91622],[74.2278,14.92044],[74.22842,14.92307],[74.2253,14.92668],[74.22543,14.93274],[74.22704,14.93578],[74.22348,14.9399],[74.2196,14.94722],[74.22114,14.94812],[74.22362,14.94857],[74.22563,14.95029],[74.2306,14.94981],[74.23223,14.95643],[74.23141,14.95761],[74.23784,14.96532],[74.2416,14.96395],[74.24585,14.96038],[74.24771,14.96039],[74.24857,14.95964],[74.24906,14.95797],[74.25066,14.95831],[74.25243,14.95763],[74.25227,14.95858],[74.25266,14.95851],[74.25385,14.96022],[74.25357,14.96337],[74.25448,14.96837],[74.2552,14.96964],[74.25866,14.96933],[74.259,14.97081],[74.26209,14.97523],[74.26645,14.97747],[74.26492,14.97955],[74.2605,14.98276],[74.25984,14.98403],[74.25716,14.9857],[74.25461,14.98883],[74.25407,14.99114],[74.25576,14.99495],[74.26192,14.99722],[74.26394,14.99647],[74.27,14.99815],[74.27013,14.9988],[74.26908,15.00054],[74.26955,15.00358],[74.27102,15.00508],[74.27132,15.00721],[74.27343,15.01006],[74.27555,15.01196],[74.27671,15.01585],[74.28143,15.02071],[74.28075,15.0234],[74.28194,15.03038],[74.28394,15.03229],[74.28679,15.03373],[74.29005,15.03819],[74.29263,15.03854],[74.29524,15.0396],[74.29555,15.0418],[74.29487,15.04445],[74.30303,15.04978],[74.30499,15.04967],[74.31026,15.04621],[74.32174,15.04027],[74.318,15.0335],[74.32058,15.02934],[74.31862,15.02458],[74.31577,15.02084]],[[74.32112,14.90797],[74.32254,14.90772],[74.32208,14.90765],[74.32195,14.90679],[74.32237,14.90678],[74.32265,14.90786],[74.32112,14.90797]]],[[[74.46405,14.87914],[74.46067,14.87516],[74.45451,14.87548],[74.45314,14.87515],[74.45313,14.8742],[74.45058,14.87348],[74.44986,14.87197],[74.45034,14.87343],[74.45138,14.87376],[74.45277,14.87533],[74.4525,14.87561],[74.45014,14.87453],[74.44881,14.87497],[74.44867,14.87449],[74.44919,14.87431],[74.4485,14.87448],[74.4486,14.87488],[74.4522,14.87613],[74.45526,14.8781],[74.45841,14.88207],[74.46077,14.88599],[74.46803,14.88366],[74.46405,14.87914]],[[74.45645,14.87821],[74.45661,14.87777],[74.45584,14.8778],[74.45613,14.87629],[74.45658,14.87709],[74.4575,14.87713],[74.45692,14.87823],[74.45645,14.87821]]]]}},{"type":"Feature","properties":{"unitId":786,"unitName":"Mallapura PS"},"geometry":{"type":"MultiPolygon","coordinates":[[[[74.52749,14.92151],[74.52696,14.92096],[74.52187,14.90202],[74.52494,14.8963],[74.51383,14.88237],[74.5046,14.8807],[74.51284,14.8659],[74.51167,14.86045],[74.50483,14.85525],[74.49166,14.84929],[74.49478,14.84635],[74.47934,14.83175],[74.48278,14.82937],[74.47554,14.82612],[74.4704,14.81718],[74.45256,14.80042],[74.43409,14.80786],[74.4152,14.82017],[74.40134,14.8308],[74.39308,14.83534],[74.38044,14.83691],[74.3689,14.83953],[74.36112,14.83991],[74.34591,14.84864],[74.34305,14.84717],[74.3377,14.84296],[74.33749,14.83774],[74.32723,14.82012],[74.32947,14.81391],[74.33285,14.80857],[74.33276,14.80809],[74.30812,14.80489],[74.30306,14.79611],[74.29344,14.79351],[74.29346,14.78611],[74.29241,14.78447],[74.28552,14.781],[74.28343,14.78122],[74.27988,14.78055],[74.27898,14.78035],[74.27883,14.77965],[74.2772,14.77879],[74.26797,14.77759],[74.25722,14.77745],[74.25388,14.78426],[74.24313,14.78987],[74.2383,14.79146],[74.23721,14.79306],[74.24067,14.79863],[74.23736,14.80457],[74.22508,14.81172],[74.22602,14.81227],[74.218,14.80869],[74.20949,14.80771],[74.21072,14.816],[74.2096,14.82553],[74.21458,14.82645],[74.22337,14.83432],[74.23057,14.84161],[74.2318,14.84126],[74.24698,14.84181],[74.25295,14.83943],[74.25377,14.83859],[74.25426,14.83892],[74.25572,14.83861],[74.25583,14.83924],[74.26156,14.83862],[74.26265,14.84002],[74.26585,14.84085],[74.2684,14.84373],[74.268,14.84444],[74.26645,14.84511],[74.26472,14.84449],[74.26382,14.8449],[74.26236,14.84727],[74.26324,14.8494],[74.25969,14.85384],[74.25567,14.85166],[74.25075,14.85325],[74.23549,14.85144],[74.23129,14.85799],[74.2315,14.85917],[74.22971,14.86228],[74.22676,14.86165],[74.22567,14.86185],[74.22475,14.86304],[74.22605,14.86624],[74.22508,14.8697],[74.22557,14.86935],[74.2272,14.87097],[74.23227,14.87247],[74.23164,14.87424],[74.24567,14.87397],[74.25167,14.87731],[74.25208,14.87876],[74.25183,14.88097],[74.24799,14.88652],[74.24592,14.89169],[74.24621,14.89392],[74.24704,14.89543],[74.24841,14.89687],[74.25137,14.89844],[74.25521,14.8981],[74.257,14.89701],[74.25746,14.89574],[74.26186,14.89376],[74.26431,14.89354],[74.27207,14.89432],[74.27702,14.89401],[74.28097,14.89269],[74.28616,14.89255],[74.28924,14.8948],[74.29845,14.89777],[74.31397,14.904],[74.3191,14.90543],[74.32707,14.90525],[74.32859,14.90456],[74.33589,14.90411],[74.34388,14.9023],[74.35528,14.89586],[74.36344,14.89252],[74.36942,14.88885],[74.37666,14.88636],[74.38079,14.88595],[74.38664,14.88463],[74.39265,14.8819],[74.3933,14.87565],[74.39839,14.87192],[74.39789,14.87007],[74.40125,14.86952],[74.41032,14.87193],[74.4203,14.87349],[74.42239,14.87486],[74.42025,14.87763],[74.43443,14.88518],[74.43581,14.88521],[74.43785,14.88443],[74.44156,14.88014],[74.44919,14.87743],[74.45117,14.87749],[74.45283,14.8783],[74.45816,14.88348],[74.45985,14.88671],[74.46822,14.89186],[74.46764,14.89262],[74.47045,14.8926],[74.47662,14.89423],[74.48153,14.89664],[74.4866,14.902],[74.49062,14.91129],[74.49239,14.91383],[74.49771,14.9181],[74.50268,14.92052],[74.50752,14.92133],[74.50897,14.92093],[74.51715,14.92446],[74.52109,14.92411],[74.52749,14.92151]],[[74.45526,14.8781],[74.4522,14.87613],[74.4486,14.87488],[74.4485,14.87448],[74.44902,14.87427],[74.44881,14.87497],[74.45014,14.87453],[74.4525,14.87561],[74.45277,14.87533],[74.45138,14.87376],[74.45034,14.87343],[74.44964,14.87202],[74.4502,14.8721],[74.45058,14.87348],[74.45313,14.8742],[74.45314,14.87515],[74.45451,14.87548],[74.46067,14.87516],[74.46803,14.88366],[74.46077,14.88599],[74.45841,14.88207],[74.45526,14.8781]]],[[[74.45682,14.87832],[74.4575,14.87713],[74.45658,14.87709],[74.45613,14.87629],[74.45584,14.8778],[74.45604,14.87808],[74.4564,14.87766],[74.45682,14.87832]]],[[[74.32222,14.90793],[74.32265,14.90786],[74.32237,14.90678],[74.32195,14.90679],[74.32208,14.90765],[74.32254,14.90772],[74.32111,14.9078],[74.32114,14.90811],[74.32222,14.90793]]]]}},{"type":"Feature","properties":{"unitId":787,"unitName":"Karwar Rural PS"},"geometry":{"type":"MultiPolygon","coordinates":[[[[74.20739,14.87611],[74.21115,14.87627],[74.21206,14.87508],[74.21591,14.87414],[74.21993,14.8724],[74.2257,14.87222],[74.2272,14.87097],[74.22557,14.86935],[74.22508,14.8697],[74.22605,14.86624],[74.22475,14.86304],[74.22567,14.86185],[74.22676,14.86165],[74.22971,14.86228],[74.2315,14.85917],[74.23129,14.85799],[74.23549,14.85144],[74.25075,14.85325],[74.25567,14.85166],[74.25969,14.85384],[74.26324,14.8494],[74.26236,14.84727],[74.26382,14.8449],[74.26472,14.84449],[74.26645,14.84511],[74.268,14.84444],[74.2684,14.84373],[74.26585,14.84085],[74.26265,14.84002],[74.26156,14.83862],[74.25583,14.83924],[74.25572,14.83861],[74.25426,14.83892],[74.25377,14.83859],[74.25295,14.83943],[74.24698,14.84181],[74.2318,14.84126],[74.23057,14.84161],[74.22337,14.83432],[74.21458,14.82645],[74.2096,14.82553],[74.21072,14.816],[74.20949,14.80771],[74.218,14.80869],[74.22602,14.81227],[74.22508,14.81172],[74.23736,14.80457],[74.24067,14.79863],[74.23721,14.79306],[74.2383,14.79146],[74.24313,14.78987],[74.25388,14.78426],[74.25722,14.77745],[74.26299,14.77774],[74.26401,14.77186],[74.26118,14.76919],[74.26084,14.76692],[74.26267,14.7612],[74.25744,14.75217],[74.25154,14.74466],[74.24824,14.74238],[74.24794,14.7416],[74.23744,14.74817],[74.2375,14.74751],[74.23281,14.74791],[74.22845,14.7455],[74.22662,14.74628],[74.22659,14.74547],[74.22733,14.74458],[74.22693,14.7435],[74.22738,14.7434],[74.22837,14.74152],[74.22758,14.73856],[74.22528,14.73684],[74.2238,14.73455],[74.2112,14.73287],[74.20248,14.73331],[74.20288,14.73282],[74.20281,14.7315],[74.2039,14.72941],[74.20518,14.72821],[74.20653,14.72559],[74.20744,14.72272],[74.20732,14.72178],[74.20851,14.71996],[74.20831,14.71748],[74.20232,14.71941],[74.19875,14.72356],[74.19296,14.72559],[74.19515,14.7295],[74.19363,14.73188],[74.19378,14.73424],[74.18981,14.74002],[74.18031,14.75092],[74.17656,14.74969],[74.17542,14.75108],[74.17347,14.75153],[74.17207,14.75099],[74.17116,14.7521],[74.16895,14.75331],[74.16545,14.75451],[74.15923,14.75486],[74.15848,14.75461],[74.15829,14.75178],[74.15945,14.75156],[74.15997,14.75084],[74.15875,14.75024],[74.15876,14.74731],[74.15711,14.74474],[74.15079,14.74737],[74.14986,14.75022],[74.15035,14.75056],[74.15124,14.75322],[74.15186,14.75343],[74.15284,14.75574],[74.1548,14.75745],[74.15728,14.75796],[74.15799,14.75889],[74.15801,14.76006],[74.15621,14.76416],[74.15048,14.76985],[74.14521,14.77624],[74.14489,14.7761],[74.14224,14.77932],[74.14301,14.77999],[74.14071,14.77958],[74.14031,14.78071],[74.13749,14.78089],[74.13576,14.77877],[74.13416,14.77869],[74.13625,14.78306],[74.13632,14.78266],[74.14387,14.78627],[74.1491,14.78651],[74.15836,14.79],[74.14931,14.80321],[74.15451,14.80458],[74.15839,14.80753],[74.15901,14.81095],[74.15914,14.81561],[74.15975,14.81543],[74.15976,14.81655],[74.1609,14.8168],[74.16013,14.81668],[74.15993,14.81726],[74.16051,14.81807],[74.16039,14.81913],[74.16121,14.81984],[74.16185,14.82254],[74.164,14.82347],[74.16452,14.82483],[74.16452,14.82773],[74.16417,14.82774],[74.16449,14.8298],[74.16584,14.83263],[74.16887,14.83491],[74.17125,14.83843],[74.17139,14.84152],[74.17078,14.84206],[74.17152,14.84173],[74.17213,14.84509],[74.17314,14.84668],[74.17639,14.84925],[74.17834,14.85191],[74.17842,14.85226],[74.17529,14.85412],[74.17198,14.85913],[74.17504,14.86124],[74.17497,14.86319],[74.17898,14.86733],[74.19036,14.87216],[74.19223,14.87392],[74.19499,14.87537],[74.20122,14.87741],[74.20739,14.87611]]],[[[74.14642,14.76052],[74.14329,14.75864],[74.13842,14.76116],[74.13913,14.76347],[74.14574,14.7634],[74.14642,14.76052]]],[[[74.25599,14.74504],[74.25606,14.74418],[74.25472,14.74501],[74.25399,14.74463],[74.25417,14.74582],[74.25603,14.74548],[74.25599,14.74504]]]]}},{"type":"Feature","properties":{"unitId":788,"unitName":"Karwar Town PS"},"geometry":{"type":"MultiPolygon","coordinates":[[[[74.15177,14.8491],[74.15454,14.84315],[74.1547,14.84424],[74.15629,14.84365],[74.15549,14.84575],[74.15582,14.84696],[74.15731,14.84751],[74.15967,14.84642],[74.1617,14.84156],[74.16509,14.84125],[74.17022,14.84248],[74.17139,14.84152],[74.17099,14.83791],[74.16887,14.83491],[74.16584,14.83263],[74.16449,14.8298],[74.16417,14.82774],[74.16452,14.82773],[74.16452,14.82483],[74.164,14.82347],[74.16185,14.82254],[74.16121,14.81984],[74.16039,14.81913],[74.16051,14.81807],[74.15994,14.81703],[74.1609,14.8168],[74.15976,14.81655],[74.15975,14.81543],[74.15914,14.81561],[74.15901,14.81095],[74.15839,14.80753],[74.15451,14.80458],[74.14931,14.80321],[74.15836,14.79],[74.1491,14.78651],[74.14387,14.78627],[74.13632,14.78266],[74.13625,14.78306],[74.13416,14.77869],[74.13248,14.78029],[74.12898,14.78054],[74.12674,14.77908],[74.1252,14.77724],[74.12523,14.77489],[74.12324,14.77493],[74.12268,14.77542],[74.12188,14.77457],[74.12154,14.77534],[74.12061,14.77566],[74.12018,14.77554],[74.12002,14.77448],[74.11915,14.77416],[74.11927,14.77731],[74.12139,14.77902],[74.12124,14.78152],[74.11959,14.78412],[74.11712,14.78669],[74.11498,14.78771],[74.11418,14.78763],[74.11073,14.78446],[74.10841,14.78463],[74.11023,14.79018],[74.10964,14.79171],[74.10791,14.79358],[74.10671,14.79266],[74.10423,14.79218],[74.10236,14.79359],[74.10158,14.79447],[74.1003,14.79926],[74.09826,14.79925],[74.09465,14.80098],[74.09369,14.80322],[74.09332,14.80732],[74.09663,14.80944],[74.10323,14.8096],[74.10474,14.80813],[74.10488,14.80634],[74.10743,14.80787],[74.10784,14.80701],[74.10698,14.80543],[74.11363,14.80426],[74.11636,14.80178],[74.11666,14.80231],[74.11707,14.80186],[74.12081,14.80148],[74.12201,14.80322],[74.12217,14.80443],[74.1244,14.80485],[74.12547,14.80592],[74.12697,14.80939],[74.12782,14.81338],[74.12756,14.82104],[74.12449,14.83481],[74.12479,14.8375],[74.1256,14.8388],[74.12697,14.8398],[74.12367,14.84162],[74.1311,14.84033],[74.13308,14.83904],[74.1335,14.83826],[74.13767,14.83646],[74.13802,14.83713],[74.13717,14.83704],[74.13654,14.83947],[74.13857,14.83901],[74.13909,14.84076],[74.1422,14.84234],[74.14573,14.84613],[74.15177,14.8491]]],[[[74.13822,14.84045],[74.13678,14.84018],[74.13664,14.84188],[74.13809,14.84224],[74.13822,14.84045]]],[[[74.13357,14.83985],[74.13283,14.83981],[74.13238,14.84227],[74.133,14.8423],[74.13357,14.83985]]],[[[74.13563,14.84302],[74.13514,14.84297],[74.13493,14.84428],[74.13553,14.84438],[74.13563,14.84302]]],[[[74.13262,14.84256],[74.13225,14.84304],[74.13288,14.84308],[74.13262,14.84256]]],[[[74.14246,14.84466],[74.14219,14.84517],[74.14261,14.84527],[74.14246,14.84466]]],[[[74.13849,14.84396],[74.13822,14.84424],[74.13849,14.84396]]],[[[74.13535,14.83867],[74.13492,14.83847],[74.13535,14.83867]]],[[[74.1422,14.84487],[74.14216,14.84517],[74.1422,14.84487]]]]}},{"type":"Feature","properties":{"unitId":789,"unitName":"Mundgod PS"},"geometry":{"type":"Polygon","coordinates":[[[75.05412,15.08087],[75.05542,15.07277],[75.05827,15.07137],[75.06133,15.07211],[75.07093,15.07046],[75.08274,15.07461],[75.07409,15.05248],[75.0731,15.04312],[75.07211,15.04007],[75.07354,15.03742],[75.07347,15.03654],[75.0756,15.03685],[75.07566,15.03818],[75.07775,15.0367],[75.07616,15.03063],[75.07226,15.0207],[75.07171,15.01793],[75.06836,15.01478],[75.07337,14.99965],[75.07591,14.97393],[75.08158,14.96934],[75.08444,14.95658],[75.0966,14.95678],[75.09771,14.95644],[75.09774,14.95531],[75.09988,14.95518],[75.09496,14.95098],[75.09364,14.95197],[75.0976,14.94709],[75.09691,14.94296],[75.10319,14.93481],[75.10145,14.93221],[75.10209,14.92736],[75.08547,14.92676],[75.08732,14.92109],[75.08031,14.92242],[75.06709,14.91899],[75.06824,14.91302],[75.06993,14.89595],[75.0695,14.88889],[75.07021,14.88887],[75.0711,14.87299],[75.07353,14.86991],[75.07397,14.86841],[75.07096,14.8685],[75.06975,14.86372],[75.07212,14.86035],[75.07414,14.85634],[75.06987,14.84674],[75.06896,14.84157],[75.06803,14.84132],[75.0676,14.83679],[75.07166,14.83399],[75.07148,14.83305],[75.0722,14.83195],[75.07375,14.82622],[75.08219,14.82381],[75.09047,14.82033],[75.09141,14.81602],[75.09168,14.81106],[75.08565,14.80979],[75.0836,14.81014],[75.08166,14.80899],[75.08043,14.8102],[75.07901,14.80932],[75.07391,14.80816],[75.06428,14.81076],[75.05533,14.81467],[75.05598,14.80541],[75.06292,14.80221],[75.06286,14.80154],[75.06382,14.80174],[75.06885,14.79798],[75.06834,14.7943],[75.06935,14.79243],[75.06894,14.78957],[75.06933,14.7878],[75.06863,14.78655],[75.06747,14.78652],[75.06717,14.78611],[75.06772,14.78508],[75.06862,14.7847],[75.07073,14.78241],[75.06806,14.78308],[75.06754,14.78243],[75.06634,14.78291],[75.06574,14.78115],[75.06389,14.77921],[75.06364,14.77643],[75.05954,14.77638],[75.05914,14.77566],[75.05233,14.77647],[75.04978,14.77499],[75.04979,14.77324],[75.04614,14.77303],[75.04243,14.77334],[75.04072,14.77398],[75.04043,14.772],[75.0408,14.76983],[75.03972,14.76766],[75.04027,14.76628],[75.04168,14.76474],[75.04168,14.75929],[75.04252,14.75817],[75.04281,14.75501],[75.04363,14.75477],[75.04356,14.75364],[75.04488,14.75277],[75.04551,14.75308],[75.04554,14.75145],[75.04691,14.75187],[75.04636,14.75062],[75.04747,14.74853],[75.04715,14.74659],[75.04767,14.74414],[75.04498,14.74361],[75.04477,14.74289],[75.0438,14.74326],[75.0447,14.73906],[75.03702,14.73838],[75.03756,14.73693],[75.03793,14.73213],[75.03773,14.72906],[75.03848,14.72793],[75.03734,14.72736],[75.03683,14.72819],[75.03371,14.72732],[75.03245,14.7281],[75.03125,14.72977],[75.0306,14.7297],[75.03016,14.72929],[75.03026,14.72708],[75.02979,14.72665],[75.02783,14.72645],[75.02814,14.7253],[75.02728,14.72547],[75.02607,14.72668],[75.02371,14.72519],[75.0222,14.72556],[75.02164,14.72402],[75.02083,14.72457],[75.0208,14.72517],[75.01914,14.72338],[75.0181,14.72354],[75.0177,14.72157],[75.01461,14.72034],[75.01425,14.71907],[75.01543,14.7183],[75.01444,14.71706],[75.01358,14.71686],[75.01253,14.71778],[75.01122,14.71716],[75.01155,14.71797],[75.00907,14.71948],[75.0064,14.71907],[75.00535,14.716],[75.00197,14.71177],[74.99987,14.70472],[74.99742,14.70438],[74.9943,14.695],[74.97764,14.69798],[74.97243,14.70114],[74.96747,14.70317],[74.96848,14.70542],[74.96981,14.70635],[74.97037,14.70931],[74.96961,14.7101],[74.96985,14.71152],[74.97138,14.71205],[74.97196,14.71168],[74.97121,14.7126],[74.97366,14.71531],[74.97327,14.71713],[74.97476,14.71784],[74.97481,14.7185],[74.97622,14.71869],[74.97636,14.71915],[74.97575,14.71942],[74.97715,14.72037],[74.97678,14.72243],[74.97907,14.72433],[74.97921,14.72513],[74.9782,14.72696],[74.97428,14.72646],[74.97023,14.72867],[74.96796,14.72825],[74.96744,14.72867],[74.96729,14.72815],[74.96576,14.7275],[74.96387,14.72858],[74.96189,14.7285],[74.96136,14.72882],[74.96076,14.7308],[74.95922,14.73067],[74.95896,14.73137],[74.95522,14.73214],[74.95404,14.73297],[74.95427,14.73401],[74.95365,14.73456],[74.95423,14.73777],[74.95162,14.74044],[74.94674,14.73777],[74.93948,14.73807],[74.93542,14.73748],[74.93353,14.73865],[74.93205,14.73876],[74.93024,14.73961],[74.92873,14.74179],[74.92451,14.74307],[74.91993,14.74856],[74.91765,14.74525],[74.9157,14.74469],[74.91572,14.74434],[74.91309,14.74713],[74.90966,14.74613],[74.90357,14.74695],[74.90242,14.74748],[74.90096,14.74704],[74.89952,14.74806],[74.89539,14.74915],[74.89223,14.74639],[74.88777,14.74797],[74.88626,14.74943],[74.88366,14.75987],[74.89387,14.76821],[74.90703,14.76984],[74.91025,14.76837],[74.91581,14.76702],[74.91768,14.76607],[74.91816,14.76641],[74.91194,14.77936],[74.91399,14.78174],[74.9095,14.78944],[74.90725,14.79496],[74.90796,14.80996],[74.92665,14.80282],[74.93963,14.8192],[74.94426,14.83421],[74.94416,14.83519],[74.94352,14.83578],[74.94364,14.83746],[74.94227,14.83984],[74.93958,14.83843],[74.92764,14.83603],[74.92279,14.834],[74.91479,14.83236],[74.90434,14.82505],[74.90526,14.83581],[74.90625,14.8362],[74.91344,14.85598],[74.92332,14.86284],[74.91804,14.87191],[74.91476,14.88397],[74.91377,14.90155],[74.93106,14.9032],[74.93499,14.90959],[74.91866,14.91417],[74.89229,14.9358],[74.88353,14.96053],[74.8654,14.96594],[74.86576,14.96639],[74.86544,14.96669],[74.86612,14.96791],[74.86876,14.9693],[74.87044,14.97195],[74.86978,14.97708],[74.87208,14.9792],[74.87079,14.98281],[74.87094,14.98508],[74.87452,14.98646],[74.87596,14.98758],[74.8765,14.99008],[74.87879,14.99413],[74.87926,14.99769],[74.88592,15.00049],[74.8864,15.00319],[74.88616,15.00498],[74.88737,15.00615],[74.88787,15.01023],[74.88708,15.01344],[74.88885,15.01889],[74.88907,15.02532],[74.89191,15.02658],[74.89268,15.0265],[74.89449,15.02422],[74.89556,15.02446],[74.89743,15.02377],[74.89961,15.02706],[74.89978,15.0294],[74.90546,15.0323],[74.9066,15.0334],[74.90922,15.03413],[74.90927,15.03555],[74.90722,15.03553],[74.90657,15.03677],[74.90937,15.03835],[74.90933,15.03999],[74.9104,15.04061],[74.91044,15.04025],[74.91423,15.04014],[74.9153,15.03896],[74.91741,15.03887],[74.91883,15.04242],[74.91892,15.04411],[74.92041,15.04472],[74.9228,15.04474],[74.9226,15.04569],[74.92417,15.04804],[74.92826,15.04959],[74.92839,15.04866],[74.9295,15.0484],[74.93189,15.04984],[74.93186,15.05126],[74.93476,15.05172],[74.93541,15.05071],[74.93824,15.05051],[74.94073,15.05135],[74.94223,15.05562],[74.94191,15.05665],[74.93991,15.0567],[74.94048,15.05839],[74.94008,15.06342],[74.94091,15.06601],[74.94404,15.06368],[74.94468,15.06378],[74.94809,15.06627],[74.94902,15.06604],[74.95064,15.06686],[74.95091,15.06763],[74.95631,15.06584],[74.95748,15.06424],[74.9585,15.06586],[74.95836,15.0665],[74.96018,15.06658],[74.96041,15.06778],[74.96312,15.06806],[74.9633,15.06949],[74.96446,15.06865],[74.96563,15.06906],[74.96658,15.07017],[74.97274,15.06963],[74.97381,15.07042],[74.97475,15.07024],[74.97599,15.06892],[74.97707,15.0698],[74.97901,15.0686],[74.98149,15.07013],[74.98185,15.06981],[74.98353,15.07042],[74.98496,15.07133],[74.98481,15.07162],[74.98643,15.0712],[74.98578,15.07249],[74.98626,15.07293],[74.98747,15.07299],[74.98786,15.07247],[74.98845,15.07301],[74.98941,15.07237],[74.99147,15.07284],[74.99173,15.07341],[74.99332,15.07285],[74.99411,15.07371],[74.9938,15.07257],[74.99484,15.07237],[74.99527,15.0728],[74.9951,15.07161],[74.99845,15.06974],[75.00021,15.07052],[75.00077,15.07016],[75.00264,15.07113],[75.00247,15.06997],[75.0029,15.06971],[75.0037,15.07015],[75.00511,15.06967],[75.00577,15.07104],[75.00703,15.07056],[75.00746,15.07125],[75.0083,15.07104],[75.00899,15.06955],[75.01095,15.06964],[75.01116,15.06934],[75.01058,15.06926],[75.01059,15.06887],[75.01112,15.06826],[75.01266,15.06798],[75.013,15.06811],[75.01282,15.06892],[75.01366,15.06878],[75.01381,15.06973],[75.01487,15.07078],[75.01509,15.0703],[75.01645,15.07099],[75.01741,15.0706],[75.01777,15.07103],[75.01754,15.07174],[75.01852,15.07264],[75.01907,15.07255],[75.01897,15.07174],[75.0198,15.0717],[75.02023,15.07004],[75.02083,15.07075],[75.0217,15.07017],[75.02295,15.07034],[75.0233,15.07126],[75.02552,15.07326],[75.02596,15.07204],[75.02669,15.07317],[75.02724,15.07315],[75.02708,15.07359],[75.02789,15.07383],[75.02846,15.07305],[75.0292,15.07377],[75.0304,15.0732],[75.03062,15.07462],[75.03209,15.07469],[75.03259,15.07544],[75.03207,15.07577],[75.03299,15.07593],[75.03294,15.07663],[75.03221,15.0768],[75.03228,15.07766],[75.03195,15.07756],[75.03387,15.07751],[75.03491,15.07891],[75.03731,15.07871],[75.04335,15.07946],[75.04584,15.0817],[75.04658,15.08187],[75.05335,15.08254],[75.05412,15.08087]]]}},{"type":"Feature","properties":{"unitId":790,"unitName":"Siddapura PS"},"geometry":{"type":"Polygon","coordinates":[[[74.88613,14.55274],[74.89173,14.54407],[74.88992,14.53629],[74.90143,14.52926],[74.90238,14.51552],[74.89895,14.50919],[74.89557,14.50823],[74.89413,14.49994],[74.89252,14.49716],[74.88993,14.48979],[74.89059,14.48537],[74.88898,14.48],[74.89153,14.4755],[74.89368,14.47368],[74.89832,14.47432],[74.89829,14.47343],[74.9077,14.47128],[74.91143,14.46974],[74.91613,14.46657],[74.9177,14.46684],[74.9188,14.46101],[74.92053,14.45888],[74.91451,14.45937],[74.90892,14.45786],[74.89892,14.46425],[74.88843,14.46026],[74.87743,14.44947],[74.87398,14.44687],[74.87775,14.44005],[74.87707,14.43944],[74.87734,14.4357],[74.87899,14.43505],[74.88131,14.43321],[74.88037,14.42939],[74.90936,14.4315],[74.91766,14.43056],[74.92438,14.41734],[74.93153,14.40771],[74.93358,14.40466],[74.9338,14.40357],[74.93515,14.40316],[74.9367,14.40182],[74.93758,14.40229],[74.93874,14.4011],[74.94033,14.40139],[74.94132,14.40057],[74.94292,14.40174],[74.94413,14.40121],[74.94472,14.40191],[74.9491,14.39837],[74.94835,14.39656],[74.94826,14.39471],[74.94853,14.3929],[74.9502,14.38982],[74.94966,14.38685],[74.95049,14.38491],[74.95098,14.38161],[74.94995,14.37933],[74.94971,14.37581],[74.94574,14.37433],[74.94243,14.3699],[74.94159,14.36971],[74.941,14.36784],[74.94016,14.36788],[74.93894,14.35845],[74.94275,14.35538],[74.94455,14.3546],[74.94439,14.35404],[74.94725,14.3535],[74.94744,14.35288],[74.94893,14.35302],[74.95018,14.35047],[74.95243,14.35139],[74.95266,14.3505],[74.95521,14.34963],[74.95884,14.34214],[74.9606,14.34096],[74.9614,14.34159],[74.96871,14.33939],[74.9741,14.33849],[74.97373,14.33807],[74.97424,14.33461],[74.97588,14.33379],[74.97447,14.33195],[74.97334,14.32743],[74.96987,14.32636],[74.96961,14.32552],[74.97222,14.32059],[74.97351,14.32144],[74.97342,14.32269],[74.97427,14.3219],[74.97657,14.32104],[74.97568,14.31899],[74.9747,14.31906],[74.97237,14.31816],[74.97117,14.31654],[74.96827,14.31737],[74.96466,14.31738],[74.96471,14.31823],[74.96406,14.31785],[74.96285,14.31806],[74.96233,14.31862],[74.96128,14.32198],[74.95975,14.32234],[74.95787,14.32385],[74.95619,14.32272],[74.95668,14.32033],[74.95575,14.31966],[74.95485,14.31981],[74.95416,14.31855],[74.95226,14.31838],[74.95253,14.31761],[74.95216,14.31715],[74.949,14.31987],[74.94811,14.31975],[74.94801,14.31874],[74.94589,14.31808],[74.9446,14.31857],[74.94411,14.31813],[74.94276,14.31852],[74.9422,14.3181],[74.94095,14.31859],[74.94017,14.31959],[74.93866,14.31967],[74.93841,14.3213],[74.93652,14.32238],[74.93388,14.32045],[74.93251,14.32112],[74.93089,14.31886],[74.93036,14.31902],[74.93041,14.32028],[74.92982,14.32046],[74.92923,14.31958],[74.92701,14.3196],[74.92447,14.31858],[74.92292,14.31645],[74.92151,14.31623],[74.92046,14.31515],[74.92019,14.31375],[74.91941,14.31356],[74.91808,14.31026],[74.91599,14.30784],[74.91444,14.30453],[74.91412,14.30373],[74.91435,14.29967],[74.91335,14.29858],[74.91221,14.29826],[74.91176,14.29702],[74.90941,14.29612],[74.90599,14.29318],[74.90849,14.28845],[74.90862,14.28627],[74.90756,14.28507],[74.90832,14.28384],[74.90884,14.28151],[74.90945,14.28126],[74.91014,14.2783],[74.90983,14.27774],[74.91098,14.27732],[74.91214,14.27577],[74.91455,14.27543],[74.91512,14.27585],[74.91655,14.27303],[74.92376,14.27809],[74.9267,14.27735],[74.92655,14.27541],[74.92912,14.26522],[74.92806,14.26496],[74.93427,14.26338],[74.9344,14.26184],[74.93517,14.261],[74.9348,14.25915],[74.93507,14.25789],[74.93666,14.25554],[74.93806,14.25603],[74.9391,14.25537],[74.93873,14.25419],[74.93806,14.25412],[74.93641,14.25167],[74.93622,14.24805],[74.93481,14.24554],[74.93543,14.24379],[74.93519,14.24267],[74.93244,14.24211],[74.93187,14.24119],[74.93094,14.2408],[74.93046,14.23823],[74.92883,14.23815],[74.92811,14.23674],[74.9281,14.23596],[74.92905,14.23541],[74.92895,14.23479],[74.92723,14.23495],[74.92719,14.23405],[74.92595,14.23376],[74.92542,14.23287],[74.92386,14.23211],[74.92427,14.23155],[74.92362,14.23046],[74.92236,14.23031],[74.92093,14.22741],[74.91916,14.22694],[74.9178,14.22745],[74.91737,14.22718],[74.91653,14.22782],[74.91566,14.22763],[74.91406,14.22906],[74.91098,14.22712],[74.90952,14.22731],[74.90804,14.22831],[74.90775,14.22904],[74.90586,14.23001],[74.90368,14.22926],[74.90364,14.22864],[74.90274,14.22813],[74.90024,14.22849],[74.89869,14.22813],[74.89747,14.22698],[74.8966,14.22702],[74.89623,14.22617],[74.8983,14.22467],[74.89646,14.22197],[74.89705,14.22146],[74.89706,14.21924],[74.89456,14.21692],[74.88869,14.21542],[74.88774,14.21459],[74.87847,14.21402],[74.87761,14.21716],[74.87992,14.21972],[74.87885,14.22171],[74.87573,14.21928],[74.87601,14.22595],[74.87977,14.2298],[74.87958,14.23039],[74.88091,14.23286],[74.87345,14.24029],[74.87087,14.23921],[74.86945,14.23637],[74.86903,14.23441],[74.86932,14.23388],[74.86866,14.23309],[74.86821,14.2279],[74.86954,14.22737],[74.86928,14.2256],[74.86806,14.22588],[74.86724,14.21831],[74.86021,14.21756],[74.86025,14.21586],[74.85914,14.21506],[74.85717,14.21038],[74.85376,14.20943],[74.85377,14.21015],[74.85073,14.21303],[74.84868,14.21701],[74.8466,14.21742],[74.84601,14.218],[74.84593,14.21922],[74.84233,14.22211],[74.83963,14.22276],[74.83774,14.22587],[74.83897,14.22743],[74.83602,14.22736],[74.83262,14.22917],[74.82955,14.2284],[74.82809,14.22743],[74.82495,14.22663],[74.82273,14.22549],[74.81889,14.23054],[74.81517,14.23076],[74.81283,14.22904],[74.80998,14.22824],[74.8054,14.23034],[74.79895,14.2312],[74.79642,14.22945],[74.79281,14.22803],[74.79036,14.22925],[74.78035,14.23769],[74.776,14.2408],[74.769,14.24294],[74.76509,14.24474],[74.76463,14.24661],[74.75256,14.25159],[74.74788,14.25482],[74.733,14.2674],[74.7313,14.26526],[74.73155,14.26467],[74.72733,14.26727],[74.71782,14.26866],[74.72564,14.27608],[74.72565,14.2776],[74.72115,14.2881],[74.704,14.30372],[74.70331,14.30298],[74.68175,14.30824],[74.68083,14.30747],[74.6722,14.30838],[74.66014,14.32237],[74.66178,14.32317],[74.6589,14.32615],[74.64693,14.32026],[74.64698,14.31983],[74.63387,14.33124],[74.63266,14.32973],[74.61988,14.3387],[74.61994,14.33958],[74.64861,14.36661],[74.64598,14.3723],[74.6604,14.38625],[74.66118,14.38639],[74.66142,14.38707],[74.66361,14.38775],[74.66286,14.38938],[74.66341,14.38865],[74.66482,14.38879],[74.6651,14.39044],[74.66672,14.39113],[74.67009,14.4007],[74.66908,14.40078],[74.67247,14.41046],[74.672,14.41054],[74.67259,14.41313],[74.65368,14.43196],[74.65919,14.43505],[74.67553,14.43146],[74.67877,14.44407],[74.67829,14.44412],[74.6782,14.44529],[74.67684,14.44653],[74.67041,14.44881],[74.68924,14.46276],[74.69615,14.47317],[74.69144,14.48308],[74.66825,14.47524],[74.65362,14.48084],[74.65226,14.48083],[74.65279,14.47963],[74.63874,14.46445],[74.63426,14.46374],[74.62959,14.45903],[74.63211,14.47131],[74.63669,14.47271],[74.63584,14.50204],[74.63499,14.50325],[74.66035,14.50656],[74.66016,14.50458],[74.66054,14.50439],[74.67124,14.50386],[74.6758,14.50639],[74.6761,14.50758],[74.67758,14.50709],[74.68721,14.50893],[74.68754,14.50965],[74.68978,14.5103],[74.69131,14.51252],[74.69255,14.5123],[74.69409,14.51546],[74.69553,14.51459],[74.69596,14.51334],[74.69717,14.51305],[74.69814,14.51113],[74.70124,14.51106],[74.70299,14.5085],[74.7025,14.50805],[74.70373,14.50716],[74.71101,14.50549],[74.71258,14.50668],[74.71632,14.50804],[74.71877,14.5121],[74.71996,14.5119],[74.72126,14.51326],[74.722,14.51338],[74.72193,14.51409],[74.72301,14.51488],[74.72367,14.51504],[74.72469,14.51292],[74.72529,14.51274],[74.72741,14.51479],[74.73102,14.51642],[74.73167,14.51605],[74.73047,14.51416],[74.73007,14.51188],[74.73141,14.51034],[74.73264,14.50785],[74.73352,14.50984],[74.73978,14.50713],[74.74077,14.50561],[74.74264,14.50531],[74.74369,14.5045],[74.74747,14.51461],[74.74656,14.51742],[74.75054,14.51705],[74.74963,14.51935],[74.75839,14.5226],[74.76249,14.52271],[74.7634,14.5189],[74.76571,14.51792],[74.77312,14.51796],[74.77503,14.51863],[74.7755,14.51951],[74.7732,14.52233],[74.77327,14.52329],[74.77535,14.52373],[74.7768,14.52328],[74.77848,14.5258],[74.78004,14.52462],[74.78138,14.52425],[74.78327,14.52537],[74.78395,14.52494],[74.78399,14.5237],[74.78177,14.52256],[74.78159,14.5212],[74.78302,14.5185],[74.78368,14.51813],[74.78897,14.51843],[74.78974,14.51888],[74.79001,14.52138],[74.79058,14.52198],[74.79109,14.52219],[74.7925,14.52132],[74.79409,14.52277],[74.79517,14.52218],[74.79679,14.52316],[74.79882,14.52258],[74.80076,14.52314],[74.80251,14.52287],[74.80103,14.52166],[74.80104,14.52033],[74.80259,14.51983],[74.80378,14.52033],[74.80373,14.51991],[74.80507,14.5224],[74.80564,14.52197],[74.81153,14.52249],[74.81215,14.52368],[74.81246,14.52645],[74.81315,14.52735],[74.81213,14.53078],[74.81367,14.53025],[74.81739,14.53033],[74.82023,14.52979],[74.8206,14.5286],[74.81935,14.52474],[74.81944,14.523],[74.8211,14.52202],[74.82409,14.52333],[74.82541,14.52562],[74.82782,14.52743],[74.83124,14.52778],[74.83356,14.52591],[74.84234,14.52433],[74.84331,14.52667],[74.84293,14.52789],[74.84616,14.52865],[74.84814,14.52988],[74.86221,14.53482],[74.85574,14.53912],[74.85401,14.53751],[74.85271,14.5414],[74.85163,14.5414],[74.85188,14.54192],[74.85082,14.54268],[74.85073,14.54372],[74.84782,14.54583],[74.85022,14.54947],[74.8546,14.55265],[74.86292,14.55425],[74.87086,14.55785],[74.87379,14.55808],[74.87704,14.55673],[74.87689,14.55629],[74.88546,14.5538],[74.88613,14.55274]]]}},{"type":"Feature","properties":{"unitId":791,"unitName":"Banavasi PS"},"geometry":{"type":"Polygon","coordinates":[[[74.95404,14.73297],[74.95577,14.73194],[74.95896,14.73137],[74.95922,14.73067],[74.96076,14.7308],[74.96136,14.72882],[74.96189,14.7285],[74.96387,14.72858],[74.96576,14.7275],[74.96729,14.72815],[74.96744,14.72867],[74.96796,14.72825],[74.97023,14.72867],[74.97428,14.72646],[74.97773,14.72699],[74.97861,14.72651],[74.97921,14.72513],[74.97907,14.72433],[74.97678,14.72243],[74.97715,14.72037],[74.97575,14.71942],[74.97641,14.71896],[74.97481,14.7185],[74.97476,14.71784],[74.97327,14.71713],[74.97366,14.71531],[74.97121,14.7126],[74.97196,14.71168],[74.97138,14.71205],[74.96985,14.71152],[74.96961,14.7101],[74.97037,14.70931],[74.96981,14.70635],[74.96848,14.70542],[74.96747,14.70317],[74.97243,14.70114],[74.97764,14.69798],[74.9943,14.695],[74.99742,14.70438],[74.99987,14.70472],[75.00197,14.71177],[75.00535,14.716],[75.0064,14.71907],[75.00907,14.71948],[75.01155,14.71797],[75.0114,14.71712],[75.01268,14.71777],[75.01358,14.71686],[75.01458,14.71712],[75.01532,14.71808],[75.01611,14.71772],[75.01599,14.71514],[75.01647,14.71503],[75.017,14.71059],[75.02149,14.71137],[75.02467,14.70822],[75.02958,14.70977],[75.03295,14.71006],[75.0323,14.69484],[75.03369,14.69021],[75.03432,14.6806],[75.03572,14.67813],[75.036,14.67641],[75.03158,14.67331],[75.03167,14.67254],[75.03062,14.67242],[75.03131,14.66497],[75.03361,14.66057],[75.03437,14.66053],[75.03535,14.65793],[75.03905,14.65853],[75.03892,14.6593],[75.04098,14.66073],[75.043,14.65918],[75.0448,14.65588],[75.04513,14.65393],[75.04724,14.65188],[75.0524,14.6486],[75.05052,14.64657],[75.05075,14.64482],[75.05024,14.64174],[75.04623,14.64095],[75.04229,14.63882],[75.0412,14.63912],[75.04083,14.63799],[75.03954,14.63685],[75.03896,14.63473],[75.03695,14.63311],[75.03714,14.63177],[75.03471,14.62728],[75.02752,14.6158],[75.02734,14.6132],[75.02692,14.61314],[75.02723,14.61205],[75.02638,14.60875],[75.02551,14.60747],[75.02519,14.60792],[75.02401,14.60772],[75.02416,14.60595],[75.02461,14.60566],[75.02518,14.60607],[75.02563,14.60498],[75.02354,14.60367],[75.02375,14.60281],[75.02295,14.60193],[75.02319,14.60121],[75.02462,14.60102],[75.02484,14.59956],[75.02429,14.59867],[75.02552,14.59638],[75.02542,14.59062],[75.02638,14.58589],[75.02717,14.58567],[75.02786,14.5846],[75.02727,14.58259],[75.02616,14.58219],[75.0263,14.58121],[75.02516,14.5813],[75.02406,14.58056],[75.02367,14.57921],[75.02316,14.57913],[75.02339,14.57828],[75.02487,14.57801],[75.02566,14.57679],[75.0244,14.57633],[75.02417,14.57587],[75.02464,14.57519],[75.02376,14.57467],[75.02324,14.57452],[75.02276,14.57514],[75.02064,14.57439],[75.02049,14.57279],[75.02061,14.57127],[75.0216,14.5696],[75.02117,14.569],[75.02213,14.56824],[75.02144,14.56755],[75.02221,14.56664],[75.02201,14.56579],[75.02289,14.56512],[75.02235,14.565],[75.02206,14.56417],[75.02354,14.56356],[75.02251,14.56256],[75.02287,14.5617],[75.02438,14.56139],[75.0238,14.5613],[75.02376,14.56072],[75.02923,14.56096],[75.03465,14.55903],[75.03578,14.55759],[75.03752,14.5536],[75.03899,14.55247],[75.04006,14.54866],[75.04442,14.5457],[75.0511,14.54669],[75.0537,14.54842],[75.05483,14.54861],[75.05578,14.54808],[75.05701,14.54592],[75.0607,14.54441],[75.05998,14.54382],[75.06043,14.54299],[75.05845,14.54217],[75.05874,14.54108],[75.0584,14.54065],[75.05718,14.54084],[75.05548,14.5403],[75.0533,14.53867],[75.05279,14.53465],[75.05013,14.53253],[75.04708,14.53204],[75.03768,14.52866],[75.04114,14.5227],[75.04166,14.51681],[75.04132,14.51665],[75.04252,14.51518],[75.04193,14.50827],[75.04039,14.50678],[75.04108,14.50312],[75.04096,14.50011],[75.03637,14.49968],[75.03089,14.50026],[75.02935,14.49916],[75.02705,14.49884],[75.02628,14.49915],[75.02365,14.49742],[75.0197,14.49672],[75.0194,14.49704],[75.0064,14.48788],[75.00829,14.48574],[75.0087,14.4844],[75.00363,14.47958],[74.99851,14.47801],[74.99747,14.47809],[74.99553,14.47715],[74.99352,14.47554],[74.99295,14.47432],[74.99193,14.47442],[74.99111,14.47283],[74.99032,14.47295],[74.98976,14.47218],[74.98825,14.47601],[74.98854,14.47649],[74.98772,14.47788],[74.98803,14.48054],[74.98597,14.48274],[74.98446,14.48793],[74.98767,14.49082],[74.99184,14.49266],[74.99276,14.49512],[74.9912,14.49494],[74.99064,14.49579],[74.99013,14.49773],[74.99044,14.49981],[74.98813,14.50565],[74.98384,14.50955],[74.98263,14.51169],[74.9825,14.51282],[74.97934,14.51334],[74.97903,14.51412],[74.97949,14.51679],[74.97622,14.51651],[74.97341,14.51741],[74.97238,14.5183],[74.97214,14.51967],[74.97217,14.52111],[74.9734,14.52364],[74.97446,14.52445],[74.97836,14.52445],[74.9805,14.52543],[74.97841,14.53056],[74.97789,14.53332],[74.97842,14.53935],[74.97787,14.54684],[74.97854,14.54775],[74.97842,14.549],[74.97671,14.54977],[74.96892,14.55113],[74.96882,14.55072],[74.96675,14.55131],[74.9623,14.55092],[74.95566,14.5546],[74.95457,14.55376],[74.95606,14.55355],[74.95588,14.5509],[74.95663,14.55047],[74.95077,14.53845],[74.95044,14.53658],[74.94491,14.53278],[74.94388,14.53444],[74.9427,14.53402],[74.94358,14.53167],[74.943,14.53046],[74.94161,14.52973],[74.9417,14.52745],[74.93906,14.52619],[74.93907,14.52553],[74.94016,14.52518],[74.94034,14.52419],[74.93974,14.52338],[74.93898,14.52319],[74.93785,14.51856],[74.93215,14.52269],[74.92846,14.52819],[74.91223,14.52867],[74.90394,14.53152],[74.90143,14.52926],[74.8913,14.53514],[74.88992,14.53629],[74.89101,14.54209],[74.89268,14.54613],[74.89096,14.55553],[74.8859,14.56388],[74.89143,14.57023],[74.89247,14.57201],[74.88679,14.57778],[74.88581,14.58134],[74.88128,14.58608],[74.87759,14.59462],[74.87876,14.59752],[74.88127,14.59801],[74.88285,14.59654],[74.88572,14.59578],[74.88765,14.5946],[74.88946,14.59445],[74.89014,14.59687],[74.89111,14.5971],[74.89135,14.60107],[74.89101,14.60201],[74.89173,14.60268],[74.89314,14.60617],[74.88748,14.61114],[74.88542,14.6112],[74.88271,14.6129],[74.88103,14.61232],[74.87821,14.61442],[74.8767,14.61461],[74.87621,14.61558],[74.87419,14.61694],[74.87646,14.61801],[74.88581,14.63075],[74.88541,14.63106],[74.89135,14.64008],[74.89305,14.64167],[74.89539,14.64767],[74.8948,14.65224],[74.90216,14.65256],[74.91396,14.66417],[74.9231,14.6709],[74.92157,14.67107],[74.91121,14.68031],[74.91154,14.68078],[74.91032,14.68198],[74.91361,14.68702],[74.91603,14.68896],[74.93092,14.69032],[74.932,14.69101],[74.93427,14.69982],[74.93699,14.70099],[74.94289,14.70194],[74.94436,14.70866],[74.94434,14.7183],[74.9469,14.72483],[74.94798,14.7252],[74.94704,14.73542],[74.94674,14.73672],[74.94621,14.73673],[74.94587,14.73766],[74.94752,14.73811],[74.95162,14.74044],[74.95423,14.73777],[74.95365,14.73456],[74.95427,14.73401],[74.95404,14.73297]]]}},{"type":"Feature","properties":{"unitId":792,"unitName":"Sirsi Rural PS"},"geometry":{"type":"Polygon","coordinates":[[[74.73906,14.83575],[74.74016,14.83357],[74.74296,14.83358],[74.74489,14.83306],[74.74927,14.82901],[74.75009,14.82767],[74.75149,14.82112],[74.75077,14.81931],[74.75105,14.81477],[74.75222,14.81243],[74.75349,14.81233],[74.75258,14.8099],[74.75413,14.80243],[74.75352,14.79835],[74.75588,14.79679],[74.75806,14.79701],[74.76045,14.79612],[74.76059,14.79099],[74.76134,14.78902],[74.76102,14.78674],[74.75915,14.78314],[74.75948,14.7808],[74.75921,14.77783],[74.75968,14.77553],[74.76453,14.77624],[74.76699,14.77756],[74.76809,14.77718],[74.76842,14.77417],[74.77164,14.77565],[74.77219,14.77496],[74.77286,14.77089],[74.77684,14.76983],[74.77722,14.76835],[74.7766,14.76486],[74.77686,14.76329],[74.77941,14.7589],[74.77884,14.75859],[74.77903,14.75812],[74.77946,14.75834],[74.78117,14.75745],[74.78244,14.75626],[74.78479,14.75196],[74.78726,14.75202],[74.79063,14.75327],[74.79156,14.75409],[74.79149,14.75606],[74.79184,14.75626],[74.7942,14.75306],[74.79441,14.75074],[74.79588,14.74959],[74.79816,14.7499],[74.80115,14.75253],[74.80188,14.75027],[74.80249,14.74996],[74.80646,14.75061],[74.80753,14.7496],[74.80839,14.74755],[74.81044,14.74651],[74.8108,14.74272],[74.80947,14.74109],[74.80982,14.74008],[74.81118,14.73916],[74.8115,14.73951],[74.81394,14.7378],[74.81455,14.73821],[74.81491,14.74001],[74.81814,14.74201],[74.81725,14.74467],[74.81753,14.7455],[74.81884,14.74558],[74.82012,14.74471],[74.82242,14.74644],[74.82428,14.74668],[74.82524,14.74604],[74.82693,14.7436],[74.82649,14.74154],[74.82814,14.74007],[74.83067,14.73943],[74.83245,14.7403],[74.83345,14.74263],[74.83685,14.74338],[74.84633,14.74771],[74.84703,14.73241],[74.85339,14.73292],[74.85353,14.73434],[74.8541,14.73418],[74.85442,14.73501],[74.85591,14.73468],[74.8577,14.7361],[74.85905,14.73651],[74.86177,14.7371],[74.86533,14.73539],[74.87918,14.73971],[74.8844,14.75034],[74.88541,14.74901],[74.89223,14.74639],[74.89539,14.74915],[74.89952,14.74806],[74.90096,14.74704],[74.90242,14.74748],[74.90357,14.74695],[74.90966,14.74613],[74.91309,14.74713],[74.91572,14.74434],[74.9157,14.74469],[74.91765,14.74525],[74.91993,14.74856],[74.92451,14.74307],[74.92873,14.74179],[74.93024,14.73961],[74.93205,14.73876],[74.93353,14.73865],[74.93542,14.73748],[74.94212,14.73806],[74.94587,14.73766],[74.94621,14.73673],[74.94674,14.73672],[74.94798,14.7252],[74.9469,14.72483],[74.94434,14.7183],[74.94436,14.70866],[74.94289,14.70194],[74.93699,14.70099],[74.93427,14.69982],[74.932,14.69101],[74.93042,14.69003],[74.91603,14.68896],[74.91361,14.68702],[74.91032,14.68198],[74.91154,14.68078],[74.91121,14.68031],[74.92157,14.67107],[74.9231,14.6709],[74.91396,14.66417],[74.90216,14.65256],[74.8948,14.65224],[74.89539,14.64767],[74.89305,14.64167],[74.89135,14.64008],[74.88541,14.63106],[74.88581,14.63075],[74.87646,14.61801],[74.87419,14.61694],[74.87621,14.61558],[74.8767,14.61461],[74.87821,14.61442],[74.88103,14.61232],[74.88271,14.6129],[74.88542,14.6112],[74.88748,14.61114],[74.89314,14.60617],[74.89173,14.60268],[74.89101,14.60201],[74.89135,14.60107],[74.89111,14.5971],[74.89014,14.59687],[74.88946,14.59445],[74.88765,14.5946],[74.88572,14.59578],[74.88285,14.59654],[74.88127,14.59801],[74.87876,14.59752],[74.87759,14.59462],[74.88128,14.58608],[74.88581,14.58134],[74.88679,14.57778],[74.89247,14.57201],[74.89143,14.57023],[74.8859,14.56388],[74.89096,14.55553],[74.89268,14.54613],[74.89173,14.54407],[74.88546,14.5538],[74.87689,14.55629],[74.87704,14.55673],[74.87379,14.55808],[74.87086,14.55785],[74.86292,14.55425],[74.8546,14.55265],[74.85022,14.54947],[74.84782,14.54583],[74.85073,14.54372],[74.85082,14.54268],[74.85188,14.54192],[74.85163,14.5414],[74.85271,14.5414],[74.85401,14.53751],[74.85574,14.53912],[74.86221,14.53482],[74.84814,14.52988],[74.84616,14.52865],[74.84293,14.52789],[74.84331,14.52667],[74.84234,14.52433],[74.83356,14.52591],[74.83124,14.52778],[74.82782,14.52743],[74.82541,14.52562],[74.82409,14.52333],[74.8211,14.52202],[74.81944,14.523],[74.81935,14.52474],[74.8206,14.5286],[74.82023,14.52979],[74.81739,14.53033],[74.81367,14.53025],[74.81213,14.53078],[74.81315,14.52735],[74.81246,14.52645],[74.81215,14.52368],[74.81153,14.52249],[74.80564,14.52197],[74.80507,14.5224],[74.80373,14.51991],[74.80378,14.52033],[74.80259,14.51983],[74.80104,14.52033],[74.80103,14.52166],[74.80251,14.52287],[74.80076,14.52314],[74.79882,14.52258],[74.79679,14.52316],[74.79517,14.52218],[74.79409,14.52277],[74.7925,14.52132],[74.79109,14.52219],[74.79058,14.52198],[74.79001,14.52138],[74.78974,14.51888],[74.78897,14.51843],[74.78368,14.51813],[74.78302,14.5185],[74.78159,14.5212],[74.78177,14.52256],[74.78399,14.5237],[74.78395,14.52494],[74.78327,14.52537],[74.78138,14.52425],[74.78004,14.52462],[74.77848,14.5258],[74.7768,14.52328],[74.77535,14.52373],[74.77327,14.52329],[74.7732,14.52233],[74.7755,14.51951],[74.77503,14.51863],[74.77312,14.51796],[74.76571,14.51792],[74.7634,14.5189],[74.76249,14.52271],[74.75839,14.5226],[74.74963,14.51935],[74.75054,14.51705],[74.74656,14.51742],[74.74747,14.51461],[74.74369,14.5045],[74.74264,14.50531],[74.74077,14.50561],[74.73978,14.50713],[74.73352,14.50984],[74.73264,14.50785],[74.73141,14.51034],[74.73007,14.51188],[74.73047,14.51416],[74.73167,14.51605],[74.73102,14.51642],[74.72741,14.51479],[74.72529,14.51274],[74.72469,14.51292],[74.72367,14.51504],[74.72301,14.51488],[74.72193,14.51409],[74.722,14.51338],[74.72126,14.51326],[74.71996,14.5119],[74.71877,14.5121],[74.71632,14.50804],[74.71258,14.50668],[74.71101,14.50549],[74.70373,14.50716],[74.7025,14.50805],[74.70299,14.5085],[74.70124,14.51106],[74.69814,14.51113],[74.69717,14.51305],[74.69596,14.51334],[74.69553,14.51459],[74.69409,14.51546],[74.69255,14.5123],[74.69131,14.51252],[74.68978,14.5103],[74.68754,14.50965],[74.68721,14.50893],[74.67758,14.50709],[74.6761,14.50758],[74.6758,14.50639],[74.67124,14.50386],[74.66054,14.50439],[74.66016,14.50458],[74.66035,14.50656],[74.63499,14.50325],[74.63584,14.50204],[74.63669,14.47271],[74.61399,14.46588],[74.60897,14.46755],[74.59913,14.47631],[74.59077,14.47728],[74.58064,14.48286],[74.58102,14.48329],[74.57285,14.49126],[74.57139,14.49646],[74.56947,14.50786],[74.57161,14.52145],[74.56938,14.52672],[74.56881,14.52673],[74.57431,14.53622],[74.58003,14.55775],[74.58291,14.55881],[74.58263,14.56908],[74.58083,14.57988],[74.58265,14.6021],[74.577,14.60606],[74.57384,14.60766],[74.56818,14.61952],[74.5757,14.63504],[74.57431,14.63436],[74.57121,14.64291],[74.57856,14.65326],[74.57496,14.67398],[74.57575,14.68195],[74.57399,14.68511],[74.5799,14.68799],[74.60274,14.69388],[74.60754,14.68937],[74.60851,14.6934],[74.61165,14.69275],[74.61264,14.70908],[74.61731,14.7262],[74.61555,14.72836],[74.61045,14.74287],[74.61196,14.74306],[74.6197,14.7541],[74.62493,14.75874],[74.62991,14.76529],[74.63222,14.77543],[74.6378,14.77723],[74.63832,14.77683],[74.65174,14.78004],[74.65503,14.78042],[74.64495,14.79819],[74.64116,14.80217],[74.63681,14.80844],[74.68083,14.80948],[74.7075,14.8172],[74.69338,14.83334],[74.69471,14.83384],[74.69921,14.83417],[74.71254,14.83366],[74.71969,14.83541],[74.72301,14.83691],[74.72783,14.83701],[74.73206,14.83785],[74.73366,14.83863],[74.73851,14.83809],[74.73811,14.83721],[74.73865,14.83694],[74.73906,14.83575]],[[74.84083,14.6335],[74.83906,14.63281],[74.83845,14.63187],[74.83609,14.63173],[74.83396,14.63251],[74.83329,14.63084],[74.83409,14.62866],[74.83305,14.62673],[74.83365,14.62533],[74.82963,14.62426],[74.82955,14.62613],[74.82769,14.62633],[74.82754,14.62535],[74.8266,14.62508],[74.82539,14.62583],[74.82408,14.62461],[74.82353,14.62318],[74.82272,14.6233],[74.82196,14.62225],[74.82237,14.62135],[74.82334,14.62147],[74.82407,14.61996],[74.82483,14.61978],[74.82536,14.61844],[74.82435,14.61753],[74.82511,14.61667],[74.82577,14.61644],[74.82647,14.61735],[74.82726,14.61654],[74.8276,14.61701],[74.82681,14.61547],[74.82797,14.61434],[74.82918,14.61532],[74.83167,14.61421],[74.83114,14.61211],[74.82932,14.6088],[74.82412,14.60694],[74.82523,14.6053],[74.82659,14.60613],[74.82727,14.60508],[74.82819,14.60497],[74.82888,14.60408],[74.83526,14.60665],[74.83537,14.60473],[74.83685,14.60184],[74.83853,14.60206],[74.84248,14.60133],[74.84277,14.598],[74.84696,14.59864],[74.84796,14.5996],[74.84902,14.60319],[74.8502,14.60377],[74.85876,14.60043],[74.85954,14.60333],[74.85915,14.60761],[74.85991,14.61856],[74.85604,14.62161],[74.85396,14.63261],[74.85428,14.63291],[74.84477,14.63082],[74.84323,14.63469],[74.84083,14.6335]]]}},{"type":"Feature","properties":{"unitId":793,"unitName":"Sirsi Town PS"},"geometry":{"type":"Polygon","coordinates":[[[74.84325,14.63467],[74.84477,14.63082],[74.85428,14.63291],[74.85396,14.63261],[74.85604,14.62161],[74.85991,14.61856],[74.85915,14.60761],[74.85954,14.60333],[74.85876,14.60043],[74.8502,14.60377],[74.84902,14.60319],[74.84796,14.5996],[74.84696,14.59864],[74.84277,14.598],[74.84248,14.60133],[74.83853,14.60206],[74.83685,14.60184],[74.83537,14.60473],[74.83526,14.60665],[74.82888,14.60408],[74.82819,14.60497],[74.82727,14.60508],[74.82659,14.60613],[74.82523,14.6053],[74.82412,14.60694],[74.82932,14.6088],[74.83114,14.61211],[74.83167,14.61421],[74.82918,14.61532],[74.82797,14.61434],[74.82681,14.61547],[74.8276,14.61701],[74.82726,14.61654],[74.82647,14.61735],[74.82577,14.61644],[74.82511,14.61667],[74.82435,14.61753],[74.82536,14.61844],[74.82483,14.61978],[74.82407,14.61996],[74.82334,14.62147],[74.82237,14.62135],[74.82196,14.62225],[74.82272,14.6233],[74.82353,14.62318],[74.82408,14.62461],[74.82539,14.62583],[74.8266,14.62508],[74.82754,14.62535],[74.82769,14.62633],[74.82955,14.62613],[74.82963,14.62426],[74.83365,14.62533],[74.83305,14.62673],[74.83409,14.62866],[74.83329,14.63084],[74.83396,14.63251],[74.83609,14.63173],[74.83845,14.63187],[74.83906,14.63281],[74.84325,14.63467]]]}},{"type":"Feature","properties":{"unitId":794,"unitName":"YellapuraPS"},"geometry":{"type":"Polygon","coordinates":[[[74.82074,15.15089],[74.81966,15.14959],[74.81962,15.1467],[74.82054,15.14538],[74.82211,15.14557],[74.82322,15.14421],[74.82221,15.1425],[74.81933,15.14143],[74.81944,15.14019],[74.82218,15.13857],[74.82392,15.13485],[74.82455,15.13465],[74.82713,15.13532],[74.82873,15.1365],[74.82875,15.13891],[74.82914,15.1395],[74.83051,15.13833],[74.83095,15.13313],[74.8321,15.13305],[74.83349,15.13211],[74.83818,15.13122],[74.83924,15.13047],[74.84075,15.12817],[74.8417,15.12831],[74.84328,15.12688],[74.84451,15.12205],[74.84677,15.12335],[74.84944,15.12295],[74.85098,15.12146],[74.85181,15.12149],[74.85115,15.12031],[74.85156,15.11747],[74.85384,15.11413],[74.85306,15.11378],[74.85294,15.11222],[74.85389,15.10987],[74.85536,15.10936],[74.8549,15.10736],[74.85601,15.10731],[74.85839,15.10561],[74.85812,15.10394],[74.86124,15.10362],[74.8625,15.10486],[74.86478,15.10511],[74.86916,15.10327],[74.87613,15.10238],[74.88041,15.10022],[74.88298,15.09981],[74.88723,15.10008],[74.89002,15.09913],[74.89221,15.09639],[74.88968,15.09045],[74.88661,15.08847],[74.8833,15.08816],[74.88165,15.08654],[74.87988,15.08395],[74.87926,15.08195],[74.87963,15.07952],[74.87839,15.07654],[74.87823,15.07499],[74.87742,15.07373],[74.88009,15.07292],[74.88272,15.06917],[74.88401,15.06888],[74.88602,15.06685],[74.88744,15.06635],[74.8862,15.06304],[74.88687,15.06101],[74.88864,15.05879],[74.89057,15.05218],[74.88901,15.04988],[74.89089,15.04543],[74.89181,15.04456],[74.89398,15.04446],[74.89627,15.0468],[74.8983,15.04664],[74.90049,15.04748],[74.9017,15.04718],[74.90612,15.04989],[74.90794,15.04968],[74.91014,15.04319],[74.91067,15.04086],[74.90933,15.03999],[74.90937,15.03835],[74.90657,15.03677],[74.90722,15.03553],[74.90927,15.03555],[74.90922,15.03413],[74.9066,15.0334],[74.90546,15.0323],[74.89978,15.0294],[74.89961,15.02706],[74.89743,15.02377],[74.89556,15.02446],[74.89449,15.02422],[74.89268,15.0265],[74.89191,15.02658],[74.88907,15.02532],[74.88885,15.01889],[74.88708,15.01344],[74.88787,15.01023],[74.88737,15.00615],[74.88616,15.00498],[74.8864,15.00319],[74.88592,15.00049],[74.87926,14.99769],[74.87879,14.99413],[74.8765,14.99008],[74.87596,14.98758],[74.87452,14.98646],[74.87094,14.98508],[74.87079,14.98281],[74.87208,14.9792],[74.86978,14.97708],[74.87044,14.97195],[74.86876,14.9693],[74.86565,14.96745],[74.86598,14.96734],[74.8654,14.96594],[74.88353,14.96053],[74.89229,14.9358],[74.91866,14.91417],[74.93499,14.90959],[74.93106,14.9032],[74.91377,14.90155],[74.91476,14.88397],[74.91804,14.87191],[74.92332,14.86284],[74.91344,14.85598],[74.90625,14.8362],[74.90526,14.83581],[74.90434,14.82505],[74.91479,14.83236],[74.92279,14.834],[74.92764,14.83603],[74.93958,14.83843],[74.94227,14.83984],[74.94364,14.83746],[74.94352,14.83578],[74.94416,14.83519],[74.94412,14.83354],[74.93963,14.8192],[74.92665,14.80282],[74.90796,14.80996],[74.90725,14.79496],[74.9095,14.78944],[74.91399,14.78174],[74.91194,14.77936],[74.91816,14.76641],[74.91768,14.76607],[74.91581,14.76702],[74.91025,14.76837],[74.90703,14.76984],[74.89387,14.76821],[74.88366,14.75987],[74.88626,14.74943],[74.88731,14.74844],[74.88541,14.74901],[74.88427,14.75028],[74.87918,14.73971],[74.86533,14.73539],[74.86177,14.7371],[74.8577,14.7361],[74.85591,14.73468],[74.85442,14.73501],[74.8541,14.73418],[74.85353,14.73434],[74.85339,14.73292],[74.84703,14.73241],[74.84633,14.74771],[74.83685,14.74338],[74.83345,14.74263],[74.83245,14.7403],[74.83067,14.73943],[74.82814,14.74007],[74.82649,14.74154],[74.82693,14.7436],[74.82524,14.74604],[74.82428,14.74668],[74.82242,14.74644],[74.82012,14.74471],[74.81884,14.74558],[74.81753,14.7455],[74.81725,14.74467],[74.81814,14.74201],[74.81491,14.74001],[74.81455,14.73821],[74.81394,14.7378],[74.8115,14.73951],[74.81118,14.73916],[74.80982,14.74008],[74.80947,14.74109],[74.8108,14.74272],[74.81044,14.74651],[74.80839,14.74755],[74.80753,14.7496],[74.80646,14.75061],[74.80249,14.74996],[74.80188,14.75027],[74.80115,14.75253],[74.79816,14.7499],[74.79588,14.74959],[74.79441,14.75074],[74.7942,14.75306],[74.79184,14.75626],[74.79149,14.75606],[74.79156,14.75409],[74.79063,14.75327],[74.78726,14.75202],[74.78479,14.75196],[74.78244,14.75626],[74.78117,14.75745],[74.77946,14.75834],[74.77903,14.75812],[74.77884,14.75859],[74.77941,14.7589],[74.77686,14.76329],[74.7766,14.76486],[74.77722,14.76835],[74.77684,14.76983],[74.77286,14.77089],[74.77219,14.77496],[74.77164,14.77565],[74.76842,14.77417],[74.76809,14.77718],[74.76699,14.77756],[74.76453,14.77624],[74.75968,14.77553],[74.75921,14.77783],[74.75948,14.7808],[74.75915,14.78314],[74.76102,14.78674],[74.76134,14.78902],[74.76059,14.79099],[74.76045,14.79612],[74.75806,14.79701],[74.75588,14.79679],[74.75352,14.79835],[74.75413,14.80243],[74.75258,14.8099],[74.75349,14.81233],[74.75222,14.81243],[74.75105,14.81477],[74.75077,14.81931],[74.75149,14.82112],[74.75009,14.82767],[74.74927,14.82901],[74.74489,14.83306],[74.74296,14.83358],[74.74016,14.83357],[74.73865,14.83694],[74.73811,14.83721],[74.73851,14.83809],[74.73366,14.83863],[74.73206,14.83785],[74.72783,14.83701],[74.72301,14.83691],[74.71969,14.83541],[74.71254,14.83366],[74.69921,14.83417],[74.69471,14.83384],[74.69338,14.83334],[74.69281,14.83416],[74.69032,14.8331],[74.68662,14.83379],[74.68308,14.83359],[74.67468,14.82979],[74.66996,14.82948],[74.66703,14.82959],[74.66299,14.83069],[74.66127,14.83176],[74.65858,14.83536],[74.65492,14.83559],[74.65012,14.83497],[74.64376,14.83552],[74.64145,14.83616],[74.6393,14.83584],[74.63543,14.8317],[74.63462,14.82961],[74.63197,14.826],[74.62679,14.82167],[74.62723,14.82138],[74.62652,14.82093],[74.62458,14.82096],[74.61973,14.81808],[74.61847,14.81776],[74.61888,14.817],[74.61676,14.81659],[74.61592,14.81568],[74.61456,14.81257],[74.61575,14.80991],[74.61527,14.80818],[74.61147,14.80553],[74.60948,14.79955],[74.60841,14.79971],[74.60735,14.79998],[74.60692,14.80109],[74.60801,14.80254],[74.60751,14.80507],[74.60582,14.8061],[74.60554,14.80689],[74.60679,14.80872],[74.60434,14.80948],[74.60431,14.81439],[74.60372,14.81656],[74.60481,14.81825],[74.60448,14.8182],[74.60447,14.82078],[74.60194,14.82424],[74.60109,14.82691],[74.59905,14.82824],[74.59982,14.83053],[74.59907,14.83117],[74.59731,14.831],[74.59676,14.83247],[74.59735,14.8332],[74.59679,14.83376],[74.59527,14.83338],[74.59317,14.83449],[74.59182,14.83756],[74.59089,14.83803],[74.58923,14.84107],[74.58745,14.84231],[74.58787,14.8435],[74.58638,14.84401],[74.58611,14.84529],[74.58385,14.84788],[74.58357,14.85202],[74.58071,14.85492],[74.57993,14.85771],[74.57765,14.85917],[74.57774,14.86045],[74.5769,14.86255],[74.57559,14.86333],[74.57497,14.86455],[74.57542,14.8656],[74.57406,14.8677],[74.5746,14.86875],[74.57426,14.86997],[74.57317,14.86883],[74.57252,14.87052],[74.57108,14.86777],[74.57025,14.86754],[74.56983,14.86794],[74.57028,14.86876],[74.56973,14.86962],[74.57009,14.87065],[74.56782,14.86861],[74.565,14.87211],[74.55513,14.86085],[74.56399,14.8437],[74.56463,14.83491],[74.57185,14.82891],[74.5761,14.82424],[74.57667,14.80576],[74.57477,14.80141],[74.56899,14.79407],[74.56352,14.79257],[74.55768,14.79412],[74.55246,14.79832],[74.54959,14.79314],[74.54184,14.79278],[74.54132,14.77842],[74.53571,14.77599],[74.52985,14.77844],[74.52449,14.77092],[74.52248,14.76902],[74.5154,14.76877],[74.51479,14.76827],[74.51321,14.76835],[74.50414,14.78457],[74.49903,14.78686],[74.49693,14.79011],[74.48818,14.78155],[74.47828,14.77348],[74.4701,14.75388],[74.46795,14.75343],[74.46435,14.75621],[74.44645,14.75943],[74.42959,14.75658],[74.42215,14.7604],[74.42368,14.76901],[74.41957,14.77613],[74.43043,14.77745],[74.43666,14.7789],[74.44117,14.7828],[74.44478,14.7852],[74.45475,14.78951],[74.45707,14.79118],[74.45789,14.79198],[74.45855,14.79738],[74.4525,14.80045],[74.4704,14.81718],[74.47554,14.82612],[74.48278,14.82937],[74.47934,14.83175],[74.49478,14.84635],[74.49166,14.84929],[74.50483,14.85525],[74.51167,14.86045],[74.51284,14.8659],[74.5046,14.8807],[74.51383,14.88237],[74.52494,14.8963],[74.52187,14.90202],[74.52696,14.92096],[74.52749,14.92151],[74.53214,14.91885],[74.53352,14.91931],[74.538,14.92232],[74.53966,14.92635],[74.54089,14.93174],[74.54094,14.93535],[74.54188,14.93727],[74.54527,14.94083],[74.54586,14.94228],[74.5469,14.94268],[74.54904,14.94171],[74.55143,14.9422],[74.55907,14.9455],[74.56197,14.94584],[74.56331,14.94649],[74.56493,14.94881],[74.56572,14.9601],[74.56709,14.96509],[74.5668,14.97791],[74.56778,14.97995],[74.57058,14.98231],[74.57517,14.99013],[74.57893,14.9945],[74.58194,14.99715],[74.58298,15.00088],[74.58186,15.00644],[74.58049,15.00926],[74.57998,15.01193],[74.58098,15.0143],[74.58665,15.01946],[74.59462,15.02296],[74.59839,15.02514],[74.60205,15.02899],[74.60256,15.03441],[74.60309,15.03533],[74.60114,15.04068],[74.60122,15.04236],[74.60217,15.04483],[74.60176,15.04833],[74.60079,15.05034],[74.60074,15.05241],[74.60204,15.05496],[74.60419,15.06276],[74.60644,15.0646],[74.61706,15.06519],[74.61655,15.06599],[74.62009,15.06609],[74.62862,15.07311],[74.63291,15.07527],[74.63431,15.07656],[74.63689,15.08263],[74.63804,15.08357],[74.6416,15.08238],[74.64771,15.078],[74.65057,15.07957],[74.66224,15.09011],[74.67462,15.09818],[74.67673,15.09783],[74.67799,15.09568],[74.68209,15.09319],[74.68311,15.09305],[74.68831,15.09837],[74.69147,15.09737],[74.69496,15.09799],[74.70095,15.10467],[74.70307,15.10165],[74.71093,15.08763],[74.71269,15.08531],[74.71461,15.08428],[74.71768,15.08094],[74.72171,15.08198],[74.72473,15.08418],[74.73145,15.08322],[74.73184,15.08352],[74.73171,15.08725],[74.7333,15.08977],[74.73519,15.08878],[74.73824,15.08868],[74.74111,15.08513],[74.74322,15.08465],[74.74458,15.08529],[74.74939,15.08999],[74.74994,15.09167],[74.75198,15.0922],[74.75344,15.09589],[74.75276,15.09977],[74.75406,15.10285],[74.75529,15.10307],[74.7586,15.1019],[74.75955,15.09999],[74.76248,15.10013],[74.76618,15.10167],[74.77032,15.1012],[74.77307,15.09971],[74.77402,15.09966],[74.77446,15.1001],[74.77516,15.10278],[74.78248,15.11129],[74.78278,15.11508],[74.78464,15.11672],[74.78488,15.12147],[74.78197,15.12845],[74.78176,15.13178],[74.78944,15.12974],[74.79264,15.13061],[74.79335,15.13174],[74.79288,15.13637],[74.79484,15.13925],[74.79466,15.14152],[74.79284,15.14478],[74.793,15.14614],[74.7974,15.14829],[74.80035,15.14917],[74.80254,15.14909],[74.80481,15.15072],[74.80747,15.15027],[74.81109,15.15123],[74.81193,15.15208],[74.81259,15.15407],[74.81335,15.15427],[74.81577,15.15428],[74.81903,15.15351],[74.82073,15.15223],[74.82074,15.15089]]]}}]}