{"type":"FeatureCollection","features":[{"type":"Feature","properties":{"unitId":795,"unitName":"Alamatti PS"},"geometry":{"type":"Polygon","coordinates":[[[75.89676,16.35952],[75.89814,16.35915],[75.89972,16.35962],[75.90012,16.35947],[75.90025,16.35791],[75.90148,16.35835],[75.90158,16.35172],[75.90545,16.35192],[75.90802,16.35072],[75.91081,16.35009],[75.8913,16.32894],[75.88448,16.33255],[75.87888,16.34036],[75.87466,16.34294],[75.87723,16.34619],[75.87849,16.35212],[75.87837,16.35434],[75.87777,16.35448],[75.8781,16.35567],[75.87882,16.35551],[75.88042,16.36057],[75.88227,16.36458],[75.88992,16.36432],[75.89402,16.36063],[75.89676,16.35952]]]}},{"type":"Feature","properties":{"unitId":796,"unitName":"Basavan Bagewadi PS"},"geometry":{"type":"MultiPolygon","coordinates":[[[[76.0503,16.75904],[76.05717,16.7577],[76.05728,16.75233],[76.05797,16.74986],[76.05855,16.7433],[76.06066,16.74315],[76.05992,16.73775],[76.06272,16.73399],[76.06605,16.73423],[76.06831,16.73349],[76.06995,16.7344],[76.07015,16.73344],[76.07955,16.73341],[76.07958,16.73459],[76.08529,16.73368],[76.08552,16.73464],[76.08751,16.7318],[76.09123,16.7312],[76.0919,16.73424],[76.09122,16.73553],[76.09225,16.73742],[76.0951,16.73716],[76.0969,16.736],[76.09725,16.73686],[76.09844,16.73561],[76.09975,16.73556],[76.10164,16.73366],[76.10383,16.73263],[76.10568,16.73257],[76.10725,16.7371],[76.10851,16.73686],[76.10888,16.73779],[76.11039,16.73784],[76.11163,16.73623],[76.1113,16.73045],[76.11165,16.73008],[76.11689,16.72792],[76.11749,16.73147],[76.11972,16.7308],[76.12081,16.7304],[76.12071,16.72998],[76.12146,16.72957],[76.12163,16.72984],[76.1249,16.7285],[76.12644,16.72751],[76.12687,16.72614],[76.126,16.72555],[76.12627,16.72428],[76.12928,16.72414],[76.13045,16.7234],[76.12984,16.72152],[76.1306,16.71718],[76.12916,16.71478],[76.12982,16.71309],[76.13431,16.71148],[76.13761,16.70957],[76.14063,16.70983],[76.14019,16.70858],[76.14047,16.708],[76.14464,16.70534],[76.14496,16.70627],[76.14846,16.70676],[76.15073,16.70581],[76.15133,16.70543],[76.15454,16.69892],[76.15718,16.69932],[76.16797,16.71155],[76.17012,16.71554],[76.17298,16.71513],[76.1817,16.7122],[76.18673,16.71157],[76.19179,16.70959],[76.19288,16.70847],[76.19123,16.70424],[76.19016,16.70271],[76.18963,16.70065],[76.19003,16.69872],[76.18891,16.6958],[76.18853,16.69116],[76.18738,16.68596],[76.18569,16.68623],[76.18444,16.68385],[76.18268,16.6719],[76.18156,16.66947],[76.18078,16.66914],[76.17991,16.66716],[76.17661,16.66334],[76.17381,16.65906],[76.17844,16.65547],[76.188,16.65762],[76.19677,16.65863],[76.20426,16.66028],[76.21061,16.66269],[76.21178,16.66174],[76.21331,16.66135],[76.21592,16.65921],[76.21875,16.65615],[76.21945,16.65381],[76.22381,16.65143],[76.22444,16.65027],[76.22415,16.64684],[76.2206,16.64672],[76.22074,16.64627],[76.21681,16.64481],[76.20783,16.6423],[76.20705,16.64104],[76.20052,16.63983],[76.19175,16.63722],[76.19314,16.63012],[76.19395,16.62942],[76.19428,16.62826],[76.19607,16.62778],[76.19648,16.62682],[76.19624,16.62581],[76.19678,16.6258],[76.19694,16.62522],[76.19936,16.62465],[76.2027,16.62658],[76.20424,16.62549],[76.20746,16.62566],[76.20851,16.62635],[76.20839,16.6272],[76.20893,16.62733],[76.20922,16.62663],[76.21018,16.62709],[76.21008,16.62786],[76.21169,16.62849],[76.2119,16.62955],[76.21244,16.62969],[76.21461,16.62979],[76.2147,16.62926],[76.21599,16.62906],[76.21587,16.62766],[76.21644,16.62741],[76.21718,16.62889],[76.21858,16.62945],[76.2183,16.62986],[76.21881,16.63128],[76.21943,16.63049],[76.221,16.63022],[76.22123,16.63171],[76.22225,16.63242],[76.22399,16.63096],[76.22464,16.63175],[76.2249,16.63028],[76.22558,16.62966],[76.22702,16.62965],[76.22614,16.63103],[76.22733,16.63145],[76.22944,16.62986],[76.22954,16.63121],[76.23,16.63151],[76.23094,16.62866],[76.23316,16.63029],[76.23614,16.62516],[76.23717,16.62597],[76.23828,16.62596],[76.24015,16.62471],[76.24075,16.62382],[76.24023,16.6218],[76.25047,16.62237],[76.2506,16.62096],[76.25317,16.62028],[76.25316,16.61953],[76.25362,16.61958],[76.25621,16.61693],[76.25668,16.61583],[76.25828,16.61481],[76.25885,16.61357],[76.26044,16.61308],[76.26194,16.61183],[76.262,16.60228],[76.26553,16.60239],[76.2653,16.60105],[76.26712,16.6011],[76.269,16.60044],[76.2691,16.59929],[76.26866,16.59855],[76.26601,16.59696],[76.26567,16.59574],[76.2718,16.59633],[76.27072,16.59204],[76.26946,16.59121],[76.27029,16.58977],[76.26892,16.58925],[76.26792,16.5881],[76.26654,16.58837],[76.26462,16.58971],[76.26336,16.58883],[76.26345,16.58609],[76.26405,16.58493],[76.26577,16.5829],[76.26808,16.58231],[76.26826,16.58094],[76.25755,16.58207],[76.2444,16.58162],[76.22428,16.58387],[76.22344,16.58383],[76.22261,16.58296],[76.21407,16.58437],[76.21145,16.57269],[76.20689,16.56057],[76.20441,16.55632],[76.20074,16.54835],[76.19961,16.54809],[76.19606,16.54885],[76.19584,16.54849],[76.19093,16.54904],[76.17978,16.55129],[76.17528,16.5512],[76.16728,16.55218],[76.16292,16.55331],[76.15324,16.55845],[76.14872,16.55978],[76.14629,16.56028],[76.13673,16.56026],[76.1367,16.55073],[76.13541,16.54676],[76.13751,16.54555],[76.13742,16.54515],[76.13383,16.53267],[76.13359,16.53198],[76.13292,16.53174],[76.12931,16.51672],[76.12538,16.5094],[76.12153,16.49768],[76.11995,16.49683],[76.11774,16.49389],[76.11606,16.4926],[76.11593,16.49147],[76.11039,16.48823],[76.10837,16.48616],[76.10778,16.48492],[76.10641,16.48411],[76.10363,16.48025],[76.09791,16.48096],[76.08911,16.48112],[76.08283,16.4824],[76.08241,16.47976],[76.08052,16.47555],[76.08023,16.47666],[76.07773,16.47623],[76.07201,16.47383],[76.06546,16.47194],[76.06308,16.47253],[76.05503,16.47321],[76.05398,16.47],[76.05022,16.46978],[76.04988,16.46848],[76.04745,16.46488],[76.04295,16.46013],[76.03609,16.44956],[76.03434,16.44368],[76.03318,16.44213],[76.03283,16.44081],[76.01587,16.45158],[76.01375,16.45354],[76.00829,16.45225],[76.00607,16.4512],[76.0064,16.45036],[76.00613,16.44814],[76.00672,16.44671],[75.99608,16.44468],[75.9886,16.44519],[75.97909,16.44762],[75.97853,16.45026],[75.9776,16.45187],[75.97665,16.46312],[75.97164,16.46362],[75.97012,16.4623],[75.96704,16.46282],[75.96461,16.47036],[75.9634,16.47669],[75.95564,16.48234],[75.95419,16.47619],[75.9522,16.47217],[75.94756,16.46608],[75.945,16.46355],[75.94025,16.46175],[75.9308,16.4555],[75.91503,16.45348],[75.90491,16.45031],[75.90241,16.44992],[75.90084,16.47103],[75.89467,16.47076],[75.88928,16.46979],[75.88909,16.46592],[75.87498,16.46206],[75.87002,16.46361],[75.87082,16.46843],[75.8684,16.46978],[75.86069,16.47284],[75.86043,16.4726],[75.85587,16.47417],[75.84417,16.47577],[75.8424,16.48088],[75.83926,16.48741],[75.83728,16.49374],[75.83583,16.49563],[75.83472,16.49934],[75.85066,16.50845],[75.85332,16.507],[75.85459,16.50864],[75.85431,16.51351],[75.85187,16.51318],[75.85181,16.51361],[75.85323,16.51445],[75.85265,16.51649],[75.85398,16.51691],[75.85389,16.51902],[75.85436,16.51905],[75.85419,16.52113],[75.85314,16.52112],[75.85289,16.52544],[75.85204,16.52738],[75.85191,16.5286],[75.85285,16.52867],[75.85175,16.52947],[75.8519,16.53145],[75.85073,16.53149],[75.85084,16.53648],[75.84884,16.53618],[75.84848,16.53906],[75.85117,16.53835],[75.85135,16.54238],[75.85076,16.54279],[75.85082,16.54447],[75.85333,16.54517],[75.85372,16.54933],[75.85548,16.54977],[75.85352,16.56185],[75.85403,16.56943],[75.8502,16.56943],[75.8508,16.57134],[75.85079,16.57336],[75.85141,16.57356],[75.85129,16.57806],[75.85201,16.57788],[75.85217,16.57879],[75.85288,16.58687],[75.86124,16.58734],[75.86319,16.587],[75.86999,16.58352],[75.87175,16.58211],[75.87283,16.58293],[75.87728,16.58221],[75.87909,16.58301],[75.88222,16.58251],[75.88342,16.58179],[75.88562,16.58384],[75.88769,16.58397],[75.88979,16.58624],[75.89393,16.58677],[75.89373,16.59012],[75.89441,16.59598],[75.89412,16.60057],[75.89498,16.60484],[75.89552,16.61297],[75.90061,16.63073],[75.90052,16.64046],[75.90285,16.64062],[75.90264,16.6448],[75.90179,16.64481],[75.902,16.64762],[75.90448,16.6485],[75.90563,16.64833],[75.90565,16.64591],[75.90797,16.64382],[75.90922,16.64142],[75.90997,16.64148],[75.91282,16.64375],[75.91524,16.6444],[75.91638,16.64303],[75.91826,16.64373],[75.92177,16.64373],[75.92495,16.64246],[75.92523,16.64292],[75.92624,16.64284],[75.92678,16.64255],[75.927,16.64105],[75.93017,16.64136],[75.93046,16.64045],[75.9312,16.64041],[75.93236,16.64077],[75.93283,16.64156],[75.93447,16.64193],[75.93565,16.643],[75.9379,16.64283],[75.93853,16.64378],[75.93944,16.64405],[75.94349,16.6419],[75.94532,16.6416],[75.94867,16.64192],[75.94949,16.64141],[75.95023,16.63983],[75.95255,16.63992],[75.95379,16.63849],[75.95602,16.63897],[75.95904,16.63861],[75.96095,16.63924],[75.96295,16.63889],[75.96356,16.63861],[75.96396,16.63697],[75.9657,16.63701],[75.96634,16.63504],[75.96839,16.63554],[75.97057,16.63402],[75.97132,16.63773],[75.97216,16.63933],[75.97679,16.6392],[75.97645,16.64163],[75.97715,16.64181],[75.9771,16.64255],[75.97623,16.64816],[75.97668,16.65401],[75.97589,16.6571],[75.97604,16.66017],[75.97547,16.66284],[75.97574,16.67223],[75.9749,16.683],[75.97569,16.6868],[75.97906,16.69705],[75.97988,16.70144],[75.98346,16.70204],[75.99267,16.70205],[76.00619,16.70312],[76.00717,16.70876],[76.00923,16.71613],[76.01098,16.71916],[76.01284,16.72471],[76.01333,16.72468],[76.01342,16.72517],[76.01411,16.73248],[76.0028,16.7388],[75.99997,16.7396],[75.99807,16.73929],[75.99513,16.74037],[75.99475,16.7487],[75.99512,16.76234],[75.99953,16.76173],[76.00078,16.76093],[76.00059,16.75983],[76.007,16.75917],[76.01391,16.75914],[76.02571,16.76022],[76.02568,16.76314],[76.03865,16.76194],[76.0503,16.75904]]],[[[76.32036,16.9825],[76.32227,16.98249],[76.32235,16.98044],[76.32015,16.9804],[76.32036,16.9825]]],[[[76.31994,16.97399],[76.31938,16.97444],[76.31988,16.97542],[76.31994,16.97399]]]]}},{"type":"Feature","properties":{"unitId":797,"unitName":"Kolhar PS"},"geometry":{"type":"Polygon","coordinates":[[[75.85288,16.58687],[75.85217,16.57879],[75.85201,16.57788],[75.85129,16.57806],[75.85141,16.57356],[75.85079,16.57336],[75.8508,16.57134],[75.8502,16.56943],[75.85403,16.56943],[75.85352,16.56185],[75.85548,16.54977],[75.85372,16.54933],[75.85333,16.54517],[75.85082,16.54447],[75.85076,16.54279],[75.85135,16.54238],[75.85117,16.53835],[75.84848,16.53906],[75.84884,16.53618],[75.85084,16.53648],[75.85073,16.53149],[75.8519,16.53145],[75.85175,16.52947],[75.85285,16.52867],[75.85191,16.5286],[75.85204,16.52738],[75.85289,16.52544],[75.85314,16.52112],[75.85419,16.52113],[75.85436,16.51905],[75.85389,16.51902],[75.85398,16.51691],[75.85265,16.51649],[75.85323,16.51445],[75.85181,16.51361],[75.85187,16.51318],[75.85431,16.51351],[75.85459,16.50864],[75.85332,16.507],[75.85066,16.50845],[75.83472,16.49934],[75.83583,16.49563],[75.83728,16.49374],[75.83926,16.48741],[75.8424,16.48088],[75.84417,16.47577],[75.84206,16.47581],[75.84023,16.46997],[75.83832,16.46571],[75.83493,16.46082],[75.83621,16.45155],[75.83614,16.43925],[75.82988,16.43853],[75.82936,16.43629],[75.82351,16.42207],[75.82235,16.41748],[75.82212,16.41415],[75.81979,16.41368],[75.80793,16.41319],[75.80503,16.41408],[75.80234,16.41406],[75.80036,16.41484],[75.79818,16.41454],[75.79766,16.41128],[75.7967,16.40885],[75.79423,16.40652],[75.79271,16.40202],[75.78916,16.39775],[75.78721,16.39136],[75.787,16.38845],[75.78601,16.38815],[75.7854,16.38901],[75.78459,16.3885],[75.78448,16.38801],[75.78537,16.38727],[75.78496,16.3838],[75.78235,16.38191],[75.78047,16.37847],[75.78074,16.37799],[75.76896,16.38222],[75.76284,16.38347],[75.71891,16.38964],[75.71379,16.39429],[75.70855,16.40021],[75.70791,16.40296],[75.70603,16.40532],[75.70188,16.4071],[75.68999,16.41072],[75.68474,16.41433],[75.67894,16.41737],[75.68074,16.41971],[75.67696,16.42366],[75.67411,16.42419],[75.67376,16.42439],[75.6741,16.42494],[75.67269,16.42505],[75.67204,16.4247],[75.67171,16.42503],[75.67116,16.42357],[75.66642,16.42696],[75.64273,16.4404],[75.64381,16.44305],[75.64705,16.45738],[75.64795,16.46485],[75.64869,16.46732],[75.65211,16.47328],[75.65283,16.48076],[75.64727,16.48763],[75.64236,16.49474],[75.62949,16.49386],[75.63047,16.49877],[75.63215,16.50336],[75.63501,16.50786],[75.63584,16.50765],[75.63894,16.51291],[75.64063,16.5179],[75.6453,16.51717],[75.64615,16.51877],[75.64601,16.52238],[75.64656,16.52468],[75.64568,16.52863],[75.64304,16.52958],[75.6398,16.5299],[75.64164,16.53692],[75.64532,16.54593],[75.64701,16.55234],[75.64187,16.55225],[75.64256,16.55279],[75.66021,16.55802],[75.66261,16.55726],[75.66442,16.55207],[75.66727,16.54918],[75.67269,16.54697],[75.67531,16.54531],[75.69098,16.53793],[75.6945,16.5419],[75.70232,16.54785],[75.70676,16.55065],[75.71487,16.54343],[75.7144,16.54237],[75.71495,16.5423],[75.71602,16.54056],[75.71594,16.53939],[75.71776,16.5393],[75.71949,16.53782],[75.72012,16.53589],[75.72049,16.53588],[75.72985,16.54572],[75.74234,16.55122],[75.75174,16.5474],[75.76838,16.54446],[75.76944,16.54452],[75.77047,16.54585],[75.78525,16.54901],[75.79102,16.54734],[75.79653,16.54661],[75.79935,16.54354],[75.80267,16.54127],[75.80305,16.5402],[75.8073,16.53873],[75.80881,16.53686],[75.81039,16.5373],[75.81121,16.53818],[75.82094,16.53986],[75.82315,16.54148],[75.82426,16.5455],[75.82433,16.54751],[75.82552,16.5493],[75.82582,16.55374],[75.82883,16.5582],[75.8285,16.56083],[75.82706,16.56399],[75.82618,16.57869],[75.82547,16.58222],[75.82569,16.5837],[75.82936,16.58344],[75.83693,16.58572],[75.83848,16.58544],[75.85288,16.58687]]]}},{"type":"Feature","properties":{"unitId":798,"unitName":"Managoli PS"},"geometry":{"type":"Polygon","coordinates":[[[75.96194,16.77216],[75.9634,16.76614],[75.96388,16.7653],[75.9643,16.76557],[75.9648,16.76364],[75.96333,16.7634],[75.96472,16.76038],[75.96621,16.76041],[75.96648,16.75997],[75.96655,16.75781],[75.97726,16.75789],[75.98245,16.75727],[75.98237,16.75357],[75.98354,16.75303],[75.98246,16.7492],[75.98231,16.7446],[75.9892,16.74282],[75.99479,16.74203],[75.99513,16.74037],[75.99807,16.73929],[75.99997,16.7396],[76.0028,16.7388],[76.01411,16.73248],[76.01333,16.72468],[76.01284,16.72471],[76.01098,16.71916],[76.00923,16.71613],[76.00717,16.70876],[76.00619,16.70312],[75.99267,16.70205],[75.98346,16.70204],[75.97988,16.70144],[75.97906,16.69705],[75.97569,16.6868],[75.9749,16.683],[75.97574,16.67223],[75.97547,16.66284],[75.97604,16.66017],[75.97589,16.6571],[75.97668,16.65401],[75.97623,16.64816],[75.9771,16.64255],[75.97715,16.64181],[75.97645,16.64163],[75.97679,16.6392],[75.97216,16.63933],[75.97132,16.63773],[75.97057,16.63402],[75.96839,16.63554],[75.96634,16.63504],[75.9657,16.63701],[75.96396,16.63697],[75.96356,16.63861],[75.96295,16.63889],[75.96095,16.63924],[75.95904,16.63861],[75.95602,16.63897],[75.95379,16.63849],[75.95255,16.63992],[75.95023,16.63983],[75.94949,16.64141],[75.94867,16.64192],[75.94532,16.6416],[75.94349,16.6419],[75.93944,16.64405],[75.93853,16.64378],[75.9379,16.64283],[75.93565,16.643],[75.93447,16.64193],[75.93283,16.64156],[75.93236,16.64077],[75.9312,16.64041],[75.93046,16.64045],[75.93017,16.64136],[75.927,16.64105],[75.92678,16.64255],[75.92624,16.64284],[75.92523,16.64292],[75.92495,16.64246],[75.92177,16.64373],[75.91826,16.64373],[75.91638,16.64303],[75.91524,16.6444],[75.91282,16.64375],[75.90997,16.64148],[75.90922,16.64142],[75.90797,16.64382],[75.90565,16.64591],[75.90563,16.64833],[75.90448,16.6485],[75.902,16.64762],[75.90179,16.64481],[75.90264,16.6448],[75.90285,16.64062],[75.90052,16.64046],[75.90061,16.63073],[75.89552,16.61297],[75.89498,16.60484],[75.89412,16.60057],[75.89441,16.59598],[75.89373,16.59012],[75.89393,16.58677],[75.88979,16.58624],[75.88769,16.58397],[75.88562,16.58384],[75.88354,16.58179],[75.88155,16.58269],[75.87909,16.58301],[75.87728,16.58221],[75.87283,16.58293],[75.87175,16.58211],[75.86999,16.58352],[75.86319,16.587],[75.85987,16.58746],[75.84441,16.58593],[75.84213,16.58609],[75.83848,16.58544],[75.83714,16.58574],[75.82936,16.58344],[75.82569,16.5837],[75.82547,16.58222],[75.82618,16.57869],[75.82706,16.56399],[75.8285,16.56083],[75.82883,16.5582],[75.82582,16.55374],[75.82552,16.5493],[75.82433,16.54751],[75.82426,16.5455],[75.82315,16.54148],[75.82094,16.53986],[75.81121,16.53818],[75.81039,16.5373],[75.80881,16.53686],[75.8073,16.53873],[75.80305,16.5402],[75.80267,16.54127],[75.79935,16.54354],[75.79653,16.54661],[75.79102,16.54734],[75.78525,16.54901],[75.77047,16.54585],[75.76944,16.54452],[75.76838,16.54446],[75.75174,16.5474],[75.74234,16.55122],[75.72985,16.54572],[75.72049,16.53588],[75.72012,16.53589],[75.71949,16.53782],[75.71776,16.5393],[75.71594,16.53939],[75.71602,16.54056],[75.71495,16.5423],[75.7144,16.54237],[75.71487,16.54343],[75.707,16.55048],[75.70849,16.5517],[75.71381,16.55977],[75.71566,16.56364],[75.71708,16.59647],[75.71772,16.59657],[75.71375,16.62147],[75.71332,16.62971],[75.7149,16.64766],[75.7148,16.65032],[75.7144,16.65067],[75.71468,16.65389],[75.71555,16.65927],[75.71691,16.66379],[75.71746,16.66909],[75.72049,16.66959],[75.72212,16.67046],[75.72214,16.66998],[75.72901,16.66927],[75.73013,16.66972],[75.73146,16.66875],[75.73266,16.66866],[75.73316,16.67011],[75.73269,16.67047],[75.73483,16.66981],[75.73667,16.6708],[75.73631,16.67196],[75.73764,16.67207],[75.73771,16.67246],[75.73785,16.67203],[75.73872,16.67372],[75.73869,16.67521],[75.74056,16.67738],[75.74389,16.67798],[75.74467,16.67914],[75.74274,16.67999],[75.74268,16.68082],[75.74539,16.6819],[75.74719,16.68176],[75.74834,16.68276],[75.75081,16.68231],[75.75171,16.68271],[75.75224,16.68346],[75.75195,16.68642],[75.75532,16.68841],[75.75626,16.68954],[75.75539,16.69021],[75.75561,16.69061],[75.75789,16.69143],[75.76206,16.69611],[75.76246,16.69752],[75.76174,16.7004],[75.76377,16.70207],[75.76418,16.70317],[75.76272,16.7038],[75.76377,16.70513],[75.76375,16.70462],[75.76502,16.704],[75.76574,16.70413],[75.7662,16.70518],[75.7659,16.70613],[75.76376,16.70864],[75.76558,16.71123],[75.7657,16.71242],[75.76629,16.7123],[75.76736,16.71299],[75.77148,16.71351],[75.77766,16.71295],[75.78803,16.71383],[75.79022,16.71345],[75.7923,16.71412],[75.79408,16.71399],[75.79482,16.71345],[75.79598,16.71388],[75.79683,16.71335],[75.80117,16.71332],[75.8068,16.71168],[75.81587,16.71218],[75.83592,16.71201],[75.84979,16.71076],[75.84873,16.71446],[75.84967,16.71413],[75.85001,16.71472],[75.84886,16.71634],[75.84989,16.71937],[75.84948,16.72096],[75.85014,16.72083],[75.85002,16.72226],[75.84952,16.72225],[75.84935,16.72314],[75.85009,16.72322],[75.8498,16.73015],[75.8524,16.73775],[75.85185,16.73982],[75.85031,16.74119],[75.85022,16.74174],[75.85077,16.74179],[75.85125,16.74301],[75.84947,16.7448],[75.84903,16.74587],[75.84915,16.7473],[75.84799,16.74706],[75.8452,16.74853],[75.84659,16.74982],[75.84713,16.75343],[75.8509,16.75675],[75.85272,16.76051],[75.85203,16.76119],[75.85418,16.76601],[75.85703,16.76633],[75.86062,16.7657],[75.86693,16.76609],[75.8695,16.76629],[75.86995,16.76709],[75.87456,16.76663],[75.87492,16.77054],[75.87812,16.76949],[75.87868,16.77203],[75.88143,16.77226],[75.88344,16.77182],[75.8836,16.77112],[75.89179,16.7681],[75.89315,16.76712],[75.89441,16.76406],[75.89634,16.76325],[75.89812,16.76182],[75.90778,16.75907],[75.90767,16.75833],[75.90944,16.75749],[75.91256,16.75834],[75.91384,16.75817],[75.91662,16.77153],[75.92476,16.7697],[75.92938,16.76959],[75.94217,16.77045],[75.94714,16.76929],[75.94715,16.7696],[75.94905,16.76945],[75.95296,16.7701],[75.96194,16.77216]]]}},{"type":"Feature","properties":{"unitId":799,"unitName":"Nidagundi PS"},"geometry":{"type":"Polygon","coordinates":[[[75.9643,16.47204],[75.96704,16.46282],[75.97012,16.4623],[75.97164,16.46362],[75.97665,16.46312],[75.9776,16.45187],[75.97853,16.45026],[75.97909,16.44762],[75.9886,16.44519],[75.99608,16.44468],[76.00672,16.44671],[76.00613,16.44814],[76.0064,16.45036],[76.00607,16.4512],[76.00829,16.45225],[76.01375,16.45354],[76.01587,16.45158],[76.03294,16.44078],[76.0319,16.43772],[76.03216,16.43641],[76.03126,16.43505],[76.02851,16.43271],[76.0279,16.43101],[76.02714,16.43114],[76.02679,16.43035],[76.02476,16.42954],[76.0215,16.42062],[76.01965,16.41762],[76.02149,16.41713],[76.02186,16.41653],[76.0218,16.41556],[76.02018,16.41427],[76.01946,16.41244],[76.01868,16.41206],[76.01847,16.41137],[76.01917,16.40399],[76.01808,16.40239],[76.01643,16.40136],[76.01332,16.39125],[76.01093,16.38832],[76.01248,16.3859],[76.01314,16.38328],[76.01213,16.38239],[76.01052,16.38246],[76.0083,16.38069],[76.00275,16.37847],[76.00104,16.3758],[75.99928,16.3707],[75.9962,16.36574],[75.99565,16.36014],[75.99601,16.35536],[75.99572,16.35385],[75.9916,16.34886],[75.99099,16.34752],[75.99046,16.34183],[75.98964,16.33942],[75.97395,16.34302],[75.97084,16.34299],[75.9703,16.34469],[75.97039,16.34658],[75.97139,16.34697],[75.97158,16.34802],[75.9735,16.35112],[75.97416,16.35472],[75.97139,16.35509],[75.97086,16.36239],[75.96131,16.36281],[75.95751,16.3461],[75.9492,16.34642],[75.94993,16.34571],[75.9485,16.34272],[75.9474,16.34304],[75.94416,16.34264],[75.94211,16.34065],[75.94039,16.33986],[75.9377,16.33902],[75.93299,16.33851],[75.93295,16.33779],[75.9321,16.33783],[75.93183,16.34059],[75.92559,16.34102],[75.92579,16.34241],[75.92227,16.342],[75.92218,16.34276],[75.92156,16.34272],[75.91816,16.34177],[75.91502,16.34004],[75.91488,16.33297],[75.91264,16.32187],[75.90494,16.32304],[75.89822,16.32465],[75.8913,16.32894],[75.91081,16.35009],[75.90802,16.35072],[75.90545,16.35192],[75.90158,16.35172],[75.90148,16.35835],[75.90025,16.35791],[75.90012,16.35947],[75.89814,16.35915],[75.89402,16.36063],[75.88992,16.36432],[75.88227,16.36458],[75.88042,16.36057],[75.87882,16.35551],[75.8781,16.35567],[75.87777,16.35448],[75.87837,16.35434],[75.87849,16.35212],[75.87723,16.34619],[75.87466,16.34294],[75.86986,16.34588],[75.86262,16.34703],[75.85289,16.3474],[75.84185,16.3485],[75.83738,16.35001],[75.83555,16.35158],[75.83028,16.35901],[75.82756,16.36142],[75.81306,16.37043],[75.81265,16.36963],[75.81002,16.37022],[75.80203,16.37058],[75.79579,16.37172],[75.78427,16.37691],[75.78074,16.37799],[75.78047,16.37847],[75.78235,16.38191],[75.78496,16.3838],[75.78537,16.38727],[75.78448,16.38801],[75.78459,16.3885],[75.7854,16.38901],[75.78601,16.38815],[75.787,16.38845],[75.78721,16.39136],[75.78916,16.39775],[75.79271,16.40202],[75.79423,16.40652],[75.7967,16.40885],[75.79766,16.41128],[75.79818,16.41454],[75.80036,16.41484],[75.80234,16.41406],[75.80503,16.41408],[75.80793,16.41319],[75.81979,16.41368],[75.82212,16.41415],[75.82235,16.41748],[75.82351,16.42207],[75.82936,16.43629],[75.82988,16.43853],[75.83614,16.43925],[75.83621,16.45155],[75.83493,16.46082],[75.83832,16.46571],[75.84023,16.46997],[75.84206,16.47581],[75.84515,16.47576],[75.85587,16.47417],[75.86043,16.4726],[75.86069,16.47284],[75.8684,16.46978],[75.87082,16.46843],[75.87002,16.46361],[75.87498,16.46206],[75.88909,16.46592],[75.88928,16.46979],[75.89467,16.47076],[75.90084,16.47103],[75.90241,16.44992],[75.90491,16.45031],[75.91503,16.45348],[75.9308,16.4555],[75.94025,16.46175],[75.945,16.46355],[75.94756,16.46608],[75.9522,16.47217],[75.95419,16.47619],[75.95564,16.48234],[75.9634,16.47669],[75.9643,16.47204]]]}},{"type":"Feature","properties":{"unitId":800,"unitName":"Muddebihal PS"},"geometry":{"type":"Polygon","coordinates":[[[76.12518,16.49469],[76.12585,16.49454],[76.12661,16.49613],[76.12794,16.49604],[76.1294,16.49437],[76.12956,16.49297],[76.13069,16.49232],[76.13399,16.49208],[76.13556,16.49006],[76.13858,16.48913],[76.13979,16.48832],[76.14202,16.48443],[76.14663,16.48197],[76.14545,16.4779],[76.14076,16.46922],[76.13572,16.46301],[76.13227,16.45769],[76.13057,16.45163],[76.137,16.44988],[76.14303,16.44911],[76.15695,16.44891],[76.15548,16.44191],[76.15427,16.42763],[76.15124,16.41076],[76.15161,16.40876],[76.15246,16.40793],[76.15078,16.40647],[76.15017,16.40514],[76.14794,16.40466],[76.14682,16.40383],[76.14725,16.4001],[76.15225,16.39919],[76.15469,16.39965],[76.1635,16.39952],[76.16293,16.40452],[76.16643,16.40499],[76.18496,16.40327],[76.19056,16.40235],[76.19301,16.40091],[76.19353,16.40108],[76.19298,16.40041],[76.19113,16.4001],[76.18887,16.3986],[76.18975,16.39156],[76.19003,16.3823],[76.19848,16.38249],[76.19829,16.37085],[76.19762,16.36661],[76.19766,16.35562],[76.19664,16.3471],[76.20087,16.34647],[76.21661,16.34577],[76.22423,16.34444],[76.22525,16.34594],[76.22661,16.34474],[76.22857,16.34413],[76.22547,16.32711],[76.24329,16.32475],[76.24336,16.3204],[76.24723,16.32076],[76.25177,16.32185],[76.25189,16.32234],[76.2659,16.32271],[76.27202,16.32336],[76.27204,16.32052],[76.27356,16.31587],[76.27371,16.30947],[76.28085,16.31106],[76.28533,16.31106],[76.28885,16.30946],[76.29985,16.30746],[76.29861,16.29909],[76.29977,16.28319],[76.30462,16.28415],[76.31037,16.28628],[76.31836,16.28705],[76.32051,16.2867],[76.32059,16.28253],[76.33105,16.28019],[76.33929,16.27954],[76.34176,16.27836],[76.34122,16.27731],[76.34785,16.27744],[76.34749,16.27667],[76.34741,16.27053],[76.3487,16.26443],[76.34852,16.25948],[76.34791,16.25655],[76.34538,16.24966],[76.34752,16.24785],[76.3479,16.24427],[76.34966,16.24159],[76.34978,16.23877],[76.35052,16.23756],[76.34967,16.23711],[76.35015,16.23628],[76.35256,16.23461],[76.35076,16.22666],[76.34696,16.2229],[76.34732,16.21868],[76.34672,16.21561],[76.34469,16.2106],[76.34331,16.20938],[76.3418,16.20648],[76.33896,16.20294],[76.33627,16.20195],[76.33601,16.20104],[76.33009,16.19352],[76.33321,16.19194],[76.32711,16.18933],[76.31877,16.18659],[76.31859,16.18705],[76.3178,16.18664],[76.31806,16.18606],[76.31701,16.18521],[76.31686,16.18561],[76.31501,16.18466],[76.30763,16.18319],[76.30342,16.18815],[76.29713,16.18537],[76.29369,16.18062],[76.29159,16.17539],[76.29067,16.17287],[76.29249,16.1724],[76.29019,16.16645],[76.28596,16.16064],[76.28485,16.16143],[76.27975,16.15269],[76.28222,16.15105],[76.27202,16.15092],[76.27129,16.14951],[76.27123,16.14999],[76.26916,16.15035],[76.26545,16.15304],[76.26235,16.15472],[76.26218,16.15445],[76.25809,16.15713],[76.25739,16.15737],[76.25728,16.15697],[76.25367,16.15878],[76.25321,16.15832],[76.25254,16.15907],[76.25067,16.1597],[76.24731,16.16057],[76.2472,16.16018],[76.24668,16.16049],[76.24666,16.16116],[76.24576,16.16151],[76.23848,16.16348],[76.23951,16.16478],[76.22132,16.17127],[76.20161,16.17675],[76.1754,16.18296],[76.15605,16.18481],[76.15133,16.18424],[76.14224,16.18036],[76.14083,16.18025],[76.13679,16.18081],[76.13367,16.18217],[76.12584,16.18793],[76.11496,16.1892],[76.11117,16.18901],[76.10659,16.18946],[76.10348,16.19104],[76.09863,16.19652],[76.09494,16.19979],[76.08104,16.20644],[76.07507,16.20765],[76.07106,16.20906],[76.06243,16.21572],[76.06023,16.22172],[76.05977,16.22645],[76.06097,16.23435],[76.06152,16.236],[76.06657,16.24156],[76.06866,16.24468],[76.07006,16.25221],[76.06977,16.25586],[76.06728,16.25986],[76.06563,16.2611],[76.06441,16.26316],[76.0565,16.27142],[76.0539,16.27365],[76.04272,16.28028],[76.03844,16.28379],[76.03564,16.28536],[76.03351,16.28747],[76.02964,16.29683],[76.0268,16.30002],[76.02512,16.30087],[76.01315,16.30352],[76.01242,16.30204],[76.00834,16.30247],[76.00737,16.30397],[76.00224,16.30362],[75.99963,16.30249],[75.99813,16.3012],[75.99506,16.30002],[75.99037,16.29929],[75.98461,16.30069],[75.97359,16.29993],[75.96586,16.29874],[75.95744,16.29677],[75.95184,16.29846],[75.94087,16.30808],[75.93408,16.31175],[75.92539,16.31537],[75.92407,16.31768],[75.91264,16.32187],[75.91488,16.33297],[75.91502,16.34004],[75.92043,16.34252],[75.92218,16.34276],[75.92227,16.342],[75.92579,16.34241],[75.92559,16.34102],[75.93183,16.34059],[75.9321,16.33783],[75.93295,16.33779],[75.93299,16.33851],[75.9377,16.33902],[75.94039,16.33986],[75.94211,16.34065],[75.94416,16.34264],[75.9474,16.34304],[75.9485,16.34272],[75.94993,16.34571],[75.9492,16.34642],[75.95751,16.3461],[75.96131,16.36281],[75.97086,16.36239],[75.97139,16.35509],[75.97416,16.35472],[75.9735,16.35112],[75.97158,16.34802],[75.97139,16.34697],[75.97039,16.34658],[75.9703,16.34469],[75.97084,16.34299],[75.97395,16.34302],[75.98964,16.33942],[75.99046,16.34183],[75.99099,16.34752],[75.9916,16.34886],[75.99572,16.35385],[75.99601,16.35536],[75.99565,16.36014],[75.9962,16.36574],[75.99928,16.3707],[76.00104,16.3758],[76.00275,16.37847],[76.0083,16.38069],[76.01052,16.38246],[76.01213,16.38239],[76.01314,16.38328],[76.01248,16.3859],[76.01093,16.38832],[76.01332,16.39125],[76.01643,16.40136],[76.01808,16.40239],[76.01917,16.40399],[76.01847,16.41137],[76.01868,16.41206],[76.01946,16.41244],[76.02018,16.41427],[76.0218,16.41556],[76.02186,16.41653],[76.02149,16.41713],[76.01965,16.41762],[76.0215,16.42062],[76.02377,16.42752],[76.02476,16.42954],[76.02679,16.43035],[76.02714,16.43114],[76.02818,16.43126],[76.02851,16.43271],[76.03126,16.43505],[76.03216,16.43641],[76.03198,16.43813],[76.03284,16.4399],[76.03318,16.44213],[76.03434,16.44368],[76.03609,16.44956],[76.04295,16.46013],[76.04745,16.46488],[76.04988,16.46848],[76.05022,16.46978],[76.05398,16.47],[76.05503,16.47321],[76.06308,16.47253],[76.06546,16.47194],[76.07201,16.47383],[76.07773,16.47623],[76.08023,16.47666],[76.08052,16.47555],[76.08241,16.47976],[76.08283,16.4824],[76.08911,16.48112],[76.09791,16.48096],[76.10363,16.48025],[76.10641,16.48411],[76.10778,16.48492],[76.10837,16.48616],[76.11039,16.48823],[76.11593,16.49147],[76.11606,16.4926],[76.1173,16.49341],[76.12059,16.49726],[76.12121,16.4975],[76.12399,16.49632],[76.12518,16.49469]]]}},{"type":"Feature","properties":{"unitId":801,"unitName":"Talikot PS"},"geometry":{"type":"Polygon","coordinates":[[[76.30603,16.61789],[76.30659,16.60938],[76.30611,16.59918],[76.30955,16.59803],[76.3112,16.5962],[76.31269,16.59567],[76.31358,16.59556],[76.31463,16.59635],[76.31862,16.59448],[76.31955,16.59488],[76.32237,16.59481],[76.32521,16.59318],[76.33001,16.59324],[76.33078,16.58647],[76.344,16.5868],[76.35366,16.58639],[76.36066,16.58463],[76.3789,16.58424],[76.38686,16.58306],[76.39535,16.58049],[76.39725,16.58599],[76.40326,16.58736],[76.40821,16.58934],[76.4162,16.59003],[76.41837,16.58481],[76.41897,16.57978],[76.41988,16.58005],[76.42148,16.57389],[76.42308,16.57356],[76.42237,16.56815],[76.42403,16.56771],[76.42309,16.56508],[76.42253,16.55982],[76.42167,16.55972],[76.42275,16.55096],[76.42363,16.55025],[76.42401,16.5487],[76.4237,16.5475],[76.4271,16.54037],[76.42866,16.53175],[76.42937,16.53131],[76.43042,16.52757],[76.43078,16.52756],[76.43281,16.52034],[76.43336,16.51994],[76.43344,16.51895],[76.43418,16.51876],[76.43349,16.50973],[76.43263,16.50473],[76.43144,16.50292],[76.43096,16.50287],[76.42981,16.4984],[76.43066,16.48609],[76.43075,16.4739],[76.43172,16.4684],[76.43246,16.44862],[76.43508,16.43639],[76.43504,16.43576],[76.42543,16.43487],[76.42005,16.43388],[76.40377,16.43271],[76.40308,16.43278],[76.40328,16.43426],[76.39443,16.43557],[76.39109,16.43693],[76.39005,16.43779],[76.38787,16.43432],[76.3848,16.42574],[76.37598,16.42408],[76.374,16.4248],[76.36876,16.42445],[76.35831,16.42238],[76.35456,16.42228],[76.35331,16.42415],[76.35028,16.42708],[76.332,16.42718],[76.33137,16.42522],[76.33291,16.42041],[76.33337,16.41668],[76.33265,16.41408],[76.3309,16.41175],[76.33049,16.40968],[76.33155,16.40766],[76.33283,16.40689],[76.3366,16.4067],[76.33698,16.40552],[76.33603,16.40201],[76.33205,16.39689],[76.3289,16.39737],[76.3229,16.39593],[76.32155,16.39739],[76.32027,16.39762],[76.31698,16.39456],[76.31605,16.39496],[76.31587,16.39595],[76.31481,16.39682],[76.31366,16.39721],[76.31224,16.39594],[76.31107,16.39626],[76.31079,16.39706],[76.3096,16.39717],[76.3097,16.39619],[76.30756,16.39114],[76.30463,16.38042],[76.30456,16.37805],[76.3079,16.37079],[76.30972,16.36177],[76.31126,16.36178],[76.31372,16.35541],[76.31413,16.35381],[76.31411,16.34594],[76.30913,16.34536],[76.30783,16.3459],[76.30556,16.3459],[76.30511,16.34481],[76.30566,16.34267],[76.30327,16.34066],[76.30039,16.33848],[76.29933,16.33849],[76.29864,16.33769],[76.29194,16.33497],[76.2914,16.33162],[76.29227,16.32797],[76.29229,16.32541],[76.29502,16.32446],[76.29479,16.32226],[76.29533,16.32231],[76.2954,16.32172],[76.29509,16.32039],[76.29668,16.32051],[76.29697,16.31947],[76.30027,16.3185],[76.30098,16.3184],[76.30132,16.31928],[76.30274,16.31896],[76.30272,16.31668],[76.30146,16.31134],[76.29985,16.30746],[76.28885,16.30946],[76.28533,16.31106],[76.28085,16.31106],[76.27371,16.30947],[76.27356,16.31587],[76.27204,16.32052],[76.27202,16.32336],[76.2659,16.32271],[76.25189,16.32234],[76.25177,16.32185],[76.24723,16.32076],[76.24336,16.3204],[76.24329,16.32475],[76.22547,16.32711],[76.22857,16.34413],[76.22661,16.34474],[76.22525,16.34594],[76.22423,16.34444],[76.21661,16.34577],[76.20087,16.34647],[76.19664,16.3471],[76.19766,16.35562],[76.19762,16.36661],[76.19829,16.37085],[76.19848,16.38249],[76.19003,16.3823],[76.18975,16.39156],[76.18887,16.3986],[76.19113,16.4001],[76.19298,16.40041],[76.19353,16.40108],[76.19301,16.40091],[76.19056,16.40235],[76.18496,16.40327],[76.16643,16.40499],[76.16293,16.40452],[76.1635,16.39952],[76.15469,16.39965],[76.15225,16.39919],[76.14725,16.4001],[76.14682,16.40383],[76.14794,16.40466],[76.15017,16.40514],[76.15078,16.40647],[76.15246,16.40793],[76.15161,16.40876],[76.15124,16.41076],[76.15427,16.42763],[76.15548,16.44191],[76.15695,16.44891],[76.14303,16.44911],[76.137,16.44988],[76.13057,16.45163],[76.13227,16.45769],[76.13572,16.46301],[76.14076,16.46922],[76.14545,16.4779],[76.14663,16.48197],[76.14202,16.48443],[76.13979,16.48832],[76.13858,16.48913],[76.13556,16.49006],[76.13399,16.49208],[76.13069,16.49232],[76.12956,16.49297],[76.1294,16.49437],[76.12856,16.49566],[76.12709,16.49635],[76.12625,16.49588],[76.12585,16.49454],[76.12518,16.49469],[76.12399,16.49632],[76.12121,16.49719],[76.12121,16.49759],[76.12192,16.49861],[76.12538,16.5094],[76.12931,16.51672],[76.13292,16.53174],[76.13359,16.53198],[76.13383,16.53267],[76.13742,16.54515],[76.13751,16.54555],[76.13541,16.54676],[76.1367,16.55073],[76.13673,16.56026],[76.14629,16.56028],[76.14872,16.55978],[76.15324,16.55845],[76.16292,16.55331],[76.16728,16.55218],[76.17528,16.5512],[76.17978,16.55129],[76.19093,16.54904],[76.19584,16.54849],[76.19606,16.54885],[76.19894,16.54809],[76.20074,16.54835],[76.20441,16.55632],[76.20689,16.56057],[76.21145,16.57269],[76.21407,16.58437],[76.22261,16.58296],[76.22344,16.58383],[76.22428,16.58387],[76.2444,16.58162],[76.25755,16.58207],[76.26812,16.58078],[76.26846,16.58128],[76.26808,16.58231],[76.26577,16.5829],[76.26405,16.58493],[76.26345,16.58609],[76.26336,16.58883],[76.26462,16.58971],[76.26654,16.58837],[76.26792,16.5881],[76.26892,16.58925],[76.27029,16.58977],[76.26946,16.59121],[76.27072,16.59204],[76.2718,16.59633],[76.26567,16.59574],[76.26601,16.59696],[76.26866,16.59855],[76.2691,16.59929],[76.269,16.60044],[76.26712,16.6011],[76.2653,16.60105],[76.26553,16.60239],[76.262,16.60228],[76.26203,16.61117],[76.2624,16.61039],[76.26546,16.61479],[76.28136,16.61322],[76.2913,16.61341],[76.29429,16.61485],[76.29435,16.6154],[76.29574,16.61613],[76.29938,16.61631],[76.30076,16.617],[76.30281,16.61714],[76.30321,16.61764],[76.30603,16.61789]]]}},{"type":"Feature","properties":{"unitId":802,"unitName":"Babaleshwar PS"},"geometry":{"type":"Polygon","coordinates":[[[75.60734,16.76418],[75.60805,16.76425],[75.60876,16.7633],[75.60892,16.76097],[75.60949,16.76102],[75.60979,16.76035],[75.61082,16.75155],[75.61157,16.75005],[75.61386,16.74808],[75.62252,16.74891],[75.63624,16.75142],[75.6549,16.7536],[75.66458,16.75374],[75.66941,16.7515],[75.6663,16.74403],[75.67506,16.74151],[75.67593,16.74484],[75.68202,16.74433],[75.68122,16.74027],[75.6938,16.739],[75.69278,16.73053],[75.68947,16.72537],[75.68867,16.71766],[75.68891,16.71317],[75.69023,16.71147],[75.68982,16.70997],[75.69012,16.707],[75.69155,16.70576],[75.69161,16.70489],[75.69214,16.70497],[75.69289,16.6979],[75.70143,16.69873],[75.71198,16.70126],[75.71206,16.70342],[75.72389,16.70731],[75.7547,16.70718],[75.76549,16.70663],[75.76621,16.7056],[75.76567,16.70407],[75.76375,16.70462],[75.76377,16.70513],[75.76276,16.70387],[75.76418,16.70317],[75.76377,16.70207],[75.76174,16.7004],[75.76246,16.69752],[75.76206,16.69611],[75.75789,16.69143],[75.75561,16.69061],[75.75539,16.69021],[75.75626,16.68954],[75.75532,16.68841],[75.75195,16.68642],[75.75221,16.68329],[75.75081,16.68231],[75.74834,16.68276],[75.74719,16.68176],[75.74539,16.6819],[75.74268,16.68082],[75.74274,16.67999],[75.74467,16.67914],[75.74336,16.67763],[75.7411,16.67767],[75.74017,16.67703],[75.73869,16.67521],[75.73872,16.67372],[75.73785,16.67203],[75.73771,16.67246],[75.73764,16.67207],[75.73631,16.67196],[75.73667,16.6708],[75.73483,16.66981],[75.73269,16.67047],[75.73316,16.67011],[75.73266,16.66866],[75.73146,16.66875],[75.73013,16.66972],[75.72901,16.66927],[75.72214,16.66998],[75.72212,16.67046],[75.72049,16.66959],[75.71746,16.66909],[75.71691,16.66379],[75.71555,16.65927],[75.71468,16.65389],[75.7144,16.65067],[75.7148,16.65032],[75.7149,16.64766],[75.71332,16.62971],[75.71375,16.62147],[75.71772,16.59657],[75.71708,16.59647],[75.71566,16.56364],[75.71381,16.55977],[75.70849,16.5517],[75.69766,16.54439],[75.6945,16.5419],[75.69098,16.53793],[75.67531,16.54531],[75.67269,16.54697],[75.66727,16.54918],[75.66442,16.55207],[75.66261,16.55726],[75.66021,16.55802],[75.64256,16.55279],[75.64187,16.55225],[75.64701,16.55234],[75.64532,16.54593],[75.64164,16.53692],[75.6398,16.5299],[75.64304,16.52958],[75.64568,16.52863],[75.64656,16.52468],[75.64601,16.52238],[75.64615,16.51877],[75.6453,16.51717],[75.64063,16.5179],[75.63894,16.51291],[75.63584,16.50765],[75.63501,16.50786],[75.63215,16.50336],[75.63047,16.49877],[75.62949,16.49386],[75.64236,16.49474],[75.64727,16.48763],[75.65283,16.48076],[75.65211,16.47328],[75.64869,16.46732],[75.64795,16.46485],[75.64705,16.45738],[75.64345,16.44219],[75.63278,16.44647],[75.62338,16.448],[75.61571,16.44814],[75.61629,16.44695],[75.60434,16.44782],[75.60135,16.44759],[75.58902,16.43811],[75.58503,16.43419],[75.57888,16.42329],[75.57684,16.41519],[75.57553,16.41314],[75.57319,16.41183],[75.56632,16.41282],[75.5635,16.41436],[75.56085,16.41819],[75.55673,16.42677],[75.55549,16.42616],[75.55525,16.42661],[75.55398,16.43115],[75.55457,16.43172],[75.5524,16.44375],[75.55254,16.44556],[75.55382,16.44795],[75.55386,16.44937],[75.55191,16.4554],[75.55039,16.45792],[75.54779,16.46143],[75.54467,16.46395],[75.54219,16.46507],[75.53884,16.46615],[75.53048,16.46607],[75.52041,16.46247],[75.50927,16.45737],[75.49944,16.45409],[75.49712,16.45049],[75.49648,16.44693],[75.49659,16.44393],[75.49891,16.43477],[75.49882,16.43192],[75.49448,16.42318],[75.49129,16.42047],[75.48383,16.41655],[75.48094,16.41611],[75.47589,16.41625],[75.47008,16.41805],[75.46232,16.41789],[75.46103,16.41513],[75.45802,16.41366],[75.45206,16.41355],[75.44996,16.41407],[75.44575,16.41684],[75.43818,16.42408],[75.43414,16.42873],[75.43272,16.43371],[75.43314,16.43941],[75.43392,16.44071],[75.44219,16.44856],[75.44331,16.44745],[75.45318,16.45794],[75.46324,16.47008],[75.46415,16.47014],[75.46525,16.47258],[75.46557,16.47545],[75.46515,16.47819],[75.46395,16.48059],[75.46221,16.48237],[75.4606,16.48622],[75.4583,16.50064],[75.45743,16.50351],[75.45623,16.50507],[75.45633,16.50571],[75.46249,16.50666],[75.47345,16.50742],[75.48518,16.50722],[75.4889,16.51986],[75.49017,16.52004],[75.49046,16.52382],[75.49086,16.52385],[75.49076,16.52916],[75.48893,16.5296],[75.48876,16.54833],[75.48816,16.55487],[75.48429,16.5548],[75.48426,16.55698],[75.47944,16.55713],[75.48088,16.56086],[75.47226,16.56366],[75.47305,16.56663],[75.47561,16.56694],[75.47951,16.56843],[75.48413,16.57243],[75.48583,16.57531],[75.48575,16.57747],[75.485,16.57932],[75.48549,16.58061],[75.49199,16.58483],[75.49295,16.59068],[75.49357,16.59177],[75.49283,16.59186],[75.49321,16.59313],[75.49219,16.59533],[75.49131,16.59948],[75.48504,16.60632],[75.48343,16.60662],[75.47947,16.60984],[75.47437,16.61166],[75.46178,16.6221],[75.46226,16.62598],[75.46113,16.63524],[75.45759,16.64565],[75.45604,16.65343],[75.45558,16.65403],[75.45435,16.66254],[75.45457,16.66429],[75.45191,16.66542],[75.4475,16.66538],[75.43758,16.6978],[75.44252,16.6995],[75.44538,16.69978],[75.44898,16.69925],[75.46313,16.6995],[75.47299,16.69719],[75.47908,16.69653],[75.48809,16.6947],[75.49204,16.72727],[75.49237,16.7454],[75.49202,16.74548],[75.49239,16.74603],[75.50277,16.74691],[75.51044,16.74692],[75.51054,16.74539],[75.51169,16.74539],[75.51183,16.74746],[75.51335,16.74743],[75.51468,16.74807],[75.51581,16.74736],[75.51614,16.74824],[75.51687,16.74815],[75.51696,16.7491],[75.5187,16.74834],[75.51958,16.74908],[75.52052,16.74854],[75.52401,16.74972],[75.52552,16.74904],[75.53009,16.74954],[75.53172,16.75106],[75.53298,16.75137],[75.53563,16.75414],[75.53728,16.75407],[75.53819,16.75702],[75.54091,16.75581],[75.54336,16.75697],[75.54394,16.75674],[75.54368,16.75505],[75.54436,16.75488],[75.54551,16.75602],[75.54577,16.75545],[75.54646,16.75552],[75.54683,16.75736],[75.54866,16.75758],[75.54841,16.75838],[75.54942,16.75996],[75.55004,16.75889],[75.55129,16.75853],[75.55242,16.76004],[75.5542,16.75939],[75.55365,16.7573],[75.55488,16.75545],[75.55706,16.7547],[75.55897,16.75588],[75.55909,16.7544],[75.55796,16.75113],[75.55869,16.75048],[75.56096,16.75009],[75.56194,16.75051],[75.56213,16.75219],[75.563,16.75207],[75.56382,16.7518],[75.56361,16.75094],[75.56507,16.74942],[75.5661,16.74897],[75.56872,16.74905],[75.56984,16.74796],[75.57069,16.75053],[75.57281,16.74953],[75.57212,16.7451],[75.57681,16.74469],[75.57807,16.74599],[75.57828,16.74693],[75.58105,16.74589],[75.57875,16.74493],[75.58049,16.74432],[75.58203,16.742],[75.58427,16.74217],[75.58568,16.74132],[75.58574,16.74174],[75.58759,16.74152],[75.58906,16.74253],[75.58878,16.74369],[75.58928,16.7456],[75.58874,16.74593],[75.58864,16.74718],[75.59144,16.7694],[75.5968,16.77043],[75.60337,16.7725],[75.60514,16.77088],[75.60477,16.76892],[75.6053,16.76637],[75.60723,16.76545],[75.60734,16.76418]]]}},{"type":"Feature","properties":{"unitId":803,"unitName":"Bijapur Rural PS"},"geometry":{"type":"Polygon","coordinates":[[[75.74269,17.06972],[75.74319,17.06851],[75.74536,17.06861],[75.74924,17.06786],[75.75046,17.06884],[75.75073,17.07035],[75.75184,17.07039],[75.75267,17.069],[75.75508,17.07066],[75.75838,17.07204],[75.7605,17.07169],[75.76219,17.07035],[75.76582,17.0696],[75.76577,17.05469],[75.7662,17.05179],[75.76559,17.04793],[75.76643,17.03995],[75.76655,17.03185],[75.76576,17.02541],[75.77625,17.02279],[75.77949,17.02305],[75.79607,17.01421],[75.79586,17.01273],[75.79773,17.01057],[75.79799,17.00843],[75.79744,17.00617],[75.79825,17.00111],[75.80956,17.00394],[75.8197,17.00277],[75.83251,17.00264],[75.83512,16.99648],[75.83465,16.99384],[75.83526,16.98859],[75.83498,16.98329],[75.83362,16.97623],[75.83731,16.97487],[75.84085,16.97091],[75.84313,16.97014],[75.84642,16.97151],[75.84867,16.97167],[75.85338,16.97474],[75.85608,16.97723],[75.86065,16.97788],[75.86092,16.97722],[75.86009,16.97654],[75.86023,16.97528],[75.86228,16.97426],[75.86285,16.97321],[75.86253,16.97128],[75.86036,16.97052],[75.85949,16.96959],[75.86008,16.96523],[75.85939,16.96266],[75.86004,16.95953],[75.86758,16.95699],[75.87452,16.95644],[75.87932,16.95711],[75.8832,16.95824],[75.8856,16.95248],[75.88718,16.94647],[75.88816,16.94655],[75.88918,16.94594],[75.89059,16.94837],[75.89406,16.94837],[75.89754,16.95002],[75.89863,16.95177],[75.90076,16.9525],[75.90079,16.95412],[75.90134,16.95473],[75.90248,16.95461],[75.90397,16.95363],[75.90562,16.95361],[75.90577,16.95467],[75.90828,16.95676],[75.90763,16.95968],[75.90498,16.96678],[75.9036,16.97598],[75.90242,16.97928],[75.90684,16.97965],[75.91105,16.97651],[75.91367,16.97726],[75.91582,16.97724],[75.91884,16.97397],[75.92258,16.97257],[75.92491,16.97251],[75.92848,16.96899],[75.92792,16.9683],[75.9255,16.96745],[75.92475,16.96658],[75.92398,16.96433],[75.92278,16.96271],[75.92224,16.96064],[75.92407,16.95914],[75.92668,16.95125],[75.93123,16.94277],[75.93179,16.93492],[75.93088,16.93253],[75.93503,16.93225],[75.94716,16.93293],[75.95272,16.9338],[75.95492,16.92306],[75.95533,16.91882],[75.98198,16.92339],[75.99586,16.92174],[75.99675,16.92075],[76.00144,16.91152],[76.00247,16.90603],[76.00125,16.89855],[76.00096,16.89306],[75.99938,16.88562],[75.99712,16.87734],[75.99477,16.87302],[75.99848,16.86897],[76.00095,16.86801],[76.00122,16.86899],[76.00235,16.86778],[76.00365,16.86724],[76.00414,16.86615],[76.00553,16.86507],[76.01453,16.86082],[76.01675,16.85871],[76.01751,16.85887],[76.01891,16.85738],[76.026,16.85444],[76.02507,16.85175],[76.02169,16.85019],[76.01954,16.84974],[76.01932,16.84922],[76.02048,16.84589],[76.019,16.84303],[76.01879,16.84037],[76.01998,16.83748],[76.02056,16.83402],[76.01933,16.82504],[76.01753,16.82397],[76.01739,16.82251],[76.0151,16.82136],[76.0139,16.81988],[76.01225,16.81907],[76.0114,16.8175],[76.00981,16.81665],[76.00081,16.80896],[75.99846,16.802],[75.99899,16.79532],[75.99878,16.79101],[75.99701,16.78085],[75.99601,16.76895],[75.99531,16.76915],[75.99507,16.76686],[75.99479,16.74203],[75.9892,16.74282],[75.98231,16.7446],[75.98246,16.7492],[75.98354,16.75303],[75.98237,16.75357],[75.98245,16.75727],[75.97726,16.75789],[75.96655,16.75781],[75.96648,16.75997],[75.96621,16.76041],[75.96472,16.76038],[75.96333,16.7634],[75.9648,16.76364],[75.9643,16.76557],[75.96388,16.7653],[75.9634,16.76614],[75.96194,16.77216],[75.95296,16.7701],[75.94905,16.76945],[75.94715,16.7696],[75.94714,16.76929],[75.94217,16.77045],[75.92938,16.76959],[75.92476,16.7697],[75.91662,16.77153],[75.91384,16.75817],[75.91256,16.75834],[75.90944,16.75749],[75.90767,16.75833],[75.90778,16.75907],[75.89812,16.76182],[75.89634,16.76325],[75.89441,16.76406],[75.89315,16.76712],[75.89179,16.7681],[75.8836,16.77112],[75.88344,16.77182],[75.88143,16.77226],[75.87868,16.77203],[75.87812,16.76949],[75.87492,16.77054],[75.87456,16.76663],[75.86995,16.76709],[75.8695,16.76629],[75.86693,16.76609],[75.86062,16.7657],[75.85703,16.76633],[75.85418,16.76601],[75.85203,16.76119],[75.85272,16.76051],[75.8509,16.75675],[75.84691,16.75303],[75.84659,16.74982],[75.8452,16.74853],[75.84799,16.74706],[75.84915,16.7473],[75.84903,16.74587],[75.84947,16.7448],[75.85125,16.74301],[75.85077,16.74179],[75.85022,16.74174],[75.85031,16.74119],[75.85185,16.73982],[75.8524,16.73775],[75.8498,16.73015],[75.85009,16.72322],[75.84935,16.72314],[75.84952,16.72225],[75.85002,16.72226],[75.85014,16.72083],[75.84948,16.72096],[75.84989,16.71937],[75.84886,16.71634],[75.85001,16.71472],[75.84967,16.71413],[75.84873,16.71446],[75.84979,16.71076],[75.83592,16.71201],[75.81587,16.71218],[75.8068,16.71168],[75.80117,16.71332],[75.79683,16.71335],[75.79598,16.71388],[75.79482,16.71345],[75.79408,16.71399],[75.7923,16.71412],[75.79022,16.71345],[75.78803,16.71383],[75.77766,16.71295],[75.77148,16.71351],[75.7657,16.71242],[75.76558,16.71123],[75.76376,16.70864],[75.76549,16.70663],[75.74917,16.70734],[75.72389,16.70731],[75.71206,16.70342],[75.71198,16.70126],[75.70143,16.69873],[75.69289,16.6979],[75.69214,16.70497],[75.69161,16.70489],[75.69155,16.70576],[75.69012,16.707],[75.68982,16.70997],[75.69023,16.71147],[75.68891,16.71317],[75.68867,16.71766],[75.68947,16.72537],[75.69278,16.73053],[75.6938,16.739],[75.68122,16.74027],[75.68202,16.74433],[75.67593,16.74484],[75.67506,16.74151],[75.6663,16.74403],[75.66941,16.7515],[75.66458,16.75374],[75.6549,16.7536],[75.63624,16.75142],[75.62252,16.74891],[75.61386,16.74808],[75.61157,16.75005],[75.61082,16.75155],[75.60979,16.76035],[75.60949,16.76102],[75.60892,16.76097],[75.60876,16.7633],[75.60805,16.76425],[75.60734,16.76418],[75.60723,16.76545],[75.6053,16.76637],[75.60477,16.76892],[75.60514,16.77088],[75.60337,16.7725],[75.6029,16.77229],[75.60226,16.77339],[75.6003,16.77882],[75.60033,16.78041],[75.59909,16.78212],[75.5992,16.78408],[75.59794,16.78572],[75.59727,16.78832],[75.59795,16.78964],[75.59557,16.79029],[75.59517,16.79078],[75.59561,16.79324],[75.59419,16.79549],[75.59463,16.79639],[75.59404,16.79915],[75.59472,16.80365],[75.59412,16.80425],[75.59409,16.80525],[75.59506,16.80809],[75.59335,16.80993],[75.59192,16.81359],[75.59284,16.81435],[75.59212,16.81696],[75.59314,16.81723],[75.5936,16.81812],[75.59283,16.81871],[75.5934,16.81937],[75.59443,16.8194],[75.59107,16.82557],[75.59249,16.82955],[75.59372,16.84289],[75.59443,16.84575],[75.5956,16.84884],[75.5985,16.84872],[75.60806,16.86089],[75.62256,16.86234],[75.63161,16.86198],[75.63151,16.87707],[75.63197,16.87993],[75.63271,16.88347],[75.63791,16.89237],[75.63906,16.89635],[75.63957,16.90169],[75.64145,16.90493],[75.64407,16.90807],[75.64978,16.9093],[75.65324,16.91621],[75.65374,16.9199],[75.65644,16.92304],[75.65418,16.92874],[75.65455,16.92875],[75.65431,16.92957],[75.65649,16.93684],[75.65258,16.94185],[75.64625,16.9478],[75.64621,16.95228],[75.64873,16.95928],[75.65629,16.96153],[75.66333,16.9623],[75.6704,16.96199],[75.67262,16.96408],[75.67214,16.9649],[75.67592,16.96686],[75.67613,16.96831],[75.67678,16.96895],[75.67505,16.96938],[75.67252,16.97093],[75.67189,16.97623],[75.66883,16.97945],[75.66578,16.97963],[75.66591,16.98517],[75.66538,16.99216],[75.66722,16.99775],[75.66734,17.00723],[75.66795,17.00934],[75.66874,17.00986],[75.66804,17.01198],[75.6681,17.01359],[75.66954,17.02699],[75.6688,17.03184],[75.66982,17.03794],[75.6639,17.03666],[75.65384,17.03354],[75.65063,17.0332],[75.64601,17.03455],[75.64327,17.03655],[75.64036,17.03757],[75.64238,17.04342],[75.65004,17.05746],[75.6536,17.05895],[75.65564,17.06036],[75.65896,17.0637],[75.67647,17.06539],[75.6766,17.0679],[75.67781,17.0707],[75.67926,17.06969],[75.68649,17.07259],[75.69361,17.07406],[75.70229,17.07738],[75.70233,17.07825],[75.70309,17.0788],[75.70708,17.08132],[75.71106,17.08304],[75.71748,17.08372],[75.71938,17.08436],[75.71789,17.08905],[75.71812,17.09009],[75.72226,17.09087],[75.7267,17.08968],[75.72698,17.08781],[75.73545,17.08033],[75.74269,17.06972]],[[75.72841,16.90049],[75.7266,16.90003],[75.71789,16.89997],[75.71166,16.89787],[75.70879,16.89752],[75.70898,16.89659],[75.70181,16.89625],[75.6996,16.89561],[75.69682,16.89203],[75.69708,16.88641],[75.70022,16.88134],[75.70175,16.87986],[75.70385,16.87911],[75.70489,16.87755],[75.7047,16.8757],[75.69989,16.86973],[75.69271,16.86893],[75.69154,16.86794],[75.69252,16.86772],[75.69259,16.86703],[75.68871,16.86148],[75.68943,16.85955],[75.6887,16.85731],[75.68491,16.85331],[75.68346,16.851],[75.68234,16.85077],[75.68202,16.85016],[75.68626,16.84914],[75.68834,16.84751],[75.68937,16.84737],[75.68873,16.84538],[75.68353,16.84648],[75.68287,16.84414],[75.67948,16.84461],[75.67879,16.83885],[75.68146,16.83835],[75.68098,16.83614],[75.68028,16.83529],[75.67859,16.83485],[75.67856,16.83299],[75.67605,16.8318],[75.67577,16.82973],[75.67674,16.82959],[75.67687,16.82692],[75.67444,16.82659],[75.67699,16.82037],[75.6812,16.81675],[75.6828,16.81587],[75.68489,16.81856],[75.68819,16.82058],[75.69016,16.82271],[75.6912,16.82083],[75.69255,16.81534],[75.69504,16.81353],[75.6943,16.81224],[75.69693,16.81],[75.69786,16.81108],[75.69961,16.80888],[75.69902,16.80704],[75.70366,16.8041],[75.71103,16.80146],[75.71106,16.80089],[75.7137,16.80061],[75.71484,16.79981],[75.71662,16.79942],[75.71739,16.79657],[75.72354,16.79598],[75.72374,16.79484],[75.72614,16.79525],[75.73001,16.79459],[75.72998,16.79904],[75.73341,16.79933],[75.7337,16.80081],[75.74505,16.81789],[75.74996,16.81707],[75.74967,16.82121],[75.74921,16.82161],[75.74949,16.82244],[75.75341,16.82085],[75.75399,16.82304],[75.75333,16.82669],[75.7546,16.82676],[75.75475,16.82862],[75.76106,16.82805],[75.7608,16.83103],[75.76041,16.8309],[75.75947,16.83413],[75.75755,16.84309],[75.75754,16.84598],[75.75837,16.84954],[75.75536,16.85133],[75.74744,16.85472],[75.74,16.85318],[75.73631,16.85429],[75.73127,16.85498],[75.72199,16.8696],[75.72438,16.86882],[75.72677,16.87065],[75.72563,16.87222],[75.72444,16.87527],[75.72173,16.87804],[75.72221,16.87997],[75.72356,16.88061],[75.72578,16.88585],[75.72677,16.89497],[75.72841,16.90049]]]}},{"type":"Feature","properties":{"unitId":804,"unitName":"Tikota PS"},"geometry":{"type":"Polygon","coordinates":[[[75.59747,17.0057],[75.60692,17.00487],[75.60615,16.99529],[75.607,16.98989],[75.60668,16.98809],[75.6081,16.98236],[75.60775,16.98119],[75.60785,16.9714],[75.61109,16.97172],[75.63255,16.9701],[75.63668,16.96842],[75.63666,16.96486],[75.63822,16.95786],[75.64253,16.95444],[75.64657,16.95387],[75.64625,16.9478],[75.65258,16.94185],[75.65649,16.93684],[75.65431,16.92957],[75.65455,16.92875],[75.65418,16.92874],[75.65644,16.92304],[75.65374,16.9199],[75.65324,16.91621],[75.64978,16.9093],[75.64407,16.90807],[75.64145,16.90493],[75.63957,16.90169],[75.63906,16.89635],[75.63791,16.89237],[75.63271,16.88347],[75.63197,16.87993],[75.63151,16.87707],[75.63161,16.86198],[75.62256,16.86234],[75.60806,16.86089],[75.5985,16.84872],[75.5956,16.84884],[75.59511,16.8476],[75.59372,16.84289],[75.59249,16.82955],[75.59107,16.82557],[75.59443,16.8194],[75.5934,16.81937],[75.59283,16.81871],[75.59362,16.81833],[75.59332,16.81744],[75.59212,16.81696],[75.59284,16.81435],[75.59192,16.81359],[75.59198,16.81266],[75.59315,16.81104],[75.59335,16.80993],[75.59506,16.80809],[75.59409,16.80525],[75.59412,16.80425],[75.59472,16.80365],[75.59474,16.80208],[75.59403,16.79902],[75.59463,16.79639],[75.59434,16.79491],[75.59561,16.79324],[75.59517,16.79078],[75.59557,16.79029],[75.59795,16.78964],[75.59727,16.78832],[75.59794,16.78572],[75.5992,16.78408],[75.59909,16.78212],[75.60033,16.78041],[75.6003,16.77882],[75.6029,16.77229],[75.5968,16.77043],[75.59144,16.7694],[75.58864,16.74718],[75.58874,16.74593],[75.58928,16.7456],[75.58869,16.74207],[75.58796,16.74212],[75.58759,16.74152],[75.58574,16.74174],[75.58568,16.74132],[75.58427,16.74217],[75.58203,16.742],[75.58049,16.74432],[75.57875,16.74493],[75.58105,16.74589],[75.57828,16.74693],[75.57807,16.74599],[75.57681,16.74469],[75.57212,16.7451],[75.57281,16.74953],[75.57069,16.75053],[75.56984,16.74796],[75.56872,16.74905],[75.5661,16.74897],[75.56507,16.74942],[75.56361,16.75094],[75.56382,16.7518],[75.563,16.75207],[75.56213,16.75219],[75.56194,16.75051],[75.56096,16.75009],[75.55869,16.75048],[75.55796,16.75113],[75.55909,16.7544],[75.55897,16.75588],[75.55706,16.7547],[75.55488,16.75545],[75.55365,16.7573],[75.5542,16.75939],[75.55242,16.76004],[75.55129,16.75853],[75.55004,16.75889],[75.54942,16.75996],[75.54841,16.75838],[75.54866,16.75758],[75.54683,16.75736],[75.54646,16.75552],[75.54577,16.75545],[75.54551,16.75602],[75.54436,16.75488],[75.54368,16.75505],[75.54394,16.75674],[75.54336,16.75697],[75.54091,16.75581],[75.53819,16.75702],[75.53728,16.75407],[75.53563,16.75414],[75.53298,16.75137],[75.53172,16.75106],[75.53009,16.74954],[75.52552,16.74904],[75.52401,16.74972],[75.52052,16.74854],[75.51958,16.74908],[75.5187,16.74834],[75.51696,16.7491],[75.51687,16.74815],[75.51614,16.74824],[75.51581,16.74736],[75.51468,16.74807],[75.51335,16.74743],[75.51183,16.74746],[75.51169,16.74539],[75.51054,16.74539],[75.51044,16.74692],[75.50277,16.74691],[75.49192,16.74602],[75.48259,16.74731],[75.48174,16.74691],[75.47816,16.74824],[75.47684,16.74802],[75.47381,16.74946],[75.47234,16.7511],[75.46923,16.75193],[75.46815,16.754],[75.46729,16.75459],[75.45604,16.75477],[75.44664,16.75548],[75.44442,16.75731],[75.44252,16.75725],[75.44269,16.75806],[75.43949,16.76064],[75.43816,16.76243],[75.43708,16.76281],[75.43596,16.76239],[75.43446,16.76265],[75.43361,16.7633],[75.43317,16.76505],[75.43234,16.76604],[75.42962,16.76652],[75.42714,16.76791],[75.42516,16.76784],[75.42406,16.76835],[75.42255,16.76773],[75.41903,16.76838],[75.41824,16.76809],[75.41696,16.76623],[75.41383,16.76551],[75.41311,16.76542],[75.41251,16.76638],[75.40675,16.7635],[75.40681,16.76157],[75.3927,16.75995],[75.39251,16.76091],[75.39137,16.76099],[75.39128,16.76144],[75.3927,16.76222],[75.39167,16.76247],[75.38772,16.7619],[75.38665,16.76096],[75.38548,16.76279],[75.38597,16.76776],[75.38189,16.78927],[75.38102,16.79855],[75.37898,16.7985],[75.37845,16.80214],[75.37788,16.81044],[75.37985,16.81071],[75.37858,16.82314],[75.38146,16.83414],[75.39239,16.85628],[75.39439,16.86061],[75.39502,16.86306],[75.39111,16.86345],[75.39115,16.86388],[75.38526,16.86403],[75.38187,16.86587],[75.37868,16.86603],[75.37714,16.86555],[75.37515,16.86709],[75.3712,16.86648],[75.36913,16.86668],[75.36866,16.86737],[75.36387,16.86961],[75.36067,16.87003],[75.35959,16.87091],[75.35821,16.87115],[75.35629,16.8704],[75.35277,16.87133],[75.35088,16.87077],[75.33997,16.87059],[75.33658,16.8696],[75.33581,16.86887],[75.33524,16.87166],[75.33566,16.88015],[75.33394,16.8945],[75.33453,16.90292],[75.33446,16.91208],[75.33638,16.92545],[75.33914,16.93376],[75.34201,16.946],[75.34311,16.95286],[75.34268,16.95311],[75.34161,16.9565],[75.35516,16.96037],[75.35604,16.96176],[75.35888,16.96316],[75.35824,16.96389],[75.35865,16.96519],[75.36048,16.96577],[75.36019,16.96595],[75.3668,16.97048],[75.3685,16.97227],[75.38068,16.97617],[75.38337,16.97765],[75.38621,16.97823],[75.38934,16.98006],[75.38985,16.97961],[75.39216,16.98045],[75.41184,16.97442],[75.42784,16.96648],[75.43559,16.97372],[75.44208,16.98259],[75.45349,16.9862],[75.46566,16.98849],[75.46659,16.98172],[75.46874,16.97968],[75.4786,16.97873],[75.48293,16.97713],[75.48456,16.97156],[75.48714,16.96787],[75.48841,16.96216],[75.48936,16.95582],[75.48893,16.95231],[75.48919,16.94467],[75.50684,16.95129],[75.50777,16.95032],[75.50932,16.95106],[75.5094,16.95074],[75.52656,16.96687],[75.52863,16.96952],[75.53874,16.96572],[75.54622,16.96574],[75.55335,16.96711],[75.56365,16.96785],[75.56729,16.96602],[75.56701,16.9736],[75.56557,16.98423],[75.56681,16.99344],[75.56643,16.99914],[75.56721,17.00902],[75.57445,17.00941],[75.59747,17.0057]]]}},{"type":"Feature","properties":{"unitId":805,"unitName":"Gandhi Chowk PS"},"geometry":{"type":"Polygon","coordinates":[[[75.6884,16.84541],[75.68873,16.84538],[75.68882,16.84621],[75.69119,16.84582],[75.69522,16.84427],[75.69776,16.84387],[75.70073,16.84527],[75.70748,16.8393],[75.70789,16.84048],[75.71371,16.83919],[75.71406,16.83803],[75.71811,16.8394],[75.71817,16.83747],[75.72046,16.83809],[75.72045,16.83511],[75.72189,16.83365],[75.72087,16.82875],[75.71816,16.82875],[75.71616,16.82631],[75.71647,16.82456],[75.71748,16.82335],[75.71846,16.82304],[75.71779,16.82096],[75.71769,16.81441],[75.71487,16.81471],[75.71456,16.81519],[75.71205,16.81569],[75.71126,16.81801],[75.70726,16.82119],[75.70605,16.82119],[75.70403,16.81872],[75.69961,16.80888],[75.69786,16.81108],[75.69693,16.81],[75.6943,16.81224],[75.69504,16.81353],[75.69255,16.81534],[75.6912,16.82083],[75.69016,16.82271],[75.68819,16.82058],[75.68489,16.81856],[75.6828,16.81587],[75.67699,16.82037],[75.67444,16.82659],[75.67687,16.82692],[75.67674,16.82959],[75.67577,16.82973],[75.67605,16.8318],[75.67856,16.83299],[75.67859,16.83485],[75.68028,16.83529],[75.68098,16.83614],[75.68146,16.83835],[75.67879,16.83885],[75.67948,16.84461],[75.68287,16.84414],[75.68353,16.84648],[75.6884,16.84541]]]}},{"type":"Feature","properties":{"unitId":806,"unitName":"Adarsh Nagar PS"},"geometry":{"type":"Polygon","coordinates":[[[75.72841,16.90049],[75.72677,16.89497],[75.72578,16.88585],[75.72356,16.88061],[75.72221,16.87997],[75.72173,16.87804],[75.72444,16.87527],[75.72563,16.87222],[75.72677,16.87065],[75.72438,16.86882],[75.72199,16.8696],[75.73477,16.8491],[75.72984,16.84444],[75.72344,16.84601],[75.71516,16.85116],[75.71358,16.85107],[75.71206,16.85197],[75.7096,16.84513],[75.71079,16.84459],[75.71276,16.8422],[75.71371,16.83919],[75.70789,16.84048],[75.70748,16.8393],[75.70073,16.84527],[75.69776,16.84387],[75.69522,16.84427],[75.69119,16.84582],[75.68882,16.84621],[75.68937,16.84737],[75.68834,16.84751],[75.68626,16.84914],[75.68202,16.85016],[75.68234,16.85077],[75.68346,16.851],[75.68491,16.85331],[75.6887,16.85731],[75.68943,16.85955],[75.68871,16.86148],[75.69259,16.86703],[75.69252,16.86772],[75.69154,16.86794],[75.69271,16.86893],[75.69989,16.86973],[75.7047,16.8757],[75.70489,16.87755],[75.70385,16.87911],[75.70175,16.87986],[75.70022,16.88134],[75.69708,16.88641],[75.69682,16.89203],[75.6996,16.89561],[75.70181,16.89625],[75.70898,16.89659],[75.70879,16.89752],[75.71166,16.89787],[75.71789,16.89997],[75.7266,16.90003],[75.72841,16.90049]]]}},{"type":"Feature","properties":{"unitId":807,"unitName":"Vijayapura APMC PS"},"geometry":{"type":"Polygon","coordinates":[[[75.72087,16.82875],[75.72189,16.83365],[75.72045,16.83511],[75.72046,16.83809],[75.71817,16.83747],[75.71811,16.8394],[75.71406,16.83803],[75.71276,16.8422],[75.71079,16.84459],[75.7096,16.84513],[75.71206,16.85197],[75.71358,16.85107],[75.71516,16.85116],[75.72344,16.84601],[75.72984,16.84444],[75.73477,16.8491],[75.73127,16.85498],[75.73631,16.85429],[75.74,16.85318],[75.74744,16.85472],[75.75536,16.85133],[75.75837,16.84954],[75.75754,16.84598],[75.75755,16.84309],[75.75947,16.83413],[75.76041,16.8309],[75.7608,16.83103],[75.76106,16.82805],[75.75613,16.82838],[75.75622,16.83039],[75.75798,16.83052],[75.75392,16.83389],[75.7497,16.83366],[75.74941,16.8349],[75.74681,16.83392],[75.73985,16.83368],[75.7372,16.83229],[75.73447,16.83229],[75.727,16.829],[75.72639,16.82799],[75.72087,16.82875]]]}},{"type":"Feature","properties":{"unitId":808,"unitName":"Golgumbaz PS"},"geometry":{"type":"Polygon","coordinates":[[[75.75613,16.82838],[75.75475,16.82862],[75.7546,16.82676],[75.75333,16.82669],[75.75399,16.82304],[75.75341,16.82085],[75.74949,16.82244],[75.74921,16.82161],[75.74967,16.82121],[75.74996,16.81707],[75.74505,16.81789],[75.73771,16.82016],[75.73625,16.81812],[75.73249,16.81616],[75.72823,16.81629],[75.72398,16.81714],[75.72249,16.81479],[75.71939,16.81419],[75.71769,16.81441],[75.71779,16.82096],[75.71846,16.82304],[75.71705,16.82374],[75.71609,16.82522],[75.71616,16.82631],[75.71816,16.82875],[75.72639,16.82799],[75.727,16.829],[75.73447,16.83229],[75.7372,16.83229],[75.73985,16.83368],[75.74681,16.83392],[75.74941,16.8349],[75.7497,16.83366],[75.75392,16.83389],[75.75798,16.83052],[75.75622,16.83039],[75.75613,16.82838]]]}},{"type":"Feature","properties":{"unitId":809,"unitName":"Jalanagar PS"},"geometry":{"type":"Polygon","coordinates":[[[75.70949,16.81925],[75.7114,16.81783],[75.71205,16.81569],[75.71456,16.81519],[75.71487,16.81471],[75.71939,16.81419],[75.72249,16.81479],[75.72398,16.81714],[75.72823,16.81629],[75.73249,16.81616],[75.73625,16.81812],[75.73771,16.82016],[75.74505,16.81789],[75.7337,16.80081],[75.73341,16.79933],[75.72998,16.79904],[75.73001,16.79459],[75.72614,16.79525],[75.72374,16.79484],[75.72354,16.79598],[75.71739,16.79657],[75.71662,16.79942],[75.71484,16.79981],[75.7137,16.80061],[75.71106,16.80089],[75.71103,16.80146],[75.70366,16.8041],[75.69902,16.80704],[75.70049,16.81137],[75.70299,16.8158],[75.70403,16.81872],[75.70562,16.821],[75.70726,16.82119],[75.70949,16.81925]]]}},{"type":"Feature","properties":{"unitId":810,"unitName":"Chadachan PS"},"geometry":{"type":"Polygon","coordinates":[[[75.66164,17.45988],[75.66911,17.46065],[75.67405,17.46028],[75.6766,17.45827],[75.67829,17.4559],[75.67983,17.45092],[75.67944,17.44319],[75.67886,17.44025],[75.67918,17.43513],[75.68518,17.4178],[75.6883,17.41362],[75.6941,17.41062],[75.70115,17.40957],[75.70882,17.40955],[75.71624,17.41088],[75.71989,17.4143],[75.72702,17.4223],[75.73312,17.42246],[75.74122,17.41791],[75.75088,17.40984],[75.76578,17.40791],[75.76857,17.40442],[75.77037,17.39809],[75.77122,17.39134],[75.77266,17.38736],[75.77642,17.38358],[75.78038,17.37866],[75.77776,17.37677],[75.77365,17.37693],[75.77286,17.37739],[75.77148,17.37996],[75.77052,17.37995],[75.76968,17.37879],[75.7683,17.37486],[75.76669,17.37469],[75.76402,17.36954],[75.7623,17.36945],[75.76297,17.36879],[75.76444,17.36406],[75.76792,17.35822],[75.77241,17.34257],[75.76113,17.34001],[75.75467,17.33739],[75.7505,17.33715],[75.74505,17.31971],[75.74496,17.31541],[75.74555,17.30967],[75.7512,17.29857],[75.75639,17.29118],[75.75833,17.28587],[75.75899,17.28215],[75.76344,17.28268],[75.76202,17.27885],[75.7591,17.26258],[75.75942,17.24971],[75.75805,17.24403],[75.75824,17.23672],[75.75836,17.23428],[75.76007,17.23458],[75.75929,17.23411],[75.75715,17.22917],[75.75607,17.22911],[75.75348,17.22675],[75.7455,17.21462],[75.74398,17.21026],[75.74364,17.20109],[75.74142,17.19174],[75.73407,17.18849],[75.73178,17.18908],[75.73261,17.18086],[75.72531,17.16694],[75.72508,17.16564],[75.73102,17.16432],[75.73177,17.16162],[75.7309,17.15884],[75.73086,17.15303],[75.73139,17.15155],[75.73176,17.14517],[75.72965,17.14274],[75.72861,17.14],[75.72641,17.1367],[75.72322,17.13697],[75.71601,17.13599],[75.69903,17.13493],[75.66986,17.13533],[75.64753,17.13469],[75.64656,17.13732],[75.64551,17.14355],[75.63973,17.14936],[75.63422,17.15691],[75.63256,17.15721],[75.63055,17.16087],[75.62839,17.16214],[75.62539,17.17377],[75.62607,17.17957],[75.62735,17.18317],[75.62857,17.18313],[75.62851,17.18861],[75.64031,17.18914],[75.64033,17.1939],[75.64497,17.19933],[75.65219,17.20299],[75.65623,17.2059],[75.66227,17.21449],[75.66243,17.2172],[75.66061,17.2253],[75.66038,17.23071],[75.65886,17.23888],[75.65752,17.26372],[75.65445,17.27351],[75.63991,17.27317],[75.63144,17.27346],[75.62783,17.27415],[75.62745,17.27378],[75.62654,17.27452],[75.62833,17.27635],[75.62947,17.28081],[75.62529,17.28482],[75.62396,17.29037],[75.6221,17.29502],[75.60341,17.30455],[75.61021,17.31941],[75.61192,17.32375],[75.61251,17.32698],[75.61293,17.33094],[75.61171,17.33111],[75.61107,17.33385],[75.61032,17.34015],[75.61033,17.34457],[75.60775,17.3443],[75.5955,17.34582],[75.58722,17.34997],[75.58467,17.35063],[75.58176,17.35069],[75.57554,17.38393],[75.57823,17.38349],[75.5816,17.38386],[75.58916,17.38584],[75.601,17.39073],[75.60088,17.39153],[75.60187,17.39268],[75.60504,17.39373],[75.60513,17.39415],[75.60769,17.39421],[75.61186,17.3928],[75.61294,17.39108],[75.61359,17.39301],[75.61355,17.39609],[75.61213,17.40663],[75.6095,17.41429],[75.60666,17.42022],[75.60781,17.42221],[75.60999,17.42368],[75.61157,17.42435],[75.61379,17.42438],[75.61462,17.42774],[75.61408,17.42764],[75.61436,17.43059],[75.6149,17.43055],[75.61536,17.43294],[75.61557,17.43921],[75.61874,17.44992],[75.61985,17.45242],[75.62069,17.4523],[75.62125,17.45856],[75.62735,17.46228],[75.62872,17.46783],[75.63043,17.47238],[75.6342,17.47916],[75.65084,17.47128],[75.6593,17.4612],[75.66164,17.45988]]]}},{"type":"Feature","properties":{"unitId":811,"unitName":"Zalaki PS"},"geometry":{"type":"Polygon","coordinates":[[[75.86028,17.38635],[75.86263,17.38688],[75.86517,17.39073],[75.87352,17.39796],[75.87434,17.39928],[75.87447,17.40207],[75.87358,17.40502],[75.87338,17.41102],[75.87386,17.41423],[75.87503,17.41652],[75.87742,17.41879],[75.88001,17.41949],[75.88287,17.41942],[75.88684,17.41772],[75.89258,17.40974],[75.89458,17.40579],[75.89535,17.40281],[75.89644,17.39079],[75.89746,17.38532],[75.89756,17.37857],[75.89791,17.3789],[75.89817,17.37716],[75.89748,17.37658],[75.89637,17.37163],[75.89266,17.36288],[75.89169,17.35929],[75.89419,17.3541],[75.89511,17.35308],[75.89876,17.35067],[75.90112,17.35115],[75.91067,17.34544],[75.92199,17.33073],[75.92658,17.32649],[75.92395,17.32389],[75.92225,17.31958],[75.92078,17.31385],[75.91761,17.305],[75.91653,17.29864],[75.91398,17.29813],[75.91352,17.29763],[75.91496,17.29542],[75.9153,17.28904],[75.91238,17.28091],[75.91221,17.27795],[75.90112,17.27924],[75.89863,17.27762],[75.8976,17.27559],[75.89581,17.27504],[75.89085,17.27181],[75.88893,17.26968],[75.8881,17.26486],[75.88689,17.2549],[75.88763,17.24671],[75.88548,17.24632],[75.88238,17.24667],[75.88235,17.23565],[75.88308,17.22971],[75.88675,17.21813],[75.89062,17.21018],[75.89114,17.20623],[75.89016,17.2013],[75.88768,17.19362],[75.88775,17.19002],[75.88908,17.18564],[75.89014,17.17646],[75.88307,17.1721],[75.87433,17.16943],[75.85999,17.16391],[75.84761,17.16073],[75.84078,17.16062],[75.83765,17.16104],[75.83629,17.15986],[75.83271,17.15851],[75.83112,17.15669],[75.82974,17.15596],[75.82079,17.15191],[75.81881,17.15187],[75.8178,17.16055],[75.81301,17.16517],[75.80741,17.16651],[75.80229,17.16676],[75.79553,17.16864],[75.78937,17.16969],[75.79031,17.17383],[75.78638,17.17323],[75.77963,17.1742],[75.77452,17.17417],[75.76254,17.18048],[75.75714,17.18404],[75.7519,17.18671],[75.75208,17.18713],[75.74799,17.18932],[75.74137,17.19186],[75.74364,17.20109],[75.74398,17.21026],[75.7455,17.21462],[75.75348,17.22675],[75.75607,17.22911],[75.75715,17.22917],[75.75929,17.23411],[75.76007,17.23458],[75.75836,17.23428],[75.75824,17.23672],[75.75805,17.24403],[75.75942,17.24971],[75.7591,17.26258],[75.76202,17.27885],[75.76344,17.28268],[75.75899,17.28215],[75.75833,17.28587],[75.75639,17.29118],[75.7512,17.29857],[75.74555,17.30967],[75.74496,17.31541],[75.74505,17.31971],[75.7505,17.33715],[75.75467,17.33739],[75.76113,17.34001],[75.77241,17.34257],[75.76792,17.35822],[75.76444,17.36406],[75.76297,17.36879],[75.7623,17.36945],[75.76402,17.36954],[75.76669,17.37469],[75.7683,17.37486],[75.77006,17.3796],[75.77148,17.37996],[75.7732,17.37713],[75.7762,17.37665],[75.77833,17.37695],[75.78038,17.37866],[75.78371,17.37602],[75.7889,17.37329],[75.80358,17.36992],[75.80493,17.37007],[75.8084,17.37159],[75.81098,17.37348],[75.81334,17.37599],[75.81402,17.38116],[75.81242,17.38857],[75.81269,17.39657],[75.81756,17.40765],[75.81589,17.40893],[75.8161,17.41453],[75.81966,17.42137],[75.82239,17.4229],[75.83193,17.42294],[75.83701,17.42132],[75.84201,17.41816],[75.84813,17.41526],[75.85098,17.41323],[75.85293,17.41127],[75.8559,17.40606],[75.85773,17.3978],[75.85739,17.38899],[75.8581,17.38781],[75.86028,17.38635]]]}},{"type":"Feature","properties":{"unitId":812,"unitName":"Hortti PS"},"geometry":{"type":"Polygon","coordinates":[[[75.74947,17.18846],[75.76254,17.18048],[75.77452,17.17417],[75.77963,17.1742],[75.78638,17.17323],[75.79031,17.17383],[75.78937,17.16969],[75.79553,17.16864],[75.80229,17.16676],[75.80741,17.16651],[75.81301,17.16517],[75.8178,17.16055],[75.81881,17.15187],[75.82079,17.15191],[75.82974,17.15596],[75.83112,17.15669],[75.83271,17.15851],[75.83629,17.15986],[75.83765,17.16104],[75.84078,17.16062],[75.84761,17.16073],[75.85999,17.16391],[75.87109,17.16819],[75.87193,17.16549],[75.87498,17.16026],[75.8759,17.15768],[75.8779,17.14702],[75.86727,17.14057],[75.86164,17.13637],[75.85663,17.13417],[75.86864,17.12606],[75.87,17.12144],[75.8744,17.12234],[75.87653,17.11928],[75.8753,17.11827],[75.87575,17.118],[75.87542,17.11767],[75.87614,17.11322],[75.88031,17.10499],[75.88145,17.09879],[75.88236,17.09636],[75.88235,17.09338],[75.88858,17.0961],[75.898,17.09788],[75.90467,17.1005],[75.92361,17.11198],[75.93281,17.11364],[75.94585,17.11716],[75.95201,17.1177],[75.95266,17.11638],[75.95424,17.10849],[75.95336,17.10388],[75.95493,17.09786],[75.95575,17.09726],[75.95622,17.09383],[75.95794,17.07153],[75.95662,17.06586],[75.95668,17.05789],[75.94412,17.05644],[75.94477,17.05356],[75.94556,17.03335],[75.94612,17.02862],[75.94604,17.01901],[75.94973,17.02018],[75.94993,17.00634],[75.95071,16.99637],[75.95378,16.97742],[75.95509,16.97855],[75.95974,16.9871],[75.96084,16.98797],[75.97114,16.98958],[75.97219,16.98697],[75.97204,16.98597],[75.9698,16.98541],[75.96939,16.98316],[75.96807,16.98129],[75.96781,16.97968],[75.96828,16.97648],[75.9675,16.97514],[75.96803,16.97357],[75.96719,16.97179],[75.96682,16.96773],[75.96566,16.96735],[75.96517,16.96571],[75.96542,16.96468],[75.96391,16.96399],[75.96224,16.96172],[75.96151,16.9588],[75.96043,16.95773],[75.9576,16.95148],[75.95483,16.94715],[75.95302,16.93839],[75.95272,16.9338],[75.94716,16.93293],[75.93503,16.93225],[75.93088,16.93253],[75.93179,16.93492],[75.93123,16.94277],[75.92668,16.95125],[75.92407,16.95914],[75.92224,16.96064],[75.92278,16.96271],[75.92398,16.96433],[75.92475,16.96658],[75.9255,16.96745],[75.92792,16.9683],[75.92848,16.96899],[75.92491,16.97251],[75.92258,16.97257],[75.91884,16.97397],[75.91582,16.97724],[75.91367,16.97726],[75.91105,16.97651],[75.90684,16.97965],[75.90242,16.97928],[75.9036,16.97598],[75.90498,16.96678],[75.90763,16.95968],[75.90828,16.95676],[75.90577,16.95467],[75.90562,16.95361],[75.90397,16.95363],[75.90248,16.95461],[75.90134,16.95473],[75.90079,16.95412],[75.90076,16.9525],[75.89863,16.95177],[75.89754,16.95002],[75.89406,16.94837],[75.89059,16.94837],[75.88918,16.94594],[75.88816,16.94655],[75.88718,16.94647],[75.8856,16.95248],[75.8832,16.95824],[75.87932,16.95711],[75.87452,16.95644],[75.86758,16.95699],[75.86004,16.95953],[75.85939,16.96266],[75.86008,16.96523],[75.85949,16.96959],[75.86036,16.97052],[75.86253,16.97128],[75.86285,16.97321],[75.86228,16.97426],[75.86023,16.97528],[75.86009,16.97654],[75.86092,16.97722],[75.86065,16.97788],[75.85529,16.97684],[75.85338,16.97474],[75.84867,16.97167],[75.84642,16.97151],[75.84313,16.97014],[75.84085,16.97091],[75.83731,16.97487],[75.83351,16.97649],[75.83498,16.98329],[75.83526,16.98859],[75.83465,16.99384],[75.83512,16.99648],[75.83251,17.00264],[75.8197,17.00277],[75.80956,17.00394],[75.79825,17.00111],[75.79744,17.00617],[75.79799,17.00843],[75.79773,17.01057],[75.79586,17.01273],[75.79607,17.01421],[75.77949,17.02305],[75.77625,17.02279],[75.76576,17.02541],[75.76655,17.03185],[75.76643,17.03995],[75.76559,17.04793],[75.7662,17.05179],[75.76577,17.05469],[75.76582,17.0696],[75.76219,17.07035],[75.7605,17.07169],[75.75838,17.07204],[75.75508,17.07066],[75.75267,17.069],[75.75184,17.07039],[75.75073,17.07035],[75.75046,17.06884],[75.74924,17.06786],[75.74536,17.06861],[75.74319,17.06851],[75.74236,17.07071],[75.73558,17.08016],[75.72698,17.08781],[75.7267,17.08968],[75.72226,17.09087],[75.71812,17.09009],[75.71789,17.08905],[75.71938,17.08436],[75.71748,17.08372],[75.71106,17.08304],[75.70708,17.08132],[75.70309,17.0788],[75.70233,17.07825],[75.70229,17.07738],[75.69361,17.07406],[75.68649,17.07259],[75.67926,17.06969],[75.67775,17.07074],[75.67786,17.07243],[75.67932,17.07272],[75.67967,17.07408],[75.6785,17.07846],[75.67674,17.08081],[75.6747,17.0902],[75.67441,17.09211],[75.67625,17.09505],[75.67393,17.09946],[75.67352,17.10128],[75.67243,17.11569],[75.65692,17.11502],[75.65047,17.1155],[75.65072,17.1209],[75.65001,17.12827],[75.65031,17.1348],[75.66986,17.13533],[75.69903,17.13493],[75.71601,17.13599],[75.72322,17.13697],[75.72641,17.1367],[75.72861,17.14],[75.72965,17.14274],[75.73176,17.14517],[75.73139,17.15155],[75.73086,17.15303],[75.7309,17.15884],[75.73177,17.16162],[75.73102,17.16432],[75.72508,17.16564],[75.72531,17.16694],[75.73261,17.18086],[75.73178,17.18908],[75.73407,17.18849],[75.74142,17.19174],[75.74947,17.18846]]]}},{"type":"Feature","properties":{"unitId":813,"unitName":"Indi PS"},"geometry":{"type":"Polygon","coordinates":[[[76.06017,17.35764],[76.06436,17.35398],[76.07103,17.34266],[76.07424,17.33594],[76.07364,17.33648],[76.07276,17.33127],[76.07102,17.32686],[76.06462,17.31527],[76.0668,17.30909],[76.06828,17.30675],[76.07122,17.30507],[76.07381,17.30402],[76.07929,17.30282],[76.08675,17.29951],[76.09339,17.29743],[76.09705,17.29381],[76.09882,17.28957],[76.09876,17.28711],[76.09775,17.28343],[76.09193,17.27756],[76.08991,17.27452],[76.08655,17.26473],[76.08623,17.2621],[76.08791,17.25682],[76.08991,17.25543],[76.09318,17.25472],[76.10179,17.25404],[76.11082,17.25265],[76.11717,17.25107],[76.12238,17.2484],[76.13466,17.23854],[76.15269,17.22163],[76.16047,17.21553],[76.16732,17.20915],[76.17034,17.20579],[76.17654,17.19409],[76.17794,17.19237],[76.19025,17.18515],[76.19498,17.18426],[76.1956,17.17663],[76.19151,17.17613],[76.18534,17.17869],[76.18428,17.17826],[76.18201,17.1756],[76.1795,17.1744],[76.17836,17.17322],[76.17823,17.172],[76.17731,17.17119],[76.17285,17.17039],[76.17062,17.16444],[76.17105,17.16344],[76.17419,17.16397],[76.17412,17.16215],[76.16951,17.1581],[76.16777,17.15357],[76.16622,17.15173],[76.16739,17.14996],[76.1725,17.14924],[76.17924,17.14734],[76.19498,17.1442],[76.1942,17.13508],[76.19304,17.13075],[76.1946,17.12148],[76.17437,17.11908],[76.17179,17.11691],[76.17141,17.1153],[76.17226,17.11261],[76.17265,17.11317],[76.17454,17.11206],[76.17565,17.11095],[76.17601,17.10954],[76.17493,17.10847],[76.17285,17.10909],[76.1706,17.10867],[76.17043,17.10259],[76.17201,17.10234],[76.17202,17.10062],[76.16977,17.09992],[76.16801,17.09827],[76.16915,17.09488],[76.16937,17.09364],[76.169,17.09284],[76.1697,17.09264],[76.16847,17.08812],[76.16792,17.08814],[76.16637,17.0853],[76.16307,17.08251],[76.15949,17.08247],[76.15923,17.08001],[76.16,17.07896],[76.16076,17.0758],[76.15976,17.07278],[76.15752,17.07072],[76.15529,17.07008],[76.15298,17.06868],[76.15047,17.06594],[76.14941,17.06417],[76.14889,17.06199],[76.14738,17.0596],[76.14686,17.05935],[76.14709,17.05994],[76.13491,17.06239],[76.12311,17.06155],[76.12068,17.06059],[76.11286,17.0543],[76.11285,17.04788],[76.11151,17.04499],[76.10587,17.03818],[76.10498,17.03437],[76.10422,17.03442],[76.10365,17.03381],[76.10239,17.02827],[76.10047,17.02262],[76.09955,17.02072],[76.09692,17.02124],[76.09703,17.01906],[76.09628,17.01689],[76.09097,17.0178],[76.08691,17.0194],[76.08374,17.02283],[76.08309,17.02273],[76.08238,17.0237],[76.08145,17.0236],[76.08039,17.02445],[76.07808,17.0251],[76.07722,17.02638],[76.07537,17.0275],[76.06994,17.02829],[76.06951,17.02771],[76.06591,17.02077],[76.06463,17.01562],[76.06323,17.0139],[76.0637,17.01258],[76.0622,17.00805],[76.06173,17.00343],[76.06029,16.99935],[76.06273,16.99888],[76.06702,16.99706],[76.07119,16.99699],[76.08354,16.99507],[76.09265,16.99219],[76.09346,16.98032],[76.08744,16.98061],[76.08081,16.97886],[76.07426,16.97606],[76.06851,16.97166],[76.06581,16.97024],[76.0606,16.96876],[76.0574,16.97176],[76.0575,16.97421],[76.05666,16.978],[76.05644,16.98254],[76.05679,16.98423],[76.0512,16.98425],[76.04626,16.98567],[76.03543,16.98755],[76.03118,16.98727],[76.03163,16.98281],[76.02906,16.9808],[76.02695,16.97674],[76.02347,16.97377],[76.02094,16.97525],[76.01802,16.9747],[76.016,16.97542],[76.01263,16.97579],[76.01152,16.97556],[76.01096,16.97468],[76.00962,16.97459],[76.00818,16.97315],[76.00711,16.97315],[76.00702,16.97062],[75.99906,16.96879],[76.00043,16.96007],[75.99717,16.96],[75.99637,16.96107],[75.99206,16.96013],[75.99208,16.9598],[75.9845,16.95895],[75.98444,16.96213],[75.97955,16.96215],[75.97938,16.96122],[75.97808,16.96147],[75.97772,16.96278],[75.97257,16.96322],[75.9721,16.96247],[75.96352,16.96317],[75.96391,16.96399],[75.96542,16.96468],[75.96517,16.96571],[75.96566,16.96735],[75.96682,16.96773],[75.96719,16.97179],[75.96803,16.97357],[75.9675,16.97514],[75.96828,16.97648],[75.96781,16.97968],[75.96807,16.98129],[75.96939,16.98316],[75.9698,16.98541],[75.97204,16.98597],[75.97219,16.98697],[75.97114,16.98958],[75.96084,16.98797],[75.95974,16.9871],[75.95509,16.97855],[75.95378,16.97742],[75.95071,16.99637],[75.94993,17.00634],[75.94973,17.02018],[75.94604,17.01901],[75.94612,17.02862],[75.94556,17.03335],[75.94477,17.05356],[75.94412,17.05644],[75.95668,17.05789],[75.95662,17.06586],[75.95794,17.07153],[75.95622,17.09383],[75.95575,17.09726],[75.95493,17.09786],[75.95336,17.10388],[75.95424,17.10849],[75.95266,17.11638],[75.95201,17.1177],[75.94585,17.11716],[75.93281,17.11364],[75.92361,17.11198],[75.90467,17.1005],[75.898,17.09788],[75.88858,17.0961],[75.88235,17.09338],[75.88236,17.09636],[75.88145,17.09879],[75.88031,17.10499],[75.87614,17.11322],[75.87542,17.11767],[75.87575,17.118],[75.8753,17.11827],[75.87653,17.11928],[75.8744,17.12234],[75.87,17.12144],[75.86864,17.12606],[75.85663,17.13417],[75.86164,17.13637],[75.86727,17.14057],[75.8779,17.14702],[75.8759,17.15768],[75.87498,17.16026],[75.87193,17.16549],[75.87109,17.16819],[75.88307,17.1721],[75.89014,17.17646],[75.88908,17.18564],[75.88775,17.19002],[75.88768,17.19362],[75.89016,17.2013],[75.89114,17.20623],[75.89062,17.21018],[75.88675,17.21813],[75.88308,17.22971],[75.88235,17.23565],[75.88238,17.24667],[75.88548,17.24632],[75.88763,17.24671],[75.88689,17.2549],[75.8881,17.26486],[75.88893,17.26968],[75.89085,17.27181],[75.89581,17.27504],[75.8976,17.27559],[75.89863,17.27762],[75.90112,17.27924],[75.91221,17.27795],[75.91238,17.28091],[75.9153,17.28904],[75.91496,17.29542],[75.91352,17.29763],[75.91398,17.29813],[75.91653,17.29864],[75.91761,17.305],[75.92078,17.31385],[75.92225,17.31958],[75.92395,17.32389],[75.92658,17.32649],[75.92544,17.32757],[75.9258,17.32803],[75.92992,17.32525],[75.9323,17.32428],[75.93562,17.32485],[75.93869,17.32703],[75.96,17.33514],[75.96749,17.3373],[75.97782,17.3381],[75.98905,17.33776],[75.99684,17.34021],[75.99922,17.33806],[76.0013,17.33953],[76.00446,17.3431],[76.00674,17.34696],[76.00875,17.35324],[76.00925,17.35406],[76.01083,17.35481],[76.01504,17.35489],[76.02202,17.35178],[76.0274,17.35076],[76.03014,17.35074],[76.03383,17.35164],[76.03391,17.35417],[76.03701,17.35471],[76.03956,17.35445],[76.04576,17.35618],[76.05151,17.35841],[76.06017,17.35764]]]}},{"type":"Feature","properties":{"unitId":814,"unitName":"Almel PS"},"geometry":{"type":"Polygon","coordinates":[[[76.36762,17.17001],[76.36814,17.16373],[76.36784,17.16037],[76.36601,17.15546],[76.36013,17.14768],[76.35919,17.14388],[76.35998,17.14096],[76.36258,17.13862],[76.36501,17.13831],[76.36734,17.13862],[76.37943,17.14453],[76.38387,17.14602],[76.38844,17.14629],[76.39185,17.14453],[76.39389,17.14247],[76.39475,17.14058],[76.39386,17.13655],[76.39282,17.13436],[76.38896,17.13024],[76.38281,17.12776],[76.37058,17.12521],[76.36594,17.12237],[76.36341,17.11804],[76.36262,17.11392],[76.3633,17.11134],[76.36662,17.10756],[76.37364,17.10537],[76.37937,17.1043],[76.37867,17.10179],[76.38693,17.09406],[76.38754,17.09448],[76.38815,17.09026],[76.38576,17.07884],[76.38679,17.07792],[76.38558,17.07712],[76.38139,17.06955],[76.37981,17.06855],[76.379,17.06898],[76.37859,17.07032],[76.37642,17.07084],[76.37508,17.06949],[76.37527,17.06885],[76.366,17.06825],[76.35416,17.06391],[76.34622,17.06212],[76.33858,17.05955],[76.33754,17.05569],[76.33584,17.04339],[76.33512,17.03442],[76.33376,17.0302],[76.33032,17.02279],[76.3309,17.02142],[76.33075,17.0184],[76.3288,17.01635],[76.32786,17.00702],[76.32727,17.0052],[76.32245,17.00078],[76.32176,16.99767],[76.31262,16.9989],[76.30192,16.99947],[76.29714,16.99846],[76.28135,16.99759],[76.27598,16.9982],[76.2709,16.99811],[76.26845,16.99766],[76.26898,16.99324],[76.26846,16.98732],[76.2619,16.98587],[76.25525,16.98571],[76.23708,16.98283],[76.23431,16.98291],[76.2335,16.98809],[76.22628,16.98428],[76.22622,16.98621],[76.22297,16.98634],[76.22286,16.98882],[76.22175,16.99011],[76.21963,16.99018],[76.21964,16.99185],[76.21823,16.99355],[76.21818,16.99551],[76.21319,16.99599],[76.2097,16.99278],[76.20859,16.99103],[76.20089,16.99118],[76.19051,16.9906],[76.19021,16.99223],[76.18823,16.99199],[76.18864,16.98907],[76.18811,16.98891],[76.18806,16.98578],[76.18898,16.98077],[76.18528,16.98168],[76.18264,16.9812],[76.18265,16.98066],[76.18118,16.98028],[76.17893,16.9801],[76.17618,16.9825],[76.17025,16.98641],[76.16218,16.98772],[76.16239,16.98697],[76.16194,16.98682],[76.15679,16.98605],[76.14738,16.98568],[76.14312,16.98492],[76.12526,16.98394],[76.10858,16.9838],[76.10135,16.98293],[76.0934,16.98316],[76.09265,16.99219],[76.08354,16.99507],[76.07119,16.99699],[76.06702,16.99706],[76.06273,16.99888],[76.06029,16.99935],[76.06173,17.00343],[76.0622,17.00805],[76.0637,17.01258],[76.06323,17.0139],[76.06463,17.01562],[76.06591,17.02077],[76.06994,17.02829],[76.07537,17.0275],[76.07722,17.02638],[76.07808,17.0251],[76.08039,17.02445],[76.08145,17.0236],[76.08238,17.0237],[76.08309,17.02273],[76.08374,17.02283],[76.08691,17.0194],[76.09097,17.0178],[76.09628,17.01689],[76.09703,17.01906],[76.09692,17.02124],[76.09955,17.02072],[76.10047,17.02262],[76.10239,17.02827],[76.10365,17.03381],[76.10422,17.03442],[76.10498,17.03437],[76.10587,17.03818],[76.11151,17.04499],[76.11225,17.04654],[76.11285,17.04788],[76.11286,17.0543],[76.11494,17.05614],[76.12068,17.06059],[76.12311,17.06155],[76.12662,17.06193],[76.13491,17.06239],[76.14709,17.05994],[76.14695,17.05933],[76.14889,17.06199],[76.14941,17.06417],[76.15047,17.06594],[76.15298,17.06868],[76.15529,17.07008],[76.15752,17.07072],[76.15965,17.07262],[76.16076,17.0758],[76.16,17.07896],[76.15923,17.08001],[76.15949,17.08247],[76.16307,17.08251],[76.16637,17.0853],[76.16792,17.08814],[76.16847,17.08812],[76.1697,17.09264],[76.169,17.09284],[76.16937,17.09364],[76.16915,17.09488],[76.16801,17.09827],[76.16977,17.09992],[76.17202,17.10062],[76.17201,17.10234],[76.17043,17.10259],[76.1706,17.10867],[76.17285,17.10909],[76.17493,17.10847],[76.17597,17.10937],[76.17565,17.11095],[76.17484,17.1118],[76.17265,17.11317],[76.17226,17.11261],[76.17141,17.1153],[76.17179,17.11691],[76.17437,17.11908],[76.1946,17.12148],[76.19304,17.13075],[76.1942,17.13508],[76.19498,17.1442],[76.17924,17.14734],[76.1725,17.14924],[76.16739,17.14996],[76.16622,17.15173],[76.16777,17.15357],[76.16951,17.1581],[76.17412,17.16215],[76.17419,17.16397],[76.17105,17.16344],[76.17062,17.16444],[76.17285,17.17039],[76.17731,17.17119],[76.17823,17.172],[76.17836,17.17322],[76.1795,17.1744],[76.18201,17.1756],[76.18428,17.17826],[76.18534,17.17869],[76.19151,17.17613],[76.1956,17.17663],[76.19498,17.18426],[76.20142,17.18333],[76.20621,17.18343],[76.21648,17.18684],[76.21897,17.18655],[76.22067,17.18577],[76.22178,17.18417],[76.22198,17.18269],[76.22111,17.17636],[76.22199,17.17511],[76.22791,17.17105],[76.23125,17.16936],[76.23338,17.16716],[76.23649,17.16273],[76.23835,17.15591],[76.24059,17.15204],[76.24203,17.15085],[76.24356,17.15041],[76.25164,17.14956],[76.2572,17.14926],[76.26149,17.1508],[76.26915,17.15968],[76.27263,17.16278],[76.27906,17.16655],[76.28408,17.16729],[76.2841,17.16464],[76.28536,17.16474],[76.30454,17.17016],[76.30966,17.17054],[76.32184,17.16904],[76.32683,17.16905],[76.32677,17.17003],[76.33131,17.17095],[76.34242,17.177],[76.34785,17.18263],[76.35061,17.18483],[76.35415,17.18652],[76.3564,17.18672],[76.36001,17.18566],[76.3629,17.18346],[76.36524,17.17919],[76.36655,17.17535],[76.36762,17.17001]]]}},{"type":"Feature","properties":{"unitId":815,"unitName":"Devara Hipparagi PS"},"geometry":{"type":"Polygon","coordinates":[[[76.0512,16.98425],[76.05679,16.98423],[76.05644,16.98254],[76.05666,16.978],[76.0575,16.97421],[76.0574,16.97176],[76.0606,16.96876],[76.06581,16.97024],[76.06851,16.97166],[76.07426,16.97606],[76.08081,16.97886],[76.08744,16.98061],[76.09346,16.98032],[76.09953,16.93962],[76.09852,16.93263],[76.09469,16.91645],[76.09549,16.90201],[76.09715,16.90252],[76.10274,16.90258],[76.11348,16.90117],[76.11438,16.89864],[76.11383,16.89507],[76.11593,16.87845],[76.11569,16.87809],[76.11342,16.87801],[76.11247,16.87661],[76.11073,16.87712],[76.10825,16.87707],[76.10289,16.87563],[76.10057,16.87285],[76.10062,16.87135],[76.10202,16.8702],[76.09965,16.86916],[76.09977,16.8671],[76.09889,16.8666],[76.0953,16.86634],[76.09409,16.86409],[76.09244,16.86286],[76.08929,16.85693],[76.08499,16.85211],[76.08818,16.8517],[76.09025,16.85259],[76.09262,16.85234],[76.0924,16.84992],[76.09883,16.84592],[76.09843,16.84134],[76.09732,16.83895],[76.09891,16.83646],[76.09818,16.83312],[76.09984,16.83421],[76.10397,16.83541],[76.10668,16.83694],[76.11349,16.83625],[76.12327,16.83693],[76.12323,16.83746],[76.12989,16.83799],[76.13802,16.83777],[76.13817,16.83855],[76.14508,16.83838],[76.14506,16.83872],[76.15264,16.83718],[76.16297,16.83129],[76.16396,16.83035],[76.16717,16.82504],[76.16776,16.81537],[76.16589,16.80466],[76.17412,16.80295],[76.17414,16.80204],[76.17678,16.79986],[76.1768,16.79871],[76.17771,16.79838],[76.17894,16.79699],[76.17933,16.79529],[76.1802,16.79497],[76.1813,16.79364],[76.18231,16.79322],[76.18725,16.79436],[76.19007,16.79375],[76.20259,16.79395],[76.20958,16.79293],[76.21587,16.79279],[76.21866,16.79193],[76.21965,16.79098],[76.22149,16.80018],[76.2225,16.8133],[76.2229,16.81319],[76.22416,16.81866],[76.22578,16.8218],[76.22609,16.82171],[76.22759,16.82547],[76.22885,16.82517],[76.22914,16.83239],[76.23529,16.83191],[76.24161,16.83205],[76.24803,16.8314],[76.25654,16.82856],[76.26543,16.82395],[76.26756,16.8298],[76.27091,16.83706],[76.27139,16.83705],[76.2847,16.83098],[76.28558,16.82964],[76.28657,16.82603],[76.28687,16.81866],[76.28613,16.81366],[76.2848,16.81111],[76.28098,16.8078],[76.26856,16.81003],[76.26824,16.80969],[76.26882,16.80711],[76.26782,16.80353],[76.26859,16.80327],[76.26902,16.79291],[76.27008,16.78666],[76.26686,16.78671],[76.26809,16.77648],[76.27005,16.77154],[76.27241,16.77146],[76.27428,16.77013],[76.27758,16.76937],[76.2762,16.76243],[76.27742,16.76225],[76.27763,16.75923],[76.27644,16.75387],[76.27659,16.74609],[76.27685,16.74461],[76.27736,16.74467],[76.27678,16.73982],[76.27516,16.73971],[76.27414,16.73316],[76.27132,16.73284],[76.27047,16.7322],[76.26966,16.72859],[76.26351,16.72395],[76.26096,16.7186],[76.25692,16.71302],[76.25655,16.70818],[76.2535,16.70738],[76.25023,16.70583],[76.25019,16.70624],[76.24727,16.70449],[76.24302,16.70357],[76.24196,16.69769],[76.24219,16.69012],[76.24126,16.68991],[76.24115,16.68646],[76.24218,16.68254],[76.24366,16.68246],[76.24448,16.67911],[76.24474,16.67358],[76.24721,16.67389],[76.24716,16.67298],[76.24564,16.66731],[76.24447,16.66735],[76.24225,16.66135],[76.23958,16.66163],[76.23935,16.65936],[76.23848,16.65963],[76.23786,16.65727],[76.23529,16.65375],[76.2335,16.654],[76.23361,16.65077],[76.23123,16.6505],[76.22948,16.64921],[76.23136,16.64724],[76.23069,16.64318],[76.23063,16.6385],[76.23005,16.63802],[76.23083,16.63597],[76.23132,16.63583],[76.23128,16.6346],[76.23033,16.63143],[76.22954,16.63121],[76.22944,16.62986],[76.22733,16.63145],[76.22614,16.63103],[76.22702,16.62965],[76.22558,16.62966],[76.2249,16.63028],[76.22464,16.63175],[76.22399,16.63096],[76.22225,16.63242],[76.22123,16.63171],[76.221,16.63022],[76.21943,16.63049],[76.21881,16.63128],[76.2183,16.62986],[76.21858,16.62945],[76.21718,16.62889],[76.21644,16.62741],[76.21587,16.62766],[76.21599,16.62906],[76.21368,16.62993],[76.2119,16.62955],[76.21169,16.62849],[76.21008,16.62786],[76.21018,16.62709],[76.20922,16.62663],[76.20893,16.62733],[76.2084,16.6272],[76.20851,16.62635],[76.20746,16.62566],[76.20424,16.62549],[76.2027,16.62658],[76.19936,16.62465],[76.19694,16.62522],[76.19678,16.6258],[76.19624,16.62581],[76.19648,16.62682],[76.19607,16.62778],[76.19428,16.62826],[76.19395,16.62942],[76.19314,16.63012],[76.19175,16.63722],[76.20052,16.63983],[76.20705,16.64104],[76.20783,16.6423],[76.21681,16.64481],[76.22074,16.64627],[76.2206,16.64672],[76.22415,16.64684],[76.22444,16.65027],[76.22381,16.65143],[76.21945,16.65381],[76.21799,16.65723],[76.21331,16.66135],[76.21041,16.66265],[76.20426,16.66028],[76.19677,16.65863],[76.188,16.65762],[76.17844,16.65547],[76.17381,16.65906],[76.17661,16.66334],[76.17991,16.66716],[76.18078,16.66914],[76.18156,16.66947],[76.18268,16.6719],[76.18444,16.68385],[76.18569,16.68623],[76.18738,16.68596],[76.18853,16.69116],[76.18891,16.6958],[76.19003,16.69872],[76.18963,16.70065],[76.19016,16.70271],[76.19123,16.70424],[76.19288,16.70847],[76.19179,16.70959],[76.18673,16.71157],[76.1817,16.7122],[76.17298,16.71513],[76.17012,16.71554],[76.16797,16.71155],[76.15718,16.69932],[76.15454,16.69892],[76.15133,16.70543],[76.15073,16.70581],[76.14846,16.70676],[76.14496,16.70627],[76.14464,16.70534],[76.14047,16.708],[76.14019,16.70858],[76.14063,16.70983],[76.13761,16.70957],[76.13431,16.71148],[76.12982,16.71309],[76.12916,16.71478],[76.1306,16.71718],[76.12984,16.72152],[76.13045,16.7234],[76.12928,16.72414],[76.12627,16.72428],[76.126,16.72555],[76.12687,16.72614],[76.12644,16.72751],[76.1249,16.7285],[76.12163,16.72984],[76.12146,16.72957],[76.12071,16.72998],[76.12081,16.7304],[76.11972,16.7308],[76.11749,16.73147],[76.11689,16.72792],[76.11165,16.73008],[76.1113,16.73045],[76.11163,16.73623],[76.11039,16.73784],[76.10888,16.73779],[76.10851,16.73686],[76.10725,16.7371],[76.10568,16.73257],[76.10383,16.73263],[76.10164,16.73366],[76.09975,16.73556],[76.09844,16.73561],[76.09725,16.73686],[76.0969,16.736],[76.0951,16.73716],[76.09225,16.73742],[76.09122,16.73553],[76.0919,16.73424],[76.09123,16.7312],[76.08751,16.7318],[76.08552,16.73464],[76.08529,16.73368],[76.07958,16.73459],[76.07955,16.73341],[76.07015,16.73344],[76.06995,16.7344],[76.06831,16.73349],[76.06605,16.73423],[76.06272,16.73399],[76.05992,16.73775],[76.06066,16.74315],[76.05855,16.7433],[76.05797,16.74986],[76.05728,16.75233],[76.05717,16.7577],[76.05429,16.75803],[76.03865,16.76194],[76.02568,16.76314],[76.02571,16.76022],[76.01391,16.75914],[76.007,16.75917],[76.00059,16.75983],[76.00078,16.76093],[75.99953,16.76173],[75.99512,16.76234],[75.99531,16.76915],[75.99601,16.76895],[75.99701,16.78085],[75.99878,16.79101],[75.99899,16.79532],[75.99846,16.802],[76.00015,16.80739],[76.00098,16.80913],[76.00981,16.81665],[76.0114,16.8175],[76.01225,16.81907],[76.0139,16.81988],[76.0151,16.82136],[76.01739,16.82251],[76.01753,16.82397],[76.01933,16.82504],[76.02056,16.83402],[76.01998,16.83748],[76.01879,16.84037],[76.019,16.84303],[76.02048,16.84589],[76.01932,16.84922],[76.01954,16.84974],[76.02169,16.85019],[76.02507,16.85175],[76.026,16.85444],[76.01891,16.85738],[76.01751,16.85887],[76.01675,16.85871],[76.01453,16.86082],[76.00553,16.86507],[76.00414,16.86615],[76.00365,16.86724],[76.00235,16.86778],[76.00122,16.86899],[76.00095,16.86801],[75.99848,16.86897],[75.99477,16.87302],[75.99712,16.87734],[75.99938,16.88562],[76.00096,16.89306],[76.00125,16.89855],[76.00247,16.90603],[76.00144,16.91152],[75.99675,16.92075],[75.99586,16.92174],[75.98198,16.92339],[75.95533,16.91882],[75.95492,16.92306],[75.95271,16.93362],[75.95302,16.93839],[75.95483,16.94715],[75.9576,16.95148],[75.96043,16.95773],[75.96151,16.9588],[75.96224,16.96172],[75.96343,16.9633],[75.9721,16.96247],[75.97257,16.96322],[75.97772,16.96278],[75.97808,16.96147],[75.97938,16.96122],[75.97955,16.96215],[75.98444,16.96213],[75.9845,16.95895],[75.99208,16.9598],[75.99206,16.96013],[75.99637,16.96107],[75.99717,16.96],[76.00043,16.96007],[75.99906,16.96879],[76.00702,16.97062],[76.00711,16.97315],[76.00818,16.97315],[76.00962,16.97459],[76.01096,16.97468],[76.01152,16.97556],[76.01263,16.97579],[76.016,16.97542],[76.01802,16.9747],[76.02094,16.97525],[76.02347,16.97377],[76.02695,16.97674],[76.02906,16.9808],[76.03163,16.98281],[76.0309,16.98723],[76.03543,16.98755],[76.04626,16.98567],[76.0512,16.98425]]]}},{"type":"Feature","properties":{"unitId":816,"unitName":"Kalkeri PS"},"geometry":{"type":"Polygon","coordinates":[[[76.33674,16.82907],[76.33787,16.8289],[76.34302,16.82986],[76.35312,16.82842],[76.35202,16.82134],[76.3513,16.81943],[76.36128,16.81939],[76.37519,16.81768],[76.37745,16.81775],[76.37827,16.8174],[76.3783,16.81691],[76.37959,16.81671],[76.38954,16.81674],[76.40435,16.81521],[76.40903,16.81403],[76.41388,16.81353],[76.41202,16.80512],[76.41091,16.80407],[76.4103,16.79876],[76.40539,16.79946],[76.40062,16.80118],[76.40049,16.80192],[76.39979,16.80219],[76.39828,16.80419],[76.39639,16.80462],[76.39634,16.80575],[76.39282,16.80505],[76.39178,16.80305],[76.39071,16.80239],[76.3899,16.80309],[76.38571,16.80162],[76.38244,16.80156],[76.37968,16.80074],[76.37779,16.80123],[76.3772,16.79304],[76.37497,16.78695],[76.37379,16.78524],[76.37407,16.78486],[76.37319,16.77956],[76.3713,16.77288],[76.37069,16.7676],[76.38361,16.76938],[76.41144,16.76807],[76.41133,16.76457],[76.41853,16.7646],[76.41845,16.76886],[76.42209,16.76779],[76.42581,16.76592],[76.43551,16.76464],[76.43818,16.76149],[76.44043,16.76028],[76.44251,16.75719],[76.4412,16.75623],[76.44079,16.75503],[76.4387,16.75249],[76.43979,16.75111],[76.4402,16.74254],[76.43603,16.74152],[76.4288,16.73823],[76.42897,16.7341],[76.42743,16.73378],[76.42299,16.73073],[76.42348,16.72556],[76.42274,16.71767],[76.43034,16.7168],[76.44239,16.71389],[76.44415,16.71576],[76.4466,16.72352],[76.44948,16.72389],[76.44981,16.72453],[76.45059,16.72456],[76.45147,16.72335],[76.45956,16.72335],[76.45993,16.7154],[76.46187,16.70893],[76.45844,16.70892],[76.45685,16.71084],[76.4551,16.71179],[76.45273,16.71467],[76.44927,16.71166],[76.44095,16.70992],[76.44048,16.70949],[76.44003,16.70683],[76.43746,16.70314],[76.43627,16.70316],[76.43154,16.70109],[76.43033,16.69859],[76.43051,16.69658],[76.42975,16.69639],[76.42888,16.69699],[76.42589,16.69594],[76.42519,16.69406],[76.42668,16.68953],[76.42666,16.68702],[76.4227,16.68017],[76.4203,16.67231],[76.41796,16.67037],[76.41701,16.66884],[76.41577,16.66912],[76.41411,16.66381],[76.41147,16.66339],[76.41026,16.66234],[76.40629,16.65543],[76.40331,16.64413],[76.4029,16.64008],[76.40362,16.633],[76.40445,16.63042],[76.40423,16.62745],[76.40499,16.62719],[76.40467,16.62649],[76.40757,16.62299],[76.40821,16.62282],[76.40791,16.6222],[76.40887,16.62149],[76.4105,16.61509],[76.4099,16.6149],[76.41008,16.61371],[76.41295,16.6087],[76.41402,16.60846],[76.41531,16.60557],[76.41606,16.6027],[76.41608,16.59816],[76.41471,16.5943],[76.41381,16.59344],[76.41334,16.58983],[76.40821,16.58934],[76.40326,16.58736],[76.39725,16.58599],[76.39535,16.58049],[76.38686,16.58306],[76.3789,16.58424],[76.36066,16.58463],[76.35366,16.58639],[76.344,16.5868],[76.33078,16.58647],[76.33001,16.59324],[76.32521,16.59318],[76.32237,16.59481],[76.31955,16.59488],[76.31862,16.59448],[76.31463,16.59635],[76.31358,16.59556],[76.31269,16.59567],[76.3112,16.5962],[76.30955,16.59803],[76.30611,16.59918],[76.30659,16.60938],[76.30605,16.61803],[76.30321,16.61764],[76.30281,16.61714],[76.30076,16.617],[76.29938,16.61631],[76.29574,16.61613],[76.29435,16.6154],[76.29429,16.61485],[76.2913,16.61341],[76.28136,16.61322],[76.26546,16.61479],[76.2624,16.61039],[76.26146,16.61241],[76.25885,16.61357],[76.25828,16.61481],[76.25668,16.61583],[76.25621,16.61693],[76.25362,16.61958],[76.25316,16.61953],[76.25317,16.62028],[76.2506,16.62096],[76.25047,16.62237],[76.24023,16.6218],[76.24075,16.62382],[76.2395,16.6254],[76.23717,16.62597],[76.23634,16.62501],[76.23316,16.63029],[76.23094,16.62866],[76.2305,16.62972],[76.23023,16.63131],[76.23132,16.63583],[76.23083,16.63597],[76.23005,16.63802],[76.23063,16.6385],[76.23069,16.64318],[76.23135,16.64761],[76.22948,16.64921],[76.23123,16.6505],[76.23361,16.65077],[76.2335,16.654],[76.23529,16.65375],[76.23786,16.65727],[76.23848,16.65963],[76.23935,16.65936],[76.23958,16.66163],[76.24225,16.66135],[76.24447,16.66735],[76.24564,16.66731],[76.24716,16.67298],[76.24721,16.67389],[76.24474,16.67358],[76.24448,16.67911],[76.24366,16.68246],[76.24218,16.68254],[76.24115,16.68646],[76.24126,16.68991],[76.24219,16.69012],[76.24196,16.69769],[76.24302,16.70357],[76.24727,16.70449],[76.25019,16.70624],[76.25023,16.70583],[76.2535,16.70738],[76.25655,16.70818],[76.25692,16.71302],[76.26096,16.7186],[76.26351,16.72395],[76.26966,16.72859],[76.27047,16.7322],[76.27132,16.73284],[76.27414,16.73316],[76.27516,16.73971],[76.27678,16.73982],[76.27736,16.74467],[76.27685,16.74461],[76.27659,16.74609],[76.27644,16.75387],[76.27763,16.75923],[76.27742,16.76225],[76.2762,16.76243],[76.27758,16.76937],[76.27428,16.77013],[76.27241,16.77146],[76.27005,16.77154],[76.26809,16.77648],[76.26686,16.78671],[76.27008,16.78666],[76.26902,16.79291],[76.26859,16.80327],[76.26782,16.80353],[76.26882,16.80711],[76.26829,16.80981],[76.28098,16.8078],[76.2848,16.81111],[76.28577,16.81248],[76.2867,16.8169],[76.28657,16.82603],[76.28996,16.82611],[76.31324,16.82377],[76.31172,16.82514],[76.31214,16.82605],[76.31288,16.82642],[76.31304,16.82751],[76.3112,16.82886],[76.31178,16.83008],[76.31373,16.83088],[76.31369,16.83257],[76.31543,16.83546],[76.31561,16.83788],[76.32891,16.83386],[76.33307,16.832],[76.33645,16.83126],[76.33674,16.82907]]]}},{"type":"Feature","properties":{"unitId":817,"unitName":"Sindagi PS"},"geometry":{"type":"Polygon","coordinates":[[[76.43057,17.07155],[76.43019,17.06956],[76.43045,17.06557],[76.43176,17.0583],[76.43126,17.05537],[76.43142,17.05298],[76.42719,17.05344],[76.43074,17.03728],[76.43113,17.02966],[76.43757,17.02698],[76.43681,17.02576],[76.43467,17.02581],[76.43334,17.02544],[76.43331,17.02501],[76.43778,17.01076],[76.43924,17.00381],[76.43944,17.00019],[76.441,16.99908],[76.43949,16.99199],[76.43753,16.98589],[76.4368,16.98185],[76.42916,16.98063],[76.42948,16.97903],[76.42293,16.97841],[76.40937,16.9786],[76.40035,16.97752],[76.40069,16.97203],[76.40159,16.97078],[76.40228,16.96459],[76.40206,16.96091],[76.40275,16.95506],[76.40204,16.95407],[76.40193,16.95227],[76.40249,16.94302],[76.40131,16.93882],[76.3993,16.93525],[76.40785,16.93146],[76.41637,16.92844],[76.42791,16.92712],[76.42925,16.92904],[76.42829,16.92937],[76.42993,16.9312],[76.43089,16.93441],[76.4341,16.94003],[76.43399,16.94363],[76.44093,16.94263],[76.44736,16.94082],[76.44902,16.93538],[76.45034,16.9334],[76.45194,16.92755],[76.45873,16.92776],[76.46257,16.91903],[76.46309,16.91921],[76.46425,16.91669],[76.46539,16.91116],[76.46508,16.90614],[76.46533,16.90284],[76.46587,16.90233],[76.46492,16.90243],[76.46275,16.90081],[76.46233,16.90133],[76.45944,16.90025],[76.45434,16.89975],[76.44444,16.89782],[76.44084,16.89752],[76.43379,16.89786],[76.43467,16.88863],[76.4334,16.88227],[76.43681,16.88187],[76.43721,16.87227],[76.43802,16.8684],[76.45877,16.8672],[76.45862,16.86011],[76.46168,16.85932],[76.46203,16.84922],[76.46733,16.84958],[76.47081,16.84687],[76.47101,16.83911],[76.46389,16.83896],[76.45999,16.83297],[76.44744,16.83521],[76.44099,16.83579],[76.43698,16.83694],[76.42969,16.83708],[76.42942,16.83671],[76.42972,16.8459],[76.42917,16.85105],[76.41699,16.85251],[76.4114,16.85268],[76.40436,16.85387],[76.40447,16.85864],[76.39682,16.85855],[76.3908,16.85623],[76.38667,16.8563],[76.37419,16.85821],[76.36596,16.84755],[76.36191,16.84503],[76.36091,16.84407],[76.36067,16.84274],[76.35889,16.84263],[76.35809,16.84053],[76.35891,16.84037],[76.3578,16.8376],[76.35597,16.83574],[76.35312,16.82842],[76.34302,16.82986],[76.33787,16.8289],[76.33674,16.82907],[76.33645,16.83126],[76.33307,16.832],[76.32891,16.83386],[76.31561,16.83788],[76.31543,16.83546],[76.31369,16.83257],[76.31373,16.83088],[76.31178,16.83008],[76.3112,16.82886],[76.31304,16.82751],[76.31288,16.82642],[76.31214,16.82605],[76.31172,16.82514],[76.31324,16.82377],[76.28996,16.82611],[76.28657,16.82603],[76.28558,16.82964],[76.2847,16.83098],[76.27139,16.83705],[76.27091,16.83706],[76.26756,16.8298],[76.26543,16.82395],[76.25654,16.82856],[76.24803,16.8314],[76.24161,16.83205],[76.23529,16.83191],[76.22914,16.83239],[76.22885,16.82517],[76.22759,16.82547],[76.22609,16.82171],[76.22578,16.8218],[76.22416,16.81866],[76.2229,16.81319],[76.2225,16.8133],[76.22149,16.80018],[76.21965,16.79098],[76.21866,16.79193],[76.21587,16.79279],[76.20958,16.79293],[76.20259,16.79395],[76.19007,16.79375],[76.18725,16.79436],[76.18231,16.79322],[76.1813,16.79364],[76.1802,16.79497],[76.17933,16.79529],[76.17894,16.79699],[76.17771,16.79838],[76.1768,16.79871],[76.17678,16.79986],[76.17414,16.80204],[76.17412,16.80295],[76.16589,16.80466],[76.16776,16.81537],[76.16717,16.82504],[76.16396,16.83035],[76.16297,16.83129],[76.15264,16.83718],[76.14506,16.83872],[76.14508,16.83838],[76.13817,16.83855],[76.13802,16.83777],[76.12989,16.83799],[76.12323,16.83746],[76.12327,16.83693],[76.11349,16.83625],[76.10668,16.83694],[76.10397,16.83541],[76.09984,16.83421],[76.09818,16.83312],[76.09891,16.83646],[76.09732,16.83895],[76.09843,16.84134],[76.09883,16.84592],[76.0924,16.84992],[76.09262,16.85234],[76.09025,16.85259],[76.08818,16.8517],[76.08499,16.85211],[76.08929,16.85693],[76.09244,16.86286],[76.09409,16.86409],[76.0953,16.86634],[76.09889,16.8666],[76.09977,16.8671],[76.09965,16.86916],[76.10202,16.8702],[76.10062,16.87135],[76.10057,16.87285],[76.10289,16.87563],[76.10825,16.87707],[76.11073,16.87712],[76.11247,16.87661],[76.11342,16.87801],[76.11569,16.87809],[76.11593,16.87845],[76.11383,16.89507],[76.11438,16.89864],[76.11348,16.90117],[76.10274,16.90258],[76.09715,16.90252],[76.09549,16.90201],[76.09469,16.91645],[76.09852,16.93263],[76.09953,16.93962],[76.09361,16.97856],[76.09336,16.98318],[76.10135,16.98293],[76.10858,16.9838],[76.12526,16.98394],[76.14312,16.98492],[76.14738,16.98568],[76.15679,16.98605],[76.16194,16.98682],[76.16239,16.98697],[76.16218,16.98772],[76.17025,16.98641],[76.17618,16.9825],[76.17882,16.98012],[76.18118,16.98028],[76.18265,16.98066],[76.18264,16.9812],[76.18528,16.98168],[76.18898,16.98077],[76.18806,16.98578],[76.18811,16.98891],[76.18864,16.98907],[76.18823,16.99199],[76.19021,16.99223],[76.19051,16.9906],[76.20089,16.99118],[76.20859,16.99103],[76.2097,16.99278],[76.21319,16.99599],[76.21818,16.99551],[76.21823,16.99355],[76.21964,16.99185],[76.21963,16.99018],[76.22175,16.99011],[76.22286,16.98882],[76.22297,16.98634],[76.22622,16.98621],[76.22628,16.98428],[76.2335,16.98809],[76.23431,16.98291],[76.23708,16.98283],[76.25525,16.98571],[76.2619,16.98587],[76.26846,16.98732],[76.26898,16.99324],[76.26845,16.99766],[76.2709,16.99811],[76.27598,16.9982],[76.28135,16.99759],[76.29714,16.99846],[76.30192,16.99947],[76.31262,16.9989],[76.32176,16.99767],[76.32245,17.00078],[76.32727,17.0052],[76.32786,17.00702],[76.3288,17.01635],[76.33075,17.0184],[76.3309,17.02142],[76.33032,17.02279],[76.33376,17.0302],[76.33512,17.03442],[76.33584,17.04339],[76.33754,17.05569],[76.33858,17.05955],[76.34622,17.06212],[76.35416,17.06391],[76.366,17.06825],[76.37527,17.06885],[76.37508,17.06949],[76.37642,17.07084],[76.37859,17.07032],[76.379,17.06898],[76.37981,17.06855],[76.38139,17.06955],[76.38558,17.07712],[76.38682,17.07822],[76.38901,17.07256],[76.39171,17.0711],[76.39598,17.07057],[76.39815,17.0714],[76.40173,17.07431],[76.40553,17.08275],[76.40814,17.08625],[76.4101,17.08794],[76.41795,17.09229],[76.42766,17.10006],[76.42967,17.09883],[76.42922,17.09696],[76.42925,17.0922],[76.43002,17.09046],[76.43019,17.08788],[76.43016,17.07347],[76.43057,17.07155]],[[76.32023,16.98251],[76.32015,16.9804],[76.32235,16.98044],[76.32227,16.98249],[76.32023,16.98251]],[[76.31979,16.97387],[76.31991,16.97542],[76.31939,16.97454],[76.31979,16.97387]]]}}]}