{"type":"FeatureCollection","features":[{"type":"Feature","properties":{"unitId":54,"unitName":"Bagewadi PS"},"geometry":{"type":"MultiPolygon","coordinates":[[[[74.63841,15.83471],[74.64057,15.82886],[74.64157,15.82443],[74.63872,15.82165],[74.63908,15.81922],[74.63727,15.81914],[74.63703,15.81634],[74.6347,15.81652],[74.63104,15.81355],[74.63182,15.8123],[74.63232,15.80819],[74.63226,15.80298],[74.6364,15.80513],[74.63911,15.80564],[74.64079,15.8051],[74.64402,15.80524],[74.64413,15.8048],[74.64515,15.80469],[74.6489,15.80487],[74.66716,15.80337],[74.66772,15.79753],[74.66951,15.79259],[74.6668,15.79224],[74.66527,15.791],[74.66603,15.78826],[74.66573,15.78708],[74.66612,15.78023],[74.66816,15.78061],[74.66936,15.77447],[74.67009,15.77307],[74.67001,15.77125],[74.6711,15.7711],[74.67145,15.76733],[74.67111,15.76214],[74.66935,15.75982],[74.66968,15.7588],[74.66899,15.7575],[74.66991,15.7555],[74.67104,15.75465],[74.67202,15.75473],[74.67255,15.75346],[74.67414,15.75302],[74.67534,15.75349],[74.67505,15.75248],[74.67411,15.75271],[74.6736,15.75233],[74.67402,15.75176],[74.67997,15.75301],[74.68154,15.74595],[74.67782,15.74382],[74.67795,15.74331],[74.67732,15.74255],[74.67571,15.74189],[74.67568,15.73927],[74.67619,15.73978],[74.67678,15.73948],[74.67581,15.73819],[74.67659,15.73804],[74.67792,15.73656],[74.67712,15.73593],[74.67689,15.73472],[74.67729,15.73457],[74.67665,15.73392],[74.67765,15.73335],[74.67762,15.73275],[74.67611,15.73097],[74.67715,15.72761],[74.67708,15.72624],[74.67783,15.72623],[74.67838,15.72469],[74.67834,15.72426],[74.67717,15.72371],[74.67823,15.72265],[74.67757,15.72247],[74.67773,15.72178],[74.67657,15.72126],[74.67757,15.7209],[74.67725,15.72038],[74.67759,15.72006],[74.67727,15.71984],[74.67604,15.72053],[74.67511,15.71966],[74.67322,15.71974],[74.67247,15.72071],[74.67156,15.71986],[74.67076,15.72013],[74.66988,15.72177],[74.66876,15.7223],[74.6692,15.72128],[74.66776,15.72154],[74.66815,15.71411],[74.65805,15.71235],[74.65057,15.7099],[74.65023,15.70843],[74.63959,15.70781],[74.6373,15.70689],[74.63632,15.70401],[74.63514,15.70352],[74.63448,15.70196],[74.63298,15.70116],[74.63282,15.69949],[74.63213,15.69855],[74.63163,15.69346],[74.63098,15.69332],[74.62838,15.69299],[74.62827,15.69337],[74.62693,15.6934],[74.62585,15.69465],[74.62374,15.69432],[74.62023,15.69539],[74.61809,15.69489],[74.6142,15.69505],[74.61202,15.69581],[74.60691,15.69637],[74.60223,15.69575],[74.59921,15.69654],[74.59771,15.69645],[74.59765,15.69688],[74.59505,15.69661],[74.59509,15.70022],[74.59257,15.70137],[74.58749,15.70199],[74.5862,15.70564],[74.58487,15.70811],[74.58397,15.70857],[74.57976,15.7073],[74.57788,15.70571],[74.57243,15.70442],[74.56966,15.70426],[74.56874,15.70374],[74.56672,15.70557],[74.56672,15.70639],[74.56559,15.70639],[74.56534,15.70704],[74.56643,15.70778],[74.56553,15.70786],[74.56556,15.7084],[74.56654,15.7087],[74.56597,15.71002],[74.56614,15.71165],[74.56701,15.71156],[74.5656,15.71231],[74.56502,15.71331],[74.56628,15.71343],[74.56637,15.71476],[74.56702,15.71515],[74.5667,15.71603],[74.56741,15.71667],[74.56725,15.71736],[74.56827,15.71785],[74.56752,15.71849],[74.56791,15.72022],[74.5669,15.72233],[74.56805,15.72361],[74.56703,15.72413],[74.56719,15.72565],[74.56588,15.72664],[74.56625,15.72849],[74.56573,15.72944],[74.56592,15.73176],[74.56664,15.73217],[74.56483,15.73301],[74.56501,15.73363],[74.56403,15.73382],[74.56004,15.73313],[74.55775,15.73876],[74.55536,15.74035],[74.55479,15.74124],[74.55434,15.74652],[74.5551,15.74712],[74.55455,15.74858],[74.55338,15.74899],[74.55318,15.75035],[74.55199,15.75187],[74.55155,15.7533],[74.55194,15.75455],[74.55029,15.75749],[74.54964,15.76204],[74.55422,15.76402],[74.55946,15.76422],[74.56151,15.76368],[74.56134,15.76827],[74.56295,15.7729],[74.56607,15.7761],[74.56843,15.77721],[74.56742,15.78087],[74.56561,15.78383],[74.56634,15.7845],[74.56625,15.78517],[74.56409,15.78933],[74.5616,15.79049],[74.55762,15.79443],[74.55596,15.79541],[74.55476,15.79686],[74.55431,15.79677],[74.54914,15.80463],[74.54726,15.8045],[74.54395,15.80688],[74.54313,15.80691],[74.54303,15.80745],[74.54125,15.80783],[74.54016,15.80879],[74.53941,15.81046],[74.53868,15.81038],[74.5384,15.81119],[74.53793,15.81127],[74.53752,15.81238],[74.53451,15.81207],[74.53386,15.81465],[74.53421,15.81492],[74.53397,15.81629],[74.54093,15.81735],[74.53998,15.82478],[74.54158,15.82455],[74.5416,15.82506],[74.54489,15.82528],[74.54483,15.82706],[74.5457,15.82699],[74.54598,15.83083],[74.56321,15.83023],[74.563,15.8294],[74.56906,15.82887],[74.57026,15.82937],[74.57233,15.82935],[74.57261,15.82996],[74.57813,15.83041],[74.5785,15.82439],[74.58017,15.82067],[74.58524,15.8212],[74.58587,15.81998],[74.59035,15.8184],[74.59391,15.81806],[74.59399,15.81634],[74.59442,15.81613],[74.59534,15.81317],[74.59784,15.81429],[74.59853,15.81508],[74.59866,15.81648],[74.59945,15.8166],[74.60195,15.81868],[74.60227,15.82044],[74.60483,15.82063],[74.61046,15.82575],[74.61111,15.82728],[74.6136,15.82686],[74.61751,15.83077],[74.61795,15.83194],[74.61876,15.83171],[74.62106,15.83319],[74.62867,15.83412],[74.63318,15.83564],[74.63742,15.83645],[74.63787,15.83643],[74.63841,15.83471]]],[[[74.63811,15.68537],[74.63952,15.68462],[74.64061,15.68331],[74.63544,15.68311],[74.63533,15.68535],[74.63811,15.68537]]]]}},{"type":"Feature","properties":{"unitId":55,"unitName":"Belagavi Rural PS"},"geometry":{"type":"MultiPolygon","coordinates":[[[[74.48086,15.89032],[74.48187,15.8898],[74.48242,15.88854],[74.47957,15.88761],[74.47961,15.88703],[74.47845,15.8864],[74.47837,15.88575],[74.47676,15.88582],[74.47638,15.88339],[74.47555,15.88177],[74.4762,15.87994],[74.48055,15.87826],[74.47998,15.87615],[74.4807,15.87582],[74.47976,15.87259],[74.47419,15.87317],[74.47404,15.86786],[74.47086,15.86928],[74.46847,15.86966],[74.46791,15.8696],[74.46694,15.86713],[74.46755,15.86513],[74.46848,15.86527],[74.46797,15.8625],[74.46836,15.86037],[74.47056,15.86064],[74.47093,15.86159],[74.47166,15.86168],[74.47228,15.86052],[74.47288,15.86045],[74.47309,15.8581],[74.47419,15.85759],[74.4745,15.85509],[74.47518,15.85486],[74.47604,15.85156],[74.47828,15.85179],[74.4784,15.85145],[74.47865,15.85021],[74.47808,15.84988],[74.477,15.84376],[74.47719,15.84215],[74.47656,15.84119],[74.47694,15.83725],[74.47664,15.834],[74.47704,15.83401],[74.47716,15.83334],[74.47749,15.82801],[74.48059,15.82821],[74.48113,15.82631],[74.47948,15.82637],[74.48052,15.82338],[74.48164,15.82304],[74.48283,15.81942],[74.48291,15.8177],[74.48354,15.8172],[74.48243,15.81681],[74.48417,15.81661],[74.48465,15.81603],[74.48453,15.81428],[74.48335,15.81423],[74.48336,15.8134],[74.48428,15.81049],[74.4839,15.80851],[74.48521,15.80667],[74.48355,15.80506],[74.4838,15.80458],[74.48532,15.80481],[74.48703,15.80303],[74.48885,15.80265],[74.48871,15.80176],[74.48921,15.80107],[74.48983,15.80154],[74.49042,15.80091],[74.49204,15.80086],[74.49088,15.79736],[74.48844,15.79664],[74.48985,15.7958],[74.48961,15.7948],[74.49076,15.79435],[74.49112,15.79334],[74.49302,15.79205],[74.49401,15.79215],[74.49538,15.79023],[74.49623,15.79052],[74.49621,15.79104],[74.49757,15.79201],[74.50573,15.79319],[74.50963,15.79469],[74.50963,15.79508],[74.51135,15.79539],[74.51126,15.7958],[74.51243,15.79659],[74.51223,15.79761],[74.51395,15.79817],[74.51396,15.79898],[74.51521,15.79917],[74.51512,15.79991],[74.51583,15.79997],[74.51596,15.80183],[74.51799,15.80255],[74.51993,15.80248],[74.52059,15.80007],[74.52123,15.79981],[74.52159,15.79794],[74.52216,15.7978],[74.52231,15.79582],[74.5233,15.79592],[74.52341,15.7953],[74.52741,15.79568],[74.52791,15.79579],[74.52777,15.7963],[74.52909,15.79645],[74.52772,15.80541],[74.53064,15.80592],[74.53048,15.80688],[74.53419,15.80754],[74.53373,15.81092],[74.533,15.81191],[74.53247,15.81434],[74.53392,15.81466],[74.53451,15.81207],[74.53752,15.81238],[74.53793,15.81127],[74.5384,15.81119],[74.53868,15.81038],[74.53941,15.81046],[74.54016,15.80879],[74.54125,15.80783],[74.54303,15.80745],[74.54313,15.80691],[74.54395,15.80688],[74.54726,15.8045],[74.54914,15.80463],[74.55431,15.79677],[74.55476,15.79686],[74.55596,15.79541],[74.55762,15.79443],[74.5616,15.79049],[74.56409,15.78933],[74.5658,15.78646],[74.56634,15.7845],[74.56561,15.78383],[74.56742,15.78087],[74.56843,15.77721],[74.56607,15.7761],[74.56295,15.7729],[74.56134,15.76827],[74.56151,15.76368],[74.55946,15.76422],[74.55422,15.76402],[74.54964,15.76204],[74.55029,15.75749],[74.55194,15.75455],[74.55155,15.7533],[74.55199,15.75187],[74.55318,15.75035],[74.55338,15.74899],[74.55455,15.74858],[74.5551,15.74712],[74.55434,15.74652],[74.55479,15.74124],[74.55536,15.74035],[74.55775,15.73876],[74.56004,15.73313],[74.56403,15.73382],[74.56501,15.73363],[74.56483,15.73301],[74.56664,15.73217],[74.56592,15.73176],[74.56573,15.72944],[74.56625,15.72849],[74.56588,15.72664],[74.56719,15.72565],[74.56703,15.72413],[74.56805,15.72361],[74.5669,15.72233],[74.56791,15.72022],[74.56752,15.71849],[74.56827,15.71785],[74.56725,15.71736],[74.56741,15.71667],[74.5667,15.71603],[74.56702,15.71515],[74.56637,15.71476],[74.56628,15.71343],[74.56502,15.71331],[74.5656,15.71231],[74.56698,15.71187],[74.56701,15.71156],[74.56614,15.71165],[74.56598,15.71101],[74.5665,15.70861],[74.5652,15.70846],[74.56481,15.70907],[74.56433,15.70874],[74.56275,15.70946],[74.56326,15.71012],[74.5631,15.71072],[74.56244,15.71053],[74.56227,15.71086],[74.56274,15.71161],[74.56129,15.71126],[74.56089,15.71188],[74.56007,15.71172],[74.55974,15.71247],[74.55851,15.71322],[74.55767,15.71323],[74.55799,15.71256],[74.55733,15.71257],[74.55732,15.71312],[74.55668,15.71297],[74.55621,15.71226],[74.5566,15.71158],[74.55531,15.7108],[74.55437,15.71191],[74.55289,15.71192],[74.55157,15.71332],[74.54242,15.71523],[74.54202,15.71598],[74.54087,15.71583],[74.53978,15.71823],[74.54003,15.72043],[74.53461,15.72068],[74.53379,15.72453],[74.53178,15.72929],[74.5306,15.73],[74.52939,15.73193],[74.52912,15.73332],[74.52459,15.73229],[74.51874,15.73236],[74.51844,15.72975],[74.51697,15.72714],[74.51788,15.72627],[74.51727,15.72432],[74.5154,15.72229],[74.5159,15.72084],[74.51171,15.71737],[74.50985,15.71783],[74.50386,15.71741],[74.50075,15.71951],[74.49718,15.71886],[74.49404,15.72147],[74.49088,15.72081],[74.48987,15.72206],[74.4905,15.72324],[74.48654,15.72359],[74.48025,15.72234],[74.47172,15.72346],[74.47148,15.72162],[74.47022,15.72027],[74.47068,15.71894],[74.46951,15.71698],[74.46608,15.71649],[74.46454,15.71422],[74.46402,15.71418],[74.46159,15.7151],[74.46216,15.71703],[74.46125,15.71714],[74.46103,15.71862],[74.45985,15.71851],[74.45952,15.71918],[74.45789,15.71971],[74.45687,15.71929],[74.45513,15.72221],[74.45414,15.72255],[74.45373,15.72368],[74.45242,15.72426],[74.45224,15.72534],[74.45179,15.72539],[74.45216,15.72602],[74.45192,15.72775],[74.45148,15.72796],[74.45185,15.72974],[74.45052,15.73512],[74.44938,15.73597],[74.44859,15.73587],[74.448,15.73682],[74.44786,15.73937],[74.44166,15.74604],[74.44022,15.74609],[74.43965,15.74546],[74.4347,15.74428],[74.42607,15.74134],[74.42558,15.74033],[74.41194,15.74411],[74.40496,15.74549],[74.40133,15.74743],[74.39719,15.74838],[74.38861,15.75158],[74.38824,15.75467],[74.39164,15.76051],[74.37688,15.76543],[74.3746,15.7666],[74.37152,15.76583],[74.37075,15.76631],[74.36823,15.76642],[74.36684,15.76548],[74.36499,15.7661],[74.36367,15.76552],[74.36244,15.76587],[74.36213,15.7644],[74.36115,15.76306],[74.35988,15.76269],[74.36015,15.7585],[74.36067,15.75801],[74.3601,15.75793],[74.36017,15.75711],[74.35879,15.7557],[74.35743,15.7556],[74.3563,15.7544],[74.35363,15.75292],[74.35251,15.75281],[74.35221,15.75146],[74.35147,15.75158],[74.35138,15.75108],[74.34708,15.74764],[74.34381,15.74366],[74.34019,15.74232],[74.33315,15.74288],[74.33431,15.74474],[74.33548,15.74526],[74.33656,15.74678],[74.33792,15.75013],[74.33854,15.75046],[74.33912,15.75196],[74.33979,15.75224],[74.34181,15.75555],[74.34127,15.75646],[74.34109,15.7618],[74.34045,15.76466],[74.34414,15.7653],[74.34523,15.76421],[74.34627,15.7645],[74.34699,15.76523],[74.34715,15.76628],[74.34772,15.766],[74.34824,15.76638],[74.34899,15.76814],[74.35021,15.76838],[74.35047,15.7689],[74.34994,15.76932],[74.35053,15.76949],[74.3509,15.77078],[74.35319,15.77048],[74.3539,15.77089],[74.35396,15.7722],[74.35612,15.7724],[74.35686,15.77397],[74.35875,15.77497],[74.36095,15.77879],[74.36071,15.78012],[74.36184,15.78043],[74.36169,15.78085],[74.36245,15.78123],[74.36217,15.78241],[74.36328,15.78196],[74.3633,15.78328],[74.36424,15.78342],[74.36443,15.78393],[74.365,15.78365],[74.36507,15.78441],[74.36824,15.78583],[74.36813,15.78742],[74.36917,15.78817],[74.36863,15.78868],[74.36965,15.78906],[74.36881,15.79035],[74.36966,15.79034],[74.36939,15.79121],[74.37015,15.79179],[74.36959,15.79278],[74.37067,15.7944],[74.37079,15.79586],[74.37143,15.79579],[74.37114,15.7967],[74.37195,15.7965],[74.37151,15.79766],[74.37218,15.79791],[74.37116,15.79878],[74.37063,15.79832],[74.37033,15.7988],[74.37132,15.79967],[74.37192,15.79947],[74.37132,15.80015],[74.37184,15.80076],[74.37066,15.80114],[74.37163,15.80204],[74.37142,15.80318],[74.37079,15.80347],[74.37065,15.80465],[74.36949,15.8041],[74.36965,15.80613],[74.36872,15.80651],[74.36921,15.80754],[74.37012,15.80676],[74.37041,15.81019],[74.36977,15.81157],[74.37003,15.81186],[74.36906,15.81275],[74.36834,15.81267],[74.36814,15.81322],[74.36636,15.81266],[74.36526,15.81381],[74.36293,15.81449],[74.36257,15.81546],[74.36139,15.81517],[74.36016,15.81659],[74.36087,15.81729],[74.36022,15.81763],[74.36134,15.81854],[74.36183,15.81803],[74.36203,15.81878],[74.36361,15.81878],[74.36369,15.81808],[74.36549,15.81903],[74.36597,15.81991],[74.36535,15.82199],[74.36616,15.82415],[74.36607,15.82564],[74.37014,15.82906],[74.37075,15.83028],[74.37128,15.83044],[74.37211,15.82974],[74.37208,15.83131],[74.37271,15.83212],[74.37543,15.83264],[74.37554,15.83198],[74.37645,15.83133],[74.37743,15.8322],[74.37617,15.83301],[74.37831,15.83523],[74.37928,15.83558],[74.37855,15.83663],[74.3797,15.83806],[74.38049,15.83826],[74.37982,15.83638],[74.38034,15.83523],[74.38099,15.83534],[74.38048,15.83624],[74.38187,15.8381],[74.38188,15.83896],[74.38403,15.84054],[74.3826,15.84142],[74.38345,15.84157],[74.38316,15.84941],[74.39109,15.84866],[74.39819,15.84906],[74.39922,15.8495],[74.39796,15.85087],[74.40088,15.85256],[74.4023,15.85218],[74.4012,15.85373],[74.40231,15.85445],[74.40608,15.85507],[74.4222,15.84371],[74.42365,15.84431],[74.42375,15.84377],[74.42638,15.84318],[74.43279,15.84369],[74.43347,15.85018],[74.4389,15.85097],[74.4397,15.85619],[74.44148,15.85741],[74.44407,15.86032],[74.44508,15.86387],[74.44643,15.86521],[74.45125,15.86567],[74.45246,15.86664],[74.45332,15.86929],[74.45775,15.8687],[74.46119,15.8692],[74.46074,15.87089],[74.46132,15.87084],[74.46131,15.87168],[74.4621,15.8721],[74.46114,15.87268],[74.46157,15.87315],[74.4611,15.87443],[74.46165,15.87456],[74.46191,15.87611],[74.461,15.87624],[74.46096,15.87691],[74.46219,15.87777],[74.46022,15.87985],[74.45938,15.88004],[74.46001,15.88043],[74.45983,15.88097],[74.46028,15.88092],[74.46029,15.8818],[74.46108,15.88124],[74.46173,15.88151],[74.46102,15.88253],[74.46117,15.88382],[74.46468,15.88336],[74.46839,15.88153],[74.46888,15.88166],[74.4705,15.88242],[74.47076,15.88493],[74.47154,15.88526],[74.47174,15.88659],[74.47259,15.88771],[74.47316,15.88798],[74.47497,15.88633],[74.47524,15.88873],[74.47684,15.88829],[74.47866,15.8891],[74.47873,15.88998],[74.47832,15.89024],[74.47595,15.88997],[74.47583,15.89138],[74.47828,15.89222],[74.48079,15.89244],[74.48086,15.89032]]],[[[74.29216,15.83195],[74.30034,15.81742],[74.305,15.80589],[74.3071,15.8041],[74.3113,15.80229],[74.31208,15.80036],[74.31362,15.80023],[74.31375,15.79687],[74.31295,15.79494],[74.31211,15.79461],[74.31204,15.79373],[74.31097,15.79337],[74.31005,15.79187],[74.30745,15.79091],[74.30715,15.78991],[74.30408,15.78888],[74.30287,15.78783],[74.30206,15.78803],[74.2996,15.79046],[74.29803,15.79127],[74.29839,15.79299],[74.29804,15.7935],[74.29419,15.79604],[74.29122,15.79181],[74.29096,15.7907],[74.29137,15.78807],[74.29025,15.78729],[74.28887,15.78793],[74.28682,15.78779],[74.28687,15.78871],[74.28559,15.7885],[74.28381,15.79004],[74.27993,15.79089],[74.27407,15.79565],[74.27242,15.79561],[74.27114,15.795],[74.26988,15.79537],[74.26762,15.79734],[74.26908,15.8003],[74.2671,15.80809],[74.26754,15.81123],[74.26916,15.81609],[74.26925,15.81861],[74.26368,15.8288],[74.27215,15.82985],[74.2804,15.8302],[74.29216,15.83195]]],[[[74.41447,15.88404],[74.41871,15.88356],[74.41942,15.8826],[74.42044,15.88252],[74.4208,15.88183],[74.42319,15.88021],[74.42548,15.88025],[74.42647,15.87655],[74.42584,15.87579],[74.42626,15.87462],[74.42693,15.87472],[74.42786,15.87393],[74.42785,15.87317],[74.42733,15.8727],[74.42499,15.87357],[74.42426,15.87335],[74.42241,15.87089],[74.42097,15.8707],[74.41994,15.86976],[74.41762,15.86888],[74.41666,15.86889],[74.41627,15.86988],[74.41495,15.87085],[74.41368,15.8705],[74.41189,15.87176],[74.41068,15.86954],[74.41135,15.86656],[74.40927,15.86335],[74.40824,15.86355],[74.40712,15.86472],[74.40558,15.86467],[74.40521,15.86407],[74.40362,15.86484],[74.40363,15.86554],[74.40037,15.86732],[74.40024,15.86825],[74.39877,15.86927],[74.39874,15.86989],[74.39824,15.86957],[74.39749,15.86989],[74.39696,15.87235],[74.39335,15.87726],[74.39421,15.87809],[74.39323,15.87844],[74.39313,15.87811],[74.39283,15.87854],[74.39313,15.87956],[74.39382,15.87995],[74.3991,15.88136],[74.40267,15.88284],[74.40353,15.8827],[74.40701,15.88378],[74.41447,15.88404]]]]}},{"type":"Feature","properties":{"unitId":56,"unitName":"Kakati PS"},"geometry":{"type":"MultiPolygon","coordinates":[[[[74.51707,16.0705],[74.51733,16.06777],[74.5162,16.06579],[74.51683,16.06449],[74.51522,16.06306],[74.51405,16.06042],[74.51339,16.05377],[74.51391,16.05161],[74.51586,16.05047],[74.51896,16.05042],[74.52603,16.04501],[74.53135,16.0429],[74.53802,16.03909],[74.54276,16.03931],[74.54491,16.03528],[74.54734,16.02811],[74.56127,16.00794],[74.56232,16.00834],[74.56227,15.99751],[74.56361,15.99758],[74.56374,15.99686],[74.56468,15.99634],[74.56833,15.98582],[74.56978,15.98385],[74.57792,15.98213],[74.57718,15.9785],[74.57998,15.97594],[74.58296,15.97074],[74.58326,15.96748],[74.58192,15.96812],[74.58082,15.96979],[74.57799,15.97045],[74.5734,15.97063],[74.57433,15.96949],[74.57433,15.96766],[74.57173,15.95036],[74.57278,15.9491],[74.57003,15.94726],[74.56918,15.94193],[74.56855,15.94054],[74.55744,15.92237],[74.54331,15.91697],[74.53386,15.91508],[74.53369,15.9181],[74.53317,15.91818],[74.53147,15.92392],[74.5278,15.92384],[74.52824,15.92196],[74.52745,15.92164],[74.52589,15.91877],[74.5254,15.91713],[74.52504,15.91708],[74.52493,15.91549],[74.52433,15.91557],[74.524,15.91455],[74.52173,15.91429],[74.52172,15.91354],[74.52123,15.91352],[74.52065,15.91114],[74.5208,15.90967],[74.52017,15.90905],[74.52007,15.90441],[74.51748,15.9039],[74.51724,15.90149],[74.51625,15.8995],[74.51642,15.89747],[74.51214,15.89732],[74.5117,15.89849],[74.51025,15.89826],[74.51026,15.89752],[74.50827,15.8973],[74.50829,15.89658],[74.50524,15.89578],[74.50505,15.89681],[74.50384,15.89674],[74.50341,15.89836],[74.49705,15.89632],[74.49648,15.89496],[74.49454,15.89423],[74.49471,15.89273],[74.4973,15.89308],[74.49773,15.89014],[74.49716,15.8898],[74.49771,15.88623],[74.49508,15.88619],[74.49456,15.88681],[74.49456,15.88869],[74.49178,15.88876],[74.49166,15.88936],[74.48943,15.88907],[74.48828,15.88844],[74.48796,15.88943],[74.48665,15.89048],[74.48538,15.89025],[74.48242,15.88854],[74.48187,15.8898],[74.48063,15.89058],[74.48079,15.89244],[74.47828,15.89222],[74.47583,15.89138],[74.47595,15.88997],[74.47832,15.89024],[74.47873,15.88998],[74.47866,15.8891],[74.47684,15.88829],[74.47524,15.88873],[74.47497,15.88633],[74.47316,15.88798],[74.47259,15.88771],[74.47174,15.88659],[74.47154,15.88526],[74.47076,15.88493],[74.4705,15.88242],[74.46888,15.88166],[74.46839,15.88153],[74.46468,15.88336],[74.46117,15.88382],[74.46102,15.88253],[74.46173,15.88151],[74.46108,15.88124],[74.46029,15.8818],[74.46028,15.88092],[74.45983,15.88097],[74.46001,15.88043],[74.45938,15.88004],[74.46022,15.87985],[74.46219,15.87777],[74.46096,15.87691],[74.461,15.87624],[74.46191,15.87611],[74.46165,15.87456],[74.4611,15.87443],[74.46157,15.87315],[74.46114,15.87268],[74.4621,15.8721],[74.46131,15.87168],[74.46132,15.87084],[74.46074,15.87089],[74.46119,15.8692],[74.45775,15.8687],[74.45332,15.86929],[74.45246,15.86664],[74.45125,15.86567],[74.44643,15.86521],[74.44508,15.86387],[74.44407,15.86032],[74.44148,15.85741],[74.4397,15.85619],[74.4389,15.85097],[74.43347,15.85018],[74.43279,15.84369],[74.42638,15.84318],[74.42375,15.84377],[74.42365,15.84431],[74.4222,15.84371],[74.40608,15.85507],[74.40644,15.85884],[74.40613,15.85892],[74.40675,15.859],[74.40651,15.86138],[74.40596,15.86207],[74.40696,15.86303],[74.40631,15.86369],[74.4064,15.86455],[74.40712,15.86472],[74.40824,15.86355],[74.40927,15.86335],[74.41135,15.86656],[74.41068,15.86954],[74.41189,15.87176],[74.41368,15.8705],[74.41495,15.87085],[74.41627,15.86988],[74.41666,15.86889],[74.41762,15.86888],[74.41994,15.86976],[74.42097,15.8707],[74.42241,15.87089],[74.42426,15.87335],[74.42499,15.87357],[74.42661,15.87281],[74.42778,15.87293],[74.42786,15.87393],[74.42693,15.87472],[74.42626,15.87462],[74.42584,15.87579],[74.42647,15.87655],[74.42548,15.88025],[74.42319,15.88021],[74.4208,15.88183],[74.42044,15.88252],[74.41942,15.8826],[74.41871,15.88356],[74.41458,15.88404],[74.40642,15.88369],[74.40063,15.88227],[74.39685,15.88072],[74.39621,15.88535],[74.39587,15.88536],[74.39609,15.88719],[74.39469,15.89727],[74.39397,15.90002],[74.39074,15.89982],[74.38699,15.90151],[74.38723,15.90254],[74.38638,15.90359],[74.38498,15.90281],[74.3846,15.90335],[74.38716,15.90542],[74.39108,15.91004],[74.39301,15.91143],[74.39382,15.91323],[74.39746,15.91668],[74.40865,15.93165],[74.41077,15.93343],[74.41333,15.93462],[74.41618,15.93811],[74.41689,15.93827],[74.4209,15.94328],[74.42305,15.94763],[74.42415,15.94746],[74.42563,15.94894],[74.42626,15.9503],[74.42843,15.95227],[74.42884,15.95447],[74.42949,15.95449],[74.42953,15.95564],[74.43083,15.95673],[74.43111,15.95907],[74.43501,15.96518],[74.43678,15.96897],[74.4379,15.97354],[74.43933,15.97679],[74.43795,15.9781],[74.43877,15.97922],[74.43812,15.97929],[74.43749,15.98024],[74.43972,15.98098],[74.44164,15.98288],[74.44388,15.98637],[74.44269,15.99159],[74.445,15.99261],[74.44544,15.99634],[74.44646,15.99687],[74.44608,15.99808],[74.44573,15.99788],[74.44501,16.00252],[74.44438,16.00332],[74.4458,16.00408],[74.4464,16.0035],[74.44707,16.00364],[74.44726,16.00577],[74.44785,16.00682],[74.44844,16.00681],[74.45036,16.01046],[74.45031,16.01256],[74.4553,16.01903],[74.45663,16.02281],[74.45713,16.02603],[74.46328,16.04053],[74.46294,16.04935],[74.46218,16.04871],[74.46281,16.04969],[74.46234,16.05015],[74.4686,16.05654],[74.47298,16.05717],[74.47556,16.05645],[74.47979,16.05364],[74.48272,16.04985],[74.48459,16.04827],[74.48881,16.04683],[74.49018,16.04817],[74.49265,16.05424],[74.49391,16.05578],[74.49775,16.05688],[74.50831,16.06327],[74.5112,16.06659],[74.51018,16.06707],[74.51298,16.06983],[74.51659,16.07109],[74.51707,16.0705]]],[[[74.38101,15.86877],[74.38178,15.86724],[74.38253,15.86036],[74.38672,15.86],[74.38767,15.85411],[74.39114,15.85482],[74.39239,15.85364],[74.39183,15.85304],[74.39338,15.85341],[74.39369,15.85251],[74.39397,15.85304],[74.39628,15.85202],[74.39654,15.85123],[74.3975,15.85058],[74.39812,15.85076],[74.39909,15.8493],[74.39364,15.84874],[74.38731,15.84875],[74.38187,15.84968],[74.37708,15.84981],[74.37032,15.85104],[74.35806,15.85044],[74.34936,15.85045],[74.34812,15.85079],[74.34477,15.85032],[74.33792,15.85495],[74.34324,15.85717],[74.34642,15.86031],[74.34517,15.863],[74.34804,15.86366],[74.35073,15.86572],[74.35392,15.86986],[74.35454,15.86997],[74.35797,15.87347],[74.36325,15.87509],[74.3629,15.87743],[74.36312,15.87798],[74.36417,15.87821],[74.36426,15.87985],[74.36527,15.88227],[74.36473,15.88238],[74.36453,15.89359],[74.36865,15.89386],[74.36707,15.89288],[74.36602,15.89091],[74.36765,15.89078],[74.37378,15.88605],[74.37861,15.88019],[74.38,15.8761],[74.38101,15.86877]]],[[[74.62652,16.01777],[74.63515,16.01259],[74.63603,16.01155],[74.64094,16.01335],[74.64129,16.01274],[74.64052,16.01027],[74.6368,16.00902],[74.6354,16.0075],[74.63582,16.00639],[74.63525,16.00531],[74.63303,16.00528],[74.63197,16.00481],[74.63086,16.00226],[74.62659,15.99735],[74.62587,15.9956],[74.62394,15.99498],[74.62233,15.99081],[74.62324,15.98819],[74.62228,15.98868],[74.6134,15.98853],[74.60338,15.98705],[74.59761,15.98907],[74.59941,15.98432],[74.599,15.98308],[74.6017,15.98032],[74.6015,15.97997],[74.59677,15.97959],[74.59485,15.97817],[74.59331,15.97529],[74.59124,15.96855],[74.58989,15.96643],[74.58722,15.97144],[74.5879,15.9739],[74.58966,15.97629],[74.58959,15.97767],[74.5888,15.97764],[74.5884,15.97866],[74.59522,15.98232],[74.59497,15.98416],[74.59345,15.9856],[74.59304,15.98668],[74.59372,15.98747],[74.59275,15.98864],[74.59638,15.98948],[74.59722,15.9991],[74.59602,16.0041],[74.59364,16.00937],[74.59423,16.01687],[74.59985,16.01697],[74.60772,16.01577],[74.6227,16.01952],[74.62652,16.01777]]],[[[74.41047,16.0577],[74.41182,16.05627],[74.41508,16.05538],[74.4119,16.05328],[74.40399,16.05091],[74.40108,16.04536],[74.39298,16.04053],[74.38135,16.03567],[74.37065,16.03858],[74.37794,16.05276],[74.3786,16.05284],[74.37941,16.05416],[74.38295,16.05391],[74.38633,16.05578],[74.38725,16.05717],[74.38751,16.05951],[74.38909,16.06186],[74.39165,16.0624],[74.39476,16.06161],[74.39564,16.05972],[74.39698,16.05885],[74.39813,16.05724],[74.39974,16.05702],[74.40217,16.05765],[74.40675,16.06357],[74.4076,16.06402],[74.40845,16.06358],[74.41047,16.0577]]]]}},{"type":"Feature","properties":{"unitId":57,"unitName":"Marihal PS"},"geometry":{"type":"MultiPolygon","coordinates":[[[[74.64591,16.00952],[74.64627,16.00908],[74.64653,16.00955],[74.66186,16.01332],[74.66187,16.00554],[74.66346,16.00115],[74.6637,15.99899],[74.66507,15.99988],[74.66625,15.99866],[74.66618,15.99819],[74.66846,15.99746],[74.66939,15.99775],[74.67057,15.99102],[74.67591,15.9915],[74.6756,15.98927],[74.67606,15.98284],[74.67586,15.97587],[74.67249,15.96357],[74.67527,15.95585],[74.67342,15.95579],[74.67213,15.95627],[74.67175,15.95552],[74.67207,15.95511],[74.67445,15.95488],[74.67468,15.9537],[74.67572,15.95394],[74.67629,15.94731],[74.68709,15.94351],[74.68626,15.93793],[74.68421,15.93445],[74.68946,15.93007],[74.69181,15.92931],[74.69265,15.92584],[74.69019,15.92226],[74.68753,15.92149],[74.68254,15.91842],[74.6818,15.91212],[74.68876,15.90544],[74.69235,15.90546],[74.69132,15.90287],[74.69737,15.88517],[74.69737,15.88015],[74.69951,15.87461],[74.69943,15.87345],[74.69859,15.87193],[74.69855,15.87058],[74.69927,15.87057],[74.69912,15.86997],[74.69825,15.86803],[74.6963,15.86775],[74.69574,15.86658],[74.69387,15.86582],[74.69029,15.86252],[74.68972,15.85893],[74.68356,15.85245],[74.6817,15.85268],[74.67859,15.85223],[74.67874,15.84911],[74.6768,15.84758],[74.66904,15.84631],[74.66784,15.84671],[74.66775,15.84772],[74.66203,15.84758],[74.65927,15.85026],[74.65805,15.84986],[74.658,15.84775],[74.65791,15.84806],[74.65507,15.84728],[74.65381,15.84638],[74.65113,15.84571],[74.64229,15.83868],[74.63798,15.83642],[74.63413,15.83588],[74.62867,15.83412],[74.62106,15.83319],[74.61876,15.83171],[74.61795,15.83194],[74.61751,15.83077],[74.6136,15.82686],[74.61111,15.82728],[74.61046,15.82575],[74.60483,15.82063],[74.60227,15.82044],[74.60195,15.81868],[74.59945,15.8166],[74.59866,15.81648],[74.59853,15.81508],[74.59784,15.81429],[74.59534,15.81317],[74.59442,15.81613],[74.59399,15.81634],[74.59391,15.81806],[74.59035,15.8184],[74.58587,15.81998],[74.58524,15.8212],[74.58017,15.82067],[74.5785,15.82439],[74.5782,15.83007],[74.57647,15.83756],[74.5755,15.83994],[74.57625,15.84379],[74.57769,15.84621],[74.57889,15.84972],[74.57891,15.85526],[74.57697,15.85707],[74.57637,15.85928],[74.57466,15.86008],[74.57296,15.86268],[74.56729,15.86219],[74.56695,15.86349],[74.56657,15.86981],[74.56708,15.87036],[74.56652,15.87131],[74.56655,15.87276],[74.56949,15.87263],[74.5701,15.87407],[74.56933,15.87658],[74.57056,15.87933],[74.56817,15.88774],[74.56696,15.90983],[74.56987,15.92024],[74.573,15.9235],[74.57292,15.92428],[74.58153,15.93613],[74.56918,15.94193],[74.57003,15.94726],[74.57278,15.9491],[74.57173,15.95036],[74.57433,15.96766],[74.57433,15.96949],[74.5734,15.97063],[74.57799,15.97045],[74.58082,15.96979],[74.58192,15.96812],[74.58634,15.96567],[74.58989,15.96643],[74.59124,15.96855],[74.59331,15.97529],[74.59485,15.97817],[74.59677,15.97959],[74.6015,15.97997],[74.6017,15.98032],[74.599,15.98308],[74.59941,15.98432],[74.59761,15.98907],[74.60338,15.98705],[74.6134,15.98853],[74.62228,15.98868],[74.62324,15.98819],[74.62233,15.99081],[74.62394,15.99498],[74.62587,15.9956],[74.62659,15.99735],[74.63086,16.00226],[74.63197,16.00481],[74.63528,16.00534],[74.63582,16.00639],[74.6354,16.0075],[74.6368,16.00902],[74.64052,16.01027],[74.64102,16.01231],[74.64278,16.01351],[74.64372,16.01543],[74.64442,16.01461],[74.64443,16.01251],[74.64501,16.01084],[74.64591,16.00952]]],[[[74.65855,16.05179],[74.65927,16.05139],[74.66093,16.04589],[74.66397,16.04215],[74.66471,16.03753],[74.66077,16.03032],[74.65883,16.03015],[74.65011,16.02748],[74.64485,16.02043],[74.64341,16.02038],[74.64352,16.02416],[74.64456,16.02564],[74.64497,16.02726],[74.64412,16.02862],[74.64404,16.03109],[74.64551,16.03299],[74.64561,16.03377],[74.64427,16.03622],[74.64434,16.03951],[74.64923,16.04297],[74.64877,16.04612],[74.64942,16.04686],[74.65131,16.04714],[74.65322,16.04862],[74.6543,16.05138],[74.65754,16.05135],[74.65855,16.05179]]]]}},{"type":"Feature","properties":{"unitId":58,"unitName":"Belagavi Camp PS"},"geometry":{"type":"Polygon","coordinates":[[[74.49664,15.88001],[74.50204,15.87304],[74.5035,15.87279],[74.50314,15.87194],[74.50352,15.87086],[74.51113,15.86742],[74.51002,15.86689],[74.50728,15.86221],[74.50898,15.85574],[74.51132,15.85391],[74.51169,15.85284],[74.51213,15.85296],[74.51262,15.85144],[74.5114,15.85047],[74.5131,15.84656],[74.51055,15.84487],[74.51045,15.84344],[74.50934,15.84267],[74.50928,15.84195],[74.50866,15.84178],[74.50654,15.84558],[74.50637,15.84648],[74.50699,15.84801],[74.50531,15.84548],[74.50073,15.84425],[74.49732,15.84573],[74.49658,15.8467],[74.49425,15.84605],[74.49344,15.84661],[74.4918,15.846],[74.48966,15.84605],[74.48932,15.84433],[74.47783,15.84697],[74.47808,15.84988],[74.47865,15.85021],[74.47828,15.85179],[74.47604,15.85156],[74.47518,15.85486],[74.4745,15.85509],[74.47419,15.85759],[74.47309,15.8581],[74.47288,15.86045],[74.47228,15.86052],[74.47166,15.86168],[74.47093,15.86159],[74.47056,15.86064],[74.46836,15.86037],[74.46797,15.8625],[74.46848,15.86527],[74.46755,15.86513],[74.46694,15.86713],[74.46791,15.8696],[74.47086,15.86928],[74.47404,15.86786],[74.47419,15.87317],[74.47931,15.87279],[74.48825,15.86876],[74.48946,15.87019],[74.494,15.87873],[74.49664,15.88001]]]}},{"type":"Feature","properties":{"unitId":59,"unitName":"Khadebazar PS"},"geometry":{"type":"Polygon","coordinates":[[[74.51167,15.86731],[74.51271,15.86718],[74.51321,15.85742],[74.5168,15.85696],[74.51671,15.8565],[74.51706,15.85652],[74.51445,15.85462],[74.51609,15.852],[74.51668,15.84671],[74.51464,15.84665],[74.51452,15.84731],[74.51283,15.84691],[74.5114,15.85047],[74.51262,15.85144],[74.51213,15.85296],[74.51169,15.85284],[74.51116,15.85407],[74.50915,15.85541],[74.50829,15.85739],[74.50736,15.86285],[74.51002,15.86689],[74.51167,15.86731]]]}},{"type":"Feature","properties":{"unitId":60,"unitName":"Thilakwadi PS"},"geometry":{"type":"Polygon","coordinates":[[[74.5073,15.84452],[74.50866,15.84178],[74.51059,15.84238],[74.51114,15.84077],[74.51434,15.84005],[74.51367,15.83898],[74.51395,15.83829],[74.51279,15.83807],[74.51283,15.83748],[74.51582,15.8381],[74.51452,15.83668],[74.51628,15.8368],[74.51541,15.83444],[74.51475,15.8345],[74.51407,15.83094],[74.51503,15.83105],[74.51437,15.83017],[74.51523,15.8278],[74.51493,15.82764],[74.51569,15.82638],[74.51754,15.82545],[74.51804,15.81511],[74.51692,15.8099],[74.51711,15.80699],[74.51639,15.80692],[74.51653,15.80559],[74.51715,15.80573],[74.5175,15.80491],[74.51799,15.80255],[74.51596,15.80183],[74.51583,15.79997],[74.51512,15.79991],[74.51521,15.79917],[74.51396,15.79898],[74.51395,15.79817],[74.51223,15.79761],[74.51243,15.79659],[74.51126,15.7958],[74.51135,15.79539],[74.50424,15.79287],[74.50296,15.80264],[74.50283,15.80492],[74.5033,15.80475],[74.50261,15.80645],[74.50208,15.81077],[74.50121,15.81118],[74.50101,15.81219],[74.50011,15.8122],[74.50042,15.81286],[74.49975,15.81312],[74.4997,15.81395],[74.49986,15.81808],[74.50105,15.81778],[74.5031,15.82166],[74.50347,15.82331],[74.50313,15.82737],[74.50128,15.82769],[74.50019,15.82847],[74.49961,15.82762],[74.49976,15.82946],[74.4974,15.82848],[74.49407,15.82809],[74.49225,15.82737],[74.49217,15.82811],[74.49169,15.82831],[74.49156,15.83017],[74.48208,15.82829],[74.47749,15.82801],[74.47716,15.83334],[74.47704,15.83401],[74.47664,15.834],[74.47694,15.83725],[74.47656,15.84119],[74.47719,15.84215],[74.477,15.84376],[74.47783,15.84697],[74.48932,15.84433],[74.48966,15.84605],[74.4918,15.846],[74.49344,15.84661],[74.49425,15.84605],[74.49658,15.8467],[74.49732,15.84573],[74.50073,15.84425],[74.50531,15.84548],[74.50699,15.84801],[74.50637,15.84648],[74.5073,15.84452]]]}},{"type":"Feature","properties":{"unitId":61,"unitName":"Udyambag PS"},"geometry":{"type":"Polygon","coordinates":[[[74.49169,15.82831],[74.49217,15.82811],[74.49225,15.82737],[74.49407,15.82809],[74.4974,15.82848],[74.49976,15.82946],[74.49961,15.82762],[74.50019,15.82847],[74.50318,15.82715],[74.50347,15.82331],[74.5031,15.82166],[74.50105,15.81778],[74.49986,15.81808],[74.4997,15.81395],[74.49975,15.81312],[74.50042,15.81286],[74.50011,15.8122],[74.50101,15.81219],[74.50121,15.81118],[74.50208,15.81077],[74.50261,15.80645],[74.5033,15.80475],[74.50283,15.80492],[74.50286,15.8038],[74.50421,15.793],[74.49757,15.79201],[74.49621,15.79104],[74.49623,15.79052],[74.49538,15.79023],[74.49401,15.79215],[74.49302,15.79205],[74.49112,15.79334],[74.49076,15.79435],[74.48961,15.7948],[74.48985,15.7958],[74.48844,15.79664],[74.49088,15.79736],[74.49204,15.80086],[74.49042,15.80091],[74.48983,15.80154],[74.48921,15.80107],[74.48871,15.80176],[74.48885,15.80265],[74.48703,15.80303],[74.48532,15.80481],[74.4838,15.80458],[74.48355,15.80506],[74.48521,15.80667],[74.4839,15.80851],[74.48428,15.81049],[74.48336,15.8134],[74.48335,15.81423],[74.48453,15.81428],[74.48465,15.81603],[74.48417,15.81661],[74.48243,15.81681],[74.48354,15.8172],[74.48291,15.8177],[74.48283,15.81942],[74.48164,15.82304],[74.48052,15.82338],[74.47948,15.82637],[74.48113,15.82631],[74.48059,15.82821],[74.49156,15.83017],[74.49169,15.82831]]]}},{"type":"Feature","properties":{"unitId":62,"unitName":"Kangarali KH APMC Yard PS"},"geometry":{"type":"Polygon","coordinates":[[[74.52379,15.89972],[74.52361,15.89669],[74.52407,15.89288],[74.52331,15.89066],[74.51214,15.87354],[74.51167,15.86731],[74.50352,15.87086],[74.50314,15.87194],[74.5035,15.87279],[74.50204,15.87304],[74.49664,15.88001],[74.494,15.87873],[74.48946,15.87019],[74.48825,15.86876],[74.47976,15.87259],[74.4807,15.87582],[74.47998,15.87615],[74.48055,15.87826],[74.4762,15.87994],[74.47555,15.88177],[74.47638,15.88339],[74.47676,15.88582],[74.47837,15.88575],[74.47845,15.8864],[74.47961,15.88703],[74.47957,15.88761],[74.48665,15.89048],[74.48796,15.88943],[74.48828,15.88844],[74.48943,15.88907],[74.49166,15.88936],[74.49178,15.88876],[74.49456,15.88869],[74.49456,15.88681],[74.49508,15.88619],[74.49771,15.88623],[74.49716,15.8898],[74.49773,15.89014],[74.4973,15.89308],[74.49471,15.89273],[74.49454,15.89423],[74.49648,15.89496],[74.49705,15.89632],[74.50341,15.89836],[74.50384,15.89674],[74.50505,15.89681],[74.50524,15.89578],[74.50829,15.89658],[74.50827,15.8973],[74.51026,15.89752],[74.51025,15.89826],[74.5117,15.89849],[74.51214,15.89732],[74.51642,15.89747],[74.51625,15.8995],[74.51724,15.90149],[74.51748,15.9039],[74.51882,15.90434],[74.52393,15.90396],[74.52379,15.89972]]]}},{"type":"Feature","properties":{"unitId":63,"unitName":"Malamaruthi PS"},"geometry":{"type":"Polygon","coordinates":[[[74.56987,15.92024],[74.56696,15.90983],[74.56817,15.88774],[74.57056,15.87933],[74.56933,15.87658],[74.5701,15.87407],[74.56949,15.87263],[74.56655,15.87276],[74.56652,15.87131],[74.56708,15.87036],[74.56657,15.86981],[74.56695,15.86349],[74.56729,15.86219],[74.57296,15.86268],[74.57466,15.86008],[74.57637,15.85928],[74.57697,15.85707],[74.57891,15.85526],[74.57889,15.84972],[74.57769,15.84621],[74.57625,15.84379],[74.5755,15.83994],[74.57647,15.83756],[74.57813,15.83041],[74.57261,15.82996],[74.57233,15.82935],[74.57026,15.82937],[74.56906,15.82887],[74.563,15.8294],[74.56321,15.83023],[74.54598,15.83083],[74.5457,15.82699],[74.54483,15.82706],[74.54489,15.82528],[74.5416,15.82506],[74.54158,15.82455],[74.53886,15.82464],[74.53602,15.82739],[74.53565,15.82917],[74.53609,15.82992],[74.53761,15.82978],[74.5395,15.83107],[74.54033,15.83414],[74.53994,15.84023],[74.53852,15.84062],[74.53696,15.84249],[74.5324,15.84303],[74.53194,15.84375],[74.52996,15.84391],[74.52996,15.84457],[74.5292,15.84464],[74.5277,15.84591],[74.52468,15.84687],[74.52481,15.84824],[74.52878,15.84859],[74.52766,15.85455],[74.52861,15.85596],[74.52801,15.86005],[74.52699,15.86147],[74.52479,15.863],[74.52724,15.86417],[74.52919,15.87028],[74.5264,15.87217],[74.52682,15.87304],[74.52243,15.87559],[74.52125,15.87353],[74.51463,15.87742],[74.52302,15.89012],[74.52407,15.89288],[74.52361,15.89669],[74.52393,15.90396],[74.52007,15.90441],[74.52017,15.90905],[74.5208,15.90967],[74.52065,15.91114],[74.52123,15.91352],[74.52172,15.91354],[74.52173,15.91429],[74.524,15.91455],[74.52433,15.91557],[74.52493,15.91549],[74.52504,15.91708],[74.5254,15.91713],[74.52589,15.91877],[74.52745,15.92164],[74.52824,15.92196],[74.5278,15.92384],[74.53147,15.92392],[74.53317,15.91818],[74.53369,15.9181],[74.53386,15.91508],[74.54331,15.91697],[74.55744,15.92237],[74.5645,15.93352],[74.56918,15.94193],[74.58153,15.93613],[74.57292,15.92428],[74.573,15.9235],[74.56987,15.92024]]]}},{"type":"Feature","properties":{"unitId":64,"unitName":"Belagavi Market PS"},"geometry":{"type":"Polygon","coordinates":[[[74.51469,15.87737],[74.52125,15.87353],[74.52243,15.87559],[74.52682,15.87304],[74.5264,15.87217],[74.52919,15.87028],[74.52724,15.86417],[74.52479,15.863],[74.52699,15.86147],[74.52801,15.86005],[74.52861,15.85596],[74.52766,15.85455],[74.52878,15.84859],[74.52434,15.84813],[74.52205,15.84864],[74.5205,15.84847],[74.51918,15.84762],[74.51668,15.84732],[74.51609,15.852],[74.51445,15.85462],[74.51706,15.85652],[74.51671,15.8565],[74.5168,15.85696],[74.51321,15.85742],[74.51271,15.86718],[74.51167,15.86731],[74.51206,15.87332],[74.51469,15.87737]]]}},{"type":"Feature","properties":{"unitId":65,"unitName":"Shahapura PS"},"geometry":{"type":"Polygon","coordinates":[[[74.52231,15.84858],[74.52481,15.84824],[74.52481,15.84663],[74.5277,15.84591],[74.5292,15.84464],[74.52996,15.84457],[74.52996,15.84391],[74.53194,15.84375],[74.5324,15.84303],[74.53696,15.84249],[74.53852,15.84062],[74.54004,15.84006],[74.54033,15.83414],[74.5395,15.83107],[74.53761,15.82978],[74.53609,15.82992],[74.53565,15.82917],[74.53602,15.82739],[74.53886,15.82464],[74.53998,15.8246],[74.54093,15.81735],[74.53397,15.81629],[74.53417,15.81475],[74.53247,15.81434],[74.533,15.81191],[74.53373,15.81092],[74.53419,15.80754],[74.53048,15.80688],[74.53064,15.80592],[74.52772,15.80541],[74.52909,15.79645],[74.52777,15.7963],[74.52791,15.79579],[74.52741,15.79568],[74.52341,15.7953],[74.5233,15.79592],[74.52231,15.79582],[74.52216,15.7978],[74.52159,15.79794],[74.52123,15.79981],[74.52059,15.80007],[74.51993,15.80248],[74.51798,15.80248],[74.51715,15.80573],[74.51653,15.80559],[74.51639,15.80692],[74.51711,15.80699],[74.51692,15.8099],[74.51804,15.81511],[74.51754,15.82545],[74.51569,15.82638],[74.51493,15.82764],[74.51523,15.8278],[74.51437,15.83017],[74.51503,15.83105],[74.51407,15.83094],[74.51475,15.8345],[74.51541,15.83444],[74.51628,15.8368],[74.51452,15.83668],[74.51582,15.8381],[74.51283,15.83748],[74.51279,15.83807],[74.51395,15.83829],[74.51367,15.83898],[74.51434,15.84005],[74.51114,15.84077],[74.51059,15.84238],[74.50928,15.84195],[74.50934,15.84267],[74.51045,15.84344],[74.51055,15.84487],[74.51308,15.84644],[74.51297,15.84694],[74.51452,15.84731],[74.51464,15.84665],[74.51668,15.84671],[74.51668,15.84732],[74.52231,15.84858]]]}},{"type":"Feature","properties":{"unitId":66,"unitName":"Kagawad PS"},"geometry":{"type":"Polygon","coordinates":[[[74.8686,16.77419],[74.89099,16.77134],[74.91944,16.77275],[74.91989,16.76853],[74.92409,16.7678],[74.9252,16.76623],[74.92754,16.76456],[74.92681,16.75904],[74.92725,16.75646],[74.92676,16.7556],[74.93361,16.75543],[74.93638,16.75675],[74.93917,16.75702],[74.95565,16.75583],[74.95621,16.7522],[74.96027,16.75082],[74.96077,16.74606],[74.96162,16.74615],[74.96232,16.74135],[74.96419,16.73739],[74.96625,16.73502],[74.96728,16.73282],[74.96846,16.72806],[74.96795,16.71546],[74.96684,16.7067],[74.96692,16.70076],[74.96542,16.67878],[74.96197,16.67803],[74.96052,16.67561],[74.96035,16.67382],[74.96036,16.67241],[74.96327,16.66854],[74.96412,16.66567],[74.96388,16.66004],[74.96035,16.65906],[74.95926,16.65799],[74.95462,16.65222],[74.94934,16.64387],[74.94705,16.63788],[74.94423,16.62498],[74.94308,16.62191],[74.9404,16.61768],[74.9388,16.61343],[74.93749,16.61199],[74.93463,16.61114],[74.93167,16.61116],[74.92637,16.61234],[74.9236,16.6135],[74.91892,16.61829],[74.91485,16.62453],[74.91356,16.62749],[74.91282,16.63411],[74.9122,16.63591],[74.91,16.64011],[74.90708,16.644],[74.90346,16.64768],[74.89664,16.65265],[74.88678,16.65661],[74.87661,16.65689],[74.87188,16.65517],[74.86637,16.6512],[74.85854,16.64297],[74.8458,16.63522],[74.84345,16.63466],[74.84012,16.63427],[74.83595,16.63471],[74.83041,16.63553],[74.82479,16.63711],[74.81699,16.64339],[74.81271,16.64428],[74.8094,16.6433],[74.80814,16.64194],[74.80778,16.64045],[74.80629,16.62184],[74.80573,16.60584],[74.80495,16.60148],[74.80482,16.59253],[74.80359,16.58838],[74.80165,16.58539],[74.79373,16.57706],[74.78955,16.57512],[74.77706,16.57161],[74.7757,16.57545],[74.77436,16.58201],[74.77097,16.60583],[74.7641,16.60736],[74.75217,16.60887],[74.72557,16.60827],[74.72562,16.5987],[74.70738,16.59742],[74.70714,16.59589],[74.70633,16.59498],[74.70518,16.59465],[74.69209,16.59418],[74.69237,16.60285],[74.69182,16.60422],[74.69145,16.60399],[74.68958,16.60473],[74.68763,16.6042],[74.68625,16.60552],[74.68636,16.60746],[74.68516,16.60666],[74.68187,16.60661],[74.67472,16.60975],[74.6721,16.60957],[74.67215,16.61188],[74.67414,16.61199],[74.67404,16.61058],[74.67574,16.60998],[74.67632,16.61183],[74.6782,16.6119],[74.67807,16.61109],[74.68192,16.60918],[74.68282,16.60891],[74.68375,16.60933],[74.68423,16.60744],[74.68651,16.60839],[74.68453,16.60993],[74.68497,16.61044],[74.68712,16.60934],[74.68787,16.6112],[74.68725,16.61609],[74.68632,16.61748],[74.68332,16.61959],[74.68284,16.61876],[74.67983,16.61981],[74.67205,16.62412],[74.67263,16.62508],[74.66682,16.62982],[74.66712,16.62902],[74.66499,16.62928],[74.66443,16.63037],[74.65816,16.63054],[74.65182,16.63711],[74.65165,16.63794],[74.65637,16.64128],[74.65851,16.64556],[74.66518,16.66539],[74.6791,16.67315],[74.68935,16.67687],[74.68866,16.6816],[74.68147,16.68108],[74.68116,16.68393],[74.68135,16.68673],[74.68925,16.68636],[74.68913,16.69094],[74.68972,16.69624],[74.6882,16.70521],[74.68927,16.70798],[74.68765,16.70811],[74.68757,16.70849],[74.68791,16.70914],[74.68856,16.70913],[74.68763,16.71023],[74.68849,16.71129],[74.6886,16.7123],[74.68825,16.71211],[74.68642,16.71326],[74.68908,16.71538],[74.69094,16.71847],[74.69342,16.71617],[74.70282,16.71546],[74.70968,16.71561],[74.71557,16.7168],[74.72742,16.71692],[74.72752,16.7198],[74.73019,16.71956],[74.73026,16.72053],[74.73207,16.71855],[74.73367,16.72097],[74.73702,16.72367],[74.73917,16.72393],[74.74875,16.72983],[74.75305,16.73136],[74.75252,16.733],[74.75654,16.73661],[74.76,16.74142],[74.76208,16.74206],[74.76394,16.74189],[74.7669,16.74317],[74.7696,16.74537],[74.77073,16.74884],[74.77137,16.74883],[74.77181,16.75089],[74.7765,16.75118],[74.78422,16.75083],[74.79542,16.74734],[74.79707,16.7497],[74.79824,16.75376],[74.8443,16.76203],[74.84978,16.77257],[74.85311,16.77057],[74.85405,16.7695],[74.86543,16.76398],[74.86777,16.76992],[74.8686,16.77419]]]}},{"type":"Feature","properties":{"unitId":67,"unitName":"Aigali PS"},"geometry":{"type":"Polygon","coordinates":[[[75.28963,16.95708],[75.29659,16.95657],[75.31455,16.95699],[75.32207,16.95673],[75.3259,16.9561],[75.34159,16.95621],[75.34311,16.95286],[75.34201,16.946],[75.33914,16.93376],[75.33638,16.92545],[75.33446,16.91208],[75.33453,16.90292],[75.33394,16.8945],[75.33566,16.88015],[75.33524,16.87166],[75.33581,16.86887],[75.33658,16.8696],[75.33997,16.87059],[75.35088,16.87077],[75.35277,16.87133],[75.35629,16.8704],[75.35821,16.87115],[75.35959,16.87091],[75.36067,16.87003],[75.36387,16.86961],[75.36866,16.86737],[75.36913,16.86668],[75.3712,16.86648],[75.37515,16.86709],[75.37714,16.86555],[75.37868,16.86603],[75.38187,16.86587],[75.38526,16.86403],[75.39115,16.86388],[75.39111,16.86345],[75.39502,16.86306],[75.39439,16.86061],[75.39239,16.85628],[75.38146,16.83414],[75.37858,16.82314],[75.37985,16.81071],[75.37788,16.81044],[75.37834,16.80302],[75.37898,16.7985],[75.38102,16.79855],[75.38189,16.78927],[75.38597,16.76776],[75.38559,16.7634],[75.38515,16.76144],[75.38356,16.76235],[75.37945,16.76232],[75.3665,16.75982],[75.36563,16.74678],[75.36611,16.74327],[75.3665,16.7434],[75.36436,16.73821],[75.36366,16.73771],[75.36423,16.73487],[75.36276,16.73154],[75.363,16.73056],[75.36241,16.73011],[75.36338,16.72891],[75.36255,16.7277],[75.36403,16.72727],[75.36428,16.7262],[75.3638,16.7249],[75.36547,16.72251],[75.36425,16.72146],[75.36359,16.72013],[75.36481,16.7186],[75.36492,16.71736],[75.36251,16.71433],[75.34695,16.71591],[75.32993,16.71672],[75.32977,16.71713],[75.32329,16.71839],[75.31675,16.71854],[75.30114,16.71722],[75.29689,16.71558],[75.28923,16.71497],[75.28789,16.71436],[75.27645,16.70185],[75.26502,16.69276],[75.26544,16.6925],[75.26492,16.69258],[75.26368,16.68804],[75.2628,16.68041],[75.26585,16.66647],[75.2662,16.65813],[75.26804,16.64344],[75.26793,16.63941],[75.26624,16.63346],[75.26256,16.62409],[75.26191,16.61996],[75.25962,16.6193],[75.25685,16.61958],[75.25556,16.6186],[75.25564,16.61638],[75.2585,16.61248],[75.25798,16.61099],[75.25661,16.60955],[75.258,16.60813],[75.25985,16.60733],[75.25559,16.6067],[75.25357,16.60588],[75.25231,16.60465],[75.24609,16.60645],[75.23683,16.61106],[75.23452,16.61309],[75.23174,16.6145],[75.23183,16.61683],[75.23041,16.61805],[75.22883,16.61857],[75.22485,16.61822],[75.22256,16.61922],[75.22238,16.62186],[75.22366,16.62671],[75.22511,16.62754],[75.22943,16.6267],[75.23155,16.62739],[75.23292,16.62855],[75.2327,16.63076],[75.23304,16.6313],[75.23432,16.63118],[75.2354,16.62801],[75.23711,16.62875],[75.23856,16.63019],[75.23827,16.6312],[75.2357,16.63329],[75.237,16.63599],[75.23605,16.63999],[75.2366,16.64171],[75.23502,16.64734],[75.22254,16.6487],[75.20231,16.64929],[75.18994,16.64895],[75.18795,16.64579],[75.18646,16.64764],[75.18264,16.64689],[75.18365,16.65097],[75.18328,16.65184],[75.16942,16.65185],[75.16779,16.65177],[75.16774,16.65141],[75.15848,16.65239],[75.15824,16.65791],[75.15624,16.65785],[75.15603,16.66131],[75.15366,16.66124],[75.15244,16.66606],[75.15079,16.66886],[75.14961,16.67509],[75.14727,16.68041],[75.14525,16.69133],[75.15609,16.6941],[75.16475,16.6955],[75.16473,16.69699],[75.16242,16.70092],[75.16163,16.70588],[75.15715,16.70766],[75.15664,16.70896],[75.15702,16.71022],[75.15467,16.71086],[75.15368,16.71043],[75.1481,16.71186],[75.14796,16.71309],[75.14746,16.71335],[75.14757,16.71435],[75.14455,16.71572],[75.13881,16.72096],[75.13473,16.72132],[75.13027,16.71946],[75.12848,16.72059],[75.12792,16.72152],[75.12434,16.72136],[75.12403,16.72798],[75.12452,16.73305],[75.12531,16.73474],[75.12785,16.73758],[75.1291,16.74062],[75.12921,16.74852],[75.13151,16.75484],[75.13144,16.75827],[75.13069,16.76561],[75.12914,16.77173],[75.12696,16.77203],[75.12605,16.77319],[75.12084,16.77529],[75.1198,16.77524],[75.12149,16.7803],[75.12111,16.79025],[75.12284,16.80311],[75.12651,16.80938],[75.12738,16.81391],[75.12927,16.81876],[75.13042,16.83004],[75.13193,16.8298],[75.13991,16.83071],[75.14239,16.82986],[75.14917,16.82929],[75.16925,16.83102],[75.17555,16.83022],[75.17713,16.83163],[75.17905,16.83479],[75.18053,16.83963],[75.18145,16.84105],[75.18189,16.84346],[75.18925,16.84262],[75.20322,16.84278],[75.21749,16.8419],[75.21993,16.84204],[75.22379,16.84338],[75.22799,16.84345],[75.22958,16.84769],[75.23184,16.85111],[75.23305,16.8557],[75.23606,16.86232],[75.23771,16.86769],[75.24568,16.86628],[75.24988,16.86476],[75.25951,16.8645],[75.26419,16.8631],[75.2655,16.86314],[75.273,16.86924],[75.28251,16.88101],[75.28354,16.88336],[75.28716,16.89716],[75.28981,16.9047],[75.28708,16.90764],[75.28391,16.90952],[75.28221,16.91287],[75.28145,16.92003],[75.28003,16.92371],[75.28025,16.92914],[75.27952,16.94162],[75.28065,16.95323],[75.27952,16.95686],[75.28567,16.95748],[75.28963,16.95708]]]}},{"type":"Feature","properties":{"unitId":68,"unitName":"Raibag PS"},"geometry":{"type":"Polygon","coordinates":[[[74.75493,16.56788],[74.75801,16.56769],[74.76328,16.56836],[74.77894,16.57209],[74.79095,16.57566],[74.79373,16.57706],[74.7957,16.57895],[74.79617,16.57857],[74.79594,16.57719],[74.7988,16.56779],[74.79956,16.56609],[74.80209,16.56484],[74.80174,16.56187],[74.80242,16.56105],[74.80331,16.55805],[74.80558,16.55523],[74.80635,16.5532],[74.80744,16.55208],[74.80783,16.54998],[74.80943,16.5481],[74.80959,16.54608],[74.81412,16.54166],[74.81822,16.53988],[74.82895,16.53765],[74.83205,16.53624],[74.83292,16.53522],[74.83524,16.53402],[74.83543,16.53209],[74.83778,16.52975],[74.83684,16.52813],[74.83425,16.52649],[74.83404,16.52589],[74.83415,16.52469],[74.8358,16.52204],[74.83493,16.51842],[74.83407,16.51733],[74.83387,16.51621],[74.83584,16.51279],[74.83609,16.51055],[74.83716,16.50951],[74.8495,16.50665],[74.85924,16.50168],[74.86007,16.50054],[74.86106,16.49518],[74.86273,16.49144],[74.86347,16.4852],[74.86855,16.47432],[74.86927,16.47427],[74.86941,16.47343],[74.86997,16.46543],[74.86668,16.45356],[74.86899,16.44774],[74.87021,16.44638],[74.86959,16.44496],[74.86737,16.43316],[74.86781,16.42256],[74.8606,16.41796],[74.8591,16.4177],[74.85305,16.41476],[74.84754,16.4128],[74.84532,16.4113],[74.84389,16.40784],[74.84384,16.4007],[74.84668,16.39947],[74.8485,16.39942],[74.85038,16.39828],[74.8523,16.39979],[74.85923,16.39941],[74.8613,16.39787],[74.86398,16.39433],[74.86613,16.39271],[74.87472,16.39202],[74.87331,16.38099],[74.87243,16.37766],[74.87458,16.37721],[74.87612,16.37153],[74.87581,16.37124],[74.88446,16.37276],[74.89298,16.37514],[74.90049,16.37789],[74.91545,16.37854],[74.91614,16.3815],[74.92088,16.38021],[74.92104,16.37979],[74.92005,16.3793],[74.9202,16.37845],[74.92171,16.37511],[74.92269,16.37071],[74.92336,16.37],[74.92495,16.36958],[74.92829,16.36617],[74.92717,16.3544],[74.92637,16.34967],[74.92218,16.35007],[74.91438,16.34982],[74.91496,16.34879],[74.91587,16.34839],[74.91612,16.34718],[74.91752,16.34606],[74.91619,16.34334],[74.91768,16.34025],[74.91686,16.33786],[74.91715,16.3344],[74.91655,16.33267],[74.91707,16.33127],[74.91677,16.33053],[74.91526,16.33044],[74.915,16.32999],[74.91444,16.32816],[74.91492,16.32525],[74.91399,16.32441],[74.91368,16.32279],[74.91226,16.32088],[74.90956,16.32337],[74.90868,16.32342],[74.90777,16.32244],[74.90792,16.32069],[74.90753,16.32028],[74.90558,16.32061],[74.90482,16.32108],[74.90324,16.32374],[74.90073,16.32317],[74.89953,16.32362],[74.89989,16.32598],[74.8995,16.32711],[74.89539,16.32874],[74.88255,16.32812],[74.87688,16.32127],[74.86494,16.32206],[74.86479,16.31954],[74.85626,16.31854],[74.85097,16.31708],[74.84821,16.3152],[74.84234,16.31423],[74.84226,16.31459],[74.83929,16.31452],[74.83374,16.31649],[74.83197,16.32038],[74.82845,16.32008],[74.8286,16.32322],[74.82213,16.32354],[74.81951,16.32585],[74.81637,16.32671],[74.80427,16.32875],[74.80118,16.32864],[74.80072,16.33592],[74.79967,16.33933],[74.79666,16.339],[74.79109,16.33674],[74.78379,16.33252],[74.76907,16.33083],[74.76968,16.3348],[74.76803,16.33709],[74.76987,16.33998],[74.77081,16.34008],[74.77092,16.34129],[74.77182,16.34281],[74.77261,16.34918],[74.77375,16.35],[74.77411,16.35085],[74.77399,16.35176],[74.77503,16.35395],[74.77724,16.36317],[74.77643,16.36323],[74.77626,16.36419],[74.77672,16.37265],[74.77569,16.38005],[74.77588,16.38671],[74.77364,16.39048],[74.77123,16.39233],[74.77293,16.39537],[74.76291,16.40051],[74.76107,16.39315],[74.75767,16.39173],[74.75435,16.38848],[74.75421,16.38598],[74.75301,16.38432],[74.74759,16.37942],[74.74097,16.37868],[74.72869,16.38115],[74.72838,16.38453],[74.7241,16.39595],[74.7236,16.40093],[74.70107,16.39071],[74.7054,16.39743],[74.70477,16.39931],[74.70236,16.4022],[74.70396,16.40624],[74.70254,16.4075],[74.70232,16.41045],[74.70014,16.41608],[74.69374,16.4158],[74.69772,16.44244],[74.68868,16.44653],[74.68851,16.44602],[74.68606,16.44767],[74.68426,16.45202],[74.6811,16.45417],[74.67965,16.4535],[74.67253,16.45615],[74.67484,16.45895],[74.67882,16.47318],[74.67778,16.47684],[74.67889,16.48105],[74.67641,16.47898],[74.67563,16.4844],[74.68106,16.49872],[74.68008,16.51076],[74.68155,16.51478],[74.6849,16.51566],[74.68472,16.51881],[74.68545,16.52129],[74.684,16.52223],[74.68498,16.52468],[74.68379,16.52518],[74.68399,16.52728],[74.68352,16.52899],[74.68137,16.53087],[74.679,16.5313],[74.67826,16.5333],[74.67849,16.53452],[74.67716,16.53625],[74.67793,16.53847],[74.68139,16.53882],[74.68151,16.54021],[74.68029,16.54162],[74.6781,16.54122],[74.6796,16.54427],[74.67932,16.54558],[74.68199,16.54872],[74.68171,16.54907],[74.6835,16.55233],[74.68789,16.55131],[74.6877,16.55218],[74.68914,16.55285],[74.68977,16.55407],[74.69453,16.5555],[74.69828,16.55727],[74.70294,16.56083],[74.70622,16.56548],[74.71375,16.57413],[74.71678,16.57626],[74.72695,16.58072],[74.73293,16.58116],[74.73607,16.58014],[74.73795,16.57923],[74.74214,16.57177],[74.74463,16.56972],[74.74814,16.56833],[74.75493,16.56788]]]}},{"type":"Feature","properties":{"unitId":69,"unitName":"KudachiI PS"},"geometry":{"type":"Polygon","coordinates":[[[74.88,16.65693],[74.88547,16.65687],[74.88961,16.65573],[74.89112,16.65461],[74.89664,16.65265],[74.89967,16.65072],[74.90509,16.64619],[74.91,16.64011],[74.9122,16.63591],[74.91282,16.63411],[74.91356,16.62749],[74.91485,16.62453],[74.91892,16.61829],[74.9236,16.6135],[74.92882,16.6117],[74.93463,16.61114],[74.93749,16.61199],[74.9388,16.61343],[74.9408,16.61831],[74.9413,16.61775],[74.94828,16.61523],[74.95287,16.61273],[74.95261,16.60919],[74.95826,16.60782],[74.95995,16.60364],[74.9621,16.59369],[74.96219,16.58743],[74.96534,16.58488],[74.96876,16.58294],[74.96639,16.57429],[74.96527,16.57435],[74.96461,16.57138],[74.96335,16.55848],[74.95807,16.55749],[74.94986,16.55459],[74.94379,16.553],[74.94105,16.55175],[74.9402,16.55805],[74.93261,16.56815],[74.92929,16.57334],[74.92555,16.57789],[74.92337,16.58155],[74.91199,16.58139],[74.90865,16.58184],[74.90606,16.57043],[74.90623,16.56628],[74.90494,16.56069],[74.9046,16.55541],[74.90384,16.55222],[74.90073,16.54512],[74.8883,16.5218],[74.88676,16.52168],[74.88101,16.52325],[74.87877,16.51971],[74.87356,16.51761],[74.86755,16.51408],[74.86688,16.50714],[74.86526,16.50733],[74.86088,16.50637],[74.86067,16.5052],[74.86002,16.50453],[74.85943,16.5014],[74.85413,16.50457],[74.8495,16.50665],[74.83716,16.50951],[74.83609,16.51055],[74.83584,16.51279],[74.83387,16.51621],[74.83407,16.51733],[74.83493,16.51842],[74.8358,16.52204],[74.83415,16.52469],[74.83404,16.52589],[74.83425,16.52649],[74.83684,16.52813],[74.83778,16.52975],[74.83543,16.53209],[74.83524,16.53402],[74.83292,16.53522],[74.83205,16.53624],[74.82895,16.53765],[74.81822,16.53988],[74.81412,16.54166],[74.80959,16.54608],[74.80943,16.5481],[74.80783,16.54998],[74.80744,16.55208],[74.80635,16.5532],[74.80558,16.55523],[74.80331,16.55805],[74.80242,16.56105],[74.80174,16.56187],[74.80209,16.56484],[74.79956,16.56609],[74.7988,16.56779],[74.79594,16.57719],[74.79617,16.57857],[74.7957,16.57895],[74.80306,16.58733],[74.80459,16.5913],[74.8076,16.63855],[74.80814,16.64194],[74.8094,16.6433],[74.81271,16.64428],[74.81579,16.64392],[74.81855,16.64241],[74.82479,16.63711],[74.82845,16.63599],[74.84012,16.63427],[74.84345,16.63466],[74.8458,16.63522],[74.85854,16.64297],[74.86637,16.6512],[74.87188,16.65517],[74.87661,16.65689],[74.88,16.65693]]]}},{"type":"Feature","properties":{"unitId":70,"unitName":"Harugeri PS"},"geometry":{"type":"MultiPolygon","coordinates":[[[[74.98858,16.57417],[74.99079,16.5739],[74.99471,16.57468],[74.99494,16.568],[74.9954,16.56617],[74.99594,16.56612],[74.99628,16.56506],[74.99552,16.56442],[75.00525,16.55126],[75.00626,16.54936],[75.0069,16.54637],[75.00871,16.54285],[75.00642,16.53376],[75.00419,16.53393],[75.00387,16.53133],[75.00157,16.53086],[75.00129,16.53006],[75.00077,16.53017],[74.99953,16.52522],[74.99949,16.52303],[74.99847,16.52268],[74.99813,16.5217],[74.998,16.51744],[74.99765,16.51699],[74.99645,16.51713],[74.99512,16.51658],[74.99325,16.51178],[74.99136,16.50956],[74.98826,16.50038],[74.98806,16.49524],[74.98864,16.49448],[74.98845,16.49189],[74.98807,16.49173],[74.98831,16.48327],[74.98897,16.4782],[74.98846,16.47282],[74.9879,16.47087],[74.98633,16.4704],[74.98597,16.46625],[74.98628,16.46286],[74.9909,16.46255],[74.9915,16.459],[74.98932,16.45714],[74.98848,16.45334],[74.99903,16.45461],[75.00004,16.45645],[75.00228,16.45798],[75.01585,16.4586],[75.01598,16.45637],[75.01489,16.45236],[75.01569,16.45099],[75.01537,16.45084],[75.01559,16.4483],[75.01752,16.43939],[75.02313,16.43987],[75.0232,16.43528],[75.02821,16.433],[75.03073,16.43328],[75.03484,16.43459],[75.04471,16.43461],[75.0636,16.43705],[75.07739,16.43762],[75.07523,16.42914],[75.07388,16.41852],[75.0735,16.40987],[75.07174,16.40396],[75.05019,16.39993],[75.04859,16.399],[75.04837,16.39594],[75.04096,16.39585],[75.04076,16.39778],[75.03916,16.3976],[75.03862,16.3964],[75.03867,16.39492],[75.03687,16.39182],[75.03436,16.38465],[75.03369,16.38077],[75.03399,16.37331],[75.03354,16.36736],[75.02192,16.36765],[75.02349,16.37159],[75.02332,16.3757],[75.01069,16.37834],[75.00715,16.38043],[75.00686,16.38387],[75.00597,16.38481],[74.99454,16.38505],[74.99285,16.38367],[74.98408,16.39543],[74.97214,16.39374],[74.96072,16.39386],[74.96117,16.38961],[74.96066,16.38615],[74.96102,16.38217],[74.95919,16.37977],[74.94938,16.37377],[74.9447,16.37252],[74.94516,16.37095],[74.94422,16.36932],[74.94275,16.36935],[74.93938,16.36799],[74.93742,16.36856],[74.9344,16.36856],[74.93123,16.36682],[74.92829,16.36617],[74.92495,16.36958],[74.92336,16.37],[74.92269,16.37071],[74.92171,16.37511],[74.9202,16.37845],[74.92005,16.3793],[74.92104,16.37979],[74.92088,16.38021],[74.91614,16.3815],[74.91545,16.37854],[74.90049,16.37789],[74.89298,16.37514],[74.88446,16.37276],[74.87581,16.37124],[74.87612,16.37153],[74.87458,16.37721],[74.87243,16.37766],[74.87331,16.38099],[74.87472,16.39202],[74.86613,16.39271],[74.86398,16.39433],[74.8613,16.39787],[74.85923,16.39941],[74.8523,16.39979],[74.85038,16.39828],[74.8485,16.39942],[74.84668,16.39947],[74.84384,16.4007],[74.84389,16.40784],[74.84532,16.4113],[74.84754,16.4128],[74.85305,16.41476],[74.8591,16.4177],[74.8606,16.41796],[74.86781,16.42256],[74.86737,16.43316],[74.86959,16.44496],[74.87021,16.44638],[74.86899,16.44774],[74.86668,16.45356],[74.86997,16.46543],[74.86941,16.47343],[74.86927,16.47427],[74.86855,16.47432],[74.86347,16.4852],[74.86273,16.49144],[74.86106,16.49518],[74.86045,16.49962],[74.85943,16.5014],[74.86078,16.50626],[74.86526,16.50733],[74.86688,16.50714],[74.86755,16.51408],[74.87356,16.51761],[74.87877,16.51971],[74.88101,16.52325],[74.88676,16.52168],[74.8883,16.5218],[74.90073,16.54512],[74.90384,16.55222],[74.9046,16.55541],[74.90494,16.56069],[74.90623,16.56628],[74.90606,16.57043],[74.90865,16.58184],[74.91199,16.58139],[74.92337,16.58155],[74.92555,16.57789],[74.92929,16.57334],[74.93261,16.56815],[74.9402,16.55805],[74.94105,16.55175],[74.94379,16.553],[74.94986,16.55459],[74.95807,16.55749],[74.96335,16.55848],[74.96461,16.57138],[74.96527,16.57435],[74.96639,16.57429],[74.96876,16.58294],[74.97386,16.58079],[74.98521,16.57471],[74.98858,16.57417]]],[[[75.04125,16.43916],[75.03742,16.43922],[75.03903,16.453],[75.04184,16.45409],[75.04125,16.43916]]]]}},{"type":"Feature","properties":{"unitId":71,"unitName":"Bailhongal PS"},"geometry":{"type":"MultiPolygon","coordinates":[[[[74.66148,15.848],[74.66203,15.84758],[74.66775,15.84772],[74.66784,15.84671],[74.66988,15.84621],[74.67688,15.84785],[74.67756,15.84541],[74.68023,15.84647],[74.68076,15.84384],[74.68136,15.84352],[74.6816,15.84256],[74.68228,15.84255],[74.68353,15.83677],[74.68561,15.83703],[74.69028,15.83656],[74.69092,15.83397],[74.69198,15.83401],[74.69484,15.83076],[74.69605,15.82213],[74.69909,15.82213],[74.69927,15.82055],[74.70196,15.82021],[74.70426,15.82041],[74.70449,15.82113],[74.70946,15.82163],[74.70959,15.82091],[74.71214,15.82123],[74.71232,15.82238],[74.72128,15.82327],[74.72203,15.82473],[74.73196,15.82569],[74.73522,15.82512],[74.73487,15.82573],[74.73988,15.82611],[74.74621,15.8279],[74.7472,15.82858],[74.74745,15.82772],[74.74822,15.8285],[74.74735,15.83039],[74.74659,15.83486],[74.74595,15.83592],[74.74826,15.83659],[74.75127,15.83882],[74.75152,15.83991],[74.75055,15.84167],[74.75244,15.84351],[74.75353,15.84386],[74.75465,15.84335],[74.75634,15.8445],[74.75857,15.84295],[74.75991,15.84283],[74.76029,15.83733],[74.76638,15.83739],[74.76613,15.83466],[74.76646,15.83276],[74.76555,15.83027],[74.76457,15.82399],[74.76428,15.81781],[74.76448,15.81568],[74.76548,15.81567],[74.76814,15.80588],[74.78626,15.80572],[74.78638,15.81421],[74.7871,15.81574],[74.7892,15.8165],[74.78935,15.81705],[74.789,15.81718],[74.78985,15.81752],[74.78944,15.81858],[74.79072,15.82148],[74.7918,15.82182],[74.79175,15.82236],[74.79223,15.82194],[74.79238,15.82241],[74.79264,15.82221],[74.79381,15.82514],[74.7946,15.82507],[74.7949,15.82642],[74.79403,15.82644],[74.79386,15.82714],[74.79488,15.82714],[74.7942,15.83076],[74.80953,15.83097],[74.82035,15.83223],[74.82023,15.83924],[74.83262,15.83625],[74.84002,15.83782],[74.84003,15.83841],[74.84892,15.8397],[74.85296,15.83949],[74.85306,15.84043],[74.86404,15.84154],[74.86378,15.8351],[74.86476,15.8307],[74.86826,15.83099],[74.86927,15.83065],[74.86997,15.82798],[74.87135,15.8282],[74.87154,15.82755],[74.87374,15.82774],[74.87395,15.82664],[74.87708,15.82683],[74.87752,15.82227],[74.88127,15.82283],[74.88149,15.82222],[74.88286,15.8222],[74.88288,15.81945],[74.88558,15.81533],[74.8864,15.81516],[74.88954,15.81257],[74.89203,15.80873],[74.89849,15.81003],[74.89912,15.80212],[74.90117,15.7914],[74.90479,15.79143],[74.90685,15.79123],[74.90696,15.79085],[74.91577,15.79111],[74.93042,15.79007],[74.93062,15.78916],[74.93472,15.78938],[74.93541,15.78591],[74.93922,15.77782],[74.94106,15.77279],[74.9403,15.77142],[74.93819,15.77044],[74.93168,15.77036],[74.93027,15.76861],[74.92966,15.76529],[74.92896,15.76423],[74.92767,15.76343],[74.92765,15.7639],[74.92434,15.76295],[74.92411,15.76348],[74.92205,15.76126],[74.92126,15.7594],[74.92268,15.75705],[74.92218,15.75463],[74.92151,15.75424],[74.91837,15.75363],[74.9162,15.75399],[74.91589,15.75667],[74.91507,15.75778],[74.91273,15.75927],[74.91116,15.74564],[74.9108,15.74566],[74.91032,15.73784],[74.90463,15.73668],[74.90328,15.73679],[74.90319,15.73237],[74.90365,15.72921],[74.90333,15.72842],[74.89422,15.72874],[74.89586,15.72256],[74.88641,15.72207],[74.88622,15.72562],[74.88369,15.72533],[74.87897,15.72457],[74.87927,15.72202],[74.87125,15.72013],[74.8669,15.72035],[74.86206,15.71963],[74.85807,15.71722],[74.857,15.71707],[74.85646,15.7178],[74.85526,15.71819],[74.85478,15.72022],[74.85376,15.72129],[74.85328,15.72289],[74.85079,15.72216],[74.84542,15.72176],[74.84527,15.72115],[74.84609,15.71921],[74.84587,15.7148],[74.84112,15.71423],[74.8423,15.70958],[74.84116,15.7092],[74.84149,15.70672],[74.84312,15.7072],[74.84319,15.70033],[74.83504,15.69765],[74.83484,15.69806],[74.83486,15.69631],[74.8353,15.69559],[74.82477,15.69059],[74.82274,15.6899],[74.81806,15.68985],[74.81637,15.69135],[74.81456,15.69464],[74.8145,15.69722],[74.81334,15.6997],[74.81312,15.70323],[74.81051,15.70339],[74.81015,15.70579],[74.80805,15.70658],[74.80837,15.70818],[74.80784,15.7077],[74.80614,15.70822],[74.80597,15.71047],[74.80689,15.7111],[74.80703,15.71342],[74.80544,15.71284],[74.80478,15.71347],[74.80562,15.71408],[74.80454,15.71389],[74.80553,15.71584],[74.80465,15.71589],[74.8037,15.71777],[74.80159,15.71822],[74.80269,15.71898],[74.80237,15.71927],[74.80177,15.7188],[74.80016,15.71893],[74.79763,15.72051],[74.79969,15.72354],[74.79912,15.72332],[74.79831,15.724],[74.79878,15.72452],[74.79863,15.72506],[74.79949,15.72527],[74.79845,15.72535],[74.79833,15.72581],[74.79928,15.72623],[74.79837,15.72718],[74.79859,15.72771],[74.79348,15.73168],[74.79123,15.73179],[74.79036,15.73129],[74.7876,15.72671],[74.78738,15.72451],[74.78619,15.72317],[74.77895,15.72186],[74.77757,15.72026],[74.77293,15.71799],[74.77146,15.71808],[74.76903,15.72005],[74.76677,15.72105],[74.76436,15.72148],[74.76333,15.72135],[74.75987,15.71866],[74.75888,15.71841],[74.75803,15.71893],[74.75729,15.72221],[74.75622,15.7225],[74.75613,15.72304],[74.75155,15.72535],[74.74729,15.72644],[74.7474,15.7258],[74.74544,15.72477],[74.74459,15.72343],[74.74539,15.71857],[74.74639,15.71615],[74.7436,15.71071],[74.74543,15.70835],[74.74634,15.70807],[74.74784,15.70881],[74.74936,15.71059],[74.7502,15.71078],[74.75059,15.7079],[74.7498,15.70595],[74.74776,15.7045],[74.74493,15.70518],[74.74372,15.70473],[74.74307,15.70326],[74.73959,15.70283],[74.73855,15.70312],[74.73631,15.7058],[74.73482,15.7066],[74.72866,15.70831],[74.72443,15.7125],[74.72427,15.71397],[74.72464,15.71419],[74.7231,15.715],[74.72204,15.71442],[74.7221,15.71483],[74.72139,15.71505],[74.72156,15.7154],[74.72074,15.71537],[74.72124,15.71633],[74.72087,15.71625],[74.72096,15.71693],[74.71981,15.71779],[74.71996,15.71846],[74.7188,15.71846],[74.71872,15.71799],[74.71836,15.71847],[74.71794,15.71823],[74.71809,15.71886],[74.71766,15.71909],[74.71815,15.7203],[74.71766,15.72094],[74.71797,15.72109],[74.71667,15.72142],[74.71521,15.72757],[74.71448,15.73588],[74.71366,15.73972],[74.71335,15.73964],[74.71158,15.74304],[74.71257,15.7434],[74.71362,15.74498],[74.7131,15.74621],[74.71431,15.7466],[74.71468,15.74835],[74.70406,15.74674],[74.69729,15.74829],[74.69665,15.75175],[74.69615,15.75174],[74.68228,15.74749],[74.68248,15.74619],[74.68161,15.74572],[74.67997,15.75301],[74.67402,15.75176],[74.6736,15.75233],[74.67411,15.75271],[74.67505,15.75248],[74.67534,15.75349],[74.67414,15.75302],[74.67314,15.75323],[74.67255,15.75346],[74.67202,15.75473],[74.67104,15.75465],[74.66991,15.7555],[74.66899,15.7575],[74.66968,15.7588],[74.66935,15.75982],[74.67111,15.76214],[74.67145,15.76733],[74.6711,15.7711],[74.67001,15.77125],[74.67009,15.77307],[74.66936,15.77447],[74.66816,15.78061],[74.66612,15.78023],[74.66573,15.78708],[74.66603,15.78826],[74.66527,15.791],[74.6668,15.79224],[74.66951,15.79259],[74.66772,15.79753],[74.66716,15.80337],[74.6489,15.80487],[74.64515,15.80469],[74.64413,15.8048],[74.64402,15.80524],[74.64079,15.8051],[74.63911,15.80564],[74.6364,15.80513],[74.63226,15.80298],[74.63232,15.80819],[74.63182,15.8123],[74.63104,15.81355],[74.6347,15.81652],[74.63703,15.81634],[74.63727,15.81914],[74.63908,15.81922],[74.63872,15.82165],[74.64157,15.82443],[74.64057,15.82886],[74.63787,15.83643],[74.64229,15.83868],[74.65113,15.84571],[74.65381,15.84638],[74.65507,15.84728],[74.65791,15.84806],[74.658,15.84775],[74.65805,15.84986],[74.65927,15.85026],[74.66148,15.848]]],[[[74.7896,15.81735],[74.78945,15.8179],[74.7896,15.81735]]],[[[74.78808,15.89251],[74.78808,15.89251]]]]}},{"type":"Feature","properties":{"unitId":72,"unitName":"Nesaragi PS"},"geometry":{"type":"Polygon","coordinates":[[[74.802,15.99151],[74.80693,15.99081],[74.81971,15.99016],[74.8445,15.98956],[74.84415,15.97832],[74.84347,15.97232],[74.84186,15.96755],[74.84061,15.96109],[74.8399,15.95999],[74.83382,15.95628],[74.83406,15.9541],[74.83353,15.95293],[74.83116,15.95188],[74.83066,15.94916],[74.83118,15.94789],[74.83085,15.94488],[74.83015,15.94373],[74.83435,15.92127],[74.83812,15.91354],[74.83896,15.90959],[74.84021,15.90729],[74.84047,15.90448],[74.84135,15.90287],[74.83816,15.90174],[74.8346,15.89874],[74.82984,15.89658],[74.82616,15.89505],[74.81334,15.89114],[74.80672,15.88773],[74.80158,15.88312],[74.80722,15.85883],[74.80762,15.85515],[74.80797,15.85539],[74.81045,15.84851],[74.81215,15.84894],[74.81322,15.84733],[74.81421,15.84746],[74.81666,15.84325],[74.82047,15.8392],[74.82017,15.83827],[74.82053,15.83247],[74.80953,15.83097],[74.7942,15.83076],[74.79488,15.82714],[74.79386,15.82714],[74.79403,15.82644],[74.7949,15.82642],[74.7946,15.82507],[74.79381,15.82514],[74.79264,15.82221],[74.79238,15.82241],[74.79223,15.82194],[74.79175,15.82236],[74.7918,15.82182],[74.79072,15.82148],[74.78976,15.81985],[74.78944,15.81858],[74.78985,15.81752],[74.789,15.81718],[74.78935,15.81705],[74.7892,15.8165],[74.7871,15.81574],[74.78612,15.81305],[74.78626,15.80572],[74.78515,15.80549],[74.77743,15.80608],[74.76814,15.80588],[74.76548,15.81567],[74.76448,15.81568],[74.76428,15.81781],[74.76457,15.82399],[74.76555,15.83027],[74.76646,15.83276],[74.76613,15.83466],[74.76638,15.83739],[74.76029,15.83733],[74.75991,15.84283],[74.75857,15.84295],[74.75634,15.8445],[74.75465,15.84335],[74.75353,15.84386],[74.75244,15.84351],[74.75055,15.84167],[74.75152,15.83991],[74.75127,15.83882],[74.74826,15.83659],[74.74595,15.83592],[74.74659,15.83486],[74.74735,15.83039],[74.74822,15.8285],[74.74745,15.82772],[74.7472,15.82858],[74.74621,15.8279],[74.73988,15.82611],[74.73487,15.82573],[74.73522,15.82512],[74.73196,15.82569],[74.72203,15.82473],[74.72128,15.82327],[74.71232,15.82238],[74.71241,15.82128],[74.70959,15.82091],[74.70946,15.82163],[74.70449,15.82113],[74.70426,15.82041],[74.70196,15.82021],[74.69927,15.82055],[74.69909,15.82213],[74.69605,15.82213],[74.69471,15.83104],[74.69198,15.83401],[74.69092,15.83397],[74.69028,15.83656],[74.68561,15.83703],[74.68353,15.83677],[74.68228,15.84255],[74.6816,15.84256],[74.68136,15.84352],[74.68076,15.84384],[74.68023,15.84647],[74.67756,15.84541],[74.67688,15.84785],[74.67874,15.84911],[74.67859,15.85223],[74.6817,15.85268],[74.68356,15.85245],[74.68972,15.85893],[74.69029,15.86252],[74.69387,15.86582],[74.69574,15.86658],[74.6963,15.86775],[74.69825,15.86803],[74.69927,15.87057],[74.69855,15.87058],[74.69859,15.87193],[74.69943,15.87345],[74.69951,15.87461],[74.69737,15.88015],[74.69737,15.88517],[74.69132,15.90287],[74.69235,15.90546],[74.68876,15.90544],[74.6818,15.91212],[74.68254,15.91842],[74.68753,15.92149],[74.69019,15.92226],[74.69265,15.92584],[74.69181,15.92931],[74.68946,15.93007],[74.68421,15.93445],[74.68626,15.93793],[74.68709,15.94351],[74.69233,15.944],[74.69496,15.94498],[74.69725,15.9486],[74.69327,15.95021],[74.69469,15.95276],[74.69734,15.95527],[74.70785,15.96021],[74.7194,15.96638],[74.72499,15.96643],[74.72894,15.96817],[74.73078,15.96985],[74.73235,15.97038],[74.73348,15.97243],[74.73912,15.97857],[74.74179,15.97896],[74.74584,15.9782],[74.75008,15.97671],[74.75204,15.97749],[74.75645,15.98085],[74.75753,15.98012],[74.75943,15.98396],[74.75972,15.98356],[74.7661,15.98961],[74.77281,15.99036],[74.77559,15.99113],[74.78809,15.99075],[74.80099,15.99148],[74.80103,15.99186],[74.802,15.99151]],[[74.78936,15.81736],[74.78974,15.81751],[74.78945,15.8179],[74.78936,15.81736]],[[74.7879,15.8926],[74.7879,15.8926]]]}},{"type":"Feature","properties":{"unitId":73,"unitName":"Khanapur PS"},"geometry":{"type":"Polygon","coordinates":[[[74.23154,15.78747],[74.23243,15.78729],[74.23475,15.77911],[74.23069,15.77468],[74.22809,15.76739],[74.22831,15.76318],[74.22748,15.76186],[74.22863,15.75932],[74.22801,15.75617],[74.23149,15.75375],[74.23372,15.74843],[74.23657,15.74819],[74.23589,15.7443],[74.23972,15.74276],[74.24615,15.74261],[74.24931,15.74496],[74.25378,15.74529],[74.25403,15.74553],[74.2531,15.74641],[74.25334,15.74684],[74.25582,15.74649],[74.25697,15.74774],[74.26238,15.75019],[74.2621,15.75118],[74.2626,15.75286],[74.26769,15.75415],[74.26836,15.755],[74.27305,15.75013],[74.27595,15.7492],[74.28104,15.74448],[74.284,15.74338],[74.28602,15.74137],[74.2856,15.74094],[74.29487,15.74367],[74.29525,15.74429],[74.29879,15.74588],[74.30172,15.7483],[74.30864,15.74968],[74.31032,15.75228],[74.31032,15.75348],[74.30954,15.75518],[74.31828,15.75848],[74.31806,15.7599],[74.3189,15.76597],[74.32123,15.7703],[74.32292,15.77223],[74.32386,15.77242],[74.32517,15.77154],[74.32693,15.77135],[74.32946,15.76931],[74.33694,15.76758],[74.33809,15.7665],[74.33966,15.7661],[74.34059,15.76438],[74.34127,15.75646],[74.34181,15.75555],[74.33979,15.75224],[74.33912,15.75196],[74.33854,15.75046],[74.33792,15.75013],[74.33656,15.74678],[74.33548,15.74526],[74.33431,15.74474],[74.33315,15.74288],[74.34019,15.74232],[74.34381,15.74366],[74.34708,15.74764],[74.35138,15.75108],[74.35147,15.75158],[74.35221,15.75146],[74.35251,15.75281],[74.35363,15.75292],[74.3563,15.7544],[74.35743,15.7556],[74.35879,15.7557],[74.36017,15.75711],[74.3601,15.75793],[74.36067,15.75801],[74.36015,15.7585],[74.35988,15.76269],[74.36115,15.76306],[74.36213,15.7644],[74.36244,15.76587],[74.36367,15.76552],[74.36499,15.7661],[74.36684,15.76548],[74.36823,15.76642],[74.37075,15.76631],[74.37152,15.76583],[74.3746,15.7666],[74.37688,15.76543],[74.39164,15.76051],[74.38824,15.75467],[74.38861,15.75158],[74.39719,15.74838],[74.40133,15.74743],[74.40496,15.74549],[74.41194,15.74411],[74.42558,15.74033],[74.42607,15.74134],[74.4347,15.74428],[74.43965,15.74546],[74.44022,15.74609],[74.44166,15.74604],[74.44786,15.73937],[74.448,15.73682],[74.44859,15.73587],[74.44938,15.73597],[74.45052,15.73512],[74.45185,15.72974],[74.45148,15.72796],[74.45192,15.72775],[74.45216,15.72602],[74.45179,15.72539],[74.45224,15.72534],[74.45242,15.72426],[74.45373,15.72368],[74.45414,15.72255],[74.45513,15.72221],[74.45687,15.71929],[74.45789,15.71971],[74.45952,15.71918],[74.45985,15.71851],[74.46103,15.71862],[74.46125,15.71714],[74.46216,15.71703],[74.46159,15.7151],[74.46402,15.71418],[74.46454,15.71422],[74.46608,15.71649],[74.46951,15.71698],[74.47068,15.71894],[74.47022,15.72027],[74.47148,15.72162],[74.47172,15.72346],[74.48025,15.72234],[74.48654,15.72359],[74.4905,15.72324],[74.48987,15.72206],[74.49088,15.72081],[74.49404,15.72147],[74.49718,15.71886],[74.50075,15.71951],[74.50386,15.71741],[74.50985,15.71783],[74.51171,15.71737],[74.5159,15.72084],[74.5154,15.72229],[74.51727,15.72432],[74.51788,15.72627],[74.51697,15.72714],[74.51844,15.72975],[74.51874,15.73236],[74.52459,15.73229],[74.52912,15.73332],[74.52939,15.73193],[74.5306,15.73],[74.53178,15.72929],[74.53379,15.72453],[74.53461,15.72068],[74.54003,15.72043],[74.53978,15.71823],[74.54087,15.71583],[74.54202,15.71598],[74.54242,15.71523],[74.55157,15.71332],[74.55289,15.71192],[74.55437,15.71191],[74.55531,15.7108],[74.5566,15.71158],[74.55621,15.71226],[74.55668,15.71297],[74.55732,15.71312],[74.55733,15.71257],[74.55799,15.71256],[74.55785,15.71339],[74.55974,15.71247],[74.56007,15.71172],[74.56089,15.71188],[74.56129,15.71126],[74.56274,15.71161],[74.56227,15.71086],[74.56244,15.71053],[74.5631,15.71072],[74.56326,15.71012],[74.56275,15.70946],[74.56433,15.70874],[74.56481,15.70907],[74.56579,15.70764],[74.56643,15.70778],[74.56534,15.70704],[74.56559,15.70639],[74.56672,15.70639],[74.56672,15.70557],[74.56902,15.70365],[74.56966,15.70426],[74.57243,15.70442],[74.57788,15.70571],[74.57976,15.7073],[74.58397,15.70857],[74.58487,15.70811],[74.5862,15.70564],[74.58749,15.70199],[74.59257,15.70137],[74.59509,15.70022],[74.59505,15.69661],[74.59765,15.69688],[74.59771,15.69645],[74.59921,15.69654],[74.60223,15.69575],[74.60691,15.69637],[74.61202,15.69581],[74.6142,15.69505],[74.61809,15.69489],[74.62023,15.69539],[74.62374,15.69432],[74.62585,15.69465],[74.62693,15.6934],[74.62827,15.69337],[74.62838,15.69299],[74.63098,15.69332],[74.63163,15.69346],[74.63213,15.69855],[74.63282,15.69949],[74.63298,15.70116],[74.63448,15.70196],[74.63514,15.70352],[74.63632,15.70401],[74.6373,15.70689],[74.63959,15.70781],[74.65031,15.70841],[74.654,15.70112],[74.65509,15.69799],[74.65636,15.69728],[74.65721,15.69506],[74.65999,15.69619],[74.6602,15.69545],[74.66131,15.69562],[74.66284,15.69155],[74.66902,15.69184],[74.67151,15.68382],[74.66676,15.67884],[74.66392,15.67792],[74.66227,15.67647],[74.66082,15.67621],[74.65924,15.67682],[74.65781,15.67897],[74.65627,15.67951],[74.65514,15.6785],[74.65319,15.67777],[74.64984,15.67912],[74.64394,15.67822],[74.64247,15.67921],[74.64158,15.67846],[74.64303,15.67657],[74.64366,15.6739],[74.64291,15.67307],[74.64103,15.67358],[74.64067,15.67236],[74.63623,15.67195],[74.63509,15.67229],[74.63482,15.67325],[74.63529,15.67599],[74.63465,15.67846],[74.63305,15.67911],[74.62891,15.67685],[74.62836,15.67717],[74.62805,15.67829],[74.62808,15.68208],[74.62738,15.68268],[74.62492,15.6822],[74.62318,15.68133],[74.62294,15.68042],[74.62338,15.67906],[74.62245,15.67759],[74.6182,15.67614],[74.61775,15.67543],[74.61932,15.67017],[74.61759,15.66946],[74.61661,15.67045],[74.61564,15.67043],[74.61255,15.66916],[74.61155,15.66787],[74.61171,15.66525],[74.6108,15.66351],[74.60836,15.66232],[74.60535,15.66454],[74.60131,15.66434],[74.59975,15.66308],[74.59873,15.66045],[74.59809,15.66051],[74.59497,15.65583],[74.59317,15.65516],[74.59022,15.65277],[74.58865,15.6521],[74.58745,15.65242],[74.58588,15.65192],[74.58565,15.6507],[74.5846,15.64934],[74.58294,15.64873],[74.57912,15.64933],[74.57559,15.64777],[74.57441,15.64572],[74.57277,15.64503],[74.56949,15.64553],[74.56559,15.64409],[74.56505,15.64315],[74.56664,15.6405],[74.56586,15.63795],[74.56099,15.63814],[74.55826,15.63709],[74.55557,15.63512],[74.55267,15.63588],[74.55033,15.63462],[74.54887,15.63441],[74.54701,15.63528],[74.54733,15.63448],[74.5469,15.63356],[74.54751,15.63308],[74.54704,15.62918],[74.54187,15.61777],[74.54194,15.61581],[74.5386,15.61634],[74.5383,15.61546],[74.53948,15.61487],[74.5418,15.61182],[74.54181,15.6103],[74.54077,15.60768],[74.53905,15.60447],[74.53815,15.60475],[74.53548,15.6036],[74.53162,15.60338],[74.52614,15.59946],[74.52643,15.59119],[74.52589,15.59097],[74.52531,15.58606],[74.5206,15.58746],[74.51715,15.59059],[74.51533,15.5904],[74.51501,15.59255],[74.51225,15.59414],[74.50241,15.5962],[74.49826,15.59188],[74.49696,15.59204],[74.49597,15.59276],[74.49547,15.59231],[74.49467,15.59367],[74.49349,15.59439],[74.49398,15.5912],[74.4923,15.59031],[74.49375,15.5873],[74.49483,15.58714],[74.5009,15.58253],[74.50151,15.57885],[74.50404,15.57827],[74.50986,15.57288],[74.51066,15.56906],[74.51102,15.56902],[74.50892,15.56269],[74.51573,15.56223],[74.51611,15.56253],[74.51608,15.56199],[74.5231,15.56039],[74.52289,15.55905],[74.52433,15.55428],[74.51203,15.54626],[74.50268,15.54712],[74.50223,15.54767],[74.49972,15.54808],[74.49597,15.54618],[74.49754,15.53964],[74.49915,15.53787],[74.49916,15.5349],[74.50148,15.53386],[74.50569,15.53444],[74.50094,15.52804],[74.50238,15.52488],[74.49937,15.52155],[74.49441,15.52138],[74.48885,15.51657],[74.48244,15.50399],[74.48665,15.50286],[74.49242,15.50003],[74.494,15.49253],[74.49718,15.48134],[74.4981,15.4798],[74.49799,15.47793],[74.50069,15.47437],[74.49993,15.47058],[74.49858,15.46969],[74.49942,15.46862],[74.50169,15.46781],[74.50263,15.46776],[74.50377,15.46886],[74.50503,15.46602],[74.50691,15.46601],[74.50818,15.46541],[74.50887,15.46488],[74.50896,15.46403],[74.51032,15.46505],[74.51178,15.46519],[74.51191,15.46764],[74.51462,15.47129],[74.51344,15.4732],[74.5149,15.47493],[74.51652,15.47515],[74.51833,15.47442],[74.5197,15.4746],[74.52041,15.47538],[74.5211,15.47772],[74.52029,15.47917],[74.52186,15.48268],[74.52181,15.4858],[74.52601,15.49125],[74.52791,15.49184],[74.53391,15.48786],[74.53733,15.4833],[74.53898,15.48193],[74.53614,15.48],[74.5347,15.47789],[74.5325,15.47591],[74.53038,15.47559],[74.52983,15.4776],[74.52847,15.47663],[74.52876,15.47448],[74.53034,15.47312],[74.53276,15.4698],[74.53333,15.46498],[74.53354,15.46538],[74.53819,15.46663],[74.53895,15.46771],[74.54409,15.4672],[74.54853,15.4679],[74.55193,15.4628],[74.56083,15.46317],[74.56562,15.45054],[74.56994,15.45427],[74.57067,15.45703],[74.56968,15.45859],[74.57063,15.45964],[74.58138,15.46297],[74.59713,15.46701],[74.59849,15.457],[74.61162,15.4516],[74.63141,15.4525],[74.63279,15.44792],[74.63664,15.42966],[74.635,15.4295],[74.63462,15.42637],[74.64744,15.41095],[74.65671,15.413],[74.6757,15.42352],[74.6842,15.41928],[74.69708,15.41944],[74.70069,15.42186],[74.70129,15.42263],[74.70131,15.42388],[74.7029,15.42446],[74.70556,15.42658],[74.70849,15.42649],[74.70925,15.42687],[74.71024,15.42627],[74.71204,15.42653],[74.71602,15.42572],[74.71753,15.42682],[74.71871,15.42943],[74.72206,15.4273],[74.72431,15.42741],[74.72492,15.42701],[74.72788,15.42858],[74.72854,15.42767],[74.7291,15.42764],[74.73046,15.42873],[74.73076,15.42853],[74.73046,15.42712],[74.73218,15.42517],[74.73283,15.42506],[74.73244,15.42485],[74.73325,15.42442],[74.7335,15.42274],[74.7349,15.42299],[74.7382,15.42208],[74.73928,15.42137],[74.7398,15.41958],[74.74117,15.41956],[74.74023,15.41654],[74.74097,15.41385],[74.74105,15.41101],[74.73893,15.41098],[74.73649,15.40891],[74.73189,15.40798],[74.73027,15.40889],[74.72844,15.40892],[74.7267,15.41033],[74.71665,15.41115],[74.70626,15.40727],[74.69865,15.40985],[74.69198,15.40336],[74.68892,15.39867],[74.66638,15.39314],[74.64904,15.39052],[74.64921,15.39123],[74.64547,15.38745],[74.64203,15.38277],[74.63921,15.37537],[74.63907,15.37315],[74.63588,15.36809],[74.6338,15.36752],[74.63375,15.36794],[74.61377,15.35928],[74.60118,15.36941],[74.59566,15.37776],[74.58953,15.38081],[74.58768,15.38049],[74.57407,15.39223],[74.57409,15.39283],[74.571,15.3965],[74.56758,15.40345],[74.55778,15.40712],[74.55419,15.40898],[74.5506,15.41116],[74.54693,15.41431],[74.54711,15.41479],[74.539,15.41693],[74.5385,15.41588],[74.53374,15.41869],[74.52394,15.40862],[74.51648,15.40201],[74.50994,15.40294],[74.50783,15.40648],[74.50613,15.41249],[74.50706,15.41519],[74.5067,15.41571],[74.50947,15.42772],[74.50579,15.43371],[74.49594,15.43784],[74.49485,15.43826],[74.49376,15.43622],[74.49198,15.43482],[74.49107,15.43536],[74.48982,15.43693],[74.48989,15.43815],[74.49164,15.44052],[74.49179,15.44355],[74.49099,15.44352],[74.48999,15.44251],[74.48866,15.43852],[74.48785,15.43785],[74.48718,15.43851],[74.48596,15.4382],[74.48608,15.43705],[74.48898,15.43425],[74.48851,15.42326],[74.48438,15.42368],[74.479,15.42828],[74.47571,15.42909],[74.47174,15.43116],[74.46919,15.43008],[74.4682,15.43017],[74.46691,15.43121],[74.46534,15.43091],[74.46458,15.42775],[74.46114,15.42571],[74.46125,15.42447],[74.46324,15.42267],[74.46256,15.42171],[74.45605,15.42165],[74.4534,15.42086],[74.45044,15.42113],[74.44916,15.42054],[74.44917,15.41968],[74.45105,15.41826],[74.45106,15.41769],[74.4492,15.41605],[74.44922,15.41433],[74.45123,15.41033],[74.45135,15.40784],[74.45269,15.40561],[74.45245,15.40507],[74.45133,15.40552],[74.44907,15.40532],[74.44688,15.40608],[74.44248,15.40537],[74.44129,15.40538],[74.44029,15.40606],[74.43941,15.40587],[74.43809,15.40425],[74.43783,15.40298],[74.43465,15.40219],[74.43285,15.3973],[74.42905,15.39875],[74.42346,15.42084],[74.42273,15.42184],[74.4226,15.42674],[74.42345,15.43134],[74.42198,15.44682],[74.42256,15.44785],[74.42264,15.45204],[74.42212,15.46321],[74.41944,15.46419],[74.41778,15.46925],[74.417,15.46986],[74.41527,15.46996],[74.41394,15.47121],[74.41395,15.47248],[74.41208,15.47394],[74.40941,15.47476],[74.40618,15.47321],[74.40426,15.47309],[74.40283,15.47435],[74.40166,15.47446],[74.39925,15.47715],[74.39777,15.47714],[74.39504,15.47929],[74.39425,15.48078],[74.39204,15.48128],[74.3906,15.48006],[74.38861,15.48082],[74.38687,15.48214],[74.3864,15.48354],[74.38033,15.48115],[74.37449,15.48029],[74.37377,15.47915],[74.36847,15.48645],[74.36528,15.48906],[74.35569,15.50205],[74.35311,15.50669],[74.34886,15.51028],[74.34325,15.51741],[74.34174,15.51824],[74.32693,15.51628],[74.29711,15.52008],[74.29746,15.52062],[74.29206,15.52206],[74.2922,15.52244],[74.29077,15.52351],[74.2818,15.52311],[74.28123,15.52178],[74.27847,15.52146],[74.27885,15.5236],[74.28135,15.52459],[74.2813,15.5269],[74.282,15.52882],[74.28163,15.52999],[74.28231,15.53124],[74.28091,15.53429],[74.28096,15.53612],[74.27945,15.53765],[74.27938,15.54106],[74.27765,15.54603],[74.27283,15.54926],[74.26848,15.55498],[74.26428,15.55787],[74.26356,15.56275],[74.26266,15.56398],[74.26219,15.56423],[74.26111,15.56379],[74.26094,15.5625],[74.25878,15.5597],[74.25798,15.5601],[74.25856,15.56076],[74.24931,15.56656],[74.24808,15.56693],[74.24562,15.56642],[74.25065,15.57587],[74.24869,15.57881],[74.2528,15.58553],[74.25849,15.5924],[74.25752,15.59802],[74.25789,15.59935],[74.25924,15.60093],[74.25975,15.60765],[74.26185,15.60918],[74.26222,15.61101],[74.26444,15.61512],[74.26263,15.61873],[74.26199,15.61779],[74.25974,15.61954],[74.26009,15.62095],[74.25586,15.62439],[74.25135,15.62316],[74.24695,15.62092],[74.24493,15.62506],[74.252,15.65347],[74.25092,15.65408],[74.25129,15.65541],[74.24456,15.6587],[74.24244,15.66148],[74.23834,15.66246],[74.23725,15.66586],[74.23783,15.6668],[74.23674,15.66705],[74.23587,15.66871],[74.2297,15.66705],[74.22925,15.66519],[74.22855,15.66468],[74.22672,15.66594],[74.2244,15.66624],[74.2246,15.66751],[74.22387,15.66871],[74.22273,15.66841],[74.22179,15.66695],[74.21914,15.6655],[74.21802,15.66432],[74.21758,15.66231],[74.21557,15.66267],[74.22082,15.65721],[74.22327,15.65724],[74.22277,15.65586],[74.21777,15.65228],[74.21635,15.65235],[74.21523,15.65158],[74.20552,15.65039],[74.20357,15.65623],[74.20463,15.66313],[74.20397,15.66203],[74.18889,15.66584],[74.18634,15.67404],[74.19069,15.67492],[74.18959,15.67869],[74.18935,15.67847],[74.18554,15.68074],[74.18367,15.68055],[74.18211,15.68142],[74.18022,15.68161],[74.17458,15.67964],[74.17155,15.6749],[74.16919,15.67305],[74.16658,15.67188],[74.16431,15.667],[74.16332,15.65783],[74.1637,15.65385],[74.16329,15.65324],[74.16091,15.653],[74.15879,15.65369],[74.15601,15.65386],[74.15382,15.6504],[74.15261,15.64933],[74.15034,15.65078],[74.14846,15.65118],[74.14228,15.65017],[74.13912,15.65048],[74.13516,15.64835],[74.12731,15.65125],[74.1242,15.65111],[74.12158,15.65245],[74.11839,15.65243],[74.11446,15.65544],[74.11198,15.65656],[74.10852,15.65695],[74.10445,15.65654],[74.10081,15.65734],[74.09209,15.66232],[74.08656,15.66923],[74.08658,15.67198],[74.0876,15.67304],[74.09017,15.67382],[74.10061,15.67122],[74.1084,15.67217],[74.12364,15.67987],[74.12493,15.68287],[74.12813,15.68765],[74.1294,15.69082],[74.13241,15.69326],[74.13207,15.6967],[74.13091,15.70135],[74.13337,15.70253],[74.13343,15.70317],[74.1329,15.70567],[74.12865,15.70854],[74.12674,15.70818],[74.12748,15.7117],[74.12701,15.71893],[74.12222,15.72086],[74.12636,15.72513],[74.13124,15.72333],[74.13335,15.72518],[74.13403,15.73025],[74.13871,15.73096],[74.1418,15.73446],[74.14407,15.7336],[74.15052,15.73596],[74.15118,15.73659],[74.14974,15.73708],[74.14874,15.73883],[74.15148,15.74292],[74.15534,15.74782],[74.16178,15.75147],[74.1821,15.75183],[74.18903,15.75258],[74.20264,15.75829],[74.20461,15.76208],[74.2054,15.77288],[74.20975,15.78139],[74.20968,15.78199],[74.21375,15.78056],[74.21602,15.78448],[74.21925,15.78586],[74.22889,15.78915],[74.23154,15.78747]],[[74.63707,15.68546],[74.63533,15.68535],[74.63544,15.68311],[74.64061,15.68331],[74.6386,15.68521],[74.63707,15.68546]]]}},{"type":"Feature","properties":{"unitId":74,"unitName":"Nandgad PS"},"geometry":{"type":"Polygon","coordinates":[[[74.67755,15.68392],[74.67942,15.6814],[74.68455,15.68166],[74.68378,15.68117],[74.68463,15.67782],[74.68636,15.67598],[74.68839,15.67543],[74.68861,15.67388],[74.69058,15.67181],[74.69114,15.67027],[74.69108,15.66795],[74.68963,15.66599],[74.68953,15.66506],[74.69044,15.6617],[74.69117,15.65437],[74.70265,15.65402],[74.70315,15.65363],[74.70308,15.65244],[74.70174,15.65273],[74.70183,15.65158],[74.70296,15.65084],[74.70896,15.6507],[74.7116,15.64969],[74.71682,15.65015],[74.71772,15.64999],[74.71775,15.64961],[74.71926,15.64958],[74.71951,15.64885],[74.72122,15.64822],[74.72125,15.64753],[74.72285,15.64766],[74.72279,15.64635],[74.72022,15.64615],[74.72004,15.639],[74.71929,15.6389],[74.7196,15.63612],[74.71641,15.63577],[74.71633,15.63108],[74.71821,15.62784],[74.71719,15.62728],[74.71731,15.62669],[74.71508,15.62653],[74.71419,15.62809],[74.71344,15.62749],[74.71263,15.62771],[74.71252,15.62822],[74.71145,15.62827],[74.71107,15.62932],[74.71028,15.62878],[74.70953,15.62888],[74.70962,15.62947],[74.70879,15.62938],[74.70805,15.63047],[74.70752,15.63037],[74.70752,15.63157],[74.70672,15.63138],[74.70631,15.63038],[74.7047,15.6312],[74.70516,15.62964],[74.70451,15.62728],[74.70471,15.62261],[74.70436,15.62145],[74.70489,15.61651],[74.70371,15.61647],[74.704,15.61249],[74.70459,15.60991],[74.70516,15.60931],[74.70539,15.60678],[74.70749,15.60701],[74.70787,15.60148],[74.70872,15.59861],[74.70507,15.59786],[74.7035,15.59682],[74.70533,15.59178],[74.70841,15.58893],[74.70892,15.58901],[74.70922,15.58816],[74.71466,15.58841],[74.71406,15.58219],[74.71026,15.57961],[74.70808,15.5795],[74.70782,15.57852],[74.70577,15.579],[74.70537,15.57861],[74.70438,15.57329],[74.70489,15.57349],[74.70511,15.57277],[74.70547,15.56929],[74.70657,15.56951],[74.70676,15.56863],[74.70835,15.56871],[74.70852,15.56804],[74.71063,15.56872],[74.7106,15.56826],[74.71115,15.56832],[74.71179,15.56648],[74.71159,15.5652],[74.71306,15.56242],[74.71589,15.56217],[74.71687,15.56014],[74.71779,15.56001],[74.71808,15.55918],[74.7201,15.55953],[74.72019,15.55873],[74.727,15.55943],[74.72708,15.55905],[74.73037,15.55924],[74.73363,15.55826],[74.73331,15.54516],[74.73244,15.53756],[74.73167,15.53612],[74.73176,15.53025],[74.73111,15.52664],[74.73115,15.52543],[74.73182,15.52503],[74.73248,15.52356],[74.73182,15.52336],[74.73173,15.52152],[74.73279,15.51357],[74.73155,15.51327],[74.73243,15.51024],[74.73277,15.50966],[74.73423,15.50985],[74.73866,15.5003],[74.74265,15.4939],[74.73965,15.4921],[74.73899,15.49098],[74.7379,15.49043],[74.72698,15.48831],[74.72667,15.48798],[74.72714,15.48708],[74.72671,15.48621],[74.72819,15.48644],[74.72738,15.4855],[74.72901,15.48362],[74.72792,15.4832],[74.72915,15.48293],[74.72908,15.48192],[74.73023,15.4821],[74.72978,15.48115],[74.73015,15.48044],[74.72967,15.48035],[74.73025,15.48003],[74.73018,15.47948],[74.72974,15.47972],[74.72944,15.47916],[74.73073,15.47909],[74.73002,15.47871],[74.73103,15.47752],[74.73125,15.47628],[74.73094,15.47679],[74.72886,15.47653],[74.72884,15.47588],[74.72926,15.47401],[74.72977,15.47422],[74.73068,15.47237],[74.73103,15.47252],[74.73234,15.46928],[74.73619,15.46581],[74.73941,15.46649],[74.74065,15.46611],[74.74101,15.46669],[74.74213,15.46582],[74.74323,15.46617],[74.74319,15.46461],[74.74262,15.46375],[74.74377,15.46303],[74.7423,15.46244],[74.74167,15.46164],[74.74245,15.46152],[74.74323,15.46054],[74.74221,15.45755],[74.74263,15.45597],[74.74233,15.45553],[74.74284,15.45533],[74.74168,15.45466],[74.7421,15.4535],[74.74261,15.45364],[74.74159,15.45271],[74.74228,15.45176],[74.74113,15.45105],[74.74089,15.45166],[74.74013,15.45155],[74.7391,15.44964],[74.73992,15.44943],[74.73811,15.44897],[74.73841,15.44777],[74.73994,15.44783],[74.7391,15.4469],[74.73875,15.44498],[74.73642,15.44476],[74.73549,15.4442],[74.7367,15.43996],[74.73562,15.44035],[74.7335,15.43886],[74.73179,15.43655],[74.72993,15.43553],[74.72986,15.43496],[74.73167,15.43342],[74.73081,15.4332],[74.73121,15.43192],[74.73027,15.43114],[74.7292,15.43114],[74.72942,15.43009],[74.73021,15.4303],[74.73069,15.42943],[74.73026,15.42849],[74.7291,15.42764],[74.72854,15.42767],[74.72788,15.42858],[74.72492,15.42701],[74.72431,15.42741],[74.72206,15.4273],[74.71871,15.42943],[74.71753,15.42682],[74.71602,15.42572],[74.71204,15.42653],[74.71024,15.42627],[74.70925,15.42687],[74.70849,15.42649],[74.70556,15.42658],[74.7029,15.42446],[74.70131,15.42388],[74.70129,15.42263],[74.70069,15.42186],[74.69708,15.41944],[74.6842,15.41928],[74.6757,15.42352],[74.65671,15.413],[74.64744,15.41095],[74.63462,15.42637],[74.635,15.4295],[74.63664,15.42966],[74.63279,15.44792],[74.63141,15.4525],[74.61162,15.4516],[74.59849,15.457],[74.59713,15.46701],[74.58138,15.46297],[74.57063,15.45964],[74.56968,15.45859],[74.57067,15.45703],[74.56994,15.45427],[74.56562,15.45054],[74.56083,15.46317],[74.55193,15.4628],[74.54853,15.4679],[74.54409,15.4672],[74.53895,15.46771],[74.53819,15.46663],[74.53354,15.46538],[74.53333,15.46498],[74.53276,15.4698],[74.53034,15.47312],[74.52876,15.47448],[74.52847,15.47663],[74.52983,15.4776],[74.53038,15.47559],[74.5325,15.47591],[74.5347,15.47789],[74.53614,15.48],[74.53898,15.48193],[74.53733,15.4833],[74.53391,15.48786],[74.52791,15.49184],[74.52601,15.49125],[74.52181,15.4858],[74.52186,15.48268],[74.52029,15.47917],[74.5211,15.47772],[74.52041,15.47538],[74.5197,15.4746],[74.51833,15.47442],[74.51652,15.47515],[74.5149,15.47493],[74.51344,15.4732],[74.51462,15.47129],[74.51191,15.46764],[74.51178,15.46519],[74.51032,15.46505],[74.50896,15.46403],[74.50887,15.46488],[74.50818,15.46541],[74.50691,15.46601],[74.50503,15.46602],[74.50377,15.46886],[74.5022,15.46773],[74.49942,15.46862],[74.49858,15.46969],[74.49993,15.47058],[74.50069,15.47437],[74.49799,15.47793],[74.4981,15.4798],[74.49718,15.48134],[74.494,15.49253],[74.49242,15.50003],[74.48665,15.50286],[74.48244,15.50399],[74.48885,15.51657],[74.49441,15.52138],[74.49937,15.52155],[74.50238,15.52488],[74.50094,15.52804],[74.50569,15.53444],[74.50148,15.53386],[74.49916,15.5349],[74.49915,15.53787],[74.49754,15.53964],[74.49597,15.54618],[74.49972,15.54808],[74.50223,15.54767],[74.50268,15.54712],[74.51203,15.54626],[74.52433,15.55428],[74.52289,15.55905],[74.5231,15.56039],[74.51608,15.56199],[74.51611,15.56253],[74.51573,15.56223],[74.50892,15.56269],[74.51102,15.56902],[74.51066,15.56906],[74.50986,15.57288],[74.50404,15.57827],[74.50151,15.57885],[74.5009,15.58253],[74.49483,15.58714],[74.49375,15.5873],[74.4923,15.59031],[74.49398,15.5912],[74.49349,15.59439],[74.49467,15.59367],[74.49547,15.59231],[74.49597,15.59276],[74.49696,15.59204],[74.49826,15.59188],[74.50241,15.5962],[74.51225,15.59414],[74.51501,15.59255],[74.51533,15.5904],[74.51715,15.59059],[74.5206,15.58746],[74.52531,15.58606],[74.52589,15.59097],[74.52643,15.59119],[74.52614,15.59946],[74.53162,15.60338],[74.53548,15.6036],[74.53815,15.60475],[74.53905,15.60447],[74.54077,15.60768],[74.54181,15.6103],[74.5418,15.61182],[74.53948,15.61487],[74.5383,15.61546],[74.5386,15.61634],[74.54194,15.61581],[74.54187,15.61777],[74.54704,15.62918],[74.54751,15.63308],[74.5469,15.63356],[74.54733,15.63448],[74.54701,15.63528],[74.54887,15.63441],[74.55033,15.63462],[74.55267,15.63588],[74.55557,15.63512],[74.55826,15.63709],[74.56099,15.63814],[74.56586,15.63795],[74.56664,15.6405],[74.56505,15.64315],[74.56559,15.64409],[74.56949,15.64553],[74.57277,15.64503],[74.57441,15.64572],[74.57559,15.64777],[74.57912,15.64933],[74.58294,15.64873],[74.5846,15.64934],[74.58565,15.6507],[74.58588,15.65192],[74.58745,15.65242],[74.58865,15.6521],[74.59022,15.65277],[74.59317,15.65516],[74.59497,15.65583],[74.59809,15.66051],[74.59873,15.66045],[74.59975,15.66308],[74.60131,15.66434],[74.60535,15.66454],[74.60836,15.66232],[74.6108,15.66351],[74.61171,15.66525],[74.61155,15.66787],[74.61255,15.66916],[74.61564,15.67043],[74.61661,15.67045],[74.61759,15.66946],[74.61932,15.67017],[74.61775,15.67543],[74.6182,15.67614],[74.62245,15.67759],[74.62338,15.67906],[74.62294,15.68042],[74.62318,15.68133],[74.62388,15.68178],[74.62695,15.68269],[74.62781,15.68245],[74.62815,15.67765],[74.62891,15.67685],[74.63305,15.67911],[74.63465,15.67846],[74.63529,15.67599],[74.63482,15.67325],[74.63509,15.67229],[74.63623,15.67195],[74.64067,15.67236],[74.64103,15.67358],[74.64291,15.67307],[74.64366,15.6739],[74.64303,15.67657],[74.64158,15.67846],[74.64247,15.67921],[74.64394,15.67822],[74.64984,15.67912],[74.65319,15.67777],[74.65514,15.6785],[74.65627,15.67951],[74.65781,15.67897],[74.65953,15.67659],[74.66176,15.67633],[74.66287,15.67675],[74.66392,15.67792],[74.66676,15.67884],[74.67151,15.68382],[74.67755,15.68392]]]}},{"type":"Feature","properties":{"unitId":75,"unitName":"Doddawad PS"},"geometry":{"type":"Polygon","coordinates":[[[74.94594,15.78328],[74.95198,15.78321],[74.95231,15.78287],[74.95325,15.78096],[74.95278,15.77939],[74.95297,15.77788],[74.95239,15.77722],[74.95246,15.77452],[74.95452,15.76988],[74.95638,15.76829],[74.95721,15.76538],[74.95704,15.76456],[74.95914,15.76192],[74.95882,15.76091],[74.95958,15.75658],[74.95897,15.75289],[74.96018,15.7484],[74.95974,15.74763],[74.95952,15.74408],[74.9606,15.73915],[74.96213,15.72651],[74.96927,15.72796],[74.97538,15.72982],[74.98666,15.73152],[75.00138,15.73105],[75.00137,15.73011],[75.0019,15.7301],[75.00156,15.72371],[75.00293,15.72363],[75.00311,15.72141],[75.0039,15.72139],[75.00421,15.71645],[75.00635,15.71664],[75.00642,15.7149],[75.00983,15.71482],[75.01008,15.71176],[75.01271,15.71162],[75.01244,15.70149],[75.01205,15.70145],[75.01055,15.69279],[75.01038,15.68873],[75.00639,15.68847],[75.00645,15.68723],[74.99502,15.68645],[74.99473,15.68035],[74.99265,15.67041],[74.99277,15.65955],[74.99162,15.65096],[74.98708,15.65046],[74.97866,15.64829],[74.96694,15.65308],[74.96702,15.65216],[74.96511,15.6459],[74.96424,15.64541],[74.96414,15.64217],[74.96529,15.63297],[74.9652,15.62627],[74.95637,15.62579],[74.94447,15.62225],[74.93835,15.623],[74.93269,15.62265],[74.92821,15.62315],[74.92448,15.62431],[74.91903,15.62767],[74.91364,15.63017],[74.90173,15.63144],[74.89203,15.63069],[74.88722,15.62982],[74.88654,15.62832],[74.88326,15.62475],[74.87832,15.62121],[74.87764,15.62218],[74.87717,15.62513],[74.87616,15.62714],[74.86658,15.63933],[74.86199,15.64433],[74.86037,15.64525],[74.84955,15.64341],[74.85003,15.64577],[74.85267,15.64829],[74.85267,15.65088],[74.85031,15.65655],[74.84976,15.65916],[74.85089,15.66263],[74.84982,15.66497],[74.84787,15.6669],[74.84772,15.66786],[74.84678,15.66795],[74.84396,15.6666],[74.83934,15.6669],[74.83617,15.66565],[74.83395,15.66811],[74.8329,15.67195],[74.83093,15.67244],[74.83133,15.67333],[74.82644,15.67345],[74.82589,15.67479],[74.82456,15.67479],[74.82361,15.67724],[74.82165,15.67654],[74.82221,15.68129],[74.82037,15.68591],[74.81806,15.68985],[74.82274,15.6899],[74.82477,15.69059],[74.8353,15.69559],[74.83486,15.69631],[74.83484,15.69806],[74.83504,15.69765],[74.84319,15.70033],[74.84312,15.7072],[74.84149,15.70672],[74.84116,15.7092],[74.8423,15.70958],[74.84112,15.71423],[74.84587,15.7148],[74.84609,15.71921],[74.84527,15.72115],[74.84542,15.72176],[74.85079,15.72216],[74.85328,15.72289],[74.85376,15.72129],[74.85478,15.72022],[74.85526,15.71819],[74.85646,15.7178],[74.857,15.71707],[74.85807,15.71722],[74.86206,15.71963],[74.8669,15.72035],[74.87125,15.72013],[74.87927,15.72202],[74.87897,15.72457],[74.88369,15.72533],[74.88622,15.72562],[74.88641,15.72207],[74.89586,15.72256],[74.89422,15.72874],[74.90333,15.72842],[74.90365,15.72921],[74.90319,15.73237],[74.90328,15.73679],[74.90463,15.73668],[74.91032,15.73784],[74.9108,15.74566],[74.91116,15.74564],[74.91273,15.75927],[74.91507,15.75778],[74.91589,15.75667],[74.9162,15.75399],[74.91837,15.75363],[74.92218,15.75463],[74.92268,15.75705],[74.92126,15.7594],[74.92205,15.76126],[74.92411,15.76348],[74.92434,15.76295],[74.92765,15.7639],[74.92767,15.76343],[74.92896,15.76423],[74.92966,15.76529],[74.93027,15.76861],[74.93168,15.77036],[74.93819,15.77044],[74.9403,15.77142],[74.94106,15.77279],[74.9415,15.77262],[74.94276,15.77663],[74.9437,15.7837],[74.94594,15.78328]]]}},{"type":"Feature","properties":{"unitId":76,"unitName":"Kittur PS"},"geometry":{"type":"Polygon","coordinates":[[[74.70033,15.74786],[74.70428,15.74672],[74.71468,15.74835],[74.71431,15.7466],[74.7131,15.74621],[74.71362,15.74498],[74.71257,15.7434],[74.71158,15.74304],[74.71335,15.73964],[74.71366,15.73972],[74.71448,15.73588],[74.71521,15.72757],[74.71667,15.72142],[74.71797,15.72109],[74.71766,15.72094],[74.71815,15.7203],[74.71766,15.71909],[74.71809,15.71886],[74.71794,15.71823],[74.71836,15.71847],[74.71872,15.71799],[74.7188,15.71846],[74.71996,15.71846],[74.71981,15.71779],[74.72096,15.71693],[74.72087,15.71625],[74.72124,15.71633],[74.72074,15.71537],[74.72156,15.7154],[74.72139,15.71505],[74.7221,15.71483],[74.72204,15.71442],[74.7231,15.715],[74.72464,15.71419],[74.72427,15.71397],[74.72443,15.7125],[74.72866,15.70831],[74.73482,15.7066],[74.73631,15.7058],[74.73855,15.70312],[74.73959,15.70283],[74.74307,15.70326],[74.74372,15.70473],[74.74493,15.70518],[74.74776,15.7045],[74.7498,15.70595],[74.75059,15.7079],[74.7502,15.71078],[74.74936,15.71059],[74.74784,15.70881],[74.74634,15.70807],[74.74543,15.70835],[74.7436,15.71071],[74.74639,15.71615],[74.74539,15.71857],[74.74459,15.72343],[74.74544,15.72477],[74.7474,15.7258],[74.74729,15.72644],[74.75155,15.72535],[74.75613,15.72304],[74.75622,15.7225],[74.75729,15.72221],[74.75803,15.71893],[74.75888,15.71841],[74.75987,15.71866],[74.76333,15.72135],[74.76436,15.72148],[74.76677,15.72105],[74.76903,15.72005],[74.77146,15.71808],[74.77293,15.71799],[74.77757,15.72026],[74.77895,15.72186],[74.78619,15.72317],[74.78738,15.72451],[74.7876,15.72671],[74.79075,15.73166],[74.79348,15.73168],[74.79514,15.73067],[74.79859,15.72771],[74.79837,15.72718],[74.79928,15.72623],[74.79833,15.72581],[74.79845,15.72535],[74.79949,15.72527],[74.79863,15.72506],[74.79878,15.72452],[74.79831,15.724],[74.79912,15.72332],[74.79969,15.72354],[74.79763,15.72051],[74.80016,15.71893],[74.80177,15.7188],[74.80237,15.71927],[74.80269,15.71898],[74.80159,15.71822],[74.8037,15.71777],[74.80465,15.71589],[74.80553,15.71584],[74.80454,15.71389],[74.80562,15.71408],[74.80478,15.71347],[74.80544,15.71284],[74.80703,15.71342],[74.80689,15.7111],[74.80597,15.71047],[74.80614,15.70822],[74.80784,15.7077],[74.80837,15.70818],[74.80805,15.70658],[74.81015,15.70579],[74.81051,15.70339],[74.81312,15.70323],[74.81334,15.6997],[74.8145,15.69722],[74.81492,15.6937],[74.81914,15.68821],[74.82221,15.68129],[74.82165,15.67654],[74.82361,15.67724],[74.82456,15.67479],[74.82589,15.67479],[74.82644,15.67345],[74.83133,15.67333],[74.83093,15.67244],[74.8329,15.67195],[74.83395,15.66811],[74.83617,15.66565],[74.83934,15.6669],[74.84396,15.6666],[74.84678,15.66795],[74.84772,15.66786],[74.84787,15.6669],[74.84982,15.66497],[74.85089,15.66263],[74.84976,15.65916],[74.85031,15.65655],[74.85267,15.65088],[74.85267,15.64829],[74.85003,15.64577],[74.84955,15.64341],[74.86037,15.64525],[74.86199,15.64433],[74.86658,15.63933],[74.87616,15.62714],[74.87751,15.62389],[74.87811,15.61928],[74.87889,15.61752],[74.87803,15.61706],[74.87197,15.61616],[74.8563,15.61255],[74.85571,15.61223],[74.85566,15.61106],[74.85293,15.60984],[74.85015,15.60947],[74.84659,15.60815],[74.84299,15.60777],[74.84035,15.60818],[74.83872,15.61201],[74.8303,15.61005],[74.82857,15.60838],[74.82947,15.60331],[74.82998,15.5901],[74.83224,15.59101],[74.83587,15.58538],[74.83785,15.57709],[74.84085,15.57461],[74.83325,15.57094],[74.82632,15.56942],[74.82554,15.5677],[74.82346,15.56785],[74.82303,15.56758],[74.82316,15.56631],[74.82003,15.56557],[74.82033,15.56196],[74.81642,15.55949],[74.81496,15.55747],[74.81224,15.5568],[74.81106,15.5542],[74.80785,15.55337],[74.80721,15.55159],[74.80725,15.55053],[74.80772,15.55043],[74.80165,15.54894],[74.80119,15.54927],[74.79721,15.54756],[74.80176,15.53948],[74.803,15.53858],[74.80622,15.53005],[74.80703,15.52834],[74.80883,15.52643],[74.81158,15.52038],[74.80936,15.51062],[74.81437,15.50397],[74.8059,15.50113],[74.80196,15.50151],[74.80547,15.49741],[74.80361,15.49649],[74.80288,15.49806],[74.79971,15.49883],[74.79904,15.49805],[74.79934,15.49724],[74.7973,15.49746],[74.7987,15.4936],[74.79492,15.49049],[74.79398,15.48893],[74.79438,15.48752],[74.79204,15.48581],[74.79148,15.48638],[74.78958,15.48669],[74.78904,15.48623],[74.78788,15.48662],[74.78727,15.486],[74.78604,15.48584],[74.78595,15.48496],[74.78521,15.48443],[74.78558,15.48166],[74.7869,15.47839],[74.78517,15.47278],[74.78536,15.47138],[74.78392,15.46943],[74.78326,15.46702],[74.78067,15.46452],[74.78046,15.46313],[74.7783,15.45847],[74.77383,15.46497],[74.76891,15.47052],[74.76454,15.47318],[74.76145,15.46992],[74.76021,15.47078],[74.76045,15.47185],[74.75965,15.47219],[74.75918,15.47403],[74.75574,15.47647],[74.75633,15.4775],[74.75587,15.47846],[74.75629,15.47953],[74.75332,15.48389],[74.75318,15.48511],[74.75472,15.48675],[74.75432,15.48803],[74.75268,15.48782],[74.75219,15.48954],[74.75104,15.48945],[74.75058,15.49089],[74.74978,15.49071],[74.74944,15.49286],[74.74894,15.4931],[74.74819,15.49537],[74.74242,15.4941],[74.73866,15.5003],[74.73423,15.50985],[74.73277,15.50966],[74.73211,15.51093],[74.7316,15.51358],[74.73279,15.51357],[74.73171,15.52247],[74.73182,15.52336],[74.73248,15.52356],[74.73182,15.52503],[74.73115,15.52543],[74.73111,15.52664],[74.73176,15.53025],[74.73167,15.53612],[74.73244,15.53756],[74.73331,15.54516],[74.73363,15.55826],[74.73037,15.55924],[74.72708,15.55905],[74.727,15.55943],[74.72019,15.55873],[74.7201,15.55953],[74.71808,15.55918],[74.71779,15.56001],[74.71687,15.56014],[74.71589,15.56217],[74.71306,15.56242],[74.71159,15.5652],[74.71179,15.56648],[74.71115,15.56832],[74.7106,15.56826],[74.71063,15.56872],[74.70852,15.56804],[74.70835,15.56871],[74.70676,15.56863],[74.70657,15.56951],[74.70547,15.56929],[74.70521,15.56983],[74.70511,15.57277],[74.70489,15.57349],[74.70438,15.57329],[74.70537,15.57861],[74.70577,15.579],[74.70782,15.57852],[74.70808,15.5795],[74.71026,15.57961],[74.71406,15.58219],[74.71466,15.58841],[74.70922,15.58816],[74.70892,15.58901],[74.70841,15.58893],[74.70533,15.59178],[74.7035,15.59682],[74.70507,15.59786],[74.70872,15.59861],[74.70787,15.60148],[74.70749,15.60701],[74.70539,15.60678],[74.70516,15.60931],[74.70459,15.60991],[74.704,15.61249],[74.70371,15.61647],[74.70489,15.61651],[74.70436,15.62145],[74.70471,15.62261],[74.70451,15.62728],[74.70516,15.62964],[74.7047,15.6312],[74.70631,15.63038],[74.70672,15.63138],[74.70752,15.63157],[74.70752,15.63037],[74.70805,15.63047],[74.70879,15.62938],[74.70962,15.62947],[74.70953,15.62888],[74.71028,15.62878],[74.71107,15.62932],[74.71145,15.62827],[74.71252,15.62822],[74.71263,15.62771],[74.71344,15.62749],[74.71419,15.62809],[74.71508,15.62653],[74.71731,15.62669],[74.71719,15.62728],[74.71821,15.62784],[74.71633,15.63108],[74.71641,15.63577],[74.7196,15.63612],[74.71929,15.6389],[74.72004,15.639],[74.72022,15.64615],[74.72279,15.64635],[74.72285,15.64766],[74.72125,15.64753],[74.72122,15.64822],[74.71951,15.64885],[74.71926,15.64958],[74.71775,15.64961],[74.71772,15.64999],[74.71682,15.65015],[74.7116,15.64969],[74.70896,15.6507],[74.70296,15.65084],[74.70183,15.65158],[74.70174,15.65273],[74.70308,15.65244],[74.70315,15.65363],[74.70265,15.65402],[74.69117,15.65437],[74.69044,15.6617],[74.68953,15.66506],[74.68963,15.66599],[74.69098,15.66749],[74.69114,15.67027],[74.69058,15.67181],[74.68861,15.67388],[74.68839,15.67543],[74.68636,15.67598],[74.68463,15.67782],[74.68378,15.68117],[74.68455,15.68166],[74.67942,15.6814],[74.67816,15.68351],[74.67709,15.68411],[74.67116,15.68397],[74.67029,15.68857],[74.66902,15.69184],[74.66284,15.69155],[74.66131,15.69562],[74.6602,15.69545],[74.65999,15.69619],[74.65721,15.69506],[74.65636,15.69728],[74.65509,15.69799],[74.654,15.70112],[74.65023,15.70843],[74.65057,15.7099],[74.65805,15.71235],[74.66815,15.71411],[74.66776,15.72154],[74.6692,15.72128],[74.66876,15.7223],[74.66988,15.72177],[74.67076,15.72013],[74.67156,15.71986],[74.67247,15.72071],[74.67322,15.71974],[74.67511,15.71966],[74.67604,15.72053],[74.67727,15.71984],[74.67759,15.72006],[74.67725,15.72038],[74.67757,15.7209],[74.67657,15.72126],[74.67773,15.72178],[74.67757,15.72247],[74.67823,15.72265],[74.67717,15.72371],[74.67834,15.72426],[74.67838,15.72469],[74.67783,15.72623],[74.67708,15.72624],[74.67715,15.72761],[74.67611,15.73097],[74.67762,15.73275],[74.67765,15.73335],[74.67665,15.73392],[74.67729,15.73457],[74.67689,15.73472],[74.67712,15.73593],[74.67792,15.73656],[74.67659,15.73804],[74.67581,15.73819],[74.67678,15.73948],[74.67619,15.73978],[74.67568,15.73927],[74.67571,15.74189],[74.67732,15.74255],[74.67795,15.74331],[74.67782,15.74382],[74.67865,15.74438],[74.68248,15.74619],[74.68228,15.74749],[74.69665,15.75175],[74.69729,15.74829],[74.70033,15.74786]]]}},{"type":"Feature","properties":{"unitId":77,"unitName":"Ankali PS"},"geometry":{"type":"Polygon","coordinates":[[[74.65834,16.60537],[74.66018,16.60516],[74.66193,16.60565],[74.66536,16.60729],[74.66706,16.60758],[74.67219,16.61053],[74.6721,16.60957],[74.67472,16.60975],[74.68187,16.60661],[74.68516,16.60666],[74.68636,16.60746],[74.68625,16.60552],[74.68763,16.6042],[74.69002,16.60473],[74.69127,16.60403],[74.69182,16.60422],[74.69216,16.60357],[74.69209,16.59418],[74.70518,16.59465],[74.70633,16.59498],[74.70714,16.59589],[74.70738,16.59742],[74.72562,16.5987],[74.72557,16.60827],[74.75217,16.60887],[74.7641,16.60736],[74.77097,16.60583],[74.77436,16.58201],[74.7757,16.57545],[74.77706,16.57161],[74.76053,16.56791],[74.75604,16.56768],[74.74814,16.56833],[74.74463,16.56972],[74.74214,16.57177],[74.73795,16.57923],[74.73293,16.58116],[74.72695,16.58072],[74.71678,16.57626],[74.71375,16.57413],[74.70622,16.56548],[74.70294,16.56083],[74.69828,16.55727],[74.69453,16.5555],[74.68977,16.55407],[74.68914,16.55285],[74.6877,16.55218],[74.68789,16.55131],[74.6835,16.55233],[74.68171,16.54907],[74.68199,16.54872],[74.67935,16.54567],[74.67935,16.54341],[74.6781,16.54155],[74.6781,16.54122],[74.68029,16.54162],[74.68151,16.54021],[74.68139,16.53882],[74.67793,16.53847],[74.67716,16.53665],[74.67849,16.53452],[74.67826,16.5333],[74.679,16.5313],[74.68137,16.53087],[74.68352,16.52899],[74.68399,16.52728],[74.68379,16.52518],[74.68498,16.52468],[74.684,16.52223],[74.68545,16.52129],[74.68472,16.51881],[74.6849,16.51566],[74.68155,16.51478],[74.67993,16.51],[74.68106,16.49872],[74.67563,16.4844],[74.67641,16.47898],[74.67889,16.48105],[74.67778,16.47684],[74.67882,16.47318],[74.67484,16.45895],[74.66984,16.45317],[74.66941,16.45071],[74.66132,16.44576],[74.65951,16.44362],[74.65965,16.44319],[74.65726,16.44205],[74.65314,16.43843],[74.64921,16.43642],[74.64568,16.43338],[74.64555,16.43165],[74.64219,16.42873],[74.63707,16.42802],[74.6363,16.4291],[74.63149,16.42758],[74.62651,16.42913],[74.62383,16.42943],[74.62222,16.42898],[74.62023,16.43034],[74.61992,16.42937],[74.61871,16.43246],[74.61907,16.43295],[74.61879,16.43439],[74.61923,16.43718],[74.61579,16.43928],[74.61481,16.45358],[74.61725,16.45259],[74.61745,16.45501],[74.61618,16.45753],[74.61598,16.46449],[74.61484,16.46497],[74.61578,16.46632],[74.61428,16.46675],[74.6159,16.46894],[74.61511,16.47197],[74.61628,16.47679],[74.61556,16.48256],[74.61312,16.48906],[74.61115,16.48919],[74.61394,16.49225],[74.6147,16.49543],[74.61551,16.49688],[74.61591,16.50112],[74.61538,16.51012],[74.62236,16.51153],[74.63524,16.51531],[74.64191,16.51758],[74.64571,16.51942],[74.648,16.52186],[74.6472,16.52351],[74.6503,16.53017],[74.6502,16.53172],[74.65072,16.53298],[74.64941,16.53555],[74.64879,16.54054],[74.64746,16.54593],[74.64732,16.5488],[74.63579,16.54638],[74.62949,16.54559],[74.62718,16.561],[74.62749,16.56806],[74.62829,16.57192],[74.62825,16.5781],[74.62949,16.5781],[74.63312,16.58378],[74.63437,16.58334],[74.63523,16.58366],[74.63455,16.58372],[74.63314,16.58803],[74.63278,16.59191],[74.63136,16.59195],[74.63233,16.60372],[74.63322,16.60685],[74.6352,16.60892],[74.64006,16.61246],[74.6426,16.61276],[74.64728,16.61149],[74.6539,16.60703],[74.65834,16.60537]]]}},{"type":"Feature","properties":{"unitId":78,"unitName":"Chikkodi PS"},"geometry":{"type":"Polygon","coordinates":[[[74.56666,16.5079],[74.57046,16.50294],[74.57166,16.50013],[74.57402,16.49754],[74.57443,16.49607],[74.57362,16.49549],[74.57131,16.49113],[74.57525,16.49132],[74.57796,16.49201],[74.58412,16.49176],[74.58664,16.49116],[74.59157,16.49178],[74.59369,16.49156],[74.59939,16.48922],[74.60174,16.48939],[74.6017,16.48721],[74.60544,16.48714],[74.60568,16.48951],[74.61312,16.48906],[74.61556,16.48256],[74.61628,16.47679],[74.61511,16.47197],[74.6159,16.46894],[74.61428,16.46675],[74.61578,16.46632],[74.61484,16.46497],[74.61598,16.46449],[74.61618,16.45753],[74.61745,16.45501],[74.61725,16.45259],[74.61481,16.45358],[74.61579,16.43928],[74.61923,16.43718],[74.61879,16.43439],[74.61907,16.43295],[74.61871,16.43246],[74.61992,16.42937],[74.62023,16.43034],[74.62222,16.42898],[74.62383,16.42943],[74.62651,16.42913],[74.63149,16.42758],[74.6363,16.4291],[74.63707,16.42802],[74.64219,16.42873],[74.64555,16.43165],[74.64568,16.43338],[74.64921,16.43642],[74.65314,16.43843],[74.65726,16.44205],[74.65965,16.44319],[74.65951,16.44362],[74.66132,16.44576],[74.66941,16.45071],[74.66984,16.45317],[74.67234,16.45617],[74.67328,16.45609],[74.67965,16.4535],[74.6811,16.45417],[74.68426,16.45202],[74.68606,16.44767],[74.68851,16.44602],[74.68868,16.44653],[74.69772,16.44244],[74.69374,16.4158],[74.70014,16.41608],[74.70232,16.41045],[74.70254,16.4075],[74.70396,16.40624],[74.70236,16.4022],[74.70477,16.39931],[74.7054,16.39743],[74.70107,16.39071],[74.7236,16.40093],[74.7241,16.39595],[74.72838,16.38453],[74.72869,16.38115],[74.74097,16.37868],[74.74759,16.37942],[74.75301,16.38432],[74.75421,16.38598],[74.75435,16.38848],[74.75767,16.39173],[74.76107,16.39315],[74.76291,16.40051],[74.77293,16.39537],[74.77123,16.39233],[74.77364,16.39048],[74.77588,16.38671],[74.77569,16.38005],[74.77672,16.37265],[74.77626,16.36419],[74.77643,16.36323],[74.77724,16.36317],[74.77503,16.35395],[74.77399,16.35176],[74.77411,16.35085],[74.77375,16.35],[74.77261,16.34918],[74.77182,16.34281],[74.77092,16.34129],[74.77081,16.34008],[74.76987,16.33998],[74.76803,16.33709],[74.76968,16.3348],[74.76907,16.33083],[74.78379,16.33252],[74.79109,16.33674],[74.79666,16.339],[74.79967,16.33933],[74.80072,16.33592],[74.80118,16.32864],[74.80328,16.32872],[74.80325,16.32078],[74.8006,16.32063],[74.80047,16.31938],[74.78985,16.31693],[74.78678,16.3155],[74.78159,16.30902],[74.77992,16.30579],[74.77763,16.29995],[74.77605,16.29356],[74.77561,16.29351],[74.77522,16.29222],[74.7693,16.29042],[74.7673,16.28935],[74.76544,16.28917],[74.7559,16.2854],[74.75366,16.284],[74.75417,16.28729],[74.75368,16.29143],[74.75074,16.29205],[74.75079,16.29311],[74.74578,16.29381],[74.74582,16.29635],[74.73931,16.29538],[74.73336,16.29652],[74.73415,16.30637],[74.73323,16.30645],[74.73198,16.30767],[74.7309,16.30793],[74.72794,16.30724],[74.72427,16.3071],[74.72314,16.31183],[74.72089,16.31174],[74.72089,16.31325],[74.71884,16.31518],[74.70139,16.31574],[74.69659,16.31634],[74.69254,16.31569],[74.69267,16.31463],[74.69103,16.31605],[74.68107,16.32115],[74.6763,16.32284],[74.66644,16.32138],[74.66,16.31963],[74.65548,16.31993],[74.652,16.31892],[74.64883,16.31666],[74.64369,16.31587],[74.6439,16.30896],[74.64477,16.30708],[74.6455,16.30294],[74.64362,16.30502],[74.63654,16.30695],[74.62801,16.31105],[74.62192,16.31155],[74.62107,16.31704],[74.62139,16.3283],[74.62013,16.3381],[74.62077,16.34096],[74.6227,16.34505],[74.61498,16.34534],[74.60503,16.34677],[74.60407,16.35136],[74.60263,16.35281],[74.60167,16.35272],[74.60146,16.35226],[74.59533,16.34933],[74.59223,16.34712],[74.58936,16.34605],[74.58969,16.34143],[74.59309,16.32711],[74.59308,16.32416],[74.59188,16.32069],[74.58379,16.31336],[74.58436,16.30998],[74.57953,16.31092],[74.57673,16.31367],[74.57328,16.31543],[74.56611,16.31792],[74.56087,16.31881],[74.55513,16.32121],[74.55189,16.32335],[74.55012,16.33378],[74.54122,16.33369],[74.54079,16.3367],[74.54015,16.33759],[74.54075,16.33924],[74.5377,16.33926],[74.53374,16.33729],[74.52842,16.33643],[74.52428,16.33663],[74.51797,16.33807],[74.50391,16.33658],[74.50054,16.33714],[74.49999,16.33394],[74.49871,16.33178],[74.49861,16.31679],[74.4893,16.31463],[74.4893,16.31617],[74.48897,16.31609],[74.48732,16.31903],[74.4876,16.32092],[74.48666,16.32319],[74.48334,16.32612],[74.48164,16.32639],[74.48151,16.32688],[74.47832,16.32877],[74.47769,16.33046],[74.47642,16.33174],[74.47643,16.33273],[74.47466,16.33338],[74.47174,16.33825],[74.47231,16.34641],[74.47209,16.35416],[74.47346,16.35629],[74.47513,16.35377],[74.47575,16.35193],[74.47702,16.35348],[74.476,16.358],[74.47773,16.35796],[74.47791,16.36237],[74.47916,16.36327],[74.48476,16.35891],[74.48377,16.36169],[74.48295,16.36949],[74.4885,16.36764],[74.49277,16.3678],[74.49454,16.36566],[74.49662,16.36699],[74.49821,16.36532],[74.50324,16.36602],[74.50307,16.36771],[74.50354,16.36831],[74.50659,16.36748],[74.50805,16.36864],[74.51385,16.36713],[74.51819,16.36363],[74.51851,16.36493],[74.51785,16.36743],[74.52518,16.36771],[74.52473,16.36821],[74.52571,16.36837],[74.52282,16.37154],[74.52127,16.37076],[74.51993,16.37077],[74.52009,16.37404],[74.51858,16.37314],[74.51769,16.37449],[74.51602,16.37502],[74.51638,16.37714],[74.51734,16.37867],[74.52162,16.3803],[74.51447,16.38164],[74.51329,16.37915],[74.51019,16.37738],[74.50731,16.37907],[74.50374,16.37903],[74.5044,16.38054],[74.50667,16.38139],[74.50817,16.38273],[74.50482,16.38777],[74.50034,16.38918],[74.50059,16.3901],[74.50179,16.39094],[74.50325,16.39123],[74.50474,16.39071],[74.50588,16.38929],[74.50878,16.38929],[74.50998,16.38995],[74.51118,16.3885],[74.51201,16.38841],[74.51354,16.38944],[74.51436,16.3894],[74.5141,16.38669],[74.51492,16.38625],[74.51517,16.38517],[74.51854,16.385],[74.51797,16.38595],[74.51755,16.38993],[74.51633,16.39213],[74.51619,16.39341],[74.51723,16.39552],[74.51674,16.39717],[74.51733,16.39945],[74.51686,16.40058],[74.51525,16.40207],[74.51462,16.4038],[74.51431,16.40784],[74.51533,16.40863],[74.51457,16.41258],[74.51504,16.41677],[74.51423,16.42334],[74.51783,16.42939],[74.51986,16.43424],[74.51975,16.43485],[74.52147,16.4346],[74.52214,16.43603],[74.53074,16.43984],[74.53465,16.44002],[74.53674,16.44099],[74.53938,16.44047],[74.54189,16.44062],[74.54972,16.44681],[74.55024,16.44767],[74.54916,16.44758],[74.54053,16.45029],[74.53886,16.45122],[74.53837,16.45662],[74.53762,16.45954],[74.53728,16.46061],[74.53511,16.46308],[74.53535,16.46982],[74.53843,16.47359],[74.54376,16.47877],[74.54326,16.4821],[74.54389,16.48316],[74.54292,16.49413],[74.55103,16.4975],[74.551,16.49803],[74.55531,16.50292],[74.55405,16.50473],[74.55902,16.50551],[74.55933,16.50729],[74.56509,16.50803],[74.56499,16.50851],[74.56624,16.50909],[74.56666,16.5079]]]}},{"type":"Feature","properties":{"unitId":79,"unitName":"Sadalaga PS"},"geometry":{"type":"Polygon","coordinates":[[[74.47395,16.65929],[74.47543,16.65463],[74.4752,16.64753],[74.47657,16.64638],[74.47851,16.64286],[74.48145,16.64002],[74.48268,16.63694],[74.48813,16.63146],[74.49002,16.63029],[74.49481,16.63039],[74.49559,16.63003],[74.49779,16.63218],[74.50096,16.63351],[74.50371,16.63383],[74.52385,16.6338],[74.54482,16.63551],[74.54454,16.63235],[74.54512,16.62905],[74.54427,16.6286],[74.5428,16.62659],[74.54379,16.61882],[74.54358,16.61521],[74.54439,16.59575],[74.54899,16.59476],[74.55216,16.59592],[74.55911,16.59511],[74.5619,16.59173],[74.56333,16.58867],[74.56654,16.58629],[74.56694,16.58501],[74.56587,16.58323],[74.56507,16.58017],[74.56286,16.57817],[74.55853,16.57578],[74.55572,16.57242],[74.55571,16.56724],[74.5551,16.56468],[74.55533,16.56391],[74.55624,16.56339],[74.5585,16.564],[74.56088,16.56304],[74.56235,16.56113],[74.566,16.55889],[74.5676,16.5555],[74.56961,16.55609],[74.57187,16.55494],[74.5726,16.55501],[74.57216,16.55619],[74.57317,16.55918],[74.57486,16.56023],[74.57698,16.55995],[74.58021,16.56029],[74.58211,16.55955],[74.58186,16.55872],[74.5842,16.55798],[74.5855,16.55903],[74.58432,16.5608],[74.58446,16.56259],[74.58605,16.5637],[74.5864,16.56539],[74.58793,16.56644],[74.58875,16.56651],[74.58936,16.56598],[74.59035,16.5668],[74.59128,16.56679],[74.59345,16.56576],[74.59721,16.56485],[74.60013,16.56473],[74.60151,16.56594],[74.60281,16.5663],[74.6029,16.56776],[74.60444,16.56972],[74.6055,16.57004],[74.60796,16.56927],[74.61081,16.57144],[74.61095,16.57108],[74.61393,16.57396],[74.61716,16.57605],[74.6178,16.57746],[74.61759,16.58172],[74.61886,16.5843],[74.6207,16.58354],[74.62212,16.58084],[74.62337,16.5796],[74.6288,16.5781],[74.62825,16.5781],[74.62804,16.57654],[74.62829,16.57192],[74.62749,16.56806],[74.62718,16.561],[74.62949,16.54559],[74.63579,16.54638],[74.64732,16.5488],[74.64746,16.54593],[74.64879,16.54054],[74.64941,16.53555],[74.65072,16.53298],[74.6502,16.53172],[74.6503,16.53017],[74.6472,16.52351],[74.648,16.52186],[74.64619,16.51975],[74.64191,16.51758],[74.62405,16.51199],[74.61538,16.51012],[74.61591,16.50059],[74.61551,16.49688],[74.6147,16.49543],[74.61394,16.49225],[74.61115,16.48919],[74.60568,16.48951],[74.60544,16.48714],[74.6017,16.48721],[74.60174,16.48939],[74.59939,16.48922],[74.59369,16.49156],[74.59157,16.49178],[74.58664,16.49116],[74.58412,16.49176],[74.57796,16.49201],[74.57525,16.49132],[74.57131,16.49113],[74.57362,16.49549],[74.57443,16.49607],[74.57402,16.49754],[74.57166,16.50013],[74.57046,16.50294],[74.56778,16.50597],[74.56624,16.50909],[74.56499,16.50851],[74.56509,16.50803],[74.55933,16.50729],[74.55902,16.50551],[74.55405,16.50473],[74.55531,16.50292],[74.551,16.49803],[74.55103,16.4975],[74.54292,16.49413],[74.54389,16.48316],[74.54326,16.4821],[74.54376,16.47877],[74.53843,16.47359],[74.53652,16.47112],[74.53552,16.47315],[74.53253,16.47638],[74.52624,16.48141],[74.51124,16.48856],[74.50134,16.49251],[74.49761,16.48625],[74.49553,16.47433],[74.49147,16.47401],[74.4913,16.47491],[74.48849,16.47652],[74.48647,16.47563],[74.48639,16.47396],[74.47065,16.47007],[74.46541,16.46944],[74.46106,16.46965],[74.45022,16.47315],[74.44852,16.47027],[74.44566,16.46881],[74.43729,16.46795],[74.43501,16.46675],[74.43403,16.46673],[74.43346,16.46885],[74.4321,16.47113],[74.43145,16.47086],[74.43055,16.47219],[74.42871,16.47292],[74.42745,16.47438],[74.42698,16.47599],[74.42735,16.4769],[74.42653,16.47728],[74.42714,16.47787],[74.42683,16.47834],[74.42785,16.47887],[74.42732,16.47992],[74.42979,16.4796],[74.43029,16.48037],[74.42984,16.48008],[74.42711,16.48183],[74.42738,16.48232],[74.42805,16.4822],[74.43011,16.48065],[74.43156,16.48118],[74.4352,16.48626],[74.44151,16.48945],[74.44151,16.49041],[74.43904,16.49249],[74.44233,16.49521],[74.44274,16.49833],[74.44166,16.49828],[74.4419,16.49941],[74.44153,16.49993],[74.43842,16.50024],[74.43881,16.50158],[74.43836,16.50349],[74.43944,16.50525],[74.43911,16.50713],[74.43825,16.50801],[74.43362,16.50887],[74.43199,16.50678],[74.43035,16.50689],[74.42807,16.50618],[74.42645,16.5065],[74.42496,16.50806],[74.42448,16.50935],[74.4242,16.51054],[74.42458,16.51222],[74.42366,16.5148],[74.42186,16.51556],[74.41853,16.51607],[74.41817,16.51752],[74.41839,16.51888],[74.42011,16.52174],[74.41919,16.52416],[74.41897,16.52788],[74.42025,16.53385],[74.41975,16.53515],[74.4201,16.53799],[74.42374,16.54049],[74.42471,16.54301],[74.43127,16.54477],[74.4316,16.54585],[74.42994,16.54918],[74.4306,16.55103],[74.42811,16.55072],[74.42493,16.54957],[74.42363,16.5485],[74.42277,16.54644],[74.4217,16.54601],[74.41923,16.54596],[74.4181,16.54775],[74.41763,16.54956],[74.41704,16.54987],[74.41168,16.54885],[74.41027,16.54969],[74.41101,16.5519],[74.41012,16.55327],[74.40866,16.55378],[74.4019,16.5544],[74.40097,16.55709],[74.39721,16.55866],[74.3934,16.56413],[74.39169,16.56455],[74.3935,16.5653],[74.39261,16.56571],[74.39116,16.56537],[74.39052,16.56787],[74.39186,16.56889],[74.39223,16.56987],[74.39334,16.5698],[74.39434,16.57233],[74.39484,16.57237],[74.3949,16.57302],[74.39561,16.57306],[74.39496,16.57463],[74.39669,16.58286],[74.4004,16.58366],[74.40047,16.58321],[74.40211,16.58336],[74.402,16.58401],[74.40346,16.58409],[74.40376,16.58291],[74.40586,16.58403],[74.40742,16.58423],[74.4072,16.58385],[74.40839,16.58334],[74.41124,16.58408],[74.41344,16.58543],[74.41582,16.58548],[74.41795,16.58614],[74.42054,16.58581],[74.42056,16.58533],[74.42131,16.58549],[74.42215,16.58471],[74.42571,16.59237],[74.42632,16.59606],[74.43517,16.60092],[74.44382,16.60305],[74.46634,16.60529],[74.46414,16.61589],[74.46557,16.61635],[74.46511,16.62201],[74.4658,16.62423],[74.46146,16.6296],[74.45886,16.63411],[74.45537,16.64714],[74.45623,16.64825],[74.45873,16.64898],[74.45826,16.64936],[74.45663,16.65526],[74.45628,16.65516],[74.45611,16.65575],[74.46335,16.65839],[74.46505,16.65976],[74.46613,16.66207],[74.46834,16.66421],[74.4701,16.66469],[74.47287,16.66471],[74.47259,16.66323],[74.47395,16.65929]]]}},{"type":"Feature","properties":{"unitId":80,"unitName":"Basaweshwar Chowk PS"},"geometry":{"type":"Polygon","coordinates":[[[74.40374,16.46826],[74.40619,16.46833],[74.4069,16.46723],[74.40524,16.46557],[74.40663,16.46534],[74.40611,16.46422],[74.4053,16.46401],[74.40549,16.4621],[74.40505,16.46149],[74.40569,16.45936],[74.40631,16.4593],[74.4064,16.45842],[74.40754,16.45687],[74.40855,16.45355],[74.41119,16.45172],[74.41119,16.44817],[74.41204,16.44671],[74.41144,16.44509],[74.41276,16.44229],[74.41303,16.43913],[74.41349,16.43918],[74.41492,16.43729],[74.41747,16.43724],[74.41736,16.43341],[74.41418,16.42941],[74.41286,16.43067],[74.40656,16.42773],[74.40418,16.42812],[74.4035,16.42876],[74.40293,16.42852],[74.40362,16.42309],[74.40209,16.42281],[74.40195,16.42085],[74.39065,16.42166],[74.38704,16.42232],[74.38513,16.42119],[74.37175,16.42253],[74.36922,16.42223],[74.36149,16.42261],[74.35869,16.4273],[74.35639,16.43007],[74.35091,16.43395],[74.34914,16.43672],[74.34843,16.43955],[74.34283,16.44921],[74.3461,16.4595],[74.34837,16.45744],[74.34873,16.4555],[74.35241,16.45452],[74.35553,16.45492],[74.3585,16.45631],[74.36173,16.45677],[74.3683,16.45904],[74.37086,16.45946],[74.3741,16.45912],[74.37473,16.45964],[74.3776,16.46623],[74.37887,16.46763],[74.38394,16.46769],[74.38512,16.46841],[74.38813,16.47745],[74.39021,16.48108],[74.39234,16.48291],[74.39476,16.48237],[74.39821,16.48058],[74.40384,16.47525],[74.40417,16.47481],[74.40362,16.47454],[74.40348,16.4738],[74.40453,16.47058],[74.40378,16.46938],[74.40374,16.46826]]]}},{"type":"Feature","properties":{"unitId":81,"unitName":"Khadakalat PS"},"geometry":{"type":"Polygon","coordinates":[[[74.53404,16.47465],[74.53561,16.47303],[74.53652,16.47112],[74.53535,16.46982],[74.53511,16.46308],[74.53728,16.46061],[74.53762,16.45954],[74.53837,16.45662],[74.53886,16.45122],[74.54053,16.45029],[74.54916,16.44758],[74.55024,16.44767],[74.54919,16.44603],[74.54569,16.44395],[74.54189,16.44062],[74.53938,16.44047],[74.53674,16.44099],[74.53465,16.44002],[74.53074,16.43984],[74.52214,16.43603],[74.52147,16.4346],[74.51975,16.43485],[74.51986,16.43424],[74.51783,16.42939],[74.51423,16.42334],[74.51504,16.41677],[74.51457,16.41258],[74.51533,16.40863],[74.51431,16.40784],[74.51462,16.4038],[74.51525,16.40207],[74.51686,16.40058],[74.51733,16.39945],[74.51674,16.39717],[74.51723,16.39552],[74.51619,16.39341],[74.51633,16.39213],[74.51755,16.38993],[74.51797,16.38595],[74.51854,16.385],[74.51517,16.38517],[74.51492,16.38625],[74.5141,16.38669],[74.51436,16.3894],[74.51354,16.38944],[74.51201,16.38841],[74.51118,16.3885],[74.50998,16.38995],[74.50878,16.38929],[74.50588,16.38929],[74.50474,16.39071],[74.50325,16.39123],[74.50179,16.39094],[74.50059,16.3901],[74.50034,16.38918],[74.50482,16.38777],[74.50817,16.38273],[74.50667,16.38139],[74.5044,16.38054],[74.50374,16.37903],[74.50731,16.37907],[74.51019,16.37738],[74.51329,16.37915],[74.51447,16.38164],[74.52162,16.3803],[74.51734,16.37867],[74.51638,16.37714],[74.51602,16.37502],[74.51769,16.37449],[74.51858,16.37314],[74.52009,16.37404],[74.51993,16.37077],[74.52127,16.37076],[74.52282,16.37154],[74.52571,16.36837],[74.52473,16.36821],[74.52518,16.36771],[74.51785,16.36743],[74.51851,16.36493],[74.51819,16.36363],[74.51385,16.36713],[74.50805,16.36864],[74.50659,16.36748],[74.50354,16.36831],[74.50307,16.36771],[74.50324,16.36602],[74.49821,16.36532],[74.49662,16.36699],[74.49454,16.36566],[74.49277,16.3678],[74.4885,16.36764],[74.48295,16.36949],[74.48377,16.36169],[74.48476,16.35891],[74.47916,16.36327],[74.47838,16.36288],[74.47791,16.36237],[74.47773,16.35796],[74.476,16.358],[74.47702,16.35348],[74.47575,16.35193],[74.47513,16.35377],[74.47346,16.35629],[74.47064,16.35268],[74.46913,16.35589],[74.46758,16.35545],[74.4669,16.35412],[74.46516,16.35543],[74.46568,16.35969],[74.46378,16.35998],[74.46173,16.3627],[74.46385,16.36743],[74.45982,16.36486],[74.45965,16.36345],[74.46114,16.35952],[74.45998,16.35739],[74.46183,16.35406],[74.46156,16.35307],[74.46203,16.35245],[74.46175,16.35196],[74.45979,16.35296],[74.45948,16.35158],[74.45616,16.35164],[74.45971,16.35021],[74.46086,16.34918],[74.46057,16.34836],[74.45844,16.34881],[74.45672,16.34762],[74.45834,16.34519],[74.45982,16.34404],[74.45975,16.3431],[74.45948,16.34288],[74.45621,16.34472],[74.4558,16.34266],[74.4514,16.34822],[74.44983,16.3474],[74.44911,16.34753],[74.44725,16.34999],[74.44626,16.35053],[74.44501,16.35012],[74.44352,16.35126],[74.4428,16.35125],[74.43857,16.34924],[74.43582,16.35711],[74.43517,16.3578],[74.43347,16.3582],[74.43325,16.36175],[74.4345,16.36179],[74.43416,16.36357],[74.43258,16.3634],[74.42867,16.36028],[74.43018,16.35799],[74.42796,16.35773],[74.4256,16.35388],[74.41861,16.34749],[74.41722,16.35136],[74.41763,16.35301],[74.41864,16.35404],[74.4185,16.35458],[74.41963,16.35645],[74.41883,16.35825],[74.41816,16.35833],[74.4173,16.35766],[74.41844,16.35938],[74.41795,16.36265],[74.41541,16.36855],[74.41551,16.37099],[74.41673,16.37486],[74.41228,16.38162],[74.41453,16.38341],[74.41428,16.38906],[74.41027,16.39672],[74.40951,16.39756],[74.40809,16.39795],[74.40724,16.39924],[74.40593,16.4057],[74.40606,16.40866],[74.40655,16.40875],[74.40605,16.41254],[74.40477,16.41332],[74.40349,16.41506],[74.40219,16.41758],[74.40185,16.41938],[74.40209,16.42281],[74.40362,16.42309],[74.40293,16.42852],[74.4035,16.42876],[74.40418,16.42812],[74.40656,16.42773],[74.41286,16.43067],[74.41418,16.42941],[74.41736,16.43341],[74.41735,16.44433],[74.41942,16.4504],[74.42,16.45545],[74.42353,16.45643],[74.42846,16.45701],[74.43616,16.45716],[74.4357,16.46253],[74.43467,16.46665],[74.43729,16.46795],[74.44566,16.46881],[74.44852,16.47027],[74.45022,16.47315],[74.46106,16.46965],[74.46541,16.46944],[74.47065,16.47007],[74.48639,16.47396],[74.48647,16.47563],[74.48849,16.47652],[74.4913,16.47491],[74.49147,16.47401],[74.49553,16.47433],[74.49761,16.48625],[74.50134,16.49251],[74.51124,16.48856],[74.52624,16.48141],[74.52929,16.47933],[74.53404,16.47465]]]}},{"type":"Feature","properties":{"unitId":82,"unitName":"Nippani Rural PS"},"geometry":{"type":"MultiPolygon","coordinates":[[[[74.39292,16.5645],[74.39721,16.55866],[74.40115,16.5569],[74.4019,16.5544],[74.40866,16.55378],[74.41012,16.55327],[74.41101,16.5519],[74.41038,16.55032],[74.41053,16.54948],[74.41168,16.54885],[74.41704,16.54987],[74.41763,16.54956],[74.4181,16.54775],[74.41923,16.54596],[74.42234,16.54613],[74.42363,16.5485],[74.42493,16.54957],[74.42811,16.55072],[74.4306,16.55103],[74.42994,16.54918],[74.4316,16.54585],[74.43127,16.54477],[74.42471,16.54301],[74.42374,16.54049],[74.4201,16.53799],[74.41975,16.53515],[74.42025,16.53385],[74.41897,16.52788],[74.41919,16.52416],[74.42011,16.52174],[74.41839,16.51888],[74.41817,16.51752],[74.41853,16.51607],[74.42186,16.51556],[74.42366,16.5148],[74.42458,16.51222],[74.4242,16.51054],[74.42448,16.50935],[74.42496,16.50806],[74.42645,16.5065],[74.42807,16.50618],[74.43035,16.50689],[74.43199,16.50678],[74.43362,16.50887],[74.43825,16.50801],[74.43911,16.50713],[74.43944,16.50525],[74.43836,16.50349],[74.43881,16.50158],[74.43842,16.50024],[74.44153,16.49993],[74.4419,16.49941],[74.44166,16.49828],[74.44274,16.49833],[74.44233,16.49521],[74.43904,16.49249],[74.44151,16.49041],[74.44151,16.48945],[74.4352,16.48626],[74.43156,16.48118],[74.43011,16.48065],[74.42805,16.4822],[74.42738,16.48232],[74.42711,16.48183],[74.42984,16.48008],[74.43029,16.48037],[74.42979,16.4796],[74.42732,16.47992],[74.42785,16.47887],[74.42683,16.47834],[74.42714,16.47787],[74.42654,16.47725],[74.42735,16.4769],[74.42698,16.47595],[74.42767,16.47406],[74.42871,16.47292],[74.43055,16.47219],[74.43145,16.47086],[74.4321,16.47113],[74.43346,16.46885],[74.43403,16.46673],[74.4349,16.46688],[74.43622,16.4573],[74.42846,16.45701],[74.42353,16.45643],[74.42,16.45545],[74.41942,16.4504],[74.41735,16.44433],[74.4174,16.43723],[74.41492,16.43729],[74.41349,16.43918],[74.41303,16.43913],[74.41276,16.44229],[74.41144,16.44509],[74.41204,16.44671],[74.41119,16.44817],[74.41119,16.45172],[74.40855,16.45355],[74.40754,16.45687],[74.4064,16.45842],[74.40631,16.4593],[74.40569,16.45936],[74.40505,16.46149],[74.40549,16.4621],[74.4053,16.46401],[74.40611,16.46422],[74.40663,16.46534],[74.40524,16.46557],[74.4069,16.46723],[74.40619,16.46833],[74.40366,16.46839],[74.40453,16.47058],[74.40345,16.47408],[74.40417,16.47481],[74.39821,16.48058],[74.39476,16.48237],[74.39258,16.48297],[74.39021,16.48108],[74.38813,16.47745],[74.38512,16.46841],[74.38394,16.46769],[74.37887,16.46763],[74.3776,16.46623],[74.37473,16.45964],[74.3741,16.45912],[74.37086,16.45946],[74.3683,16.45904],[74.36173,16.45677],[74.3585,16.45631],[74.35553,16.45492],[74.35241,16.45452],[74.34873,16.4555],[74.34837,16.45744],[74.3461,16.4595],[74.34283,16.44921],[74.34843,16.43955],[74.34914,16.43672],[74.35091,16.43395],[74.35639,16.43007],[74.3611,16.42363],[74.36214,16.41955],[74.36325,16.41726],[74.36382,16.40943],[74.36367,16.40472],[74.36275,16.40545],[74.35547,16.40619],[74.35352,16.4059],[74.35161,16.40644],[74.34479,16.40546],[74.3445,16.4043],[74.34307,16.4041],[74.3432,16.40352],[74.34007,16.40203],[74.33707,16.40187],[74.33559,16.40124],[74.33481,16.40432],[74.33443,16.4043],[74.33339,16.40914],[74.33266,16.40977],[74.33255,16.41228],[74.33153,16.41283],[74.3293,16.41772],[74.32859,16.41884],[74.3281,16.41861],[74.32784,16.41901],[74.3294,16.41973],[74.3302,16.42077],[74.33099,16.42413],[74.33156,16.42486],[74.33281,16.42528],[74.33473,16.42729],[74.33704,16.42881],[74.33551,16.43237],[74.33445,16.43256],[74.33302,16.43376],[74.33236,16.43605],[74.3337,16.44241],[74.3359,16.44545],[74.3301,16.44636],[74.32932,16.44726],[74.32946,16.44808],[74.33098,16.44999],[74.33161,16.45227],[74.33234,16.45301],[74.33262,16.45481],[74.33149,16.45572],[74.33019,16.45546],[74.32927,16.45592],[74.32852,16.45501],[74.32716,16.45463],[74.32571,16.45583],[74.32336,16.45537],[74.31945,16.45332],[74.31185,16.45318],[74.30603,16.45522],[74.30151,16.46006],[74.2969,16.46396],[74.29555,16.46413],[74.29199,16.46146],[74.29095,16.46142],[74.2902,16.46198],[74.29023,16.46247],[74.28949,16.46284],[74.28994,16.46304],[74.28827,16.46889],[74.28878,16.4736],[74.28822,16.47661],[74.28878,16.4797],[74.28958,16.48106],[74.29068,16.48137],[74.29159,16.48233],[74.29196,16.48537],[74.29224,16.49179],[74.29135,16.50467],[74.28422,16.50504],[74.27929,16.50474],[74.27798,16.49934],[74.27424,16.49353],[74.27425,16.49154],[74.27478,16.49031],[74.27445,16.4881],[74.27481,16.48531],[74.27175,16.48337],[74.26848,16.48266],[74.26562,16.48108],[74.26066,16.4797],[74.2585,16.48672],[74.25731,16.48888],[74.24757,16.49673],[74.25005,16.49949],[74.25243,16.49973],[74.25456,16.50084],[74.26485,16.50072],[74.26956,16.50246],[74.27162,16.50375],[74.27807,16.50464],[74.27853,16.51174],[74.27628,16.51728],[74.2758,16.52107],[74.2707,16.52164],[74.2696,16.52214],[74.2679,16.52755],[74.26708,16.53199],[74.26486,16.53842],[74.26391,16.53974],[74.27049,16.54834],[74.27379,16.54757],[74.27353,16.54733],[74.27404,16.54712],[74.27456,16.54736],[74.27534,16.54601],[74.27566,16.5464],[74.27625,16.54579],[74.27694,16.5458],[74.27848,16.54408],[74.27902,16.5443],[74.28016,16.5414],[74.28111,16.54153],[74.28091,16.54],[74.2815,16.53972],[74.28143,16.53882],[74.281,16.53874],[74.28075,16.53259],[74.28349,16.52496],[74.28585,16.52603],[74.28806,16.52826],[74.28878,16.53184],[74.29114,16.5339],[74.29582,16.53168],[74.2995,16.53115],[74.30122,16.52998],[74.30185,16.52899],[74.30242,16.526],[74.301,16.52366],[74.30158,16.52102],[74.30454,16.51428],[74.30466,16.51069],[74.30624,16.50731],[74.30656,16.50404],[74.31116,16.5036],[74.31645,16.50443],[74.31564,16.5043],[74.31543,16.51004],[74.3164,16.53955],[74.31629,16.55548],[74.31789,16.55457],[74.32302,16.55747],[74.32396,16.5575],[74.32606,16.55667],[74.33154,16.55288],[74.3329,16.55176],[74.33495,16.54876],[74.33712,16.54914],[74.33928,16.5488],[74.34355,16.55202],[74.34439,16.55436],[74.34665,16.55622],[74.35055,16.55686],[74.35263,16.55566],[74.35443,16.55569],[74.3548,16.55606],[74.354,16.55666],[74.35338,16.55804],[74.35347,16.55933],[74.35621,16.56003],[74.35855,16.55844],[74.35959,16.55581],[74.36026,16.5556],[74.35925,16.55548],[74.35889,16.55446],[74.3582,16.55416],[74.35774,16.55444],[74.35765,16.55547],[74.357,16.55483],[74.35777,16.55426],[74.35792,16.55286],[74.35773,16.55238],[74.35664,16.55241],[74.35667,16.54901],[74.35794,16.54715],[74.3581,16.54543],[74.35766,16.54495],[74.35891,16.54104],[74.35826,16.53898],[74.36241,16.53908],[74.36552,16.53821],[74.36961,16.53597],[74.37277,16.53512],[74.3744,16.53279],[74.37458,16.53109],[74.37725,16.52874],[74.37812,16.5286],[74.38135,16.52943],[74.38729,16.53596],[74.38795,16.55046],[74.38888,16.55238],[74.38793,16.55862],[74.38752,16.56004],[74.38713,16.55999],[74.39184,16.56437],[74.39292,16.5645]]],[[[74.33784,16.39141],[74.33961,16.39125],[74.34046,16.39021],[74.34026,16.38948],[74.34104,16.38892],[74.34137,16.3874],[74.34104,16.38726],[74.34217,16.38569],[74.34154,16.38527],[74.34134,16.38447],[74.34191,16.38416],[74.34131,16.3835],[74.34148,16.38293],[74.34267,16.38298],[74.34338,16.38243],[74.34457,16.37917],[74.3459,16.37765],[74.34609,16.37539],[74.34537,16.3733],[74.34616,16.37224],[74.34597,16.37082],[74.34775,16.36713],[74.35149,16.36703],[74.35352,16.36599],[74.35433,16.36412],[74.3544,16.36151],[74.35717,16.35599],[74.3614,16.35239],[74.36405,16.35318],[74.36422,16.3473],[74.36516,16.34108],[74.36495,16.3396],[74.36664,16.33657],[74.36764,16.33306],[74.36856,16.33154],[74.36298,16.32988],[74.35688,16.3303],[74.35663,16.32977],[74.35534,16.32946],[74.35571,16.32603],[74.35437,16.32581],[74.35273,16.32392],[74.35208,16.32381],[74.34879,16.32785],[74.35031,16.32889],[74.34992,16.33088],[74.34881,16.33137],[74.34648,16.33083],[74.34573,16.32899],[74.3425,16.32938],[74.34203,16.33032],[74.34064,16.33031],[74.34017,16.32969],[74.34156,16.32923],[74.34144,16.32785],[74.34227,16.32787],[74.34536,16.32368],[74.34566,16.32087],[74.34623,16.31986],[74.34598,16.31886],[74.34401,16.3188],[74.34367,16.31779],[74.34176,16.31783],[74.34047,16.31944],[74.33811,16.31966],[74.33745,16.31868],[74.3355,16.31871],[74.33169,16.32152],[74.33014,16.32601],[74.32643,16.3231],[74.32124,16.32291],[74.3147,16.32651],[74.31741,16.32868],[74.31804,16.32975],[74.32087,16.33156],[74.32201,16.33396],[74.31502,16.33924],[74.31471,16.34042],[74.31748,16.34231],[74.32024,16.3433],[74.3273,16.34223],[74.31564,16.35585],[74.31838,16.35398],[74.31958,16.35556],[74.32314,16.35685],[74.32514,16.3584],[74.31984,16.36804],[74.32006,16.37597],[74.31884,16.37762],[74.31741,16.37806],[74.31701,16.3791],[74.31867,16.38013],[74.32515,16.37869],[74.32791,16.38347],[74.32823,16.38504],[74.32825,16.38806],[74.32737,16.38954],[74.32724,16.39181],[74.33607,16.39452],[74.33625,16.39359],[74.33784,16.39141]]],[[[74.4041,16.35988],[74.40517,16.3592],[74.40593,16.35992],[74.40663,16.3599],[74.40766,16.35905],[74.40842,16.35605],[74.41031,16.35527],[74.41197,16.35551],[74.41434,16.35704],[74.41612,16.35687],[74.41816,16.35833],[74.41883,16.35825],[74.41963,16.35645],[74.4185,16.35458],[74.41864,16.35404],[74.41763,16.35301],[74.41722,16.35136],[74.41861,16.34749],[74.41348,16.3477],[74.41149,16.34748],[74.41172,16.34686],[74.41053,16.34672],[74.41045,16.34743],[74.40754,16.34711],[74.4082,16.34154],[74.40204,16.34237],[74.40238,16.34347],[74.40125,16.35298],[74.3999,16.35322],[74.40039,16.35335],[74.39937,16.35528],[74.40151,16.35932],[74.40285,16.36028],[74.4041,16.35988]]]]}},{"type":"Feature","properties":{"unitId":83,"unitName":"Nippani Town PS"},"geometry":{"type":"Polygon","coordinates":[[[74.36905,16.42226],[74.37175,16.42253],[74.38513,16.42119],[74.38704,16.42232],[74.39065,16.42166],[74.40195,16.42085],[74.40219,16.41758],[74.40477,16.41332],[74.40605,16.41254],[74.40655,16.40875],[74.40606,16.40866],[74.40593,16.4057],[74.40724,16.39924],[74.40809,16.39795],[74.40951,16.39756],[74.41027,16.39672],[74.41428,16.38906],[74.41453,16.38341],[74.41228,16.38162],[74.41673,16.37486],[74.41538,16.36934],[74.41636,16.3657],[74.41795,16.36265],[74.41844,16.35938],[74.4173,16.35766],[74.41612,16.35687],[74.41358,16.35681],[74.41197,16.35551],[74.41031,16.35527],[74.40842,16.35605],[74.40766,16.35905],[74.40663,16.3599],[74.40593,16.35992],[74.40517,16.3592],[74.40285,16.36028],[74.40151,16.35932],[74.40072,16.3573],[74.39947,16.3561],[74.39937,16.35528],[74.40039,16.35335],[74.39814,16.35253],[74.39905,16.35314],[74.39899,16.35359],[74.38853,16.34841],[74.38495,16.3505],[74.38524,16.35157],[74.38493,16.35183],[74.3807,16.35163],[74.37993,16.35201],[74.38003,16.35356],[74.37869,16.35498],[74.37867,16.35795],[74.37643,16.36022],[74.37654,16.36083],[74.37038,16.35983],[74.36935,16.35876],[74.36891,16.35633],[74.3672,16.3543],[74.36715,16.35204],[74.36409,16.35319],[74.3614,16.35239],[74.35717,16.35599],[74.3544,16.36151],[74.35433,16.36412],[74.35352,16.36599],[74.3541,16.36685],[74.35453,16.37054],[74.35292,16.37528],[74.35259,16.38178],[74.35539,16.3817],[74.35579,16.38269],[74.35693,16.38332],[74.3569,16.38554],[74.35729,16.38597],[74.357,16.38686],[74.35773,16.38735],[74.35764,16.38972],[74.35821,16.38989],[74.35838,16.39121],[74.35995,16.39259],[74.36173,16.3933],[74.363,16.39545],[74.36257,16.39743],[74.36318,16.39749],[74.36328,16.39827],[74.3621,16.40162],[74.36241,16.40155],[74.36367,16.40472],[74.36357,16.41418],[74.36325,16.41726],[74.36214,16.41955],[74.36149,16.42261],[74.36905,16.42226]]]}},{"type":"Feature","properties":{"unitId":84,"unitName":"Gokak Rural PS"},"geometry":{"type":"MultiPolygon","coordinates":[[[[74.90227,16.21027],[74.903,16.21025],[74.90284,16.2091],[74.90451,16.20803],[74.90556,16.20587],[74.90366,16.20511],[74.90183,16.20211],[74.90116,16.19818],[74.90146,16.19333],[74.90248,16.18866],[74.90698,16.17654],[74.90909,16.16947],[74.92025,16.17009],[74.92103,16.16715],[74.92274,16.15269],[74.9322,16.1535],[74.94595,16.15],[74.95645,16.14848],[74.95576,16.14228],[74.95674,16.13822],[74.96412,16.12687],[74.96439,16.12577],[74.97111,16.12235],[74.97579,16.12287],[74.97538,16.12195],[74.97684,16.12112],[74.97672,16.12033],[74.97748,16.11932],[74.97721,16.11689],[74.97627,16.11565],[74.97681,16.11459],[74.97628,16.11257],[74.97781,16.11241],[74.9772,16.11137],[74.97717,16.10988],[74.97812,16.1092],[74.97743,16.10744],[74.97824,16.10722],[74.97845,16.10604],[74.97898,16.1061],[74.979,16.10398],[74.97992,16.10362],[74.98011,16.10272],[74.97792,16.1022],[74.9768,16.10126],[74.97602,16.09958],[74.97683,16.09904],[74.97707,16.09929],[74.97752,16.0986],[74.97688,16.09826],[74.97701,16.0968],[74.97603,16.09711],[74.97607,16.09516],[74.97555,16.09436],[74.97772,16.09335],[74.97742,16.09251],[74.97824,16.08975],[74.97879,16.09],[74.98013,16.08771],[74.97903,16.08621],[74.97937,16.08571],[74.97868,16.08423],[74.97945,16.0827],[74.97876,16.08021],[74.97944,16.0799],[74.97833,16.07886],[74.978,16.07719],[74.97802,16.07578],[74.97873,16.07481],[74.97139,16.07493],[74.9656,16.07589],[74.9648,16.07068],[74.9655,16.06563],[74.96521,16.06576],[74.96436,16.06374],[74.964,16.05734],[74.96323,16.05669],[74.96313,16.05579],[74.96338,16.05262],[74.96267,16.05126],[74.9607,16.04975],[74.95856,16.05002],[74.95767,16.04888],[74.95434,16.04824],[74.95045,16.04576],[74.94942,16.04364],[74.94873,16.04338],[74.94871,16.04055],[74.94853,16.04119],[74.9478,16.04019],[74.94333,16.03868],[74.94355,16.03832],[74.94115,16.03658],[74.93888,16.03599],[74.93894,16.03475],[74.93628,16.03314],[74.93474,16.03264],[74.92557,16.03395],[74.92611,16.03277],[74.92772,16.03123],[74.92783,16.03066],[74.92699,16.03056],[74.92728,16.02999],[74.92893,16.02895],[74.93,16.02654],[74.93033,16.02261],[74.92926,16.02231],[74.92864,16.02033],[74.92353,16.01661],[74.92044,16.01571],[74.91806,16.01385],[74.91605,16.01013],[74.91568,16.00498],[74.90885,16.00102],[74.90541,16.00047],[74.90492,16.0043],[74.89172,16.00392],[74.89171,16.00357],[74.89097,16.00453],[74.87636,16.00532],[74.87237,16.00411],[74.86895,15.99884],[74.86818,15.99353],[74.85888,15.98897],[74.85732,15.98752],[74.85581,15.98823],[74.85044,15.98703],[74.84423,15.98668],[74.8445,15.98956],[74.83344,15.98962],[74.80828,15.99074],[74.80201,15.9914],[74.80103,15.99186],[74.80099,15.99148],[74.79232,15.99086],[74.77559,15.99113],[74.77281,15.99036],[74.7661,15.98961],[74.75972,15.98356],[74.7594,15.9886],[74.75972,15.99683],[74.76197,15.99693],[74.76892,16.00044],[74.7717,16.0024],[74.77536,16.00289],[74.7757,16.00358],[74.77466,16.0052],[74.77181,16.00525],[74.77179,16.00581],[74.7713,16.0059],[74.77044,16.01205],[74.76873,16.0111],[74.76842,16.00922],[74.76242,16.0084],[74.76157,16.00681],[74.76333,16.00336],[74.7613,16.00298],[74.75856,16.01191],[74.75871,16.01549],[74.75956,16.01962],[74.76,16.02039],[74.76108,16.02055],[74.76301,16.02197],[74.76142,16.02538],[74.76211,16.02754],[74.76124,16.02954],[74.76121,16.0326],[74.76304,16.03572],[74.7624,16.05183],[74.75847,16.05329],[74.7583,16.05587],[74.75688,16.05922],[74.75523,16.06658],[74.75032,16.07095],[74.74854,16.07597],[74.74152,16.0726],[74.73483,16.07104],[74.73164,16.06976],[74.73173,16.06935],[74.73122,16.06916],[74.72545,16.06797],[74.72519,16.06862],[74.72324,16.06749],[74.72037,16.06702],[74.71948,16.07235],[74.71861,16.07388],[74.71784,16.07802],[74.71937,16.08257],[74.72834,16.08643],[74.74743,16.09182],[74.76592,16.09873],[74.77617,16.10075],[74.78332,16.10399],[74.78913,16.10518],[74.78886,16.10798],[74.79419,16.1114],[74.79362,16.11453],[74.7963,16.11937],[74.84348,16.12227],[74.84293,16.12319],[74.84267,16.12912],[74.84318,16.13355],[74.84745,16.14188],[74.84861,16.14759],[74.85043,16.16507],[74.85077,16.17455],[74.85147,16.17501],[74.85135,16.17731],[74.8529,16.17784],[74.85277,16.17828],[74.8541,16.17901],[74.85146,16.1796],[74.85097,16.17927],[74.85081,16.17983],[74.85262,16.18122],[74.85264,16.18157],[74.85196,16.18145],[74.85235,16.18206],[74.86113,16.18941],[74.86229,16.19238],[74.8628,16.19582],[74.8639,16.19744],[74.87521,16.20527],[74.88152,16.20449],[74.88154,16.2057],[74.88322,16.20536],[74.88336,16.20582],[74.88577,16.20539],[74.88909,16.20558],[74.89086,16.20657],[74.8927,16.20876],[74.89405,16.20951],[74.89788,16.21055],[74.90227,16.21027]]],[[[74.73405,16.23062],[74.73468,16.22992],[74.73939,16.23017],[74.74362,16.22925],[74.74611,16.22811],[74.74983,16.22493],[74.75297,16.21888],[74.75307,16.2173],[74.75201,16.21528],[74.7513,16.2103],[74.75292,16.20628],[74.75614,16.20278],[74.75521,16.20002],[74.76007,16.19893],[74.76425,16.19708],[74.76669,16.19402],[74.76833,16.18882],[74.77199,16.18494],[74.77307,16.18419],[74.78815,16.17939],[74.7929,16.17888],[74.79321,16.1802],[74.79094,16.18535],[74.78775,16.18861],[74.78127,16.19024],[74.77788,16.19225],[74.78666,16.19311],[74.78863,16.19267],[74.79625,16.18902],[74.8,16.18412],[74.80234,16.17935],[74.8039,16.18052],[74.80487,16.17872],[74.80366,16.17809],[74.80625,16.17576],[74.80711,16.17555],[74.8069,16.17519],[74.80845,16.17454],[74.8087,16.1749],[74.80936,16.17463],[74.81168,16.17507],[74.8147,16.17476],[74.8133,16.17354],[74.81013,16.17273],[74.80885,16.17093],[74.80192,16.17343],[74.80003,16.17064],[74.7974,16.16913],[74.79608,16.17146],[74.79262,16.17002],[74.78968,16.16613],[74.78438,16.1639],[74.78481,16.16359],[74.78457,16.16219],[74.78357,16.1573],[74.78267,16.15516],[74.78196,16.15568],[74.77587,16.15406],[74.77545,16.15012],[74.77378,16.14932],[74.768,16.14879],[74.76814,16.14694],[74.76866,16.14655],[74.76746,16.14594],[74.76334,16.14071],[74.76091,16.14055],[74.75673,16.14324],[74.75546,16.14334],[74.75439,16.14196],[74.75519,16.14],[74.75671,16.13913],[74.76099,16.13794],[74.76174,16.13703],[74.76321,16.13193],[74.76316,16.13003],[74.76148,16.12772],[74.76016,16.12681],[74.74767,16.12242],[74.74591,16.12226],[74.74503,16.12747],[74.73961,16.13067],[74.73743,16.13094],[74.7323,16.12993],[74.7294,16.13025],[74.72529,16.12877],[74.7239,16.12879],[74.7147,16.13849],[74.70827,16.15186],[74.71451,16.15274],[74.7138,16.15482],[74.71178,16.15729],[74.71092,16.16231],[74.70231,16.18251],[74.70123,16.18667],[74.70105,16.19231],[74.70055,16.1931],[74.70143,16.19445],[74.70133,16.19508],[74.70076,16.196],[74.69863,16.19647],[74.70024,16.20667],[74.69969,16.20924],[74.6969,16.21464],[74.69382,16.2167],[74.68814,16.22159],[74.68744,16.22317],[74.68779,16.2254],[74.68922,16.22509],[74.69066,16.22577],[74.7012,16.22378],[74.70359,16.22224],[74.70517,16.22089],[74.70511,16.21599],[74.70615,16.21273],[74.70684,16.20752],[74.71169,16.20304],[74.71608,16.20398],[74.71545,16.20568],[74.71564,16.20757],[74.71826,16.21358],[74.71948,16.21966],[74.72198,16.21959],[74.72306,16.2233],[74.7234,16.2273],[74.73194,16.23301],[74.73405,16.23062]]]]}},{"type":"Feature","properties":{"unitId":85,"unitName":"Gokak Town PS"},"geometry":{"type":"MultiPolygon","coordinates":[[[[74.85022,16.18194],[74.85235,16.18206],[74.85196,16.18145],[74.8527,16.18138],[74.85098,16.18008],[74.85097,16.17927],[74.85146,16.1796],[74.8541,16.17901],[74.85277,16.17828],[74.8529,16.17784],[74.85135,16.17731],[74.85147,16.17501],[74.85077,16.17455],[74.85043,16.16507],[74.84861,16.14759],[74.84745,16.14188],[74.84318,16.13355],[74.84267,16.12912],[74.84293,16.12319],[74.84348,16.12227],[74.7963,16.11937],[74.79362,16.11453],[74.79419,16.1114],[74.78886,16.10798],[74.78913,16.10518],[74.78332,16.10399],[74.77617,16.10075],[74.76755,16.09877],[74.76592,16.09873],[74.76542,16.09923],[74.76403,16.10286],[74.76507,16.10642],[74.7682,16.10935],[74.76865,16.11136],[74.76804,16.11485],[74.76244,16.1213],[74.76017,16.1254],[74.76016,16.12681],[74.76148,16.12772],[74.76316,16.13003],[74.76321,16.13193],[74.76174,16.13703],[74.7599,16.13841],[74.75579,16.13949],[74.75519,16.14],[74.75442,16.14233],[74.75546,16.14334],[74.75673,16.14324],[74.76091,16.14055],[74.76334,16.14071],[74.76746,16.14594],[74.76866,16.14655],[74.76814,16.14694],[74.768,16.14879],[74.77378,16.14932],[74.77545,16.15012],[74.77587,16.15406],[74.78196,16.15568],[74.78267,16.15516],[74.78357,16.1573],[74.78457,16.16219],[74.78481,16.16359],[74.78438,16.1639],[74.78968,16.16613],[74.79262,16.17002],[74.79608,16.17146],[74.7974,16.16913],[74.80003,16.17064],[74.80192,16.17343],[74.80885,16.17093],[74.81013,16.17273],[74.8133,16.17354],[74.8147,16.17476],[74.82042,16.1754],[74.82049,16.17739],[74.82303,16.17732],[74.82311,16.17668],[74.82337,16.17719],[74.8234,16.17687],[74.82424,16.17712],[74.82466,16.17745],[74.82465,16.17946],[74.82517,16.17972],[74.82749,16.18003],[74.83047,16.17898],[74.83205,16.1795],[74.83719,16.18267],[74.84258,16.18463],[74.84476,16.18439],[74.85022,16.18194]]],[[[74.76913,16.19223],[74.77788,16.19225],[74.78127,16.19024],[74.78775,16.18861],[74.79094,16.18535],[74.79321,16.1802],[74.7929,16.17888],[74.78815,16.17939],[74.77307,16.18419],[74.76833,16.18882],[74.76669,16.19402],[74.76913,16.19223]]]]}},{"type":"Feature","properties":{"unitId":86,"unitName":"Hukkeri PS"},"geometry":{"type":"MultiPolygon","coordinates":[[[[74.60511,16.34677],[74.61498,16.34534],[74.6227,16.34505],[74.62077,16.34096],[74.62013,16.3381],[74.62139,16.3283],[74.62107,16.31704],[74.62192,16.31155],[74.62801,16.31105],[74.63654,16.30695],[74.64362,16.30502],[74.6455,16.30294],[74.64477,16.30708],[74.6439,16.30896],[74.64369,16.31587],[74.64883,16.31666],[74.652,16.31892],[74.65548,16.31993],[74.66,16.31963],[74.66644,16.32138],[74.6763,16.32284],[74.68107,16.32115],[74.69103,16.31605],[74.69267,16.31463],[74.69254,16.31569],[74.69659,16.31634],[74.70139,16.31574],[74.71884,16.31518],[74.72089,16.31325],[74.72089,16.31174],[74.72314,16.31183],[74.72427,16.3071],[74.72794,16.30724],[74.7309,16.30793],[74.73198,16.30767],[74.73323,16.30645],[74.73415,16.30637],[74.73336,16.29652],[74.73931,16.29538],[74.74582,16.29635],[74.74578,16.29381],[74.75079,16.29311],[74.75074,16.29205],[74.75368,16.29143],[74.75417,16.28729],[74.75363,16.28385],[74.75293,16.28257],[74.74435,16.2715],[74.74022,16.26817],[74.73893,16.26656],[74.73741,16.26211],[74.73809,16.25761],[74.73987,16.25903],[74.74306,16.26004],[74.74579,16.25349],[74.74813,16.24977],[74.7497,16.24346],[74.74981,16.24193],[74.74774,16.24172],[74.74732,16.24079],[74.74485,16.23316],[74.74454,16.23143],[74.74501,16.23063],[74.74362,16.22925],[74.73939,16.23017],[74.73468,16.22992],[74.72808,16.23739],[74.72204,16.24123],[74.71715,16.24157],[74.71717,16.2421],[74.71279,16.2419],[74.70659,16.24246],[74.69831,16.24111],[74.69614,16.23957],[74.69376,16.23895],[74.69234,16.23494],[74.68998,16.23084],[74.68985,16.22914],[74.6911,16.22611],[74.68922,16.22509],[74.68779,16.2254],[74.68744,16.22317],[74.68814,16.22159],[74.69382,16.2167],[74.6969,16.21464],[74.69922,16.21057],[74.70009,16.20784],[74.69996,16.20382],[74.69899,16.19772],[74.69698,16.19242],[74.69802,16.19015],[74.69653,16.189],[74.69455,16.188],[74.6932,16.18906],[74.69184,16.18879],[74.68972,16.18698],[74.68885,16.18482],[74.68755,16.18432],[74.67949,16.1848],[74.67673,16.18406],[74.67376,16.18257],[74.67056,16.17901],[74.67038,16.17944],[74.66906,16.17836],[74.66961,16.18057],[74.66727,16.18034],[74.66393,16.17907],[74.6635,16.17849],[74.65275,16.18136],[74.64863,16.18118],[74.64693,16.18156],[74.64337,16.18347],[74.63868,16.18485],[74.63801,16.18482],[74.63659,16.18312],[74.6349,16.1823],[74.63107,16.18397],[74.62696,16.18305],[74.62173,16.18619],[74.61762,16.18631],[74.61481,16.18693],[74.61079,16.18687],[74.60454,16.18404],[74.60141,16.18409],[74.5994,16.18536],[74.59776,16.18563],[74.59642,16.18476],[74.59617,16.18516],[74.59513,16.18476],[74.59412,16.18422],[74.59382,16.18345],[74.59265,16.18299],[74.58736,16.18298],[74.58523,16.18341],[74.58031,16.18757],[74.57758,16.18853],[74.5686,16.18824],[74.56716,16.18873],[74.56578,16.18956],[74.5615,16.19512],[74.56156,16.19921],[74.56206,16.20103],[74.56394,16.20381],[74.56381,16.20605],[74.56271,16.20807],[74.55858,16.21061],[74.55626,16.21412],[74.5539,16.21611],[74.55474,16.21594],[74.55419,16.21637],[74.55669,16.21719],[74.55822,16.22024],[74.55937,16.221],[74.55976,16.22349],[74.56257,16.22477],[74.56853,16.22559],[74.56931,16.2312],[74.57159,16.23574],[74.5748,16.24534],[74.56906,16.2469],[74.569,16.24838],[74.56732,16.25175],[74.56497,16.25239],[74.56235,16.26233],[74.56082,16.27188],[74.56225,16.27401],[74.56304,16.2781],[74.56881,16.28614],[74.57325,16.28892],[74.5723,16.29616],[74.56952,16.29641],[74.56631,16.30407],[74.56512,16.30937],[74.5629,16.31215],[74.56253,16.31842],[74.56611,16.31792],[74.57328,16.31543],[74.57673,16.31367],[74.57953,16.31092],[74.58436,16.30998],[74.58379,16.31336],[74.59188,16.32069],[74.59308,16.32416],[74.59309,16.32711],[74.58969,16.34143],[74.58936,16.34605],[74.59223,16.34712],[74.59533,16.34933],[74.60146,16.35226],[74.60167,16.35272],[74.60263,16.35281],[74.60407,16.35136],[74.60511,16.34677]]],[[[74.63688,16.14389],[74.63827,16.14495],[74.63688,16.14389]]]]}},{"type":"Feature","properties":{"unitId":87,"unitName":"Sankeshwar PS"},"geometry":{"type":"Polygon","coordinates":[[[74.46547,16.35517],[74.4669,16.35412],[74.46758,16.35545],[74.46913,16.35589],[74.47064,16.35268],[74.47209,16.35416],[74.47231,16.34641],[74.47174,16.33825],[74.47466,16.33338],[74.47643,16.33273],[74.47642,16.33174],[74.47769,16.33046],[74.47832,16.32877],[74.48151,16.32688],[74.48164,16.32639],[74.48334,16.32612],[74.48666,16.32319],[74.4876,16.32092],[74.48732,16.31903],[74.48897,16.31609],[74.4893,16.31617],[74.4893,16.31463],[74.49861,16.31679],[74.49871,16.33178],[74.49999,16.33394],[74.50054,16.33714],[74.50391,16.33658],[74.51797,16.33807],[74.52428,16.33663],[74.52842,16.33643],[74.53374,16.33729],[74.5377,16.33926],[74.54076,16.33923],[74.54015,16.33759],[74.54079,16.3367],[74.54122,16.33369],[74.55012,16.33378],[74.5518,16.32342],[74.55513,16.32121],[74.56253,16.31842],[74.5629,16.31215],[74.56512,16.30937],[74.56631,16.30407],[74.56952,16.29641],[74.5723,16.29616],[74.57325,16.28892],[74.56881,16.28614],[74.56735,16.28424],[74.56304,16.2781],[74.56225,16.27401],[74.56082,16.27188],[74.56235,16.26233],[74.56497,16.25239],[74.56732,16.25175],[74.569,16.24838],[74.56906,16.2469],[74.5748,16.24534],[74.57159,16.23574],[74.56931,16.2312],[74.56853,16.22559],[74.56695,16.22565],[74.56105,16.22429],[74.55976,16.22349],[74.55937,16.221],[74.55822,16.22024],[74.55669,16.21719],[74.55419,16.21637],[74.55474,16.21594],[74.55258,16.21645],[74.54985,16.21634],[74.54481,16.21234],[74.53802,16.20855],[74.53632,16.2082],[74.52384,16.21094],[74.5192,16.20723],[74.51118,16.20578],[74.50709,16.20328],[74.50553,16.20385],[74.50512,16.20249],[74.50369,16.2031],[74.50281,16.20408],[74.50121,16.2042],[74.50021,16.2049],[74.49634,16.21121],[74.49552,16.21388],[74.49542,16.21666],[74.49578,16.21717],[74.49846,16.21888],[74.50041,16.2209],[74.50227,16.22175],[74.50211,16.22505],[74.50149,16.22623],[74.49549,16.23386],[74.49581,16.23414],[74.4945,16.23487],[74.49175,16.23405],[74.49043,16.23445],[74.48953,16.23547],[74.48917,16.23738],[74.48695,16.24104],[74.4848,16.24401],[74.48235,16.24568],[74.48109,16.24718],[74.48006,16.24987],[74.47778,16.25025],[74.47309,16.24343],[74.47189,16.24211],[74.46988,16.24107],[74.46889,16.23961],[74.46834,16.23984],[74.46851,16.24015],[74.46604,16.24049],[74.45593,16.24398],[74.45609,16.24568],[74.45482,16.25325],[74.44702,16.25181],[74.4368,16.25125],[74.43644,16.25764],[74.42864,16.25726],[74.42232,16.25826],[74.41761,16.25808],[74.41705,16.26009],[74.41666,16.26613],[74.41552,16.27129],[74.41559,16.27603],[74.415,16.27756],[74.41612,16.28014],[74.4155,16.28041],[74.4153,16.28203],[74.41451,16.2826],[74.41377,16.28208],[74.41355,16.28358],[74.41197,16.28387],[74.40759,16.28344],[74.40452,16.28226],[74.40055,16.28149],[74.40011,16.28092],[74.39752,16.28019],[74.38852,16.27857],[74.38563,16.27689],[74.3851,16.27747],[74.38481,16.27933],[74.38522,16.28051],[74.38462,16.2837],[74.38379,16.2848],[74.38392,16.28722],[74.38329,16.29185],[74.38119,16.29165],[74.37987,16.29339],[74.37882,16.29349],[74.37503,16.29582],[74.37244,16.29679],[74.36942,16.29223],[74.36484,16.29363],[74.3637,16.29356],[74.36182,16.29156],[74.35681,16.29134],[74.35636,16.29142],[74.35637,16.29251],[74.35571,16.29258],[74.34721,16.29222],[74.34648,16.29354],[74.3452,16.29353],[74.34367,16.29047],[74.34291,16.29057],[74.34688,16.28701],[74.35355,16.28328],[74.34902,16.27564],[74.34923,16.27677],[74.34737,16.2769],[74.3434,16.27837],[74.34355,16.27705],[74.34239,16.27653],[74.34378,16.2736],[74.34035,16.27177],[74.33867,16.27222],[74.33849,16.27122],[74.33535,16.27485],[74.33366,16.27544],[74.33503,16.27362],[74.3355,16.27155],[74.33555,16.26974],[74.33509,16.26872],[74.33419,16.26832],[74.32935,16.2678],[74.32815,16.26824],[74.32496,16.27143],[74.32442,16.27695],[74.32277,16.27794],[74.32279,16.28022],[74.32192,16.28151],[74.32108,16.28433],[74.32345,16.28579],[74.32649,16.28521],[74.32667,16.28561],[74.32505,16.28795],[74.32563,16.28965],[74.32739,16.29047],[74.32823,16.29299],[74.33048,16.29287],[74.33245,16.2921],[74.33232,16.29119],[74.33401,16.29119],[74.33509,16.28945],[74.33644,16.28997],[74.33668,16.29071],[74.33845,16.28996],[74.33825,16.29079],[74.33884,16.29105],[74.3394,16.29257],[74.34099,16.29181],[74.34129,16.29114],[74.34259,16.29088],[74.34181,16.2939],[74.34235,16.29468],[74.34346,16.29503],[74.34371,16.29596],[74.34264,16.29624],[74.34267,16.29828],[74.34186,16.29838],[74.34047,16.29769],[74.33994,16.29966],[74.34009,16.30263],[74.33914,16.3045],[74.33591,16.30602],[74.33597,16.30735],[74.33258,16.30471],[74.33176,16.30478],[74.33259,16.30665],[74.33427,16.30805],[74.33258,16.31068],[74.33151,16.31377],[74.32938,16.3127],[74.32474,16.31262],[74.32414,16.31192],[74.3235,16.31258],[74.32314,16.31556],[74.32973,16.31921],[74.33211,16.31943],[74.33345,16.32012],[74.33644,16.31843],[74.33777,16.31887],[74.33811,16.31966],[74.34047,16.31944],[74.34176,16.31783],[74.34367,16.31779],[74.34401,16.3188],[74.34598,16.31886],[74.34623,16.31986],[74.34566,16.32087],[74.34536,16.32368],[74.34227,16.32787],[74.34144,16.32785],[74.34156,16.32923],[74.34017,16.32969],[74.34064,16.33031],[74.34203,16.33032],[74.3425,16.32938],[74.34573,16.32899],[74.34648,16.33083],[74.34881,16.33137],[74.34992,16.33088],[74.35031,16.32889],[74.34879,16.32785],[74.35208,16.32381],[74.35273,16.32392],[74.35437,16.32581],[74.35571,16.32603],[74.35534,16.32946],[74.35663,16.32977],[74.35688,16.3303],[74.36298,16.32988],[74.36856,16.33154],[74.36764,16.33306],[74.36664,16.33657],[74.36495,16.3396],[74.36516,16.34108],[74.36422,16.3473],[74.36405,16.35318],[74.36715,16.35204],[74.3672,16.3543],[74.36891,16.35633],[74.36935,16.35876],[74.37038,16.35983],[74.37654,16.36083],[74.37643,16.36022],[74.37867,16.35795],[74.37869,16.35498],[74.38003,16.35356],[74.37993,16.35201],[74.3807,16.35163],[74.38493,16.35183],[74.38524,16.35157],[74.38495,16.3505],[74.38853,16.34841],[74.39899,16.35359],[74.39905,16.35314],[74.39814,16.35253],[74.3999,16.35322],[74.40125,16.35298],[74.40238,16.34347],[74.40204,16.34237],[74.40679,16.34148],[74.4082,16.34154],[74.40754,16.34711],[74.41045,16.34743],[74.41053,16.34672],[74.41172,16.34686],[74.41149,16.34748],[74.41348,16.3477],[74.41861,16.34749],[74.4256,16.35388],[74.42796,16.35773],[74.43018,16.35799],[74.42867,16.36028],[74.43258,16.3634],[74.43416,16.36357],[74.4345,16.36179],[74.43325,16.36175],[74.43347,16.3582],[74.43517,16.3578],[74.43582,16.35711],[74.43857,16.34924],[74.4428,16.35125],[74.44352,16.35126],[74.44501,16.35012],[74.44626,16.35053],[74.44725,16.34999],[74.44911,16.34753],[74.44983,16.3474],[74.4514,16.34822],[74.4556,16.34267],[74.45621,16.34472],[74.45948,16.34288],[74.45975,16.3431],[74.45982,16.34404],[74.45834,16.34519],[74.45672,16.34762],[74.45844,16.34881],[74.46057,16.34836],[74.46086,16.34918],[74.45971,16.35021],[74.45616,16.35164],[74.45948,16.35158],[74.45979,16.35296],[74.46175,16.35196],[74.46203,16.35245],[74.46156,16.35307],[74.46183,16.35406],[74.45998,16.35739],[74.46114,16.35952],[74.45965,16.36345],[74.45982,16.36486],[74.46385,16.36743],[74.46173,16.3627],[74.46378,16.35998],[74.46568,16.35969],[74.46516,16.35543],[74.46547,16.35517]]]}},{"type":"Feature","properties":{"unitId":88,"unitName":"Yamakanmardi PS"},"geometry":{"type":"MultiPolygon","coordinates":[[[[74.56168,16.20886],[74.56324,16.20751],[74.56402,16.20426],[74.56206,16.20103],[74.56126,16.1959],[74.56578,16.18956],[74.5686,16.18824],[74.57758,16.18853],[74.58031,16.18757],[74.58523,16.18341],[74.58736,16.18298],[74.59265,16.18299],[74.59382,16.18345],[74.59412,16.18422],[74.59513,16.18476],[74.59617,16.18516],[74.59642,16.18476],[74.59776,16.18563],[74.5994,16.18536],[74.60141,16.18409],[74.60454,16.18404],[74.61079,16.18687],[74.61481,16.18693],[74.61762,16.18631],[74.62173,16.18619],[74.62696,16.18305],[74.63107,16.18397],[74.6349,16.1823],[74.63659,16.18312],[74.63801,16.18482],[74.63868,16.18485],[74.64337,16.18347],[74.64693,16.18156],[74.64863,16.18118],[74.65275,16.18136],[74.6635,16.17849],[74.66393,16.17907],[74.66727,16.18034],[74.66961,16.18057],[74.66887,16.17832],[74.67038,16.17944],[74.67056,16.17901],[74.67376,16.18257],[74.67673,16.18406],[74.67949,16.1848],[74.68755,16.18432],[74.68885,16.18482],[74.68972,16.18698],[74.69184,16.18879],[74.6932,16.18906],[74.69455,16.188],[74.69653,16.189],[74.69802,16.19015],[74.69698,16.19242],[74.69839,16.19654],[74.70076,16.196],[74.70143,16.19445],[74.70055,16.1931],[74.70105,16.19231],[74.70112,16.18761],[74.70231,16.18251],[74.71092,16.16231],[74.71178,16.15729],[74.7138,16.15482],[74.71451,16.15274],[74.70827,16.15186],[74.7147,16.13849],[74.7239,16.12879],[74.72529,16.12877],[74.7294,16.13025],[74.73289,16.12998],[74.73743,16.13094],[74.7398,16.13059],[74.74503,16.12747],[74.74591,16.12226],[74.74767,16.12242],[74.76016,16.12681],[74.76017,16.1254],[74.76244,16.1213],[74.76804,16.11485],[74.76865,16.11136],[74.7682,16.10935],[74.76507,16.10642],[74.76403,16.10286],[74.76592,16.09873],[74.74743,16.09182],[74.73537,16.08854],[74.72769,16.09955],[74.72555,16.10142],[74.7237,16.10646],[74.72292,16.11078],[74.71805,16.11297],[74.71651,16.1121],[74.71385,16.10889],[74.71363,16.10578],[74.71244,16.10297],[74.71201,16.10057],[74.71005,16.09765],[74.70454,16.09634],[74.70084,16.0969],[74.69787,16.09642],[74.69666,16.09342],[74.69454,16.09126],[74.69221,16.09228],[74.68888,16.0921],[74.68642,16.091],[74.68369,16.0934],[74.68058,16.09338],[74.67825,16.09436],[74.67652,16.0939],[74.67544,16.09458],[74.67384,16.09321],[74.6737,16.0921],[74.67477,16.08879],[74.66591,16.08924],[74.66202,16.08881],[74.65093,16.08917],[74.6476,16.08878],[74.62617,16.08967],[74.62539,16.07974],[74.62157,16.07801],[74.62848,16.07558],[74.63989,16.07017],[74.64857,16.07114],[74.6605,16.07052],[74.66067,16.06993],[74.66341,16.07011],[74.66444,16.06592],[74.66623,16.06256],[74.66783,16.05752],[74.66501,16.05348],[74.66388,16.05331],[74.66348,16.05262],[74.663,16.0525],[74.6618,16.05434],[74.66069,16.05458],[74.6592,16.05378],[74.65855,16.05179],[74.65801,16.05147],[74.6543,16.05138],[74.65322,16.04862],[74.65131,16.04714],[74.64942,16.04686],[74.64877,16.04612],[74.64923,16.04297],[74.64434,16.03951],[74.64427,16.03622],[74.64561,16.03377],[74.64551,16.03299],[74.64404,16.03109],[74.64388,16.02986],[74.64497,16.02726],[74.64456,16.02564],[74.64352,16.02416],[74.64332,16.0205],[74.64403,16.01955],[74.64427,16.01712],[74.64217,16.01293],[74.64102,16.01231],[74.64129,16.01274],[74.64094,16.01335],[74.63603,16.01155],[74.63515,16.01259],[74.62652,16.01777],[74.6227,16.01952],[74.60772,16.01577],[74.59985,16.01697],[74.59423,16.01687],[74.59364,16.00937],[74.59602,16.0041],[74.59722,15.9991],[74.59638,15.98948],[74.59275,15.98864],[74.59372,15.98747],[74.59304,15.98668],[74.59345,15.9856],[74.59497,15.98416],[74.59522,15.98232],[74.5884,15.97866],[74.5888,15.97764],[74.58959,15.97767],[74.58966,15.97629],[74.5879,15.9739],[74.58722,15.97144],[74.58989,15.96643],[74.58766,15.96565],[74.58634,15.96567],[74.58326,15.96748],[74.58296,15.97074],[74.57998,15.97594],[74.57718,15.9785],[74.57792,15.98213],[74.56978,15.98385],[74.56833,15.98582],[74.56468,15.99634],[74.56374,15.99686],[74.56361,15.99758],[74.56227,15.99751],[74.56232,16.00834],[74.56127,16.00794],[74.54734,16.02811],[74.54491,16.03528],[74.54276,16.03931],[74.53802,16.03909],[74.53135,16.0429],[74.52603,16.04501],[74.51896,16.05042],[74.51586,16.05047],[74.51391,16.05161],[74.51339,16.05377],[74.51405,16.06042],[74.51522,16.06306],[74.51683,16.06449],[74.5162,16.06579],[74.51733,16.06777],[74.517,16.07101],[74.51529,16.07084],[74.51256,16.06953],[74.51018,16.06707],[74.5112,16.06659],[74.50831,16.06327],[74.49775,16.05688],[74.49391,16.05578],[74.49265,16.05424],[74.49018,16.04817],[74.48881,16.04683],[74.48459,16.04827],[74.48272,16.04985],[74.47979,16.05364],[74.47556,16.05645],[74.47298,16.05717],[74.4686,16.05654],[74.46234,16.05015],[74.46281,16.04969],[74.46128,16.04826],[74.45936,16.04736],[74.457,16.04758],[74.45538,16.04873],[74.45514,16.04991],[74.45339,16.05035],[74.44902,16.05391],[74.44868,16.05326],[74.44604,16.05195],[74.44312,16.05235],[74.44156,16.05282],[74.43358,16.05841],[74.43091,16.05845],[74.42999,16.05876],[74.43007,16.05927],[74.42786,16.05862],[74.42254,16.05541],[74.41553,16.05488],[74.41476,16.05517],[74.4149,16.05566],[74.41182,16.05627],[74.41083,16.05689],[74.40845,16.06358],[74.4076,16.06402],[74.40675,16.06357],[74.40333,16.05879],[74.4012,16.05727],[74.39818,16.0572],[74.39698,16.05885],[74.39564,16.05972],[74.39476,16.06161],[74.3935,16.06214],[74.39038,16.0623],[74.38864,16.06141],[74.38751,16.05951],[74.38725,16.05717],[74.38633,16.05578],[74.38295,16.05391],[74.37941,16.05416],[74.37888,16.05379],[74.37318,16.05521],[74.37184,16.05511],[74.36554,16.05226],[74.36231,16.05217],[74.36013,16.05333],[74.36123,16.05549],[74.37167,16.06745],[74.37249,16.0731],[74.37237,16.0785],[74.37725,16.07861],[74.38204,16.07966],[74.38294,16.0816],[74.38376,16.082],[74.38369,16.08341],[74.38697,16.08229],[74.38998,16.07998],[74.39142,16.08046],[74.39186,16.08276],[74.3907,16.08343],[74.39086,16.08544],[74.3891,16.08775],[74.38982,16.08958],[74.39162,16.08976],[74.39204,16.08988],[74.39196,16.09033],[74.39322,16.09075],[74.40094,16.09268],[74.40399,16.09291],[74.40723,16.09407],[74.40875,16.09521],[74.40827,16.09564],[74.40936,16.09742],[74.40894,16.09936],[74.40916,16.10127],[74.40992,16.10167],[74.4102,16.10274],[74.41113,16.10265],[74.41186,16.10417],[74.41637,16.10518],[74.41711,16.10579],[74.41704,16.10663],[74.42745,16.11253],[74.42794,16.11191],[74.42867,16.11214],[74.43013,16.11156],[74.43236,16.10984],[74.44317,16.10565],[74.44638,16.10559],[74.44862,16.10455],[74.45075,16.10438],[74.45888,16.10485],[74.45925,16.1004],[74.46152,16.09877],[74.46743,16.0959],[74.46956,16.09424],[74.46934,16.09387],[74.47285,16.0929],[74.4731,16.09079],[74.48223,16.08954],[74.48466,16.0912],[74.48448,16.09656],[74.48513,16.09852],[74.4862,16.09865],[74.48593,16.10035],[74.4886,16.10095],[74.4891,16.10229],[74.49056,16.10244],[74.49089,16.1032],[74.49104,16.11211],[74.4895,16.12054],[74.48881,16.12108],[74.4885,16.12409],[74.48792,16.12422],[74.48804,16.1263],[74.48718,16.12817],[74.48775,16.12943],[74.48757,16.1302],[74.48593,16.1333],[74.48532,16.13587],[74.48482,16.14226],[74.48087,16.14514],[74.47981,16.14516],[74.47973,16.14776],[74.48051,16.14929],[74.48814,16.15682],[74.48971,16.16314],[74.48932,16.17728],[74.49391,16.18665],[74.50355,16.1882],[74.50455,16.18946],[74.50558,16.18945],[74.50674,16.19099],[74.50656,16.19407],[74.50676,16.19461],[74.50741,16.19471],[74.50676,16.19706],[74.50689,16.19876],[74.50596,16.19993],[74.50606,16.20071],[74.50684,16.20091],[74.50645,16.20172],[74.50805,16.20219],[74.50733,16.20284],[74.50649,16.20229],[74.50512,16.20249],[74.50553,16.20385],[74.50709,16.20328],[74.51118,16.20578],[74.5192,16.20723],[74.52384,16.21094],[74.53698,16.20827],[74.54481,16.21234],[74.54985,16.21634],[74.55258,16.21645],[74.55492,16.21542],[74.55858,16.21061],[74.56168,16.20886]],[[74.63719,16.14417],[74.63827,16.14495],[74.63719,16.14417]]],[[[74.71734,16.11212],[74.71886,16.11267],[74.71734,16.11212]]]]}},{"type":"Feature","properties":{"unitId":89,"unitName":"Ghataprabha PS"},"geometry":{"type":"MultiPolygon","coordinates":[[[[74.8242,16.32326],[74.8286,16.32322],[74.82845,16.32008],[74.83197,16.32038],[74.83374,16.31649],[74.83929,16.31452],[74.84226,16.31459],[74.84234,16.31423],[74.84821,16.3152],[74.85097,16.31708],[74.85626,16.31854],[74.86479,16.31954],[74.86494,16.32206],[74.87705,16.32123],[74.87401,16.31588],[74.87335,16.31193],[74.87637,16.31146],[74.8785,16.30671],[74.88032,16.30487],[74.89186,16.29644],[74.8944,16.29016],[74.89496,16.29014],[74.89522,16.28952],[74.89593,16.28962],[74.89625,16.28885],[74.89693,16.28903],[74.89713,16.28588],[74.89861,16.2858],[74.89933,16.28382],[74.90148,16.28232],[74.90189,16.281],[74.90291,16.2806],[74.90361,16.27959],[74.90417,16.27761],[74.90395,16.27691],[74.90503,16.2763],[74.90537,16.27512],[74.90112,16.27363],[74.90322,16.25617],[74.9058,16.25564],[74.90696,16.25244],[74.9101,16.24655],[74.9141,16.24094],[74.9227,16.23103],[74.9278,16.22378],[74.9279,16.22294],[74.92433,16.222],[74.92113,16.22196],[74.92003,16.22131],[74.9193,16.22043],[74.92031,16.21932],[74.92051,16.2166],[74.9201,16.21626],[74.9184,16.21717],[74.91814,16.21548],[74.91743,16.21515],[74.91667,16.21359],[74.91605,16.21372],[74.91549,16.21126],[74.91531,16.21155],[74.91377,16.20838],[74.91181,16.20616],[74.90967,16.20532],[74.90723,16.20522],[74.90617,16.20589],[74.90554,16.2057],[74.90451,16.20803],[74.90284,16.2091],[74.903,16.21025],[74.89903,16.2106],[74.89405,16.20951],[74.8927,16.20876],[74.89086,16.20657],[74.88909,16.20558],[74.88577,16.20539],[74.88336,16.20582],[74.88322,16.20536],[74.88154,16.2057],[74.88152,16.20449],[74.87521,16.20527],[74.8639,16.19744],[74.8628,16.19582],[74.86229,16.19238],[74.86113,16.18941],[74.85235,16.18206],[74.85022,16.18194],[74.84476,16.18439],[74.84258,16.18463],[74.83719,16.18267],[74.83205,16.1795],[74.83047,16.17898],[74.82749,16.18003],[74.82517,16.17972],[74.82465,16.17946],[74.82466,16.17745],[74.82424,16.17712],[74.8234,16.17687],[74.82337,16.17719],[74.82311,16.17668],[74.82303,16.17732],[74.82049,16.17739],[74.82042,16.1754],[74.81394,16.17469],[74.8087,16.1749],[74.80845,16.17454],[74.8069,16.17519],[74.80711,16.17555],[74.80625,16.17576],[74.80366,16.17809],[74.80487,16.17872],[74.8039,16.18052],[74.80234,16.17935],[74.8,16.18412],[74.79625,16.18902],[74.79171,16.19139],[74.78666,16.19311],[74.77747,16.19221],[74.76913,16.19223],[74.76669,16.19402],[74.76425,16.19708],[74.76007,16.19893],[74.75521,16.20002],[74.75614,16.20278],[74.75292,16.20628],[74.7513,16.2103],[74.75201,16.21528],[74.75307,16.2173],[74.75297,16.21888],[74.74983,16.22493],[74.74611,16.22811],[74.74362,16.22925],[74.74501,16.23063],[74.74454,16.23143],[74.74485,16.23316],[74.74774,16.24172],[74.74981,16.24193],[74.74813,16.24977],[74.74579,16.25349],[74.74306,16.26004],[74.73987,16.25903],[74.73809,16.25761],[74.73741,16.26211],[74.73893,16.26656],[74.74536,16.27266],[74.74796,16.27583],[74.74871,16.27745],[74.75149,16.28023],[74.75423,16.28447],[74.76557,16.28922],[74.7673,16.28935],[74.7693,16.29042],[74.77522,16.29222],[74.77561,16.29351],[74.77605,16.29356],[74.77763,16.29995],[74.78159,16.30902],[74.78678,16.3155],[74.78985,16.31693],[74.80047,16.31938],[74.8006,16.32063],[74.80325,16.32078],[74.80328,16.32872],[74.81863,16.32616],[74.82213,16.32354],[74.8242,16.32326]]],[[[74.7117,16.24201],[74.71717,16.2421],[74.71715,16.24157],[74.72204,16.24123],[74.72808,16.23739],[74.73194,16.23301],[74.72334,16.22723],[74.72306,16.2233],[74.72198,16.21959],[74.71948,16.21966],[74.71826,16.21358],[74.71564,16.20757],[74.71545,16.20568],[74.71608,16.20398],[74.71169,16.20304],[74.70684,16.20752],[74.70615,16.21273],[74.70511,16.21599],[74.70517,16.22089],[74.7012,16.22378],[74.69066,16.22577],[74.6911,16.22611],[74.69094,16.22727],[74.68985,16.22914],[74.69071,16.23268],[74.69234,16.23494],[74.69376,16.23895],[74.69614,16.23957],[74.69831,16.24111],[74.70296,16.24199],[74.70659,16.24246],[74.7117,16.24201]]]]}},{"type":"Feature","properties":{"unitId":90,"unitName":"Kulgod PS"},"geometry":{"type":"Polygon","coordinates":[[[75.07901,16.33165],[75.08059,16.33088],[75.08405,16.33092],[75.08828,16.33006],[75.09439,16.32506],[75.09564,16.32489],[75.10049,16.32669],[75.10816,16.32871],[75.10936,16.32879],[75.11124,16.32811],[75.11329,16.32831],[75.11588,16.32653],[75.11862,16.32856],[75.12376,16.33126],[75.12668,16.33173],[75.13105,16.33127],[75.13499,16.32776],[75.13836,16.32596],[75.13162,16.30423],[75.13208,16.30272],[75.13242,16.30281],[75.1319,16.30089],[75.1304,16.29954],[75.12911,16.2962],[75.12907,16.29478],[75.13036,16.29465],[75.12916,16.28841],[75.1296,16.28696],[75.13622,16.28479],[75.13855,16.28481],[75.14163,16.28368],[75.15597,16.28054],[75.16665,16.27967],[75.17018,16.28036],[75.17122,16.27865],[75.17456,16.27609],[75.17841,16.27501],[75.18418,16.27564],[75.19511,16.2744],[75.20494,16.27245],[75.21765,16.2686],[75.22018,16.26562],[75.22091,16.26552],[75.22456,16.26241],[75.22889,16.26062],[75.23413,16.25963],[75.23229,16.25022],[75.23465,16.25112],[75.23904,16.25141],[75.23948,16.25105],[75.2376,16.24924],[75.23678,16.24671],[75.23487,16.24403],[75.23424,16.24227],[75.23385,16.23778],[75.23108,16.23568],[75.23056,16.23411],[75.2299,16.23103],[75.23129,16.22745],[75.23123,16.22633],[75.2307,16.22632],[75.23025,16.22457],[75.23202,16.21976],[75.23308,16.21873],[75.23363,16.21237],[75.23238,16.20964],[75.23196,16.20976],[75.22841,16.20523],[75.22811,16.20254],[75.22406,16.20156],[75.22093,16.20023],[75.21571,16.19775],[75.21122,16.19462],[75.2113,16.19376],[75.2075,16.1842],[75.1957,16.18581],[75.19005,16.18725],[75.18176,16.18709],[75.18171,16.18674],[75.18057,16.18698],[75.17902,16.18648],[75.17611,16.18773],[75.1672,16.18581],[75.16517,16.18465],[75.164,16.18454],[75.16321,16.18343],[75.16147,16.18256],[75.15911,16.18281],[75.15681,16.18206],[75.15391,16.18399],[75.15142,16.18478],[75.1508,16.18567],[75.14946,16.186],[75.14904,16.18696],[75.13692,16.18847],[75.12346,16.18928],[75.12398,16.18399],[75.12373,16.1772],[75.11588,16.17486],[75.11607,16.17012],[75.10452,16.1687],[75.09645,16.16699],[75.09622,16.15404],[75.09554,16.14602],[75.08292,16.14639],[75.07937,16.14582],[75.07356,16.1473],[75.0694,16.14728],[75.06488,16.14915],[75.05303,16.15725],[75.05217,16.15745],[75.04935,16.15651],[75.04811,16.15606],[75.04794,16.15497],[75.04676,16.15432],[75.04551,16.15281],[75.0447,16.15016],[75.04228,16.14632],[75.03819,16.14245],[75.03734,16.14214],[75.03792,16.1383],[75.03597,16.12825],[75.03668,16.12458],[75.03218,16.12341],[75.02516,16.12299],[75.02561,16.12059],[75.01635,16.12058],[75.00832,16.1255],[75.00279,16.12802],[75.00051,16.12955],[74.99873,16.12997],[74.98996,16.1282],[74.9823,16.1263],[74.98223,16.12588],[74.97564,16.12487],[74.97491,16.12297],[74.97111,16.12235],[74.96439,16.12577],[74.96412,16.12687],[74.95674,16.13822],[74.95576,16.14228],[74.95645,16.14848],[74.94595,16.15],[74.9322,16.1535],[74.92274,16.15269],[74.92103,16.16715],[74.92025,16.17009],[74.90909,16.16947],[74.90698,16.17654],[74.90248,16.18866],[74.90146,16.19333],[74.90116,16.19818],[74.90156,16.20105],[74.90231,16.20326],[74.90354,16.20498],[74.90547,16.20583],[74.90723,16.20522],[74.90885,16.20526],[74.91181,16.20616],[74.91377,16.20838],[74.91531,16.21155],[74.91549,16.21126],[74.91605,16.21372],[74.91667,16.21359],[74.91743,16.21515],[74.91814,16.21548],[74.9184,16.21717],[74.9201,16.21626],[74.92051,16.2166],[74.92031,16.21932],[74.9193,16.22043],[74.92059,16.22174],[74.92633,16.22239],[74.9279,16.22294],[74.92799,16.22394],[74.93186,16.22367],[74.93323,16.22409],[74.93496,16.22513],[74.93732,16.22939],[74.94057,16.23194],[74.94825,16.23626],[74.9553,16.23645],[74.95696,16.23765],[74.95947,16.24428],[74.96345,16.24799],[74.96392,16.25369],[74.96471,16.25724],[74.96466,16.26655],[74.96404,16.27113],[74.96579,16.27102],[74.9673,16.2753],[74.96883,16.27722],[74.9747,16.28086],[74.97867,16.28155],[74.98295,16.28007],[74.9877,16.27645],[74.98992,16.27666],[74.99322,16.27866],[74.99421,16.28062],[74.99397,16.28398],[74.99343,16.28425],[74.99379,16.28489],[74.99613,16.28667],[75.00011,16.28829],[75.00598,16.29281],[75.00698,16.29418],[75.00757,16.29768],[75.00704,16.30238],[75.0091,16.30468],[75.01265,16.3072],[75.02042,16.30837],[75.02064,16.30722],[75.02263,16.30591],[75.02456,16.30616],[75.02446,16.30842],[75.02793,16.3089],[75.03307,16.31404],[75.03929,16.31528],[75.04321,16.31763],[75.04231,16.31872],[75.04246,16.31952],[75.04366,16.31959],[75.0482,16.32425],[75.05153,16.32593],[75.05376,16.3292],[75.05707,16.33132],[75.05765,16.33146],[75.06014,16.33037],[75.06325,16.32799],[75.06255,16.32725],[75.0621,16.32766],[75.06191,16.3266],[75.06404,16.32614],[75.06577,16.3262],[75.06789,16.32717],[75.07247,16.33064],[75.07467,16.33097],[75.07468,16.33162],[75.07541,16.33191],[75.07769,16.33207],[75.07901,16.33165]]]}},{"type":"Feature","properties":{"unitId":91,"unitName":"Mudalgi PS"},"geometry":{"type":"Polygon","coordinates":[[[74.9852,16.39388],[74.99285,16.38367],[74.99454,16.38505],[75.00597,16.38481],[75.00686,16.38387],[75.00715,16.38043],[75.01069,16.37834],[75.02332,16.3757],[75.02349,16.37159],[75.02192,16.36765],[75.03351,16.36737],[75.03264,16.35816],[75.03406,16.33901],[75.03579,16.33438],[75.04358,16.32007],[75.04366,16.31959],[75.04312,16.31984],[75.04231,16.31928],[75.04231,16.31872],[75.04327,16.31778],[75.03929,16.31528],[75.03307,16.31404],[75.02793,16.3089],[75.02446,16.30842],[75.02428,16.30605],[75.02263,16.30591],[75.02064,16.30722],[75.02042,16.30837],[75.01386,16.3076],[75.0091,16.30468],[75.00704,16.30238],[75.00757,16.29768],[75.00698,16.29418],[75.00598,16.29281],[75.00011,16.28829],[74.99613,16.28667],[74.99379,16.28489],[74.99343,16.28425],[74.99397,16.28398],[74.99421,16.28062],[74.99322,16.27866],[74.98992,16.27666],[74.9877,16.27645],[74.98295,16.28007],[74.97867,16.28155],[74.9747,16.28086],[74.96883,16.27722],[74.9673,16.2753],[74.96579,16.27102],[74.96404,16.27113],[74.96466,16.26655],[74.96471,16.25724],[74.96392,16.25369],[74.96345,16.24799],[74.95947,16.24428],[74.95707,16.23779],[74.9553,16.23645],[74.94825,16.23626],[74.94057,16.23194],[74.93732,16.22939],[74.93457,16.2248],[74.93186,16.22367],[74.92824,16.22399],[74.92784,16.22338],[74.9227,16.23103],[74.9141,16.24094],[74.91089,16.24539],[74.90696,16.25244],[74.9058,16.25564],[74.90322,16.25617],[74.90112,16.27363],[74.90537,16.27512],[74.90503,16.2763],[74.90395,16.27691],[74.90417,16.27761],[74.90361,16.27959],[74.90291,16.2806],[74.90189,16.281],[74.90148,16.28232],[74.89933,16.28382],[74.89861,16.2858],[74.89713,16.28588],[74.89693,16.28903],[74.89625,16.28885],[74.89593,16.28962],[74.89522,16.28952],[74.89496,16.29014],[74.8944,16.29016],[74.89186,16.29644],[74.88032,16.30487],[74.8785,16.30671],[74.87637,16.31146],[74.87335,16.31193],[74.87401,16.31588],[74.87688,16.32127],[74.88255,16.32812],[74.89539,16.32874],[74.8995,16.32711],[74.89989,16.32598],[74.89953,16.32362],[74.90073,16.32317],[74.90324,16.32374],[74.90482,16.32108],[74.90558,16.32061],[74.90753,16.32028],[74.90792,16.32069],[74.90777,16.32244],[74.90868,16.32342],[74.90956,16.32337],[74.91226,16.32088],[74.91368,16.32279],[74.91399,16.32441],[74.91492,16.32525],[74.91444,16.32816],[74.915,16.32999],[74.91526,16.33044],[74.91677,16.33053],[74.91707,16.33127],[74.91655,16.33267],[74.91715,16.3344],[74.91686,16.33786],[74.91768,16.34025],[74.91619,16.34334],[74.91752,16.34606],[74.91612,16.34718],[74.91587,16.34839],[74.91496,16.34879],[74.91438,16.34982],[74.92218,16.35007],[74.92637,16.34967],[74.92717,16.3544],[74.92727,16.35856],[74.92809,16.36201],[74.92806,16.36615],[74.93204,16.36715],[74.93379,16.36846],[74.93742,16.36856],[74.93938,16.36799],[74.94275,16.36935],[74.94422,16.36932],[74.94516,16.37095],[74.9447,16.37252],[74.94938,16.37377],[74.95528,16.37764],[74.95883,16.37939],[74.96102,16.38217],[74.96066,16.38615],[74.96117,16.38961],[74.96072,16.39386],[74.97214,16.39374],[74.98408,16.39543],[74.9852,16.39388]]]}},{"type":"Feature","properties":{"unitId":92,"unitName":"Katkol PS"},"geometry":{"type":"Polygon","coordinates":[[[75.24846,16.20443],[75.25311,16.20432],[75.25313,16.20538],[75.26279,16.20651],[75.26764,16.2077],[75.27029,16.20754],[75.27292,16.20613],[75.27505,16.20396],[75.27949,16.20119],[75.2799,16.20147],[75.28071,16.19998],[75.28247,16.20027],[75.28294,16.20137],[75.28531,16.20154],[75.28588,16.2022],[75.28657,16.20113],[75.28699,16.19937],[75.28681,16.19735],[75.28885,16.19183],[75.28833,16.1906],[75.28635,16.18878],[75.28601,16.18761],[75.28631,16.18459],[75.28591,16.18063],[75.28547,16.17777],[75.28467,16.17674],[75.29259,16.17241],[75.28744,16.15182],[75.27839,16.12942],[75.27574,16.12041],[75.28026,16.1193],[75.28798,16.11927],[75.29371,16.11805],[75.30537,16.11728],[75.31814,16.11551],[75.32028,16.11586],[75.32233,16.11559],[75.32467,16.11642],[75.32767,16.11545],[75.32764,16.11185],[75.32709,16.11077],[75.32735,16.10952],[75.3257,16.1061],[75.32674,16.10337],[75.32543,16.09751],[75.32381,16.09337],[75.32227,16.08481],[75.32223,16.08018],[75.3212,16.07122],[75.3218,16.06562],[75.32325,16.06624],[75.32347,16.06516],[75.32551,16.06544],[75.32539,16.05988],[75.32471,16.05883],[75.32734,16.05602],[75.32681,16.05399],[75.31885,16.05103],[75.31272,16.04739],[75.30918,16.04456],[75.3091,16.04363],[75.30815,16.04307],[75.30787,16.04168],[75.30659,16.04067],[75.30539,16.03826],[75.30078,16.0369],[75.30068,16.03322],[75.29887,16.03224],[75.29665,16.03199],[75.28783,16.03283],[75.27384,16.03849],[75.27467,16.03552],[75.27429,16.02922],[75.27286,16.02277],[75.27327,16.01975],[75.27418,16.01763],[75.29296,16.01345],[75.29798,16.00252],[75.2958,15.99493],[75.29622,15.99454],[75.29604,15.9938],[75.29016,15.99123],[75.286,15.99217],[75.28544,15.99064],[75.28559,15.98948],[75.28449,15.98908],[75.28207,15.97433],[75.28164,15.96628],[75.27983,15.95944],[75.28154,15.95877],[75.28302,15.95726],[75.28304,15.95523],[75.28147,15.9528],[75.28214,15.95086],[75.28383,15.94977],[75.2831,15.94937],[75.28212,15.94982],[75.28268,15.94707],[75.28129,15.94717],[75.27967,15.94566],[75.27936,15.94329],[75.27741,15.9422],[75.27639,15.94065],[75.27396,15.93921],[75.27265,15.93456],[75.27132,15.9335],[75.26856,15.92058],[75.26864,15.90878],[75.26623,15.9003],[75.25414,15.90233],[75.24469,15.90075],[75.24519,15.89541],[75.24097,15.89354],[75.23059,15.88462],[75.22881,15.87509],[75.2268,15.87648],[75.22052,15.87668],[75.21466,15.87372],[75.21427,15.87032],[75.20901,15.87164],[75.20678,15.8712],[75.1955,15.86666],[75.19298,15.86202],[75.18756,15.86505],[75.18324,15.87086],[75.18107,15.87546],[75.17975,15.8797],[75.18022,15.88246],[75.17928,15.88687],[75.17967,15.89245],[75.18503,15.89095],[75.18596,15.89116],[75.18775,15.89267],[75.18932,15.89291],[75.19571,15.8909],[75.19702,15.89123],[75.19621,15.89602],[75.19442,15.90096],[75.19329,15.90698],[75.19339,15.90965],[75.19282,15.9113],[75.193,15.91708],[75.19454,15.92221],[75.18918,15.92175],[75.18211,15.92239],[75.17893,15.92198],[75.17337,15.92355],[75.16496,15.92409],[75.1551,15.92266],[75.15449,15.92129],[75.15362,15.92182],[75.14522,15.92344],[75.14448,15.92207],[75.14404,15.91866],[75.14149,15.91879],[75.13607,15.91803],[75.13194,15.9184],[75.12713,15.91553],[75.11946,15.91211],[75.1199,15.91065],[75.11779,15.90993],[75.11685,15.91005],[75.11414,15.90858],[75.11168,15.90838],[75.10632,15.91002],[75.10156,15.90987],[75.09903,15.90867],[75.09529,15.90787],[75.09278,15.90758],[75.09122,15.90808],[75.08781,15.90614],[75.08741,15.90626],[75.08818,15.91174],[75.08846,15.9214],[75.0898,15.92861],[75.08478,15.93046],[75.08275,15.93036],[75.07845,15.93114],[75.07779,15.93222],[75.07358,15.93245],[75.07184,15.943],[75.07063,15.9461],[75.07049,15.95313],[75.07311,15.96941],[75.07418,15.96947],[75.07544,15.98064],[75.0769,15.98124],[75.07719,15.98446],[75.07821,15.98605],[75.07853,15.99138],[75.09103,15.99091],[75.09143,15.99219],[75.0888,15.99684],[75.08803,15.99968],[75.0885,16.00141],[75.08827,16.00451],[75.08911,16.00611],[75.0885,16.00792],[75.08914,16.00908],[75.0929,16.01115],[75.09258,16.0127],[75.09598,16.01387],[75.09862,16.01679],[75.10248,16.01782],[75.10833,16.0213],[75.10845,16.02262],[75.10314,16.0236],[75.09709,16.02738],[75.09696,16.02803],[75.09784,16.02993],[75.0976,16.03057],[75.09007,16.03096],[75.08737,16.03721],[75.08746,16.03934],[75.09086,16.04036],[75.09086,16.04072],[75.09036,16.04928],[75.08752,16.04998],[75.0872,16.05705],[75.08948,16.05704],[75.08984,16.05887],[75.09153,16.06247],[75.09429,16.06668],[75.0958,16.06843],[75.1003,16.0719],[75.09929,16.07992],[75.09964,16.09158],[75.08728,16.09161],[75.07621,16.09081],[75.07362,16.10366],[75.07327,16.10917],[75.0716,16.11371],[75.07754,16.11804],[75.08613,16.11895],[75.08632,16.12269],[75.09183,16.1225],[75.09365,16.13171],[75.09601,16.14006],[75.09617,16.14489],[75.09554,16.14602],[75.09622,16.15404],[75.09645,16.16699],[75.10452,16.1687],[75.11607,16.17012],[75.11588,16.17486],[75.12373,16.1772],[75.12398,16.18399],[75.12346,16.18928],[75.13692,16.18847],[75.14904,16.18696],[75.14946,16.186],[75.1508,16.18567],[75.15142,16.18478],[75.15391,16.18399],[75.15681,16.18206],[75.15911,16.18281],[75.16147,16.18256],[75.16321,16.18343],[75.164,16.18454],[75.16517,16.18465],[75.1672,16.18581],[75.17611,16.18773],[75.17902,16.18648],[75.18057,16.18698],[75.18171,16.18674],[75.18176,16.18709],[75.19005,16.18725],[75.1957,16.18581],[75.2075,16.1842],[75.2113,16.19376],[75.21122,16.19462],[75.21571,16.19775],[75.22093,16.20023],[75.22406,16.20156],[75.22811,16.20254],[75.22841,16.20523],[75.23196,16.20976],[75.2385,16.20796],[75.24846,16.20443]]]}},{"type":"Feature","properties":{"unitId":93,"unitName":"Ramadurga PS"},"geometry":{"type":"Polygon","coordinates":[[[75.41549,16.11371],[75.41888,16.10006],[75.42242,16.09937],[75.42957,16.09686],[75.42928,16.09526],[75.42865,16.09526],[75.42759,16.09353],[75.42895,16.08583],[75.43048,16.08043],[75.42974,16.0774],[75.42912,16.0704],[75.42792,16.06788],[75.42744,16.05787],[75.42226,16.05765],[75.42128,16.05682],[75.4211,16.05714],[75.41866,16.05641],[75.41708,16.05364],[75.41629,16.05309],[75.41638,16.03529],[75.41602,16.03253],[75.4205,16.03226],[75.42311,16.03259],[75.42545,16.019],[75.42677,16.00771],[75.43356,16.00717],[75.43894,16.00413],[75.43777,16.00105],[75.43807,16.00077],[75.43707,15.9965],[75.4363,15.98894],[75.43348,15.97808],[75.43153,15.97407],[75.43082,15.97067],[75.43979,15.96612],[75.43306,15.94502],[75.43113,15.94379],[75.42845,15.93736],[75.43052,15.93479],[75.4248,15.92199],[75.44067,15.91824],[75.43873,15.91106],[75.4369,15.89362],[75.44016,15.89345],[75.44317,15.89436],[75.44589,15.89363],[75.44674,15.89285],[75.44696,15.8916],[75.44605,15.89051],[75.44316,15.89015],[75.44425,15.88701],[75.44523,15.88648],[75.44982,15.88722],[75.44918,15.88511],[75.4532,15.88215],[75.45251,15.87975],[75.45166,15.87087],[75.45134,15.86193],[75.45763,15.86142],[75.45818,15.85186],[75.45733,15.83188],[75.45777,15.81782],[75.45531,15.81795],[75.45291,15.81046],[75.45138,15.81083],[75.44769,15.7937],[75.43965,15.79511],[75.43751,15.78727],[75.43659,15.77812],[75.42881,15.78059],[75.41401,15.7841],[75.4154,15.78834],[75.41901,15.80769],[75.42269,15.81929],[75.42408,15.82544],[75.42551,15.83631],[75.42498,15.84245],[75.41694,15.84198],[75.41553,15.841],[75.41563,15.84008],[75.41405,15.83962],[75.41119,15.84053],[75.40937,15.83886],[75.40755,15.8385],[75.40522,15.83891],[75.40308,15.84178],[75.39872,15.83946],[75.39886,15.83996],[75.39558,15.83875],[75.38521,15.83855],[75.38195,15.8403],[75.3824,15.84353],[75.38002,15.84406],[75.37561,15.846],[75.37391,15.83922],[75.3716,15.83372],[75.36603,15.81391],[75.36494,15.80432],[75.3409,15.80446],[75.34014,15.81759],[75.33893,15.82766],[75.33005,15.82446],[75.33302,15.81663],[75.32679,15.81296],[75.32074,15.81054],[75.32007,15.81283],[75.31525,15.81227],[75.303,15.81242],[75.30286,15.8157],[75.30054,15.81785],[75.29415,15.82725],[75.29035,15.83138],[75.28742,15.83541],[75.28504,15.83998],[75.2843,15.85515],[75.28459,15.85629],[75.28229,15.86895],[75.28231,15.87277],[75.27089,15.899],[75.26947,15.89985],[75.26623,15.9003],[75.26864,15.90878],[75.26856,15.92058],[75.27132,15.9335],[75.27265,15.93456],[75.27396,15.93921],[75.27639,15.94065],[75.27741,15.9422],[75.27936,15.94329],[75.27967,15.94566],[75.28129,15.94717],[75.28268,15.94707],[75.28212,15.94982],[75.2831,15.94937],[75.28383,15.94977],[75.28214,15.95086],[75.28147,15.9528],[75.28304,15.95523],[75.28302,15.95726],[75.28154,15.95877],[75.27983,15.95944],[75.28164,15.96628],[75.28207,15.97433],[75.28449,15.98908],[75.28559,15.98948],[75.28544,15.99064],[75.286,15.99217],[75.29016,15.99123],[75.29604,15.9938],[75.29622,15.99454],[75.2958,15.99493],[75.29798,16.00252],[75.29296,16.01345],[75.27418,16.01763],[75.27327,16.01975],[75.27286,16.02277],[75.27429,16.02922],[75.27467,16.03552],[75.27384,16.03849],[75.28783,16.03283],[75.29665,16.03199],[75.29887,16.03224],[75.30068,16.03322],[75.30078,16.0369],[75.30539,16.03826],[75.30659,16.04067],[75.30787,16.04168],[75.30815,16.04307],[75.3091,16.04363],[75.30918,16.04456],[75.31272,16.04739],[75.31885,16.05103],[75.32681,16.05399],[75.32734,16.05602],[75.32471,16.05883],[75.32539,16.05988],[75.32551,16.06544],[75.32347,16.06516],[75.32325,16.06624],[75.3218,16.06562],[75.3212,16.07122],[75.32223,16.08018],[75.32227,16.08481],[75.32381,16.09337],[75.32543,16.09751],[75.32674,16.10337],[75.3257,16.1061],[75.32735,16.10952],[75.32709,16.11077],[75.32764,16.11185],[75.32766,16.11596],[75.32993,16.11725],[75.33225,16.11744],[75.33295,16.11851],[75.3352,16.11922],[75.33681,16.12078],[75.33845,16.12083],[75.33951,16.12259],[75.34175,16.1248],[75.34297,16.12404],[75.34625,16.12319],[75.34811,16.12422],[75.3495,16.12613],[75.35175,16.12694],[75.35349,16.12823],[75.35396,16.12804],[75.35366,16.12658],[75.35476,16.12429],[75.35355,16.11914],[75.35425,16.11767],[75.35346,16.11647],[75.35546,16.11548],[75.35524,16.11499],[75.35783,16.1145],[75.37374,16.11423],[75.39055,16.11299],[75.40444,16.11368],[75.40452,16.11651],[75.4056,16.11879],[75.40559,16.12095],[75.40715,16.12355],[75.40711,16.12541],[75.40951,16.1287],[75.41206,16.13035],[75.41549,16.11371]]]}},{"type":"Feature","properties":{"unitId":94,"unitName":"Murgod PS"},"geometry":{"type":"Polygon","coordinates":[[[75.06813,16.1477],[75.0694,16.14728],[75.07089,16.14757],[75.07423,16.14719],[75.07893,16.14585],[75.08292,16.14639],[75.09588,16.14589],[75.09601,16.14006],[75.09365,16.13171],[75.09183,16.1225],[75.08632,16.12269],[75.08613,16.11895],[75.07754,16.11804],[75.0716,16.11371],[75.07327,16.10917],[75.07362,16.10366],[75.07621,16.09081],[75.08728,16.09161],[75.09964,16.09158],[75.09929,16.07992],[75.1003,16.0719],[75.0958,16.06843],[75.09429,16.06668],[75.09153,16.06247],[75.08984,16.05887],[75.08948,16.05704],[75.0872,16.05705],[75.08752,16.04998],[75.09036,16.04928],[75.09086,16.04072],[75.09086,16.04036],[75.08746,16.03934],[75.08737,16.03721],[75.09007,16.03096],[75.0976,16.03057],[75.09784,16.02993],[75.09696,16.02803],[75.09709,16.02738],[75.10314,16.0236],[75.10845,16.02262],[75.10833,16.0213],[75.10248,16.01782],[75.09862,16.01679],[75.09598,16.01387],[75.09258,16.0127],[75.0929,16.01115],[75.08914,16.00908],[75.0885,16.00792],[75.08911,16.00611],[75.08827,16.00451],[75.0885,16.00141],[75.08803,15.99968],[75.0888,15.99684],[75.09143,15.99219],[75.09143,15.99136],[75.09103,15.99091],[75.08747,15.99084],[75.07853,15.99138],[75.07821,15.98605],[75.07719,15.98446],[75.0769,15.98124],[75.07544,15.98064],[75.07418,15.96947],[75.07311,15.96941],[75.07049,15.95313],[75.0705,15.94768],[75.07255,15.93956],[75.07358,15.93245],[75.07779,15.93222],[75.07845,15.93114],[75.08275,15.93036],[75.08478,15.93046],[75.0898,15.92861],[75.08846,15.9214],[75.08818,15.91174],[75.08741,15.90626],[75.08479,15.90672],[75.08232,15.90648],[75.08212,15.90511],[75.08293,15.89981],[75.08155,15.89687],[75.07989,15.89773],[75.07776,15.89742],[75.07744,15.89674],[75.07489,15.89791],[75.07312,15.88792],[75.07165,15.88349],[75.07099,15.87564],[75.06904,15.86696],[75.06899,15.86388],[75.06052,15.86164],[75.05539,15.85773],[75.06404,15.85629],[75.06586,15.85014],[75.06186,15.84477],[75.05833,15.84173],[75.05639,15.84093],[75.05511,15.83898],[75.05392,15.83567],[75.05305,15.82928],[75.05173,15.829],[75.05163,15.82811],[75.04375,15.82769],[75.04304,15.82811],[75.04323,15.82926],[75.04399,15.82945],[75.04393,15.83369],[75.04197,15.83353],[75.04152,15.83403],[75.04058,15.83407],[75.04038,15.83635],[75.03897,15.83896],[75.03901,15.84113],[75.04376,15.84719],[75.04476,15.84928],[75.04484,15.85237],[75.04585,15.85618],[75.04398,15.86316],[75.03516,15.8646],[75.02855,15.86426],[75.0256,15.86671],[75.02237,15.8682],[75.01807,15.86886],[75.01704,15.86978],[75.01398,15.86967],[75.00413,15.87174],[74.99834,15.87155],[74.99791,15.86825],[74.98287,15.8682],[74.97552,15.87125],[74.96613,15.87361],[74.9666,15.86896],[74.95652,15.86501],[74.9521,15.86437],[74.95037,15.86353],[74.95148,15.8618],[74.95125,15.86006],[74.94808,15.85801],[74.94839,15.84558],[74.95051,15.84542],[74.95291,15.83719],[74.95754,15.83],[74.95798,15.82826],[74.96082,15.8281],[74.96113,15.82653],[74.963,15.82613],[74.96358,15.82248],[74.9645,15.82242],[74.96459,15.81861],[74.96293,15.80963],[74.96277,15.8063],[74.96333,15.79324],[74.95813,15.7872],[74.95782,15.78577],[74.95708,15.78606],[74.95517,15.78526],[74.95358,15.7834],[74.94971,15.783],[74.9437,15.7837],[74.9428,15.77678],[74.9415,15.77262],[74.94091,15.77285],[74.93937,15.77749],[74.93541,15.78591],[74.93472,15.78938],[74.93062,15.78916],[74.93042,15.79007],[74.91577,15.79111],[74.90696,15.79085],[74.90685,15.79123],[74.90479,15.79143],[74.90117,15.7914],[74.89912,15.80212],[74.89849,15.81003],[74.89203,15.80873],[74.88954,15.81257],[74.8864,15.81516],[74.88558,15.81533],[74.88288,15.81945],[74.88286,15.8222],[74.88149,15.82222],[74.88127,15.82283],[74.87752,15.82227],[74.87708,15.82683],[74.87395,15.82664],[74.87374,15.82774],[74.87154,15.82755],[74.87135,15.8282],[74.86997,15.82798],[74.86927,15.83065],[74.86826,15.83099],[74.86476,15.8307],[74.86378,15.8351],[74.86404,15.84154],[74.85306,15.84043],[74.85296,15.83949],[74.84892,15.8397],[74.84003,15.83841],[74.84002,15.83782],[74.83262,15.83625],[74.82047,15.8392],[74.81666,15.84325],[74.81421,15.84746],[74.81322,15.84733],[74.81215,15.84894],[74.81045,15.84851],[74.80797,15.85539],[74.80762,15.85515],[74.80748,15.85562],[74.80722,15.85883],[74.80158,15.88312],[74.80672,15.88773],[74.81334,15.89114],[74.82616,15.89505],[74.82984,15.89658],[74.8346,15.89874],[74.83816,15.90174],[74.84135,15.90287],[74.84047,15.90448],[74.84021,15.90729],[74.83896,15.90959],[74.83812,15.91354],[74.83435,15.92127],[74.83015,15.94373],[74.83085,15.94488],[74.83118,15.94789],[74.83066,15.94916],[74.83116,15.95188],[74.83353,15.95293],[74.83406,15.9541],[74.83382,15.95628],[74.8399,15.95999],[74.84061,15.96109],[74.84186,15.96755],[74.84347,15.97232],[74.84415,15.97832],[74.84423,15.98668],[74.85044,15.98703],[74.85581,15.98823],[74.85732,15.98752],[74.85888,15.98897],[74.86818,15.99353],[74.86895,15.99884],[74.87237,16.00411],[74.87636,16.00532],[74.89097,16.00453],[74.89171,16.00357],[74.89172,16.00392],[74.90492,16.0043],[74.90541,16.00047],[74.90885,16.00102],[74.91086,16.00244],[74.91287,16.00302],[74.91568,16.00498],[74.91605,16.01013],[74.91806,16.01385],[74.92044,16.01571],[74.92353,16.01661],[74.92864,16.02033],[74.92926,16.02231],[74.93033,16.02261],[74.93,16.02654],[74.92893,16.02895],[74.92728,16.02999],[74.92699,16.03056],[74.92783,16.03066],[74.92772,16.03123],[74.92611,16.03277],[74.92557,16.03395],[74.93474,16.03264],[74.93628,16.03314],[74.93894,16.03475],[74.93888,16.03599],[74.94115,16.03658],[74.94355,16.03832],[74.94333,16.03868],[74.9478,16.04019],[74.94853,16.04119],[74.94871,16.04055],[74.94873,16.04338],[74.94942,16.04364],[74.95045,16.04576],[74.95434,16.04824],[74.95767,16.04888],[74.95856,16.05002],[74.9607,16.04975],[74.96267,16.05126],[74.96338,16.05262],[74.96313,16.05579],[74.96323,16.05669],[74.964,16.05734],[74.96436,16.06374],[74.96521,16.06576],[74.9655,16.06563],[74.9648,16.07068],[74.9656,16.07589],[74.97139,16.07493],[74.97873,16.07481],[74.97802,16.07578],[74.978,16.07719],[74.97833,16.07886],[74.97944,16.0799],[74.97876,16.08021],[74.97945,16.0827],[74.97868,16.08423],[74.97937,16.08571],[74.97903,16.08621],[74.98013,16.08771],[74.97879,16.09],[74.97824,16.08975],[74.97742,16.09251],[74.97772,16.09335],[74.97555,16.09436],[74.97607,16.09516],[74.97603,16.09711],[74.97701,16.0968],[74.97688,16.09826],[74.97752,16.0986],[74.97707,16.09929],[74.97683,16.09904],[74.97602,16.09958],[74.9768,16.10126],[74.97792,16.1022],[74.98011,16.10272],[74.98009,16.1032],[74.979,16.10398],[74.97898,16.1061],[74.97845,16.10604],[74.97824,16.10722],[74.97743,16.10744],[74.97812,16.1092],[74.97717,16.10988],[74.9772,16.11137],[74.97781,16.11241],[74.97628,16.11257],[74.97681,16.11459],[74.97627,16.11565],[74.97721,16.11689],[74.97748,16.11932],[74.97672,16.12033],[74.97684,16.12112],[74.97538,16.12195],[74.97579,16.12287],[74.97491,16.12297],[74.97564,16.12487],[74.98223,16.12588],[74.9823,16.1263],[74.98996,16.1282],[74.99873,16.12997],[75.00051,16.12955],[75.00279,16.12802],[75.00832,16.1255],[75.01635,16.12058],[75.02561,16.12059],[75.02516,16.12299],[75.03218,16.12341],[75.03668,16.12458],[75.03597,16.12825],[75.03792,16.1383],[75.03734,16.14214],[75.03819,16.14245],[75.04228,16.14632],[75.0447,16.15016],[75.04551,16.15281],[75.04676,16.15432],[75.04794,16.15497],[75.04811,16.15606],[75.05217,16.15745],[75.05303,16.15725],[75.06488,16.14915],[75.06813,16.1477]]]}},{"type":"Feature","properties":{"unitId":95,"unitName":"Soundatti PS"},"geometry":{"type":"Polygon","coordinates":[[[75.17391,15.92339],[75.17893,15.92198],[75.18211,15.92239],[75.18799,15.92176],[75.19462,15.92202],[75.193,15.91708],[75.19282,15.9113],[75.19339,15.90965],[75.19329,15.90698],[75.19442,15.90096],[75.19621,15.89602],[75.19702,15.89123],[75.19571,15.8909],[75.18932,15.89291],[75.18775,15.89267],[75.18596,15.89116],[75.18503,15.89095],[75.17967,15.89245],[75.17928,15.88687],[75.18022,15.88246],[75.17975,15.8797],[75.18107,15.87546],[75.18324,15.87086],[75.18756,15.86505],[75.19298,15.86202],[75.1955,15.86666],[75.20678,15.8712],[75.20901,15.87164],[75.21427,15.87032],[75.21466,15.87372],[75.22052,15.87668],[75.2268,15.87648],[75.22881,15.87509],[75.23059,15.88462],[75.24097,15.89354],[75.24519,15.89541],[75.24469,15.90075],[75.25414,15.90233],[75.25836,15.90134],[75.26947,15.89985],[75.27089,15.899],[75.28231,15.87277],[75.28229,15.86895],[75.28459,15.85629],[75.2843,15.85515],[75.28504,15.83998],[75.28742,15.83541],[75.29035,15.83138],[75.29415,15.82725],[75.30054,15.81785],[75.30286,15.8157],[75.303,15.80768],[75.304,15.80239],[75.30301,15.78578],[75.30547,15.7664],[75.31325,15.76458],[75.31757,15.76421],[75.31782,15.75511],[75.3183,15.75318],[75.31787,15.74681],[75.31377,15.73033],[75.30772,15.72959],[75.30167,15.72791],[75.29822,15.72762],[75.29286,15.72816],[75.29309,15.74135],[75.28227,15.74145],[75.27507,15.74086],[75.27309,15.72311],[75.27615,15.72345],[75.27673,15.72208],[75.27728,15.715],[75.27698,15.71477],[75.27814,15.70719],[75.27867,15.68939],[75.27755,15.68907],[75.2731,15.66884],[75.27195,15.66149],[75.27215,15.65322],[75.27288,15.6481],[75.2616,15.64818],[75.24873,15.64698],[75.2446,15.65733],[75.242,15.66543],[75.23613,15.67927],[75.2244,15.67731],[75.21812,15.67743],[75.21838,15.68101],[75.20336,15.68144],[75.20354,15.66391],[75.20232,15.64917],[75.18688,15.64929],[75.1859,15.65557],[75.18423,15.65591],[75.1835,15.65772],[75.18287,15.65803],[75.1816,15.65744],[75.18039,15.65611],[75.17799,15.65826],[75.1739,15.65986],[75.17257,15.6588],[75.17139,15.66039],[75.16848,15.65942],[75.16354,15.6595],[75.16192,15.66049],[75.15871,15.65981],[75.15763,15.66037],[75.15666,15.65939],[75.15538,15.65933],[75.15416,15.65969],[75.15415,15.66008],[75.1525,15.65993],[75.15219,15.66162],[75.15122,15.66172],[75.15049,15.66092],[75.15093,15.66006],[75.14918,15.65903],[75.14815,15.65915],[75.14716,15.66065],[75.14366,15.65943],[75.14239,15.6596],[75.14254,15.65879],[75.14156,15.65817],[75.14021,15.65836],[75.13915,15.65987],[75.13816,15.65974],[75.13594,15.66061],[75.13239,15.66039],[75.13082,15.66274],[75.12969,15.66264],[75.12971,15.66407],[75.12885,15.66493],[75.12656,15.66616],[75.12648,15.66535],[75.12313,15.66659],[75.12329,15.6685],[75.10714,15.67212],[75.10504,15.6612],[75.10081,15.66188],[75.10069,15.66224],[75.09709,15.63394],[75.09688,15.62749],[75.09219,15.60853],[75.09076,15.60934],[75.08983,15.61106],[75.08981,15.61199],[75.08652,15.61284],[75.08526,15.61465],[75.08567,15.61571],[75.08259,15.6169],[75.08042,15.6205],[75.08023,15.6224],[75.06686,15.62556],[75.06414,15.6251],[75.06449,15.62759],[75.06241,15.62931],[75.06201,15.63023],[75.06132,15.62993],[75.06111,15.63051],[75.05852,15.63063],[75.05757,15.63117],[75.05745,15.632],[75.05569,15.63269],[75.05877,15.64646],[75.06002,15.65502],[75.06211,15.66095],[75.06332,15.66924],[75.06304,15.67058],[75.06167,15.67168],[75.0616,15.67277],[75.06104,15.67273],[75.05934,15.68073],[75.05957,15.68303],[75.04983,15.68278],[75.04686,15.6704],[75.03494,15.66983],[75.02852,15.67012],[75.02845,15.66245],[75.02746,15.65201],[75.02332,15.65213],[75.02152,15.65022],[75.01942,15.64479],[75.01553,15.64515],[74.99174,15.65005],[74.99277,15.65955],[74.99265,15.67041],[74.99511,15.68296],[74.99497,15.68634],[75.00645,15.68723],[75.00639,15.68847],[75.01038,15.68873],[75.01055,15.69279],[75.01205,15.70145],[75.01244,15.70149],[75.01271,15.71162],[75.01008,15.71176],[75.00983,15.71482],[75.00642,15.7149],[75.00635,15.71664],[75.00421,15.71645],[75.0039,15.72139],[75.00311,15.72141],[75.00293,15.72363],[75.00156,15.72371],[75.0019,15.7301],[75.00137,15.73011],[75.00138,15.73105],[74.98666,15.73152],[74.97538,15.72982],[74.96927,15.72796],[74.96213,15.72651],[74.9606,15.73915],[74.95952,15.74408],[74.95974,15.74763],[74.96018,15.7484],[74.95897,15.75289],[74.95952,15.75459],[74.95882,15.76091],[74.95926,15.76138],[74.95892,15.7624],[74.95704,15.76456],[74.95721,15.76538],[74.95638,15.76829],[74.95452,15.76988],[74.95246,15.77452],[74.95239,15.77722],[74.95297,15.77788],[74.95278,15.77939],[74.95325,15.78096],[74.95198,15.78321],[74.95358,15.7834],[74.95517,15.78526],[74.95708,15.78606],[74.95782,15.78577],[74.95813,15.7872],[74.96333,15.79324],[74.96277,15.8063],[74.96293,15.80963],[74.96459,15.81861],[74.9645,15.82242],[74.96358,15.82248],[74.963,15.82613],[74.96113,15.82653],[74.96082,15.8281],[74.95798,15.82826],[74.95754,15.83],[74.95291,15.83719],[74.95051,15.84542],[74.94839,15.84558],[74.94808,15.85801],[74.95125,15.86006],[74.95148,15.8618],[74.95037,15.86353],[74.9521,15.86437],[74.95652,15.86501],[74.9666,15.86896],[74.96613,15.87361],[74.97552,15.87125],[74.98287,15.8682],[74.99791,15.86825],[74.99834,15.87155],[75.00413,15.87174],[75.01398,15.86967],[75.01704,15.86978],[75.01807,15.86886],[75.02237,15.8682],[75.0256,15.86671],[75.02855,15.86426],[75.03516,15.8646],[75.04398,15.86316],[75.04585,15.85618],[75.04484,15.85237],[75.04476,15.84928],[75.04376,15.84719],[75.03901,15.84113],[75.03897,15.83896],[75.04038,15.83635],[75.04058,15.83407],[75.04152,15.83403],[75.04197,15.83353],[75.04393,15.83369],[75.04399,15.82945],[75.04323,15.82926],[75.04304,15.82811],[75.04375,15.82769],[75.05163,15.82811],[75.05173,15.829],[75.05305,15.82928],[75.05392,15.83567],[75.05511,15.83898],[75.05639,15.84093],[75.05833,15.84173],[75.06186,15.84477],[75.06586,15.85014],[75.06404,15.85629],[75.05539,15.85773],[75.06052,15.86164],[75.06899,15.86388],[75.06904,15.86696],[75.07099,15.87564],[75.07165,15.88349],[75.07312,15.88792],[75.07489,15.89791],[75.07744,15.89674],[75.07776,15.89742],[75.07989,15.89773],[75.08155,15.89687],[75.08293,15.89981],[75.08212,15.90511],[75.08232,15.90648],[75.08479,15.90672],[75.08781,15.90614],[75.09122,15.90808],[75.09278,15.90758],[75.09529,15.90787],[75.09903,15.90867],[75.10156,15.90987],[75.10393,15.91008],[75.10701,15.90988],[75.11168,15.90838],[75.11414,15.90858],[75.11685,15.91005],[75.11779,15.90993],[75.1199,15.91065],[75.11946,15.91211],[75.12713,15.91553],[75.13194,15.9184],[75.13607,15.91803],[75.14149,15.91879],[75.14404,15.91866],[75.14448,15.92207],[75.14522,15.92344],[75.15362,15.92182],[75.15449,15.92129],[75.1551,15.92266],[75.16496,15.92409],[75.17391,15.92339]]]}},{"type":"Feature","properties":{"unitId":96,"unitName":"Ankalgi PS"},"geometry":{"type":"Polygon","coordinates":[[[74.71892,16.11288],[74.7196,16.11214],[74.72292,16.11078],[74.7237,16.10646],[74.72555,16.10142],[74.72769,16.09955],[74.73537,16.08854],[74.72469,16.0851],[74.71937,16.08257],[74.71784,16.07802],[74.71861,16.07388],[74.71948,16.07235],[74.7203,16.06711],[74.72324,16.06749],[74.72519,16.06862],[74.72545,16.06797],[74.73122,16.06916],[74.73173,16.06935],[74.73164,16.06976],[74.73483,16.07104],[74.74152,16.0726],[74.74854,16.07597],[74.75032,16.07095],[74.75523,16.06658],[74.75688,16.05922],[74.7583,16.05587],[74.75847,16.05329],[74.7624,16.05183],[74.76304,16.03572],[74.76121,16.0326],[74.76124,16.02954],[74.76211,16.02754],[74.76142,16.02538],[74.76301,16.02197],[74.76108,16.02055],[74.76,16.02039],[74.75956,16.01962],[74.75871,16.01549],[74.75856,16.01191],[74.7613,16.00298],[74.76333,16.00336],[74.76157,16.00681],[74.76242,16.0084],[74.76842,16.00922],[74.76873,16.0111],[74.77044,16.01205],[74.7713,16.0059],[74.77179,16.00581],[74.77181,16.00525],[74.77466,16.0052],[74.7757,16.00358],[74.77536,16.00289],[74.7717,16.0024],[74.76892,16.00044],[74.76197,15.99693],[74.75972,15.99683],[74.75943,15.98396],[74.75753,15.98012],[74.75645,15.98085],[74.75204,15.97749],[74.75008,15.97671],[74.74584,15.9782],[74.74179,15.97896],[74.73912,15.97857],[74.73348,15.97243],[74.73235,15.97038],[74.73078,15.96985],[74.72894,15.96817],[74.72499,15.96643],[74.7194,15.96638],[74.70785,15.96021],[74.69734,15.95527],[74.69469,15.95276],[74.69327,15.95021],[74.69725,15.9486],[74.69496,15.94498],[74.69233,15.944],[74.68709,15.94351],[74.67629,15.94731],[74.67572,15.95394],[74.67468,15.9537],[74.67445,15.95488],[74.67207,15.95511],[74.67175,15.95552],[74.67213,15.95627],[74.67342,15.95579],[74.67527,15.95585],[74.67249,15.96357],[74.67586,15.97587],[74.67606,15.98284],[74.6756,15.98927],[74.67591,15.9915],[74.67057,15.99102],[74.66939,15.99775],[74.66846,15.99746],[74.66618,15.99819],[74.66625,15.99866],[74.66507,15.99988],[74.6637,15.99899],[74.66346,16.00115],[74.66187,16.00554],[74.66186,16.01332],[74.64653,16.00955],[74.64627,16.00908],[74.64501,16.01084],[74.64443,16.01251],[74.64442,16.01461],[74.64372,16.01545],[74.64427,16.01712],[74.64403,16.01955],[74.6434,16.02052],[74.64432,16.02015],[74.64485,16.02043],[74.65011,16.02748],[74.65883,16.03015],[74.66077,16.03032],[74.66471,16.03753],[74.66397,16.04215],[74.66093,16.04589],[74.65927,16.05139],[74.65855,16.05179],[74.65889,16.05338],[74.66069,16.05458],[74.6618,16.05434],[74.663,16.0525],[74.66388,16.05331],[74.6647,16.05327],[74.66783,16.05752],[74.66623,16.06256],[74.66444,16.06592],[74.66341,16.07011],[74.66067,16.06993],[74.6605,16.07052],[74.64857,16.07114],[74.63989,16.07017],[74.62848,16.07558],[74.62157,16.07801],[74.62539,16.07974],[74.62617,16.08967],[74.6476,16.08878],[74.65093,16.08917],[74.66202,16.08881],[74.66591,16.08924],[74.67477,16.08879],[74.6737,16.0921],[74.67384,16.09321],[74.67544,16.09458],[74.67652,16.0939],[74.67825,16.09436],[74.68058,16.09338],[74.68369,16.0934],[74.68642,16.091],[74.68888,16.0921],[74.69221,16.09228],[74.69454,16.09126],[74.69666,16.09342],[74.69787,16.09642],[74.70084,16.0969],[74.70454,16.09634],[74.71005,16.09765],[74.71201,16.10057],[74.71244,16.10297],[74.7135,16.10522],[74.7143,16.10976],[74.71711,16.11267],[74.71892,16.11288]],[[74.71695,16.11211],[74.71886,16.11267],[74.71695,16.11211]]]}},{"type":"Feature","properties":{"unitId":97,"unitName":"Athani PS"},"geometry":{"type":"Polygon","coordinates":[[[74.99196,16.95234],[74.99479,16.952],[75.00039,16.95032],[74.99998,16.94943],[75.00622,16.94648],[75.02424,16.94437],[75.02617,16.94426],[75.02612,16.94473],[75.02688,16.94486],[75.02697,16.94332],[75.02512,16.93931],[75.02539,16.93589],[75.02499,16.93506],[75.02577,16.92872],[75.02686,16.92989],[75.02586,16.93126],[75.02631,16.93224],[75.02775,16.93234],[75.02912,16.93175],[75.03074,16.93289],[75.03255,16.93291],[75.03372,16.93387],[75.03511,16.93311],[75.03583,16.9332],[75.03642,16.93471],[75.03774,16.9359],[75.03999,16.93594],[75.04124,16.93804],[75.04119,16.94065],[75.04519,16.94231],[75.0487,16.94285],[75.04978,16.94196],[75.05091,16.94172],[75.05317,16.9426],[75.05762,16.94227],[75.05962,16.94263],[75.06114,16.94163],[75.06349,16.94226],[75.06691,16.94461],[75.0687,16.94514],[75.07017,16.94684],[75.07271,16.94671],[75.07309,16.94945],[75.07462,16.95048],[75.0782,16.94927],[75.08052,16.95017],[75.08272,16.95022],[75.08526,16.95205],[75.09014,16.95202],[75.09238,16.94028],[75.09234,16.92593],[75.09611,16.91394],[75.09726,16.91326],[75.10263,16.91274],[75.11753,16.91352],[75.12004,16.90238],[75.12968,16.89679],[75.13496,16.89467],[75.13354,16.89269],[75.13266,16.88997],[75.13625,16.87442],[75.14813,16.8711],[75.15554,16.86805],[75.16476,16.86703],[75.17646,16.86798],[75.18462,16.87326],[75.18651,16.8737],[75.18881,16.87499],[75.18786,16.86869],[75.18338,16.85387],[75.18145,16.84105],[75.18053,16.83963],[75.17905,16.83479],[75.17713,16.83163],[75.17555,16.83022],[75.16925,16.83102],[75.14917,16.82929],[75.14239,16.82986],[75.13991,16.83071],[75.13193,16.8298],[75.13042,16.83004],[75.12927,16.81876],[75.12738,16.81391],[75.12651,16.80938],[75.12428,16.80604],[75.12262,16.802],[75.12187,16.79375],[75.12152,16.79362],[75.12111,16.79025],[75.12149,16.7803],[75.11977,16.77544],[75.12605,16.77319],[75.12696,16.77203],[75.12914,16.77173],[75.13049,16.76674],[75.13122,16.76112],[75.13151,16.75484],[75.12921,16.74852],[75.1291,16.74062],[75.12785,16.73758],[75.12531,16.73474],[75.12452,16.73305],[75.12403,16.72798],[75.12434,16.72136],[75.12792,16.72152],[75.12848,16.72059],[75.13027,16.71946],[75.13473,16.72132],[75.13881,16.72096],[75.14455,16.71572],[75.14757,16.71435],[75.14746,16.71335],[75.14796,16.71309],[75.1481,16.71186],[75.15368,16.71043],[75.15467,16.71086],[75.15702,16.71022],[75.15664,16.70896],[75.15715,16.70766],[75.16163,16.70588],[75.16242,16.70092],[75.16473,16.69699],[75.16475,16.6955],[75.15609,16.6941],[75.14525,16.69133],[75.14727,16.68041],[75.14961,16.67509],[75.15079,16.66886],[75.15244,16.66606],[75.15366,16.66124],[75.15603,16.66131],[75.15624,16.65785],[75.15824,16.65791],[75.15858,16.6523],[75.16774,16.65141],[75.16779,16.65177],[75.16942,16.65185],[75.18328,16.65184],[75.18365,16.65097],[75.18264,16.64689],[75.18646,16.64764],[75.18795,16.64579],[75.18994,16.64895],[75.20231,16.64929],[75.22254,16.6487],[75.23502,16.64734],[75.2366,16.64171],[75.23605,16.63999],[75.237,16.63599],[75.2357,16.63329],[75.23827,16.6312],[75.23856,16.63019],[75.23711,16.62875],[75.2354,16.62801],[75.23432,16.63118],[75.23304,16.6313],[75.2327,16.63076],[75.23292,16.62855],[75.23155,16.62739],[75.22943,16.6267],[75.22511,16.62754],[75.22325,16.62612],[75.22234,16.62152],[75.22238,16.61968],[75.22287,16.61877],[75.22522,16.61819],[75.22883,16.61857],[75.2301,16.6182],[75.23183,16.61683],[75.23174,16.6145],[75.22431,16.61582],[75.21718,16.61508],[75.20154,16.60824],[75.18514,16.60427],[75.18515,16.60483],[75.18006,16.6039],[75.17598,16.60227],[75.16684,16.59603],[75.15916,16.58736],[75.15825,16.58091],[75.15809,16.57176],[75.15908,16.56649],[75.16557,16.55491],[75.16636,16.55422],[75.16647,16.55326],[75.16715,16.54495],[75.16281,16.53322],[75.15829,16.52886],[75.15544,16.52722],[75.14812,16.52489],[75.14161,16.52461],[75.13513,16.52293],[75.13223,16.52143],[75.12964,16.51782],[75.12779,16.51395],[75.1246,16.50996],[75.12011,16.50662],[75.11546,16.50515],[75.11225,16.50559],[75.10928,16.50681],[75.10691,16.50824],[75.10438,16.51085],[75.10271,16.514],[75.10127,16.52131],[75.0993,16.52723],[75.09823,16.52881],[75.09269,16.53361],[75.09052,16.5364],[75.08896,16.53939],[75.08753,16.54952],[75.08626,16.55422],[75.08177,16.56065],[75.07885,16.5632],[75.07167,16.56674],[75.06952,16.56128],[75.06757,16.55036],[75.06708,16.54369],[75.06731,16.53906],[75.06445,16.53966],[75.04741,16.53957],[75.03693,16.53921],[75.02948,16.53823],[75.01725,16.53864],[75.00731,16.5382],[75.00871,16.54285],[75.0069,16.54637],[75.00626,16.54936],[75.00525,16.55126],[74.99552,16.56442],[74.99628,16.56506],[74.99594,16.56612],[74.9954,16.56617],[74.99494,16.568],[74.99471,16.57468],[74.99058,16.57388],[74.98521,16.57471],[74.96495,16.58516],[74.96219,16.58743],[74.96221,16.59264],[74.96154,16.59742],[74.96006,16.60334],[74.95826,16.60782],[74.95261,16.60919],[74.95287,16.61273],[74.94828,16.61523],[74.9413,16.61775],[74.9408,16.61831],[74.94308,16.62191],[74.94423,16.62498],[74.94705,16.63788],[74.94934,16.64387],[74.95462,16.65222],[74.95926,16.65799],[74.96035,16.65906],[74.96388,16.66004],[74.96412,16.66567],[74.96327,16.66854],[74.96036,16.67241],[74.96035,16.67382],[74.96052,16.67561],[74.96197,16.67803],[74.96542,16.67878],[74.96692,16.70076],[74.96684,16.7067],[74.96814,16.71811],[74.96833,16.72902],[74.96625,16.73502],[74.96419,16.73739],[74.96232,16.74135],[74.96162,16.74615],[74.96077,16.74606],[74.96027,16.75082],[74.95621,16.7522],[74.95565,16.75583],[74.93917,16.75702],[74.93638,16.75675],[74.93361,16.75543],[74.92676,16.7556],[74.92725,16.75646],[74.92681,16.75904],[74.92754,16.76456],[74.9252,16.76623],[74.92409,16.7678],[74.91989,16.76853],[74.91944,16.77275],[74.9187,16.77487],[74.91655,16.77914],[74.91112,16.78747],[74.91032,16.78982],[74.90994,16.79428],[74.91033,16.80354],[74.91011,16.81567],[74.90822,16.82374],[74.90994,16.83644],[74.90731,16.85032],[74.90688,16.85027],[74.9061,16.85298],[74.90521,16.85355],[74.90373,16.85945],[74.90282,16.85905],[74.90135,16.86263],[74.90601,16.86304],[74.91064,16.8643],[74.92055,16.86347],[74.92599,16.86396],[74.92355,16.86718],[74.92526,16.86754],[74.9254,16.87222],[74.93155,16.87216],[74.93169,16.87102],[74.9352,16.87096],[74.93559,16.87893],[74.94445,16.88248],[74.94457,16.88114],[74.95004,16.88109],[74.95053,16.88068],[74.96028,16.88101],[74.96372,16.91077],[74.96242,16.91014],[74.95851,16.90532],[74.95794,16.90498],[74.95627,16.90534],[74.95453,16.90509],[74.95546,16.90944],[74.95503,16.90996],[74.95386,16.91046],[74.94885,16.91085],[74.94609,16.91001],[74.94504,16.91032],[74.94034,16.91339],[74.93904,16.91621],[74.93818,16.91704],[74.93516,16.91808],[74.93466,16.91898],[74.93389,16.91848],[74.93272,16.9186],[74.93386,16.92399],[74.92679,16.92772],[74.92141,16.92968],[74.92318,16.93956],[74.92658,16.93979],[74.92812,16.94112],[74.93063,16.94216],[74.93131,16.94483],[74.93354,16.94458],[74.93402,16.94499],[74.93383,16.94562],[74.93789,16.94427],[74.94031,16.94166],[74.94297,16.94041],[74.94567,16.94053],[74.94716,16.94011],[74.94939,16.93655],[74.9492,16.93458],[74.95773,16.92855],[74.95928,16.92779],[74.96293,16.92813],[74.9637,16.92868],[74.96402,16.92825],[74.96502,16.929],[74.96459,16.93115],[74.96215,16.93133],[74.9598,16.93371],[74.9594,16.93437],[74.95946,16.9367],[74.95888,16.9373],[74.95965,16.93684],[74.96004,16.93986],[74.96402,16.94114],[74.96704,16.94124],[74.96412,16.94754],[74.96561,16.94753],[74.96654,16.94803],[74.96807,16.95003],[74.97349,16.95103],[74.98859,16.95248],[74.99196,16.95234]]]}}]}