{"type":"FeatureCollection","features":[{"type":"Feature","properties":{"unitId":115,"unitName":"Kaggalipura PS"},"geometry":{"type":"Polygon","coordinates":[[[77.48888,12.87182],[77.49048,12.87289],[77.49319,12.87648],[77.49313,12.87825],[77.4939,12.88022],[77.49495,12.87856],[77.49658,12.88012],[77.49591,12.87631],[77.49662,12.8747],[77.49935,12.87191],[77.5105,12.86458],[77.52474,12.85874],[77.54109,12.85349],[77.55752,12.84959],[77.55829,12.8493],[77.55912,12.84706],[77.56417,12.84808],[77.57112,12.8482],[77.57644,12.84953],[77.57434,12.84256],[77.57272,12.83989],[77.57314,12.83913],[77.56568,12.83968],[77.56254,12.83909],[77.56312,12.83556],[77.55977,12.83004],[77.55811,12.82834],[77.55567,12.82245],[77.55361,12.8198],[77.56695,12.81008],[77.56525,12.80221],[77.56528,12.79955],[77.56122,12.80085],[77.5571,12.79597],[77.5563,12.79309],[77.55593,12.78979],[77.56003,12.79038],[77.56028,12.78974],[77.56217,12.78924],[77.56086,12.78792],[77.55912,12.78782],[77.5522,12.78964],[77.55332,12.79461],[77.55539,12.79957],[77.54712,12.80138],[77.54185,12.79852],[77.54199,12.79469],[77.543,12.79321],[77.54473,12.79233],[77.54699,12.78982],[77.54892,12.78528],[77.5467,12.78238],[77.5437,12.77591],[77.54694,12.77427],[77.54929,12.77425],[77.551,12.77356],[77.5515,12.77334],[77.55149,12.77248],[77.5504,12.77094],[77.54729,12.7705],[77.54604,12.76964],[77.54563,12.76718],[77.546,12.76617],[77.54553,12.76601],[77.54319,12.75896],[77.54077,12.74942],[77.54096,12.74812],[77.53468,12.75593],[77.53315,12.75435],[77.53332,12.75339],[77.53226,12.75155],[77.5315,12.75139],[77.52169,12.73169],[77.51707,12.73572],[77.51948,12.74197],[77.51271,12.74694],[77.50784,12.73765],[77.50656,12.73634],[77.50281,12.73567],[77.50265,12.73717],[77.49639,12.73992],[77.49301,12.74],[77.49266,12.74149],[77.48841,12.74223],[77.48835,12.74263],[77.48809,12.7422],[77.48643,12.74306],[77.48605,12.74293],[77.48568,12.74016],[77.48441,12.73992],[77.48453,12.73756],[77.48407,12.73619],[77.48252,12.73567],[77.48176,12.73323],[77.48031,12.73258],[77.47995,12.73139],[77.47847,12.73155],[77.47622,12.72822],[77.47382,12.72998],[77.47154,12.73258],[77.47072,12.73685],[77.47112,12.7385],[77.46955,12.74095],[77.46915,12.74285],[77.47017,12.74789],[77.46606,12.75099],[77.46143,12.75685],[77.46837,12.75932],[77.46811,12.76225],[77.46859,12.76218],[77.47039,12.7665],[77.47419,12.76474],[77.47605,12.76817],[77.47875,12.78078],[77.47688,12.78507],[77.47188,12.78858],[77.4701,12.79394],[77.47134,12.79804],[77.47388,12.79952],[77.47828,12.7988],[77.48015,12.79941],[77.48312,12.8023],[77.48142,12.80295],[77.47776,12.80644],[77.47878,12.81145],[77.47635,12.80983],[77.47629,12.81194],[77.47108,12.81153],[77.46947,12.81099],[77.46951,12.81033],[77.46676,12.8092],[77.46461,12.80945],[77.46108,12.80743],[77.45923,12.811],[77.45465,12.81665],[77.45326,12.81744],[77.45331,12.81793],[77.44915,12.81876],[77.44809,12.81548],[77.44632,12.81486],[77.44569,12.81162],[77.44612,12.80973],[77.4447,12.80959],[77.44366,12.80737],[77.44392,12.80666],[77.44022,12.80991],[77.43875,12.81036],[77.4361,12.80967],[77.43626,12.81274],[77.43419,12.81644],[77.43525,12.81974],[77.43352,12.82327],[77.43263,12.82265],[77.42973,12.82285],[77.41987,12.82624],[77.42109,12.83203],[77.42241,12.83555],[77.42995,12.83968],[77.43468,12.83873],[77.43486,12.84189],[77.43378,12.84331],[77.43438,12.84564],[77.43867,12.85133],[77.4397,12.85398],[77.44378,12.85991],[77.44883,12.873],[77.45069,12.87311],[77.45208,12.87053],[77.45324,12.86984],[77.45432,12.86979],[77.45452,12.87047],[77.45621,12.87056],[77.45704,12.86947],[77.45653,12.86837],[77.45693,12.86719],[77.45857,12.86794],[77.45981,12.86599],[77.46027,12.86597],[77.46101,12.86614],[77.46186,12.86847],[77.46406,12.87058],[77.46569,12.86921],[77.46786,12.86926],[77.47055,12.86785],[77.47282,12.87207],[77.47312,12.87474],[77.47443,12.87429],[77.47471,12.87476],[77.47572,12.8738],[77.47591,12.87332],[77.47474,12.87131],[77.47625,12.87089],[77.47646,12.87202],[77.47803,12.87118],[77.4783,12.86989],[77.4795,12.86868],[77.48059,12.86894],[77.48496,12.86841],[77.48486,12.86682],[77.48635,12.86667],[77.48599,12.86889],[77.48667,12.86931],[77.48602,12.8712],[77.48888,12.87182]]]}},{"type":"Feature","properties":{"unitId":116,"unitName":"Kumbalagudu PS"},"geometry":{"type":"Polygon","coordinates":[[[77.44994,12.95988],[77.4559,12.95854],[77.45737,12.95787],[77.45722,12.95727],[77.46124,12.95561],[77.46201,12.95054],[77.46538,12.94956],[77.47059,12.94948],[77.46931,12.93793],[77.46936,12.92296],[77.46732,12.91137],[77.47162,12.90012],[77.47317,12.89809],[77.48146,12.89098],[77.48102,12.89015],[77.48201,12.8893],[77.48297,12.8864],[77.48249,12.88575],[77.47877,12.88612],[77.4789,12.88445],[77.47516,12.88095],[77.47482,12.88005],[77.47583,12.87843],[77.47822,12.8779],[77.48169,12.878],[77.48109,12.87411],[77.48311,12.87412],[77.48461,12.8716],[77.48602,12.8712],[77.48667,12.86931],[77.48599,12.86889],[77.48635,12.86667],[77.48486,12.86682],[77.48496,12.86841],[77.48059,12.86894],[77.4795,12.86868],[77.4783,12.86989],[77.47803,12.87118],[77.47646,12.87202],[77.47625,12.87089],[77.47474,12.87131],[77.47591,12.87332],[77.47539,12.87451],[77.47471,12.87476],[77.47443,12.87429],[77.47312,12.87474],[77.47282,12.87207],[77.47055,12.86785],[77.46786,12.86926],[77.46569,12.86921],[77.46406,12.87058],[77.46186,12.86847],[77.46101,12.86614],[77.46027,12.86597],[77.45981,12.86599],[77.45857,12.86794],[77.45693,12.86719],[77.45653,12.86837],[77.45704,12.86947],[77.45621,12.87056],[77.45452,12.87047],[77.45432,12.86979],[77.45324,12.86984],[77.45208,12.87053],[77.45069,12.87311],[77.44927,12.87315],[77.44838,12.8722],[77.44378,12.85991],[77.4397,12.85398],[77.43867,12.85133],[77.43747,12.85019],[77.43313,12.85132],[77.42758,12.85117],[77.42926,12.85701],[77.4254,12.85915],[77.42222,12.8634],[77.41879,12.86979],[77.43059,12.87019],[77.43134,12.87495],[77.42827,12.87528],[77.4281,12.87564],[77.42758,12.87533],[77.43068,12.88356],[77.43484,12.89161],[77.43583,12.89244],[77.43256,12.89332],[77.43209,12.89386],[77.43084,12.9002],[77.42467,12.89694],[77.42444,12.89797],[77.42338,12.89795],[77.42242,12.89939],[77.4209,12.90042],[77.41927,12.90039],[77.41859,12.8972],[77.4163,12.8959],[77.40608,12.89822],[77.40773,12.89875],[77.40796,12.89992],[77.40907,12.90004],[77.40939,12.90213],[77.40879,12.90412],[77.40922,12.90419],[77.40959,12.90685],[77.4115,12.90686],[77.41195,12.90841],[77.40769,12.91027],[77.40806,12.91256],[77.40875,12.91297],[77.40874,12.91698],[77.40998,12.92537],[77.41599,12.92371],[77.42184,12.92316],[77.42275,12.92522],[77.42167,12.92483],[77.42053,12.9252],[77.41927,12.92714],[77.41975,12.92992],[77.42116,12.93199],[77.42113,12.93275],[77.42063,12.93299],[77.42073,12.9343],[77.41937,12.93456],[77.41904,12.93397],[77.417,12.93577],[77.41382,12.93684],[77.41443,12.9393],[77.4153,12.9391],[77.41549,12.94064],[77.41636,12.94103],[77.41827,12.94006],[77.42363,12.9412],[77.42379,12.94766],[77.43719,12.94864],[77.43845,12.94912],[77.43872,12.95673],[77.43837,12.95993],[77.44501,12.95997],[77.4474,12.96047],[77.44994,12.95988]]]}},{"type":"Feature","properties":{"unitId":117,"unitName":"Tavarekere PS"},"geometry":{"type":"MultiPolygon","coordinates":[[[[77.31785,13.02142],[77.32577,13.02193],[77.32629,13.01983],[77.3263,13.0164],[77.32674,13.0157],[77.32659,13.01155],[77.32808,13.00938],[77.32757,13.00854],[77.32172,13.0087],[77.32225,13.00532],[77.32159,13.00557],[77.32115,13.00445],[77.32223,13.0046],[77.32208,13.00378],[77.32592,12.99341],[77.32857,12.97691],[77.33113,12.97818],[77.33332,12.97855],[77.33773,12.97835],[77.33778,12.97375],[77.33899,12.97247],[77.35006,12.97441],[77.35123,12.97587],[77.35203,12.97574],[77.3538,12.97826],[77.35507,12.98552],[77.35752,12.98677],[77.3595,12.98854],[77.36154,12.98861],[77.36427,12.98762],[77.36521,12.98789],[77.36579,12.98943],[77.36736,12.99093],[77.37014,12.99133],[77.37393,12.99299],[77.37868,12.99404],[77.38151,12.99561],[77.38308,12.99557],[77.38745,12.99302],[77.38959,12.99327],[77.39067,12.99288],[77.39126,12.99312],[77.39162,12.9941],[77.39163,12.99587],[77.39239,12.99632],[77.40206,12.99627],[77.40194,12.99757],[77.40448,13.01046],[77.40624,13.01066],[77.4097,13.01026],[77.40961,13.00888],[77.41076,13.00809],[77.41088,13.00502],[77.41427,13.0035],[77.41883,13.00058],[77.4216,13.00051],[77.42112,12.99893],[77.42337,12.99625],[77.42393,12.99617],[77.42313,12.99072],[77.42346,12.98853],[77.4231,12.98688],[77.42825,12.98342],[77.43299,12.98197],[77.43945,12.98174],[77.44193,12.98104],[77.44324,12.98356],[77.44664,12.98617],[77.4478,12.98457],[77.45118,12.98283],[77.45859,12.98556],[77.46492,12.9846],[77.46667,12.98467],[77.46847,12.98669],[77.47087,12.98571],[77.47036,12.98303],[77.47096,12.97463],[77.47112,12.95757],[77.47032,12.9495],[77.46538,12.94956],[77.46201,12.95054],[77.46124,12.95561],[77.45722,12.95727],[77.45737,12.95787],[77.4559,12.95854],[77.4474,12.96047],[77.44501,12.95997],[77.43837,12.95993],[77.43872,12.95673],[77.43845,12.94912],[77.43719,12.94864],[77.42379,12.94766],[77.42363,12.9412],[77.41827,12.94006],[77.41636,12.94103],[77.41549,12.94064],[77.4153,12.9391],[77.41443,12.9393],[77.41382,12.93684],[77.417,12.93577],[77.41904,12.93397],[77.41937,12.93456],[77.42073,12.9343],[77.42063,12.93299],[77.42113,12.93275],[77.42116,12.93199],[77.41975,12.92992],[77.41927,12.92714],[77.42053,12.9252],[77.42167,12.92483],[77.42275,12.92522],[77.42184,12.92316],[77.41599,12.92371],[77.40998,12.92537],[77.40874,12.91698],[77.40875,12.91297],[77.40806,12.91256],[77.40769,12.91027],[77.41195,12.90841],[77.4115,12.90686],[77.40959,12.90685],[77.40922,12.90419],[77.40879,12.90412],[77.40939,12.90213],[77.40907,12.90004],[77.40796,12.89992],[77.40773,12.89875],[77.40608,12.89822],[77.4163,12.8959],[77.41859,12.8972],[77.41927,12.90039],[77.4209,12.90042],[77.42242,12.89939],[77.42338,12.89795],[77.42444,12.89797],[77.42467,12.89694],[77.43084,12.9002],[77.43209,12.89386],[77.43256,12.89332],[77.43583,12.89244],[77.43484,12.89161],[77.43068,12.88356],[77.42758,12.87533],[77.42685,12.87519],[77.42553,12.87378],[77.42443,12.87393],[77.42045,12.87181],[77.41517,12.87216],[77.41614,12.87572],[77.41146,12.87666],[77.40816,12.87602],[77.40509,12.87456],[77.40219,12.87145],[77.40166,12.8696],[77.40196,12.86574],[77.4003,12.86617],[77.39468,12.86999],[77.39508,12.86683],[77.39346,12.86669],[77.39252,12.86601],[77.38981,12.86043],[77.38917,12.86046],[77.3885,12.85975],[77.38792,12.85999],[77.38592,12.85885],[77.3843,12.85879],[77.3825,12.85728],[77.38009,12.85731],[77.37957,12.85663],[77.37954,12.85524],[77.37243,12.85606],[77.36969,12.85698],[77.36798,12.86208],[77.36623,12.87028],[77.35561,12.86981],[77.35209,12.87026],[77.34829,12.86988],[77.34509,12.87034],[77.34538,12.85805],[77.33379,12.85979],[77.32812,12.85969],[77.32542,12.86103],[77.32534,12.86567],[77.32619,12.86878],[77.32383,12.87126],[77.32422,12.87173],[77.32444,12.87467],[77.32579,12.87733],[77.32319,12.87951],[77.32024,12.88398],[77.31815,12.8844],[77.31513,12.88618],[77.31374,12.88755],[77.3131,12.8893],[77.31538,12.8933],[77.31554,12.89705],[77.31504,12.89881],[77.31526,12.90021],[77.31273,12.90386],[77.31457,12.90535],[77.31474,12.91059],[77.31612,12.91027],[77.31719,12.90912],[77.31807,12.90947],[77.31799,12.91119],[77.31599,12.91363],[77.31573,12.91689],[77.31301,12.92012],[77.31191,12.92304],[77.30845,12.92654],[77.30617,12.9296],[77.30382,12.93149],[77.30265,12.93385],[77.29732,12.93868],[77.29193,12.94572],[77.29027,12.94655],[77.28961,12.94923],[77.28746,12.9494],[77.27992,12.95687],[77.2809,12.95803],[77.27987,12.95942],[77.27751,12.95998],[77.2771,12.961],[77.2731,12.96355],[77.27147,12.96558],[77.27258,12.96656],[77.28213,12.96621],[77.28658,12.96802],[77.28734,12.96939],[77.28702,12.97054],[77.29048,12.97336],[77.28425,12.98046],[77.28232,12.97895],[77.28161,12.97889],[77.28196,12.97839],[77.2772,12.97798],[77.27301,12.97666],[77.26426,12.98125],[77.26556,12.98219],[77.26513,12.98361],[77.26584,12.99011],[77.26691,12.99249],[77.26825,12.99403],[77.26919,12.99798],[77.27015,13.00388],[77.27065,13.01113],[77.27232,13.0149],[77.27147,13.01753],[77.27269,13.01956],[77.27858,13.02006],[77.28005,13.01931],[77.28271,13.02054],[77.28685,13.02153],[77.2881,13.02367],[77.29275,13.02284],[77.29605,13.02406],[77.29636,13.0224],[77.29901,13.02123],[77.29947,13.02243],[77.30198,13.02427],[77.30287,13.02716],[77.30294,13.03007],[77.30496,13.03041],[77.31277,13.02507],[77.31751,13.02326],[77.31785,13.02142]]],[[[77.39977,13.02433],[77.40257,13.02364],[77.4056,13.0216],[77.40811,13.01909],[77.40628,13.01511],[77.4004,13.01791],[77.39905,13.02064],[77.39898,13.02219],[77.39977,13.02433]]]]}},{"type":"Feature","properties":{"unitId":118,"unitName":"Anekal PS"},"geometry":{"type":"MultiPolygon","coordinates":[[[[77.72055,12.78227],[77.72269,12.78173],[77.72827,12.78233],[77.73074,12.78151],[77.73503,12.7791],[77.73492,12.77175],[77.73647,12.76711],[77.73607,12.76479],[77.73466,12.76151],[77.73502,12.7607],[77.73424,12.75598],[77.7406,12.75228],[77.74024,12.75213],[77.74036,12.75045],[77.73847,12.74973],[77.73629,12.74717],[77.73562,12.74513],[77.73567,12.74453],[77.73625,12.74423],[77.73536,12.74333],[77.73441,12.73972],[77.73282,12.73797],[77.73119,12.73483],[77.73171,12.73409],[77.73239,12.7305],[77.73327,12.73026],[77.73315,12.72827],[77.73627,12.7279],[77.73686,12.72883],[77.74025,12.72955],[77.74575,12.72845],[77.7459,12.72951],[77.76097,12.72965],[77.7611,12.72726],[77.76222,12.72664],[77.77324,12.72437],[77.7736,12.72481],[77.77441,12.72451],[77.7707,12.71826],[77.76967,12.71311],[77.76884,12.71353],[77.76613,12.71295],[77.76602,12.7089],[77.7645,12.70229],[77.76504,12.70256],[77.76256,12.69693],[77.76069,12.69685],[77.75755,12.69766],[77.75413,12.69733],[77.74736,12.69955],[77.74085,12.70098],[77.73763,12.69843],[77.73637,12.6959],[77.73574,12.69325],[77.73602,12.69181],[77.73752,12.68919],[77.74099,12.68547],[77.74168,12.68217],[77.7408,12.67762],[77.74098,12.67381],[77.7387,12.67213],[77.73005,12.67289],[77.72565,12.6708],[77.72474,12.67079],[77.72342,12.67398],[77.7232,12.67896],[77.72281,12.67909],[77.72322,12.67942],[77.71991,12.68043],[77.71784,12.68166],[77.71204,12.68339],[77.71177,12.68138],[77.71221,12.67343],[77.71086,12.66639],[77.70823,12.66571],[77.70499,12.66173],[77.7027,12.66081],[77.69194,12.66051],[77.68973,12.65845],[77.68475,12.65996],[77.67886,12.66016],[77.67843,12.66053],[77.679,12.66188],[77.67629,12.66338],[77.67723,12.66756],[77.67741,12.67219],[77.67555,12.6736],[77.67705,12.67928],[77.66326,12.68327],[77.65643,12.68218],[77.64602,12.67852],[77.61885,12.67359],[77.59805,12.66808],[77.59656,12.66493],[77.59552,12.65782],[77.59403,12.66716],[77.59964,12.6783],[77.6037,12.69295],[77.6132,12.70339],[77.61462,12.71123],[77.60301,12.71535],[77.59415,12.72038],[77.59476,12.72079],[77.59519,12.72053],[77.59863,12.72278],[77.59861,12.72333],[77.60884,12.73006],[77.61329,12.73402],[77.62004,12.73485],[77.62014,12.73451],[77.62294,12.73541],[77.63061,12.73499],[77.63215,12.73546],[77.63504,12.7349],[77.63686,12.73671],[77.63937,12.7364],[77.64108,12.73791],[77.64372,12.73748],[77.64527,12.73654],[77.6481,12.73709],[77.65193,12.7394],[77.65296,12.73935],[77.65325,12.74199],[77.6584,12.74136],[77.6591,12.74295],[77.65804,12.74699],[77.65737,12.74697],[77.65731,12.74819],[77.65612,12.74948],[77.65621,12.75132],[77.65439,12.75108],[77.65365,12.75317],[77.65808,12.7534],[77.65827,12.75291],[77.66717,12.75405],[77.66762,12.7548],[77.66647,12.76876],[77.67351,12.76823],[77.67465,12.76848],[77.67494,12.7693],[77.67611,12.76922],[77.67749,12.76998],[77.67755,12.76623],[77.68517,12.76656],[77.68662,12.76613],[77.68667,12.76796],[77.6894,12.77862],[77.69278,12.77866],[77.69438,12.77813],[77.69431,12.77759],[77.69882,12.77713],[77.70076,12.77614],[77.70232,12.77436],[77.70411,12.7742],[77.70853,12.77585],[77.71222,12.7849],[77.72055,12.78227]]],[[[77.61457,12.81732],[77.61447,12.81622],[77.61457,12.81732]]]]}},{"type":"Feature","properties":{"unitId":119,"unitName":"Jigani PS"},"geometry":{"type":"MultiPolygon","coordinates":[[[[77.64715,12.83882],[77.64908,12.83923],[77.64952,12.83904],[77.64933,12.83825],[77.65094,12.83828],[77.65185,12.83735],[77.65709,12.83541],[77.66113,12.83438],[77.66182,12.8348],[77.66276,12.8287],[77.66246,12.82614],[77.66372,12.82569],[77.66369,12.82627],[77.66437,12.82622],[77.66808,12.82544],[77.66987,12.82487],[77.67009,12.82391],[77.6705,12.82386],[77.67089,12.81832],[77.67034,12.81601],[77.67642,12.81449],[77.67921,12.81173],[77.68964,12.80601],[77.68908,12.79229],[77.68559,12.79074],[77.68676,12.78692],[77.68918,12.78857],[77.68958,12.78829],[77.69186,12.78881],[77.69259,12.78847],[77.69341,12.78583],[77.69778,12.78208],[77.69759,12.78048],[77.69924,12.77979],[77.69871,12.77715],[77.69431,12.77759],[77.69438,12.77813],[77.69278,12.77866],[77.6894,12.77862],[77.68667,12.76796],[77.68662,12.76613],[77.68517,12.76656],[77.67755,12.76623],[77.67749,12.76998],[77.67611,12.76922],[77.67494,12.7693],[77.67465,12.76848],[77.67351,12.76823],[77.66647,12.76876],[77.66762,12.7548],[77.66717,12.75405],[77.65827,12.75291],[77.65808,12.7534],[77.65365,12.75317],[77.65439,12.75108],[77.65621,12.75132],[77.65612,12.74948],[77.65731,12.74819],[77.65737,12.74697],[77.65804,12.74699],[77.6591,12.74295],[77.6584,12.74136],[77.65325,12.74199],[77.65296,12.73935],[77.65193,12.7394],[77.6481,12.73709],[77.64527,12.73654],[77.64372,12.73748],[77.64108,12.73791],[77.63937,12.7364],[77.63686,12.73671],[77.63504,12.7349],[77.63215,12.73546],[77.63061,12.73499],[77.62294,12.73541],[77.62014,12.73451],[77.62004,12.73485],[77.61329,12.73402],[77.60884,12.73006],[77.59861,12.72333],[77.59863,12.72278],[77.59519,12.72053],[77.59424,12.72045],[77.57872,12.70856],[77.57578,12.70416],[77.56816,12.70128],[77.56117,12.70882],[77.5589,12.71336],[77.55924,12.72148],[77.55714,12.72752],[77.55758,12.73095],[77.56248,12.73216],[77.57093,12.73022],[77.57276,12.7325],[77.57171,12.73366],[77.56855,12.73449],[77.56812,12.73544],[77.5694,12.73825],[77.57065,12.74288],[77.57345,12.74689],[77.57517,12.74857],[77.57587,12.75083],[77.57638,12.75121],[77.5778,12.75092],[77.58044,12.75124],[77.58164,12.75176],[77.58524,12.75172],[77.59059,12.7502],[77.59401,12.75055],[77.59521,12.75159],[77.59597,12.75476],[77.59835,12.7583],[77.59786,12.75804],[77.59636,12.76403],[77.59509,12.76566],[77.59559,12.76569],[77.59512,12.76947],[77.59197,12.77604],[77.59207,12.77982],[77.58813,12.78341],[77.58116,12.78656],[77.58123,12.78693],[77.57955,12.7878],[77.57705,12.78591],[77.57118,12.77889],[77.57073,12.7771],[77.57067,12.77166],[77.57168,12.76715],[77.5706,12.76228],[77.5663,12.75927],[77.56304,12.76083],[77.55846,12.76539],[77.55851,12.76909],[77.55587,12.77734],[77.55597,12.78107],[77.55748,12.78249],[77.56083,12.78327],[77.56169,12.78433],[77.56184,12.78674],[77.56314,12.78815],[77.56172,12.78879],[77.56217,12.78924],[77.56028,12.78974],[77.56003,12.79038],[77.55593,12.78979],[77.5563,12.79309],[77.5571,12.79597],[77.56122,12.80085],[77.56528,12.79955],[77.56525,12.80221],[77.56695,12.81008],[77.55361,12.8198],[77.55567,12.82245],[77.55811,12.82834],[77.55977,12.83004],[77.56312,12.83556],[77.56254,12.83909],[77.56568,12.83968],[77.57904,12.83823],[77.58243,12.8369],[77.58708,12.83363],[77.58956,12.83545],[77.59054,12.83554],[77.59054,12.83491],[77.59283,12.83442],[77.59463,12.83308],[77.59732,12.83269],[77.6005,12.83385],[77.6035,12.832],[77.60523,12.83523],[77.61455,12.83908],[77.62012,12.83658],[77.62125,12.83473],[77.62478,12.83621],[77.63092,12.8378],[77.63097,12.83825],[77.63256,12.83834],[77.6326,12.83883],[77.63454,12.83885],[77.63518,12.83949],[77.64266,12.83992],[77.64554,12.83959],[77.64715,12.83882]],[[77.61451,12.81642],[77.6147,12.81731],[77.61451,12.81642]]],[[[77.77645,13.04585],[77.77483,13.04573],[77.77377,13.04706],[77.77665,13.04661],[77.77645,13.04585]]]]}},{"type":"Feature","properties":{"unitId":120,"unitName":"Sarjapura PS"},"geometry":{"type":"Polygon","coordinates":[[[77.77699,12.93208],[77.7783,12.93199],[77.77829,12.931],[77.78271,12.9288],[77.78253,12.92812],[77.78531,12.92716],[77.78996,12.92672],[77.7935,12.92583],[77.79837,12.92563],[77.79862,12.92358],[77.79769,12.91865],[77.80322,12.91943],[77.80853,12.9334],[77.81017,12.93422],[77.81052,12.93335],[77.81316,12.9308],[77.81374,12.92941],[77.81554,12.92799],[77.81604,12.9269],[77.81588,12.92603],[77.81634,12.92576],[77.82041,12.92506],[77.82239,12.92897],[77.82489,12.92763],[77.83188,12.92568],[77.832,12.92418],[77.83273,12.92335],[77.82968,12.9197],[77.82201,12.9217],[77.82026,12.92125],[77.81755,12.922],[77.81678,12.92172],[77.81782,12.91921],[77.81748,12.91757],[77.8165,12.916],[77.81682,12.9143],[77.81968,12.91319],[77.82099,12.91205],[77.82115,12.90854],[77.82227,12.90707],[77.82122,12.90568],[77.82167,12.90342],[77.82095,12.90247],[77.82348,12.9009],[77.82417,12.89916],[77.82532,12.89784],[77.82521,12.8962],[77.82588,12.8948],[77.82814,12.89289],[77.82879,12.89056],[77.83007,12.8895],[77.83018,12.8881],[77.83237,12.88242],[77.83128,12.87996],[77.83196,12.87423],[77.83306,12.87411],[77.83499,12.87235],[77.8368,12.87186],[77.83697,12.87039],[77.83262,12.86755],[77.83211,12.86492],[77.83315,12.86205],[77.83008,12.86211],[77.82764,12.86085],[77.8257,12.86049],[77.82292,12.85609],[77.81523,12.85594],[77.81116,12.85258],[77.80965,12.84875],[77.80797,12.84773],[77.80297,12.85064],[77.799,12.85194],[77.79686,12.84498],[77.79488,12.84551],[77.79263,12.84344],[77.79331,12.83988],[77.79551,12.83484],[77.79898,12.83375],[77.80425,12.8331],[77.81002,12.83111],[77.80953,12.82805],[77.80826,12.82534],[77.80791,12.82327],[77.80868,12.8187],[77.80971,12.81583],[77.80221,12.81718],[77.80031,12.8074],[77.79745,12.80876],[77.79429,12.80942],[77.79252,12.8108],[77.79161,12.81098],[77.79264,12.81355],[77.79339,12.81341],[77.79433,12.8189],[77.79203,12.81972],[77.79094,12.81966],[77.78716,12.812],[77.77756,12.81408],[77.7739,12.8152],[77.77402,12.8158],[77.77149,12.8163],[77.76955,12.81372],[77.76882,12.81355],[77.76798,12.81135],[77.76685,12.81065],[77.76621,12.80923],[77.76369,12.81027],[77.76134,12.81059],[77.75851,12.81276],[77.75707,12.81258],[77.7557,12.81418],[77.75607,12.81465],[77.75491,12.81497],[77.75541,12.81561],[77.75301,12.81664],[77.75276,12.81734],[77.75238,12.81745],[77.75209,12.81675],[77.7507,12.81682],[77.75025,12.81749],[77.74844,12.81826],[77.74627,12.81819],[77.7455,12.81637],[77.74211,12.81747],[77.73873,12.81787],[77.7356,12.81604],[77.73204,12.81489],[77.73152,12.8182],[77.73042,12.81927],[77.72707,12.81824],[77.72833,12.82598],[77.7263,12.82805],[77.72173,12.82767],[77.72021,12.82818],[77.72024,12.82896],[77.71812,12.82913],[77.71428,12.83055],[77.71293,12.83051],[77.71285,12.82997],[77.70533,12.83037],[77.69735,12.83752],[77.69054,12.8392],[77.68688,12.84119],[77.68726,12.84275],[77.69066,12.84729],[77.69146,12.84764],[77.6945,12.851],[77.69526,12.85299],[77.70053,12.85527],[77.70379,12.85942],[77.70463,12.86146],[77.70318,12.86185],[77.70159,12.86324],[77.69778,12.86412],[77.6925,12.86695],[77.68298,12.86922],[77.68031,12.87157],[77.67924,12.87391],[77.68017,12.87477],[77.67996,12.8752],[77.6811,12.87852],[77.68205,12.87892],[77.68006,12.87966],[77.6799,12.88051],[77.67929,12.88088],[77.67959,12.88209],[77.68472,12.88128],[77.68519,12.88477],[77.68274,12.88514],[77.68297,12.88886],[77.68132,12.88919],[77.68126,12.89223],[77.68297,12.89166],[77.6829,12.89086],[77.68458,12.88976],[77.68464,12.88775],[77.68518,12.88807],[77.6856,12.88761],[77.68578,12.88421],[77.68785,12.88332],[77.68756,12.88236],[77.69221,12.88138],[77.69244,12.882],[77.6971,12.8838],[77.70333,12.88529],[77.70791,12.88365],[77.70864,12.87731],[77.71246,12.87739],[77.71242,12.87813],[77.71589,12.87689],[77.7165,12.87847],[77.71882,12.87723],[77.72191,12.87709],[77.72453,12.8764],[77.7308,12.87371],[77.73402,12.87355],[77.73751,12.88372],[77.73983,12.89428],[77.73928,12.90148],[77.74004,12.90652],[77.74248,12.90862],[77.74235,12.90903],[77.74449,12.90901],[77.74463,12.91362],[77.74567,12.91982],[77.75351,12.91825],[77.75715,12.91805],[77.75695,12.9221],[77.75614,12.92343],[77.7566,12.92633],[77.76229,12.92838],[77.76465,12.92877],[77.76634,12.93502],[77.76551,12.93702],[77.76527,12.94231],[77.77501,12.93948],[77.77568,12.93726],[77.77802,12.93572],[77.77699,12.93208]]]}},{"type":"Feature","properties":{"unitId":121,"unitName":"Avalahally PS"},"geometry":{"type":"Polygon","coordinates":[[[77.74585,13.11048],[77.74941,13.11045],[77.74939,13.11],[77.75334,13.10928],[77.75918,13.10893],[77.7641,13.10931],[77.76659,13.10793],[77.76548,13.10497],[77.76452,13.10453],[77.76417,13.10287],[77.76494,13.10158],[77.76476,13.09841],[77.76577,13.09699],[77.76489,13.09479],[77.76692,13.08837],[77.76556,13.08148],[77.76016,13.08143],[77.76091,13.07776],[77.75895,13.07742],[77.75938,13.07574],[77.75842,13.07502],[77.75835,13.07374],[77.76026,13.07294],[77.76286,13.07079],[77.76688,13.06462],[77.76725,13.06462],[77.76795,13.06289],[77.76799,13.05697],[77.76842,13.05632],[77.76921,13.05668],[77.77006,13.05595],[77.76995,13.0549],[77.77053,13.05424],[77.77015,13.05429],[77.77053,13.0502],[77.77008,13.0484],[77.77294,13.04861],[77.77341,13.04781],[77.77601,13.04832],[77.77625,13.04764],[77.77661,13.04775],[77.77377,13.04706],[77.77466,13.04626],[77.77729,13.04115],[77.77772,13.03842],[77.76799,13.03811],[77.76304,13.03893],[77.75992,13.03869],[77.75976,13.03807],[77.75626,13.03825],[77.755,13.03782],[77.75459,13.03721],[77.75302,13.03736],[77.7523,13.03804],[77.74757,13.0381],[77.74503,13.03769],[77.74333,13.03685],[77.74146,13.03219],[77.74369,13.0312],[77.74336,13.03018],[77.74173,13.03048],[77.74141,13.02988],[77.7404,13.03005],[77.73903,13.02703],[77.74009,13.02647],[77.74044,13.02538],[77.7396,13.02351],[77.74316,13.0223],[77.74625,13.02198],[77.74662,13.01862],[77.74525,13.01538],[77.74629,13.01514],[77.74452,13.01087],[77.74193,13.0114],[77.74057,13.01078],[77.73293,13.01354],[77.73246,13.01252],[77.7316,13.01203],[77.73103,13.01223],[77.73191,13.01418],[77.73002,13.01604],[77.72616,13.01765],[77.72327,13.02003],[77.72094,13.02046],[77.72054,13.02257],[77.7208,13.02659],[77.72037,13.02638],[77.72012,13.02744],[77.71307,13.03418],[77.71087,13.03476],[77.71053,13.03725],[77.70902,13.03725],[77.70889,13.03628],[77.70609,13.03567],[77.70416,13.03471],[77.70134,13.03542],[77.6969,13.03558],[77.69323,13.03685],[77.69285,13.03735],[77.69263,13.0363],[77.69331,13.035],[77.69289,13.03231],[77.68688,13.03348],[77.6851,13.03338],[77.68399,13.0372],[77.68505,13.04511],[77.68284,13.04604],[77.68004,13.04612],[77.68007,13.04876],[77.68097,13.05179],[77.67994,13.05241],[77.67838,13.05235],[77.67943,13.05577],[77.67896,13.05782],[77.67944,13.05858],[77.67951,13.06195],[77.6787,13.0648],[77.6774,13.06505],[77.67706,13.06656],[77.67727,13.06784],[77.67879,13.06704],[77.67909,13.06892],[77.67877,13.07178],[77.67759,13.07342],[77.67843,13.07374],[77.6785,13.07446],[77.67787,13.07502],[77.67705,13.07735],[77.67845,13.07803],[77.6805,13.08148],[77.68201,13.08712],[77.67677,13.08757],[77.67777,13.09345],[77.68026,13.09581],[77.67955,13.10022],[77.70107,13.10306],[77.70186,13.10035],[77.70753,13.09809],[77.71126,13.09803],[77.71315,13.09853],[77.71547,13.09775],[77.72022,13.09998],[77.72171,13.10358],[77.72163,13.10657],[77.72265,13.11199],[77.72848,13.11309],[77.73216,13.11434],[77.73631,13.11452],[77.73719,13.11211],[77.74454,13.1113],[77.74585,13.11048]]]}},{"type":"Feature","properties":{"unitId":122,"unitName":"Rajanukunte PS"},"geometry":{"type":"Polygon","coordinates":[[[77.58613,13.19628],[77.58415,13.19402],[77.58311,13.19383],[77.58028,13.19131],[77.57706,13.18719],[77.57671,13.18605],[77.57467,13.18585],[77.57388,13.18297],[77.5764,13.17764],[77.57523,13.17356],[77.57447,13.1662],[77.57473,13.16457],[77.57683,13.16371],[77.5903,13.16264],[77.59069,13.16172],[77.59299,13.16092],[77.59271,13.15842],[77.59104,13.15465],[77.5889,13.15251],[77.58622,13.15038],[77.58296,13.1492],[77.58056,13.14917],[77.58084,13.14804],[77.57997,13.14266],[77.58238,13.1402],[77.58405,13.13499],[77.58298,13.13495],[77.58155,13.13714],[77.58126,13.13885],[77.58018,13.13855],[77.57912,13.13735],[77.57871,13.13654],[77.5792,13.13539],[77.5784,13.13475],[77.57265,13.13625],[77.57191,13.13597],[77.57107,13.13158],[77.57072,13.13165],[77.57097,13.13105],[77.5694,13.13133],[77.56925,13.13064],[77.57119,13.13018],[77.57413,13.12523],[77.56834,13.12519],[77.56775,13.12353],[77.5647,13.12366],[77.5642,13.1228],[77.56119,13.12549],[77.5548,13.12528],[77.55204,13.12471],[77.55136,13.12374],[77.54779,13.12463],[77.54659,13.11973],[77.54525,13.11896],[77.54453,13.11626],[77.54875,13.11548],[77.54831,13.11159],[77.54676,13.10618],[77.54411,13.10589],[77.53641,13.10694],[77.52844,13.10659],[77.52839,13.10979],[77.52795,13.11065],[77.5308,13.1092],[77.53412,13.10996],[77.53688,13.10963],[77.53705,13.11088],[77.53647,13.11288],[77.53438,13.11307],[77.53343,13.11236],[77.53286,13.1129],[77.5338,13.11436],[77.53444,13.11696],[77.5325,13.1179],[77.53147,13.11578],[77.53033,13.1153],[77.52817,13.11577],[77.52808,13.11621],[77.52762,13.11542],[77.52503,13.11605],[77.52459,13.11519],[77.52304,13.11727],[77.52308,13.11908],[77.52158,13.11957],[77.52142,13.12194],[77.51793,13.12155],[77.51335,13.12189],[77.51277,13.12012],[77.51372,13.11965],[77.51374,13.11888],[77.51062,13.11968],[77.51024,13.1191],[77.50357,13.12366],[77.50376,13.12474],[77.50237,13.13091],[77.50102,13.13191],[77.50195,13.13365],[77.50253,13.13393],[77.50675,13.13217],[77.50688,13.13381],[77.50493,13.13729],[77.50508,13.14044],[77.50661,13.14167],[77.50915,13.14135],[77.51167,13.14209],[77.51202,13.14145],[77.51361,13.14159],[77.51363,13.14225],[77.51475,13.14343],[77.51324,13.14415],[77.51372,13.1466],[77.5148,13.14665],[77.51584,13.14961],[77.51418,13.1501],[77.51428,13.1526],[77.51558,13.15297],[77.51709,13.15251],[77.51599,13.15441],[77.51645,13.15585],[77.51621,13.15728],[77.51454,13.15723],[77.51326,13.1566],[77.51078,13.15701],[77.51109,13.15964],[77.51,13.16236],[77.51026,13.16362],[77.50526,13.16439],[77.50528,13.16546],[77.50314,13.16589],[77.50374,13.16699],[77.50907,13.16663],[77.50959,13.17179],[77.51119,13.17678],[77.50394,13.17851],[77.50507,13.18341],[77.50724,13.18503],[77.50742,13.18886],[77.50556,13.18988],[77.50427,13.19256],[77.50207,13.1935],[77.5019,13.19281],[77.50012,13.19326],[77.49917,13.19244],[77.49869,13.19045],[77.4949,13.18691],[77.4924,13.18143],[77.49136,13.18097],[77.4897,13.17913],[77.4895,13.17734],[77.48652,13.1785],[77.48453,13.17506],[77.48428,13.17324],[77.47679,13.17954],[77.47558,13.18113],[77.47365,13.18223],[77.47502,13.1833],[77.47602,13.18567],[77.47726,13.19283],[77.47819,13.19551],[77.47852,13.20053],[77.4781,13.20421],[77.47881,13.20702],[77.47358,13.20703],[77.47371,13.21154],[77.47434,13.21515],[77.4792,13.2242],[77.48319,13.2229],[77.49019,13.22407],[77.49957,13.22702],[77.50117,13.22647],[77.50105,13.22594],[77.50164,13.22562],[77.5029,13.22564],[77.50689,13.22381],[77.50801,13.227],[77.51209,13.22598],[77.51148,13.22283],[77.51694,13.2215],[77.51847,13.22058],[77.51815,13.21837],[77.5193,13.2164],[77.51813,13.21428],[77.51994,13.21457],[77.52004,13.21414],[77.51918,13.21174],[77.51863,13.2118],[77.51812,13.20942],[77.51916,13.20922],[77.51953,13.21113],[77.52136,13.21085],[77.5216,13.21034],[77.52079,13.20946],[77.52168,13.20887],[77.5205,13.20716],[77.52128,13.20687],[77.52197,13.20817],[77.52223,13.21364],[77.52281,13.21368],[77.52393,13.21594],[77.52432,13.21588],[77.52539,13.21718],[77.52498,13.21775],[77.52525,13.21886],[77.52637,13.2203],[77.52649,13.22164],[77.52736,13.22153],[77.52738,13.22106],[77.53723,13.21904],[77.53869,13.22564],[77.54001,13.22527],[77.54064,13.22601],[77.54167,13.22626],[77.54295,13.22983],[77.5432,13.23301],[77.54934,13.23152],[77.55171,13.23467],[77.55307,13.23347],[77.5595,13.23192],[77.55762,13.22609],[77.55747,13.2234],[77.55851,13.22355],[77.55856,13.22141],[77.55813,13.22142],[77.55744,13.2197],[77.56437,13.21665],[77.56944,13.21587],[77.57022,13.2099],[77.57147,13.20732],[77.56968,13.20753],[77.56785,13.20365],[77.56748,13.20155],[77.57175,13.20004],[77.57405,13.19864],[77.58613,13.19628]]]}},{"type":"Feature","properties":{"unitId":123,"unitName":"Attibele PS"},"geometry":{"type":"Polygon","coordinates":[[[77.80031,12.8074],[77.80003,12.80544],[77.80399,12.8048],[77.80401,12.80302],[77.8045,12.80303],[77.80534,12.80031],[77.80718,12.79987],[77.80764,12.79845],[77.80909,12.79715],[77.80829,12.79532],[77.80664,12.79428],[77.80668,12.79381],[77.80582,12.79455],[77.80439,12.79415],[77.8028,12.79608],[77.80147,12.79635],[77.80043,12.7945],[77.79964,12.79587],[77.79788,12.79356],[77.7967,12.79363],[77.79605,12.79221],[77.7947,12.79175],[77.79453,12.79059],[77.79116,12.78404],[77.78919,12.78173],[77.78833,12.77975],[77.78523,12.77735],[77.78401,12.77439],[77.78235,12.77329],[77.77894,12.76786],[77.78009,12.76776],[77.7811,12.76581],[77.78277,12.76505],[77.78295,12.76412],[77.78538,12.76206],[77.79516,12.75919],[77.79245,12.74796],[77.79075,12.74726],[77.78385,12.7416],[77.78355,12.74202],[77.78047,12.74215],[77.77687,12.74051],[77.76959,12.74027],[77.76484,12.73788],[77.76301,12.73647],[77.76097,12.72965],[77.7459,12.72951],[77.74575,12.72845],[77.74025,12.72955],[77.73686,12.72883],[77.73627,12.7279],[77.73315,12.72827],[77.73327,12.73026],[77.73239,12.7305],[77.73171,12.73409],[77.73119,12.73483],[77.73282,12.73797],[77.73441,12.73972],[77.73536,12.74333],[77.73625,12.74423],[77.73567,12.74453],[77.73562,12.74513],[77.73629,12.74717],[77.73847,12.74973],[77.74036,12.75045],[77.74024,12.75213],[77.7406,12.75228],[77.73424,12.75598],[77.73502,12.7607],[77.73466,12.76151],[77.73607,12.76479],[77.73647,12.76711],[77.73492,12.77175],[77.73503,12.7791],[77.73074,12.78151],[77.72827,12.78233],[77.72269,12.78173],[77.71222,12.7849],[77.70853,12.77585],[77.7045,12.77428],[77.70232,12.77436],[77.70076,12.77614],[77.69871,12.77715],[77.69924,12.77979],[77.69759,12.78048],[77.69778,12.78208],[77.69341,12.78583],[77.69259,12.78847],[77.69186,12.78881],[77.68958,12.78829],[77.68918,12.78857],[77.68676,12.78692],[77.68559,12.79074],[77.68908,12.79229],[77.68964,12.80601],[77.67921,12.81173],[77.67642,12.81449],[77.67034,12.81601],[77.67089,12.81832],[77.6705,12.82386],[77.67009,12.82391],[77.66987,12.82487],[77.66808,12.82544],[77.66437,12.82622],[77.66369,12.82627],[77.66372,12.82569],[77.66246,12.82614],[77.66276,12.8287],[77.66182,12.8348],[77.66489,12.83661],[77.66762,12.83313],[77.66931,12.83299],[77.67042,12.83753],[77.67166,12.83711],[77.67211,12.84022],[77.67403,12.84228],[77.67524,12.84238],[77.67841,12.83801],[77.67922,12.8361],[77.68081,12.83697],[77.68306,12.83676],[77.68726,12.84275],[77.68688,12.84119],[77.69054,12.8392],[77.69735,12.83752],[77.70533,12.83037],[77.71285,12.82997],[77.71293,12.83051],[77.71428,12.83055],[77.71812,12.82913],[77.72024,12.82896],[77.72021,12.82818],[77.72173,12.82767],[77.7263,12.82805],[77.72833,12.82598],[77.72707,12.81824],[77.73042,12.81927],[77.73152,12.8182],[77.73204,12.81489],[77.7356,12.81604],[77.73873,12.81787],[77.74211,12.81747],[77.7455,12.81637],[77.74627,12.81819],[77.74844,12.81826],[77.75025,12.81749],[77.7507,12.81682],[77.75209,12.81675],[77.75238,12.81745],[77.75276,12.81734],[77.75301,12.81664],[77.75541,12.81561],[77.75491,12.81497],[77.75607,12.81465],[77.7557,12.81418],[77.75707,12.81258],[77.75851,12.81276],[77.76134,12.81059],[77.76369,12.81027],[77.76621,12.80923],[77.76685,12.81065],[77.76798,12.81135],[77.76882,12.81355],[77.76955,12.81372],[77.77149,12.8163],[77.77402,12.8158],[77.7739,12.8152],[77.77756,12.81408],[77.78716,12.812],[77.79094,12.81966],[77.79203,12.81972],[77.79433,12.8189],[77.79339,12.81341],[77.79264,12.81355],[77.79161,12.81098],[77.79252,12.8108],[77.79429,12.80942],[77.79745,12.80876],[77.80031,12.8074]]]}},{"type":"Feature","properties":{"unitId":124,"unitName":"Madhanayakanahally PS"},"geometry":{"type":"Polygon","coordinates":[[[77.49047,13.04526],[77.48615,13.04663],[77.4852,13.04442],[77.48386,13.04381],[77.48312,13.04397],[77.48283,13.04314],[77.48111,13.04348],[77.48166,13.04118],[77.48257,13.04058],[77.48005,13.03791],[77.4799,13.03572],[77.47884,13.03507],[77.47694,13.03154],[77.47961,13.02927],[77.47844,13.02436],[77.47844,13.02216],[77.47896,13.02202],[77.47837,13.01907],[77.47698,13.01632],[77.47574,13.01616],[77.4742,13.00671],[77.4735,12.99724],[77.47087,12.98571],[77.46847,12.98669],[77.46667,12.98467],[77.46492,12.9846],[77.45859,12.98556],[77.45118,12.98283],[77.4478,12.98457],[77.44664,12.98617],[77.44324,12.98356],[77.44193,12.98104],[77.43945,12.98174],[77.43299,12.98197],[77.42825,12.98342],[77.4231,12.98688],[77.42346,12.98853],[77.42313,12.99072],[77.42393,12.99617],[77.42337,12.99625],[77.42112,12.99893],[77.4216,13.00051],[77.41883,13.00058],[77.41427,13.0035],[77.41088,13.00502],[77.41076,13.00809],[77.40961,13.00888],[77.4097,13.01026],[77.40767,13.01073],[77.40448,13.01046],[77.40194,12.99757],[77.40206,12.99627],[77.39239,12.99632],[77.39163,12.99587],[77.39162,12.9941],[77.39126,12.99312],[77.39067,12.99288],[77.38959,12.99327],[77.38745,12.99302],[77.38537,12.99395],[77.3846,12.99485],[77.38226,12.99571],[77.37868,12.99404],[77.37195,12.99213],[77.37227,12.99462],[77.3713,12.99565],[77.3704,12.9997],[77.37243,13.00422],[77.37305,13.00422],[77.37206,13.00544],[77.37141,13.00542],[77.37063,13.00616],[77.36995,13.0086],[77.37095,13.01379],[77.37082,13.01624],[77.37701,13.01661],[77.37679,13.01792],[77.37772,13.02391],[77.3768,13.02596],[77.37692,13.02985],[77.37736,13.03003],[77.3786,13.02723],[77.38402,13.02753],[77.38797,13.02598],[77.39093,13.02585],[77.3906,13.02757],[77.3921,13.0347],[77.39237,13.03786],[77.39198,13.03964],[77.3934,13.05091],[77.39388,13.05104],[77.39386,13.05329],[77.39226,13.05428],[77.39182,13.05533],[77.38693,13.05496],[77.38225,13.05578],[77.38219,13.05892],[77.3841,13.06677],[77.38512,13.06743],[77.38816,13.06765],[77.38984,13.06938],[77.39406,13.06922],[77.39524,13.06978],[77.39691,13.06983],[77.39729,13.07162],[77.40379,13.07108],[77.41225,13.07248],[77.41479,13.07235],[77.41672,13.06899],[77.4208,13.06761],[77.42463,13.06768],[77.42521,13.06932],[77.42721,13.07665],[77.43001,13.08368],[77.42596,13.08511],[77.42465,13.08504],[77.42302,13.08374],[77.42148,13.08432],[77.42082,13.085],[77.42188,13.08901],[77.41902,13.08975],[77.41683,13.09093],[77.41885,13.09432],[77.41908,13.09559],[77.41947,13.09553],[77.42011,13.09673],[77.4163,13.09813],[77.41791,13.10279],[77.41243,13.10397],[77.40116,13.10946],[77.40068,13.11034],[77.40188,13.114],[77.40139,13.11506],[77.39741,13.11613],[77.3983,13.12045],[77.3981,13.12156],[77.39964,13.12753],[77.40389,13.12788],[77.40416,13.12472],[77.40335,13.12096],[77.4061,13.12114],[77.40909,13.12263],[77.40927,13.1234],[77.4128,13.12639],[77.41376,13.12955],[77.41828,13.13714],[77.42062,13.14272],[77.42968,13.15882],[77.4308,13.15967],[77.43247,13.16486],[77.43337,13.16579],[77.44296,13.16687],[77.44825,13.16568],[77.45017,13.16453],[77.45357,13.16346],[77.45463,13.16364],[77.45873,13.16221],[77.4579,13.16024],[77.45621,13.16092],[77.45581,13.15962],[77.45532,13.15734],[77.45553,13.15518],[77.45688,13.1539],[77.45622,13.15183],[77.45299,13.15003],[77.45059,13.14653],[77.45196,13.14198],[77.45242,13.14113],[77.45477,13.14034],[77.45468,13.1388],[77.45685,13.13944],[77.45859,13.14185],[77.465,13.14092],[77.46459,13.13877],[77.46337,13.13619],[77.46222,13.13531],[77.46294,13.13368],[77.46458,13.13312],[77.46471,13.13199],[77.46609,13.1317],[77.46787,13.13058],[77.46929,13.12879],[77.46958,13.12714],[77.46754,13.12652],[77.46708,13.12494],[77.46507,13.12429],[77.46441,13.12293],[77.4655,13.12188],[77.46533,13.12079],[77.46773,13.11821],[77.47102,13.11646],[77.47402,13.11559],[77.47496,13.11606],[77.47522,13.11891],[77.47727,13.11925],[77.47669,13.11763],[77.47668,13.11644],[77.47707,13.11633],[77.47648,13.11429],[77.47937,13.1132],[77.47847,13.10885],[77.47708,13.10815],[77.4767,13.10643],[77.47518,13.1059],[77.47422,13.10445],[77.47327,13.10428],[77.47232,13.10292],[77.47196,13.10007],[77.47244,13.09995],[77.47215,13.09804],[77.47275,13.09401],[77.47016,13.09253],[77.47004,13.08921],[77.46876,13.08882],[77.46844,13.0881],[77.46958,13.0867],[77.4719,13.08571],[77.47917,13.08382],[77.48417,13.08349],[77.48876,13.08418],[77.48903,13.08153],[77.49142,13.08147],[77.49238,13.07966],[77.49191,13.07936],[77.49257,13.0788],[77.49215,13.07738],[77.48888,13.07788],[77.48828,13.07578],[77.49272,13.07618],[77.4956,13.07569],[77.49851,13.07418],[77.49899,13.07233],[77.49968,13.07186],[77.49311,13.07209],[77.49259,13.0655],[77.49306,13.06212],[77.49272,13.06213],[77.491,13.05697],[77.49234,13.05462],[77.49247,13.05157],[77.49188,13.04782],[77.49099,13.04507],[77.49047,13.04526]],[[77.40251,13.0169],[77.40628,13.01511],[77.40811,13.01909],[77.4056,13.0216],[77.40204,13.02397],[77.39965,13.02433],[77.39898,13.02219],[77.39908,13.02054],[77.4004,13.01791],[77.40251,13.0169]]]}},{"type":"Feature","properties":{"unitId":125,"unitName":"Cubbon Park PS"},"geometry":{"type":"Polygon","coordinates":[[[77.61437,12.97524],[77.6139,12.97386],[77.60799,12.97532],[77.60686,12.97194],[77.6039,12.97051],[77.59987,12.96773],[77.59684,12.96489],[77.59587,12.96525],[77.59519,12.9665],[77.59392,12.97187],[77.58862,12.9679],[77.58873,12.97126],[77.58808,12.97124],[77.58786,12.97322],[77.58829,12.97398],[77.5882,12.97538],[77.59032,12.97502],[77.59027,12.97613],[77.5913,12.97719],[77.59229,12.97677],[77.59482,12.9793],[77.59713,12.98064],[77.61437,12.97524]]]}},{"type":"Feature","properties":{"unitId":126,"unitName":"Viveknagar PS"},"geometry":{"type":"Polygon","coordinates":[[[77.63974,12.95153],[77.64746,12.94497],[77.64733,12.94428],[77.64782,12.9438],[77.65906,12.93719],[77.65296,12.93366],[77.64684,12.93265],[77.64555,12.93044],[77.64451,12.93021],[77.64314,12.929],[77.64084,12.9291],[77.63843,12.9302],[77.63694,12.92857],[77.63598,12.92875],[77.62997,12.93474],[77.62838,12.93883],[77.62689,12.94138],[77.62613,12.94176],[77.62596,12.94448],[77.62407,12.94582],[77.62378,12.94727],[77.62142,12.9495],[77.62206,12.95064],[77.62181,12.95119],[77.61878,12.95208],[77.61786,12.95288],[77.61782,12.9536],[77.61427,12.95505],[77.61489,12.96242],[77.61403,12.96643],[77.61771,12.96532],[77.61933,12.96543],[77.62072,12.96673],[77.62218,12.96715],[77.62487,12.9661],[77.62646,12.9633],[77.62847,12.96222],[77.63233,12.96107],[77.63444,12.96162],[77.63654,12.95555],[77.63974,12.95153]]]}},{"type":"Feature","properties":{"unitId":127,"unitName":"Halasurgate PS"},"geometry":{"type":"Polygon","coordinates":[[[77.58459,12.97794],[77.5882,12.97538],[77.58829,12.97398],[77.58786,12.97322],[77.58808,12.97124],[77.58873,12.97126],[77.58856,12.96745],[77.58937,12.96619],[77.589,12.96552],[77.58813,12.96453],[77.58653,12.96581],[77.5841,12.9652],[77.584,12.96478],[77.58239,12.96471],[77.57993,12.96496],[77.57779,12.9658],[77.58007,12.96944],[77.57969,12.96963],[77.5812,12.9732],[77.58459,12.97794]]]}},{"type":"Feature","properties":{"unitId":128,"unitName":"Sampangiramanagar PS"},"geometry":{"type":"Polygon","coordinates":[[[77.59684,12.96489],[77.59626,12.96361],[77.59452,12.96202],[77.59307,12.95814],[77.58709,12.95962],[77.58955,12.96252],[77.58954,12.96316],[77.58813,12.96453],[77.58937,12.96619],[77.58862,12.9679],[77.59369,12.97192],[77.59407,12.97177],[77.59554,12.96573],[77.59684,12.96489]]]}},{"type":"Feature","properties":{"unitId":129,"unitName":"Wilsongarden PS"},"geometry":{"type":"Polygon","coordinates":[[[77.59214,12.95843],[77.5995,12.95712],[77.59936,12.95643],[77.60017,12.95617],[77.59925,12.95464],[77.60073,12.95417],[77.60056,12.9536],[77.60294,12.95254],[77.60291,12.95175],[77.60366,12.95146],[77.60257,12.94837],[77.60026,12.94884],[77.59933,12.94619],[77.59861,12.94646],[77.59712,12.94418],[77.59686,12.94503],[77.59457,12.94687],[77.59208,12.95082],[77.58716,12.95274],[77.58544,12.95416],[77.58631,12.95808],[77.58709,12.95962],[77.59214,12.95843]]]}},{"type":"Feature","properties":{"unitId":130,"unitName":"High Grounds PS"},"geometry":{"type":"Polygon","coordinates":[[[77.59714,12.98439],[77.59292,12.98953],[77.58851,12.98447],[77.58781,12.9842],[77.58433,12.97812],[77.58066,12.98038],[77.57467,12.98077],[77.57484,12.98431],[77.57697,12.98648],[77.5826,12.99522],[77.58472,12.99592],[77.5843,12.99794],[77.5866,12.99763],[77.58975,12.99546],[77.59462,12.99548],[77.59603,12.99474],[77.59599,12.99409],[77.60002,12.99224],[77.59714,12.98439]]]}},{"type":"Feature","properties":{"unitId":131,"unitName":"Sadashivanagar PS"},"geometry":{"type":"Polygon","coordinates":[[[77.59056,13.00986],[77.59311,13.00581],[77.59551,12.99804],[77.59604,12.99491],[77.59417,12.99558],[77.58975,12.99546],[77.5866,12.99763],[77.58444,12.99794],[77.58421,13.00351],[77.57621,13.00783],[77.57279,13.00785],[77.56921,13.01192],[77.56062,13.01708],[77.56321,13.02158],[77.56185,13.0274],[77.56253,13.02962],[77.56353,13.02998],[77.56455,13.03563],[77.56453,13.03627],[77.56366,13.03634],[77.56361,13.03763],[77.56335,13.03728],[77.56165,13.03752],[77.56093,13.03977],[77.56211,13.04198],[77.56948,13.03288],[77.57127,13.02853],[77.58005,13.02652],[77.58471,13.02279],[77.58397,13.01952],[77.5842,13.01443],[77.58675,13.01422],[77.58788,13.01362],[77.59056,13.00986]]]}},{"type":"Feature","properties":{"unitId":132,"unitName":"Seshadripuram PS"},"geometry":{"type":"Polygon","coordinates":[[[77.5768,12.9942],[77.57711,12.99366],[77.58198,12.99863],[77.58303,12.99776],[77.58432,12.99779],[77.58472,12.99592],[77.5826,12.99522],[77.57697,12.98648],[77.57484,12.98431],[77.57466,12.98064],[77.57119,12.98022],[77.57012,12.98148],[77.57156,12.98359],[77.57219,12.98563],[77.5714,12.99345],[77.57394,12.99396],[77.57313,12.99888],[77.57437,12.99889],[77.5768,12.9942]]]}},{"type":"Feature","properties":{"unitId":133,"unitName":"Vyalikaval PS"},"geometry":{"type":"Polygon","coordinates":[[[77.58444,12.99794],[77.58303,12.99776],[77.58198,12.99863],[77.57711,12.99366],[77.57437,12.99889],[77.5723,12.99928],[77.57216,13.00637],[77.57165,13.00641],[77.57161,13.00844],[77.57369,13.00767],[77.57621,13.00783],[77.58421,13.00351],[77.58444,12.99794]]]}},{"type":"Feature","properties":{"unitId":134,"unitName":"Banaswadi PS"},"geometry":{"type":"Polygon","coordinates":[[[77.64822,13.00506],[77.64426,13.00545],[77.6368,13.0043],[77.63646,13.00394],[77.63864,13.0027],[77.64271,12.99582],[77.64067,12.99573],[77.64047,12.99495],[77.63794,12.99519],[77.63796,12.99382],[77.63747,12.99367],[77.63739,12.99301],[77.63189,12.99405],[77.63203,12.995],[77.63261,12.9952],[77.63326,12.99818],[77.63259,12.99833],[77.63267,12.99873],[77.63202,12.99835],[77.62873,12.99915],[77.6299,13.00125],[77.62947,13.00352],[77.63015,13.00533],[77.62188,13.00872],[77.62082,13.00996],[77.6207,13.01149],[77.62272,13.0161],[77.62698,13.01448],[77.62877,13.01523],[77.62982,13.01801],[77.62988,13.02203],[77.63093,13.02311],[77.63262,13.02782],[77.63965,13.02588],[77.65563,13.01906],[77.65418,13.01492],[77.65444,13.01311],[77.65135,13.01235],[77.64973,13.01321],[77.64643,13.01133],[77.648,13.00905],[77.64795,13.00819],[77.64925,13.00595],[77.64894,13.00507],[77.64822,13.00506]]]}},{"type":"Feature","properties":{"unitId":135,"unitName":"Devarajeevanahalli PS"},"geometry":{"type":"Polygon","coordinates":[[[77.61298,13.01747],[77.61352,13.01086],[77.61244,13.00631],[77.6121,13.00184],[77.61043,13.00262],[77.60738,13.00313],[77.60792,13.00425],[77.60705,13.00468],[77.60736,13.00527],[77.60662,13.00566],[77.60713,13.00759],[77.60531,13.00955],[77.60397,13.00963],[77.60409,13.0105],[77.6024,13.01089],[77.60283,13.01271],[77.60199,13.01285],[77.60208,13.01453],[77.60163,13.01475],[77.602,13.01609],[77.60124,13.01638],[77.60194,13.01758],[77.60339,13.01709],[77.60468,13.01746],[77.60505,13.01926],[77.60407,13.02013],[77.60479,13.02146],[77.60334,13.02172],[77.60807,13.03007],[77.60865,13.0323],[77.60648,13.03279],[77.6063,13.03401],[77.60765,13.04076],[77.60991,13.03903],[77.61123,13.03472],[77.61616,13.028],[77.61347,13.02564],[77.6126,13.02362],[77.61298,13.01747]]]}},{"type":"Feature","properties":{"unitId":136,"unitName":"Hennur PS"},"geometry":{"type":"Polygon","coordinates":[[[77.66532,13.04748],[77.66564,13.04777],[77.66585,13.04368],[77.66507,13.04027],[77.66547,13.03825],[77.66485,13.03339],[77.66404,13.03131],[77.66421,13.02899],[77.66147,13.02729],[77.65862,13.02381],[77.6576,13.0216],[77.65563,13.01906],[77.64012,13.02571],[77.63582,13.02663],[77.63209,13.0281],[77.62759,13.03677],[77.62436,13.04008],[77.62579,13.04343],[77.62746,13.04538],[77.63102,13.0514],[77.63213,13.0552],[77.63297,13.05624],[77.63296,13.06007],[77.63811,13.05958],[77.63762,13.05659],[77.6383,13.05607],[77.63829,13.05517],[77.64511,13.05527],[77.64604,13.05243],[77.64734,13.05243],[77.64802,13.05092],[77.64664,13.04921],[77.64744,13.04806],[77.64998,13.04773],[77.65287,13.04656],[77.66392,13.04737],[77.66433,13.04666],[77.66464,13.04736],[77.66532,13.04748]]]}},{"type":"Feature","properties":{"unitId":137,"unitName":"Kadugondana Halli PS"},"geometry":{"type":"Polygon","coordinates":[[[77.61948,13.02646],[77.62002,13.02625],[77.62024,13.02703],[77.63054,13.02553],[77.63104,13.02657],[77.63251,13.02767],[77.63093,13.02311],[77.62988,13.02203],[77.63005,13.01987],[77.62956,13.01699],[77.62861,13.01506],[77.62698,13.01448],[77.62272,13.0161],[77.62064,13.01099],[77.62093,13.00971],[77.62263,13.00837],[77.6203,13.00562],[77.61564,13.00807],[77.61551,13.00698],[77.61388,13.0044],[77.61232,13.00463],[77.61352,13.01086],[77.6126,13.02362],[77.61347,13.02564],[77.61612,13.02784],[77.61576,13.0288],[77.61725,13.02744],[77.61948,13.02646]]]}},{"type":"Feature","properties":{"unitId":138,"unitName":"Ramamurthy Nagar PS"},"geometry":{"type":"Polygon","coordinates":[[[77.67803,13.05234],[77.67994,13.05241],[77.68097,13.05179],[77.68007,13.04876],[77.68011,13.04597],[77.68284,13.04604],[77.68505,13.04511],[77.68399,13.0372],[77.6851,13.03338],[77.68493,13.02913],[77.68532,13.02857],[77.68428,13.02063],[77.67834,13.02131],[77.67861,13.01169],[77.68067,13.01105],[77.68067,13.01019],[77.67957,13.00942],[77.6776,13.00903],[77.6765,13.00738],[77.67482,13.00648],[77.67519,13.00524],[77.67708,13.00498],[77.6768,13.00251],[77.67708,13.00069],[77.67751,13.0007],[77.66422,12.99439],[77.65958,13.00193],[77.65662,13.0038],[77.64894,13.00507],[77.64917,13.00622],[77.64795,13.00819],[77.648,13.00905],[77.64643,13.01133],[77.64973,13.01321],[77.65135,13.01235],[77.65444,13.01311],[77.65418,13.01492],[77.65563,13.01906],[77.6576,13.0216],[77.65862,13.02381],[77.66147,13.02729],[77.66421,13.02899],[77.66404,13.03131],[77.66485,13.03339],[77.66547,13.03825],[77.66507,13.04027],[77.66585,13.04368],[77.66559,13.04789],[77.66621,13.04883],[77.66772,13.0488],[77.67054,13.04967],[77.67178,13.05117],[77.67378,13.05079],[77.67565,13.05255],[77.67803,13.05234]]]}},{"type":"Feature","properties":{"unitId":139,"unitName":"Byappanahalli PS"},"geometry":{"type":"Polygon","coordinates":[[[77.64776,13.00512],[77.65423,13.00448],[77.65766,13.00325],[77.65958,13.00193],[77.66087,13.00032],[77.665,12.99315],[77.66691,12.99105],[77.68719,12.97943],[77.684,12.97657],[77.68189,12.97756],[77.67935,12.97791],[77.6793,12.97616],[77.67813,12.97267],[77.67029,12.97477],[77.66712,12.97126],[77.66538,12.97179],[77.66301,12.9715],[77.66163,12.97195],[77.66155,12.97157],[77.65887,12.97102],[77.65678,12.97444],[77.65085,12.98112],[77.64842,12.98519],[77.64805,12.98677],[77.64238,12.98472],[77.64333,12.9916],[77.63734,12.99268],[77.63747,12.99367],[77.63789,12.99364],[77.63806,12.9942],[77.63794,12.99519],[77.64047,12.99495],[77.64067,12.99573],[77.64271,12.99582],[77.63864,13.0027],[77.6365,13.00409],[77.64222,13.0053],[77.64776,13.00512]]]}},{"type":"Feature","properties":{"unitId":140,"unitName":"Halasur PS"},"geometry":{"type":"Polygon","coordinates":[[[77.63064,12.98971],[77.63254,12.98219],[77.6301,12.98026],[77.62849,12.97813],[77.63175,12.97636],[77.63273,12.97504],[77.63518,12.96621],[77.63921,12.96175],[77.6417,12.96174],[77.64126,12.9543],[77.63974,12.95153],[77.63654,12.95555],[77.63444,12.96162],[77.63233,12.96107],[77.62847,12.96222],[77.62646,12.9633],[77.62487,12.9661],[77.62218,12.96715],[77.62072,12.96673],[77.61933,12.96543],[77.61771,12.96532],[77.61403,12.96643],[77.61444,12.96845],[77.61206,12.96964],[77.61295,12.97409],[77.6139,12.97386],[77.61543,12.9787],[77.61412,12.9796],[77.61454,12.98086],[77.61559,12.98104],[77.61598,12.98275],[77.61765,12.98397],[77.62035,12.9874],[77.63064,12.98971]]]}},{"type":"Feature","properties":{"unitId":141,"unitName":"Indiranagar PS"},"geometry":{"type":"Polygon","coordinates":[[[77.63739,12.99301],[77.63734,12.99268],[77.64333,12.9916],[77.64238,12.98472],[77.64793,12.98685],[77.64842,12.98519],[77.65085,12.98112],[77.65458,12.97711],[77.65215,12.97612],[77.65082,12.97621],[77.65029,12.97711],[77.64937,12.97433],[77.64818,12.97498],[77.64685,12.97492],[77.64744,12.97045],[77.64123,12.97022],[77.6417,12.96174],[77.6411,12.96145],[77.63921,12.96175],[77.63518,12.96621],[77.63273,12.97504],[77.63175,12.97636],[77.62849,12.97813],[77.6301,12.98026],[77.63254,12.98219],[77.63064,12.98971],[77.63353,12.99038],[77.63428,12.99359],[77.63739,12.99301]]]}},{"type":"Feature","properties":{"unitId":142,"unitName":"Jeevan Bheemanagar PS"},"geometry":{"type":"Polygon","coordinates":[[[77.65887,12.97102],[77.66638,12.96012],[77.66649,12.95813],[77.66358,12.95889],[77.66303,12.95683],[77.66331,12.95523],[77.66237,12.95424],[77.66099,12.95433],[77.66098,12.95287],[77.65252,12.95252],[77.6523,12.95184],[77.64954,12.94948],[77.64905,12.9479],[77.64948,12.94733],[77.65465,12.9477],[77.65577,12.94736],[77.65704,12.94604],[77.6609,12.94462],[77.66133,12.94366],[77.66058,12.94216],[77.66111,12.94139],[77.66192,12.94133],[77.66268,12.93748],[77.65905,12.93735],[77.64916,12.94293],[77.64733,12.94428],[77.64746,12.94497],[77.63974,12.95153],[77.6411,12.95392],[77.64137,12.95533],[77.6417,12.9619],[77.64123,12.97022],[77.64744,12.97045],[77.64685,12.97492],[77.64818,12.97498],[77.64937,12.97433],[77.65029,12.97711],[77.65082,12.97621],[77.65215,12.97612],[77.65458,12.97711],[77.65887,12.97102]]]}},{"type":"Feature","properties":{"unitId":143,"unitName":"Bharathi Nagar PS"},"geometry":{"type":"Polygon","coordinates":[[[77.60713,12.99638],[77.61805,12.98975],[77.61729,12.98861],[77.61844,12.9878],[77.62035,12.9874],[77.61719,12.98349],[77.61575,12.98255],[77.61285,12.98285],[77.61224,12.98437],[77.61068,12.98455],[77.60994,12.98556],[77.60714,12.98682],[77.6071,12.99029],[77.60384,12.99004],[77.60411,12.99216],[77.602,12.99185],[77.60002,12.99224],[77.59585,12.99418],[77.596,12.99515],[77.59716,12.99481],[77.60063,12.99579],[77.60555,12.99435],[77.60713,12.99638]]]}},{"type":"Feature","properties":{"unitId":144,"unitName":"Commercial Street PS"},"geometry":{"type":"Polygon","coordinates":[[[77.61251,12.98379],[77.61285,12.98285],[77.61592,12.98265],[77.61559,12.98104],[77.61454,12.98086],[77.61412,12.9796],[77.61544,12.9788],[77.61437,12.97524],[77.59753,12.98074],[77.597,12.98057],[77.59699,12.98117],[77.59614,12.9815],[77.59698,12.98193],[77.59724,12.98459],[77.59805,12.984],[77.60178,12.98467],[77.60666,12.98377],[77.60714,12.98682],[77.60994,12.98556],[77.61068,12.98455],[77.61224,12.98437],[77.61251,12.98379]]]}},{"type":"Feature","properties":{"unitId":145,"unitName":"Pulakeshinagar PS"},"geometry":{"type":"Polygon","coordinates":[[[77.62856,13.00604],[77.63015,13.00533],[77.62947,13.00352],[77.6299,13.00125],[77.62873,12.99915],[77.63202,12.99835],[77.63267,12.99873],[77.63259,12.99833],[77.63326,12.99818],[77.63261,12.9952],[77.63203,12.995],[77.63189,12.99405],[77.63428,12.99359],[77.63353,12.99038],[77.62255,12.98769],[77.61922,12.9874],[77.61729,12.98861],[77.61805,12.98975],[77.60699,12.99647],[77.60884,12.99954],[77.61068,13.00127],[77.6121,13.00184],[77.61232,13.00463],[77.61388,13.0044],[77.61551,13.00698],[77.61564,13.00807],[77.6203,13.00562],[77.62263,13.00837],[77.62856,13.00604]]]}},{"type":"Feature","properties":{"unitId":146,"unitName":"Shivajinagar PS"},"geometry":{"type":"Polygon","coordinates":[[[77.60714,12.98682],[77.60666,12.98377],[77.60178,12.98467],[77.59805,12.984],[77.59724,12.98459],[77.60005,12.99234],[77.602,12.99185],[77.60411,12.99216],[77.60384,12.99004],[77.6071,12.99029],[77.60714,12.98682]]]}},{"type":"Feature","properties":{"unitId":147,"unitName":"Malleshwarm PS"},"geometry":{"type":"Polygon","coordinates":[[[77.5719,13.00849],[77.57158,13.00683],[77.57216,13.00637],[77.5723,12.99928],[77.57312,12.99927],[77.57394,12.99396],[77.5714,12.99345],[77.572,12.98895],[77.57035,12.98977],[77.56917,12.99254],[77.56235,13.00264],[77.55931,13.01078],[77.56155,13.01161],[77.56182,13.01114],[77.56535,13.01248],[77.56477,13.01358],[77.56581,13.01408],[77.5696,13.0116],[77.5719,13.00849]]]}},{"type":"Feature","properties":{"unitId":148,"unitName":"Srirampura PS"},"geometry":{"type":"Polygon","coordinates":[[[77.56143,12.98322],[77.56079,12.98669],[77.56185,12.9872],[77.56102,12.98977],[77.56163,12.99022],[77.56013,12.99268],[77.56038,12.99458],[77.55915,12.99499],[77.55935,12.9958],[77.56051,12.99717],[77.56188,12.99663],[77.56625,12.99638],[77.56917,12.99254],[77.57035,12.98977],[77.572,12.98895],[77.57219,12.98563],[77.57176,12.98403],[77.57012,12.98148],[77.56815,12.98244],[77.56632,12.98181],[77.56435,12.9819],[77.56157,12.98255],[77.56143,12.98322]]]}},{"type":"Feature","properties":{"unitId":149,"unitName":"Subramanya Nagar PS"},"geometry":{"type":"Polygon","coordinates":[[[77.55586,13.01581],[77.55872,13.01238],[77.56166,13.00389],[77.56657,12.99621],[77.56188,12.99663],[77.55594,12.99863],[77.55013,12.99774],[77.54865,13.00608],[77.54877,13.00868],[77.54947,13.0104],[77.55268,13.01234],[77.5516,13.01324],[77.55143,13.01517],[77.55029,13.01592],[77.55154,13.01851],[77.55332,13.01781],[77.55371,13.0154],[77.55586,13.01581]]]}},{"type":"Feature","properties":{"unitId":150,"unitName":"Rajaji Nagar PS"},"geometry":{"type":"Polygon","coordinates":[[[77.56013,12.99268],[77.56163,12.99022],[77.56102,12.98977],[77.56185,12.9872],[77.56079,12.98669],[77.56157,12.98255],[77.56002,12.98336],[77.55802,12.98357],[77.55637,12.98509],[77.5542,12.98422],[77.5491,12.98494],[77.55097,12.99139],[77.55105,12.99409],[77.55026,12.99775],[77.55594,12.99863],[77.56051,12.99717],[77.55915,12.99499],[77.56038,12.99458],[77.56013,12.99268]]]}},{"type":"Feature","properties":{"unitId":151,"unitName":"Rajgopal Nagar PS"},"geometry":{"type":"Polygon","coordinates":[[[77.52059,13.02635],[77.52165,13.0238],[77.52356,13.02265],[77.52066,13.02],[77.5201,13.0187],[77.52069,13.01412],[77.52211,13.01159],[77.52119,13.00272],[77.52439,12.99994],[77.52329,12.99793],[77.51989,12.99686],[77.51899,12.99755],[77.51772,12.9976],[77.51758,12.99869],[77.51402,12.99913],[77.51384,12.99731],[77.51083,12.99781],[77.51062,12.99731],[77.50487,12.99893],[77.50497,12.99947],[77.50209,13.00037],[77.50145,13.00033],[77.50053,12.9983],[77.49992,12.99842],[77.49979,12.998],[77.4976,12.99864],[77.49791,12.99921],[77.4954,13.00014],[77.49515,13.00078],[77.49356,13.00099],[77.49391,13.00186],[77.49429,13.00175],[77.4953,13.00451],[77.49757,13.00386],[77.4984,13.00905],[77.49922,13.00857],[77.49991,13.00928],[77.4984,13.00959],[77.49826,13.01077],[77.49788,13.01075],[77.49785,13.01162],[77.49988,13.01194],[77.49976,13.01353],[77.49912,13.01394],[77.49771,13.0174],[77.4986,13.01672],[77.49895,13.01746],[77.49681,13.01928],[77.49694,13.02109],[77.50577,13.01635],[77.51122,13.02484],[77.51981,13.02835],[77.52059,13.02635]]]}},{"type":"Feature","properties":{"unitId":152,"unitName":"Mahalakshmi Layout PS"},"geometry":{"type":"Polygon","coordinates":[[[77.52464,12.99972],[77.52679,13.00429],[77.52696,13.00662],[77.52946,13.00408],[77.52991,13.00575],[77.53137,13.00549],[77.53277,13.00614],[77.53461,13.00776],[77.53553,13.00943],[77.54309,13.00833],[77.54413,13.01408],[77.54311,13.01766],[77.54459,13.01902],[77.54563,13.01664],[77.54871,13.01796],[77.55035,13.01582],[77.55143,13.01517],[77.5516,13.01324],[77.55268,13.01234],[77.54947,13.0104],[77.54859,13.00709],[77.55013,12.99774],[77.54568,12.99753],[77.54315,12.99838],[77.54121,12.99946],[77.54067,13.00245],[77.52583,12.99868],[77.52464,12.99972]]]}},{"type":"Feature","properties":{"unitId":153,"unitName":"Nandini Layout PS"},"geometry":{"type":"Polygon","coordinates":[[[77.54329,13.01771],[77.54413,13.01408],[77.54309,13.00833],[77.53553,13.00943],[77.53461,13.00776],[77.53277,13.00614],[77.53137,13.00549],[77.52991,13.00575],[77.52946,13.00408],[77.52696,13.00662],[77.52679,13.00429],[77.52464,12.99972],[77.52119,13.00272],[77.52211,13.01159],[77.52069,13.01412],[77.5201,13.0187],[77.52066,13.02],[77.52356,13.02265],[77.52846,13.021],[77.52953,13.021],[77.53205,13.02214],[77.53514,13.02171],[77.53982,13.01907],[77.54344,13.02094],[77.54376,13.0207],[77.54329,13.01771]]]}},{"type":"Feature","properties":{"unitId":154,"unitName":"Yeshwanthapura PS"},"geometry":{"type":"Polygon","coordinates":[[[77.56096,13.04],[77.56165,13.03752],[77.56335,13.03728],[77.56361,13.03763],[77.56366,13.03634],[77.56453,13.03627],[77.56455,13.03563],[77.56353,13.02998],[77.56253,13.02962],[77.56185,13.0274],[77.56321,13.02158],[77.56062,13.01708],[77.56581,13.01408],[77.56477,13.01358],[77.56535,13.01248],[77.56182,13.01114],[77.56155,13.01161],[77.55945,13.01083],[77.5582,13.01317],[77.55516,13.01693],[77.55392,13.01923],[77.5542,13.01978],[77.55128,13.02517],[77.55106,13.02993],[77.55044,13.02897],[77.54918,13.02921],[77.54463,13.03768],[77.54431,13.03917],[77.54503,13.04046],[77.54605,13.04091],[77.55422,13.0385],[77.5587,13.03858],[77.56096,13.04]]]}},{"type":"Feature","properties":{"unitId":155,"unitName":"Yeshwanthpura RMC Yard PS"},"geometry":{"type":"Polygon","coordinates":[[[77.53898,13.03369],[77.54075,13.0325],[77.54195,13.03831],[77.54295,13.03929],[77.54462,13.0377],[77.54918,13.02921],[77.55044,13.02897],[77.55106,13.02993],[77.55128,13.02517],[77.55586,13.01581],[77.55371,13.0154],[77.55332,13.01781],[77.55154,13.01851],[77.55029,13.01592],[77.54871,13.01796],[77.54563,13.01664],[77.54459,13.01902],[77.54329,13.01771],[77.54376,13.0207],[77.54344,13.02094],[77.53982,13.01907],[77.53514,13.02171],[77.53205,13.02214],[77.52924,13.02095],[77.52744,13.02131],[77.5281,13.02271],[77.5273,13.02309],[77.52707,13.02513],[77.52307,13.02714],[77.52582,13.03184],[77.52715,13.0317],[77.5299,13.0349],[77.52901,13.03517],[77.53109,13.03968],[77.53898,13.03369]]]}},{"type":"Feature","properties":{"unitId":156,"unitName":"Peenya PS"},"geometry":{"type":"Polygon","coordinates":[[[77.50879,13.04508],[77.51662,13.04185],[77.51852,13.04018],[77.52219,13.0459],[77.53109,13.03968],[77.52901,13.03517],[77.5299,13.0349],[77.52715,13.0317],[77.52582,13.03184],[77.52307,13.02714],[77.52707,13.02513],[77.5273,13.02309],[77.5281,13.02271],[77.52744,13.02131],[77.52183,13.02362],[77.51981,13.02835],[77.51122,13.02484],[77.50577,13.01635],[77.49694,13.02109],[77.49681,13.01928],[77.49861,13.01813],[77.49907,13.01709],[77.4986,13.01672],[77.49758,13.01771],[77.49593,13.01805],[77.4949,13.02023],[77.49399,13.02033],[77.49374,13.02092],[77.49217,13.02074],[77.49209,13.02114],[77.48971,13.01986],[77.48578,13.02026],[77.48568,13.01906],[77.48501,13.01851],[77.48239,13.01897],[77.47746,13.01727],[77.47837,13.01907],[77.47896,13.02202],[77.47844,13.02216],[77.47844,13.02436],[77.47961,13.02927],[77.47694,13.03154],[77.47884,13.03507],[77.4799,13.03572],[77.48005,13.03791],[77.48257,13.04058],[77.48166,13.04118],[77.48111,13.04348],[77.48283,13.04314],[77.48312,13.04397],[77.48386,13.04381],[77.4852,13.04442],[77.48615,13.04663],[77.49099,13.04507],[77.49234,13.0508],[77.50879,13.04508]]]}},{"type":"Feature","properties":{"unitId":157,"unitName":"Bagalgunte PS"},"geometry":{"type":"Polygon","coordinates":[[[77.49968,13.07186],[77.50643,13.0618],[77.51037,13.0635],[77.5111,13.06787],[77.51179,13.06819],[77.51177,13.06927],[77.51572,13.06757],[77.5172,13.06958],[77.51791,13.06923],[77.51859,13.06837],[77.51835,13.06768],[77.52028,13.0658],[77.51984,13.06484],[77.52038,13.05919],[77.51926,13.05692],[77.52043,13.0552],[77.51865,13.04839],[77.5222,13.04591],[77.51852,13.04018],[77.51512,13.04254],[77.49227,13.05076],[77.49234,13.05462],[77.491,13.05697],[77.49272,13.06213],[77.49306,13.06212],[77.49259,13.0655],[77.49311,13.07209],[77.49968,13.07186]]]}},{"type":"Feature","properties":{"unitId":158,"unitName":"Gangammagudi PS"},"geometry":{"type":"Polygon","coordinates":[[[77.55143,13.05779],[77.55082,13.05333],[77.54679,13.05673],[77.54471,13.05495],[77.53916,13.05432],[77.53484,13.05488],[77.53128,13.05443],[77.53069,13.05337],[77.53142,13.05177],[77.5308,13.0514],[77.5298,13.04745],[77.53116,13.04423],[77.52696,13.04499],[77.52527,13.04378],[77.51865,13.04839],[77.52043,13.0552],[77.51926,13.05692],[77.52038,13.05919],[77.51984,13.06484],[77.52028,13.0658],[77.51835,13.06768],[77.51859,13.06837],[77.51791,13.06923],[77.5172,13.06958],[77.51903,13.07368],[77.51742,13.07435],[77.51695,13.07547],[77.51712,13.07602],[77.51817,13.07575],[77.51832,13.07634],[77.5205,13.0759],[77.52086,13.0775],[77.52156,13.0776],[77.52088,13.07915],[77.52128,13.08041],[77.52322,13.08092],[77.52357,13.08356],[77.52462,13.08367],[77.52609,13.08731],[77.52675,13.08725],[77.5274,13.09001],[77.52927,13.08952],[77.53001,13.09187],[77.53209,13.09157],[77.53402,13.09216],[77.53459,13.09156],[77.53891,13.0907],[77.5386,13.08875],[77.538,13.08885],[77.53673,13.08648],[77.53677,13.08391],[77.53476,13.08412],[77.53084,13.08281],[77.53024,13.08211],[77.5303,13.0786],[77.53152,13.07561],[77.53125,13.07392],[77.53171,13.07266],[77.53318,13.07304],[77.53321,13.07203],[77.53602,13.07117],[77.53716,13.07314],[77.54138,13.07304],[77.54273,13.07879],[77.54098,13.07949],[77.54167,13.08071],[77.54246,13.08046],[77.5452,13.08241],[77.54608,13.0815],[77.54807,13.08151],[77.54744,13.07848],[77.55137,13.07731],[77.55339,13.07594],[77.55148,13.07156],[77.55514,13.06991],[77.55317,13.06665],[77.55185,13.06684],[77.55111,13.06483],[77.54929,13.0626],[77.55113,13.06214],[77.55143,13.05779]]]}},{"type":"Feature","properties":{"unitId":159,"unitName":"Jalahalli PS"},"geometry":{"type":"Polygon","coordinates":[[[77.56851,13.05339],[77.56106,13.0401],[77.56017,13.03924],[77.55788,13.03848],[77.55312,13.0386],[77.54675,13.04091],[77.54563,13.04081],[77.5444,13.03957],[77.54462,13.0377],[77.54295,13.03929],[77.54195,13.03831],[77.54075,13.0325],[77.52527,13.04378],[77.52696,13.04499],[77.53116,13.04423],[77.5298,13.04745],[77.5308,13.0514],[77.53142,13.05177],[77.53069,13.05337],[77.53176,13.05467],[77.53484,13.05488],[77.53916,13.05432],[77.54471,13.05495],[77.54679,13.05673],[77.55082,13.05333],[77.55137,13.05779],[77.55561,13.05793],[77.55722,13.05861],[77.56176,13.05915],[77.56346,13.05869],[77.56851,13.05339]]]}},{"type":"Feature","properties":{"unitId":160,"unitName":"J.C. NagarPS"},"geometry":{"type":"Polygon","coordinates":[[[77.60509,13.00958],[77.60713,13.00759],[77.60662,13.00566],[77.60736,13.00527],[77.60705,13.00468],[77.60792,13.00425],[77.60738,13.00313],[77.61043,13.00262],[77.61201,13.00186],[77.61068,13.00127],[77.60884,12.99954],[77.60555,12.99435],[77.60063,12.99579],[77.59716,12.99481],[77.596,12.99515],[77.59311,13.00581],[77.59056,13.00986],[77.59327,13.01169],[77.59555,13.0119],[77.60088,13.02222],[77.60479,13.02146],[77.60407,13.02013],[77.60505,13.01926],[77.60468,13.01746],[77.60339,13.01709],[77.60194,13.01758],[77.60124,13.01638],[77.602,13.01609],[77.60163,13.01475],[77.60208,13.01453],[77.60199,13.01285],[77.60283,13.01271],[77.6024,13.01089],[77.60409,13.0105],[77.60397,13.00963],[77.60509,13.00958]]]}},{"type":"Feature","properties":{"unitId":161,"unitName":"R.T. Nagar PS"},"geometry":{"type":"Polygon","coordinates":[[[77.60685,13.02776],[77.60326,13.02159],[77.60088,13.02222],[77.59555,13.0119],[77.59327,13.01169],[77.59056,13.00986],[77.58788,13.01362],[77.58675,13.01422],[77.5842,13.01443],[77.58401,13.01994],[77.58631,13.02856],[77.58665,13.02808],[77.58835,13.02819],[77.59041,13.02922],[77.59329,13.02942],[77.5939,13.02989],[77.59399,13.03149],[77.59999,13.03323],[77.60029,13.0311],[77.59941,13.02885],[77.59967,13.02797],[77.60611,13.02727],[77.60685,13.02776]]]}},{"type":"Feature","properties":{"unitId":162,"unitName":"Hebbal PS"},"geometry":{"type":"Polygon","coordinates":[[[77.60765,13.04076],[77.6063,13.03401],[77.60648,13.03279],[77.60865,13.0323],[77.60807,13.03007],[77.60685,13.02776],[77.60611,13.02727],[77.59967,13.02797],[77.59939,13.0287],[77.60029,13.0311],[77.60018,13.03322],[77.59879,13.03319],[77.59399,13.03149],[77.5939,13.02989],[77.59329,13.02942],[77.59041,13.02922],[77.58835,13.02819],[77.58665,13.02808],[77.58631,13.02856],[77.58932,13.03619],[77.59007,13.04159],[77.59267,13.04106],[77.60765,13.04076]]]}},{"type":"Feature","properties":{"unitId":163,"unitName":"Chikkajala PS"},"geometry":{"type":"Polygon","coordinates":[[[77.63542,13.1364],[77.63292,13.13099],[77.63075,13.13152],[77.63166,13.13657],[77.62669,13.13789],[77.62298,13.13781],[77.62234,13.1358],[77.61752,13.13686],[77.6175,13.13799],[77.61646,13.13903],[77.61355,13.14101],[77.60957,13.14465],[77.60943,13.14614],[77.60887,13.14605],[77.60771,13.14252],[77.60597,13.14284],[77.60437,13.14145],[77.60198,13.14174],[77.60091,13.14039],[77.59683,13.14054],[77.59658,13.1366],[77.59591,13.13853],[77.59424,13.14048],[77.58899,13.13635],[77.58784,13.13498],[77.58727,13.13333],[77.58575,13.1333],[77.58589,13.13277],[77.58519,13.13282],[77.58409,13.13452],[77.58238,13.1402],[77.57997,13.14266],[77.58084,13.14804],[77.58056,13.14917],[77.58296,13.1492],[77.58622,13.15038],[77.5889,13.15251],[77.59104,13.15465],[77.59271,13.15842],[77.59299,13.16092],[77.59069,13.16172],[77.5903,13.16264],[77.57683,13.16371],[77.57473,13.16457],[77.57447,13.1662],[77.57523,13.17356],[77.5764,13.17764],[77.57388,13.18297],[77.57467,13.18585],[77.57671,13.18605],[77.57706,13.18719],[77.58028,13.19131],[77.58636,13.19613],[77.59045,13.19499],[77.59204,13.19609],[77.59438,13.19493],[77.5995,13.19421],[77.60372,13.20259],[77.61273,13.20233],[77.61629,13.20339],[77.61395,13.20558],[77.62258,13.20677],[77.62498,13.21078],[77.62567,13.21426],[77.62745,13.21327],[77.62851,13.21528],[77.62823,13.21631],[77.62885,13.21631],[77.62938,13.21529],[77.63121,13.21494],[77.632,13.21587],[77.63262,13.2153],[77.63112,13.20926],[77.63244,13.20499],[77.63783,13.20487],[77.63879,13.21076],[77.64017,13.21069],[77.64257,13.21186],[77.64454,13.2119],[77.64285,13.21328],[77.63874,13.21439],[77.63971,13.2181],[77.64016,13.21814],[77.63992,13.21752],[77.6403,13.21743],[77.64038,13.21796],[77.64337,13.21806],[77.64341,13.21548],[77.64417,13.21559],[77.64414,13.21728],[77.6473,13.21801],[77.64922,13.21908],[77.65164,13.21925],[77.65144,13.21598],[77.65184,13.21492],[77.65292,13.21432],[77.6539,13.21288],[77.6554,13.20447],[77.65764,13.19947],[77.65678,13.19904],[77.65226,13.1913],[77.65048,13.19028],[77.66132,13.1845],[77.66415,13.18587],[77.66652,13.18524],[77.66676,13.18573],[77.6712,13.18573],[77.67124,13.19175],[77.67396,13.19033],[77.67538,13.19053],[77.67512,13.18838],[77.67649,13.18274],[77.676,13.17846],[77.67521,13.17563],[77.67255,13.17531],[77.67179,13.17313],[77.6719,13.17093],[77.66971,13.17071],[77.66836,13.17143],[77.66733,13.1713],[77.66684,13.17185],[77.6669,13.17123],[77.66614,13.17099],[77.66513,13.16715],[77.66479,13.15586],[77.65737,13.15208],[77.65284,13.15362],[77.64618,13.15503],[77.64259,13.15672],[77.64233,13.15252],[77.6412,13.14993],[77.63769,13.14737],[77.637,13.14313],[77.6371,13.14062],[77.6363,13.13776],[77.63542,13.1364]]]}},{"type":"Feature","properties":{"unitId":164,"unitName":"Amruthahally PS"},"geometry":{"type":"Polygon","coordinates":[[[77.61046,13.07899],[77.60971,13.07909],[77.61133,13.07771],[77.61089,13.07652],[77.61224,13.07594],[77.61252,13.0696],[77.61316,13.06966],[77.61329,13.06768],[77.61944,13.06828],[77.61934,13.06623],[77.62057,13.06537],[77.6203,13.0608],[77.61949,13.06056],[77.61819,13.05705],[77.61889,13.0568],[77.61966,13.05555],[77.61879,13.05426],[77.61638,13.0545],[77.61598,13.05266],[77.61601,13.05163],[77.61783,13.05143],[77.61838,13.04975],[77.61825,13.048],[77.61444,13.04847],[77.61234,13.04799],[77.61182,13.04666],[77.61259,13.04434],[77.61373,13.04276],[77.61368,13.04198],[77.61195,13.04243],[77.61149,13.04033],[77.61028,13.03821],[77.60944,13.03965],[77.60737,13.04085],[77.59267,13.04106],[77.59002,13.04161],[77.59124,13.04417],[77.59384,13.05273],[77.59286,13.07383],[77.59366,13.08267],[77.59472,13.08279],[77.59476,13.08174],[77.60174,13.08127],[77.60286,13.08584],[77.61046,13.07899]]]}},{"type":"Feature","properties":{"unitId":165,"unitName":"Kothanur PS"},"geometry":{"type":"Polygon","coordinates":[[[77.67533,13.10022],[77.67955,13.10022],[77.68021,13.09624],[77.68027,13.0957],[77.67777,13.09345],[77.67677,13.08757],[77.68201,13.08712],[77.6805,13.08148],[77.67845,13.07803],[77.67705,13.07735],[77.67787,13.07502],[77.6785,13.07446],[77.67843,13.07374],[77.67759,13.07342],[77.67877,13.07178],[77.67909,13.06892],[77.67879,13.06704],[77.67727,13.06784],[77.67706,13.06656],[77.6774,13.06505],[77.6787,13.0648],[77.67951,13.06195],[77.67944,13.05858],[77.67896,13.05782],[77.67943,13.05577],[77.67838,13.05235],[77.67565,13.05255],[77.67378,13.05079],[77.67178,13.05117],[77.67054,13.04967],[77.66772,13.0488],[77.66621,13.04883],[77.66433,13.04666],[77.66392,13.04737],[77.65287,13.04656],[77.64998,13.04773],[77.64744,13.04806],[77.64664,13.04921],[77.64802,13.05092],[77.64734,13.05243],[77.64604,13.05243],[77.64511,13.05527],[77.63829,13.05517],[77.6383,13.05607],[77.63762,13.05659],[77.63811,13.05958],[77.63296,13.06007],[77.63363,13.06315],[77.63385,13.07844],[77.63604,13.09385],[77.63529,13.10054],[77.63933,13.09991],[77.63927,13.09938],[77.64108,13.09895],[77.64013,13.0961],[77.64455,13.09441],[77.64452,13.0935],[77.64541,13.09249],[77.6501,13.09019],[77.64903,13.08797],[77.64641,13.08828],[77.64619,13.08632],[77.64976,13.08072],[77.65341,13.08136],[77.65431,13.08409],[77.65575,13.08437],[77.65586,13.08601],[77.65464,13.0862],[77.65499,13.08846],[77.65713,13.08878],[77.66116,13.088],[77.66311,13.08912],[77.66386,13.09161],[77.66356,13.09404],[77.66411,13.09581],[77.66716,13.09582],[77.6698,13.09707],[77.67322,13.0998],[77.67362,13.10083],[77.67533,13.10022]]]}},{"type":"Feature","properties":{"unitId":166,"unitName":"Sampigehalli PS"},"geometry":{"type":"Polygon","coordinates":[[[77.6349,13.10185],[77.6358,13.09846],[77.63604,13.09385],[77.63385,13.07844],[77.63363,13.06315],[77.6329,13.05957],[77.63291,13.05607],[77.63213,13.0552],[77.63085,13.051],[77.62746,13.04538],[77.62579,13.04343],[77.6243,13.03994],[77.6226,13.04107],[77.6171,13.04083],[77.61484,13.04142],[77.61368,13.04198],[77.61373,13.04276],[77.61259,13.04434],[77.61182,13.04685],[77.61234,13.04799],[77.61444,13.04847],[77.61825,13.048],[77.61838,13.04975],[77.61783,13.05143],[77.61601,13.05163],[77.61598,13.05266],[77.61638,13.0545],[77.61879,13.05426],[77.61966,13.05555],[77.61889,13.0568],[77.61819,13.05705],[77.61949,13.06056],[77.6203,13.0608],[77.62057,13.06537],[77.61934,13.06623],[77.61944,13.06828],[77.61329,13.06768],[77.61316,13.06966],[77.61252,13.0696],[77.61224,13.07594],[77.61089,13.07652],[77.61133,13.07771],[77.60971,13.07909],[77.6112,13.07927],[77.61196,13.08197],[77.61396,13.08116],[77.61446,13.08016],[77.61493,13.08037],[77.61397,13.08188],[77.61249,13.08761],[77.60995,13.09063],[77.60782,13.09476],[77.60732,13.09735],[77.61717,13.0978],[77.61691,13.10168],[77.61633,13.10353],[77.61683,13.10426],[77.6349,13.10185]]]}},{"type":"Feature","properties":{"unitId":167,"unitName":"Kodigehalli PS"},"geometry":{"type":"Polygon","coordinates":[[[77.58492,13.07297],[77.58867,13.07263],[77.59289,13.07357],[77.59384,13.05273],[77.59124,13.04417],[77.59002,13.04161],[77.5843,13.04307],[77.57973,13.04671],[77.57854,13.04718],[77.56789,13.04654],[77.56415,13.04559],[77.57047,13.05688],[77.56818,13.05998],[77.56849,13.06298],[77.5662,13.06385],[77.56635,13.06452],[77.56571,13.06454],[77.56369,13.06857],[77.56216,13.06885],[77.56223,13.06915],[77.56513,13.07026],[77.5675,13.07495],[77.57184,13.07387],[77.57181,13.07232],[77.5755,13.07187],[77.58117,13.07004],[77.58244,13.073],[77.58492,13.07297]]]}},{"type":"Feature","properties":{"unitId":168,"unitName":"Yelahanka New Town PS"},"geometry":{"type":"Polygon","coordinates":[[[77.58155,13.13714],[77.58298,13.13495],[77.58405,13.13499],[77.58478,13.13326],[77.5856,13.13269],[77.58575,13.1333],[77.58727,13.13333],[77.58784,13.13498],[77.58899,13.13635],[77.58788,13.12682],[77.58572,13.12751],[77.5856,13.12599],[77.5871,13.11405],[77.59354,13.10003],[77.59116,13.0931],[77.58941,13.09237],[77.58422,13.09231],[77.58314,13.09015],[77.58158,13.0906],[77.58126,13.08998],[77.57765,13.091],[77.5777,13.09146],[77.57595,13.09203],[77.57606,13.09303],[77.57164,13.0941],[77.57002,13.09227],[77.5694,13.09372],[77.56987,13.09791],[77.56302,13.09753],[77.56137,13.09392],[77.5567,13.09019],[77.5557,13.08839],[77.5557,13.08657],[77.55381,13.08675],[77.55241,13.087],[77.55292,13.08874],[77.54736,13.08898],[77.54713,13.08782],[77.54667,13.08832],[77.54584,13.09622],[77.54684,13.10048],[77.54439,13.10071],[77.54398,13.09979],[77.53654,13.10191],[77.53547,13.10051],[77.53434,13.10131],[77.53184,13.10027],[77.53033,13.10165],[77.52995,13.10274],[77.53035,13.10362],[77.53102,13.10359],[77.53185,13.10464],[77.53304,13.10414],[77.5332,13.10463],[77.53438,13.10436],[77.53429,13.10366],[77.53477,13.10364],[77.53546,13.10482],[77.53646,13.10515],[77.53775,13.10466],[77.53872,13.10665],[77.54411,13.10589],[77.54676,13.10618],[77.54831,13.11159],[77.54875,13.11548],[77.54453,13.11626],[77.54525,13.11896],[77.54659,13.11973],[77.54779,13.12463],[77.55136,13.12374],[77.55204,13.12471],[77.5548,13.12528],[77.56119,13.12549],[77.5642,13.1228],[77.5647,13.12366],[77.56775,13.12353],[77.56834,13.12519],[77.57413,13.12523],[77.57119,13.13018],[77.56925,13.13064],[77.5694,13.13133],[77.57097,13.13105],[77.57072,13.13165],[77.57107,13.13158],[77.57191,13.13597],[77.57265,13.13625],[77.5784,13.13475],[77.5792,13.13539],[77.57876,13.13683],[77.58018,13.13855],[77.58126,13.13885],[77.58155,13.13714]]]}},{"type":"Feature","properties":{"unitId":169,"unitName":"Bellanduru PS"},"geometry":{"type":"Polygon","coordinates":[[[77.70774,12.92974],[77.70498,12.91677],[77.70875,12.87731],[77.70796,12.88356],[77.70514,12.88491],[77.7032,12.88529],[77.6971,12.8838],[77.69244,12.882],[77.69221,12.88138],[77.68756,12.88236],[77.68785,12.88332],[77.68578,12.88421],[77.6856,12.88761],[77.68518,12.88807],[77.68464,12.88775],[77.68458,12.88976],[77.6829,12.89086],[77.68297,12.89166],[77.67832,12.89304],[77.67811,12.89418],[77.67478,12.89567],[77.67293,12.88843],[77.66889,12.89007],[77.66677,12.892],[77.66333,12.89298],[77.66317,12.89432],[77.66026,12.8947],[77.65709,12.89406],[77.65839,12.89685],[77.65864,12.89913],[77.66198,12.90363],[77.66028,12.9032],[77.65867,12.90149],[77.6532,12.90202],[77.65192,12.90142],[77.65071,12.90189],[77.65051,12.9037],[77.6517,12.90721],[77.65315,12.90698],[77.65359,12.90741],[77.65409,12.9114],[77.65407,12.91213],[77.6537,12.91215],[77.65504,12.92049],[77.65369,12.92069],[77.65371,12.9212],[77.65166,12.92127],[77.65188,12.92418],[77.65139,12.92428],[77.65212,12.92654],[77.65413,12.92926],[77.65506,12.92895],[77.66062,12.92955],[77.66241,12.92898],[77.66362,12.92796],[77.66475,12.92795],[77.66544,12.92804],[77.66604,12.93082],[77.67221,12.9308],[77.67626,12.93194],[77.67796,12.93058],[77.68062,12.93082],[77.68154,12.92809],[77.68109,12.92747],[77.68182,12.9238],[77.68052,12.92163],[77.68027,12.92011],[77.6823,12.92001],[77.68932,12.91705],[77.68943,12.91541],[77.69652,12.91611],[77.69693,12.91912],[77.69475,12.91953],[77.69477,12.92189],[77.69534,12.92194],[77.69467,12.92899],[77.69535,12.93169],[77.69696,12.93207],[77.69997,12.93109],[77.70247,12.93104],[77.70429,12.93001],[77.70774,12.92974]]]}},{"type":"Feature","properties":{"unitId":170,"unitName":"H.A.L. PS"},"geometry":{"type":"Polygon","coordinates":[[[77.71821,12.97722],[77.71783,12.97251],[77.71826,12.97247],[77.71738,12.97016],[77.71913,12.97057],[77.7193,12.97247],[77.72037,12.9726],[77.7217,12.96887],[77.72149,12.96716],[77.7234,12.96604],[77.72342,12.96539],[77.72468,12.96542],[77.72527,12.96426],[77.72505,12.9639],[77.72132,12.96404],[77.72012,12.96464],[77.71985,12.96526],[77.7183,12.96549],[77.71671,12.96218],[77.71465,12.95581],[77.69893,12.95699],[77.68958,12.95529],[77.69037,12.94945],[77.6899,12.94814],[77.67192,12.94706],[77.67142,12.94539],[77.66456,12.94563],[77.66204,12.94712],[77.65996,12.94756],[77.64948,12.94733],[77.64909,12.94775],[77.64954,12.94948],[77.6523,12.95184],[77.65252,12.95252],[77.66098,12.95287],[77.66099,12.95433],[77.66237,12.95424],[77.66331,12.95523],[77.66303,12.95683],[77.66358,12.95889],[77.66649,12.95813],[77.66638,12.96012],[77.65899,12.97109],[77.66155,12.97157],[77.66163,12.97195],[77.66301,12.9715],[77.66538,12.97179],[77.66712,12.97126],[77.67029,12.97477],[77.67813,12.97267],[77.6793,12.97616],[77.67935,12.97791],[77.68189,12.97756],[77.684,12.97657],[77.68719,12.97943],[77.70006,12.97241],[77.70318,12.97347],[77.70421,12.97441],[77.7071,12.9742],[77.70745,12.97344],[77.70893,12.97393],[77.70924,12.97324],[77.71149,12.97202],[77.71181,12.9724],[77.70985,12.97799],[77.71821,12.97722]]]}},{"type":"Feature","properties":{"unitId":171,"unitName":"Marathahalli PS"},"geometry":{"type":"Polygon","coordinates":[[[77.71465,12.95581],[77.71576,12.9489],[77.71515,12.94687],[77.71076,12.94149],[77.70904,12.94017],[77.70667,12.94196],[77.70798,12.93217],[77.70774,12.92974],[77.70429,12.93001],[77.70247,12.93104],[77.69997,12.93109],[77.69644,12.93214],[77.69503,12.93129],[77.6948,12.92508],[77.69534,12.92194],[77.69477,12.92189],[77.69475,12.91953],[77.69693,12.91912],[77.69652,12.91611],[77.68928,12.91542],[77.68932,12.91705],[77.6823,12.92001],[77.68027,12.92011],[77.68052,12.92163],[77.68182,12.9238],[77.68109,12.92747],[77.68154,12.92809],[77.68082,12.93062],[77.67796,12.93058],[77.67626,12.93194],[77.67221,12.9308],[77.66604,12.93082],[77.66512,12.92798],[77.66362,12.92796],[77.66241,12.92898],[77.66062,12.92955],[77.65506,12.92895],[77.65413,12.92926],[77.65212,12.92654],[77.65139,12.92428],[77.64886,12.92469],[77.64353,12.92396],[77.64314,12.929],[77.64451,12.93021],[77.64555,12.93044],[77.64684,12.93265],[77.65296,12.93366],[77.65905,12.93735],[77.66268,12.93748],[77.66192,12.94133],[77.66111,12.94139],[77.66058,12.94216],[77.66134,12.94423],[77.6594,12.94545],[77.65704,12.94604],[77.65577,12.94736],[77.65996,12.94756],[77.66204,12.94712],[77.66456,12.94563],[77.67142,12.94539],[77.67192,12.94706],[77.6899,12.94814],[77.69037,12.94945],[77.68958,12.95529],[77.69893,12.95699],[77.71465,12.95581]]]}},{"type":"Feature","properties":{"unitId":172,"unitName":"Varthur PS"},"geometry":{"type":"Polygon","coordinates":[[[77.74472,12.95133],[77.74699,12.94578],[77.74692,12.94475],[77.74829,12.94473],[77.74986,12.94587],[77.75269,12.94557],[77.75113,12.94341],[77.75537,12.94303],[77.7582,12.9414],[77.7585,12.94029],[77.75916,12.93977],[77.759,12.9386],[77.76563,12.9369],[77.76634,12.93502],[77.76465,12.92877],[77.76229,12.92838],[77.7566,12.92633],[77.75614,12.92343],[77.75695,12.9221],[77.75715,12.91805],[77.75351,12.91825],[77.74567,12.91982],[77.74463,12.91362],[77.74449,12.90901],[77.74229,12.909],[77.7424,12.90856],[77.74004,12.90652],[77.73928,12.90148],[77.73983,12.89428],[77.73751,12.88372],[77.73402,12.87355],[77.7308,12.87371],[77.72453,12.8764],[77.72191,12.87709],[77.71882,12.87723],[77.7165,12.87847],[77.71589,12.87689],[77.71242,12.87813],[77.71246,12.87739],[77.70874,12.87741],[77.70498,12.91677],[77.70796,12.9309],[77.70667,12.94196],[77.70904,12.94017],[77.71076,12.94149],[77.71515,12.94687],[77.71576,12.9489],[77.71475,12.95581],[77.72873,12.95592],[77.73695,12.95697],[77.74479,12.95663],[77.74562,12.95701],[77.74472,12.9562],[77.74416,12.95462],[77.74407,12.95315],[77.74472,12.95133]]]}},{"type":"Feature","properties":{"unitId":173,"unitName":"K.R. Puram PS"},"geometry":{"type":"Polygon","coordinates":[[[77.73103,13.01223],[77.72988,13.00872],[77.72754,13.00531],[77.72799,13.00494],[77.72783,13.00424],[77.72729,13.00383],[77.72352,13.00356],[77.72198,12.99857],[77.71995,12.99608],[77.70459,12.99951],[77.67708,13.00069],[77.67708,13.00498],[77.67519,13.00524],[77.67482,13.00648],[77.6765,13.00738],[77.6776,13.00903],[77.67957,13.00942],[77.68066,13.01016],[77.68067,13.01105],[77.67861,13.01169],[77.67834,13.02131],[77.68428,13.02063],[77.68532,13.02857],[77.68493,13.02913],[77.6851,13.03338],[77.68674,13.03349],[77.69289,13.03231],[77.69331,13.035],[77.69263,13.0363],[77.69287,13.03735],[77.69323,13.03685],[77.6969,13.03558],[77.70134,13.03542],[77.70416,13.03471],[77.70609,13.03567],[77.70889,13.03628],[77.70902,13.03725],[77.71053,13.03725],[77.71087,13.03476],[77.71307,13.03418],[77.72012,13.02744],[77.72037,13.02638],[77.7208,13.02659],[77.72054,13.02257],[77.72094,13.02046],[77.72327,13.02003],[77.72616,13.01765],[77.73002,13.01604],[77.73191,13.01418],[77.73103,13.01223]]]}},{"type":"Feature","properties":{"unitId":174,"unitName":"Kadugodi PS"},"geometry":{"type":"Polygon","coordinates":[[[77.7777,13.03829],[77.77859,13.0378],[77.77892,13.03461],[77.78102,13.03459],[77.78134,13.03326],[77.77985,13.03211],[77.77892,13.02982],[77.77776,13.02993],[77.77703,13.02436],[77.77627,13.02241],[77.77515,13.02266],[77.77456,13.01965],[77.77341,13.01974],[77.77291,13.01733],[77.77163,13.01505],[77.77311,13.01464],[77.77343,13.01348],[77.77444,13.01339],[77.77386,13.01248],[77.774,13.01065],[77.77328,13.01018],[77.77341,13.00626],[77.77442,13.00644],[77.77589,13.0057],[77.7755,13.00333],[77.77246,13.00271],[77.77281,13.00198],[77.77499,13.00086],[77.77511,12.99705],[77.77418,12.992],[77.77521,12.9921],[77.77611,12.99153],[77.7765,12.98832],[77.77594,12.98829],[77.7759,12.98639],[77.77715,12.98516],[77.77658,12.98486],[77.77606,12.98233],[77.77555,12.98217],[77.77463,12.98053],[77.77591,12.97993],[77.77741,12.97837],[77.77843,12.97856],[77.77859,12.97674],[77.77519,12.9776],[77.77234,12.9772],[77.77273,12.97479],[77.77143,12.97524],[77.7705,12.97622],[77.76587,12.97649],[77.764,12.97608],[77.76522,12.97954],[77.75767,12.97969],[77.75818,12.98239],[77.75229,12.98372],[77.74019,12.98754],[77.73547,12.98755],[77.72675,12.98906],[77.72747,12.9907],[77.72679,12.99201],[77.72672,12.99574],[77.72266,12.99546],[77.71932,12.99604],[77.72026,12.9963],[77.72198,12.99857],[77.72352,13.00356],[77.72729,13.00383],[77.72783,13.00424],[77.72799,13.00494],[77.72754,13.00531],[77.72988,13.00872],[77.73103,13.01223],[77.7316,13.01203],[77.73246,13.01252],[77.73293,13.01354],[77.74052,13.01078],[77.74193,13.0114],[77.74452,13.01087],[77.74629,13.01514],[77.74525,13.01538],[77.74662,13.01862],[77.74625,13.02198],[77.74316,13.0223],[77.7396,13.02351],[77.74044,13.02538],[77.74009,13.02647],[77.73903,13.02703],[77.7404,13.03005],[77.74141,13.02988],[77.74173,13.03048],[77.74336,13.03018],[77.74369,13.0312],[77.74146,13.03219],[77.74333,13.03685],[77.74503,13.03769],[77.74757,13.0381],[77.7523,13.03804],[77.75302,13.03736],[77.75459,13.03721],[77.755,13.03782],[77.75626,13.03825],[77.75976,13.03807],[77.75992,13.03869],[77.76304,13.03893],[77.76799,13.03811],[77.7777,13.03829]]]}},{"type":"Feature","properties":{"unitId":175,"unitName":"Mahadevapura PS"},"geometry":{"type":"Polygon","coordinates":[[[77.71932,12.99604],[77.72266,12.99546],[77.72672,12.99574],[77.72679,12.99201],[77.72747,12.9907],[77.72675,12.98906],[77.73186,12.98807],[77.73189,12.98648],[77.73017,12.98564],[77.72788,12.98227],[77.72714,12.97642],[77.70985,12.97799],[77.71181,12.9724],[77.71149,12.97202],[77.70924,12.97324],[77.70893,12.97393],[77.70745,12.97344],[77.7067,12.97423],[77.70393,12.97441],[77.70318,12.97347],[77.70019,12.97241],[77.69846,12.97312],[77.66691,12.99105],[77.66422,12.99439],[77.67772,13.00073],[77.70459,12.99951],[77.71932,12.99604]]]}},{"type":"Feature","properties":{"unitId":176,"unitName":"Whitefield PS"},"geometry":{"type":"Polygon","coordinates":[[[77.77859,12.97674],[77.77824,12.97622],[77.77698,12.97641],[77.77621,12.97458],[77.77919,12.97256],[77.77864,12.97111],[77.7789,12.97024],[77.78075,12.97006],[77.78229,12.9709],[77.78365,12.97062],[77.78436,12.96856],[77.78418,12.96679],[77.78185,12.96613],[77.78054,12.96712],[77.7786,12.96676],[77.77866,12.96772],[77.77745,12.96822],[77.77459,12.96651],[77.77198,12.96592],[77.77107,12.9647],[77.77016,12.96265],[77.77089,12.96194],[77.76988,12.9598],[77.76857,12.9585],[77.76845,12.95673],[77.77042,12.95431],[77.77103,12.95241],[77.77266,12.95148],[77.7655,12.94534],[77.76553,12.93699],[77.759,12.9386],[77.75916,12.93977],[77.7585,12.94029],[77.7582,12.9414],[77.75537,12.94303],[77.75113,12.94341],[77.75269,12.94557],[77.74986,12.94587],[77.74829,12.94473],[77.74692,12.94475],[77.74699,12.94578],[77.74528,12.94917],[77.74404,12.95335],[77.74434,12.95546],[77.74562,12.95701],[77.74479,12.95663],[77.73695,12.95697],[77.72873,12.95592],[77.71465,12.95581],[77.71671,12.96218],[77.7183,12.96549],[77.71985,12.96526],[77.72012,12.96464],[77.72132,12.96404],[77.72505,12.9639],[77.72527,12.96426],[77.72468,12.96542],[77.72342,12.96539],[77.7234,12.96604],[77.72149,12.96716],[77.7217,12.96887],[77.72037,12.9726],[77.7193,12.97247],[77.71913,12.97057],[77.71738,12.97016],[77.71826,12.97247],[77.71783,12.97251],[77.71821,12.97722],[77.72714,12.97642],[77.72788,12.98227],[77.73017,12.98564],[77.73189,12.98648],[77.73187,12.98812],[77.73653,12.98746],[77.74019,12.98754],[77.75229,12.98372],[77.75818,12.98239],[77.75767,12.97969],[77.76522,12.97954],[77.764,12.97608],[77.76587,12.97649],[77.7705,12.97622],[77.77143,12.97524],[77.77273,12.97479],[77.77234,12.9772],[77.77519,12.9776],[77.77859,12.97674]]]}},{"type":"Feature","properties":{"unitId":177,"unitName":"Ashokanagara  PS"},"geometry":{"type":"Polygon","coordinates":[[[77.61295,12.97409],[77.61206,12.96964],[77.61444,12.96845],[77.61398,12.96654],[77.61489,12.96242],[77.61427,12.95505],[77.61782,12.9536],[77.61786,12.95288],[77.61866,12.9522],[77.61746,12.95083],[77.61515,12.95091],[77.61138,12.94986],[77.61121,12.9494],[77.60337,12.95053],[77.60366,12.95146],[77.60291,12.95175],[77.60294,12.95254],[77.60056,12.9536],[77.60073,12.95417],[77.59925,12.95464],[77.60017,12.95617],[77.59936,12.95643],[77.5995,12.95712],[77.59316,12.95838],[77.59452,12.96202],[77.59626,12.96361],[77.59705,12.96539],[77.59937,12.96734],[77.6039,12.97051],[77.60686,12.97194],[77.60799,12.97532],[77.61295,12.97409]]]}},{"type":"Feature","properties":{"unitId":178,"unitName":"S.J. Park PS"},"geometry":{"type":"Polygon","coordinates":[[[77.58813,12.96453],[77.58954,12.96316],[77.58955,12.96252],[77.58678,12.95921],[77.58356,12.96029],[77.58282,12.95888],[77.58231,12.9592],[77.58317,12.96072],[77.58182,12.96179],[77.58208,12.96343],[77.57885,12.9637],[77.57902,12.96452],[77.57778,12.96505],[77.57808,12.96568],[77.58027,12.9649],[77.584,12.96478],[77.5841,12.9652],[77.58653,12.96581],[77.58813,12.96453]]]}},{"type":"Feature","properties":{"unitId":179,"unitName":"Soladevanahalli PS"},"geometry":{"type":"Polygon","coordinates":[[[77.53872,13.10665],[77.53775,13.10466],[77.53646,13.10515],[77.53546,13.10482],[77.53477,13.10364],[77.53429,13.10366],[77.53438,13.10436],[77.5332,13.10463],[77.53304,13.10414],[77.53185,13.10464],[77.53102,13.10359],[77.53035,13.10362],[77.52995,13.10274],[77.53019,13.10196],[77.53232,13.09943],[77.53402,13.09216],[77.53209,13.09157],[77.53001,13.09187],[77.52927,13.08952],[77.5274,13.09001],[77.52675,13.08725],[77.52609,13.08731],[77.52462,13.08367],[77.52357,13.08356],[77.52322,13.08092],[77.52128,13.08041],[77.52088,13.07915],[77.52156,13.0776],[77.52086,13.0775],[77.5205,13.0759],[77.51832,13.07634],[77.51817,13.07575],[77.51712,13.07602],[77.51696,13.0748],[77.51903,13.07368],[77.51829,13.07139],[77.51572,13.06757],[77.51177,13.06927],[77.51179,13.06819],[77.5111,13.06787],[77.51037,13.0635],[77.50643,13.0618],[77.4997,13.07185],[77.49899,13.07233],[77.49863,13.07401],[77.49792,13.07426],[77.49807,13.07459],[77.49399,13.07608],[77.48828,13.07578],[77.48888,13.07788],[77.49215,13.07738],[77.49257,13.0788],[77.49191,13.07936],[77.49238,13.07966],[77.49142,13.08147],[77.48903,13.08153],[77.48876,13.08418],[77.48417,13.08349],[77.47917,13.08382],[77.47331,13.0852],[77.46958,13.0867],[77.46835,13.08845],[77.47004,13.08921],[77.46992,13.09214],[77.47275,13.09401],[77.47215,13.09804],[77.47244,13.09995],[77.47196,13.10007],[77.47232,13.10292],[77.47327,13.10428],[77.47422,13.10445],[77.47518,13.1059],[77.4767,13.10643],[77.47708,13.10815],[77.47847,13.10885],[77.47937,13.1132],[77.47648,13.11429],[77.47707,13.11633],[77.47668,13.11644],[77.47669,13.11763],[77.47727,13.11925],[77.47522,13.11891],[77.47496,13.11606],[77.47402,13.11559],[77.47102,13.11646],[77.46773,13.11821],[77.46533,13.12079],[77.4655,13.12188],[77.46441,13.12293],[77.46507,13.12429],[77.46708,13.12494],[77.46754,13.12652],[77.46958,13.12714],[77.46929,13.12879],[77.46787,13.13058],[77.46609,13.1317],[77.46471,13.13199],[77.46458,13.13312],[77.46294,13.13368],[77.46222,13.13531],[77.46337,13.13619],[77.46459,13.13877],[77.465,13.14092],[77.45859,13.14185],[77.45685,13.13944],[77.45468,13.1388],[77.45477,13.14034],[77.45239,13.14116],[77.45059,13.14653],[77.45299,13.15003],[77.45632,13.15205],[77.45688,13.1539],[77.45553,13.15518],[77.45532,13.15734],[77.45621,13.16092],[77.4579,13.16024],[77.45873,13.16221],[77.46095,13.16041],[77.46188,13.16172],[77.46692,13.1623],[77.46608,13.16802],[77.46838,13.16805],[77.46875,13.17402],[77.4699,13.17667],[77.47365,13.18223],[77.47558,13.18113],[77.47679,13.17954],[77.48428,13.17324],[77.48453,13.17506],[77.48652,13.1785],[77.4895,13.17734],[77.4897,13.17913],[77.49136,13.18097],[77.4924,13.18143],[77.4949,13.18691],[77.49869,13.19045],[77.49927,13.19261],[77.50029,13.19332],[77.5019,13.19281],[77.50207,13.1935],[77.50437,13.19248],[77.50556,13.18988],[77.50742,13.18886],[77.50747,13.18617],[77.50724,13.18503],[77.50533,13.18381],[77.50489,13.18303],[77.50394,13.17851],[77.51119,13.17678],[77.50959,13.17179],[77.50907,13.16663],[77.50374,13.16699],[77.50314,13.16589],[77.50528,13.16546],[77.50526,13.16439],[77.51026,13.16362],[77.51,13.16236],[77.51109,13.15964],[77.51078,13.15701],[77.51326,13.1566],[77.51454,13.15723],[77.51621,13.15728],[77.51645,13.15585],[77.51599,13.15441],[77.5171,13.15273],[77.51693,13.15235],[77.51558,13.15297],[77.51428,13.1526],[77.51418,13.1501],[77.51584,13.14961],[77.5148,13.14665],[77.51372,13.1466],[77.51324,13.14415],[77.51475,13.14343],[77.51363,13.14225],[77.51361,13.14159],[77.51202,13.14145],[77.51167,13.14209],[77.50915,13.14135],[77.50661,13.14167],[77.50508,13.14044],[77.50493,13.13729],[77.50688,13.13381],[77.50675,13.13217],[77.50253,13.13393],[77.50103,13.13209],[77.50237,13.13091],[77.50376,13.12474],[77.50357,13.12366],[77.51024,13.1191],[77.51062,13.11968],[77.51374,13.11888],[77.51372,13.11965],[77.51277,13.12012],[77.51335,13.12189],[77.51793,13.12155],[77.52146,13.12194],[77.52158,13.11957],[77.52308,13.11908],[77.52304,13.11727],[77.52459,13.11519],[77.52503,13.11605],[77.52762,13.11542],[77.52808,13.11621],[77.52817,13.11577],[77.53002,13.1152],[77.53147,13.11578],[77.53244,13.11786],[77.53289,13.11781],[77.53446,13.11687],[77.53289,13.11284],[77.53343,13.11236],[77.53438,13.11307],[77.53647,13.11288],[77.53705,13.11088],[77.53688,13.10963],[77.53412,13.10996],[77.5308,13.1092],[77.52795,13.11065],[77.52839,13.10979],[77.52844,13.10659],[77.53641,13.10694],[77.53872,13.10665]]]}},{"type":"Feature","properties":{"unitId":180,"unitName":"Vidhana Soudha PS"},"geometry":{"type":"Polygon","coordinates":[[[77.59714,12.98439],[77.59698,12.98193],[77.59614,12.9815],[77.59699,12.98117],[77.597,12.98057],[77.59482,12.9793],[77.59229,12.97677],[77.5913,12.97719],[77.59027,12.97613],[77.59032,12.97502],[77.58825,12.97533],[77.58433,12.97812],[77.58781,12.9842],[77.58851,12.98447],[77.59292,12.98953],[77.59714,12.98439]]]}},{"type":"Feature","properties":{"unitId":181,"unitName":"Govindapura PS"},"geometry":{"type":"Polygon","coordinates":[[[77.61368,13.04198],[77.6171,13.04083],[77.6226,13.04107],[77.62377,13.04061],[77.62759,13.03677],[77.63177,13.02854],[77.63262,13.02782],[77.63104,13.02657],[77.63054,13.02553],[77.62024,13.02703],[77.62002,13.02625],[77.61725,13.02744],[77.61185,13.03366],[77.61089,13.03563],[77.61028,13.03821],[77.61149,13.04033],[77.61195,13.04243],[77.61368,13.04198]]]}},{"type":"Feature","properties":{"unitId":182,"unitName":"Sanjay Nagara PS"},"geometry":{"type":"Polygon","coordinates":[[[77.59002,13.04161],[77.58932,13.03619],[77.58613,13.02824],[77.58471,13.02279],[77.58005,13.02652],[77.57127,13.02853],[77.56948,13.03288],[77.56211,13.04198],[77.56415,13.04559],[77.56596,13.04632],[77.57723,13.04722],[77.57973,13.04671],[77.58485,13.04281],[77.59002,13.04161]]]}},{"type":"Feature","properties":{"unitId":183,"unitName":"Banashankari PS"},"geometry":{"type":"Polygon","coordinates":[[[77.57522,12.93464],[77.57684,12.92847],[77.57703,12.92471],[77.57472,12.92182],[77.57353,12.91698],[77.5704,12.91634],[77.56719,12.91383],[77.56149,12.91584],[77.55901,12.91564],[77.55895,12.91489],[77.5572,12.91492],[77.55545,12.91559],[77.5549,12.91453],[77.55259,12.91509],[77.55283,12.91538],[77.55228,12.91569],[77.55268,12.91597],[77.55273,12.91774],[77.55198,12.91797],[77.55189,12.91872],[77.55213,12.91976],[77.55435,12.92102],[77.55379,12.92137],[77.5543,12.92365],[77.56015,12.92189],[77.5609,12.92608],[77.5628,12.92952],[77.56372,12.92928],[77.56369,12.9305],[77.56668,12.92995],[77.56842,12.93506],[77.57382,12.93477],[77.57382,12.93517],[77.57522,12.93464]]]}},{"type":"Feature","properties":{"unitId":184,"unitName":"Basavanagudi PS"},"geometry":{"type":"Polygon","coordinates":[[[77.58,12.94879],[77.58003,12.93677],[77.57539,12.93679],[77.57522,12.93464],[77.57382,12.93517],[77.57382,12.93477],[77.56842,12.93506],[77.56797,12.93304],[77.56611,12.93344],[77.56592,12.93976],[77.56777,12.94299],[77.56759,12.94818],[77.57941,12.94838],[77.58,12.94879]]]}},{"type":"Feature","properties":{"unitId":185,"unitName":"Jayanagar PS"},"geometry":{"type":"Polygon","coordinates":[[[77.5849,12.93602],[77.58486,12.93295],[77.58616,12.93294],[77.58612,12.92859],[77.58727,12.92854],[77.58773,12.92787],[77.58894,12.92768],[77.58955,12.92709],[77.58944,12.91683],[77.57896,12.91693],[77.57583,12.91447],[77.5729,12.91103],[77.57351,12.91783],[77.5744,12.92084],[77.57495,12.92219],[77.57703,12.92471],[77.57684,12.92847],[77.57535,12.9336],[77.57539,12.93679],[77.58491,12.93663],[77.5849,12.93602]]]}},{"type":"Feature","properties":{"unitId":186,"unitName":"Jayaprakash Nagar PS"},"geometry":{"type":"Polygon","coordinates":[[[77.58944,12.91683],[77.59975,12.91664],[77.60029,12.90735],[77.59664,12.9062],[77.57325,12.90655],[77.5729,12.91103],[77.57583,12.91447],[77.5786,12.91671],[77.58944,12.91683]]]}},{"type":"Feature","properties":{"unitId":187,"unitName":"Siddapura PS"},"geometry":{"type":"Polygon","coordinates":[[[77.58546,12.95412],[77.58708,12.95279],[77.59167,12.95113],[77.59275,12.95019],[77.59457,12.94687],[77.59692,12.94495],[77.59725,12.94325],[77.59857,12.94287],[77.59842,12.94149],[77.59929,12.94139],[77.59907,12.9403],[77.59964,12.94017],[77.59986,12.93905],[77.60184,12.93857],[77.60069,12.93108],[77.5993,12.93232],[77.59785,12.93264],[77.59529,12.93257],[77.59461,12.93226],[77.5946,12.93174],[77.59356,12.93187],[77.59438,12.93617],[77.5927,12.9361],[77.59231,12.93156],[77.58949,12.93253],[77.58968,12.93379],[77.58727,12.934],[77.58733,12.93461],[77.58577,12.9351],[77.58542,12.93602],[77.5849,12.93602],[77.58491,12.93663],[77.58003,12.93677],[77.58008,12.94826],[77.58183,12.94955],[77.58391,12.95382],[77.58546,12.95412]]]}},{"type":"Feature","properties":{"unitId":188,"unitName":"Kumaraswamy Layout PS"},"geometry":{"type":"Polygon","coordinates":[[[77.5729,12.91103],[77.57343,12.90204],[77.57284,12.89961],[77.56905,12.89477],[77.56432,12.89041],[77.561,12.8913],[77.55946,12.8921],[77.55952,12.89263],[77.55879,12.89321],[77.55686,12.89368],[77.55542,12.89496],[77.5527,12.89504],[77.55315,12.89802],[77.55208,12.89899],[77.5531,12.90114],[77.55273,12.90176],[77.55321,12.9035],[77.5546,12.90353],[77.55636,12.90662],[77.55804,12.90771],[77.5585,12.9087],[77.55832,12.91064],[77.55895,12.91361],[77.55973,12.91381],[77.56129,12.91571],[77.56719,12.91383],[77.5704,12.91634],[77.57353,12.91698],[77.5729,12.91103]]]}},{"type":"Feature","properties":{"unitId":189,"unitName":"Puttenahalli PS"},"geometry":{"type":"Polygon","coordinates":[[[77.59804,12.89058],[77.59684,12.88725],[77.5952,12.87744],[77.59356,12.87113],[77.5914,12.87124],[77.5878,12.86941],[77.58492,12.87054],[77.58318,12.87065],[77.58408,12.87446],[77.58419,12.87977],[77.5823,12.88566],[77.58181,12.89217],[77.57631,12.89139],[77.57206,12.89191],[77.57206,12.89688],[77.57124,12.89728],[77.57275,12.89938],[77.57331,12.90112],[77.57325,12.90655],[77.59664,12.9062],[77.60047,12.90734],[77.60185,12.90513],[77.60091,12.9002],[77.59804,12.89058]]]}},{"type":"Feature","properties":{"unitId":190,"unitName":"Subramanyapura PS"},"geometry":{"type":"Polygon","coordinates":[[[77.53877,12.91893],[77.53836,12.91809],[77.53931,12.91752],[77.54177,12.91881],[77.54281,12.91843],[77.54536,12.91891],[77.54551,12.91961],[77.5463,12.92012],[77.55097,12.91947],[77.55205,12.9198],[77.55198,12.91797],[77.55273,12.91774],[77.55268,12.91597],[77.55228,12.91569],[77.55283,12.91538],[77.55259,12.91509],[77.5549,12.91453],[77.55545,12.91559],[77.5572,12.91492],[77.55895,12.91489],[77.55901,12.91564],[77.56129,12.91571],[77.55973,12.91381],[77.55895,12.91361],[77.55832,12.91064],[77.5585,12.9087],[77.55804,12.90771],[77.55636,12.90662],[77.5546,12.90353],[77.55321,12.9035],[77.55273,12.90176],[77.5531,12.90114],[77.55208,12.89899],[77.55315,12.89802],[77.55268,12.89612],[77.55287,12.8949],[77.55542,12.89496],[77.55686,12.89368],[77.55879,12.89321],[77.55952,12.89263],[77.55946,12.8921],[77.561,12.8913],[77.56432,12.89041],[77.56072,12.88726],[77.55089,12.8841],[77.54929,12.88472],[77.54602,12.88473],[77.54888,12.88795],[77.54504,12.88927],[77.54409,12.89001],[77.54437,12.89086],[77.54329,12.89335],[77.54338,12.89458],[77.54256,12.89462],[77.54133,12.89718],[77.53921,12.8977],[77.53957,12.89928],[77.53542,12.89995],[77.53252,12.89783],[77.53115,12.89492],[77.52778,12.89523],[77.52792,12.89655],[77.52913,12.89803],[77.52915,12.89983],[77.52831,12.8999],[77.52869,12.90188],[77.528,12.90204],[77.52856,12.90499],[77.52587,12.9043],[77.53109,12.9131],[77.53196,12.91954],[77.53422,12.92052],[77.53422,12.91988],[77.53598,12.91909],[77.53877,12.91893]]]}},{"type":"Feature","properties":{"unitId":191,"unitName":"Thalaghattapura PS"},"geometry":{"type":"Polygon","coordinates":[[[77.53787,12.89961],[77.53957,12.89928],[77.53921,12.8977],[77.54133,12.89718],[77.54256,12.89462],[77.54338,12.89458],[77.54329,12.89335],[77.54437,12.89086],[77.54409,12.89001],[77.54504,12.88927],[77.54888,12.88795],[77.54602,12.88473],[77.5507,12.88432],[77.54863,12.88353],[77.54885,12.88314],[77.55987,12.87508],[77.56024,12.87576],[77.56084,12.87553],[77.56159,12.8764],[77.56187,12.87587],[77.5634,12.87783],[77.56929,12.87535],[77.5704,12.87451],[77.57035,12.87378],[77.57078,12.8735],[77.57336,12.87394],[77.57318,12.87265],[77.5743,12.87056],[77.57375,12.8675],[77.57496,12.86667],[77.57483,12.86584],[77.57538,12.8658],[77.57498,12.86259],[77.57458,12.86261],[77.57418,12.86173],[77.57408,12.86027],[77.57555,12.86008],[77.57509,12.8578],[77.57612,12.85735],[77.57671,12.85998],[77.57788,12.85955],[77.57785,12.85871],[77.57946,12.85848],[77.57644,12.84953],[77.57112,12.8482],[77.56417,12.84808],[77.55912,12.84706],[77.55829,12.8493],[77.55752,12.84959],[77.55405,12.85071],[77.54868,12.85145],[77.53066,12.85665],[77.5105,12.86458],[77.49935,12.87191],[77.49662,12.8747],[77.49582,12.87744],[77.49657,12.87866],[77.49672,12.88054],[77.50171,12.88429],[77.50866,12.88789],[77.51434,12.89443],[77.51396,12.89298],[77.51523,12.89295],[77.51541,12.89247],[77.51578,12.89243],[77.51589,12.89382],[77.51723,12.89318],[77.51982,12.89306],[77.52099,12.89384],[77.52045,12.89678],[77.52128,12.89786],[77.52239,12.89737],[77.52436,12.89752],[77.52455,12.89536],[77.52545,12.89528],[77.52578,12.89587],[77.52652,12.89526],[77.53043,12.89469],[77.53115,12.89492],[77.53252,12.89783],[77.53392,12.89905],[77.53542,12.89995],[77.53787,12.89961]]]}},{"type":"Feature","properties":{"unitId":192,"unitName":"V.V. Puram PS"},"geometry":{"type":"Polygon","coordinates":[[[77.57378,12.96462],[77.57673,12.96403],[77.5745,12.95974],[77.5754,12.95948],[77.57503,12.95764],[77.57632,12.95754],[77.57635,12.95648],[77.57998,12.95507],[77.57979,12.94843],[77.57372,12.94828],[77.5735,12.95734],[77.56857,12.95713],[77.56841,12.96025],[77.5699,12.96401],[77.57378,12.96462]]]}},{"type":"Feature","properties":{"unitId":193,"unitName":"C.K.Acchukattu PS"},"geometry":{"type":"Polygon","coordinates":[[[77.56611,12.93344],[77.56797,12.93304],[77.56668,12.92995],[77.56369,12.9305],[77.56372,12.92928],[77.5628,12.92952],[77.5609,12.92608],[77.56015,12.92189],[77.5543,12.92365],[77.55379,12.92137],[77.55435,12.92102],[77.5526,12.91969],[77.55097,12.91947],[77.5463,12.92012],[77.54551,12.91961],[77.54536,12.91891],[77.54418,12.9186],[77.54177,12.91881],[77.53931,12.91752],[77.53836,12.91809],[77.53931,12.92187],[77.54024,12.92324],[77.54051,12.92522],[77.54092,12.92516],[77.5415,12.92983],[77.54303,12.92907],[77.54349,12.93048],[77.54555,12.92863],[77.55072,12.93486],[77.55303,12.93326],[77.55392,12.93365],[77.55507,12.93526],[77.55582,12.93541],[77.55603,12.93607],[77.56221,12.9346],[77.56204,12.93412],[77.56267,12.93344],[77.56302,12.93432],[77.56611,12.93344]]]}},{"type":"Feature","properties":{"unitId":194,"unitName":"K.G.Nagar PS"},"geometry":{"type":"Polygon","coordinates":[[[77.56759,12.94818],[77.56764,12.94726],[77.5642,12.94718],[77.56423,12.94667],[77.56196,12.94653],[77.56177,12.94603],[77.55865,12.94619],[77.55892,12.94827],[77.55661,12.94874],[77.55683,12.9499],[77.55548,12.95043],[77.55731,12.95526],[77.55924,12.95688],[77.56735,12.95709],[77.56759,12.94818]]]}},{"type":"Feature","properties":{"unitId":195,"unitName":"Girinagar PS"},"geometry":{"type":"Polygon","coordinates":[[[77.5322,12.91964],[77.53244,12.92353],[77.53145,12.9342],[77.53219,12.93856],[77.53311,12.93875],[77.53337,12.93836],[77.53374,12.93869],[77.53422,12.94081],[77.53554,12.94103],[77.53678,12.94339],[77.5449,12.94318],[77.54527,12.94421],[77.54609,12.94403],[77.54634,12.94495],[77.54702,12.94483],[77.54711,12.94539],[77.54812,12.94519],[77.54822,12.94587],[77.54891,12.94574],[77.54906,12.94752],[77.54977,12.94738],[77.54945,12.94505],[77.55028,12.94291],[77.55,12.94215],[77.55368,12.94188],[77.55299,12.9374],[77.5517,12.93439],[77.55072,12.93486],[77.54555,12.92863],[77.54349,12.93048],[77.54303,12.92907],[77.5415,12.92983],[77.54092,12.92516],[77.54051,12.92522],[77.54007,12.92274],[77.53931,12.92187],[77.53856,12.91964],[77.53877,12.91893],[77.53598,12.91909],[77.53422,12.91988],[77.53422,12.92052],[77.5322,12.91964]]]}},{"type":"Feature","properties":{"unitId":196,"unitName":"parappana Agrahara"},"geometry":{"type":"Polygon","coordinates":[[[77.68297,12.88886],[77.68274,12.88514],[77.68519,12.88477],[77.685,12.88264],[77.68472,12.88128],[77.67959,12.88209],[77.67929,12.88088],[77.6799,12.88051],[77.68006,12.87966],[77.68205,12.87892],[77.6811,12.87852],[77.67996,12.8752],[77.68017,12.87477],[77.67924,12.87391],[77.68031,12.87157],[77.68298,12.86922],[77.6925,12.86695],[77.69752,12.86425],[77.70159,12.86324],[77.70318,12.86185],[77.70463,12.86146],[77.70379,12.85942],[77.70053,12.85527],[77.69526,12.85299],[77.69472,12.85129],[77.69146,12.84764],[77.69066,12.84729],[77.68306,12.83676],[77.68081,12.83697],[77.67922,12.8361],[77.67841,12.83801],[77.67524,12.84238],[77.64766,12.8766],[77.6399,12.88913],[77.64394,12.89059],[77.64967,12.88931],[77.64911,12.89106],[77.65034,12.8932],[77.65222,12.89438],[77.65422,12.89448],[77.65654,12.89378],[77.66026,12.8947],[77.66317,12.89432],[77.66333,12.89298],[77.66677,12.892],[77.66889,12.89007],[77.67293,12.88843],[77.67473,12.89568],[77.67811,12.89418],[77.67832,12.89304],[77.68126,12.89223],[77.68132,12.88919],[77.68297,12.88886]]]}},{"type":"Feature","properties":{"unitId":197,"unitName":"Electronic City PS"},"geometry":{"type":"Polygon","coordinates":[[[77.64935,12.87472],[77.67524,12.84238],[77.67403,12.84228],[77.67211,12.84022],[77.67166,12.83711],[77.67042,12.83753],[77.66931,12.83299],[77.66762,12.83313],[77.66489,12.83661],[77.66113,12.83438],[77.65185,12.83735],[77.65094,12.83828],[77.64933,12.83825],[77.64952,12.83904],[77.64908,12.83923],[77.64778,12.8387],[77.64554,12.83959],[77.64266,12.83992],[77.63518,12.83949],[77.63454,12.83885],[77.6326,12.83883],[77.63256,12.83834],[77.63097,12.83825],[77.63092,12.8378],[77.62478,12.83621],[77.62125,12.83473],[77.62012,12.83658],[77.61455,12.83908],[77.61285,12.83815],[77.61203,12.84374],[77.60937,12.84585],[77.60914,12.84689],[77.60899,12.85129],[77.60974,12.85505],[77.61467,12.85675],[77.62177,12.862],[77.62709,12.86524],[77.63038,12.86653],[77.63415,12.8671],[77.63576,12.87765],[77.63645,12.8793],[77.63779,12.8788],[77.63847,12.87797],[77.64022,12.87443],[77.64291,12.87372],[77.64935,12.87472]]]}},{"type":"Feature","properties":{"unitId":198,"unitName":"Adugodi PS"},"geometry":{"type":"Polygon","coordinates":[[[77.62131,12.9515],[77.61855,12.94621],[77.61779,12.94348],[77.61596,12.94373],[77.61547,12.94301],[77.61388,12.94255],[77.61361,12.94186],[77.61533,12.94016],[77.61795,12.9392],[77.61728,12.9364],[77.61193,12.9381],[77.6101,12.93822],[77.61382,12.93167],[77.60797,12.93598],[77.60155,12.93728],[77.60184,12.93857],[77.59986,12.93905],[77.59964,12.94017],[77.59907,12.9403],[77.59929,12.94139],[77.59842,12.94149],[77.59857,12.94287],[77.59725,12.94325],[77.59712,12.94418],[77.59861,12.94646],[77.59933,12.94619],[77.60026,12.94884],[77.60257,12.94837],[77.60337,12.95053],[77.61121,12.9494],[77.61138,12.94986],[77.61515,12.95091],[77.61746,12.95083],[77.61866,12.9522],[77.62131,12.9515]]]}},{"type":"Feature","properties":{"unitId":199,"unitName":"H.S.R.Layout PS"},"geometry":{"type":"Polygon","coordinates":[[[77.64976,12.92459],[77.65188,12.92418],[77.65166,12.92127],[77.65371,12.9212],[77.65369,12.92069],[77.65504,12.92049],[77.6537,12.91215],[77.65407,12.91213],[77.65409,12.9114],[77.65359,12.90741],[77.65315,12.90698],[77.6517,12.90721],[77.65051,12.9037],[77.65071,12.90189],[77.65016,12.89938],[77.64908,12.89977],[77.64742,12.89956],[77.64669,12.90065],[77.63899,12.90581],[77.63548,12.90722],[77.62922,12.90638],[77.62267,12.91716],[77.62564,12.91765],[77.62851,12.9168],[77.6337,12.91641],[77.634,12.91827],[77.6349,12.91797],[77.63475,12.91729],[77.63533,12.91707],[77.63618,12.91822],[77.63823,12.91794],[77.63864,12.92107],[77.6399,12.92378],[77.64136,12.92325],[77.64489,12.92442],[77.64976,12.92459]]]}},{"type":"Feature","properties":{"unitId":200,"unitName":"Koramangala PS"},"geometry":{"type":"Polygon","coordinates":[[[77.64314,12.929],[77.64353,12.92396],[77.64197,12.92338],[77.64109,12.92331],[77.63684,12.92517],[77.62881,12.92415],[77.61503,12.92968],[77.6101,12.93822],[77.61193,12.9381],[77.61728,12.9364],[77.61795,12.9392],[77.61533,12.94016],[77.61361,12.94186],[77.61388,12.94255],[77.61547,12.94301],[77.61596,12.94373],[77.61779,12.94348],[77.61855,12.94621],[77.62131,12.9515],[77.62207,12.95071],[77.62142,12.9495],[77.62378,12.94727],[77.62407,12.94582],[77.62596,12.94448],[77.62613,12.94176],[77.62689,12.94138],[77.62838,12.93883],[77.62997,12.93474],[77.63347,12.93105],[77.63644,12.92855],[77.63694,12.92857],[77.63843,12.9302],[77.64084,12.9291],[77.64314,12.929]]]}},{"type":"Feature","properties":{"unitId":201,"unitName":"Bommanahalli PS"},"geometry":{"type":"Polygon","coordinates":[[[77.62509,12.91292],[77.63673,12.89417],[77.6352,12.89416],[77.6351,12.89322],[77.62574,12.89456],[77.62556,12.88856],[77.6199,12.88887],[77.62019,12.89064],[77.62012,12.89145],[77.61962,12.89155],[77.6198,12.89266],[77.61607,12.89321],[77.61605,12.89289],[77.61347,12.89361],[77.61369,12.89475],[77.61286,12.89517],[77.61204,12.89776],[77.61243,12.89955],[77.61173,12.90007],[77.61181,12.9021],[77.61133,12.90265],[77.60901,12.90311],[77.60931,12.90503],[77.61264,12.90461],[77.61489,12.90847],[77.61656,12.91532],[77.61957,12.91254],[77.62509,12.91292]]]}},{"type":"Feature","properties":{"unitId":202,"unitName":"Madiwala PS"},"geometry":{"type":"Polygon","coordinates":[[[77.61382,12.93167],[77.61503,12.92968],[77.62881,12.92415],[77.63684,12.92517],[77.6399,12.92378],[77.63864,12.92107],[77.63823,12.91794],[77.63618,12.91822],[77.63533,12.91707],[77.63475,12.91729],[77.6349,12.91797],[77.634,12.91827],[77.6337,12.91641],[77.62851,12.9168],[77.62496,12.91768],[77.6191,12.91617],[77.61238,12.9164],[77.61299,12.91964],[77.61212,12.92005],[77.61192,12.92084],[77.61023,12.92255],[77.60878,12.92565],[77.61013,12.93237],[77.60977,12.9349],[77.61382,12.93167]]]}},{"type":"Feature","properties":{"unitId":203,"unitName":"Tilak Nagar PS"},"geometry":{"type":"Polygon","coordinates":[[[77.5849,12.93602],[77.58542,12.93602],[77.58577,12.9351],[77.58733,12.93461],[77.58727,12.934],[77.58968,12.93379],[77.58949,12.93253],[77.59231,12.93156],[77.5927,12.9361],[77.59438,12.93617],[77.59356,12.93187],[77.5946,12.93174],[77.59461,12.93226],[77.59529,12.93257],[77.59785,12.93264],[77.5993,12.93232],[77.60064,12.93111],[77.59975,12.91664],[77.58944,12.91683],[77.58955,12.92709],[77.58894,12.92768],[77.58773,12.92787],[77.58727,12.92854],[77.58612,12.92859],[77.58616,12.93294],[77.58486,12.93295],[77.5849,12.93602]]]}},{"type":"Feature","properties":{"unitId":204,"unitName":"Chamarajpet PS"},"geometry":{"type":"Polygon","coordinates":[[[77.5699,12.96401],[77.56841,12.96025],[77.56857,12.95713],[77.55924,12.95688],[77.55745,12.95545],[77.55548,12.95043],[77.55683,12.9499],[77.55661,12.94874],[77.55444,12.94917],[77.55329,12.95083],[77.55277,12.95056],[77.55158,12.95207],[77.5521,12.95752],[77.55488,12.9585],[77.55719,12.9608],[77.56277,12.96182],[77.5699,12.96401]]]}},{"type":"Feature","properties":{"unitId":205,"unitName":"City Market PS"},"geometry":{"type":"Polygon","coordinates":[[[77.58077,12.97187],[77.57969,12.96963],[77.58007,12.96944],[77.57779,12.9658],[77.57778,12.96505],[77.57902,12.96452],[77.57882,12.9636],[77.57529,12.96457],[77.57379,12.96444],[77.5738,12.96607],[77.57493,12.96835],[77.57306,12.96937],[77.57351,12.97136],[77.57391,12.97103],[77.57514,12.97355],[77.57568,12.97389],[77.58077,12.97187]]]}},{"type":"Feature","properties":{"unitId":206,"unitName":"Cottonpet PS"},"geometry":{"type":"Polygon","coordinates":[[[77.57146,12.98015],[77.57177,12.98018],[77.57119,12.97946],[77.57106,12.97466],[77.57177,12.97424],[77.57205,12.97316],[77.57279,12.9735],[77.57236,12.97251],[77.57351,12.97136],[77.57306,12.96937],[77.57493,12.96835],[77.5738,12.96607],[77.57378,12.96462],[77.56974,12.96423],[77.56277,12.96182],[77.55926,12.96133],[77.56418,12.96826],[77.56681,12.97119],[77.56734,12.97334],[77.56678,12.97523],[77.56794,12.98084],[77.5688,12.98221],[77.57146,12.98015]]]}},{"type":"Feature","properties":{"unitId":207,"unitName":"Kalasipalya PS"},"geometry":{"type":"Polygon","coordinates":[[[77.57683,12.96411],[77.58208,12.96343],[77.58182,12.96179],[77.58317,12.96072],[77.58231,12.9592],[77.58282,12.95888],[77.58356,12.96029],[77.58678,12.95921],[77.58539,12.95415],[77.58391,12.95382],[77.58183,12.94955],[77.58011,12.94834],[77.57998,12.95507],[77.57635,12.95648],[77.57632,12.95754],[77.57503,12.95764],[77.5754,12.95948],[77.5745,12.95974],[77.57683,12.96411]]]}},{"type":"Feature","properties":{"unitId":208,"unitName":"Upparpet PS"},"geometry":{"type":"Polygon","coordinates":[[[77.58433,12.97812],[77.58077,12.97187],[77.57568,12.97389],[77.57391,12.97103],[77.57236,12.97251],[77.57279,12.9735],[77.57205,12.97316],[77.57177,12.97424],[77.57106,12.97466],[77.57119,12.97946],[77.57177,12.98018],[77.57467,12.98077],[77.58066,12.98038],[77.58433,12.97812]]]}},{"type":"Feature","properties":{"unitId":209,"unitName":"Annapoorneshwari Nagar PS"},"geometry":{"type":"Polygon","coordinates":[[[77.51853,12.97732],[77.51844,12.97572],[77.5177,12.97511],[77.5173,12.97336],[77.51811,12.97259],[77.51787,12.97182],[77.51827,12.97042],[77.51733,12.9693],[77.51797,12.96724],[77.51729,12.96623],[77.51824,12.96504],[77.51739,12.96375],[77.5176,12.96206],[77.51592,12.96204],[77.51522,12.95972],[77.51147,12.9611],[77.5048,12.96035],[77.49304,12.96285],[77.4918,12.96213],[77.49155,12.9627],[77.49226,12.96307],[77.48885,12.96379],[77.48905,12.96559],[77.48264,12.96716],[77.48124,12.96794],[77.48338,12.97307],[77.4878,12.97154],[77.48744,12.97644],[77.48785,12.97637],[77.4901,12.97867],[77.49343,12.97885],[77.49332,12.97995],[77.49571,12.97923],[77.49693,12.98171],[77.50203,12.97984],[77.50275,12.98242],[77.50458,12.98213],[77.50536,12.98364],[77.50606,12.98296],[77.50704,12.98287],[77.50801,12.98449],[77.509,12.98402],[77.51081,12.9848],[77.51099,12.981],[77.51603,12.98008],[77.51563,12.97941],[77.5188,12.97832],[77.51853,12.97732]]]}},{"type":"Feature","properties":{"unitId":210,"unitName":"Byatarayanapura PS"},"geometry":{"type":"Polygon","coordinates":[[[77.54807,12.95718],[77.54834,12.95669],[77.55212,12.95735],[77.55174,12.95226],[77.5495,12.95228],[77.5493,12.95133],[77.55003,12.95091],[77.55007,12.95019],[77.54977,12.94738],[77.54906,12.94752],[77.54891,12.94574],[77.54822,12.94587],[77.54812,12.94519],[77.54711,12.94539],[77.54702,12.94483],[77.54634,12.94495],[77.54609,12.94403],[77.54527,12.94421],[77.5449,12.94318],[77.53678,12.94339],[77.53554,12.94103],[77.53422,12.94081],[77.53374,12.93869],[77.53337,12.93836],[77.53311,12.93875],[77.53219,12.93856],[77.53153,12.93355],[77.528,12.93398],[77.52656,12.93572],[77.52526,12.93595],[77.52479,12.9349],[77.52189,12.93348],[77.52199,12.93208],[77.52079,12.93158],[77.52012,12.93074],[77.51767,12.93233],[77.51808,12.93388],[77.51758,12.93495],[77.51629,12.93416],[77.51545,12.93555],[77.51409,12.93502],[77.5132,12.93687],[77.51784,12.94016],[77.52149,12.94176],[77.52501,12.94407],[77.52965,12.95094],[77.53582,12.95404],[77.54386,12.96399],[77.54807,12.95718]]]}},{"type":"Feature","properties":{"unitId":211,"unitName":"Chandra Layout PS"},"geometry":{"type":"Polygon","coordinates":[[[77.52941,12.96478],[77.52936,12.96442],[77.53039,12.96437],[77.53039,12.96365],[77.53407,12.96291],[77.53299,12.9601],[77.53476,12.95517],[77.53582,12.95404],[77.53417,12.95291],[77.52999,12.95124],[77.52501,12.94407],[77.52149,12.94176],[77.51784,12.94016],[77.51928,12.94253],[77.51876,12.9426],[77.51818,12.94428],[77.51791,12.94685],[77.51954,12.94707],[77.51932,12.95296],[77.51872,12.95292],[77.51899,12.9555],[77.5182,12.95588],[77.51625,12.95507],[77.51521,12.95261],[77.51305,12.95295],[77.51359,12.95524],[77.51208,12.95529],[77.51159,12.9592],[77.51238,12.95937],[77.51448,12.95795],[77.51584,12.96194],[77.5176,12.96206],[77.51739,12.96375],[77.51826,12.96529],[77.51729,12.96623],[77.51797,12.96724],[77.51733,12.9693],[77.51885,12.97192],[77.52121,12.97108],[77.52635,12.97052],[77.52704,12.97194],[77.52789,12.97189],[77.52656,12.9671],[77.52643,12.9646],[77.52941,12.96478]]]}},{"type":"Feature","properties":{"unitId":212,"unitName":"Jagajeevanram Nagar PS"},"geometry":{"type":"Polygon","coordinates":[[[77.56418,12.96826],[77.55926,12.96133],[77.55719,12.9608],[77.55488,12.9585],[77.55056,12.95705],[77.54834,12.95669],[77.54386,12.96399],[77.54779,12.96479],[77.55159,12.96805],[77.55653,12.9694],[77.55945,12.96896],[77.56222,12.96716],[77.56329,12.9674],[77.56418,12.96826]]]}},{"type":"Feature","properties":{"unitId":213,"unitName":"Jnanabharathi PS"},"geometry":{"type":"Polygon","coordinates":[[[77.48124,12.96794],[77.48264,12.96716],[77.48905,12.96559],[77.48885,12.96379],[77.49226,12.96307],[77.49155,12.9627],[77.4918,12.96213],[77.49304,12.96285],[77.5048,12.96035],[77.51147,12.9611],[77.51522,12.95972],[77.51442,12.95793],[77.51238,12.95937],[77.51168,12.95934],[77.5119,12.95571],[77.51208,12.95529],[77.51359,12.95524],[77.51305,12.95295],[77.51521,12.95261],[77.51625,12.95507],[77.5182,12.95588],[77.51899,12.9555],[77.51872,12.95292],[77.51932,12.95296],[77.51954,12.94707],[77.51791,12.94685],[77.51818,12.94428],[77.51876,12.9426],[77.51928,12.94253],[77.51883,12.94123],[77.5132,12.93687],[77.51409,12.93502],[77.51407,12.93375],[77.51261,12.93339],[77.51146,12.93243],[77.50896,12.9331],[77.5065,12.93129],[77.50667,12.93259],[77.5038,12.93457],[77.50159,12.9315],[77.49938,12.93187],[77.50008,12.93537],[77.49742,12.93636],[77.49762,12.93708],[77.49649,12.9383],[77.49285,12.93897],[77.49219,12.93502],[77.49033,12.9323],[77.47736,12.93656],[77.46948,12.93792],[77.47112,12.95757],[77.47102,12.97108],[77.47366,12.97082],[77.47342,12.9696],[77.48124,12.96794]]]}},{"type":"Feature","properties":{"unitId":214,"unitName":"Kengeri PS"},"geometry":{"type":"Polygon","coordinates":[[[77.50909,12.93299],[77.50708,12.93086],[77.50696,12.92897],[77.50428,12.92671],[77.5052,12.92539],[77.50409,12.92365],[77.50534,12.92295],[77.50411,12.91997],[77.50253,12.91944],[77.50312,12.91924],[77.50465,12.91614],[77.50602,12.91564],[77.50687,12.91357],[77.50763,12.9129],[77.50824,12.91023],[77.51086,12.90909],[77.51116,12.90804],[77.51043,12.90724],[77.51179,12.90543],[77.51118,12.90443],[77.51134,12.90276],[77.511,12.90251],[77.5142,12.90192],[77.51263,12.90025],[77.51372,12.89889],[77.51347,12.89813],[77.51422,12.89707],[77.51434,12.89443],[77.50946,12.88854],[77.49946,12.88281],[77.49495,12.87856],[77.49284,12.88131],[77.48845,12.88458],[77.48162,12.89127],[77.48146,12.89098],[77.47317,12.89809],[77.47057,12.9023],[77.46732,12.91137],[77.46936,12.92296],[77.46931,12.93793],[77.47519,12.93714],[77.4904,12.9323],[77.49219,12.93502],[77.49289,12.93896],[77.49649,12.9383],[77.49762,12.93708],[77.49742,12.93636],[77.50008,12.93537],[77.49938,12.93187],[77.50159,12.9315],[77.5038,12.93457],[77.50667,12.93259],[77.5065,12.93129],[77.50909,12.93299]]]}},{"type":"Feature","properties":{"unitId":215,"unitName":"Rajarajeshwari Nagar PS"},"geometry":{"type":"Polygon","coordinates":[[[77.53153,12.93355],[77.53245,12.92241],[77.53138,12.9143],[77.53013,12.911],[77.52587,12.9043],[77.52856,12.90499],[77.528,12.90204],[77.52869,12.90188],[77.52831,12.8999],[77.52915,12.89983],[77.52913,12.89803],[77.52792,12.89655],[77.52788,12.89514],[77.52652,12.89526],[77.52578,12.89587],[77.52545,12.89528],[77.52455,12.89536],[77.52436,12.89752],[77.52239,12.89737],[77.52113,12.89784],[77.52045,12.89678],[77.5209,12.89361],[77.51887,12.89292],[77.5185,12.89339],[77.51723,12.89318],[77.51589,12.89382],[77.51576,12.89241],[77.51498,12.89302],[77.51408,12.89287],[77.5141,12.89507],[77.51453,12.89556],[77.51417,12.89724],[77.51347,12.89813],[77.51366,12.89904],[77.51263,12.90025],[77.51422,12.90155],[77.51415,12.90206],[77.511,12.90251],[77.51134,12.90276],[77.51118,12.90443],[77.51179,12.90543],[77.51043,12.90724],[77.51116,12.90804],[77.51086,12.90909],[77.50824,12.91023],[77.50763,12.9129],[77.50687,12.91357],[77.50602,12.91564],[77.50465,12.91614],[77.50312,12.91924],[77.50253,12.91944],[77.50411,12.91997],[77.50534,12.92295],[77.50409,12.92365],[77.5052,12.92539],[77.50428,12.92671],[77.50696,12.92897],[77.50708,12.93086],[77.50909,12.93299],[77.51146,12.93243],[77.51261,12.93339],[77.51407,12.93375],[77.51409,12.93502],[77.5148,12.93557],[77.51545,12.93555],[77.51597,12.93422],[77.51758,12.93495],[77.51808,12.93388],[77.51767,12.93233],[77.52012,12.93074],[77.52079,12.93158],[77.52199,12.93208],[77.52189,12.93348],[77.52479,12.9349],[77.52526,12.93595],[77.52656,12.93572],[77.528,12.93398],[77.53153,12.93355]]]}},{"type":"Feature","properties":{"unitId":216,"unitName":"Basaveshwara Nagar PS"},"geometry":{"type":"Polygon","coordinates":[[[77.55013,12.99774],[77.55105,12.99409],[77.55097,12.99139],[77.54908,12.98442],[77.54477,12.98507],[77.5446,12.98294],[77.54268,12.98289],[77.54224,12.98576],[77.53813,12.98778],[77.53442,12.98838],[77.53304,12.9891],[77.53353,12.9896],[77.53272,12.99005],[77.53283,12.99064],[77.52576,12.99183],[77.52298,12.9931],[77.52363,12.99557],[77.52459,12.99644],[77.52506,12.99795],[77.526,12.99796],[77.52583,12.99868],[77.54067,13.00245],[77.54121,12.99946],[77.54315,12.99838],[77.54568,12.99753],[77.55013,12.99774]]]}},{"type":"Feature","properties":{"unitId":217,"unitName":"Kamakshipalya PS"},"geometry":{"type":"Polygon","coordinates":[[[77.50253,13.00013],[77.50497,12.99947],[77.50487,12.99893],[77.51062,12.99731],[77.51083,12.99781],[77.51384,12.99731],[77.51402,12.99913],[77.51748,12.99872],[77.51772,12.9976],[77.51899,12.99755],[77.52012,12.99686],[77.52329,12.99793],[77.52439,12.99994],[77.52597,12.99857],[77.526,12.99796],[77.52495,12.99783],[77.52459,12.99644],[77.52363,12.99557],[77.52298,12.9931],[77.52576,12.99183],[77.53283,12.99064],[77.53272,12.99005],[77.53353,12.9896],[77.53304,12.9891],[77.53442,12.98838],[77.53751,12.98795],[77.53724,12.98212],[77.53679,12.98065],[77.53321,12.98191],[77.5327,12.9797],[77.5308,12.97843],[77.52702,12.97888],[77.52676,12.97798],[77.52477,12.97693],[77.52307,12.97712],[77.52286,12.97652],[77.51853,12.97732],[77.5188,12.97832],[77.51563,12.97941],[77.51603,12.98008],[77.51099,12.981],[77.51081,12.9848],[77.509,12.98402],[77.50801,12.98449],[77.50704,12.98287],[77.50606,12.98296],[77.50536,12.98364],[77.50458,12.98213],[77.50148,12.98305],[77.5016,12.9844],[77.50088,12.98465],[77.50171,12.98786],[77.50114,12.98845],[77.50123,12.98942],[77.49736,12.98874],[77.49733,12.98982],[77.49937,12.99074],[77.4993,12.99259],[77.50006,12.99516],[77.50054,12.99594],[77.50142,12.99615],[77.50103,12.99634],[77.50136,12.99699],[77.49979,12.998],[77.49992,12.99842],[77.50053,12.9983],[77.50145,13.00033],[77.50253,13.00013]]]}},{"type":"Feature","properties":{"unitId":218,"unitName":"Kempapura Agrahara PS"},"geometry":{"type":"Polygon","coordinates":[[[77.56684,12.97177],[77.5667,12.971],[77.56297,12.96725],[77.56175,12.96726],[77.55945,12.96896],[77.55653,12.9694],[77.55159,12.96805],[77.54779,12.96479],[77.546,12.96424],[77.54364,12.96429],[77.5479,12.97443],[77.55047,12.97369],[77.55331,12.97547],[77.56444,12.97586],[77.5661,12.97437],[77.56684,12.97177]]]}},{"type":"Feature","properties":{"unitId":219,"unitName":"Magadi Road PS"},"geometry":{"type":"Polygon","coordinates":[[[77.5491,12.98494],[77.5542,12.98422],[77.55637,12.98509],[77.55802,12.98357],[77.56002,12.98336],[77.5612,12.98259],[77.56435,12.9819],[77.5688,12.98221],[77.56794,12.98084],[77.56678,12.97523],[77.56734,12.97334],[77.56684,12.97177],[77.5661,12.97437],[77.56444,12.97586],[77.55331,12.97547],[77.55013,12.97374],[77.5479,12.97443],[77.54836,12.97507],[77.54556,12.97763],[77.54119,12.97873],[77.53679,12.98065],[77.53724,12.98212],[77.53751,12.98791],[77.54224,12.98576],[77.54268,12.98289],[77.5446,12.98294],[77.54477,12.98507],[77.54908,12.98442],[77.5491,12.98494]]]}},{"type":"Feature","properties":{"unitId":220,"unitName":"Govindarajanagar PS"},"geometry":{"type":"Polygon","coordinates":[[[77.53679,12.98065],[77.54119,12.97873],[77.54527,12.97777],[77.54836,12.97507],[77.54733,12.97424],[77.54363,12.97409],[77.53828,12.97268],[77.53407,12.96291],[77.53039,12.96365],[77.53039,12.96437],[77.52936,12.96442],[77.52941,12.96478],[77.52643,12.9646],[77.52656,12.9671],[77.52789,12.97189],[77.52704,12.97194],[77.52635,12.97052],[77.52121,12.97108],[77.51885,12.97192],[77.51824,12.9708],[77.51811,12.97259],[77.5173,12.97336],[77.5177,12.97511],[77.51844,12.97572],[77.51853,12.97732],[77.52286,12.97652],[77.52307,12.97712],[77.52477,12.97693],[77.52676,12.97798],[77.52702,12.97888],[77.53066,12.97836],[77.5327,12.9797],[77.53321,12.98191],[77.53679,12.98065]]]}},{"type":"Feature","properties":{"unitId":221,"unitName":"Byadarahalli PS"},"geometry":{"type":"Polygon","coordinates":[[[77.49771,13.0174],[77.49912,13.01394],[77.49976,13.01353],[77.49988,13.01194],[77.49785,13.01162],[77.49788,13.01075],[77.49826,13.01077],[77.4984,13.00959],[77.49991,13.00928],[77.49922,13.00857],[77.4984,13.00905],[77.49757,13.00386],[77.4953,13.00451],[77.49429,13.00175],[77.49391,13.00186],[77.49356,13.00099],[77.49515,13.00078],[77.4954,13.00014],[77.49791,12.99921],[77.4976,12.99864],[77.49962,12.99809],[77.50136,12.99699],[77.50128,12.99584],[77.50054,12.99594],[77.4999,12.99471],[77.4993,12.99259],[77.49937,12.99074],[77.49733,12.98982],[77.49736,12.98874],[77.50123,12.98942],[77.50114,12.98845],[77.50171,12.98786],[77.50088,12.98465],[77.5016,12.9844],[77.50148,12.98305],[77.50275,12.98242],[77.50203,12.97984],[77.49693,12.98171],[77.49571,12.97923],[77.49332,12.97995],[77.49343,12.97885],[77.4901,12.97867],[77.48785,12.97637],[77.48744,12.97644],[77.4878,12.97154],[77.48348,12.97314],[77.48124,12.96794],[77.47342,12.9696],[77.47366,12.97082],[77.47102,12.97108],[77.47036,12.98303],[77.4735,12.99724],[77.4742,13.00671],[77.47574,13.01616],[77.47679,13.01615],[77.47733,13.01725],[77.48239,13.01897],[77.48501,13.01851],[77.48568,13.01906],[77.48578,13.02026],[77.48971,13.01986],[77.49209,13.02114],[77.49217,13.02074],[77.49374,13.02092],[77.49399,13.02033],[77.4949,13.02023],[77.49593,13.01805],[77.49771,13.0174]]]}},{"type":"Feature","properties":{"unitId":222,"unitName":"Shankarapuram PS"},"geometry":{"type":"Polygon","coordinates":[[[77.57372,12.94828],[77.56759,12.94818],[77.56735,12.95709],[77.5735,12.95734],[77.57372,12.94828]]]}},{"type":"Feature","properties":{"unitId":223,"unitName":"Hanumathanagar PS"},"geometry":{"type":"Polygon","coordinates":[[[77.55158,12.95207],[77.55277,12.95056],[77.55329,12.95083],[77.55444,12.94917],[77.55892,12.94827],[77.55865,12.94619],[77.56177,12.94603],[77.56196,12.94653],[77.56423,12.94667],[77.5642,12.94718],[77.5677,12.94726],[77.56772,12.94274],[77.56592,12.93976],[77.56611,12.93344],[77.56302,12.93432],[77.56267,12.93344],[77.56204,12.93412],[77.56221,12.9346],[77.55603,12.93607],[77.55392,12.93365],[77.55288,12.93323],[77.55198,12.9337],[77.55164,12.93429],[77.55299,12.9374],[77.55368,12.94188],[77.55,12.94215],[77.55028,12.94291],[77.54945,12.94505],[77.55003,12.95091],[77.5493,12.95133],[77.5495,12.95228],[77.55158,12.95207]]]}},{"type":"Feature","properties":{"unitId":224,"unitName":"Hulimavu PS"},"geometry":{"type":"Polygon","coordinates":[[[77.6123,12.88701],[77.61511,12.88681],[77.61595,12.88519],[77.61826,12.88478],[77.61744,12.881],[77.61859,12.88061],[77.61801,12.8769],[77.62253,12.87586],[77.62172,12.87349],[77.62253,12.87344],[77.62165,12.87089],[77.62216,12.86948],[77.61967,12.8659],[77.61308,12.86099],[77.60919,12.85352],[77.60932,12.84605],[77.61203,12.84374],[77.61285,12.83815],[77.60523,12.83523],[77.6035,12.832],[77.6005,12.83385],[77.59732,12.83269],[77.59463,12.83308],[77.59283,12.83442],[77.59054,12.83491],[77.59054,12.83554],[77.58905,12.83505],[77.58809,12.84372],[77.58901,12.85857],[77.59453,12.87437],[77.59684,12.88725],[77.59804,12.89058],[77.60302,12.88891],[77.60321,12.88725],[77.60632,12.88666],[77.6123,12.88701]]]}},{"type":"Feature","properties":{"unitId":225,"unitName":"Mico layout Bangalore PS"},"geometry":{"type":"Polygon","coordinates":[[[77.62509,12.91292],[77.61957,12.91254],[77.61656,12.91532],[77.61489,12.90847],[77.61264,12.90461],[77.60931,12.90503],[77.60901,12.90311],[77.61133,12.90265],[77.61181,12.9021],[77.61173,12.90007],[77.61243,12.89955],[77.61204,12.89776],[77.61286,12.89517],[77.61369,12.89475],[77.61347,12.89361],[77.61297,12.89356],[77.6125,12.89187],[77.61204,12.89163],[77.61177,12.89015],[77.61232,12.88695],[77.60632,12.88666],[77.60321,12.88725],[77.60302,12.88891],[77.59804,12.89058],[77.60091,12.9002],[77.60185,12.90513],[77.60029,12.90728],[77.59975,12.91664],[77.6191,12.91617],[77.62267,12.91716],[77.62509,12.91292]]]}},{"type":"Feature","properties":{"unitId":226,"unitName":"Vijayanagar PS"},"geometry":{"type":"Polygon","coordinates":[[[77.54774,12.97429],[77.54364,12.96429],[77.54386,12.96399],[77.53582,12.95404],[77.53476,12.95517],[77.53299,12.96018],[77.53791,12.97226],[77.53874,12.97299],[77.5413,12.97362],[77.54774,12.97429]]]}},{"type":"Feature","properties":{"unitId":227,"unitName":"Thalaghattapura PS"},"geometry":{"type":"Polygon","coordinates":[[[77.48252,12.89035],[77.48663,12.88616],[77.4939,12.88022],[77.49313,12.87825],[77.49319,12.87648],[77.48923,12.87171],[77.4862,12.87117],[77.48249,12.87239],[77.48271,12.87394],[77.48109,12.87411],[77.48169,12.878],[77.47822,12.8779],[77.47583,12.87843],[77.47482,12.88005],[77.47516,12.88095],[77.4789,12.88445],[77.47877,12.88612],[77.48285,12.88595],[77.48224,12.88878],[77.48102,12.89015],[77.48162,12.89127],[77.48252,12.89035]]]}},{"type":"Feature","properties":{"unitId":228,"unitName":"Konanakunte PS"},"geometry":{"type":"Polygon","coordinates":[[[77.57594,12.89143],[77.58181,12.89217],[77.5823,12.88566],[77.58419,12.87977],[77.58408,12.87446],[77.58318,12.87065],[77.58492,12.87054],[77.5878,12.86941],[77.5914,12.87124],[77.59356,12.87113],[77.58901,12.85857],[77.58809,12.84372],[77.58905,12.83505],[77.58708,12.83363],[77.58061,12.83784],[77.57379,12.83898],[77.57274,12.83959],[77.57549,12.84561],[77.57946,12.85848],[77.57785,12.85871],[77.57788,12.85955],[77.57671,12.85998],[77.57612,12.85735],[77.57509,12.8578],[77.57555,12.86008],[77.57408,12.86027],[77.57418,12.86173],[77.57458,12.86261],[77.57498,12.86259],[77.57538,12.8658],[77.57483,12.86584],[77.57496,12.86667],[77.57375,12.8675],[77.5743,12.87056],[77.57318,12.87265],[77.57336,12.87394],[77.57078,12.8735],[77.57035,12.87378],[77.5704,12.87451],[77.56929,12.87535],[77.5634,12.87783],[77.56187,12.87587],[77.56159,12.8764],[77.56084,12.87553],[77.56024,12.87576],[77.55987,12.87508],[77.54863,12.88353],[77.56072,12.88726],[77.56813,12.89384],[77.57124,12.89728],[77.57206,12.89688],[77.57206,12.89191],[77.57594,12.89143]]]}},{"type":"Feature","properties":{"unitId":229,"unitName":"Yelahanka PS"},"geometry":{"type":"Polygon","coordinates":[[[77.63292,13.13099],[77.63041,13.12606],[77.63042,13.12229],[77.63414,13.11771],[77.63446,13.11232],[77.63359,13.10879],[77.6349,13.10185],[77.61683,13.10426],[77.61633,13.10353],[77.61691,13.10168],[77.61717,13.0978],[77.60732,13.09735],[77.60782,13.09476],[77.60995,13.09063],[77.61249,13.08761],[77.61369,13.08276],[77.61485,13.08025],[77.61427,13.08029],[77.61329,13.08156],[77.61196,13.08197],[77.6112,13.07927],[77.61046,13.07899],[77.60286,13.08584],[77.60174,13.08127],[77.59476,13.08174],[77.59472,13.08279],[77.59366,13.08267],[77.59289,13.07357],[77.58867,13.07263],[77.58244,13.073],[77.58117,13.07004],[77.5755,13.07187],[77.57181,13.07232],[77.57184,13.07387],[77.56405,13.07722],[77.56411,13.07817],[77.56271,13.07996],[77.56499,13.08419],[77.56314,13.08635],[77.56006,13.08831],[77.55965,13.0923],[77.56137,13.09392],[77.56302,13.09753],[77.56987,13.09791],[77.5694,13.09372],[77.57002,13.09227],[77.57164,13.0941],[77.57606,13.09303],[77.57595,13.09203],[77.5777,13.09146],[77.57765,13.091],[77.58141,13.08996],[77.58158,13.0906],[77.58314,13.09015],[77.58404,13.09225],[77.58941,13.09237],[77.59116,13.0931],[77.59166,13.09405],[77.59354,13.10003],[77.5871,13.11405],[77.5856,13.12599],[77.58572,13.12751],[77.58788,13.12682],[77.58899,13.13635],[77.59105,13.13801],[77.59443,13.14056],[77.59591,13.13853],[77.59658,13.1366],[77.59683,13.14054],[77.60091,13.14039],[77.60198,13.14174],[77.60437,13.14145],[77.60597,13.14284],[77.60771,13.14252],[77.60887,13.14605],[77.60943,13.14614],[77.60957,13.14465],[77.61355,13.14101],[77.61646,13.13903],[77.6175,13.13799],[77.61752,13.13686],[77.62234,13.1358],[77.62298,13.13781],[77.62669,13.13789],[77.63166,13.13657],[77.63075,13.13152],[77.63292,13.13099]]]}},{"type":"Feature","properties":{"unitId":230,"unitName":"Bagalur PS"},"geometry":{"type":"Polygon","coordinates":[[[77.72898,13.18523],[77.72364,13.17741],[77.73023,13.17331],[77.72982,13.17211],[77.72732,13.1692],[77.72803,13.16831],[77.72592,13.16236],[77.726,13.15815],[77.72721,13.15546],[77.72931,13.15402],[77.72849,13.15234],[77.72845,13.14876],[77.72557,13.14914],[77.72427,13.14573],[77.72253,13.14481],[77.72247,13.14374],[77.72013,13.14267],[77.72059,13.13616],[77.7259,13.1352],[77.72475,13.12833],[77.72541,13.1139],[77.72487,13.11239],[77.72258,13.11192],[77.72163,13.10657],[77.72171,13.10358],[77.72022,13.09998],[77.71547,13.09775],[77.71315,13.09853],[77.71126,13.09803],[77.70753,13.09809],[77.70186,13.10035],[77.70107,13.10306],[77.67961,13.10022],[77.6757,13.10013],[77.67362,13.10083],[77.67322,13.0998],[77.6698,13.09707],[77.66716,13.09582],[77.66411,13.09581],[77.66356,13.09404],[77.66386,13.09161],[77.66311,13.08912],[77.66116,13.088],[77.65713,13.08878],[77.65499,13.08846],[77.65464,13.0862],[77.65586,13.08601],[77.65575,13.08437],[77.65431,13.08409],[77.65341,13.08136],[77.64976,13.08072],[77.64619,13.08632],[77.64641,13.08828],[77.64903,13.08797],[77.6501,13.09019],[77.64541,13.09249],[77.64452,13.0935],[77.64455,13.09441],[77.64013,13.0961],[77.64108,13.09895],[77.63927,13.09938],[77.63933,13.09991],[77.63529,13.10054],[77.63359,13.10879],[77.63446,13.11232],[77.63414,13.11771],[77.63042,13.12229],[77.63041,13.12606],[77.63681,13.13951],[77.63769,13.14737],[77.6412,13.14993],[77.64233,13.15252],[77.64259,13.15672],[77.64618,13.15503],[77.65284,13.15362],[77.65737,13.15208],[77.66479,13.15586],[77.66549,13.16934],[77.66614,13.17099],[77.6669,13.17123],[77.66684,13.17185],[77.66733,13.1713],[77.66836,13.17143],[77.66971,13.17071],[77.6719,13.17093],[77.67179,13.17313],[77.67266,13.17548],[77.67521,13.17563],[77.67648,13.18169],[77.67542,13.18754],[77.67899,13.18721],[77.68043,13.18754],[77.6939,13.18748],[77.69392,13.18793],[77.71191,13.18773],[77.72898,13.18523]]]}},{"type":"Feature","properties":{"unitId":231,"unitName":"Begur PS"},"geometry":{"type":"Polygon","coordinates":[[[77.63673,12.89417],[77.64723,12.87722],[77.64935,12.87472],[77.64291,12.87372],[77.64022,12.87443],[77.63847,12.87797],[77.63779,12.8788],[77.63645,12.8793],[77.63576,12.87765],[77.63415,12.8671],[77.63038,12.86653],[77.62709,12.86524],[77.62177,12.862],[77.61467,12.85675],[77.6098,12.85506],[77.61308,12.86099],[77.61967,12.8659],[77.62067,12.86711],[77.62216,12.86948],[77.62165,12.87089],[77.62253,12.87344],[77.62172,12.87349],[77.62253,12.87586],[77.61801,12.8769],[77.61859,12.88061],[77.61744,12.881],[77.61826,12.88478],[77.61595,12.88519],[77.61511,12.88681],[77.61224,12.88713],[77.61177,12.89015],[77.61297,12.89356],[77.6198,12.89266],[77.61962,12.89155],[77.62012,12.89145],[77.62019,12.89064],[77.6199,12.88887],[77.62556,12.88856],[77.62574,12.89456],[77.6351,12.89322],[77.6352,12.89416],[77.63673,12.89417]]]}},{"type":"Feature","properties":{"unitId":232,"unitName":"Vidhyaranyapura  PS"},"geometry":{"type":"Polygon","coordinates":[[[77.54063,13.10086],[77.54398,13.09979],[77.54439,13.10071],[77.54684,13.10048],[77.54584,13.09622],[77.54614,13.09137],[77.54667,13.08832],[77.54713,13.08782],[77.54736,13.08898],[77.55239,13.08882],[77.553,13.08867],[77.55241,13.087],[77.5557,13.08657],[77.5557,13.08839],[77.5567,13.09019],[77.55958,13.09241],[77.56006,13.08831],[77.56314,13.08635],[77.56499,13.08419],[77.56271,13.07996],[77.56411,13.07817],[77.56405,13.07722],[77.57029,13.07445],[77.5675,13.07495],[77.5656,13.07078],[77.56475,13.06987],[77.56216,13.06885],[77.56369,13.06857],[77.56571,13.06454],[77.56635,13.06452],[77.5662,13.06385],[77.56849,13.06298],[77.56818,13.05998],[77.57047,13.05688],[77.56851,13.05339],[77.56602,13.05638],[77.56267,13.05904],[77.55756,13.05867],[77.55561,13.05793],[77.55143,13.05779],[77.55113,13.06214],[77.54929,13.0626],[77.55111,13.06483],[77.55185,13.06684],[77.55317,13.06665],[77.55514,13.06991],[77.55148,13.07156],[77.55339,13.07594],[77.55137,13.07731],[77.54744,13.07848],[77.54807,13.08151],[77.54608,13.0815],[77.5452,13.08241],[77.54246,13.08046],[77.54167,13.08071],[77.54098,13.07949],[77.54273,13.07879],[77.54138,13.07304],[77.53716,13.07314],[77.53602,13.07117],[77.53321,13.07203],[77.53328,13.073],[77.53171,13.07266],[77.53138,13.07319],[77.53152,13.07561],[77.53096,13.0763],[77.53078,13.07787],[77.53041,13.0779],[77.53024,13.08211],[77.53084,13.08281],[77.53476,13.08412],[77.53677,13.08391],[77.53673,13.08648],[77.538,13.08885],[77.5386,13.08875],[77.53891,13.0907],[77.53412,13.09184],[77.53184,13.10027],[77.53434,13.10131],[77.53547,13.10051],[77.53654,13.10191],[77.54063,13.10086]]]}},{"type":"Feature","properties":{"unitId":233,"unitName":"Suddaguntepalya  PS"},"geometry":{"type":"Polygon","coordinates":[[[77.60994,12.93112],[77.6088,12.92513],[77.61212,12.92005],[77.61299,12.91964],[77.61238,12.9164],[77.59975,12.91664],[77.60052,12.92988],[77.60155,12.93728],[77.60642,12.93658],[77.60977,12.9349],[77.60994,12.93112]]]}},{"type":"Feature","properties":{"unitId":234,"unitName":"Bandepalya PS"},"geometry":{"type":"Polygon","coordinates":[[[77.65071,12.90189],[77.65192,12.90142],[77.6532,12.90202],[77.65867,12.90149],[77.66028,12.9032],[77.66198,12.90363],[77.65864,12.89913],[77.65839,12.89685],[77.65709,12.89406],[77.6562,12.89377],[77.65281,12.89458],[77.65086,12.89355],[77.64911,12.89106],[77.64967,12.88931],[77.64394,12.89059],[77.63983,12.8891],[77.62922,12.90638],[77.63548,12.90722],[77.63899,12.90581],[77.64669,12.90065],[77.64742,12.89956],[77.64908,12.89977],[77.65016,12.89938],[77.65071,12.90189]]]}}]}