{"type":"FeatureCollection","features":[{"type":"Feature","properties":{"unitId":235,"unitName":"Aurad PS"},"geometry":{"type":"Polygon","coordinates":[[[77.42824,18.31262],[77.43042,18.31213],[77.43089,18.31242],[77.43774,18.31047],[77.43807,18.30876],[77.43855,18.30833],[77.43721,18.30318],[77.43664,18.29555],[77.43706,18.29196],[77.43816,18.29043],[77.43842,18.28765],[77.43979,18.28566],[77.44105,18.28156],[77.44463,18.28322],[77.44619,18.28329],[77.44678,18.2809],[77.44607,18.27559],[77.44776,18.2723],[77.44799,18.27],[77.45176,18.26996],[77.45093,18.26806],[77.45394,18.26667],[77.45729,18.26639],[77.46111,18.26398],[77.46425,18.26294],[77.46613,18.26302],[77.46858,18.26445],[77.47241,18.26539],[77.47279,18.26215],[77.47285,18.25917],[77.4718,18.25418],[77.47252,18.24742],[77.47176,18.24613],[77.47095,18.24253],[77.47016,18.24233],[77.47001,18.23945],[77.4693,18.23877],[77.47011,18.23592],[77.46443,18.23399],[77.46364,18.2339],[77.46238,18.23466],[77.45889,18.23249],[77.45313,18.23091],[77.4437,18.2363],[77.44058,18.23932],[77.43924,18.23871],[77.43863,18.23764],[77.43373,18.23772],[77.4337,18.23721],[77.43182,18.23809],[77.43134,18.23724],[77.43134,18.23481],[77.4272,18.23461],[77.42721,18.23345],[77.42679,18.23349],[77.4258,18.2318],[77.42636,18.23004],[77.42419,18.22866],[77.42528,18.2238],[77.42645,18.22212],[77.42609,18.22061],[77.42739,18.21592],[77.4269,18.21213],[77.42745,18.20969],[77.4279,18.20936],[77.42772,18.20712],[77.42808,18.20698],[77.42816,18.20483],[77.42747,18.20451],[77.43155,18.19226],[77.42863,18.19244],[77.42861,18.19294],[77.42771,18.19313],[77.41987,18.1925],[77.41986,18.19122],[77.42085,18.19103],[77.42099,18.19031],[77.41987,18.19021],[77.41977,18.18973],[77.4169,18.18999],[77.41264,18.19122],[77.41291,18.19238],[77.411,18.19329],[77.41176,18.19518],[77.4094,18.19618],[77.41016,18.19809],[77.40483,18.1979],[77.40394,18.19766],[77.40403,18.19715],[77.40325,18.19707],[77.40306,18.19745],[77.39507,18.19617],[77.39438,18.19518],[77.39428,18.19554],[77.39172,18.19573],[77.391,18.19601],[77.39005,18.19835],[77.38918,18.20367],[77.38755,18.20585],[77.38399,18.20719],[77.3811,18.21005],[77.37589,18.21318],[77.37087,18.21471],[77.36964,18.21395],[77.36232,18.2175],[77.3612,18.21848],[77.35914,18.2219],[77.35528,18.22484],[77.35569,18.22847],[77.35474,18.24043],[77.35535,18.24054],[77.3565,18.24626],[77.35624,18.25064],[77.3503,18.25563],[77.35102,18.25885],[77.35086,18.26075],[77.34478,18.26533],[77.34346,18.26495],[77.34079,18.26076],[77.34137,18.25881],[77.34071,18.2572],[77.33717,18.2531],[77.33622,18.25301],[77.33478,18.25539],[77.33129,18.25494],[77.32767,18.25269],[77.31765,18.25254],[77.31652,18.25537],[77.31571,18.25519],[77.31501,18.25605],[77.31315,18.25637],[77.31304,18.25958],[77.31041,18.26059],[77.31117,18.26279],[77.30631,18.26332],[77.30751,18.26525],[77.30774,18.26666],[77.3065,18.27496],[77.30891,18.27497],[77.31149,18.27812],[77.31872,18.27686],[77.31938,18.27911],[77.32295,18.27905],[77.32318,18.27964],[77.32427,18.27977],[77.33248,18.27942],[77.33331,18.28075],[77.33378,18.28312],[77.33614,18.28518],[77.33819,18.28513],[77.33756,18.28791],[77.34201,18.29026],[77.34896,18.29216],[77.35018,18.29547],[77.35215,18.29717],[77.35106,18.29973],[77.35231,18.30165],[77.35369,18.30279],[77.35321,18.30281],[77.35337,18.30439],[77.35461,18.30565],[77.35723,18.30712],[77.35714,18.30764],[77.36056,18.30874],[77.36255,18.30999],[77.36414,18.31061],[77.36578,18.30887],[77.36778,18.30834],[77.37647,18.30972],[77.37646,18.30936],[77.38518,18.30906],[77.38531,18.30852],[77.3869,18.30832],[77.3875,18.3078],[77.38937,18.30786],[77.39194,18.30521],[77.39347,18.30433],[77.39729,18.30397],[77.4007,18.3051],[77.40231,18.30465],[77.40276,18.30282],[77.41235,18.3022],[77.41315,18.30363],[77.41391,18.30372],[77.41682,18.30643],[77.41901,18.30679],[77.42309,18.30854],[77.42492,18.3076],[77.42824,18.31262]]]}},{"type":"Feature","properties":{"unitId":236,"unitName":"Chintaki PS"},"geometry":{"type":"Polygon","coordinates":[[[77.55814,18.28535],[77.56108,18.28397],[77.56453,18.28526],[77.56637,18.28649],[77.56877,18.28967],[77.56945,18.29203],[77.57021,18.29223],[77.57238,18.29484],[77.57331,18.29416],[77.57301,18.29225],[77.57355,18.29026],[77.57625,18.28901],[77.5783,18.28618],[77.5917,18.28329],[77.5985,18.28286],[77.60058,18.28197],[77.60329,18.27988],[77.60295,18.27903],[77.60121,18.27888],[77.59964,18.27438],[77.59772,18.27084],[77.59713,18.27097],[77.59618,18.26797],[77.59439,18.26488],[77.59138,18.26167],[77.59076,18.26127],[77.58667,18.26133],[77.58421,18.26078],[77.58175,18.25905],[77.57902,18.25477],[77.57844,18.2545],[77.57286,18.24291],[77.57261,18.23956],[77.57462,18.23787],[77.57657,18.23718],[77.58029,18.23223],[77.58077,18.23098],[77.58002,18.22952],[77.58173,18.22813],[77.5818,18.2258],[77.58335,18.22218],[77.58623,18.2182],[77.58147,18.21686],[77.58077,18.21617],[77.57453,18.20207],[77.57031,18.20442],[77.56462,18.20382],[77.56324,18.20116],[77.56316,18.19993],[77.56384,18.19979],[77.56324,18.19539],[77.5635,18.19375],[77.56641,18.1942],[77.57018,18.19266],[77.57151,18.19021],[77.57235,18.18213],[77.57481,18.17632],[77.57439,18.17446],[77.57794,18.17125],[77.57931,18.16844],[77.58132,18.16612],[77.58335,18.1612],[77.58674,18.15896],[77.59164,18.15659],[77.59396,18.15657],[77.59545,18.1574],[77.5976,18.15741],[77.59767,18.15703],[77.59673,18.15691],[77.59636,18.1548],[77.5945,18.14109],[77.59444,18.1371],[77.59514,18.13384],[77.59603,18.13254],[77.59604,18.12775],[77.59725,18.12245],[77.59311,18.1243],[77.58548,18.12498],[77.58214,18.12677],[77.5743,18.12805],[77.57478,18.12622],[77.5716,18.1268],[77.57173,18.12721],[77.57033,18.12754],[77.56644,18.1279],[77.56577,18.12741],[77.55955,18.12707],[77.55353,18.12774],[77.55021,18.12648],[77.54738,18.12659],[77.54752,18.1346],[77.54544,18.14157],[77.54554,18.15114],[77.54439,18.15174],[77.54377,18.15417],[77.54373,18.15511],[77.54512,18.15834],[77.54233,18.15896],[77.53955,18.159],[77.53849,18.15859],[77.53475,18.15982],[77.53442,18.15902],[77.52721,18.1604],[77.52479,18.16257],[77.51715,18.167],[77.51658,18.16623],[77.51329,18.16589],[77.51055,18.16439],[77.51017,18.16501],[77.50759,18.16488],[77.50292,18.16566],[77.49275,18.17064],[77.49161,18.17464],[77.48749,18.17558],[77.483,18.17775],[77.48186,18.17748],[77.47497,18.17834],[77.46924,18.18034],[77.46957,18.18994],[77.4682,18.19683],[77.46783,18.20209],[77.46578,18.20167],[77.46054,18.20242],[77.45813,18.20212],[77.45559,18.20114],[77.45209,18.19812],[77.44911,18.19393],[77.44319,18.19292],[77.44099,18.19315],[77.43741,18.19259],[77.43697,18.19161],[77.43131,18.1924],[77.42747,18.20451],[77.42816,18.20483],[77.42808,18.20698],[77.42772,18.20712],[77.4279,18.20936],[77.42745,18.20969],[77.4269,18.21213],[77.42739,18.21592],[77.42609,18.22061],[77.42645,18.22212],[77.42528,18.2238],[77.42419,18.22866],[77.42636,18.23004],[77.4258,18.2318],[77.42679,18.23349],[77.42721,18.23345],[77.4272,18.23461],[77.43134,18.23481],[77.43134,18.23724],[77.43182,18.23809],[77.4337,18.23721],[77.43373,18.23772],[77.43863,18.23764],[77.43924,18.23871],[77.44058,18.23932],[77.4437,18.2363],[77.45313,18.23091],[77.45889,18.23249],[77.46238,18.23466],[77.46364,18.2339],[77.46443,18.23399],[77.47011,18.23592],[77.4693,18.23877],[77.47001,18.23945],[77.47016,18.24233],[77.47095,18.24253],[77.47176,18.24613],[77.47252,18.24742],[77.4718,18.25418],[77.47285,18.25917],[77.47241,18.26539],[77.47449,18.26557],[77.47552,18.26518],[77.47658,18.26678],[77.47969,18.26901],[77.47988,18.27024],[77.48115,18.27199],[77.4841,18.27019],[77.48616,18.26993],[77.48914,18.26817],[77.49054,18.26799],[77.49128,18.26869],[77.49403,18.26941],[77.49504,18.27157],[77.49556,18.27143],[77.49624,18.27273],[77.49642,18.27428],[77.4973,18.27478],[77.49766,18.27389],[77.49765,18.27521],[77.50099,18.27657],[77.50262,18.27823],[77.50522,18.28408],[77.50823,18.28448],[77.50999,18.29022],[77.51031,18.29311],[77.50907,18.29506],[77.51082,18.2978],[77.51071,18.30105],[77.51019,18.3012],[77.5089,18.30469],[77.50921,18.30676],[77.51189,18.30968],[77.51345,18.31039],[77.51698,18.31007],[77.52351,18.3086],[77.52587,18.30547],[77.53207,18.29977],[77.53675,18.29755],[77.54863,18.29463],[77.54926,18.29389],[77.54913,18.29231],[77.55475,18.28945],[77.55814,18.28535]]]}},{"type":"Feature","properties":{"unitId":237,"unitName":"Hokrana PS"},"geometry":{"type":"MultiPolygon","coordinates":[[[[77.36668,18.45057],[77.36606,18.44962],[77.36674,18.4484],[77.36917,18.44805],[77.3654,18.44099],[77.36232,18.43656],[77.36475,18.43547],[77.36332,18.43068],[77.36719,18.42866],[77.36638,18.42583],[77.36743,18.41911],[77.37033,18.41851],[77.36923,18.41562],[77.36926,18.41069],[77.37094,18.40608],[77.37185,18.40563],[77.37271,18.40105],[77.37634,18.40202],[77.37949,18.40187],[77.38051,18.40142],[77.3834,18.40151],[77.38406,18.4001],[77.38622,18.40068],[77.39247,18.40084],[77.39273,18.40168],[77.39569,18.4024],[77.4006,18.40239],[77.40098,18.4023],[77.40087,18.40104],[77.40177,18.40066],[77.40171,18.39971],[77.40382,18.39955],[77.40398,18.39901],[77.41203,18.39439],[77.41378,18.39306],[77.41427,18.39209],[77.41323,18.38855],[77.41369,18.3874],[77.41319,18.38548],[77.40988,18.37842],[77.41011,18.37739],[77.40927,18.37572],[77.40826,18.37559],[77.40689,18.37373],[77.40527,18.37387],[77.4023,18.37322],[77.40115,18.37053],[77.39704,18.37072],[77.39596,18.37044],[77.39517,18.36959],[77.39554,18.36837],[77.39833,18.36513],[77.39799,18.36496],[77.3984,18.36314],[77.39956,18.36056],[77.39985,18.35436],[77.40083,18.34982],[77.40054,18.34763],[77.39496,18.34779],[77.39517,18.34722],[77.39437,18.34453],[77.39516,18.34308],[77.38956,18.34174],[77.38955,18.34077],[77.38886,18.34023],[77.38786,18.34004],[77.38752,18.34053],[77.38481,18.33931],[77.38399,18.34023],[77.38267,18.34025],[77.38196,18.33875],[77.38285,18.33682],[77.38167,18.33612],[77.38191,18.3319],[77.3811,18.33096],[77.37935,18.3314],[77.37811,18.33242],[77.37619,18.33261],[77.37198,18.32685],[77.37006,18.32666],[77.36989,18.32511],[77.3598,18.32181],[77.35627,18.32153],[77.35628,18.31971],[77.35812,18.3171],[77.36407,18.31058],[77.36056,18.30874],[77.35714,18.30764],[77.35723,18.30712],[77.35461,18.30565],[77.35337,18.30439],[77.35321,18.30281],[77.35369,18.30279],[77.3513,18.30045],[77.35124,18.29857],[77.35215,18.29717],[77.35018,18.29547],[77.34896,18.29216],[77.34201,18.29026],[77.33756,18.28791],[77.33819,18.28513],[77.33614,18.28518],[77.33378,18.28312],[77.33331,18.28075],[77.33248,18.27942],[77.32427,18.27977],[77.32318,18.27964],[77.32295,18.27905],[77.31938,18.27911],[77.31872,18.27686],[77.31155,18.27813],[77.31392,18.28107],[77.31549,18.28799],[77.31529,18.29373],[77.31375,18.29452],[77.30997,18.29445],[77.30712,18.29204],[77.30446,18.28788],[77.29933,18.28883],[77.29568,18.29003],[77.29469,18.29069],[77.29459,18.29323],[77.29233,18.2947],[77.2895,18.29475],[77.28812,18.29446],[77.28796,18.29388],[77.28666,18.2939],[77.28305,18.29488],[77.28124,18.28985],[77.27936,18.29002],[77.27858,18.28699],[77.27714,18.28581],[77.27709,18.28298],[77.27579,18.28288],[77.26916,18.28486],[77.2704,18.28744],[77.27109,18.29067],[77.27365,18.29602],[77.27377,18.29798],[77.2692,18.29811],[77.26453,18.29906],[77.25895,18.30159],[77.25514,18.30128],[77.25496,18.31283],[77.25237,18.31461],[77.25271,18.31608],[77.25019,18.31779],[77.24958,18.3212],[77.24878,18.32243],[77.24935,18.32485],[77.24848,18.32972],[77.25157,18.34495],[77.25022,18.3457],[77.24795,18.34537],[77.24531,18.34653],[77.24612,18.34798],[77.2415,18.34768],[77.23855,18.34914],[77.22694,18.34768],[77.21969,18.34889],[77.22188,18.35183],[77.2231,18.35499],[77.22436,18.35681],[77.22554,18.36203],[77.22559,18.36486],[77.2267,18.36617],[77.2289,18.36789],[77.23314,18.36958],[77.23654,18.37002],[77.23908,18.3698],[77.24461,18.37098],[77.24635,18.37054],[77.24877,18.37591],[77.23987,18.37785],[77.23357,18.38832],[77.23346,18.39014],[77.23408,18.39093],[77.23437,18.39552],[77.23533,18.39746],[77.23481,18.3995],[77.23494,18.40118],[77.24072,18.40894],[77.24015,18.40872],[77.23976,18.40914],[77.2405,18.40911],[77.2411,18.4098],[77.24159,18.41308],[77.24018,18.41359],[77.24161,18.41444],[77.24227,18.41311],[77.24484,18.41489],[77.24649,18.41458],[77.24892,18.41496],[77.24944,18.41427],[77.25131,18.41452],[77.25274,18.41371],[77.26022,18.41366],[77.26367,18.41829],[77.26368,18.42084],[77.26584,18.42295],[77.2681,18.42203],[77.27257,18.4228],[77.27379,18.42349],[77.27375,18.42506],[77.27482,18.42633],[77.27725,18.42745],[77.28242,18.4311],[77.28903,18.43177],[77.29213,18.43422],[77.29415,18.4352],[77.29768,18.43548],[77.30029,18.43787],[77.30422,18.43994],[77.30789,18.44119],[77.31332,18.44156],[77.31514,18.44135],[77.31487,18.43996],[77.31097,18.43728],[77.31226,18.43514],[77.31254,18.43122],[77.31369,18.42787],[77.31561,18.42783],[77.31546,18.42616],[77.31651,18.42103],[77.31808,18.42247],[77.32194,18.42069],[77.32296,18.4208],[77.32328,18.42136],[77.32371,18.4211],[77.32309,18.41982],[77.32645,18.41675],[77.33093,18.41914],[77.33182,18.42028],[77.33682,18.42176],[77.34008,18.42493],[77.34006,18.43815],[77.34357,18.44285],[77.34697,18.44229],[77.35143,18.44695],[77.35318,18.44979],[77.35607,18.449],[77.35674,18.44924],[77.35697,18.45042],[77.36049,18.45023],[77.36562,18.4514],[77.36668,18.45057]]],[[[77.29968,18.47647],[77.30049,18.4727],[77.30009,18.46501],[77.29615,18.46261],[77.29569,18.46149],[77.29626,18.46101],[77.29499,18.45964],[77.29579,18.45935],[77.2927,18.45706],[77.29009,18.45541],[77.2848,18.45637],[77.28433,18.45523],[77.28218,18.45591],[77.28049,18.45394],[77.27128,18.45356],[77.26814,18.45459],[77.26806,18.45925],[77.26968,18.46382],[77.27131,18.46571],[77.27101,18.46669],[77.27252,18.47288],[77.27424,18.4752],[77.27529,18.47759],[77.27816,18.47705],[77.27858,18.47647],[77.28092,18.47547],[77.28312,18.47565],[77.28439,18.47508],[77.28735,18.47483],[77.28974,18.47689],[77.29218,18.47727],[77.29703,18.47735],[77.29968,18.47647]]]]}},{"type":"Feature","properties":{"unitId":238,"unitName":"Shanthapur PS"},"geometry":{"type":"Polygon","coordinates":[[[77.46505,18.20179],[77.46783,18.20209],[77.4682,18.19683],[77.46957,18.18994],[77.46924,18.18034],[77.47497,18.17834],[77.48186,18.17748],[77.483,18.17775],[77.48749,18.17558],[77.49161,18.17464],[77.49275,18.17064],[77.50292,18.16566],[77.50759,18.16488],[77.51017,18.16501],[77.51055,18.16439],[77.51329,18.16589],[77.51658,18.16623],[77.51715,18.167],[77.52479,18.16257],[77.52721,18.1604],[77.53442,18.15902],[77.53475,18.15982],[77.53849,18.15859],[77.53955,18.159],[77.54233,18.15896],[77.54512,18.15834],[77.54373,18.15511],[77.54377,18.15417],[77.54439,18.15174],[77.54554,18.15114],[77.54544,18.14157],[77.54752,18.1346],[77.54738,18.12659],[77.55021,18.12648],[77.55353,18.12774],[77.55955,18.12707],[77.56577,18.12741],[77.56644,18.1279],[77.57033,18.12754],[77.57173,18.12721],[77.5716,18.1268],[77.57478,18.12622],[77.5743,18.12805],[77.58214,18.12677],[77.58548,18.12498],[77.59311,18.1243],[77.59725,18.12245],[77.60026,18.1151],[77.60072,18.10963],[77.60227,18.10523],[77.59792,18.09733],[77.59766,18.09191],[77.59605,18.08524],[77.59392,18.08534],[77.59211,18.08377],[77.59042,18.08326],[77.5746,18.07993],[77.57001,18.0783],[77.56512,18.07577],[77.56064,18.07144],[77.55929,18.06823],[77.55822,18.06689],[77.55798,18.06351],[77.55406,18.06372],[77.55199,18.06446],[77.5483,18.06448],[77.54856,18.06239],[77.54751,18.05559],[77.54799,18.05541],[77.54793,18.05328],[77.54938,18.05337],[77.54915,18.05136],[77.55129,18.05062],[77.54992,18.04767],[77.54649,18.03618],[77.54419,18.03685],[77.54015,18.04022],[77.53804,18.04088],[77.53338,18.04105],[77.53169,18.04153],[77.52489,18.04508],[77.52167,18.04593],[77.51874,18.04824],[77.51531,18.05299],[77.51342,18.05709],[77.50517,18.06],[77.50228,18.05982],[77.49866,18.06029],[77.49804,18.06006],[77.49687,18.05835],[77.49725,18.05435],[77.49923,18.04863],[77.50064,18.04623],[77.50069,18.04375],[77.50005,18.04234],[77.49681,18.04084],[77.4921,18.03721],[77.49038,18.03455],[77.48589,18.02406],[77.48443,18.02282],[77.48228,18.0222],[77.47533,18.02692],[77.47289,18.0301],[77.47151,18.03383],[77.46986,18.03618],[77.4663,18.03794],[77.45335,18.04051],[77.45154,18.04189],[77.45033,18.04347],[77.44874,18.04785],[77.44746,18.04988],[77.44386,18.05406],[77.44459,18.05479],[77.44507,18.05458],[77.44338,18.0564],[77.44272,18.06019],[77.44323,18.06175],[77.446,18.06509],[77.44635,18.06781],[77.44546,18.06779],[77.44433,18.07186],[77.44158,18.07818],[77.43726,18.0817],[77.43577,18.08445],[77.43436,18.08571],[77.43215,18.08595],[77.4306,18.08576],[77.42864,18.08474],[77.42384,18.08073],[77.42303,18.07949],[77.42146,18.07615],[77.42204,18.06587],[77.42073,18.0637],[77.41242,18.05746],[77.4085,18.05555],[77.40705,18.05337],[77.40464,18.05151],[77.39578,18.05082],[77.39254,18.05239],[77.39173,18.05812],[77.38768,18.06489],[77.38699,18.06873],[77.38539,18.07063],[77.38523,18.07284],[77.38613,18.07573],[77.39885,18.09032],[77.39887,18.09546],[77.40061,18.09849],[77.40143,18.10278],[77.40103,18.10433],[77.39928,18.10517],[77.3959,18.10572],[77.39618,18.10748],[77.39537,18.10837],[77.39725,18.11474],[77.39946,18.12074],[77.40201,18.12263],[77.40429,18.12556],[77.40717,18.12749],[77.40707,18.12946],[77.40941,18.13099],[77.40991,18.13081],[77.41188,18.13607],[77.41378,18.13914],[77.4165,18.14055],[77.41777,18.15077],[77.4172,18.1512],[77.41906,18.15261],[77.41977,18.1526],[77.42448,18.15511],[77.42298,18.16502],[77.42007,18.17145],[77.42031,18.17255],[77.4182,18.18008],[77.41929,18.18988],[77.42099,18.19031],[77.42085,18.19103],[77.41986,18.19122],[77.41987,18.1925],[77.42771,18.19313],[77.42861,18.19294],[77.42863,18.19244],[77.43697,18.19161],[77.43741,18.19259],[77.44099,18.19315],[77.44319,18.19292],[77.44911,18.19393],[77.45209,18.19812],[77.45559,18.20114],[77.45972,18.2024],[77.46505,18.20179]]]}},{"type":"Feature","properties":{"unitId":239,"unitName":"Bhalki Rural PS"},"geometry":{"type":"Polygon","coordinates":[[[77.13288,18.18268],[77.13329,18.18176],[77.13638,18.18193],[77.13611,18.18396],[77.13697,18.18594],[77.14034,18.18678],[77.1408,18.18184],[77.14334,18.18162],[77.14361,18.1793],[77.14357,18.17774],[77.14247,18.17745],[77.14233,18.17815],[77.14109,18.17794],[77.14146,18.17639],[77.14255,18.1765],[77.14307,18.17576],[77.14473,18.17526],[77.14703,18.17551],[77.14783,18.1751],[77.14795,18.17403],[77.14862,18.17408],[77.14905,18.17176],[77.14844,18.16721],[77.14695,18.16533],[77.14711,18.16445],[77.14659,18.16444],[77.1463,18.16552],[77.14587,18.1651],[77.14657,18.16363],[77.14488,18.1637],[77.14892,18.1546],[77.15168,18.15323],[77.15296,18.15317],[77.15614,18.15592],[77.15812,18.15614],[77.16117,18.15766],[77.1666,18.16547],[77.1706,18.16987],[77.17393,18.17106],[77.17807,18.17116],[77.18194,18.16937],[77.18166,18.16773],[77.18296,18.15976],[77.18332,18.1468],[77.18481,18.14174],[77.18645,18.13975],[77.1968,18.13923],[77.20027,18.14043],[77.2042,18.14413],[77.20909,18.1536],[77.2104,18.15772],[77.21211,18.16596],[77.21409,18.16783],[77.21608,18.16776],[77.21886,18.16666],[77.22037,18.1652],[77.2215,18.16337],[77.22172,18.16111],[77.22138,18.15912],[77.22036,18.15736],[77.22047,18.15462],[77.22801,18.14722],[77.23109,18.14811],[77.23347,18.14957],[77.2352,18.15133],[77.23615,18.1568],[77.23732,18.15954],[77.23782,18.16043],[77.23951,18.16103],[77.24847,18.15987],[77.25929,18.15578],[77.26181,18.1543],[77.26212,18.14961],[77.26663,18.14396],[77.26915,18.1378],[77.27121,18.13373],[77.27271,18.13186],[77.27523,18.13176],[77.27942,18.13305],[77.28809,18.13476],[77.28944,18.13481],[77.28933,18.13354],[77.29248,18.13427],[77.29522,18.13379],[77.29954,18.12763],[77.30487,18.12489],[77.30562,18.1254],[77.30783,18.12395],[77.30725,18.12303],[77.31434,18.12039],[77.31463,18.1136],[77.31164,18.11001],[77.31095,18.10625],[77.31142,18.10651],[77.31364,18.10506],[77.31627,18.10424],[77.32608,18.10195],[77.32576,18.09496],[77.32497,18.09192],[77.32359,18.08923],[77.32395,18.0858],[77.32189,18.08533],[77.3217,18.07471],[77.32034,18.0689],[77.32066,18.06387],[77.32629,18.06448],[77.33071,18.06688],[77.33255,18.06943],[77.33754,18.06765],[77.34065,18.06752],[77.34092,18.06792],[77.34842,18.06919],[77.35062,18.07064],[77.35312,18.07139],[77.35305,18.07191],[77.36505,18.07426],[77.3716,18.0746],[77.37158,18.06391],[77.3731,18.06314],[77.37319,18.06243],[77.37294,18.05498],[77.37232,18.05211],[77.37183,18.05219],[77.37144,18.05033],[77.37103,18.05021],[77.37078,18.04813],[77.36856,18.04813],[77.36594,18.04009],[77.36288,18.04009],[77.36093,18.03855],[77.35811,18.03838],[77.35391,18.03893],[77.3488,18.04126],[77.34805,18.04014],[77.34773,18.0404],[77.34483,18.03795],[77.34014,18.03188],[77.33797,18.03056],[77.33735,18.03211],[77.33284,18.03147],[77.32842,18.03175],[77.32599,18.0305],[77.32524,18.03188],[77.3199,18.03205],[77.31724,18.03166],[77.31215,18.03301],[77.30932,18.03466],[77.31006,18.03458],[77.31061,18.03553],[77.3133,18.04366],[77.31709,18.05862],[77.31904,18.06356],[77.31971,18.06391],[77.31785,18.06851],[77.31732,18.06869],[77.31752,18.06931],[77.31685,18.0699],[77.31687,18.0712],[77.31655,18.07124],[77.31695,18.07415],[77.31355,18.07402],[77.30752,18.07471],[77.30511,18.06819],[77.29112,18.06351],[77.2837,18.0593],[77.28293,18.05585],[77.28047,18.05142],[77.27944,18.04755],[77.27933,18.04307],[77.27855,18.04297],[77.27855,18.03903],[77.28093,18.03847],[77.28264,18.03743],[77.28282,18.03671],[77.28409,18.03652],[77.28385,18.03242],[77.28247,18.02694],[77.28292,18.02633],[77.28159,18.0218],[77.28066,18.02213],[77.28032,18.02114],[77.27772,18.01952],[77.27412,18.01556],[77.27301,18.01566],[77.27284,18.01392],[77.26958,18.00586],[77.26896,18.00189],[77.2623,18.00332],[77.25771,18.00272],[77.25649,18.0023],[77.25642,18.00172],[77.25457,18.00179],[77.2515,18.00081],[77.24461,18.00017],[77.24348,17.99549],[77.24268,17.99442],[77.24241,17.99203],[77.24306,17.9914],[77.24178,17.98713],[77.24228,17.98433],[77.24303,17.98323],[77.24224,17.98144],[77.23336,17.98149],[77.23313,17.97947],[77.23191,17.97908],[77.22967,17.97726],[77.22825,17.97516],[77.22555,17.96842],[77.22049,17.97065],[77.21885,17.97334],[77.21849,17.97554],[77.21655,17.97933],[77.21262,17.98118],[77.20753,17.98128],[77.20399,17.98037],[77.20195,17.97891],[77.20072,17.97869],[77.19928,17.9793],[77.19699,17.98286],[77.19331,17.98223],[77.19006,17.98081],[77.18335,17.98069],[77.18591,17.98974],[77.18725,17.98951],[77.18769,17.99076],[77.19208,17.99704],[77.19365,17.99728],[77.19537,18.00153],[77.19065,18.00451],[77.18997,18.01194],[77.19168,18.01558],[77.19183,18.01813],[77.18526,18.02279],[77.18076,18.02482],[77.18098,18.02302],[77.17657,18.02256],[77.17605,18.02361],[77.17161,18.02294],[77.16602,18.01898],[77.16467,18.01851],[77.16013,18.02008],[77.15714,18.01996],[77.15656,18.02059],[77.15348,18.02114],[77.15137,18.0223],[77.14827,18.02677],[77.14608,18.03074],[77.14599,18.03175],[77.14739,18.03477],[77.15023,18.03832],[77.15903,18.0389],[77.15955,18.03929],[77.16033,18.04065],[77.16014,18.04304],[77.15867,18.0454],[77.15786,18.04644],[77.1542,18.04835],[77.15006,18.05324],[77.14674,18.05421],[77.14012,18.05811],[77.13898,18.05827],[77.13862,18.05766],[77.13911,18.05747],[77.13902,18.05689],[77.13643,18.05652],[77.13148,18.05716],[77.12711,18.05652],[77.12296,18.05948],[77.12168,18.06189],[77.12109,18.06458],[77.12009,18.06579],[77.12058,18.0668],[77.11912,18.07158],[77.11827,18.07274],[77.11652,18.07324],[77.11646,18.07361],[77.11807,18.07936],[77.11952,18.08267],[77.10982,18.08654],[77.10989,18.087],[77.10782,18.08824],[77.1005,18.0884],[77.09194,18.08957],[77.08951,18.09014],[77.08978,18.09257],[77.08947,18.09307],[77.08584,18.09363],[77.08428,18.09477],[77.07809,18.09461],[77.07419,18.09616],[77.07112,18.09673],[77.06996,18.10325],[77.07002,18.10574],[77.07052,18.10787],[77.0734,18.11299],[77.07542,18.12069],[77.07496,18.12217],[77.06834,18.12598],[77.05719,18.12869],[77.04967,18.12618],[77.03891,18.11986],[77.03664,18.1193],[77.03407,18.12045],[77.03189,18.12327],[77.02869,18.12896],[77.02883,18.1334],[77.02919,18.13355],[77.02892,18.1346],[77.03073,18.14374],[77.0335,18.15082],[77.03602,18.15267],[77.0365,18.15379],[77.03798,18.15476],[77.03787,18.15533],[77.04307,18.15698],[77.04417,18.15852],[77.04466,18.15815],[77.04422,18.15767],[77.04472,18.15782],[77.04483,18.1572],[77.04939,18.1587],[77.05261,18.15865],[77.05305,18.16072],[77.05933,18.15706],[77.06089,18.15556],[77.0616,18.15367],[77.06427,18.15181],[77.06555,18.15156],[77.06943,18.15226],[77.08028,18.15158],[77.08416,18.15187],[77.08813,18.15342],[77.08983,18.15595],[77.10005,18.15899],[77.10353,18.15833],[77.10546,18.15628],[77.11035,18.15622],[77.11048,18.15585],[77.11182,18.15645],[77.11293,18.15759],[77.11421,18.16223],[77.11689,18.16671],[77.11685,18.16862],[77.11567,18.17184],[77.11401,18.17475],[77.10968,18.18002],[77.10076,18.18949],[77.09771,18.19382],[77.09729,18.19516],[77.09788,18.19702],[77.10183,18.19879],[77.10848,18.20319],[77.11257,18.20475],[77.12253,18.20588],[77.12573,18.2074],[77.12811,18.20793],[77.13099,18.20755],[77.13307,18.20649],[77.13276,18.20609],[77.13669,18.20313],[77.13786,18.20149],[77.13723,18.19913],[77.13293,18.19386],[77.13175,18.18654],[77.13288,18.18268]],[[77.21156,18.06486],[77.21153,18.06331],[77.21037,18.06304],[77.21027,18.06439],[77.2097,18.0645],[77.20806,18.06459],[77.20799,18.0632],[77.20622,18.0634],[77.20653,18.06479],[77.2022,18.06431],[77.20111,18.06136],[77.1987,18.06023],[77.19777,18.06024],[77.19585,18.06202],[77.19515,18.06198],[77.19468,18.06062],[77.19379,18.05983],[77.19132,18.06015],[77.19391,18.05052],[77.19313,18.05026],[77.19064,18.05149],[77.18979,18.05114],[77.18944,18.05033],[77.19208,18.04683],[77.19229,18.04539],[77.19086,18.04501],[77.19225,18.04255],[77.19499,18.04093],[77.19499,18.03958],[77.19448,18.03896],[77.19231,18.03904],[77.19291,18.03645],[77.19472,18.03603],[77.19385,18.03394],[77.19463,18.03327],[77.19804,18.0326],[77.19818,18.03169],[77.19768,18.03073],[77.20033,18.03114],[77.20048,18.02929],[77.20223,18.02924],[77.20365,18.02029],[77.20691,18.02175],[77.20762,18.02332],[77.2107,18.0203],[77.21161,18.01996],[77.21188,18.01571],[77.2114,18.01065],[77.20936,18.01088],[77.20878,18.00907],[77.20935,18.00889],[77.20942,18.00725],[77.20408,18.00702],[77.20238,18.0043],[77.20797,18.00425],[77.20806,17.99774],[77.2068,17.99769],[77.20667,17.99648],[77.21118,17.99601],[77.21138,17.99469],[77.21687,17.9958],[77.22109,17.99557],[77.22136,17.99941],[77.22245,17.99945],[77.22267,18.00104],[77.22455,18.00117],[77.22489,18.00333],[77.22877,18.00382],[77.2274,18.00706],[77.22178,18.00854],[77.2223,18.01157],[77.21847,18.01157],[77.21862,18.00791],[77.21794,18.0088],[77.21689,18.01385],[77.21795,18.01402],[77.21755,18.01739],[77.21892,18.01907],[77.21754,18.01937],[77.2175,18.02387],[77.21842,18.02485],[77.22385,18.02064],[77.22397,18.02125],[77.22464,18.02117],[77.22593,18.02295],[77.22541,18.02484],[77.22825,18.02744],[77.22905,18.02769],[77.23354,18.02619],[77.23368,18.02877],[77.23742,18.03244],[77.23917,18.03231],[77.24137,18.0307],[77.24191,18.02898],[77.23927,18.02193],[77.24683,18.02044],[77.25505,18.02158],[77.26025,18.02081],[77.26035,18.01953],[77.26173,18.02007],[77.26416,18.01885],[77.2671,18.01867],[77.26781,18.02014],[77.26477,18.02089],[77.26167,18.02273],[77.26224,18.02593],[77.26129,18.02765],[77.26064,18.031],[77.26016,18.03119],[77.25973,18.03459],[77.26095,18.04052],[77.26054,18.04055],[77.26035,18.04235],[77.26071,18.0446],[77.25767,18.04543],[77.2571,18.04926],[77.25595,18.0495],[77.25619,18.05207],[77.2539,18.05142],[77.25392,18.05263],[77.25279,18.05297],[77.25188,18.05301],[77.25176,18.05198],[77.2499,18.05217],[77.25022,18.05275],[77.24253,18.05375],[77.24218,18.04979],[77.24047,18.04996],[77.24039,18.05033],[77.23498,18.05209],[77.23261,18.05247],[77.23344,18.05888],[77.23244,18.061],[77.23032,18.06196],[77.22352,18.0634],[77.22214,18.0643],[77.22168,18.06425],[77.22125,18.06285],[77.22079,18.06289],[77.21991,18.06339],[77.21942,18.0652],[77.21156,18.06486]],[[77.20626,18.01078],[77.20757,18.01995],[77.20483,18.01855],[77.20425,18.01374],[77.20444,18.0111],[77.20626,18.01078]]]}},{"type":"Feature","properties":{"unitId":240,"unitName":"Dhannura PS"},"geometry":{"type":"Polygon","coordinates":[[[77.34668,18.12056],[77.34919,18.11892],[77.34926,18.11749],[77.35103,18.11394],[77.35148,18.11081],[77.35334,18.10765],[77.36067,18.10384],[77.36448,18.10083],[77.36714,18.09944],[77.36865,18.09981],[77.36892,18.10204],[77.3705,18.10424],[77.36918,18.10498],[77.36992,18.10602],[77.37146,18.105],[77.37389,18.10453],[77.38295,18.10414],[77.3969,18.10573],[77.40103,18.10433],[77.40143,18.10278],[77.40061,18.09849],[77.39887,18.09546],[77.39885,18.09032],[77.38613,18.07573],[77.38523,18.07284],[77.38539,18.07063],[77.38699,18.06873],[77.38706,18.06699],[77.38846,18.06321],[77.39173,18.05812],[77.39254,18.05239],[77.39578,18.05082],[77.40464,18.05151],[77.40666,18.05211],[77.4089,18.05047],[77.4105,18.04763],[77.41271,18.04646],[77.4133,18.04294],[77.4131,18.04228],[77.41082,18.04117],[77.41017,18.04033],[77.40907,18.03503],[77.40631,18.0342],[77.40249,18.03415],[77.40022,18.03281],[77.39856,18.03242],[77.39905,18.03171],[77.39888,18.02803],[77.39552,18.02281],[77.39633,18.02051],[77.39624,18.01913],[77.39542,18.01772],[77.3953,18.01534],[77.3944,18.0149],[77.39365,18.01197],[77.39133,18.01001],[77.39071,18.00749],[77.38929,18.00669],[77.37994,18.00721],[77.37886,17.99467],[77.37757,17.98926],[77.37775,17.98388],[77.37926,17.98068],[77.38076,17.9752],[77.38288,17.97517],[77.38434,17.97632],[77.3849,17.97604],[77.38504,17.97535],[77.38394,17.97365],[77.38422,17.97317],[77.38333,17.9725],[77.3832,17.97089],[77.38216,17.97018],[77.38211,17.96889],[77.38267,17.96878],[77.38283,17.96761],[77.38239,17.96737],[77.38284,17.96642],[77.39483,17.96847],[77.39717,17.96906],[77.39913,17.97017],[77.399,17.96824],[77.39743,17.96382],[77.39754,17.95853],[77.40025,17.94834],[77.39441,17.94812],[77.39319,17.94715],[77.39097,17.94771],[77.39095,17.94671],[77.39025,17.94661],[77.38171,17.94737],[77.38216,17.94207],[77.38371,17.94156],[77.38374,17.94093],[77.38818,17.93765],[77.39273,17.9323],[77.39808,17.9276],[77.39295,17.91949],[77.38823,17.91488],[77.38288,17.91279],[77.37992,17.90999],[77.37681,17.91022],[77.37376,17.9112],[77.36552,17.91078],[77.36512,17.90735],[77.36336,17.90281],[77.36204,17.90233],[77.3629,17.90149],[77.36117,17.89964],[77.36275,17.8987],[77.36489,17.89915],[77.36525,17.90045],[77.36624,17.89987],[77.36502,17.89671],[77.36784,17.89334],[77.3695,17.89407],[77.37008,17.8952],[77.3694,17.89614],[77.3699,17.89719],[77.37211,17.89697],[77.37637,17.89502],[77.37503,17.89379],[77.37525,17.89269],[77.37964,17.89103],[77.37867,17.88898],[77.37754,17.88819],[77.37753,17.88598],[77.37786,17.88604],[77.37697,17.88486],[77.37587,17.88175],[77.37516,17.88149],[77.37103,17.8751],[77.36688,17.87448],[77.35965,17.87001],[77.3588,17.86976],[77.35332,17.871],[77.3496,17.8701],[77.346,17.87046],[77.34397,17.86911],[77.34369,17.86813],[77.34075,17.86649],[77.34013,17.86535],[77.33791,17.86661],[77.33488,17.86564],[77.33285,17.86644],[77.33056,17.86238],[77.33234,17.85869],[77.33091,17.85775],[77.33092,17.8549],[77.3297,17.85284],[77.31967,17.85342],[77.31523,17.85417],[77.31449,17.85577],[77.31731,17.85584],[77.31747,17.85915],[77.31964,17.85922],[77.32023,17.86434],[77.31843,17.86494],[77.32092,17.86922],[77.32268,17.87131],[77.31777,17.88015],[77.31668,17.88043],[77.3134,17.87944],[77.31307,17.88077],[77.31451,17.88398],[77.31328,17.8881],[77.30699,17.88542],[77.30337,17.88262],[77.29964,17.88145],[77.29707,17.88006],[77.28991,17.87791],[77.28713,17.87902],[77.27913,17.88493],[77.27994,17.88547],[77.2802,17.8866],[77.28133,17.88784],[77.28124,17.88892],[77.28319,17.89033],[77.28279,17.89286],[77.28331,17.89327],[77.28427,17.89285],[77.28466,17.89362],[77.28495,17.89617],[77.284,17.89833],[77.28619,17.90404],[77.28593,17.90489],[77.2847,17.90579],[77.28507,17.90715],[77.28141,17.90813],[77.27782,17.9109],[77.26935,17.91065],[77.25519,17.91125],[77.25391,17.91389],[77.25353,17.91238],[77.25288,17.91188],[77.24851,17.91132],[77.243,17.91133],[77.23937,17.91206],[77.23453,17.91164],[77.23483,17.91601],[77.23431,17.91712],[77.23498,17.92242],[77.23583,17.92314],[77.23721,17.92651],[77.23872,17.92793],[77.23897,17.92983],[77.23465,17.9315],[77.24219,17.93953],[77.23818,17.94193],[77.23948,17.94421],[77.24016,17.9467],[77.24048,17.95327],[77.23344,17.95396],[77.23369,17.95565],[77.23182,17.95684],[77.23048,17.9601],[77.23258,17.96136],[77.23283,17.96301],[77.23136,17.96463],[77.22842,17.96535],[77.22555,17.96842],[77.22825,17.97516],[77.22967,17.97726],[77.23191,17.97908],[77.23313,17.97947],[77.23336,17.98149],[77.24224,17.98144],[77.24303,17.98323],[77.24228,17.98433],[77.24178,17.98713],[77.24306,17.9914],[77.24241,17.99203],[77.24268,17.99442],[77.24348,17.99549],[77.24461,18.00017],[77.2515,18.00081],[77.25457,18.00179],[77.25642,18.00172],[77.25649,18.0023],[77.25771,18.00272],[77.2623,18.00332],[77.26896,18.00189],[77.26958,18.00586],[77.27284,18.01392],[77.27301,18.01566],[77.27412,18.01556],[77.27772,18.01952],[77.28032,18.02114],[77.28066,18.02213],[77.28159,18.0218],[77.28292,18.02633],[77.28247,18.02694],[77.28385,18.03242],[77.28409,18.03652],[77.28282,18.03671],[77.28264,18.03743],[77.28093,18.03847],[77.27855,18.03903],[77.27855,18.04297],[77.27933,18.04307],[77.27944,18.04755],[77.28047,18.05142],[77.28293,18.05585],[77.2837,18.0593],[77.29112,18.06351],[77.30511,18.06819],[77.30752,18.07471],[77.31355,18.07402],[77.31695,18.07415],[77.31655,18.07124],[77.31687,18.0712],[77.31685,18.0699],[77.31752,18.06931],[77.31732,18.06869],[77.31785,18.06851],[77.31971,18.06391],[77.31904,18.06356],[77.31709,18.05862],[77.3133,18.04366],[77.31061,18.03553],[77.31006,18.03458],[77.30932,18.03466],[77.31301,18.03267],[77.31724,18.03166],[77.3199,18.03205],[77.32524,18.03188],[77.32599,18.0305],[77.32842,18.03175],[77.33284,18.03147],[77.33735,18.03211],[77.33797,18.03056],[77.34014,18.03188],[77.34483,18.03795],[77.34773,18.0404],[77.34805,18.04014],[77.3488,18.04126],[77.35391,18.03893],[77.35811,18.03838],[77.36093,18.03855],[77.36288,18.04009],[77.36594,18.04009],[77.36856,18.04813],[77.37078,18.04813],[77.37103,18.05021],[77.37144,18.05033],[77.37183,18.05219],[77.37232,18.05211],[77.37294,18.05498],[77.37319,18.06243],[77.3731,18.06314],[77.37158,18.06391],[77.3716,18.0746],[77.36505,18.07426],[77.35305,18.07191],[77.35312,18.07139],[77.35062,18.07064],[77.34842,18.06919],[77.34092,18.06792],[77.34065,18.06752],[77.33754,18.06765],[77.33255,18.06943],[77.33071,18.06688],[77.32629,18.06448],[77.32066,18.06387],[77.32034,18.0689],[77.3217,18.07471],[77.32189,18.08533],[77.32395,18.0858],[77.32359,18.08923],[77.32497,18.09192],[77.32576,18.09496],[77.32608,18.10195],[77.31627,18.10424],[77.31364,18.10506],[77.31142,18.10651],[77.31095,18.10625],[77.31164,18.11001],[77.31463,18.1136],[77.31434,18.12039],[77.31857,18.11987],[77.32149,18.12007],[77.3261,18.12174],[77.3288,18.12332],[77.32887,18.12418],[77.33045,18.12439],[77.33394,18.12395],[77.34668,18.12056]]]}},{"type":"Feature","properties":{"unitId":241,"unitName":"Khataka Chincholi PS"},"geometry":{"type":"Polygon","coordinates":[[[77.12296,18.05948],[77.12711,18.05652],[77.13148,18.05716],[77.13643,18.05652],[77.13902,18.05689],[77.13911,18.05747],[77.13862,18.05766],[77.13898,18.05827],[77.14012,18.05811],[77.14674,18.05421],[77.15006,18.05324],[77.1542,18.04835],[77.15786,18.04644],[77.15867,18.0454],[77.16014,18.04304],[77.16033,18.04065],[77.15955,18.03929],[77.15903,18.0389],[77.15023,18.03832],[77.14739,18.03477],[77.14599,18.03175],[77.14608,18.03074],[77.14879,18.02586],[77.15137,18.0223],[77.15254,18.02151],[77.15619,18.02072],[77.15714,18.01996],[77.16013,18.02008],[77.16467,18.01851],[77.16602,18.01898],[77.17161,18.02294],[77.17605,18.02361],[77.17657,18.02256],[77.18098,18.02302],[77.18076,18.02482],[77.18526,18.02279],[77.19183,18.01813],[77.19168,18.01558],[77.18997,18.01194],[77.19065,18.00451],[77.19537,18.00153],[77.19365,17.99728],[77.19208,17.99704],[77.18769,17.99076],[77.18725,17.98951],[77.18591,17.98974],[77.18335,17.98069],[77.19006,17.98081],[77.19331,17.98223],[77.19699,17.98286],[77.19928,17.9793],[77.20072,17.97869],[77.20195,17.97891],[77.20399,17.98037],[77.20753,17.98128],[77.21144,17.98135],[77.21402,17.9806],[77.21684,17.97888],[77.21849,17.97554],[77.21885,17.97334],[77.22049,17.97065],[77.22463,17.96898],[77.22884,17.96505],[77.23136,17.96463],[77.23247,17.96364],[77.23267,17.9615],[77.23048,17.9601],[77.23182,17.95684],[77.23369,17.95565],[77.23344,17.95396],[77.24048,17.95327],[77.24016,17.9467],[77.23948,17.94421],[77.23818,17.94193],[77.24219,17.93953],[77.23465,17.9315],[77.23897,17.92983],[77.23872,17.92793],[77.23721,17.92651],[77.23583,17.92314],[77.23498,17.92242],[77.23431,17.91712],[77.23483,17.91601],[77.23453,17.91164],[77.23937,17.91206],[77.243,17.91133],[77.24851,17.91132],[77.25288,17.91188],[77.25353,17.91238],[77.25391,17.91389],[77.25519,17.91125],[77.26935,17.91065],[77.27782,17.9109],[77.28141,17.90813],[77.28507,17.90715],[77.2847,17.90579],[77.28593,17.90489],[77.28619,17.90404],[77.284,17.89833],[77.28495,17.89617],[77.28466,17.89362],[77.28427,17.89285],[77.28331,17.89327],[77.28279,17.89286],[77.28319,17.89033],[77.28124,17.88892],[77.28133,17.88784],[77.2802,17.8866],[77.27994,17.88547],[77.27914,17.88509],[77.27948,17.88455],[77.2772,17.87958],[77.27492,17.87953],[77.26751,17.87756],[77.25966,17.87949],[77.2559,17.88128],[77.25383,17.88375],[77.25343,17.88543],[77.24825,17.8854],[77.24818,17.88491],[77.24631,17.88458],[77.24202,17.88434],[77.23446,17.88549],[77.23071,17.88684],[77.22974,17.87948],[77.22395,17.88215],[77.221,17.88519],[77.22328,17.88873],[77.22202,17.88955],[77.22047,17.88956],[77.2205,17.88886],[77.21936,17.8878],[77.21157,17.88535],[77.2107,17.8847],[77.21052,17.88382],[77.20383,17.8819],[77.20476,17.88052],[77.1955,17.88354],[77.1955,17.88783],[77.19706,17.88976],[77.19672,17.89045],[77.1961,17.89047],[77.19652,17.8931],[77.19552,17.89359],[77.19522,17.89502],[77.19566,17.89638],[77.19473,17.89616],[77.19135,17.89688],[77.18718,17.89675],[77.18318,17.8956],[77.18241,17.89717],[77.1825,17.89809],[77.18405,17.90064],[77.1851,17.90399],[77.18367,17.90467],[77.17931,17.90444],[77.17894,17.90566],[77.1796,17.91037],[77.18162,17.91149],[77.18291,17.91473],[77.18887,17.9124],[77.18949,17.91543],[77.1904,17.91538],[77.19081,17.91632],[77.19336,17.91636],[77.19265,17.91745],[77.19406,17.91758],[77.19364,17.91932],[77.19185,17.91934],[77.19162,17.92064],[77.1938,17.92056],[77.19395,17.92149],[77.1957,17.92128],[77.19613,17.92359],[77.19301,17.92411],[77.18984,17.92328],[77.18918,17.92213],[77.18775,17.92115],[77.18503,17.92079],[77.18423,17.9185],[77.18239,17.91831],[77.18088,17.91619],[77.17176,17.91931],[77.16692,17.9203],[77.16776,17.92272],[77.16832,17.92901],[77.16887,17.93057],[77.16906,17.93307],[77.16856,17.93507],[77.16899,17.93896],[77.15833,17.9409],[77.15137,17.9433],[77.14435,17.94413],[77.1402,17.94289],[77.1379,17.93634],[77.13661,17.93013],[77.13432,17.93013],[77.13352,17.92967],[77.13315,17.92852],[77.12901,17.92639],[77.12717,17.92687],[77.12646,17.92824],[77.12399,17.92926],[77.11732,17.9301],[77.11142,17.93002],[77.10918,17.93659],[77.10694,17.94002],[77.09424,17.94298],[77.09414,17.95076],[77.09471,17.95216],[77.09009,17.95479],[77.08771,17.96177],[77.08682,17.96783],[77.08677,17.97248],[77.08517,17.97218],[77.0827,17.97272],[77.0793,17.97429],[77.07924,17.97517],[77.07588,17.97608],[77.07547,17.97665],[77.06913,17.97596],[77.06179,17.97425],[77.05881,17.97499],[77.06219,17.97898],[77.0656,17.97937],[77.06995,17.98065],[77.07345,17.98237],[77.07751,17.98518],[77.0815,17.98528],[77.08285,17.98613],[77.08383,17.98748],[77.08627,17.98703],[77.08723,17.98729],[77.0896,17.98972],[77.09193,17.99428],[77.09185,18.00176],[77.10164,18.00033],[77.10091,18.00215],[77.10244,18.00276],[77.10319,18.00751],[77.10007,18.00916],[77.10323,18.01367],[77.10695,18.01719],[77.10893,18.01981],[77.11348,18.0211],[77.11404,18.02233],[77.11409,18.02614],[77.113,18.02639],[77.11216,18.02738],[77.10888,18.0327],[77.10988,18.03361],[77.1068,18.03554],[77.10197,18.03729],[77.10165,18.0386],[77.10072,18.03894],[77.10006,18.03996],[77.09868,18.04007],[77.09634,18.04599],[77.09738,18.05285],[77.10469,18.05367],[77.1113,18.05284],[77.11794,18.05275],[77.11826,18.05332],[77.11694,18.05676],[77.11697,18.05844],[77.1224,18.05859],[77.12267,18.05991],[77.12296,18.05948]],[[77.22752,17.89742],[77.22704,17.8944],[77.22752,17.89328],[77.22933,17.89453],[77.23173,17.89811],[77.22796,17.89899],[77.22752,17.89742]],[[77.20056,17.89153],[77.19899,17.88977],[77.19991,17.88825],[77.20204,17.88808],[77.20288,17.88854],[77.20145,17.89253],[77.20056,17.89153]],[[77.20511,17.88936],[77.20611,17.88917],[77.20697,17.89097],[77.20505,17.89211],[77.20464,17.89053],[77.20511,17.88936]],[[77.207,17.92723],[77.2078,17.92671],[77.20808,17.93119],[77.20715,17.93113],[77.207,17.92723]],[[77.20196,17.92126],[77.2018,17.91969],[77.20237,17.91965],[77.20244,17.91896],[77.20423,17.91896],[77.20312,17.92131],[77.20196,17.92126]],[[77.19239,17.90659],[77.1922,17.90363],[77.19319,17.90517],[77.19325,17.90723],[77.19253,17.90886],[77.19239,17.90659]],[[77.20697,17.89738],[77.2052,17.89765],[77.20502,17.8965],[77.20683,17.89618],[77.20697,17.89738]]]}},{"type":"Feature","properties":{"unitId":242,"unitName":"Mehakar PS"},"geometry":{"type":"Polygon","coordinates":[[[76.98181,18.19226],[76.98601,18.19123],[76.99141,18.1907],[76.99059,18.18583],[76.99464,18.1827],[76.99524,18.17941],[76.99451,18.17811],[76.99451,18.17519],[76.99648,18.16804],[76.99814,18.16498],[76.99898,18.16445],[76.99938,18.16469],[76.9995,18.16412],[77.00262,18.16255],[77.00199,18.1614],[77.00776,18.16006],[77.01853,18.1596],[77.02375,18.15854],[77.02347,18.16214],[77.02565,18.1649],[77.02609,18.16673],[77.02563,18.16698],[77.02571,18.16845],[77.02398,18.17251],[77.0236,18.17538],[77.02908,18.1763],[77.03208,18.17746],[77.03281,18.17872],[77.03357,18.18218],[77.04036,18.18018],[77.05219,18.17385],[77.05154,18.17318],[77.05305,18.16072],[77.05261,18.15865],[77.04939,18.1587],[77.04483,18.1572],[77.04472,18.15782],[77.04422,18.15767],[77.04466,18.15815],[77.04417,18.15852],[77.04307,18.15698],[77.03787,18.15533],[77.03798,18.15476],[77.0365,18.15379],[77.03602,18.15267],[77.0335,18.15082],[77.03111,18.1452],[77.02892,18.1346],[77.02919,18.13355],[77.02883,18.1334],[77.02869,18.12896],[77.03189,18.12327],[77.03407,18.12045],[77.03664,18.1193],[77.03891,18.11986],[77.04967,18.12618],[77.05591,18.12856],[77.0598,18.12833],[77.06834,18.12598],[77.07314,18.12339],[77.07496,18.12217],[77.07549,18.12122],[77.0734,18.11299],[77.07052,18.10787],[77.07002,18.10574],[77.06996,18.10325],[77.07112,18.09673],[77.07419,18.09616],[77.07809,18.09461],[77.08428,18.09477],[77.08584,18.09363],[77.08947,18.09307],[77.08978,18.09257],[77.08951,18.09014],[77.09194,18.08957],[77.1005,18.0884],[77.10782,18.08824],[77.10989,18.087],[77.10982,18.08654],[77.11952,18.08267],[77.11807,18.07936],[77.11646,18.07361],[77.11652,18.07324],[77.11827,18.07274],[77.11958,18.07051],[77.12058,18.0668],[77.12009,18.06579],[77.12109,18.06458],[77.12102,18.06374],[77.12267,18.05991],[77.1224,18.05859],[77.11697,18.05844],[77.11694,18.05676],[77.11826,18.05332],[77.11794,18.05275],[77.1113,18.05284],[77.10469,18.05367],[77.09738,18.05285],[77.09637,18.04788],[77.09665,18.04442],[77.0976,18.04317],[77.09868,18.04007],[77.10006,18.03996],[77.10072,18.03894],[77.10165,18.0386],[77.10197,18.03729],[77.1068,18.03554],[77.10988,18.03361],[77.10888,18.0327],[77.11216,18.02738],[77.113,18.02639],[77.11409,18.02614],[77.11386,18.02176],[77.11348,18.0211],[77.10893,18.01981],[77.10695,18.01719],[77.10323,18.01367],[77.10007,18.00916],[77.10319,18.00751],[77.10244,18.00276],[77.10091,18.00215],[77.10164,18.00033],[77.09185,18.00176],[77.09193,17.99428],[77.0896,17.98972],[77.08723,17.98729],[77.08627,17.98703],[77.08383,17.98748],[77.08285,17.98613],[77.0815,17.98528],[77.07751,17.98518],[77.07345,17.98237],[77.06995,17.98065],[77.06348,17.97902],[77.06259,17.97903],[77.06239,17.98097],[77.06039,17.98285],[77.05615,17.98451],[77.05626,17.99087],[77.0577,18.00016],[77.06015,18.00025],[77.0614,18.00495],[77.06229,18.0051],[77.06396,18.01153],[77.06405,18.01289],[77.06351,18.01309],[77.06435,18.01964],[77.06248,18.02001],[77.06015,18.02127],[77.05845,18.0209],[77.05806,18.0224],[77.0559,18.02228],[77.05382,18.02105],[77.05267,18.02161],[77.05242,18.02096],[77.05143,18.02085],[77.04925,18.02145],[77.04919,18.02076],[77.04415,18.02102],[77.04373,18.02513],[77.04934,18.02622],[77.05088,18.03807],[77.05115,18.03901],[77.05264,18.03984],[77.05246,18.04264],[77.05124,18.04259],[77.05008,18.04501],[77.04814,18.0462],[77.04026,18.04808],[77.03837,18.04894],[77.0317,18.04934],[77.03184,18.05218],[77.02834,18.0541],[77.02245,18.05896],[77.021,18.06084],[77.01819,18.06193],[77.01767,18.0631],[77.01556,18.06204],[77.01224,18.06165],[77.00607,18.06381],[77.00234,18.06614],[76.99936,18.06681],[76.99444,18.06616],[76.99189,18.06441],[76.99128,18.06021],[76.99177,18.05804],[76.99133,18.049],[76.99082,18.04717],[76.98997,18.04614],[76.98859,18.04565],[76.98532,18.04646],[76.98541,18.04576],[76.98462,18.04558],[76.98487,18.04402],[76.98411,18.04025],[76.98319,18.03955],[76.98354,18.03854],[76.98282,18.03677],[76.98113,18.02599],[76.97181,18.0299],[76.96365,18.03159],[76.96022,18.03285],[76.95799,18.03417],[76.95659,18.03803],[76.9561,18.03675],[76.95545,18.03638],[76.95468,18.03669],[76.95275,18.04108],[76.95387,18.0427],[76.94736,18.04477],[76.94486,18.0451],[76.94358,18.04632],[76.94375,18.04962],[76.9456,18.05261],[76.95009,18.05734],[76.95118,18.0604],[76.95081,18.06275],[76.94862,18.06301],[76.94863,18.06367],[76.95042,18.06346],[76.95052,18.06549],[76.94745,18.07075],[76.94495,18.07914],[76.94429,18.07968],[76.94402,18.08338],[76.9457,18.08508],[76.95269,18.08688],[76.95437,18.08788],[76.9595,18.08869],[76.96235,18.09058],[76.9633,18.09144],[76.96507,18.09506],[76.96521,18.09958],[76.96367,18.10113],[76.95758,18.10517],[76.95577,18.10922],[76.95431,18.11046],[76.94977,18.111],[76.93748,18.11457],[76.93439,18.11251],[76.9314,18.11279],[76.92614,18.11578],[76.92172,18.11767],[76.91883,18.12057],[76.91795,18.12411],[76.92024,18.12743],[76.92503,18.13089],[76.92667,18.1302],[76.93107,18.13211],[76.93247,18.1336],[76.93225,18.13515],[76.92928,18.13878],[76.92833,18.13817],[76.92146,18.1441],[76.92229,18.14574],[76.92394,18.14697],[76.92492,18.14974],[76.9279,18.15236],[76.929,18.15402],[76.93029,18.15937],[76.93707,18.1598],[76.93702,18.15915],[76.94251,18.15662],[76.94537,18.16383],[76.94787,18.16761],[76.94842,18.16939],[76.94931,18.17392],[76.94969,18.17934],[76.95131,18.18345],[76.95133,18.18831],[76.95551,18.18965],[76.96241,18.19036],[76.97734,18.18945],[76.97891,18.19263],[76.98181,18.19226]]]}},{"type":"Feature","properties":{"unitId":243,"unitName":"Bhalki Town PS"},"geometry":{"type":"MultiPolygon","coordinates":[[[[77.21991,18.06339],[77.22125,18.06285],[77.22168,18.06425],[77.22214,18.0643],[77.22352,18.0634],[77.23032,18.06196],[77.23244,18.061],[77.23344,18.05888],[77.23261,18.05247],[77.23498,18.05209],[77.24039,18.05033],[77.24047,18.04996],[77.24218,18.04979],[77.24253,18.05375],[77.25022,18.05275],[77.2499,18.05217],[77.25176,18.05198],[77.25188,18.05301],[77.25279,18.05297],[77.25392,18.05263],[77.2539,18.05142],[77.25619,18.05207],[77.25595,18.0495],[77.2571,18.04926],[77.25767,18.04543],[77.26071,18.0446],[77.26035,18.04235],[77.26054,18.04055],[77.26095,18.04052],[77.25973,18.03459],[77.26016,18.03119],[77.26064,18.031],[77.26129,18.02765],[77.26224,18.02593],[77.26167,18.02273],[77.26477,18.02089],[77.26781,18.02014],[77.2671,18.01867],[77.26489,18.01872],[77.26173,18.02007],[77.26035,18.01953],[77.26025,18.02081],[77.25505,18.02158],[77.24683,18.02044],[77.23927,18.02193],[77.24191,18.02898],[77.24137,18.0307],[77.23859,18.03246],[77.23724,18.03232],[77.23368,18.02877],[77.23354,18.02619],[77.22905,18.02769],[77.22825,18.02744],[77.22541,18.02484],[77.22593,18.02295],[77.22464,18.02117],[77.22397,18.02125],[77.22385,18.02064],[77.21809,18.02478],[77.2175,18.02387],[77.21754,18.01937],[77.21892,18.01907],[77.21755,18.01739],[77.21795,18.01402],[77.21689,18.01385],[77.21794,18.0088],[77.21862,18.00791],[77.21847,18.01157],[77.2223,18.01157],[77.22178,18.00854],[77.2274,18.00706],[77.22877,18.00382],[77.22489,18.00333],[77.22455,18.00117],[77.22267,18.00104],[77.22245,17.99945],[77.22136,17.99941],[77.22109,17.99557],[77.21687,17.9958],[77.21138,17.99469],[77.21118,17.99601],[77.20667,17.99648],[77.2068,17.99769],[77.20806,17.99774],[77.20797,18.00425],[77.20238,18.0043],[77.20408,18.00702],[77.20942,18.00725],[77.20935,18.00889],[77.20878,18.00907],[77.20936,18.01088],[77.2114,18.01065],[77.21188,18.01571],[77.21161,18.01996],[77.2107,18.0203],[77.20762,18.02332],[77.20691,18.02175],[77.20365,18.02029],[77.20223,18.02924],[77.20048,18.02929],[77.20033,18.03114],[77.19768,18.03073],[77.19818,18.03169],[77.19804,18.0326],[77.19463,18.03327],[77.19385,18.03394],[77.19472,18.03603],[77.19291,18.03645],[77.19231,18.03904],[77.19448,18.03896],[77.19499,18.03958],[77.19499,18.04093],[77.19272,18.04195],[77.19098,18.04474],[77.19092,18.04531],[77.19229,18.04539],[77.19233,18.04611],[77.18957,18.04973],[77.18948,18.0506],[77.1902,18.05144],[77.19095,18.05149],[77.19313,18.05026],[77.19385,18.05037],[77.19132,18.06015],[77.19379,18.05983],[77.19468,18.06062],[77.19515,18.06198],[77.19658,18.0617],[77.19777,18.06024],[77.1987,18.06023],[77.20111,18.06136],[77.2022,18.06431],[77.20581,18.06476],[77.20653,18.06479],[77.20622,18.0634],[77.20799,18.0632],[77.20806,18.06459],[77.21027,18.06439],[77.21037,18.06304],[77.21153,18.06331],[77.21156,18.06499],[77.21942,18.0652],[77.21991,18.06339]]],[[[77.20658,18.01335],[77.20626,18.01078],[77.20444,18.0111],[77.20425,18.01374],[77.20483,18.01855],[77.20757,18.01995],[77.20658,18.01335]]]]}},{"type":"Feature","properties":{"unitId":244,"unitName":"Kamalanagar PS"},"geometry":{"type":"Polygon","coordinates":[[[77.24063,18.34801],[77.2415,18.34768],[77.24612,18.34798],[77.24531,18.34653],[77.24795,18.34537],[77.25022,18.3457],[77.25157,18.34495],[77.24848,18.32972],[77.24935,18.32485],[77.24878,18.32243],[77.24958,18.3212],[77.25019,18.31779],[77.25271,18.31608],[77.25237,18.31461],[77.25496,18.31283],[77.25514,18.30128],[77.25895,18.30159],[77.26453,18.29906],[77.2692,18.29811],[77.27377,18.29798],[77.27365,18.29602],[77.27109,18.29067],[77.2704,18.28744],[77.26916,18.28486],[77.27579,18.28288],[77.27709,18.28298],[77.27714,18.28581],[77.27858,18.28699],[77.27936,18.29002],[77.28124,18.28985],[77.28305,18.29488],[77.28666,18.2939],[77.28796,18.29388],[77.28812,18.29446],[77.2895,18.29475],[77.29233,18.2947],[77.29459,18.29323],[77.29469,18.29069],[77.29568,18.29003],[77.29933,18.28883],[77.30446,18.28788],[77.30712,18.29204],[77.30997,18.29445],[77.31375,18.29452],[77.31529,18.29373],[77.31549,18.28799],[77.31392,18.28107],[77.30891,18.27497],[77.3065,18.27496],[77.30774,18.26666],[77.30751,18.26525],[77.30631,18.26332],[77.31117,18.26279],[77.31041,18.26059],[77.31304,18.25958],[77.31315,18.25637],[77.31501,18.25605],[77.31571,18.25519],[77.31652,18.25537],[77.31764,18.25256],[77.31664,18.25061],[77.314,18.24788],[77.30816,18.24421],[77.30644,18.24229],[77.30247,18.24191],[77.29778,18.24043],[77.29817,18.23904],[77.29525,18.23971],[77.28972,18.23761],[77.28721,18.23734],[77.28724,18.22394],[77.28294,18.22377],[77.28217,18.21351],[77.28241,18.21186],[77.27981,18.2115],[77.28009,18.21098],[77.27469,18.20943],[77.26515,18.20857],[77.26232,18.20711],[77.25808,18.2097],[77.2559,18.21051],[77.25195,18.20343],[77.25011,18.19487],[77.25321,18.19379],[77.25281,18.19019],[77.25484,18.18872],[77.25871,18.18679],[77.25879,18.18711],[77.26195,18.18685],[77.2618,18.18112],[77.26083,18.17569],[77.26031,18.1748],[77.24752,18.17144],[77.23663,18.17234],[77.23554,18.16971],[77.23594,18.16693],[77.23837,18.16425],[77.24124,18.16219],[77.24194,18.16147],[77.24196,18.16078],[77.23951,18.16103],[77.23782,18.16043],[77.23615,18.1568],[77.2352,18.15133],[77.23347,18.14957],[77.22896,18.1473],[77.22801,18.14722],[77.22626,18.14854],[77.22473,18.15082],[77.22047,18.15462],[77.22036,18.15736],[77.22138,18.15912],[77.22172,18.16111],[77.2215,18.16337],[77.22037,18.1652],[77.21886,18.16666],[77.21608,18.16776],[77.21409,18.16783],[77.21211,18.16596],[77.2104,18.15772],[77.20909,18.1536],[77.2042,18.14413],[77.20027,18.14043],[77.1968,18.13923],[77.18645,18.13975],[77.18481,18.14174],[77.18332,18.1468],[77.18281,18.16162],[77.18166,18.16773],[77.18194,18.16937],[77.18075,18.17025],[77.17807,18.17116],[77.17501,18.17116],[77.1706,18.16987],[77.16866,18.16813],[77.16058,18.15719],[77.15812,18.15614],[77.15614,18.15592],[77.15296,18.15317],[77.1504,18.1536],[77.14892,18.1546],[77.14488,18.1637],[77.14657,18.16363],[77.14587,18.1651],[77.1463,18.16552],[77.14659,18.16444],[77.14711,18.16445],[77.14695,18.16533],[77.14844,18.16721],[77.14905,18.17176],[77.14862,18.17408],[77.14795,18.17403],[77.14783,18.1751],[77.14703,18.17551],[77.14473,18.17526],[77.14307,18.17576],[77.14255,18.1765],[77.14146,18.17639],[77.14109,18.17794],[77.14233,18.17815],[77.14247,18.17745],[77.14357,18.17774],[77.14361,18.1793],[77.14334,18.18162],[77.1408,18.18184],[77.14034,18.18678],[77.13697,18.18594],[77.13611,18.18396],[77.13638,18.18193],[77.13329,18.18176],[77.13288,18.18268],[77.13175,18.18654],[77.13293,18.19386],[77.13723,18.19913],[77.13786,18.20149],[77.13669,18.20313],[77.13276,18.20609],[77.13347,18.20698],[77.13425,18.20644],[77.13464,18.20764],[77.14032,18.20788],[77.14293,18.21715],[77.1513,18.21714],[77.15161,18.2176],[77.15097,18.22135],[77.14912,18.22143],[77.14891,18.22884],[77.14832,18.22865],[77.14793,18.23541],[77.14871,18.23965],[77.15172,18.23883],[77.15313,18.24286],[77.153,18.2436],[77.1544,18.24354],[77.15725,18.25058],[77.15821,18.25192],[77.15958,18.25698],[77.16501,18.25804],[77.16474,18.25876],[77.16821,18.26004],[77.16944,18.2615],[77.17027,18.26146],[77.17046,18.26477],[77.16916,18.26502],[77.16937,18.27017],[77.17167,18.27896],[77.17531,18.28492],[77.18266,18.28549],[77.18858,18.28455],[77.1935,18.2808],[77.19574,18.27977],[77.1958,18.27859],[77.19727,18.27772],[77.19767,18.27653],[77.20006,18.27841],[77.20102,18.27844],[77.20315,18.27953],[77.21149,18.28032],[77.21344,18.28094],[77.21237,18.28384],[77.21039,18.28644],[77.20983,18.28815],[77.21039,18.29498],[77.20927,18.2953],[77.20694,18.29439],[77.20497,18.29451],[77.20367,18.29723],[77.20308,18.30435],[77.20275,18.30438],[77.20351,18.3064],[77.20259,18.30725],[77.20247,18.31005],[77.20215,18.31106],[77.20165,18.31113],[77.2014,18.31286],[77.19915,18.31429],[77.19965,18.31617],[77.2028,18.32286],[77.21208,18.31596],[77.21234,18.31726],[77.21445,18.32063],[77.21525,18.32359],[77.21582,18.32432],[77.21925,18.32552],[77.22264,18.33869],[77.22365,18.33946],[77.22854,18.3463],[77.22893,18.34812],[77.23601,18.34863],[77.23802,18.34918],[77.23901,18.34908],[77.24063,18.34801]]]}},{"type":"Feature","properties":{"unitId":245,"unitName":"Kushnoor PS"},"geometry":{"type":"Polygon","coordinates":[[[77.35307,18.2533],[77.35631,18.25035],[77.3565,18.24626],[77.35535,18.24054],[77.35474,18.24043],[77.35569,18.22847],[77.35528,18.22484],[77.35914,18.2219],[77.3612,18.21848],[77.36232,18.2175],[77.36964,18.21395],[77.37087,18.21471],[77.37589,18.21318],[77.3811,18.21005],[77.38399,18.20719],[77.38755,18.20585],[77.38918,18.20367],[77.38954,18.20016],[77.391,18.19601],[77.39428,18.19554],[77.39438,18.19518],[77.39507,18.19617],[77.40306,18.19745],[77.40325,18.19707],[77.40403,18.19715],[77.40394,18.19766],[77.40483,18.1979],[77.41016,18.19809],[77.4094,18.19618],[77.41176,18.19518],[77.411,18.19329],[77.41291,18.19238],[77.41264,18.19122],[77.4169,18.18999],[77.41929,18.18988],[77.4182,18.18008],[77.42031,18.17255],[77.42007,18.17145],[77.42298,18.16502],[77.42448,18.15511],[77.41977,18.1526],[77.41906,18.15261],[77.4172,18.1512],[77.41777,18.15077],[77.4165,18.14055],[77.41378,18.13914],[77.41188,18.13607],[77.40991,18.13081],[77.40941,18.13099],[77.40707,18.12946],[77.40717,18.12749],[77.40429,18.12556],[77.40201,18.12263],[77.39946,18.12074],[77.39537,18.10837],[77.39618,18.10748],[77.3959,18.10572],[77.38295,18.10414],[77.37389,18.10453],[77.37146,18.105],[77.36992,18.10602],[77.36918,18.10498],[77.3705,18.10424],[77.36892,18.10204],[77.36832,18.09946],[77.36566,18.10005],[77.36067,18.10384],[77.35334,18.10765],[77.35148,18.11081],[77.35103,18.11394],[77.34926,18.11749],[77.34919,18.11892],[77.34668,18.12056],[77.33394,18.12395],[77.33045,18.12439],[77.32887,18.12418],[77.3288,18.12332],[77.3261,18.12174],[77.32149,18.12007],[77.31518,18.12015],[77.30725,18.12303],[77.30783,18.12395],[77.30562,18.1254],[77.30487,18.12489],[77.29954,18.12763],[77.29522,18.13379],[77.29248,18.13427],[77.28933,18.13354],[77.28944,18.13481],[77.2857,18.13449],[77.27523,18.13176],[77.27271,18.13186],[77.27121,18.13373],[77.26915,18.1378],[77.26663,18.14396],[77.26212,18.14961],[77.26181,18.1543],[77.25695,18.15685],[77.25008,18.15935],[77.24196,18.16078],[77.24194,18.16147],[77.24124,18.16219],[77.23683,18.16568],[77.23594,18.16693],[77.23559,18.16844],[77.23618,18.17163],[77.23732,18.17252],[77.24752,18.17144],[77.26031,18.1748],[77.26083,18.17569],[77.2618,18.18112],[77.26195,18.18685],[77.25736,18.1872],[77.25281,18.19019],[77.25321,18.19379],[77.25011,18.19487],[77.25195,18.20343],[77.2559,18.21051],[77.25808,18.2097],[77.26232,18.20711],[77.26515,18.20857],[77.27469,18.20943],[77.28009,18.21098],[77.27981,18.2115],[77.28241,18.21186],[77.28217,18.21351],[77.28294,18.22377],[77.28724,18.22394],[77.28721,18.23734],[77.28972,18.23761],[77.29525,18.23971],[77.29817,18.23904],[77.29778,18.24043],[77.30247,18.24191],[77.30644,18.24229],[77.30816,18.24421],[77.314,18.24788],[77.31664,18.25061],[77.31764,18.25256],[77.32767,18.25269],[77.33129,18.25494],[77.33478,18.25539],[77.33622,18.25301],[77.33717,18.2531],[77.34071,18.2572],[77.34137,18.25881],[77.34079,18.26076],[77.34227,18.26336],[77.34346,18.26495],[77.34478,18.26533],[77.35086,18.26075],[77.35102,18.25885],[77.3503,18.25563],[77.35307,18.2533]]]}},{"type":"Feature","properties":{"unitId":246,"unitName":"Gandhi Gunj PS"},"geometry":{"type":"Polygon","coordinates":[[[77.4912,17.92147],[77.49167,17.92139],[77.49168,17.92234],[77.49432,17.92194],[77.49497,17.92413],[77.50032,17.9208],[77.50599,17.91449],[77.50759,17.91348],[77.51032,17.91251],[77.51249,17.91236],[77.51375,17.91163],[77.52004,17.91161],[77.52245,17.91106],[77.5243,17.90974],[77.52678,17.90674],[77.52829,17.9059],[77.52967,17.90577],[77.53164,17.90363],[77.53947,17.8947],[77.54044,17.8892],[77.544,17.88753],[77.53929,17.88633],[77.54108,17.87866],[77.54306,17.86388],[77.54174,17.86195],[77.54117,17.85999],[77.53775,17.86031],[77.53851,17.85558],[77.54293,17.85551],[77.54674,17.85406],[77.54977,17.85416],[77.55278,17.85171],[77.55382,17.85203],[77.55435,17.84956],[77.55711,17.84913],[77.55989,17.84946],[77.56481,17.85124],[77.56621,17.84923],[77.5673,17.8452],[77.56052,17.83789],[77.55804,17.83018],[77.55356,17.82005],[77.54848,17.81944],[77.54849,17.823],[77.547,17.82834],[77.54353,17.82754],[77.52887,17.82982],[77.52652,17.8258],[77.51135,17.8288],[77.51011,17.82953],[77.50955,17.82901],[77.50835,17.82504],[77.5069,17.8255],[77.50678,17.82496],[77.50625,17.82501],[77.502,17.82647],[77.50044,17.82878],[77.50205,17.83491],[77.50232,17.83788],[77.50229,17.83927],[77.50163,17.8407],[77.50029,17.84184],[77.49628,17.84366],[77.4938,17.84375],[77.4913,17.84293],[77.4881,17.83996],[77.4874,17.84118],[77.48315,17.84159],[77.48482,17.84635],[77.48531,17.85992],[77.48715,17.86596],[77.48427,17.87104],[77.48745,17.8749],[77.48713,17.87844],[77.48816,17.88331],[77.48787,17.88856],[77.48134,17.88946],[77.47318,17.88911],[77.46996,17.89635],[77.46105,17.89956],[77.45998,17.89916],[77.45967,17.90202],[77.45919,17.90185],[77.45918,17.90433],[77.46624,17.91034],[77.47172,17.91643],[77.47194,17.9172],[77.47095,17.92059],[77.47546,17.92084],[77.475,17.92467],[77.48187,17.92435],[77.48656,17.92294],[77.48946,17.92267],[77.48938,17.92174],[77.4912,17.92147]]]}},{"type":"Feature","properties":{"unitId":247,"unitName":"Mangalapet Market PS"},"geometry":{"type":"Polygon","coordinates":[[[77.52129,17.92693],[77.52207,17.92673],[77.52116,17.92517],[77.52216,17.9227],[77.52532,17.92001],[77.52194,17.91334],[77.52732,17.90817],[77.52899,17.90708],[77.531,17.90763],[77.53192,17.90976],[77.53441,17.91062],[77.53516,17.91319],[77.53658,17.91454],[77.53661,17.91577],[77.53712,17.9161],[77.53681,17.91633],[77.53847,17.91624],[77.53842,17.91564],[77.53954,17.91587],[77.5395,17.91299],[77.54125,17.91194],[77.54307,17.90827],[77.54514,17.90649],[77.54743,17.90291],[77.55407,17.89949],[77.55542,17.89838],[77.55568,17.89697],[77.55434,17.89466],[77.55389,17.89012],[77.55622,17.88141],[77.556,17.88],[77.55915,17.8783],[77.56037,17.87582],[77.56022,17.87516],[77.56694,17.8721],[77.56726,17.86896],[77.57023,17.86763],[77.56954,17.86712],[77.57046,17.86103],[77.56962,17.85157],[77.56472,17.85123],[77.55989,17.84946],[77.55711,17.84913],[77.55435,17.84956],[77.55382,17.85203],[77.55278,17.85171],[77.54977,17.85416],[77.54674,17.85406],[77.54293,17.85551],[77.53851,17.85558],[77.53775,17.86031],[77.54117,17.85999],[77.54174,17.86195],[77.54306,17.86388],[77.54108,17.87866],[77.53929,17.88633],[77.544,17.88753],[77.54044,17.8892],[77.53947,17.8947],[77.52967,17.90577],[77.52829,17.9059],[77.52678,17.90674],[77.5243,17.90974],[77.52245,17.91106],[77.52107,17.91154],[77.51524,17.91162],[77.51547,17.91446],[77.51885,17.915],[77.51986,17.92074],[77.51972,17.92333],[77.52021,17.92556],[77.51799,17.9269],[77.51806,17.92749],[77.51845,17.92813],[77.51913,17.92813],[77.52129,17.92693]]]}},{"type":"Feature","properties":{"unitId":248,"unitName":"Bagdal PS"},"geometry":{"type":"MultiPolygon","coordinates":[[[[77.38886,17.87653],[77.3901,17.87502],[77.39367,17.87656],[77.40164,17.87589],[77.40518,17.87639],[77.41125,17.87559],[77.41119,17.87091],[77.41163,17.86918],[77.41427,17.86347],[77.41452,17.86096],[77.4181,17.85599],[77.42553,17.85106],[77.42834,17.85194],[77.42835,17.85234],[77.43106,17.85377],[77.43202,17.85371],[77.43183,17.85236],[77.43391,17.85211],[77.43484,17.8515],[77.44001,17.85093],[77.44286,17.84551],[77.44287,17.8416],[77.44719,17.84127],[77.44638,17.83675],[77.44066,17.83748],[77.43806,17.83314],[77.43663,17.82812],[77.4423,17.82595],[77.44314,17.82491],[77.44972,17.82255],[77.45214,17.82122],[77.44892,17.81279],[77.44517,17.80757],[77.44298,17.80548],[77.44132,17.80142],[77.4312,17.80081],[77.42822,17.80161],[77.42551,17.80121],[77.42503,17.79908],[77.42094,17.79245],[77.4257,17.79214],[77.43197,17.78914],[77.4321,17.78733],[77.43051,17.78551],[77.43023,17.78343],[77.43128,17.77848],[77.43957,17.77468],[77.44128,17.7725],[77.44617,17.76965],[77.44624,17.7662],[77.44471,17.75981],[77.44444,17.75155],[77.43927,17.75128],[77.43909,17.75212],[77.43839,17.75225],[77.43792,17.75187],[77.42966,17.75122],[77.42863,17.74645],[77.42721,17.7452],[77.42613,17.74247],[77.42475,17.73604],[77.42685,17.73491],[77.43042,17.734],[77.43369,17.73215],[77.43261,17.72969],[77.43125,17.72942],[77.43062,17.72869],[77.42954,17.72874],[77.42722,17.72326],[77.42431,17.72167],[77.42335,17.7218],[77.42206,17.71943],[77.41893,17.72102],[77.41424,17.72461],[77.40637,17.72732],[77.40534,17.72873],[77.40265,17.7306],[77.40292,17.73173],[77.40253,17.73256],[77.40194,17.73303],[77.40164,17.7321],[77.40072,17.73174],[77.39966,17.73215],[77.39914,17.73328],[77.39929,17.73439],[77.39773,17.73666],[77.39458,17.7377],[77.3924,17.73249],[77.39082,17.72983],[77.38806,17.72666],[77.38581,17.72267],[77.38388,17.71617],[77.38218,17.7171],[77.37436,17.71882],[77.37453,17.72172],[77.37535,17.7238],[77.37629,17.72482],[77.37793,17.72499],[77.37863,17.72556],[77.37901,17.72784],[77.37983,17.728],[77.38213,17.73087],[77.38201,17.73305],[77.38136,17.73376],[77.38366,17.73581],[77.38381,17.73875],[77.38825,17.74464],[77.38663,17.74653],[77.38737,17.74722],[77.38879,17.74715],[77.389,17.74794],[77.38755,17.75041],[77.38497,17.75307],[77.37957,17.7551],[77.37867,17.75632],[77.37514,17.75673],[77.37415,17.75879],[77.37189,17.76097],[77.37076,17.76078],[77.37056,17.75882],[77.37013,17.75848],[77.36782,17.76003],[77.36719,17.76299],[77.36175,17.76373],[77.35935,17.76536],[77.35791,17.76752],[77.35606,17.76906],[77.35567,17.77058],[77.35843,17.77157],[77.35883,17.77261],[77.35614,17.77723],[77.35454,17.77866],[77.35411,17.78142],[77.35317,17.78345],[77.35231,17.7842],[77.35169,17.78375],[77.34859,17.78393],[77.34339,17.78322],[77.34267,17.78169],[77.34065,17.78027],[77.33986,17.779],[77.33823,17.77836],[77.33726,17.7773],[77.33521,17.77671],[77.33434,17.774],[77.33311,17.77404],[77.33255,17.77303],[77.33042,17.7726],[77.33042,17.77116],[77.32706,17.77063],[77.32261,17.76816],[77.32244,17.76751],[77.31924,17.76785],[77.31883,17.76634],[77.31734,17.76578],[77.3163,17.76425],[77.31652,17.76201],[77.31502,17.76179],[77.31498,17.76044],[77.31436,17.75929],[77.30755,17.76039],[77.29789,17.76291],[77.29476,17.76317],[77.28849,17.76261],[77.28985,17.76692],[77.29095,17.76775],[77.29212,17.77165],[77.29293,17.77286],[77.293,17.77552],[77.29512,17.7771],[77.29482,17.77932],[77.29277,17.77977],[77.2878,17.77962],[77.28726,17.78006],[77.28784,17.7847],[77.2872,17.78497],[77.28931,17.79422],[77.2904,17.79443],[77.29053,17.79619],[77.29222,17.80117],[77.2927,17.80493],[77.29605,17.80414],[77.29755,17.80762],[77.29801,17.81106],[77.2956,17.81315],[77.29474,17.81508],[77.30298,17.81491],[77.3031,17.81798],[77.30825,17.81683],[77.31023,17.81685],[77.31157,17.81704],[77.31194,17.81853],[77.31461,17.81845],[77.31466,17.81925],[77.31737,17.8197],[77.31775,17.82396],[77.31818,17.8239],[77.31851,17.82529],[77.31693,17.82559],[77.31677,17.826],[77.31716,17.82776],[77.31656,17.83326],[77.31997,17.83303],[77.32,17.83221],[77.32295,17.83054],[77.32558,17.82947],[77.32876,17.82904],[77.32923,17.82843],[77.33323,17.82872],[77.33327,17.82934],[77.34139,17.82863],[77.34256,17.82912],[77.34395,17.82826],[77.34559,17.82887],[77.34476,17.83037],[77.34458,17.83218],[77.3438,17.832],[77.34331,17.83354],[77.34386,17.83426],[77.34174,17.83519],[77.34103,17.83615],[77.34089,17.83696],[77.34179,17.83971],[77.34011,17.84213],[77.33014,17.84328],[77.32681,17.84475],[77.3273,17.84828],[77.33123,17.8471],[77.33086,17.8504],[77.32996,17.85311],[77.33092,17.8549],[77.33091,17.85775],[77.33234,17.85869],[77.33056,17.86238],[77.33285,17.86644],[77.33488,17.86564],[77.33791,17.86661],[77.34013,17.86535],[77.34075,17.86649],[77.34369,17.86813],[77.34397,17.86911],[77.346,17.87046],[77.3496,17.8701],[77.35332,17.871],[77.3588,17.86976],[77.36081,17.87044],[77.362,17.87178],[77.36688,17.87448],[77.37103,17.8751],[77.37516,17.88149],[77.37587,17.88175],[77.37697,17.88486],[77.37787,17.88606],[77.38231,17.88756],[77.3839,17.88354],[77.38886,17.87653]]],[[[77.4622,17.84165],[77.4639,17.84039],[77.46275,17.83904],[77.46404,17.83545],[77.4539,17.83552],[77.45392,17.83728],[77.455,17.83839],[77.456,17.84173],[77.4555,17.8441],[77.4613,17.84458],[77.4622,17.84165]]]]}},{"type":"Feature","properties":{"unitId":249,"unitName":"Bidar Rural PS"},"geometry":{"type":"MultiPolygon","coordinates":[[[[77.59443,17.9943],[77.59644,17.99327],[77.59757,17.99324],[77.59858,17.99095],[77.59665,17.98871],[77.59609,17.98378],[77.59464,17.98125],[77.59443,17.97993],[77.58672,17.98116],[77.57975,17.9788],[77.57913,17.97756],[77.57649,17.97764],[77.57368,17.97617],[77.57277,17.97787],[77.5691,17.98001],[77.56525,17.97481],[77.56258,17.96979],[77.55983,17.96767],[77.55743,17.96477],[77.55864,17.96197],[77.55906,17.95721],[77.56486,17.95627],[77.56502,17.95685],[77.5666,17.95667],[77.57208,17.95763],[77.56934,17.95178],[77.56905,17.94587],[77.57077,17.94586],[77.57323,17.9447],[77.58291,17.94398],[77.58785,17.94433],[77.58778,17.94268],[77.58859,17.94028],[77.58796,17.93386],[77.59141,17.93338],[77.59761,17.93163],[77.60302,17.93099],[77.60217,17.92126],[77.60163,17.91997],[77.60515,17.91942],[77.61146,17.91692],[77.61623,17.91591],[77.62088,17.91573],[77.62064,17.91164],[77.61893,17.90352],[77.60799,17.90566],[77.60421,17.90722],[77.59995,17.9039],[77.59345,17.90524],[77.5904,17.90686],[77.58625,17.90817],[77.58518,17.90464],[77.58478,17.90034],[77.5849,17.89752],[77.58619,17.89691],[77.58604,17.89375],[77.58944,17.89095],[77.59147,17.88816],[77.59352,17.88416],[77.59571,17.88204],[77.597,17.88102],[77.60074,17.88057],[77.59961,17.87612],[77.59827,17.8731],[77.59406,17.87267],[77.59097,17.87155],[77.58995,17.8716],[77.58977,17.87479],[77.58851,17.87467],[77.58588,17.8765],[77.58333,17.87733],[77.5835,17.87657],[77.58041,17.87598],[77.57948,17.87363],[77.57619,17.87495],[77.57373,17.87115],[77.57315,17.86913],[77.5708,17.86762],[77.56976,17.86763],[77.56726,17.86896],[77.56694,17.8721],[77.56022,17.87516],[77.56037,17.87582],[77.55915,17.8783],[77.556,17.88],[77.55622,17.88141],[77.55389,17.89012],[77.55434,17.89466],[77.55568,17.89697],[77.55542,17.89838],[77.55394,17.89998],[77.55707,17.90005],[77.55918,17.89926],[77.56181,17.89939],[77.56196,17.89892],[77.56515,17.90883],[77.55456,17.9109],[77.55269,17.91305],[77.55281,17.91355],[77.55168,17.91391],[77.55179,17.91562],[77.54829,17.9187],[77.54817,17.92031],[77.54668,17.92329],[77.54524,17.923],[77.54544,17.92462],[77.54647,17.92458],[77.54645,17.92562],[77.54578,17.92672],[77.54704,17.92996],[77.54105,17.93063],[77.54028,17.93153],[77.53842,17.93218],[77.53753,17.93164],[77.53682,17.93181],[77.53657,17.93391],[77.53544,17.93514],[77.53305,17.9365],[77.53231,17.93554],[77.53068,17.93604],[77.52816,17.9354],[77.52813,17.9387],[77.52529,17.93977],[77.52136,17.93959],[77.51529,17.9375],[77.51169,17.93727],[77.50648,17.93565],[77.50308,17.93528],[77.50474,17.93969],[77.50221,17.9409],[77.50273,17.94464],[77.50222,17.94558],[77.50311,17.94725],[77.50523,17.94528],[77.50784,17.94519],[77.50833,17.94477],[77.51343,17.94517],[77.51317,17.94626],[77.51428,17.94666],[77.51518,17.9466],[77.51578,17.94587],[77.51728,17.94609],[77.51886,17.95836],[77.52056,17.96255],[77.52058,17.96427],[77.52119,17.96418],[77.5196,17.96813],[77.51733,17.97147],[77.52232,17.97233],[77.5279,17.97051],[77.53358,17.97709],[77.53537,17.98108],[77.53662,17.98082],[77.53704,17.97672],[77.54176,17.97651],[77.54178,17.97786],[77.54334,17.97778],[77.54334,17.97632],[77.55186,17.97358],[77.55844,17.98685],[77.5618,17.98479],[77.56291,17.98575],[77.56401,17.98506],[77.56932,17.98528],[77.57468,17.98469],[77.58029,17.98942],[77.58123,17.98951],[77.58557,17.99238],[77.58746,17.99251],[77.58754,17.9933],[77.59168,17.99324],[77.59342,17.99437],[77.59443,17.9943]]],[[[77.43606,17.90407],[77.43703,17.90368],[77.44099,17.90377],[77.44735,17.90303],[77.45917,17.90397],[77.45919,17.90185],[77.45967,17.90202],[77.45998,17.89916],[77.46105,17.89956],[77.46996,17.89635],[77.47318,17.88911],[77.48134,17.88946],[77.48787,17.88856],[77.48816,17.88331],[77.48713,17.87844],[77.48745,17.8749],[77.48427,17.87104],[77.48715,17.86596],[77.48531,17.85992],[77.48482,17.84635],[77.48315,17.84159],[77.4874,17.84118],[77.48746,17.83758],[77.47983,17.82627],[77.48332,17.8247],[77.47976,17.82301],[77.48362,17.82148],[77.48614,17.82278],[77.4873,17.82067],[77.48328,17.81848],[77.48475,17.81566],[77.48419,17.81483],[77.4859,17.81375],[77.48287,17.80576],[77.48371,17.8056],[77.48259,17.80472],[77.47554,17.80849],[77.47406,17.81008],[77.47333,17.81136],[77.47352,17.81201],[77.47278,17.81252],[77.47288,17.81136],[77.47158,17.81331],[77.47096,17.81269],[77.47048,17.81285],[77.47089,17.81373],[77.46984,17.81366],[77.47031,17.81476],[77.46814,17.81647],[77.46821,17.81717],[77.46678,17.81956],[77.4668,17.82203],[77.46627,17.82239],[77.46615,17.8246],[77.46545,17.82558],[77.46603,17.82604],[77.4658,17.82678],[77.46477,17.82808],[77.46488,17.82864],[77.46428,17.82861],[77.46408,17.83025],[77.46367,17.8303],[77.46448,17.83087],[77.46294,17.83223],[77.46348,17.83263],[77.4644,17.83207],[77.46423,17.8334],[77.46376,17.8337],[77.46403,17.83617],[77.46275,17.83904],[77.4639,17.84039],[77.4622,17.84165],[77.4613,17.84458],[77.4555,17.8441],[77.456,17.84173],[77.455,17.83839],[77.45392,17.83728],[77.4539,17.83552],[77.45129,17.83536],[77.44641,17.83653],[77.44719,17.84127],[77.44287,17.8416],[77.44286,17.84551],[77.44001,17.85093],[77.43484,17.8515],[77.43391,17.85211],[77.43183,17.85236],[77.43202,17.85371],[77.43106,17.85377],[77.42835,17.85234],[77.42834,17.85194],[77.42553,17.85106],[77.4181,17.85599],[77.41452,17.86096],[77.41427,17.86347],[77.41163,17.86918],[77.41119,17.87091],[77.41125,17.87559],[77.40518,17.87639],[77.40164,17.87589],[77.39367,17.87656],[77.3901,17.87502],[77.38335,17.88469],[77.38509,17.88724],[77.38784,17.88628],[77.39049,17.88632],[77.39533,17.88516],[77.39639,17.89314],[77.39716,17.8937],[77.40114,17.89414],[77.40927,17.89406],[77.41423,17.89576],[77.41396,17.89681],[77.4173,17.8979],[77.41935,17.89786],[77.42735,17.8993],[77.42951,17.89918],[77.42984,17.89876],[77.42988,17.90096],[77.43049,17.90119],[77.4306,17.90176],[77.42979,17.90234],[77.43072,17.9029],[77.43074,17.90485],[77.43419,17.90496],[77.43606,17.90407]]],[[[77.51011,17.82953],[77.51135,17.8288],[77.52652,17.8258],[77.52726,17.82706],[77.52868,17.81756],[77.52876,17.8131],[77.52701,17.81167],[77.52075,17.8093],[77.51738,17.80737],[77.51394,17.80369],[77.51029,17.80315],[77.50785,17.80227],[77.50645,17.80244],[77.5068,17.80753],[77.50641,17.80982],[77.50414,17.81125],[77.50413,17.81301],[77.5031,17.8133],[77.50302,17.8151],[77.50053,17.81715],[77.50138,17.81954],[77.5009,17.82152],[77.5023,17.82638],[77.50625,17.82501],[77.50678,17.82496],[77.5069,17.8255],[77.50835,17.82504],[77.50955,17.82901],[77.51011,17.82953]]],[[[77.5174,17.99574],[77.51691,17.993],[77.51454,17.99379],[77.51412,17.9957],[77.51305,17.99535],[77.51237,17.99648],[77.51371,17.99763],[77.51457,17.99776],[77.51518,17.99663],[77.51747,17.99614],[77.5174,17.99574]]],[[[77.54574,17.91397],[77.54139,17.9152],[77.5413,17.91582],[77.54151,17.91618],[77.54531,17.91584],[77.54509,17.91516],[77.54604,17.91445],[77.54574,17.91397]]]]}},{"type":"Feature","properties":{"unitId":250,"unitName":"Janwada PS"},"geometry":{"type":"Polygon","coordinates":[[[77.44508,18.06925],[77.44546,18.06779],[77.44635,18.06781],[77.446,18.06509],[77.44323,18.06175],[77.44272,18.06019],[77.44338,18.0564],[77.44507,18.05458],[77.44459,18.05479],[77.44386,18.05406],[77.44746,18.04988],[77.44874,18.04785],[77.45033,18.04347],[77.45154,18.04189],[77.45335,18.04051],[77.4663,18.03794],[77.46986,18.03618],[77.47151,18.03383],[77.47289,18.0301],[77.47533,18.02692],[77.48228,18.0222],[77.48443,18.02282],[77.48589,18.02406],[77.49038,18.03455],[77.4921,18.03721],[77.49681,18.04084],[77.50005,18.04234],[77.50069,18.04375],[77.50064,18.04623],[77.49923,18.04863],[77.49725,18.05435],[77.49687,18.05835],[77.49804,18.06006],[77.49866,18.06029],[77.50228,18.05982],[77.50517,18.06],[77.51342,18.05709],[77.51531,18.05299],[77.51874,18.04824],[77.52167,18.04593],[77.52489,18.04508],[77.53169,18.04153],[77.53338,18.04105],[77.53804,18.04088],[77.54015,18.04022],[77.54419,18.03685],[77.54649,18.03618],[77.55001,18.03618],[77.55479,18.0373],[77.56085,18.03678],[77.56644,18.03534],[77.57318,18.03287],[77.57748,18.03336],[77.58014,18.0325],[77.58429,18.02787],[77.58488,18.02067],[77.58635,18.01534],[77.58745,18.01419],[77.59035,18.0126],[77.59341,18.01258],[77.59613,18.01366],[77.5976,18.01497],[77.59987,18.01823],[77.59971,18.02002],[77.60029,18.02111],[77.60296,18.02083],[77.60682,18.01762],[77.60744,18.01584],[77.60712,18.01216],[77.60745,18.01042],[77.61064,18.00878],[77.61775,18.00798],[77.61932,18.00688],[77.6206,18.00496],[77.62313,18.00276],[77.6263,17.9966],[77.62714,17.9966],[77.62856,17.99868],[77.63252,17.99888],[77.63483,17.99747],[77.63817,17.99725],[77.64299,17.99849],[77.64713,18.00049],[77.64861,18.00028],[77.65129,17.99759],[77.65285,17.99517],[77.65215,17.98774],[77.65162,17.98585],[77.64854,17.98242],[77.64874,17.97941],[77.65121,17.9754],[77.65541,17.9715],[77.65642,17.96998],[77.65576,17.96813],[77.65152,17.96095],[77.65062,17.95547],[77.65096,17.95273],[77.65046,17.94949],[77.64093,17.95373],[77.64068,17.9518],[77.6371,17.9522],[77.63702,17.95396],[77.63505,17.95772],[77.63545,17.95934],[77.63335,17.96044],[77.63339,17.96779],[77.62453,17.95928],[77.62999,17.95809],[77.6332,17.95641],[77.63247,17.95093],[77.63304,17.94944],[77.63262,17.94657],[77.62706,17.94559],[77.62444,17.94588],[77.62446,17.94529],[77.62309,17.94549],[77.62197,17.94473],[77.6181,17.93841],[77.62223,17.92885],[77.62047,17.92251],[77.62088,17.91573],[77.61623,17.91591],[77.61146,17.91692],[77.60515,17.91942],[77.60163,17.91997],[77.60217,17.92126],[77.60302,17.93099],[77.59761,17.93163],[77.59141,17.93338],[77.58796,17.93386],[77.58859,17.94028],[77.58778,17.94268],[77.58785,17.94433],[77.58291,17.94398],[77.57323,17.9447],[77.57077,17.94586],[77.56905,17.94587],[77.56934,17.95178],[77.57208,17.95763],[77.5666,17.95667],[77.56502,17.95685],[77.56486,17.95627],[77.55906,17.95721],[77.55864,17.96197],[77.55743,17.96477],[77.55983,17.96767],[77.56258,17.96979],[77.56525,17.97481],[77.5691,17.98001],[77.57277,17.97787],[77.57368,17.97617],[77.57649,17.97764],[77.57913,17.97756],[77.57975,17.9788],[77.58672,17.98116],[77.59443,17.97993],[77.59464,17.98125],[77.59609,17.98378],[77.59665,17.98871],[77.59858,17.99095],[77.59782,17.99209],[77.59784,17.99296],[77.59426,17.99439],[77.59342,17.99437],[77.59168,17.99324],[77.58754,17.9933],[77.58746,17.99251],[77.58557,17.99238],[77.58123,17.98951],[77.58029,17.98942],[77.57468,17.98469],[77.56932,17.98528],[77.56401,17.98506],[77.56291,17.98575],[77.5618,17.98479],[77.55844,17.98685],[77.55186,17.97358],[77.54334,17.97632],[77.54334,17.97778],[77.54178,17.97786],[77.54176,17.97651],[77.53704,17.97672],[77.53662,17.98082],[77.53537,17.98108],[77.53358,17.97709],[77.5279,17.97051],[77.52232,17.97233],[77.51733,17.97147],[77.5196,17.96813],[77.52119,17.96418],[77.52058,17.96427],[77.52056,17.96255],[77.51886,17.95836],[77.51728,17.94609],[77.51578,17.94587],[77.51518,17.9466],[77.51428,17.94666],[77.51317,17.94626],[77.51343,17.94517],[77.50933,17.94472],[77.50523,17.94528],[77.5017,17.94854],[77.49982,17.94815],[77.4949,17.94932],[77.49466,17.94888],[77.49221,17.95032],[77.48868,17.95092],[77.48556,17.95229],[77.48292,17.9526],[77.47568,17.95545],[77.47526,17.9536],[77.47898,17.95196],[77.47847,17.94908],[77.47454,17.95033],[77.47417,17.94556],[77.47239,17.94514],[77.46796,17.94826],[77.46618,17.94743],[77.46275,17.94433],[77.46118,17.9441],[77.46092,17.94344],[77.46178,17.93935],[77.46021,17.9375],[77.45964,17.93607],[77.45638,17.93648],[77.45589,17.93707],[77.45387,17.93663],[77.45126,17.93481],[77.44896,17.93563],[77.44582,17.93914],[77.44202,17.94122],[77.43913,17.93673],[77.43447,17.93819],[77.43406,17.93756],[77.43457,17.9312],[77.43316,17.93128],[77.4308,17.92965],[77.42701,17.93007],[77.42652,17.92334],[77.42217,17.9233],[77.42011,17.91824],[77.42038,17.91539],[77.42111,17.91387],[77.42213,17.91342],[77.42223,17.9127],[77.42401,17.91082],[77.42592,17.90962],[77.42642,17.90706],[77.42991,17.90099],[77.42984,17.89876],[77.42951,17.89918],[77.42735,17.8993],[77.41935,17.89786],[77.4173,17.8979],[77.41396,17.89681],[77.41423,17.89576],[77.40927,17.89406],[77.40114,17.89414],[77.39716,17.8937],[77.39639,17.89314],[77.39533,17.88516],[77.39049,17.88632],[77.38784,17.88628],[77.38509,17.88724],[77.38335,17.88469],[77.38231,17.88756],[77.37753,17.88598],[77.37754,17.88819],[77.37867,17.88898],[77.37964,17.89103],[77.37525,17.89269],[77.37503,17.89379],[77.37637,17.89502],[77.37437,17.89626],[77.3699,17.89719],[77.3694,17.89614],[77.37008,17.8952],[77.3695,17.89407],[77.36784,17.89334],[77.36502,17.89671],[77.36624,17.89987],[77.36525,17.90045],[77.36489,17.89915],[77.36275,17.8987],[77.36117,17.89964],[77.3629,17.90149],[77.36204,17.90233],[77.36336,17.90281],[77.36512,17.90735],[77.36552,17.91078],[77.37376,17.9112],[77.37681,17.91022],[77.37992,17.90999],[77.38288,17.91279],[77.38823,17.91488],[77.39295,17.91949],[77.39808,17.9276],[77.39273,17.9323],[77.38818,17.93765],[77.38374,17.94093],[77.38371,17.94156],[77.38216,17.94207],[77.38171,17.94737],[77.39025,17.94661],[77.39095,17.94671],[77.39097,17.94771],[77.39319,17.94715],[77.39441,17.94812],[77.40025,17.94834],[77.39754,17.95853],[77.39743,17.96382],[77.399,17.96824],[77.39913,17.97017],[77.39717,17.96906],[77.39483,17.96847],[77.38284,17.96642],[77.38239,17.96737],[77.38283,17.96761],[77.38267,17.96878],[77.38211,17.96889],[77.38216,17.97018],[77.3832,17.97089],[77.38333,17.9725],[77.38422,17.97317],[77.38394,17.97365],[77.38504,17.97535],[77.3849,17.97604],[77.38434,17.97632],[77.38288,17.97517],[77.38076,17.9752],[77.37926,17.98068],[77.37775,17.98388],[77.37757,17.98926],[77.37886,17.99467],[77.37994,18.00721],[77.38929,18.00669],[77.39071,18.00749],[77.39133,18.01001],[77.39365,18.01197],[77.3944,18.0149],[77.3953,18.01534],[77.39542,18.01772],[77.39624,18.01913],[77.39633,18.02051],[77.39552,18.02281],[77.39888,18.02803],[77.39905,18.03171],[77.39856,18.03242],[77.40022,18.03281],[77.40249,18.03415],[77.40631,18.0342],[77.40907,18.03503],[77.41017,18.04033],[77.41082,18.04117],[77.4131,18.04228],[77.41305,18.04582],[77.41226,18.04682],[77.4105,18.04763],[77.4089,18.05047],[77.40666,18.05211],[77.40555,18.05193],[77.4085,18.05555],[77.41242,18.05746],[77.42142,18.06448],[77.42204,18.06587],[77.42146,18.07615],[77.42384,18.08073],[77.42864,18.08474],[77.4306,18.08576],[77.43436,18.08571],[77.43577,18.08445],[77.43726,18.0817],[77.44158,18.07818],[77.44508,18.06925]],[[77.51285,17.99569],[77.51305,17.99535],[77.51412,17.9957],[77.51454,17.99379],[77.51691,17.993],[77.51747,17.99614],[77.5159,17.9962],[77.51457,17.99776],[77.51371,17.99763],[77.51237,17.99648],[77.51285,17.99569]]]}},{"type":"Feature","properties":{"unitId":251,"unitName":"Mannalli PS"},"geometry":{"type":"MultiPolygon","coordinates":[[[[77.50163,17.8407],[77.50229,17.83927],[77.50228,17.83708],[77.50044,17.82878],[77.5023,17.82638],[77.5009,17.82152],[77.50138,17.81954],[77.50053,17.81715],[77.50302,17.8151],[77.5031,17.8133],[77.50413,17.81301],[77.50414,17.81125],[77.50641,17.80982],[77.5068,17.80753],[77.50645,17.80244],[77.50785,17.80227],[77.51029,17.80315],[77.51394,17.80369],[77.51497,17.80469],[77.51106,17.79568],[77.50788,17.78501],[77.51061,17.78402],[77.51208,17.78263],[77.51617,17.78228],[77.5169,17.7829],[77.51834,17.7827],[77.52242,17.78044],[77.52397,17.78136],[77.52715,17.78145],[77.52671,17.78041],[77.52741,17.78006],[77.52833,17.78067],[77.53048,17.7795],[77.53057,17.77894],[77.5313,17.77921],[77.53397,17.77813],[77.53459,17.77816],[77.53634,17.7798],[77.5382,17.77962],[77.53999,17.77788],[77.53963,17.77435],[77.54459,17.77248],[77.54625,17.77106],[77.54798,17.76704],[77.54945,17.7675],[77.55083,17.76617],[77.55532,17.76344],[77.55784,17.76303],[77.5601,17.76363],[77.56023,17.76323],[77.56092,17.76425],[77.56316,17.76562],[77.56722,17.76653],[77.56898,17.76631],[77.5688,17.76281],[77.56706,17.76039],[77.56683,17.7589],[77.56845,17.75243],[77.56804,17.74871],[77.56832,17.74769],[77.56901,17.74759],[77.56894,17.74702],[77.57023,17.74699],[77.56994,17.74482],[77.57095,17.74422],[77.57026,17.74168],[77.56804,17.74064],[77.56692,17.74077],[77.56688,17.73959],[77.56634,17.73948],[77.56566,17.74111],[77.56239,17.73986],[77.56306,17.74127],[77.56267,17.74231],[77.56162,17.74181],[77.56189,17.74084],[77.56037,17.73986],[77.56018,17.74169],[77.55785,17.74041],[77.55758,17.73755],[77.55648,17.73653],[77.55468,17.73666],[77.55339,17.73583],[77.55043,17.73663],[77.54921,17.73584],[77.54859,17.7342],[77.54694,17.73323],[77.54663,17.73188],[77.54505,17.73209],[77.53764,17.73118],[77.53786,17.7294],[77.53586,17.72893],[77.53149,17.72968],[77.53041,17.72893],[77.52778,17.72888],[77.52499,17.72742],[77.52226,17.72688],[77.51874,17.72504],[77.51664,17.72232],[77.51314,17.7211],[77.51066,17.71949],[77.51115,17.71813],[77.5105,17.71762],[77.51032,17.71797],[77.50759,17.71781],[77.50672,17.71693],[77.506,17.71686],[77.50645,17.71585],[77.50556,17.71583],[77.50325,17.71698],[77.50143,17.71694],[77.49964,17.71597],[77.49658,17.71617],[77.49717,17.71579],[77.49538,17.71083],[77.49279,17.70891],[77.4923,17.70792],[77.48654,17.70828],[77.48432,17.70753],[77.48451,17.70576],[77.48298,17.70634],[77.48119,17.70459],[77.47953,17.70446],[77.47843,17.70545],[77.47756,17.70554],[77.47403,17.70457],[77.47367,17.70362],[77.47186,17.70305],[77.46832,17.70254],[77.46817,17.7031],[77.46298,17.70103],[77.45896,17.69863],[77.45879,17.69631],[77.45665,17.69557],[77.45578,17.69475],[77.4539,17.69439],[77.45261,17.69489],[77.45082,17.6967],[77.44992,17.6961],[77.44477,17.70165],[77.44477,17.70204],[77.4462,17.70197],[77.44641,17.7026],[77.44558,17.70323],[77.44461,17.70306],[77.44464,17.70475],[77.44296,17.70715],[77.43942,17.70874],[77.43737,17.70783],[77.43599,17.7078],[77.43479,17.70905],[77.43215,17.70951],[77.43101,17.71252],[77.42638,17.71377],[77.42664,17.71471],[77.42353,17.71729],[77.42199,17.71941],[77.42335,17.7218],[77.42431,17.72167],[77.42722,17.72326],[77.42954,17.72874],[77.43062,17.72869],[77.43125,17.72942],[77.43261,17.72969],[77.43369,17.73215],[77.43042,17.734],[77.42685,17.73491],[77.42475,17.73604],[77.42613,17.74247],[77.42721,17.7452],[77.42863,17.74645],[77.42966,17.75122],[77.43792,17.75187],[77.43839,17.75225],[77.43909,17.75212],[77.43927,17.75128],[77.44444,17.75155],[77.44471,17.75981],[77.44624,17.7662],[77.44617,17.76965],[77.44128,17.7725],[77.43957,17.77468],[77.43128,17.77848],[77.43023,17.78343],[77.43051,17.78551],[77.4321,17.78733],[77.43197,17.78914],[77.4257,17.79214],[77.42094,17.79245],[77.42503,17.79908],[77.42551,17.80121],[77.42822,17.80161],[77.4312,17.80081],[77.44132,17.80142],[77.44298,17.80548],[77.44517,17.80757],[77.44892,17.81279],[77.45214,17.82122],[77.44972,17.82255],[77.44314,17.82491],[77.4423,17.82595],[77.43663,17.82812],[77.43806,17.83314],[77.44066,17.83748],[77.44645,17.83675],[77.45129,17.83536],[77.46404,17.83545],[77.46376,17.8337],[77.46423,17.8334],[77.4644,17.83207],[77.46348,17.83263],[77.46294,17.83223],[77.46448,17.83087],[77.46367,17.8303],[77.46408,17.83025],[77.46413,17.82885],[77.46488,17.82864],[77.46477,17.82808],[77.466,17.82613],[77.46545,17.82558],[77.46615,17.8246],[77.46627,17.82239],[77.4668,17.82203],[77.46678,17.81956],[77.46749,17.8188],[77.46829,17.81625],[77.47031,17.81476],[77.46984,17.81366],[77.47089,17.81373],[77.47048,17.81285],[77.47096,17.81269],[77.47158,17.81331],[77.47288,17.81136],[77.47278,17.81252],[77.47352,17.81201],[77.47333,17.81136],[77.47406,17.81008],[77.47554,17.80849],[77.48259,17.80472],[77.48371,17.8056],[77.48287,17.80576],[77.4859,17.81375],[77.48419,17.81483],[77.48475,17.81566],[77.48328,17.81848],[77.4873,17.82067],[77.48614,17.82278],[77.48362,17.82148],[77.47976,17.82301],[77.48332,17.8247],[77.47983,17.82627],[77.48019,17.82705],[77.48746,17.83758],[77.48769,17.84012],[77.4881,17.83996],[77.4913,17.84293],[77.4938,17.84375],[77.49628,17.84366],[77.50029,17.84184],[77.50163,17.8407]]],[[[77.52668,17.78449],[77.52569,17.78238],[77.52377,17.78275],[77.52266,17.78217],[77.5218,17.78264],[77.52272,17.78429],[77.52333,17.78404],[77.52412,17.78584],[77.52532,17.78585],[77.52677,17.78487],[77.52668,17.78449]]]]}},{"type":"Feature","properties":{"unitId":252,"unitName":"Bidar Town PS"},"geometry":{"type":"Polygon","coordinates":[[[77.52813,17.9387],[77.52816,17.9354],[77.53068,17.93604],[77.53231,17.93554],[77.53305,17.9365],[77.53544,17.93514],[77.53657,17.93391],[77.53682,17.93181],[77.53753,17.93164],[77.53842,17.93218],[77.54028,17.93153],[77.54105,17.93063],[77.54704,17.92996],[77.54578,17.92672],[77.54645,17.92562],[77.54647,17.92458],[77.54544,17.92462],[77.54524,17.923],[77.54668,17.92329],[77.54817,17.92031],[77.54829,17.9187],[77.55179,17.91562],[77.55168,17.91391],[77.55281,17.91355],[77.55269,17.91305],[77.55456,17.9109],[77.56515,17.90883],[77.56196,17.89892],[77.56181,17.89939],[77.55918,17.89926],[77.55707,17.90005],[77.55394,17.89998],[77.55407,17.89949],[77.54743,17.90291],[77.54514,17.90649],[77.54307,17.90827],[77.54125,17.91194],[77.5395,17.91299],[77.53954,17.91587],[77.53842,17.91564],[77.53847,17.91624],[77.53681,17.91633],[77.53712,17.9161],[77.53661,17.91577],[77.53658,17.91454],[77.53516,17.91319],[77.53441,17.91062],[77.53192,17.90976],[77.53143,17.9081],[77.53018,17.90725],[77.52899,17.90708],[77.52732,17.90817],[77.52194,17.91334],[77.52532,17.92001],[77.52216,17.9227],[77.52116,17.92517],[77.52412,17.93106],[77.52142,17.93132],[77.52171,17.9336],[77.52294,17.93365],[77.5237,17.93492],[77.52345,17.9364],[77.5221,17.93697],[77.52262,17.93736],[77.52202,17.93773],[77.52176,17.93869],[77.51981,17.93859],[77.51951,17.93898],[77.52396,17.93985],[77.52813,17.9387]],[[77.54135,17.91591],[77.54139,17.9152],[77.5457,17.91391],[77.54604,17.91445],[77.54509,17.91516],[77.54531,17.91584],[77.54135,17.91591]]]}},{"type":"Feature","properties":{"unitId":253,"unitName":"Bidar New Town PS"},"geometry":{"type":"MultiPolygon","coordinates":[[[[77.48074,17.95338],[77.48705,17.95193],[77.48868,17.95092],[77.49221,17.95032],[77.49466,17.94888],[77.4949,17.94932],[77.49982,17.94815],[77.5017,17.94854],[77.50311,17.94725],[77.50222,17.94558],[77.50273,17.94464],[77.50221,17.9409],[77.50474,17.93969],[77.50308,17.93528],[77.50648,17.93565],[77.51169,17.93727],[77.51529,17.9375],[77.51967,17.93914],[77.51981,17.93859],[77.52176,17.93869],[77.52202,17.93773],[77.52262,17.93736],[77.5221,17.93697],[77.52345,17.9364],[77.5237,17.93492],[77.52294,17.93365],[77.52171,17.9336],[77.52142,17.93132],[77.52412,17.93106],[77.52207,17.92673],[77.51913,17.92813],[77.51845,17.92813],[77.51806,17.92749],[77.51799,17.9269],[77.52021,17.92556],[77.51885,17.915],[77.51547,17.91446],[77.51524,17.91162],[77.51375,17.91163],[77.51249,17.91236],[77.51032,17.91251],[77.50759,17.91348],[77.50599,17.91449],[77.50032,17.9208],[77.49497,17.92413],[77.49432,17.92194],[77.49168,17.92234],[77.49167,17.92139],[77.48938,17.92174],[77.48946,17.92267],[77.48656,17.92294],[77.48187,17.92435],[77.475,17.92467],[77.47546,17.92084],[77.47095,17.92059],[77.47194,17.9172],[77.47172,17.91643],[77.46624,17.91034],[77.45917,17.90397],[77.44735,17.90303],[77.44099,17.90377],[77.43703,17.90368],[77.43419,17.90496],[77.43074,17.90485],[77.43072,17.9029],[77.42979,17.90234],[77.43053,17.90197],[77.43049,17.90119],[77.42991,17.90098],[77.42642,17.90706],[77.42592,17.90962],[77.42401,17.91082],[77.42223,17.9127],[77.42213,17.91342],[77.42111,17.91387],[77.42038,17.91539],[77.42011,17.91824],[77.42217,17.9233],[77.42652,17.92334],[77.42701,17.93007],[77.4308,17.92965],[77.43316,17.93128],[77.43457,17.9312],[77.43406,17.93756],[77.43447,17.93819],[77.43913,17.93673],[77.44202,17.94122],[77.44582,17.93914],[77.44896,17.93563],[77.45126,17.93481],[77.45387,17.93663],[77.45589,17.93707],[77.45638,17.93648],[77.45964,17.93607],[77.46021,17.9375],[77.46178,17.93935],[77.46092,17.94344],[77.46118,17.9441],[77.46275,17.94433],[77.46618,17.94743],[77.46796,17.94826],[77.47239,17.94514],[77.47417,17.94556],[77.47454,17.95033],[77.47847,17.94908],[77.47898,17.95196],[77.47526,17.9536],[77.47546,17.95541],[77.48074,17.95338]]],[[[77.3342,17.8426],[77.34011,17.84213],[77.34179,17.83971],[77.34089,17.83696],[77.34103,17.83615],[77.34174,17.83519],[77.34386,17.83426],[77.34331,17.83354],[77.3438,17.832],[77.34458,17.83218],[77.34476,17.83037],[77.34553,17.82958],[77.34527,17.82847],[77.34395,17.82826],[77.34256,17.82912],[77.34139,17.82863],[77.33327,17.82934],[77.33323,17.82872],[77.32923,17.82843],[77.32876,17.82904],[77.32558,17.82947],[77.32295,17.83054],[77.32,17.83221],[77.31997,17.83303],[77.31891,17.83301],[77.31972,17.83745],[77.32066,17.83772],[77.32175,17.84133],[77.32493,17.8409],[77.32835,17.83911],[77.32904,17.84079],[77.33022,17.84187],[77.3306,17.84325],[77.3342,17.8426]]]]}},{"type":"Feature","properties":{"unitId":254,"unitName":"Basava Kalyana Town PS"},"geometry":{"type":"Polygon","coordinates":[[[76.9116,17.91521],[76.9155,17.91498],[76.91625,17.91645],[76.91712,17.91696],[76.92169,17.91582],[76.92169,17.91499],[76.9234,17.91404],[76.93148,17.91345],[76.93611,17.91214],[76.9378,17.91035],[76.93823,17.90841],[76.93911,17.90757],[76.93939,17.90501],[76.94161,17.89917],[76.94275,17.89432],[76.94358,17.89296],[76.9404,17.89305],[76.9384,17.89033],[76.93702,17.88925],[76.93787,17.88341],[76.93892,17.88343],[76.93835,17.88227],[76.93877,17.87893],[76.93767,17.87682],[76.935,17.87648],[76.93441,17.87505],[76.93463,17.87429],[76.93537,17.87427],[76.93553,17.87236],[76.93494,17.87218],[76.93523,17.86909],[76.93813,17.87011],[76.94013,17.8701],[76.93986,17.86611],[76.94022,17.8648],[76.94425,17.86508],[76.94493,17.86402],[76.9504,17.86363],[76.95622,17.86235],[76.95773,17.86285],[76.95646,17.86515],[76.95587,17.86847],[76.95753,17.86742],[76.95818,17.86619],[76.95898,17.86572],[76.96143,17.86464],[76.96469,17.86431],[76.96646,17.87268],[76.96632,17.87582],[76.96493,17.87974],[76.96977,17.88005],[76.9716,17.88053],[76.97175,17.88123],[76.97361,17.88098],[76.97865,17.88241],[76.9807,17.8833],[76.98263,17.88484],[76.98264,17.8858],[76.98637,17.88617],[76.99051,17.88559],[76.99328,17.88653],[76.99607,17.88677],[76.99656,17.88745],[76.99932,17.88838],[76.99909,17.88933],[77.00066,17.88929],[77.00037,17.87952],[76.99984,17.87747],[77.00311,17.87589],[77.00355,17.86842],[77.00681,17.86812],[77.00629,17.86342],[77.01111,17.86161],[77.0152,17.86096],[77.01502,17.85916],[77.02076,17.8586],[77.02399,17.85358],[77.02569,17.84762],[77.02556,17.84601],[77.02803,17.84187],[77.02837,17.83999],[77.03018,17.83753],[77.03071,17.83544],[77.03064,17.83401],[77.02802,17.83458],[77.02666,17.82873],[77.02685,17.82689],[77.02611,17.8252],[77.02177,17.82616],[77.01666,17.82859],[77.00567,17.83198],[77.00454,17.8319],[77.00217,17.83311],[77.00063,17.83119],[77.00067,17.83018],[76.99923,17.82999],[76.99701,17.82746],[76.9961,17.82783],[76.99204,17.82647],[76.99071,17.82731],[76.98956,17.82667],[76.9869,17.82747],[76.98346,17.8246],[76.97886,17.82205],[76.97329,17.81426],[76.97217,17.81188],[76.97296,17.81167],[76.97203,17.80806],[76.96966,17.80852],[76.96782,17.81008],[76.96442,17.81166],[76.95904,17.80849],[76.95832,17.80902],[76.95833,17.81011],[76.95748,17.81014],[76.95765,17.812],[76.95678,17.81256],[76.95696,17.81307],[76.95808,17.81337],[76.95747,17.81448],[76.95814,17.81593],[76.95753,17.81668],[76.95658,17.81638],[76.95539,17.81464],[76.95503,17.8153],[76.95528,17.81627],[76.95448,17.81663],[76.9542,17.81629],[76.95153,17.81849],[76.95241,17.82],[76.95123,17.81958],[76.94053,17.82091],[76.94005,17.81614],[76.93801,17.81521],[76.93404,17.8151],[76.93214,17.81301],[76.93183,17.81197],[76.93074,17.81158],[76.93073,17.81031],[76.92966,17.80939],[76.92812,17.80895],[76.9267,17.80748],[76.92683,17.8059],[76.9258,17.80563],[76.92507,17.80464],[76.92331,17.80559],[76.92294,17.80626],[76.92265,17.80476],[76.9214,17.80372],[76.92292,17.80399],[76.92336,17.80281],[76.91917,17.80254],[76.91836,17.80193],[76.91655,17.79571],[76.91545,17.79519],[76.91347,17.79567],[76.91206,17.80083],[76.90909,17.80432],[76.90571,17.8073],[76.90445,17.80773],[76.90375,17.80977],[76.90359,17.81157],[76.90397,17.81243],[76.90321,17.81423],[76.89946,17.81682],[76.89757,17.81676],[76.89542,17.81748],[76.8947,17.81831],[76.89406,17.81827],[76.89458,17.81887],[76.89203,17.81896],[76.88989,17.81985],[76.88921,17.81942],[76.88764,17.8197],[76.89329,17.82738],[76.897,17.83546],[76.89697,17.83736],[76.89416,17.84176],[76.89359,17.84156],[76.89308,17.84396],[76.89248,17.84405],[76.89251,17.84576],[76.89155,17.84731],[76.89223,17.85367],[76.89315,17.85749],[76.89306,17.86039],[76.89876,17.86215],[76.90054,17.86579],[76.90045,17.86653],[76.90279,17.86684],[76.90679,17.86828],[76.91044,17.87268],[76.91142,17.87506],[76.90972,17.87548],[76.90921,17.87652],[76.9059,17.87693],[76.90528,17.87758],[76.90511,17.87918],[76.90205,17.87977],[76.90224,17.88018],[76.90119,17.88041],[76.89886,17.88053],[76.89866,17.88267],[76.89781,17.88479],[76.89497,17.88606],[76.88837,17.8851],[76.88437,17.88549],[76.88253,17.88459],[76.88231,17.89022],[76.8788,17.89111],[76.87917,17.89351],[76.88069,17.89557],[76.88144,17.89603],[76.88304,17.89446],[76.8841,17.89444],[76.88393,17.89942],[76.88539,17.89949],[76.88839,17.8984],[76.8898,17.89963],[76.89385,17.89998],[76.89467,17.9026],[76.89358,17.9045],[76.89396,17.90637],[76.89639,17.90608],[76.89646,17.91086],[76.89888,17.90937],[76.9006,17.91429],[76.90146,17.91465],[76.90038,17.91768],[76.9116,17.91521]]]}},{"type":"Feature","properties":{"unitId":255,"unitName":"Hulsoor PS"},"geometry":{"type":"Polygon","coordinates":[[[77.01066,18.06203],[77.01224,18.06165],[77.01556,18.06204],[77.01767,18.0631],[77.01819,18.06193],[77.021,18.06084],[77.02245,18.05896],[77.02834,18.0541],[77.03184,18.05218],[77.0317,18.04934],[77.03837,18.04894],[77.04026,18.04808],[77.04814,18.0462],[77.05008,18.04501],[77.05124,18.04259],[77.05246,18.04264],[77.05264,18.03984],[77.05115,18.03901],[77.05088,18.03807],[77.04934,18.02622],[77.04373,18.02513],[77.04415,18.02102],[77.04919,18.02076],[77.04925,18.02145],[77.05143,18.02085],[77.05242,18.02096],[77.05267,18.02161],[77.05382,18.02105],[77.0559,18.02228],[77.05806,18.0224],[77.05845,18.0209],[77.06015,18.02127],[77.06248,18.02001],[77.06435,18.01964],[77.06351,18.01309],[77.06405,18.01289],[77.06396,18.01153],[77.06229,18.0051],[77.0614,18.00495],[77.06015,18.00025],[77.0577,18.00016],[77.05626,17.99087],[77.05615,17.98451],[77.06127,17.98214],[77.06271,17.98034],[77.06259,17.97903],[77.05881,17.97499],[77.06072,17.97449],[77.05698,17.97059],[77.05633,17.971],[77.05493,17.97081],[77.04968,17.96719],[77.04788,17.96746],[77.0473,17.96705],[77.04653,17.96751],[77.04539,17.96681],[77.04292,17.96758],[77.04093,17.96696],[77.03584,17.96804],[77.03511,17.9686],[77.03539,17.96899],[77.0336,17.97029],[77.03126,17.97564],[77.02702,17.97524],[77.02693,17.97379],[77.02558,17.97358],[77.02524,17.97307],[77.02241,17.97282],[77.02163,17.96892],[77.021,17.9696],[77.02105,17.96866],[77.01812,17.96329],[77.01546,17.96155],[77.01558,17.95908],[77.01431,17.95853],[77.01211,17.95631],[77.01004,17.95586],[77.00976,17.95765],[77.00617,17.95818],[77.00683,17.95234],[77.00988,17.95209],[77.01097,17.94246],[77.01028,17.93909],[77.00811,17.93621],[77.00821,17.9346],[77.00714,17.93217],[77.00175,17.92891],[77.00062,17.92672],[76.99914,17.92542],[76.99559,17.92392],[76.99387,17.9239],[76.99263,17.92147],[76.99089,17.91994],[76.98888,17.91991],[76.98587,17.91812],[76.98235,17.91289],[76.97797,17.91018],[76.97437,17.90617],[76.97415,17.9045],[76.97232,17.9024],[76.97109,17.90166],[76.9701,17.89985],[76.96771,17.89722],[76.96678,17.89737],[76.96453,17.89539],[76.9612,17.89486],[76.95779,17.89518],[76.95678,17.89473],[76.95671,17.89543],[76.95513,17.89541],[76.9551,17.8949],[76.95415,17.89496],[76.95376,17.89352],[76.95132,17.89314],[76.9512,17.89352],[76.95003,17.89367],[76.94358,17.89296],[76.94275,17.89432],[76.94161,17.89917],[76.93994,17.90303],[76.93911,17.90757],[76.93823,17.90841],[76.9378,17.91035],[76.93611,17.91214],[76.93148,17.91345],[76.9234,17.91404],[76.92169,17.91499],[76.92169,17.91582],[76.91881,17.91657],[76.91905,17.92393],[76.92013,17.92941],[76.92005,17.93332],[76.91942,17.93513],[76.91984,17.94284],[76.91925,17.94392],[76.91898,17.94613],[76.91937,17.94625],[76.91916,17.94694],[76.91867,17.94666],[76.91854,17.94832],[76.91775,17.95003],[76.917,17.95622],[76.91499,17.95731],[76.91463,17.96309],[76.91274,17.9755],[76.91248,17.98114],[76.91321,17.98576],[76.91325,17.99284],[76.91261,17.99653],[76.9065,17.99685],[76.90726,17.99738],[76.90732,17.99832],[76.90795,17.9989],[76.90613,18.0009],[76.90533,18.00719],[76.90577,18.00978],[76.90799,18.01444],[76.91124,18.01328],[76.91427,18.02751],[76.91463,18.03554],[76.92065,18.03687],[76.92876,18.03755],[76.93668,18.03748],[76.94674,18.03888],[76.94782,18.03971],[76.95167,18.04041],[76.95304,18.04166],[76.95295,18.04015],[76.95468,18.03669],[76.95545,18.03638],[76.9561,18.03675],[76.95659,18.03803],[76.95799,18.03417],[76.96022,18.03285],[76.96365,18.03159],[76.97181,18.0299],[76.98113,18.02599],[76.98282,18.03677],[76.98354,18.03854],[76.98319,18.03955],[76.98411,18.04025],[76.98487,18.04402],[76.98462,18.04558],[76.98541,18.04576],[76.98532,18.04646],[76.98859,18.04565],[76.98997,18.04614],[76.99082,18.04717],[76.99133,18.049],[76.99177,18.05804],[76.99128,18.06021],[76.99189,18.06441],[76.99444,18.06616],[76.99936,18.06681],[77.00234,18.06614],[77.00408,18.06475],[77.01066,18.06203]]]}},{"type":"Feature","properties":{"unitId":256,"unitName":"Chitaguppa PS"},"geometry":{"type":"Polygon","coordinates":[[[77.15324,17.76053],[77.15891,17.75939],[77.1618,17.75751],[77.17011,17.75504],[77.17349,17.75251],[77.17445,17.74952],[77.17501,17.74904],[77.17921,17.74713],[77.18115,17.74572],[77.18131,17.74409],[77.1819,17.74346],[77.18111,17.74168],[77.18213,17.7408],[77.18195,17.7403],[77.18374,17.74008],[77.18438,17.73853],[77.18624,17.73641],[77.18732,17.73257],[77.18789,17.72761],[77.1963,17.72703],[77.19622,17.72786],[77.19905,17.72861],[77.19964,17.72984],[77.20229,17.73138],[77.20557,17.73681],[77.21071,17.73783],[77.21203,17.73858],[77.21407,17.73858],[77.21706,17.7402],[77.21918,17.74045],[77.22303,17.73901],[77.22743,17.74754],[77.22937,17.74637],[77.23397,17.7461],[77.23609,17.74528],[77.23532,17.74439],[77.23355,17.73921],[77.23074,17.73445],[77.22983,17.73102],[77.23013,17.72917],[77.23146,17.72768],[77.23737,17.72706],[77.2437,17.72559],[77.24871,17.72591],[77.25615,17.72349],[77.25823,17.72415],[77.25859,17.72321],[77.26183,17.72212],[77.26384,17.7244],[77.26439,17.72445],[77.26408,17.72298],[77.26495,17.7218],[77.26658,17.72084],[77.26891,17.71665],[77.2683,17.70676],[77.26792,17.70693],[77.26696,17.70446],[77.26659,17.70452],[77.26634,17.70316],[77.26574,17.70305],[77.26575,17.69837],[77.26795,17.69758],[77.26749,17.69054],[77.2702,17.69026],[77.27422,17.68626],[77.28184,17.68426],[77.28648,17.68099],[77.29142,17.67663],[77.2912,17.67561],[77.29201,17.67345],[77.29455,17.67058],[77.29461,17.66901],[77.2952,17.66815],[77.29483,17.66293],[77.29594,17.6565],[77.29568,17.64779],[77.29608,17.64774],[77.29519,17.64767],[77.29403,17.64157],[77.30567,17.63798],[77.30896,17.63567],[77.31355,17.63429],[77.31835,17.63192],[77.32001,17.62809],[77.32151,17.62622],[77.3218,17.62231],[77.32319,17.62172],[77.32389,17.61946],[77.32349,17.61926],[77.32758,17.61398],[77.3341,17.61289],[77.33334,17.60974],[77.33333,17.60633],[77.33599,17.60484],[77.33885,17.60411],[77.34081,17.60438],[77.34566,17.60236],[77.34928,17.60352],[77.35018,17.6014],[77.35172,17.60008],[77.35103,17.59931],[77.34958,17.59897],[77.34319,17.58819],[77.31123,17.59535],[77.30459,17.59844],[77.30378,17.59771],[77.30028,17.59735],[77.30015,17.59894],[77.29803,17.60309],[77.29933,17.60591],[77.29862,17.60695],[77.29678,17.60779],[77.29654,17.6071],[77.29447,17.60844],[77.29419,17.61188],[77.29598,17.6144],[77.29459,17.61502],[77.29127,17.61119],[77.29034,17.61152],[77.28995,17.61334],[77.28728,17.61504],[77.28526,17.61504],[77.28698,17.61711],[77.28415,17.61907],[77.28297,17.61917],[77.28224,17.61714],[77.28199,17.61761],[77.27956,17.61786],[77.27864,17.6204],[77.27694,17.62134],[77.2772,17.62195],[77.27495,17.62733],[77.26321,17.62544],[77.25858,17.62327],[77.25338,17.62513],[77.25351,17.6261],[77.24435,17.62991],[77.24345,17.63005],[77.24307,17.6292],[77.24207,17.62919],[77.23963,17.63072],[77.23707,17.63139],[77.23567,17.63032],[77.23325,17.63033],[77.23218,17.63084],[77.231,17.63236],[77.22966,17.63242],[77.22961,17.63179],[77.22777,17.63162],[77.22805,17.63021],[77.22266,17.63103],[77.22159,17.63194],[77.22029,17.63063],[77.21945,17.63073],[77.2193,17.6302],[77.22022,17.63004],[77.22039,17.62933],[77.21989,17.62917],[77.21854,17.62915],[77.21602,17.63031],[77.21239,17.62878],[77.21082,17.62896],[77.21029,17.62949],[77.20915,17.6276],[77.20656,17.62685],[77.20442,17.6285],[77.20387,17.63024],[77.20311,17.63028],[77.20318,17.62949],[77.20273,17.63016],[77.20017,17.63112],[77.20063,17.63201],[77.19831,17.6324],[77.19726,17.6322],[77.19736,17.63142],[77.19619,17.6318],[77.19542,17.62911],[77.19443,17.62467],[77.19446,17.62225],[77.19501,17.62174],[77.19485,17.6192],[77.19453,17.61849],[77.19368,17.61813],[77.19424,17.61711],[77.19402,17.61524],[77.19372,17.61561],[77.18922,17.61584],[77.18743,17.61879],[77.18264,17.61848],[77.18112,17.61917],[77.17862,17.62198],[77.17297,17.62423],[77.17153,17.62386],[77.17159,17.6245],[77.1702,17.62183],[77.17013,17.62513],[77.17096,17.62505],[77.17162,17.62697],[77.17105,17.62736],[77.16495,17.62817],[77.16132,17.62935],[77.15735,17.6284],[77.15498,17.62878],[77.15277,17.62998],[77.15265,17.63104],[77.1513,17.63253],[77.15091,17.63247],[77.15147,17.63132],[77.15085,17.63164],[77.15033,17.63288],[77.15135,17.63762],[77.15068,17.63868],[77.15049,17.64141],[77.14942,17.6415],[77.14965,17.64247],[77.14774,17.64281],[77.14826,17.64332],[77.14732,17.64522],[77.14331,17.6471],[77.14378,17.65103],[77.14555,17.65449],[77.14489,17.65494],[77.14485,17.65562],[77.14153,17.6562],[77.1397,17.65746],[77.1376,17.65809],[77.13658,17.66117],[77.13205,17.66155],[77.13216,17.66518],[77.13154,17.66779],[77.13198,17.67213],[77.13314,17.67531],[77.13265,17.68251],[77.12835,17.68189],[77.12731,17.68666],[77.1236,17.68721],[77.12326,17.68648],[77.12192,17.6868],[77.11955,17.68562],[77.11768,17.68603],[77.11456,17.67897],[77.11459,17.67793],[77.11195,17.67684],[77.11122,17.67516],[77.1063,17.67335],[77.10452,17.6697],[77.10455,17.66896],[77.09501,17.6692],[77.0935,17.66861],[77.09025,17.6685],[77.09007,17.66937],[77.08943,17.6691],[77.08773,17.66236],[77.08525,17.65917],[77.08081,17.6625],[77.07844,17.66181],[77.07341,17.66206],[77.06923,17.66585],[77.06369,17.6696],[77.06211,17.67182],[77.05965,17.67301],[77.06131,17.67836],[77.06137,17.68112],[77.06067,17.68209],[77.06092,17.6854],[77.06334,17.68981],[77.06345,17.69138],[77.06198,17.69407],[77.06086,17.69824],[77.06139,17.70157],[77.0612,17.70476],[77.05604,17.70544],[77.05316,17.70651],[77.05166,17.70645],[77.05155,17.70588],[77.05107,17.70704],[77.05231,17.71423],[77.05418,17.71935],[77.05522,17.72518],[77.05521,17.73101],[77.05568,17.73229],[77.05744,17.73282],[77.05822,17.73552],[77.06178,17.73726],[77.06182,17.73822],[77.06276,17.73832],[77.06398,17.73947],[77.06424,17.74063],[77.06679,17.74078],[77.06657,17.74265],[77.06751,17.74201],[77.06994,17.74218],[77.07142,17.74166],[77.07193,17.74204],[77.07129,17.74121],[77.0728,17.7387],[77.08285,17.7379],[77.09184,17.73886],[77.09961,17.73798],[77.09968,17.73843],[77.10051,17.73798],[77.10132,17.73601],[77.09988,17.73266],[77.10117,17.73264],[77.10102,17.72974],[77.10318,17.72993],[77.10582,17.72892],[77.11389,17.72949],[77.1144,17.73077],[77.11647,17.73312],[77.11885,17.73389],[77.11993,17.73541],[77.12632,17.73672],[77.12927,17.73672],[77.12932,17.73746],[77.13057,17.73742],[77.13121,17.74086],[77.13189,17.74167],[77.133,17.74196],[77.13243,17.74373],[77.13219,17.74985],[77.13471,17.75383],[77.13877,17.75513],[77.14378,17.75877],[77.14385,17.75809],[77.14594,17.76056],[77.14776,17.7602],[77.15324,17.76053]]]}},{"type":"Feature","properties":{"unitId":257,"unitName":"Bemalkhed PS"},"geometry":{"type":"Polygon","coordinates":[[[77.42638,17.71377],[77.43101,17.71252],[77.43215,17.70951],[77.43479,17.70905],[77.43599,17.7078],[77.43737,17.70783],[77.43942,17.70874],[77.44345,17.70676],[77.44464,17.70475],[77.44461,17.70306],[77.44558,17.70323],[77.44641,17.7026],[77.4462,17.70197],[77.44477,17.70204],[77.44477,17.70165],[77.44992,17.6961],[77.45082,17.6967],[77.45264,17.69522],[77.45298,17.69474],[77.45261,17.69127],[77.4537,17.69071],[77.45379,17.68991],[77.45538,17.68939],[77.45396,17.68044],[77.45402,17.67693],[77.45461,17.6747],[77.45511,17.67464],[77.45343,17.67245],[77.45357,17.67051],[77.45139,17.66322],[77.44999,17.66115],[77.44865,17.65759],[77.44875,17.65105],[77.45056,17.65034],[77.45033,17.64464],[77.45213,17.64108],[77.45344,17.63612],[77.45643,17.6346],[77.45624,17.63199],[77.45223,17.6241],[77.44921,17.60902],[77.44473,17.609],[77.44556,17.60279],[77.44655,17.59944],[77.44614,17.59848],[77.44652,17.59677],[77.4457,17.59439],[77.44399,17.59255],[77.44482,17.58582],[77.44452,17.58373],[77.42821,17.58758],[77.42815,17.58617],[77.4149,17.58483],[77.40833,17.58298],[77.40306,17.58433],[77.39887,17.58304],[77.39285,17.58369],[77.39112,17.58481],[77.38792,17.58453],[77.38655,17.58375],[77.38427,17.58351],[77.37859,17.58358],[77.37686,17.59496],[77.36809,17.59737],[77.35781,17.60091],[77.35103,17.59931],[77.35172,17.60008],[77.35018,17.6014],[77.34928,17.60352],[77.34566,17.60236],[77.34081,17.60438],[77.33885,17.60411],[77.33599,17.60484],[77.33333,17.60633],[77.33334,17.60974],[77.3341,17.61289],[77.32758,17.61398],[77.32349,17.61926],[77.32389,17.61946],[77.32319,17.62172],[77.32358,17.62326],[77.33348,17.62529],[77.33805,17.62562],[77.33914,17.62718],[77.34031,17.62919],[77.3389,17.63714],[77.33735,17.64285],[77.33951,17.64515],[77.34049,17.64883],[77.34178,17.65176],[77.34293,17.65277],[77.34598,17.6598],[77.34659,17.66075],[77.34728,17.66066],[77.34759,17.6617],[77.349,17.66165],[77.35105,17.66635],[77.35147,17.666],[77.35198,17.66789],[77.35302,17.66811],[77.35492,17.66949],[77.3577,17.67274],[77.35869,17.67511],[77.36432,17.67234],[77.36562,17.67121],[77.36883,17.67915],[77.37028,17.67951],[77.37228,17.67866],[77.37463,17.6785],[77.37533,17.6777],[77.37666,17.67737],[77.37695,17.67813],[77.38119,17.68031],[77.38278,17.6806],[77.38247,17.68074],[77.38346,17.68235],[77.38702,17.6821],[77.38748,17.68301],[77.38741,17.68839],[77.39024,17.6914],[77.39137,17.69161],[77.39217,17.69773],[77.39163,17.70162],[77.39197,17.70675],[77.39387,17.7074],[77.39613,17.7075],[77.40063,17.7106],[77.40604,17.71561],[77.40816,17.72184],[77.40875,17.72673],[77.41424,17.72461],[77.41893,17.72102],[77.42206,17.71943],[77.42353,17.71729],[77.42664,17.71471],[77.42638,17.71377]]]}},{"type":"Feature","properties":{"unitId":258,"unitName":"Manna Ekhelli PS"},"geometry":{"type":"Polygon","coordinates":[[[77.35275,17.78403],[77.35411,17.78142],[77.35454,17.77866],[77.35614,17.77723],[77.35883,17.77261],[77.35843,17.77157],[77.35567,17.77058],[77.35606,17.76906],[77.35791,17.76752],[77.35935,17.76536],[77.36175,17.76373],[77.36719,17.76299],[77.36782,17.76003],[77.37013,17.75848],[77.37056,17.75882],[77.37076,17.76078],[77.37189,17.76097],[77.37415,17.75879],[77.37514,17.75673],[77.37867,17.75632],[77.37957,17.7551],[77.38497,17.75307],[77.38755,17.75041],[77.389,17.74794],[77.38879,17.74715],[77.38737,17.74722],[77.38663,17.74653],[77.38825,17.74464],[77.38381,17.73875],[77.38366,17.73581],[77.38136,17.73376],[77.38201,17.73305],[77.38213,17.73087],[77.37983,17.728],[77.37901,17.72784],[77.37863,17.72556],[77.37793,17.72499],[77.37629,17.72482],[77.37535,17.7238],[77.37453,17.72172],[77.37436,17.71882],[77.38218,17.7171],[77.38388,17.71617],[77.38581,17.72267],[77.38806,17.72666],[77.39082,17.72983],[77.3924,17.73249],[77.39458,17.7377],[77.39773,17.73666],[77.39929,17.73439],[77.39914,17.73328],[77.39966,17.73215],[77.40072,17.73174],[77.40164,17.7321],[77.40194,17.73303],[77.40292,17.73173],[77.40265,17.7306],[77.40534,17.72873],[77.40637,17.72732],[77.40875,17.72673],[77.40816,17.72184],[77.40647,17.71646],[77.40469,17.71419],[77.40063,17.7106],[77.39613,17.7075],[77.39387,17.7074],[77.39197,17.70675],[77.39163,17.70162],[77.39217,17.69773],[77.39137,17.69161],[77.39024,17.6914],[77.38741,17.68839],[77.38748,17.68301],[77.38702,17.6821],[77.38346,17.68235],[77.38247,17.68074],[77.38278,17.6806],[77.38119,17.68031],[77.37695,17.67813],[77.37666,17.67737],[77.37533,17.6777],[77.37463,17.6785],[77.37228,17.67866],[77.37028,17.67951],[77.36883,17.67915],[77.36562,17.67121],[77.36432,17.67234],[77.35869,17.67511],[77.3577,17.67274],[77.35492,17.66949],[77.35302,17.66811],[77.35198,17.66789],[77.35147,17.666],[77.35105,17.66635],[77.349,17.66165],[77.34759,17.6617],[77.34728,17.66066],[77.34659,17.66075],[77.34293,17.65277],[77.34178,17.65176],[77.33951,17.64515],[77.33735,17.64285],[77.3389,17.63714],[77.34031,17.62919],[77.33864,17.62642],[77.33805,17.62562],[77.32502,17.62385],[77.32358,17.62326],[77.32319,17.62172],[77.3221,17.6219],[77.32151,17.62622],[77.32001,17.62809],[77.31835,17.63192],[77.31355,17.63429],[77.30896,17.63567],[77.30567,17.63798],[77.29403,17.64157],[77.29519,17.64767],[77.29608,17.64774],[77.29568,17.64779],[77.29594,17.6565],[77.29483,17.66293],[77.2952,17.66815],[77.29461,17.66901],[77.29455,17.67058],[77.29201,17.67345],[77.2912,17.67561],[77.29142,17.67663],[77.28648,17.68099],[77.28184,17.68426],[77.27422,17.68626],[77.2702,17.69026],[77.26749,17.69054],[77.26795,17.69758],[77.26575,17.69837],[77.26574,17.70305],[77.26634,17.70316],[77.26659,17.70452],[77.26696,17.70446],[77.26792,17.70693],[77.2683,17.70676],[77.26891,17.71665],[77.26658,17.72084],[77.26495,17.7218],[77.26408,17.72298],[77.26439,17.72445],[77.26384,17.7244],[77.26183,17.72212],[77.25859,17.72321],[77.25823,17.72415],[77.25615,17.72349],[77.24871,17.72591],[77.2437,17.72559],[77.23492,17.72746],[77.23303,17.72725],[77.23146,17.72768],[77.23013,17.72917],[77.22983,17.73102],[77.23074,17.73445],[77.23355,17.73921],[77.23532,17.74439],[77.23769,17.74713],[77.23713,17.74725],[77.23763,17.74826],[77.24012,17.74973],[77.24216,17.75185],[77.24508,17.75821],[77.24678,17.76019],[77.24738,17.76807],[77.24984,17.77311],[77.25764,17.77337],[77.25908,17.77664],[77.26588,17.77627],[77.26534,17.77806],[77.26578,17.77805],[77.26628,17.77911],[77.26794,17.77924],[77.26905,17.78078],[77.27278,17.78075],[77.27298,17.78122],[77.27496,17.78133],[77.28105,17.77931],[77.28733,17.78008],[77.28853,17.77955],[77.29277,17.77977],[77.29482,17.77932],[77.29512,17.7771],[77.293,17.77552],[77.29293,17.77286],[77.29212,17.77165],[77.29095,17.76775],[77.28985,17.76692],[77.28849,17.76261],[77.29476,17.76317],[77.29789,17.76291],[77.30755,17.76039],[77.31436,17.75929],[77.31498,17.76044],[77.31502,17.76179],[77.31652,17.76201],[77.3163,17.76425],[77.31734,17.76578],[77.31883,17.76634],[77.31924,17.76785],[77.32244,17.76751],[77.32261,17.76816],[77.32706,17.77063],[77.33042,17.77116],[77.33042,17.7726],[77.33255,17.77303],[77.33311,17.77404],[77.33434,17.774],[77.33521,17.77671],[77.33726,17.7773],[77.33823,17.77836],[77.33986,17.779],[77.34065,17.78027],[77.34267,17.78169],[77.34339,17.78322],[77.35275,17.78403]]]}},{"type":"Feature","properties":{"unitId":259,"unitName":"Hallikhed PS"},"geometry":{"type":"Polygon","coordinates":[[[77.17141,17.88343],[77.17731,17.8773],[77.18104,17.87481],[77.1927,17.87405],[77.20359,17.87601],[77.20584,17.87559],[77.20792,17.87579],[77.2106,17.87996],[77.21749,17.88149],[77.22386,17.88083],[77.22412,17.88207],[77.22974,17.87948],[77.23071,17.88684],[77.23446,17.88549],[77.24202,17.88434],[77.24631,17.88458],[77.24818,17.88491],[77.24825,17.8854],[77.25343,17.88543],[77.25383,17.88375],[77.2559,17.88128],[77.25966,17.87949],[77.26801,17.87756],[77.27492,17.87953],[77.2772,17.87958],[77.27948,17.88455],[77.28773,17.87868],[77.28991,17.87791],[77.29107,17.87805],[77.30337,17.88262],[77.30699,17.88542],[77.31328,17.8881],[77.31451,17.88398],[77.31307,17.88077],[77.3134,17.87944],[77.31668,17.88043],[77.31777,17.88015],[77.32268,17.87131],[77.32092,17.86922],[77.31843,17.86494],[77.32023,17.86434],[77.31964,17.85922],[77.31747,17.85915],[77.31731,17.85584],[77.31449,17.85577],[77.31463,17.85499],[77.31523,17.85417],[77.31967,17.85342],[77.32896,17.85284],[77.32996,17.85311],[77.33086,17.8504],[77.33123,17.8471],[77.3273,17.84828],[77.32671,17.84521],[77.32684,17.84467],[77.32857,17.84371],[77.3306,17.84325],[77.33022,17.84187],[77.32904,17.84079],[77.32868,17.83915],[77.32772,17.83925],[77.32493,17.8409],[77.32175,17.84133],[77.32066,17.83772],[77.31972,17.83745],[77.31891,17.83301],[77.31656,17.83326],[77.31716,17.82776],[77.31677,17.826],[77.31693,17.82559],[77.31851,17.82529],[77.31818,17.8239],[77.31775,17.82396],[77.31737,17.8197],[77.31466,17.81925],[77.31461,17.81845],[77.31194,17.81853],[77.31157,17.81704],[77.31023,17.81685],[77.30825,17.81683],[77.3031,17.81798],[77.30298,17.81491],[77.29474,17.81508],[77.2956,17.81315],[77.29801,17.81106],[77.29755,17.80762],[77.29605,17.80414],[77.2927,17.80493],[77.29222,17.80117],[77.29053,17.79619],[77.2904,17.79443],[77.28931,17.79422],[77.28902,17.79175],[77.28866,17.79056],[77.28835,17.79066],[77.28739,17.78652],[77.2872,17.78497],[77.28783,17.78447],[77.28726,17.78006],[77.28105,17.77931],[77.27496,17.78133],[77.27298,17.78122],[77.27278,17.78075],[77.26905,17.78078],[77.26794,17.77924],[77.26628,17.77911],[77.26578,17.77805],[77.26534,17.77806],[77.26588,17.77627],[77.25908,17.77664],[77.25764,17.77337],[77.24984,17.77311],[77.24738,17.76807],[77.24678,17.76019],[77.24508,17.75821],[77.24216,17.75185],[77.24012,17.74973],[77.23763,17.74826],[77.23713,17.74725],[77.23769,17.74713],[77.23609,17.74528],[77.23397,17.7461],[77.22937,17.74637],[77.22743,17.74754],[77.22303,17.73901],[77.21918,17.74045],[77.21706,17.7402],[77.21407,17.73858],[77.21203,17.73858],[77.21071,17.73783],[77.20936,17.73782],[77.21155,17.74386],[77.21058,17.74437],[77.20796,17.7444],[77.20687,17.74539],[77.20742,17.74842],[77.20734,17.75301],[77.20621,17.75414],[77.2059,17.75874],[77.20637,17.76071],[77.20621,17.76371],[77.20537,17.76876],[77.20501,17.76871],[77.20462,17.76983],[77.20248,17.77037],[77.19958,17.76983],[77.19937,17.77277],[77.19711,17.77303],[77.1957,17.77436],[77.19399,17.77426],[77.19306,17.77497],[77.18512,17.77534],[77.18219,17.77488],[77.17713,17.7753],[77.17591,17.77836],[77.17053,17.78654],[77.17017,17.78801],[77.16799,17.78906],[77.16589,17.78922],[77.16429,17.78992],[77.16402,17.7907],[77.16194,17.79163],[77.16531,17.79484],[77.16432,17.79538],[77.16218,17.798],[77.16262,17.80178],[77.16429,17.80343],[77.16575,17.80391],[77.16843,17.80349],[77.17511,17.80528],[77.17746,17.80666],[77.18171,17.80799],[77.18649,17.80802],[77.18833,17.80868],[77.1928,17.81189],[77.1949,17.81228],[77.19642,17.82035],[77.19833,17.82558],[77.19831,17.82786],[77.19794,17.82792],[77.19822,17.82915],[77.19914,17.82907],[77.19878,17.83172],[77.20003,17.83193],[77.20034,17.83509],[77.19886,17.83629],[77.1988,17.83596],[77.18989,17.83904],[77.18812,17.84007],[77.18381,17.84483],[77.1797,17.84778],[77.17736,17.84719],[77.17653,17.85211],[77.17706,17.85342],[77.17662,17.8549],[77.17743,17.85908],[77.17944,17.86345],[77.17531,17.86498],[77.17583,17.86564],[77.17465,17.86445],[77.16974,17.86411],[77.16936,17.86366],[77.16558,17.86319],[77.16521,17.86277],[77.15362,17.86302],[77.14636,17.8652],[77.14204,17.86711],[77.14271,17.87255],[77.14148,17.87677],[77.14326,17.87866],[77.14698,17.88047],[77.14858,17.8818],[77.15147,17.88288],[77.15374,17.88278],[77.15385,17.8831],[77.15317,17.88334],[77.15619,17.89237],[77.164,17.88922],[77.17141,17.88343]]]}},{"type":"Feature","properties":{"unitId":260,"unitName":"Humnabad PS"},"geometry":{"type":"MultiPolygon","coordinates":[[[[77.14571,17.94382],[77.15137,17.9433],[77.15833,17.9409],[77.16899,17.93896],[77.16856,17.93507],[77.16906,17.93307],[77.16887,17.93057],[77.16832,17.92901],[77.16776,17.92272],[77.16692,17.9203],[77.17176,17.91931],[77.18088,17.91619],[77.18239,17.91831],[77.18423,17.9185],[77.18503,17.92079],[77.18775,17.92115],[77.18918,17.92213],[77.18984,17.92328],[77.19301,17.92411],[77.19613,17.92359],[77.1957,17.92128],[77.19395,17.92149],[77.1938,17.92056],[77.19162,17.92064],[77.19185,17.91934],[77.19364,17.91932],[77.19406,17.91758],[77.19265,17.91745],[77.19336,17.91636],[77.19081,17.91632],[77.1904,17.91538],[77.18949,17.91543],[77.18887,17.9124],[77.18291,17.91473],[77.18162,17.91149],[77.1796,17.91037],[77.17894,17.90566],[77.17931,17.90444],[77.18367,17.90467],[77.1851,17.90399],[77.18405,17.90064],[77.1825,17.89809],[77.18241,17.89717],[77.18318,17.8956],[77.18718,17.89675],[77.19135,17.89688],[77.19473,17.89616],[77.19566,17.89638],[77.19522,17.89502],[77.19552,17.89359],[77.19652,17.8931],[77.1961,17.89047],[77.19672,17.89045],[77.19706,17.88976],[77.1955,17.88783],[77.1955,17.88354],[77.20476,17.88052],[77.20383,17.8819],[77.21052,17.88382],[77.2107,17.8847],[77.21157,17.88535],[77.21973,17.88796],[77.2205,17.88886],[77.22047,17.88956],[77.22202,17.88955],[77.22328,17.88873],[77.221,17.88519],[77.22412,17.88207],[77.22386,17.88083],[77.21686,17.88138],[77.2106,17.87996],[77.20792,17.87579],[77.20584,17.87559],[77.20359,17.87601],[77.1927,17.87405],[77.1897,17.87412],[77.18209,17.87462],[77.17988,17.87538],[77.17937,17.87621],[77.17731,17.8773],[77.17107,17.88379],[77.1666,17.88752],[77.16346,17.88951],[77.15619,17.89237],[77.15317,17.88334],[77.15385,17.8831],[77.15374,17.88278],[77.15147,17.88288],[77.14858,17.8818],[77.14698,17.88047],[77.14326,17.87866],[77.14148,17.87677],[77.14271,17.87255],[77.14204,17.86711],[77.14636,17.8652],[77.15362,17.86302],[77.16521,17.86277],[77.16558,17.86319],[77.16936,17.86366],[77.16974,17.86411],[77.17465,17.86445],[77.17583,17.86564],[77.17531,17.86498],[77.17944,17.86345],[77.17743,17.85908],[77.17662,17.8549],[77.17706,17.85342],[77.17653,17.85211],[77.17736,17.84719],[77.1797,17.84778],[77.18381,17.84483],[77.18812,17.84007],[77.18989,17.83904],[77.1988,17.83596],[77.19886,17.83629],[77.20034,17.83509],[77.20003,17.83193],[77.19878,17.83172],[77.19914,17.82907],[77.19822,17.82915],[77.19794,17.82792],[77.19831,17.82786],[77.19833,17.82558],[77.19642,17.82035],[77.1949,17.81228],[77.1928,17.81189],[77.18833,17.80868],[77.18649,17.80802],[77.18171,17.80799],[77.17746,17.80666],[77.17511,17.80528],[77.16843,17.80349],[77.16575,17.80391],[77.16452,17.80355],[77.16262,17.80178],[77.16218,17.798],[77.16432,17.79538],[77.16531,17.79484],[77.16194,17.79163],[77.16402,17.7907],[77.16429,17.78992],[77.16589,17.78922],[77.16799,17.78906],[77.17017,17.78801],[77.17053,17.78654],[77.17591,17.77836],[77.17713,17.7753],[77.18219,17.77488],[77.18512,17.77534],[77.18987,17.77519],[77.19306,17.77497],[77.19399,17.77426],[77.1957,17.77436],[77.19711,17.77303],[77.19937,17.77277],[77.19958,17.76983],[77.20248,17.77037],[77.20462,17.76983],[77.20501,17.76871],[77.20537,17.76876],[77.20621,17.76371],[77.20637,17.76071],[77.2059,17.75874],[77.20621,17.75414],[77.20728,17.75336],[77.20745,17.75148],[77.20687,17.74539],[77.20796,17.7444],[77.21058,17.74437],[77.21155,17.74386],[77.20936,17.73782],[77.20557,17.73681],[77.20229,17.73138],[77.19964,17.72984],[77.19905,17.72861],[77.19622,17.72786],[77.1963,17.72703],[77.18789,17.72761],[77.18732,17.73257],[77.18624,17.73641],[77.18438,17.73853],[77.18374,17.74008],[77.18195,17.7403],[77.18213,17.7408],[77.18111,17.74168],[77.1819,17.74346],[77.18131,17.74409],[77.18115,17.74572],[77.17445,17.74952],[77.17349,17.75251],[77.17011,17.75504],[77.16486,17.75633],[77.1618,17.75751],[77.15891,17.75939],[77.15437,17.76053],[77.14776,17.7602],[77.14594,17.76056],[77.14385,17.75809],[77.14378,17.75877],[77.13877,17.75513],[77.13471,17.75383],[77.13219,17.74985],[77.13243,17.74373],[77.133,17.74196],[77.13189,17.74167],[77.13121,17.74086],[77.13057,17.73742],[77.12932,17.73746],[77.12927,17.73672],[77.12632,17.73672],[77.11993,17.73541],[77.11885,17.73389],[77.11647,17.73312],[77.1144,17.73077],[77.11389,17.72949],[77.10582,17.72892],[77.10318,17.72993],[77.10102,17.72974],[77.10117,17.73264],[77.09988,17.73266],[77.10132,17.73601],[77.10051,17.73798],[77.09968,17.73843],[77.09961,17.73798],[77.09184,17.73886],[77.08285,17.7379],[77.0728,17.7387],[77.07219,17.73917],[77.07129,17.74121],[77.07193,17.74185],[77.07201,17.74361],[77.07314,17.74391],[77.0741,17.74683],[77.07332,17.75171],[77.07088,17.75083],[77.06881,17.75475],[77.06673,17.75721],[77.06566,17.75937],[77.06554,17.76066],[77.06378,17.76232],[77.06268,17.76498],[77.0618,17.7658],[77.06063,17.77224],[77.06166,17.77495],[77.06159,17.77657],[77.06271,17.77851],[77.06441,17.78002],[77.0678,17.78129],[77.06818,17.7831],[77.06892,17.78337],[77.06918,17.78409],[77.06888,17.78568],[77.07081,17.78513],[77.07163,17.78561],[77.07387,17.78495],[77.07469,17.78644],[77.07722,17.78519],[77.0775,17.78547],[77.07846,17.79012],[77.07809,17.79002],[77.07805,17.79089],[77.07904,17.79153],[77.0802,17.79424],[77.07945,17.79676],[77.07976,17.79702],[77.07935,17.79712],[77.07961,17.79771],[77.07802,17.80103],[77.07857,17.80258],[77.0784,17.80437],[77.07775,17.8045],[77.07727,17.80578],[77.07773,17.8062],[77.07764,17.80777],[77.07824,17.80954],[77.08059,17.81227],[77.07514,17.8163],[77.07363,17.81834],[77.07252,17.8187],[77.07051,17.82123],[77.06993,17.82311],[77.07256,17.8247],[77.07286,17.83047],[77.07154,17.83073],[77.07112,17.83259],[77.07366,17.8371],[77.07335,17.83958],[77.07399,17.84357],[77.07089,17.8446],[77.07033,17.84555],[77.07068,17.84672],[77.06974,17.84895],[77.06836,17.85622],[77.06783,17.86097],[77.06803,17.86588],[77.06933,17.87525],[77.06819,17.87608],[77.06639,17.87654],[77.0594,17.87703],[77.05613,17.87782],[77.05223,17.87794],[77.04811,17.87691],[77.04656,17.88127],[77.04603,17.88529],[77.04556,17.88563],[77.04503,17.88779],[77.04328,17.88913],[77.04302,17.89007],[77.04375,17.89272],[77.04293,17.89363],[77.04422,17.89356],[77.04599,17.89564],[77.04615,17.90091],[77.04437,17.90341],[77.04316,17.90634],[77.04852,17.91161],[77.0509,17.91497],[77.05346,17.91711],[77.0594,17.91888],[77.06041,17.91855],[77.06512,17.91973],[77.07416,17.91961],[77.07434,17.92048],[77.07974,17.91913],[77.07984,17.92053],[77.08052,17.92152],[77.08027,17.9243],[77.08292,17.93213],[77.08407,17.93338],[77.0867,17.93369],[77.08702,17.93785],[77.09044,17.9375],[77.09434,17.9403],[77.09484,17.94265],[77.10694,17.94002],[77.10918,17.93659],[77.11142,17.93002],[77.11732,17.9301],[77.12399,17.92926],[77.12646,17.92824],[77.12717,17.92687],[77.12901,17.92639],[77.13315,17.92852],[77.13352,17.92967],[77.13432,17.93013],[77.13661,17.93013],[77.1379,17.93634],[77.1402,17.94289],[77.14415,17.94414],[77.14571,17.94382]]],[[[77.22766,17.89337],[77.22704,17.8944],[77.22796,17.89899],[77.23173,17.89811],[77.22933,17.89453],[77.22766,17.89337]]],[[[77.20241,17.88828],[77.19991,17.88825],[77.19899,17.88977],[77.20145,17.89253],[77.20288,17.88854],[77.20241,17.88828]]],[[[77.20646,17.88991],[77.20611,17.88917],[77.20511,17.88936],[77.20464,17.89053],[77.20505,17.89211],[77.20697,17.89097],[77.20646,17.88991]]],[[[77.20781,17.92687],[77.207,17.92723],[77.20715,17.93113],[77.20808,17.93119],[77.20781,17.92687]]],[[[77.20381,17.91948],[77.20423,17.91896],[77.20244,17.91896],[77.20237,17.91965],[77.2018,17.91969],[77.20197,17.92131],[77.20312,17.92131],[77.20381,17.91948]]],[[[77.19229,17.90377],[77.19253,17.90886],[77.19325,17.90723],[77.19319,17.90517],[77.19229,17.90377]]],[[[77.20687,17.89663],[77.20683,17.89618],[77.20502,17.8965],[77.2052,17.89765],[77.20697,17.89738],[77.20687,17.89663]]]]}},{"type":"Feature","properties":{"unitId":261,"unitName":"Matala PS"},"geometry":{"type":"Polygon","coordinates":[[[76.86222,17.83929],[76.86346,17.8393],[76.86654,17.83668],[76.87021,17.83231],[76.87174,17.83151],[76.87173,17.82797],[76.87497,17.82677],[76.87773,17.82417],[76.88129,17.82223],[76.88759,17.81971],[76.88921,17.81942],[76.88989,17.81985],[76.89203,17.81896],[76.89458,17.81887],[76.89406,17.81827],[76.8947,17.81831],[76.89542,17.81748],[76.89757,17.81676],[76.89946,17.81682],[76.90321,17.81423],[76.90397,17.81243],[76.90359,17.81157],[76.90414,17.80919],[76.90127,17.80822],[76.89906,17.80891],[76.89171,17.80655],[76.88989,17.80031],[76.89077,17.79948],[76.89289,17.79804],[76.89589,17.79696],[76.90023,17.79629],[76.90799,17.79379],[76.91225,17.79324],[76.91589,17.79442],[76.9156,17.79194],[76.91603,17.79089],[76.9131,17.78993],[76.91276,17.78894],[76.91205,17.7888],[76.91164,17.78604],[76.90755,17.77779],[76.90434,17.77333],[76.90299,17.77074],[76.90293,17.76959],[76.90258,17.77101],[76.90118,17.77127],[76.89885,17.77106],[76.89628,17.77169],[76.89111,17.77198],[76.88538,17.77111],[76.88531,17.77191],[76.88375,17.77205],[76.88286,17.77333],[76.8815,17.77376],[76.87876,17.76667],[76.87823,17.76643],[76.87465,17.76037],[76.87288,17.7592],[76.871,17.75908],[76.87055,17.75207],[76.87191,17.74936],[76.8718,17.74753],[76.87031,17.74476],[76.86716,17.74414],[76.86515,17.74249],[76.86369,17.74235],[76.86484,17.7415],[76.86431,17.73839],[76.8625,17.73829],[76.86149,17.73704],[76.86297,17.733],[76.86285,17.73105],[76.86228,17.72936],[76.86172,17.72922],[76.86287,17.72911],[76.86333,17.72592],[76.86079,17.72463],[76.85915,17.72173],[76.85886,17.71652],[76.85927,17.71587],[76.85821,17.71441],[76.8584,17.71335],[76.85729,17.71014],[76.85316,17.70878],[76.85002,17.70894],[76.84599,17.70815],[76.84529,17.70848],[76.84403,17.70508],[76.84429,17.70146],[76.8465,17.69709],[76.84658,17.69484],[76.84263,17.69345],[76.84702,17.69122],[76.84813,17.68528],[76.84822,17.68194],[76.84681,17.67381],[76.84285,17.66945],[76.84148,17.66437],[76.83903,17.66035],[76.83892,17.65764],[76.84062,17.65482],[76.84157,17.65406],[76.83976,17.65275],[76.83767,17.65262],[76.83607,17.6495],[76.83535,17.64938],[76.82915,17.64957],[76.82234,17.65145],[76.81864,17.64967],[76.81412,17.65062],[76.80686,17.64852],[76.80715,17.65026],[76.80185,17.65001],[76.80078,17.65063],[76.79807,17.65088],[76.79148,17.65299],[76.7913,17.65218],[76.78714,17.6473],[76.78848,17.64314],[76.78375,17.63903],[76.78482,17.63685],[76.78099,17.63601],[76.77802,17.63619],[76.7769,17.63634],[76.77348,17.63879],[76.77376,17.63979],[76.77145,17.64605],[76.7717,17.65134],[76.77324,17.65744],[76.77299,17.66572],[76.76941,17.66639],[76.75846,17.6657],[76.75827,17.66602],[76.747,17.66672],[76.74447,17.66489],[76.74182,17.66451],[76.73272,17.66527],[76.73222,17.65883],[76.72708,17.65677],[76.72477,17.65641],[76.72369,17.65531],[76.72071,17.65401],[76.7207,17.65185],[76.71965,17.64829],[76.71454,17.63896],[76.69888,17.64208],[76.6983,17.6452],[76.69868,17.64636],[76.70189,17.64882],[76.70879,17.65228],[76.71187,17.65581],[76.71224,17.6577],[76.71094,17.66085],[76.70899,17.66252],[76.70709,17.66282],[76.69768,17.66193],[76.69594,17.66216],[76.69488,17.66289],[76.69436,17.66586],[76.69518,17.67077],[76.69522,17.67701],[76.68998,17.68399],[76.69102,17.68789],[76.69249,17.69111],[76.6935,17.69569],[76.69414,17.69599],[76.70341,17.69329],[76.70579,17.69339],[76.71176,17.6945],[76.7125,17.6966],[76.71198,17.69889],[76.71105,17.69981],[76.70663,17.70141],[76.70377,17.70322],[76.70057,17.70622],[76.70011,17.70778],[76.70367,17.71757],[76.70324,17.71791],[76.70427,17.72129],[76.70536,17.72316],[76.7035,17.72469],[76.69889,17.72689],[76.69921,17.72818],[76.69994,17.72793],[76.7003,17.72848],[76.70096,17.7283],[76.70537,17.72989],[76.70676,17.7309],[76.712,17.73293],[76.72851,17.73751],[76.72704,17.74069],[76.72664,17.74286],[76.72449,17.74633],[76.72408,17.74995],[76.72137,17.75044],[76.72147,17.75135],[76.72002,17.75199],[76.7185,17.7519],[76.71817,17.7537],[76.721,17.76982],[76.71257,17.77417],[76.71416,17.78136],[76.71646,17.78302],[76.71828,17.78608],[76.72152,17.78828],[76.72341,17.78652],[76.73018,17.78381],[76.73041,17.78277],[76.73463,17.78203],[76.73453,17.78104],[76.74037,17.77993],[76.74368,17.78028],[76.74259,17.78413],[76.74492,17.78407],[76.75134,17.78505],[76.7517,17.78707],[76.76085,17.78722],[76.76197,17.78752],[76.76233,17.78899],[76.76474,17.7893],[76.76504,17.79179],[76.76592,17.79181],[76.76617,17.79313],[76.76643,17.79882],[76.77674,17.79886],[76.77755,17.79797],[76.77957,17.79818],[76.77988,17.80068],[76.77835,17.80054],[76.77888,17.80214],[76.77992,17.80302],[76.78079,17.80504],[76.78262,17.80681],[76.78269,17.80888],[76.78173,17.81016],[76.78135,17.81009],[76.78097,17.81239],[76.78149,17.81301],[76.7812,17.81495],[76.78287,17.8179],[76.78369,17.81775],[76.78391,17.82005],[76.78614,17.82169],[76.78728,17.82171],[76.78782,17.82121],[76.78733,17.82283],[76.78834,17.82355],[76.78867,17.82532],[76.79081,17.82498],[76.79087,17.82573],[76.78881,17.82695],[76.78889,17.83062],[76.79445,17.82981],[76.79513,17.82894],[76.79871,17.82861],[76.80025,17.82761],[76.7997,17.82732],[76.79966,17.8267],[76.80236,17.82684],[76.8045,17.82604],[76.80823,17.826],[76.81062,17.82324],[76.81114,17.8211],[76.8146,17.81941],[76.81379,17.81564],[76.8119,17.81462],[76.81137,17.81264],[76.80991,17.81261],[76.8099,17.81219],[76.81217,17.81193],[76.81521,17.81302],[76.81628,17.8124],[76.82742,17.81443],[76.82804,17.81491],[76.82828,17.81751],[76.8291,17.81984],[76.82882,17.82209],[76.82928,17.82491],[76.83079,17.83108],[76.83126,17.83123],[76.83202,17.83305],[76.83711,17.83448],[76.84148,17.83468],[76.84464,17.83635],[76.84903,17.83776],[76.85906,17.83887],[76.86115,17.83983],[76.86222,17.83929]]]}},{"type":"Feature","properties":{"unitId":262,"unitName":"Mudbi PS"},"geometry":{"type":"Polygon","coordinates":[[[76.99326,17.78386],[76.99481,17.7803],[76.99933,17.77834],[76.99984,17.77635],[77.00187,17.77335],[77.00595,17.77148],[77.00778,17.77002],[77.00775,17.76945],[77.01064,17.76529],[77.01361,17.7619],[77.01477,17.7594],[77.01734,17.75663],[77.02003,17.75565],[77.02058,17.75474],[77.02585,17.7519],[77.02892,17.74947],[77.03108,17.74903],[77.03252,17.75042],[77.03354,17.75256],[77.03547,17.7537],[77.0361,17.75627],[77.0375,17.75654],[77.0374,17.75755],[77.04257,17.75925],[77.04653,17.75985],[77.04815,17.75949],[77.04891,17.76027],[77.05187,17.76077],[77.0543,17.76197],[77.0532,17.76342],[77.05395,17.76387],[77.0554,17.76373],[77.05893,17.76452],[77.06158,17.766],[77.06268,17.76498],[77.06378,17.76232],[77.06554,17.76066],[77.06566,17.75937],[77.06673,17.75721],[77.06881,17.75475],[77.07088,17.75083],[77.07332,17.75171],[77.0741,17.74683],[77.07314,17.74391],[77.07201,17.74361],[77.07193,17.74204],[77.07142,17.74166],[77.06994,17.74218],[77.06751,17.74201],[77.06657,17.74265],[77.06679,17.74078],[77.06424,17.74063],[77.06398,17.73947],[77.06276,17.73832],[77.06182,17.73822],[77.06178,17.73726],[77.05822,17.73552],[77.05744,17.73282],[77.05568,17.73229],[77.05514,17.73059],[77.05522,17.72518],[77.05418,17.71935],[77.05231,17.71423],[77.05126,17.70878],[77.05107,17.70704],[77.05155,17.70588],[77.05166,17.70645],[77.05316,17.70651],[77.05604,17.70544],[77.0612,17.70476],[77.06139,17.70157],[77.06086,17.69824],[77.06198,17.69407],[77.06345,17.69138],[77.06334,17.68981],[77.06092,17.6854],[77.06067,17.68209],[77.06137,17.68112],[77.06131,17.67836],[77.05965,17.67301],[77.05806,17.67391],[77.05656,17.67236],[77.05427,17.67195],[77.05307,17.67102],[77.05086,17.67153],[77.04809,17.67129],[77.04615,17.67055],[77.046,17.66963],[77.04455,17.66962],[77.04387,17.66795],[77.04092,17.668],[77.03947,17.672],[77.03689,17.67181],[77.03671,17.67143],[77.035,17.67216],[77.03435,17.67741],[77.03502,17.67983],[77.03493,17.68128],[77.03332,17.68231],[77.03029,17.68079],[77.02193,17.6794],[77.01815,17.67937],[77.01376,17.68497],[77.01243,17.68483],[77.01088,17.68698],[77.00667,17.68797],[77.00201,17.6946],[77.00077,17.69519],[77.00074,17.69623],[76.99897,17.69602],[76.99865,17.69551],[76.99674,17.69568],[76.99629,17.69728],[76.99472,17.69688],[76.99413,17.6975],[76.99212,17.6963],[76.99018,17.69649],[76.98856,17.698],[76.98618,17.69889],[76.98152,17.69912],[76.9805,17.69763],[76.98245,17.69614],[76.98086,17.69139],[76.98023,17.68741],[76.97928,17.6853],[76.97603,17.68065],[76.97715,17.68032],[76.9775,17.66555],[76.97933,17.66399],[76.9829,17.66331],[76.98301,17.6581],[76.98463,17.65598],[76.98372,17.65309],[76.98107,17.65164],[76.9772,17.64782],[76.97241,17.64728],[76.9705,17.64613],[76.96933,17.64454],[76.96569,17.64156],[76.96579,17.64053],[76.96256,17.64025],[76.96029,17.63851],[76.96008,17.6366],[76.95695,17.63452],[76.95753,17.62944],[76.95826,17.62726],[76.95782,17.62319],[76.95852,17.62239],[76.95732,17.62056],[76.95623,17.62238],[76.955,17.62233],[76.95215,17.6242],[76.95138,17.62061],[76.94705,17.61743],[76.94222,17.61024],[76.94127,17.60978],[76.94125,17.60665],[76.93614,17.607],[76.92943,17.60599],[76.92745,17.60663],[76.92192,17.60991],[76.92293,17.61424],[76.92225,17.61811],[76.91946,17.6206],[76.91949,17.622],[76.92451,17.62477],[76.92522,17.62741],[76.92838,17.63193],[76.92941,17.63737],[76.91969,17.63915],[76.91418,17.63903],[76.90974,17.63749],[76.90836,17.63642],[76.90763,17.63487],[76.90607,17.63744],[76.90207,17.64216],[76.89955,17.64449],[76.89832,17.64494],[76.89296,17.64317],[76.8831,17.64282],[76.87957,17.64372],[76.87497,17.64393],[76.86701,17.64705],[76.86587,17.64661],[76.86557,17.64603],[76.86391,17.64673],[76.85947,17.64561],[76.85674,17.64464],[76.85572,17.64356],[76.85031,17.64559],[76.84635,17.65023],[76.84062,17.65482],[76.83892,17.65764],[76.83903,17.66035],[76.84148,17.66437],[76.84285,17.66945],[76.84681,17.67381],[76.84822,17.68194],[76.84813,17.68528],[76.84702,17.69122],[76.84263,17.69345],[76.84658,17.69484],[76.8465,17.69709],[76.84429,17.70146],[76.84394,17.70462],[76.84496,17.70779],[76.84529,17.70848],[76.84599,17.70815],[76.85002,17.70894],[76.85316,17.70878],[76.85729,17.71014],[76.8584,17.71335],[76.85821,17.71441],[76.85927,17.71587],[76.85886,17.71652],[76.85915,17.72173],[76.86079,17.72463],[76.86333,17.72592],[76.86287,17.72911],[76.86172,17.72922],[76.86228,17.72936],[76.86285,17.73105],[76.86297,17.733],[76.86149,17.73704],[76.8625,17.73829],[76.86431,17.73839],[76.86484,17.7415],[76.86369,17.74235],[76.86515,17.74249],[76.86716,17.74414],[76.87031,17.74476],[76.87193,17.74819],[76.8716,17.75031],[76.87055,17.75207],[76.871,17.75908],[76.87288,17.7592],[76.87465,17.76037],[76.87823,17.76643],[76.87876,17.76667],[76.8815,17.77376],[76.88286,17.77333],[76.88375,17.77205],[76.88531,17.77191],[76.88538,17.77111],[76.89111,17.77198],[76.90258,17.77101],[76.90353,17.76673],[76.90599,17.76621],[76.90954,17.76443],[76.91123,17.76422],[76.9176,17.75739],[76.91933,17.75774],[76.91933,17.75613],[76.92111,17.75568],[76.92122,17.75624],[76.92264,17.75699],[76.92497,17.75739],[76.92572,17.75573],[76.93013,17.75617],[76.93102,17.75551],[76.93391,17.75489],[76.93468,17.75372],[76.93639,17.75436],[76.9369,17.75381],[76.93809,17.75369],[76.93831,17.75285],[76.93972,17.75247],[76.93968,17.75407],[76.93772,17.76004],[76.94032,17.76116],[76.94148,17.76211],[76.9421,17.76371],[76.94318,17.76393],[76.9436,17.76676],[76.94421,17.767],[76.94316,17.77293],[76.94509,17.77541],[76.94542,17.77671],[76.94646,17.77592],[76.94813,17.77596],[76.95003,17.7753],[76.95129,17.77551],[76.96501,17.77382],[76.9677,17.77318],[76.96771,17.77253],[76.96828,17.7726],[76.97015,17.77528],[76.97148,17.77576],[76.97413,17.77625],[76.9769,17.77497],[76.98488,17.77612],[76.98593,17.78047],[76.99326,17.78386]]]}},{"type":"Feature","properties":{"unitId":263,"unitName":"Basava Kalyana Rural PS"},"geometry":{"type":"MultiPolygon","coordinates":[[[[77.07588,17.9761],[77.07924,17.97517],[77.0793,17.97429],[77.0827,17.97272],[77.08517,17.97218],[77.08677,17.97248],[77.08682,17.96783],[77.08771,17.96177],[77.09009,17.95479],[77.09471,17.95216],[77.09414,17.95076],[77.09418,17.94344],[77.09484,17.94265],[77.09434,17.9403],[77.09002,17.93725],[77.08702,17.93785],[77.0867,17.93369],[77.08407,17.93338],[77.08292,17.93213],[77.08027,17.9243],[77.08052,17.92152],[77.07984,17.92053],[77.07974,17.91913],[77.07434,17.92048],[77.07416,17.91961],[77.06512,17.91973],[77.06041,17.91855],[77.0594,17.91888],[77.05346,17.91711],[77.0509,17.91497],[77.04852,17.91161],[77.04316,17.90634],[77.04437,17.90341],[77.04615,17.90091],[77.04599,17.89564],[77.04422,17.89356],[77.04293,17.89363],[77.04375,17.89272],[77.04302,17.89007],[77.04328,17.88913],[77.04503,17.88779],[77.04556,17.88563],[77.04603,17.88529],[77.04656,17.88127],[77.04811,17.87691],[77.05223,17.87794],[77.05613,17.87782],[77.0594,17.87703],[77.06639,17.87654],[77.06819,17.87608],[77.06933,17.87525],[77.06803,17.86588],[77.06783,17.86097],[77.06836,17.85622],[77.06974,17.84895],[77.07068,17.84672],[77.07033,17.84555],[77.07089,17.8446],[77.07399,17.84357],[77.07335,17.83958],[77.07366,17.8371],[77.07112,17.83259],[77.07154,17.83073],[77.07286,17.83047],[77.07256,17.8247],[77.06993,17.82311],[77.07051,17.82123],[77.07252,17.8187],[77.07363,17.81834],[77.07514,17.8163],[77.08059,17.81227],[77.07824,17.80954],[77.07764,17.80777],[77.07773,17.8062],[77.07727,17.80578],[77.07775,17.8045],[77.0784,17.80437],[77.07857,17.80258],[77.07802,17.80103],[77.07961,17.79771],[77.07935,17.79712],[77.07976,17.79702],[77.07945,17.79676],[77.0802,17.79424],[77.07904,17.79153],[77.07805,17.79089],[77.07809,17.79002],[77.07846,17.79012],[77.0775,17.78547],[77.07722,17.78519],[77.07469,17.78644],[77.07387,17.78495],[77.07163,17.78561],[77.07081,17.78513],[77.06888,17.78568],[77.06918,17.78409],[77.06892,17.78337],[77.06818,17.7831],[77.0678,17.78129],[77.06441,17.78002],[77.06271,17.77851],[77.06159,17.77657],[77.06166,17.77495],[77.06063,17.77224],[77.0618,17.7658],[77.05893,17.76452],[77.0554,17.76373],[77.05395,17.76387],[77.0532,17.76342],[77.0543,17.76197],[77.05187,17.76077],[77.04891,17.76027],[77.04815,17.75949],[77.04653,17.75985],[77.04257,17.75925],[77.0374,17.75755],[77.0375,17.75654],[77.0361,17.75627],[77.03547,17.7537],[77.03354,17.75256],[77.03252,17.75042],[77.03108,17.74903],[77.02892,17.74947],[77.02585,17.7519],[77.02058,17.75474],[77.02003,17.75565],[77.01734,17.75663],[77.01477,17.7594],[77.01361,17.7619],[77.01064,17.76529],[77.00775,17.76945],[77.00778,17.77002],[77.00595,17.77148],[77.00187,17.77335],[76.99984,17.77635],[76.99933,17.77834],[76.99481,17.7803],[76.99326,17.78386],[76.98593,17.78047],[76.98488,17.77612],[76.9769,17.77497],[76.97413,17.77625],[76.97148,17.77576],[76.97015,17.77528],[76.96828,17.7726],[76.96771,17.77253],[76.9677,17.77318],[76.96501,17.77382],[76.95129,17.77551],[76.95003,17.7753],[76.94813,17.77596],[76.94646,17.77592],[76.94542,17.77671],[76.94509,17.77541],[76.94316,17.77293],[76.94421,17.767],[76.9436,17.76676],[76.94318,17.76393],[76.9421,17.76371],[76.94148,17.76211],[76.94032,17.76116],[76.93772,17.76004],[76.93968,17.75407],[76.93972,17.75247],[76.93831,17.75285],[76.93809,17.75369],[76.9369,17.75381],[76.93639,17.75436],[76.93468,17.75372],[76.93391,17.75489],[76.93102,17.75551],[76.93013,17.75617],[76.92572,17.75573],[76.92497,17.75739],[76.92264,17.75699],[76.92122,17.75624],[76.92111,17.75568],[76.91933,17.75613],[76.91933,17.75774],[76.9176,17.75739],[76.91123,17.76422],[76.90954,17.76443],[76.90599,17.76621],[76.90353,17.76673],[76.90299,17.77074],[76.90755,17.77779],[76.91164,17.78604],[76.91205,17.7888],[76.91276,17.78894],[76.9131,17.78993],[76.91603,17.79089],[76.9156,17.79194],[76.91589,17.79442],[76.91225,17.79324],[76.90988,17.79342],[76.89289,17.79804],[76.88989,17.80031],[76.89171,17.80655],[76.89906,17.80891],[76.90127,17.80822],[76.90414,17.80919],[76.90445,17.80773],[76.90571,17.8073],[76.90909,17.80432],[76.91206,17.80083],[76.91347,17.79567],[76.91545,17.79519],[76.91655,17.79571],[76.91737,17.79756],[76.91836,17.80193],[76.91917,17.80254],[76.92336,17.80281],[76.92292,17.80399],[76.9214,17.80372],[76.92265,17.80476],[76.92294,17.80626],[76.92331,17.80559],[76.92507,17.80464],[76.9258,17.80563],[76.92683,17.8059],[76.9267,17.80748],[76.92751,17.80849],[76.93073,17.81031],[76.93074,17.81158],[76.93183,17.81197],[76.93214,17.81301],[76.93404,17.8151],[76.93801,17.81521],[76.94005,17.81614],[76.94053,17.82091],[76.95123,17.81958],[76.95241,17.82],[76.95153,17.81849],[76.9542,17.81629],[76.95448,17.81663],[76.95528,17.81627],[76.95503,17.8153],[76.95539,17.81464],[76.95658,17.81638],[76.95753,17.81668],[76.95814,17.81593],[76.95747,17.81448],[76.95808,17.81337],[76.95696,17.81307],[76.95678,17.81256],[76.95765,17.812],[76.95748,17.81014],[76.95833,17.81011],[76.95832,17.80902],[76.95904,17.80849],[76.96442,17.81166],[76.96782,17.81008],[76.96966,17.80852],[76.97203,17.80806],[76.97296,17.81167],[76.97217,17.81188],[76.97329,17.81426],[76.97886,17.82205],[76.98346,17.8246],[76.9869,17.82747],[76.98956,17.82667],[76.99071,17.82731],[76.99204,17.82647],[76.9961,17.82783],[76.99701,17.82746],[76.99923,17.82999],[77.00067,17.83018],[77.00063,17.83119],[77.00217,17.83311],[77.00454,17.8319],[77.00567,17.83198],[77.01666,17.82859],[77.02177,17.82616],[77.02611,17.8252],[77.02685,17.82689],[77.02666,17.82873],[77.02802,17.83458],[77.03064,17.83401],[77.03071,17.83544],[77.03018,17.83753],[77.02837,17.83999],[77.02803,17.84187],[77.02556,17.84601],[77.02569,17.84762],[77.02399,17.85358],[77.02076,17.8586],[77.01502,17.85916],[77.0152,17.86096],[77.01111,17.86161],[77.00629,17.86342],[77.00681,17.86812],[77.00355,17.86842],[77.00311,17.87589],[76.99984,17.87747],[77.00037,17.87952],[77.00066,17.88929],[76.99909,17.88933],[76.99932,17.88838],[76.99656,17.88745],[76.99607,17.88677],[76.99328,17.88653],[76.99051,17.88559],[76.98637,17.88617],[76.98264,17.8858],[76.98263,17.88484],[76.9807,17.8833],[76.97865,17.88241],[76.97361,17.88098],[76.97175,17.88123],[76.9716,17.88053],[76.96977,17.88005],[76.96493,17.87974],[76.96632,17.87582],[76.96646,17.87268],[76.96469,17.86431],[76.96143,17.86464],[76.95898,17.86572],[76.95818,17.86619],[76.95753,17.86742],[76.95587,17.86847],[76.95646,17.86515],[76.95773,17.86285],[76.95622,17.86235],[76.9504,17.86363],[76.94493,17.86402],[76.94425,17.86508],[76.94022,17.8648],[76.93986,17.86611],[76.94013,17.8701],[76.93813,17.87011],[76.93523,17.86909],[76.93494,17.87218],[76.93553,17.87236],[76.93537,17.87427],[76.93463,17.87429],[76.93441,17.87505],[76.935,17.87648],[76.93767,17.87682],[76.93882,17.87938],[76.93835,17.88227],[76.93892,17.88343],[76.93787,17.88341],[76.93702,17.88925],[76.9384,17.89033],[76.9404,17.89305],[76.94238,17.89322],[76.94333,17.89281],[76.95003,17.89367],[76.9512,17.89352],[76.95132,17.89314],[76.95376,17.89352],[76.95415,17.89496],[76.9551,17.8949],[76.95513,17.89541],[76.95671,17.89543],[76.95678,17.89473],[76.95779,17.89518],[76.96239,17.89503],[76.96453,17.89539],[76.96678,17.89737],[76.96771,17.89722],[76.9701,17.89985],[76.97109,17.90166],[76.97232,17.9024],[76.97415,17.9045],[76.97437,17.90617],[76.97797,17.91018],[76.98235,17.91289],[76.98587,17.91812],[76.98888,17.91991],[76.99089,17.91994],[76.99263,17.92147],[76.99387,17.9239],[76.99559,17.92392],[76.99914,17.92542],[77.00062,17.92672],[77.00175,17.92891],[77.00714,17.93217],[77.00821,17.9346],[77.00811,17.93621],[77.01028,17.93909],[77.01097,17.94246],[77.00988,17.95209],[77.00683,17.95234],[77.00617,17.95818],[77.00976,17.95765],[77.01004,17.95586],[77.01211,17.95631],[77.01431,17.95853],[77.01558,17.95908],[77.01546,17.96155],[77.01812,17.96329],[77.02105,17.96866],[77.021,17.9696],[77.02163,17.96892],[77.02241,17.97282],[77.02524,17.97307],[77.02558,17.97358],[77.02693,17.97379],[77.02702,17.97524],[77.03137,17.97562],[77.0336,17.97029],[77.03539,17.96899],[77.03511,17.9686],[77.03584,17.96804],[77.04093,17.96696],[77.04292,17.96758],[77.04539,17.96681],[77.04653,17.96751],[77.0473,17.96705],[77.04788,17.96746],[77.04968,17.96719],[77.05493,17.97081],[77.05633,17.971],[77.05698,17.97059],[77.06072,17.97449],[77.0642,17.97457],[77.06913,17.97596],[77.0744,17.97671],[77.07565,17.97664],[77.07588,17.9761]]],[[[76.76927,17.90052],[76.77226,17.89226],[76.77359,17.89132],[76.77501,17.88092],[76.77393,17.8784],[76.78837,17.87641],[76.78861,17.87577],[76.79067,17.87451],[76.79559,17.8722],[76.80469,17.87089],[76.80825,17.87129],[76.80755,17.87795],[76.8082,17.87837],[76.81002,17.8874],[76.8187,17.88633],[76.81979,17.88558],[76.81931,17.88458],[76.81992,17.88434],[76.82073,17.88485],[76.8214,17.88442],[76.82263,17.88513],[76.82335,17.88623],[76.82557,17.88627],[76.82608,17.88613],[76.82623,17.8843],[76.82705,17.88497],[76.8273,17.88461],[76.82807,17.88495],[76.82766,17.88427],[76.82823,17.88318],[76.83263,17.88271],[76.83204,17.88601],[76.83418,17.88589],[76.83312,17.89479],[76.85182,17.90116],[76.86082,17.89943],[76.8671,17.89937],[76.86983,17.89863],[76.87482,17.89815],[76.87909,17.89299],[76.8788,17.89111],[76.88231,17.89022],[76.88253,17.88459],[76.88437,17.88549],[76.88837,17.8851],[76.89497,17.88606],[76.89781,17.88479],[76.89866,17.88267],[76.89886,17.88053],[76.90119,17.88041],[76.90224,17.88018],[76.90205,17.87977],[76.90511,17.87918],[76.90528,17.87758],[76.9059,17.87693],[76.90921,17.87652],[76.90972,17.87548],[76.91142,17.87506],[76.91044,17.87268],[76.90679,17.86828],[76.90279,17.86684],[76.90045,17.86653],[76.90054,17.86579],[76.89876,17.86215],[76.89306,17.86039],[76.89315,17.85749],[76.89223,17.85367],[76.89155,17.84731],[76.89251,17.84576],[76.89248,17.84405],[76.89308,17.84396],[76.89359,17.84156],[76.89416,17.84176],[76.89697,17.83736],[76.897,17.83546],[76.89329,17.82738],[76.88764,17.8197],[76.88129,17.82223],[76.87773,17.82417],[76.87497,17.82677],[76.87173,17.82797],[76.87174,17.83151],[76.87021,17.83231],[76.86654,17.83668],[76.86346,17.8393],[76.86233,17.83919],[76.86115,17.83983],[76.85906,17.83887],[76.84903,17.83776],[76.84464,17.83635],[76.84148,17.83468],[76.83711,17.83448],[76.83202,17.83305],[76.83126,17.83123],[76.83079,17.83108],[76.82928,17.82491],[76.82882,17.82209],[76.8291,17.81984],[76.82828,17.81751],[76.82804,17.81491],[76.82742,17.81443],[76.81628,17.8124],[76.81521,17.81302],[76.81217,17.81193],[76.8099,17.81219],[76.80991,17.81261],[76.81137,17.81264],[76.8119,17.81462],[76.81379,17.81564],[76.8146,17.81941],[76.81114,17.8211],[76.81062,17.82324],[76.80823,17.826],[76.8045,17.82604],[76.80236,17.82684],[76.79966,17.8267],[76.7997,17.82732],[76.80025,17.82761],[76.79871,17.82861],[76.79513,17.82894],[76.79447,17.8298],[76.79175,17.83042],[76.78889,17.83062],[76.78746,17.83015],[76.78703,17.83321],[76.78396,17.83407],[76.78333,17.83503],[76.78159,17.83496],[76.77969,17.83714],[76.77856,17.83756],[76.77763,17.83934],[76.77499,17.84121],[76.77413,17.84579],[76.773,17.84625],[76.76821,17.85141],[76.76717,17.85181],[76.76657,17.85097],[76.76536,17.85122],[76.76529,17.85216],[76.76118,17.85476],[76.76035,17.8545],[76.75966,17.85534],[76.75363,17.8578],[76.74159,17.85684],[76.73833,17.85601],[76.73794,17.86119],[76.73906,17.87698],[76.73885,17.88267],[76.73906,17.88328],[76.73959,17.88312],[76.7411,17.89496],[76.74005,17.89943],[76.74983,17.90026],[76.75882,17.89958],[76.76495,17.90084],[76.76832,17.90245],[76.76927,17.90052]]]]}}]}