{"type":"FeatureCollection","features":[{"type":"Feature","properties":{"unitId":264,"unitName":"Chamarajanagar East PS"},"geometry":{"type":"MultiPolygon","coordinates":[[[[77.03873,12.03281],[77.04382,12.03192],[77.0431,12.03068],[77.04375,12.02856],[77.04399,12.02341],[77.04446,12.0228],[77.04477,12.02042],[77.04559,12.01941],[77.04589,12.01573],[77.0467,12.01547],[77.0468,12.01468],[77.04912,12.01487],[77.04925,12.01533],[77.05062,12.015],[77.05078,12.01579],[77.05254,12.01675],[77.05588,12.01642],[77.05558,12.01471],[77.056,12.0137],[77.05554,12.01235],[77.0567,12.00997],[77.0565,12.0079],[77.05691,12.00715],[77.05602,12.00208],[77.05668,12.00209],[77.05814,12.00102],[77.05842,12.00237],[77.06041,12.00458],[77.0611,12.00457],[77.06125,12.00604],[77.06358,12.00584],[77.06406,12.00528],[77.06317,12.00376],[77.06478,12.00301],[77.06798,12.00269],[77.0684,12.00223],[77.07191,12.00249],[77.07216,11.99988],[77.07181,11.99928],[77.07541,11.99849],[77.07595,11.99785],[77.07572,11.99856],[77.07688,11.99795],[77.07786,11.99817],[77.0781,11.99748],[77.08199,11.99652],[77.08605,11.99589],[77.0865,11.99633],[77.08819,11.99573],[77.08857,11.99484],[77.08949,11.99464],[77.08958,11.9951],[77.09194,11.99351],[77.09628,11.99154],[77.09844,11.99172],[77.10876,11.98309],[77.10798,11.97705],[77.10479,11.96507],[77.10368,11.95551],[77.1141,11.94174],[77.13028,11.93436],[77.1372,11.92939],[77.13762,11.92591],[77.13476,11.91746],[77.13272,11.89954],[77.14223,11.88762],[77.15731,11.88435],[77.17375,11.87593],[77.17526,11.87104],[77.17437,11.86871],[77.17496,11.8622],[77.17221,11.85916],[77.17637,11.84725],[77.18633,11.83162],[77.19259,11.81725],[77.19185,11.80974],[77.18911,11.79898],[77.18995,11.7943],[77.18949,11.79268],[77.18223,11.7868],[77.18047,11.78617],[77.14718,11.78197],[77.14121,11.77525],[77.13904,11.77325],[77.13717,11.77252],[77.1308,11.77361],[77.12326,11.77216],[77.12171,11.77304],[77.11996,11.77327],[77.11988,11.77278],[77.11279,11.77395],[77.11033,11.77345],[77.1107,11.7707],[77.11224,11.76855],[77.11158,11.76755],[77.11293,11.76535],[77.11126,11.76395],[77.11246,11.76168],[77.112,11.76075],[77.11201,11.75885],[77.11253,11.75655],[77.11057,11.75538],[77.10866,11.75328],[77.10974,11.75122],[77.11164,11.75077],[77.1121,11.74729],[77.11173,11.74334],[77.11466,11.73909],[77.11391,11.73577],[77.11423,11.73447],[77.1158,11.73249],[77.11723,11.73197],[77.11707,11.73096],[77.11522,11.72914],[77.11564,11.72821],[77.11669,11.72893],[77.11722,11.72852],[77.11611,11.72598],[77.11795,11.72613],[77.11762,11.72112],[77.11683,11.72179],[77.11531,11.72175],[77.11425,11.72253],[77.10759,11.73161],[77.10546,11.73378],[77.10014,11.73488],[77.08102,11.73652],[77.08258,11.7407],[77.07677,11.74621],[77.07539,11.74892],[77.07117,11.75175],[77.06604,11.75767],[77.06261,11.76088],[77.05631,11.76963],[77.05635,11.77144],[77.05927,11.77283],[77.0593,11.77491],[77.06073,11.77725],[77.06173,11.77755],[77.06244,11.77861],[77.0642,11.7788],[77.06458,11.77843],[77.06541,11.77927],[77.06696,11.77947],[77.06662,11.78025],[77.06745,11.78129],[77.0697,11.7809],[77.0702,11.78171],[77.06816,11.7867],[77.06654,11.78915],[77.06391,11.79077],[77.05573,11.78812],[77.05017,11.78851],[77.04529,11.78679],[77.04517,11.78621],[77.04573,11.78608],[77.04572,11.78448],[77.04704,11.78394],[77.0477,11.78212],[77.04485,11.78017],[77.04323,11.78021],[77.04062,11.77871],[77.03984,11.777],[77.03756,11.7744],[77.03548,11.76935],[77.02798,11.77558],[77.02819,11.77622],[77.03048,11.77742],[77.03274,11.78021],[77.0337,11.78045],[77.03511,11.78192],[77.03639,11.78245],[77.03689,11.78467],[77.03686,11.78642],[77.03636,11.78673],[77.03803,11.78969],[77.03945,11.79366],[77.03653,11.79401],[77.03356,11.79599],[77.03538,11.80046],[77.03234,11.80281],[77.03169,11.80513],[77.03074,11.80525],[77.03045,11.806],[77.02506,11.80843],[77.02256,11.80901],[77.01727,11.812],[77.01623,11.8116],[77.01711,11.81045],[77.01654,11.81011],[77.01634,11.80874],[77.01396,11.80813],[77.0128,11.81538],[77.00848,11.81465],[76.99442,11.80887],[76.994,11.80811],[76.98772,11.81064],[76.98299,11.8116],[76.98135,11.81549],[76.98132,11.81719],[76.97884,11.81942],[76.97838,11.82173],[76.97766,11.82202],[76.97753,11.82142],[76.97201,11.8225],[76.96518,11.80946],[76.96154,11.80777],[76.95854,11.80899],[76.95852,11.82147],[76.93758,11.81938],[76.95036,11.83456],[76.95089,11.836],[76.95022,11.83628],[76.95006,11.83701],[76.9509,11.83801],[76.95052,11.83864],[76.95107,11.83895],[76.95148,11.84081],[76.95215,11.84095],[76.95228,11.84211],[76.94581,11.84401],[76.94639,11.84656],[76.94877,11.8495],[76.94926,11.85175],[76.94899,11.85309],[76.94718,11.85319],[76.94757,11.85553],[76.94796,11.85659],[76.94842,11.85653],[76.94933,11.85969],[76.94926,11.86185],[76.94846,11.86314],[76.94827,11.86455],[76.94865,11.86586],[76.94836,11.86667],[76.94774,11.86682],[76.94811,11.86857],[76.94734,11.86821],[76.94328,11.86878],[76.94271,11.872],[76.94148,11.87156],[76.93905,11.87176],[76.93935,11.87298],[76.94166,11.87285],[76.9414,11.87386],[76.93947,11.87424],[76.93987,11.87665],[76.93537,11.87892],[76.93197,11.87918],[76.93147,11.87864],[76.92751,11.87891],[76.91096,11.8783],[76.91033,11.87867],[76.92295,11.88471],[76.9287,11.89651],[76.93479,11.90158],[76.93998,11.90389],[76.94008,11.90473],[76.94055,11.9044],[76.94272,11.90928],[76.94536,11.91268],[76.94548,11.91463],[76.94588,11.91509],[76.94671,11.91472],[76.94741,11.91553],[76.94792,11.91531],[76.94974,11.91882],[76.95212,11.92137],[76.95349,11.92217],[76.9566,11.92303],[76.96223,11.92374],[76.96435,11.92303],[76.9632,11.91848],[76.96266,11.9185],[76.96227,11.91721],[76.96119,11.91025],[76.95965,11.91041],[76.96061,11.90925],[76.9588,11.90758],[76.95834,11.90584],[76.95921,11.90456],[76.96227,11.90336],[76.96457,11.9017],[76.96531,11.90226],[76.96659,11.90218],[76.97425,11.90033],[76.97444,11.90072],[76.97578,11.91229],[76.97705,11.91658],[76.97646,11.91812],[76.9773,11.91899],[76.97764,11.92033],[76.97769,11.92164],[76.97586,11.92291],[76.9766,11.9245],[76.97887,11.9262],[76.97822,11.9297],[76.97921,11.93234],[76.97905,11.93455],[76.97693,11.93584],[76.97509,11.93584],[76.97397,11.93524],[76.97336,11.93534],[76.9734,11.93621],[76.96765,11.93644],[76.96684,11.9373],[76.96817,11.93928],[76.96638,11.93986],[76.96642,11.94088],[76.96552,11.94108],[76.95831,11.93848],[76.95422,11.93381],[76.95237,11.93444],[76.94898,11.93396],[76.94861,11.93553],[76.94879,11.93933],[76.94823,11.93943],[76.94813,11.94054],[76.94835,11.95005],[76.95034,11.95715],[76.94388,11.95761],[76.93982,11.95673],[76.93929,11.96659],[76.9401,11.97097],[76.94213,11.97216],[76.9422,11.97366],[76.94343,11.97356],[76.9436,11.97405],[76.94707,11.97352],[76.94773,11.97699],[76.94737,11.97759],[76.94755,11.97971],[76.94785,11.98094],[76.94903,11.98079],[76.94953,11.98429],[76.96072,11.98305],[76.96053,11.98162],[76.96327,11.97979],[76.96335,11.98041],[76.96837,11.98006],[76.97643,11.9805],[76.97731,11.98252],[76.98059,11.98283],[76.9805,11.98418],[76.97976,11.98432],[76.98026,11.98499],[76.98,11.9856],[76.98083,11.98455],[76.98254,11.98413],[76.98308,11.98477],[76.98421,11.98435],[76.98783,11.98023],[76.99527,11.97953],[76.99656,11.9815],[76.99556,11.98364],[76.99494,11.98911],[76.99627,11.99193],[76.99654,11.99393],[76.99467,11.99474],[76.995,11.99528],[76.99664,11.99498],[76.99768,11.99807],[76.99727,12.00022],[76.99802,12.00108],[76.99804,12.00324],[76.99876,12.00435],[77.00264,12.00393],[77.00352,12.00346],[77.00425,12.00644],[77.00364,12.00817],[77.00811,12.0074],[77.00904,12.00665],[77.00949,12.00785],[77.01032,12.00809],[77.01096,12.00693],[77.01267,12.00677],[77.01261,12.00607],[77.01459,12.00557],[77.01472,12.00626],[77.01561,12.00605],[77.0168,12.00471],[77.02297,12.00259],[77.02382,12.00858],[77.0262,12.00846],[77.02648,12.01072],[77.02807,12.01073],[77.02937,12.01286],[77.03083,12.01262],[77.03076,12.01318],[77.0318,12.0133],[77.03275,12.01538],[77.03376,12.01634],[77.03417,12.01604],[77.0341,12.01673],[77.03525,12.01748],[77.03577,12.02084],[77.03525,12.02177],[77.03512,12.02442],[77.03462,12.0254],[77.03371,12.02559],[77.03378,12.02597],[77.03526,12.02611],[77.03479,12.02741],[77.03603,12.0328],[77.03873,12.03281]],[[76.97014,11.84354],[76.96927,11.84212],[76.97121,11.84046],[76.97775,11.83969],[76.98557,11.83646],[76.98404,11.84307],[76.97767,11.84609],[76.97652,11.84856],[76.97452,11.84961],[76.97364,11.84921],[76.97088,11.84972],[76.97014,11.84354]]],[[[76.88667,11.93877],[76.88676,11.93784],[76.88544,11.93796],[76.8852,11.9387],[76.88457,11.93853],[76.88488,11.93781],[76.88218,11.93661],[76.87952,11.9295],[76.87451,11.92917],[76.87314,11.9297],[76.87325,11.93018],[76.87274,11.93035],[76.87175,11.92901],[76.87215,11.9286],[76.86919,11.92703],[76.86762,11.92727],[76.86771,11.92802],[76.86566,11.92854],[76.86585,11.92923],[76.86933,11.92958],[76.87031,11.93077],[76.87284,11.93207],[76.87248,11.93787],[76.8704,11.93898],[76.87031,11.93963],[76.87226,11.94082],[76.87264,11.94682],[76.87354,11.9493],[76.87836,11.94714],[76.8826,11.94386],[76.88726,11.94223],[76.88761,11.93977],[76.88667,11.93877]]],[[[76.86749,11.85306],[76.86689,11.85076],[76.86226,11.85046],[76.8615,11.8527],[76.85873,11.85286],[76.85762,11.85595],[76.85662,11.85639],[76.85761,11.85872],[76.85521,11.8594],[76.85614,11.86438],[76.86235,11.87023],[76.86757,11.86759],[76.86668,11.86157],[76.86661,11.85696],[76.86749,11.85306]]],[[[76.85396,11.74377],[76.85808,11.74268],[76.85897,11.74382],[76.86308,11.7424],[76.8629,11.74198],[76.86404,11.74156],[76.86373,11.73984],[76.8646,11.73954],[76.86427,11.73755],[76.85992,11.73823],[76.86101,11.73378],[76.85811,11.71879],[76.85449,11.73207],[76.8535,11.73255],[76.85195,11.73624],[76.85236,11.74278],[76.85273,11.74414],[76.85396,11.74377]]],[[[76.90608,11.96844],[76.90704,11.96807],[76.90667,11.96642],[76.90761,11.96461],[76.90614,11.96456],[76.90647,11.96552],[76.90517,11.96588],[76.90514,11.96423],[76.90638,11.96398],[76.90609,11.96346],[76.90641,11.96316],[76.90784,11.96293],[76.90772,11.96128],[76.90727,11.96135],[76.90737,11.95963],[76.90815,11.95959],[76.90829,11.95919],[76.91089,11.96003],[76.91225,11.95983],[76.91226,11.95811],[76.91071,11.95852],[76.91063,11.95791],[76.91178,11.95739],[76.91225,11.95649],[76.90771,11.95721],[76.90729,11.95956],[76.9066,11.95993],[76.90637,11.95707],[76.90761,11.95687],[76.90733,11.95628],[76.90772,11.95611],[76.91081,11.95571],[76.91113,11.95431],[76.90935,11.9545],[76.90975,11.95539],[76.90748,11.95563],[76.90742,11.95367],[76.90684,11.95363],[76.90555,11.95451],[76.90564,11.95592],[76.90418,11.95556],[76.90303,11.95675],[76.90151,11.957],[76.90187,11.95795],[76.90109,11.95807],[76.90118,11.95869],[76.90309,11.9584],[76.90383,11.96001],[76.90281,11.96033],[76.9027,11.96228],[76.90477,11.96204],[76.90474,11.9612],[76.90416,11.96104],[76.90386,11.9601],[76.90565,11.96006],[76.90544,11.96309],[76.9039,11.96383],[76.90401,11.96421],[76.90322,11.96423],[76.90323,11.96458],[76.90381,11.96451],[76.90398,11.96737],[76.90261,11.96722],[76.90273,11.96826],[76.90097,11.96801],[76.90069,11.9671],[76.9019,11.96646],[76.9015,11.96463],[76.90222,11.96438],[76.90052,11.96451],[76.9001,11.96366],[76.89887,11.96374],[76.89916,11.96066],[76.89852,11.95944],[76.89895,11.9591],[76.89871,11.95812],[76.89712,11.95851],[76.89737,11.96013],[76.89626,11.96119],[76.89629,11.96194],[76.8956,11.9621],[76.89582,11.9632],[76.89732,11.96231],[76.89751,11.96583],[76.89701,11.96604],[76.89708,11.9666],[76.89819,11.96664],[76.89804,11.96784],[76.89867,11.96879],[76.89786,11.96975],[76.89817,11.97007],[76.90097,11.97064],[76.90608,11.96844]]],[[[76.90274,11.96467],[76.90242,11.96466],[76.90264,11.96582],[76.90311,11.96575],[76.90274,11.96467]]]]}},{"type":"Feature","properties":{"unitId":265,"unitName":"Chamarajanagar Rural PS"},"geometry":{"type":"MultiPolygon","coordinates":[[[[76.82057,12.02807],[76.82133,12.01916],[76.82181,12.01793],[76.82259,12.01767],[76.82149,12.01409],[76.82157,12.01002],[76.82752,12.00852],[76.82763,12.00792],[76.82845,12.00771],[76.82904,12.00609],[76.83325,12.00583],[76.83362,12.00454],[76.83333,12.00466],[76.83332,12.00387],[76.83385,12.00419],[76.83744,12.00365],[76.83707,11.99977],[76.84222,11.99908],[76.84207,11.99978],[76.84584,11.99861],[76.8458,11.99897],[76.84908,11.99945],[76.85268,11.99912],[76.85634,11.99958],[76.85674,12.00229],[76.85786,12.00226],[76.85816,12.00324],[76.85836,12.00759],[76.86107,12.00737],[76.86593,12.00562],[76.87296,12.00566],[76.87328,12.00753],[76.87375,12.00751],[76.87394,12.00852],[76.8761,12.0085],[76.8771,12.0101],[76.87893,12.01086],[76.88235,12.01528],[76.88336,12.01574],[76.88352,12.01282],[76.88432,12.01219],[76.88383,12.00718],[76.88652,11.99955],[76.89919,11.99836],[76.89984,11.99532],[76.91172,11.99372],[76.9123,11.98913],[76.91718,11.98853],[76.91748,11.98747],[76.92139,11.98709],[76.92407,11.98803],[76.92808,11.98686],[76.92986,11.9888],[76.93118,11.98925],[76.93476,11.98873],[76.93505,11.9907],[76.93756,11.99059],[76.93826,11.99076],[76.93827,11.99154],[76.94057,11.99179],[76.94254,11.9916],[76.94249,11.99011],[76.94524,11.98988],[76.94521,11.98872],[76.94973,11.98739],[76.94903,11.98079],[76.94785,11.98094],[76.94755,11.97971],[76.94737,11.97759],[76.94773,11.97699],[76.94707,11.97352],[76.9436,11.97405],[76.94343,11.97356],[76.9422,11.97366],[76.94213,11.97216],[76.9401,11.97097],[76.93929,11.96659],[76.93993,11.95496],[76.93862,11.94855],[76.9384,11.94203],[76.9366,11.94191],[76.93671,11.94075],[76.93521,11.93982],[76.9351,11.93929],[76.93125,11.93875],[76.93121,11.93932],[76.92917,11.93945],[76.92905,11.94121],[76.92839,11.94133],[76.92855,11.94206],[76.92719,11.94279],[76.9209,11.94487],[76.91623,11.94516],[76.91337,11.9422],[76.91247,11.94085],[76.9122,11.93919],[76.91165,11.93931],[76.91034,11.9401],[76.90792,11.94416],[76.90752,11.94582],[76.90829,11.95053],[76.90651,11.95077],[76.90641,11.95036],[76.90565,11.9505],[76.90565,11.95008],[76.90436,11.95017],[76.90453,11.94634],[76.90352,11.94631],[76.90263,11.9452],[76.90096,11.94046],[76.90147,11.94034],[76.90166,11.93868],[76.9035,11.9378],[76.90488,11.93786],[76.90518,11.9388],[76.9062,11.93948],[76.90725,11.93976],[76.90948,11.93942],[76.91146,11.93687],[76.91286,11.93672],[76.91357,11.93718],[76.9152,11.93645],[76.91469,11.93421],[76.9156,11.93389],[76.91639,11.93451],[76.91705,11.93429],[76.91658,11.93347],[76.91679,11.93155],[76.91949,11.93166],[76.91948,11.92631],[76.92655,11.92599],[76.92613,11.92138],[76.92698,11.92127],[76.92681,11.91914],[76.92981,11.91967],[76.92596,11.90687],[76.92295,11.88471],[76.91033,11.87867],[76.91096,11.8783],[76.92751,11.87891],[76.93147,11.87864],[76.93197,11.87918],[76.93537,11.87892],[76.93987,11.87665],[76.93947,11.87424],[76.9414,11.87386],[76.94166,11.87285],[76.93935,11.87298],[76.93905,11.87176],[76.94148,11.87156],[76.94271,11.872],[76.94328,11.86878],[76.94734,11.86821],[76.94811,11.86857],[76.94774,11.86682],[76.94836,11.86667],[76.94865,11.86586],[76.94827,11.86455],[76.94846,11.86314],[76.94926,11.86185],[76.94933,11.85969],[76.94842,11.85653],[76.94796,11.85659],[76.94757,11.85553],[76.94718,11.85319],[76.94899,11.85309],[76.94926,11.85175],[76.94877,11.8495],[76.94639,11.84656],[76.94581,11.84401],[76.95228,11.84211],[76.95215,11.84095],[76.95148,11.84081],[76.95107,11.83895],[76.95052,11.83864],[76.9509,11.83801],[76.95006,11.83701],[76.95022,11.83628],[76.95089,11.836],[76.95036,11.83456],[76.93758,11.81938],[76.95852,11.82147],[76.95854,11.80899],[76.96154,11.80777],[76.96518,11.80946],[76.97158,11.82222],[76.97256,11.82248],[76.97753,11.82142],[76.97766,11.82202],[76.97838,11.82173],[76.97884,11.81942],[76.98132,11.81719],[76.98135,11.81549],[76.98299,11.8116],[76.98458,11.80955],[76.98261,11.80604],[76.98257,11.80478],[76.98473,11.80387],[76.98498,11.80267],[76.98326,11.79979],[76.98033,11.79822],[76.9813,11.79722],[76.98116,11.79628],[76.97996,11.795],[76.97832,11.79125],[76.97646,11.79061],[76.9747,11.78933],[76.97547,11.78821],[76.97534,11.7876],[76.97282,11.78455],[76.97305,11.7826],[76.97208,11.78186],[76.96962,11.77777],[76.96964,11.77848],[76.968,11.77793],[76.96676,11.77816],[76.96117,11.78181],[76.9565,11.7904],[76.95372,11.79163],[76.9511,11.79103],[76.95055,11.79106],[76.95039,11.79183],[76.94891,11.78965],[76.94466,11.78776],[76.9435,11.78817],[76.94308,11.78774],[76.94178,11.78774],[76.93958,11.7887],[76.93828,11.78995],[76.93664,11.7903],[76.93125,11.79297],[76.92764,11.79302],[76.92256,11.79194],[76.91452,11.79325],[76.90745,11.7955],[76.90595,11.79114],[76.90399,11.78953],[76.90363,11.78818],[76.90219,11.7865],[76.90047,11.7854],[76.90055,11.78491],[76.8995,11.78481],[76.89958,11.78238],[76.89629,11.77772],[76.89685,11.77627],[76.89585,11.77499],[76.89747,11.7693],[76.89531,11.75759],[76.8922,11.75009],[76.89085,11.74833],[76.88791,11.74174],[76.88828,11.73586],[76.88207,11.72873],[76.87648,11.72493],[76.87574,11.72262],[76.87322,11.71897],[76.87157,11.71775],[76.86993,11.71532],[76.86842,11.71428],[76.86562,11.71024],[76.86124,11.70601],[76.85811,11.69975],[76.8581,11.70044],[76.85575,11.69984],[76.85348,11.69727],[76.85229,11.69459],[76.85103,11.69372],[76.85032,11.69021],[76.84939,11.68949],[76.84913,11.6884],[76.84813,11.68787],[76.84874,11.68618],[76.84757,11.68477],[76.84766,11.68398],[76.84326,11.67516],[76.84288,11.68845],[76.84142,11.71018],[76.8506,11.72094],[76.85081,11.72804],[76.85034,11.73061],[76.85087,11.73208],[76.85074,11.73354],[76.85002,11.73346],[76.84986,11.73573],[76.84595,11.73659],[76.8433,11.73353],[76.84299,11.73418],[76.84001,11.73439],[76.84073,11.73732],[76.83945,11.73768],[76.83689,11.73964],[76.834,11.74052],[76.83308,11.7406],[76.83292,11.74011],[76.82608,11.74334],[76.81988,11.73998],[76.81377,11.74249],[76.81087,11.74253],[76.80648,11.74031],[76.79433,11.74586],[76.79216,11.75232],[76.80238,11.75453],[76.80555,11.7542],[76.80571,11.75484],[76.80854,11.75432],[76.80918,11.75594],[76.80903,11.75848],[76.81075,11.75828],[76.81429,11.75678],[76.8169,11.75736],[76.81695,11.7587],[76.81806,11.76105],[76.81806,11.76337],[76.81871,11.7636],[76.81847,11.76506],[76.81689,11.76678],[76.81598,11.7664],[76.81363,11.76778],[76.80748,11.76915],[76.81301,11.77367],[76.81245,11.77435],[76.81301,11.78129],[76.82445,11.77688],[76.82321,11.77221],[76.82492,11.77108],[76.82514,11.77033],[76.82781,11.77045],[76.82822,11.76919],[76.83031,11.7686],[76.83055,11.76956],[76.83195,11.77032],[76.83195,11.77072],[76.83285,11.77076],[76.83334,11.77271],[76.83433,11.77245],[76.8348,11.77466],[76.83658,11.7755],[76.83935,11.78045],[76.83949,11.78103],[76.83701,11.78201],[76.82795,11.78382],[76.82898,11.78926],[76.82815,11.78992],[76.82741,11.79154],[76.82501,11.79084],[76.82355,11.79137],[76.81631,11.78605],[76.80972,11.79198],[76.8134,11.79995],[76.81412,11.80258],[76.81506,11.80375],[76.81529,11.80553],[76.81237,11.80643],[76.81393,11.81319],[76.81326,11.81349],[76.81413,11.81858],[76.81603,11.8263],[76.81707,11.82733],[76.81917,11.82642],[76.82245,11.82659],[76.82247,11.82744],[76.82303,11.82768],[76.82548,11.82751],[76.82641,11.83071],[76.82736,11.83096],[76.82774,11.83185],[76.82978,11.83249],[76.83024,11.83402],[76.83293,11.83492],[76.83414,11.83605],[76.83288,11.8369],[76.83305,11.8378],[76.83152,11.83829],[76.8318,11.83982],[76.82959,11.84074],[76.83015,11.8426],[76.82847,11.84228],[76.82783,11.84136],[76.82501,11.8417],[76.82271,11.84373],[76.8225,11.84468],[76.82226,11.84437],[76.81971,11.84481],[76.81806,11.84554],[76.8183,11.84652],[76.8165,11.85033],[76.8134,11.84955],[76.80735,11.8514],[76.80768,11.85341],[76.80444,11.85479],[76.80598,11.86102],[76.80783,11.86311],[76.8132,11.86372],[76.80755,11.8686],[76.80455,11.86982],[76.79784,11.86993],[76.79761,11.86877],[76.79614,11.86869],[76.79333,11.86956],[76.79292,11.86809],[76.79422,11.8674],[76.79393,11.8655],[76.78864,11.86575],[76.78265,11.86765],[76.78038,11.86758],[76.78039,11.87002],[76.77929,11.87],[76.77941,11.87312],[76.77651,11.87316],[76.77642,11.87359],[76.7745,11.87425],[76.77452,11.875],[76.76511,11.87623],[76.75862,11.87791],[76.75935,11.88548],[76.75891,11.89144],[76.75928,11.89233],[76.75722,11.89253],[76.75735,11.8938],[76.75435,11.89416],[76.75437,11.89485],[76.74827,11.89549],[76.74893,11.89942],[76.74717,11.89991],[76.74707,11.89955],[76.74603,11.89955],[76.74585,11.90087],[76.74505,11.90081],[76.74489,11.9021],[76.74321,11.90201],[76.74234,11.905],[76.74138,11.90528],[76.74016,11.91529],[76.74207,11.91592],[76.748,11.9158],[76.74403,11.91927],[76.74287,11.9228],[76.74269,11.93137],[76.74317,11.93462],[76.74362,11.93527],[76.74493,11.9354],[76.7444,11.93708],[76.74393,11.93776],[76.74283,11.93763],[76.74118,11.93737],[76.74069,11.93634],[76.73724,11.93577],[76.73432,11.93585],[76.73501,11.93907],[76.73389,11.93997],[76.73308,11.94439],[76.73215,11.94434],[76.73139,11.94572],[76.72959,11.9452],[76.72961,11.94574],[76.72743,11.94562],[76.7274,11.94684],[76.72568,11.94696],[76.7259,11.95081],[76.72435,11.95098],[76.72447,11.95324],[76.72391,11.95415],[76.72334,11.95418],[76.72408,11.9602],[76.73392,11.96004],[76.73566,11.96085],[76.73575,11.9621],[76.73617,11.96184],[76.73637,11.9624],[76.73812,11.9626],[76.73834,11.96158],[76.73626,11.96134],[76.73644,11.96093],[76.73847,11.96116],[76.7388,11.95833],[76.74052,11.9583],[76.74191,11.9614],[76.74235,11.96814],[76.74344,11.9686],[76.74417,11.97184],[76.74475,11.97194],[76.74385,11.97376],[76.74377,11.97553],[76.74201,11.97774],[76.74021,11.98221],[76.74021,11.98669],[76.738,11.98674],[76.73818,11.98743],[76.74029,11.98907],[76.73813,11.98899],[76.73805,11.99019],[76.73649,11.99034],[76.73793,11.99325],[76.73791,11.99461],[76.73754,11.99801],[76.73685,11.99839],[76.73731,11.99941],[76.73723,12.00121],[76.73676,12.00317],[76.73628,12.00316],[76.73612,12.00504],[76.73614,12.00538],[76.73958,12.00545],[76.73991,12.00652],[76.74066,12.00673],[76.741,12.00978],[76.74143,12.00933],[76.74252,12.00936],[76.7427,12.00988],[76.74284,12.00853],[76.74633,12.00827],[76.74552,12.0034],[76.74593,12.00195],[76.74924,12.00127],[76.74935,11.99955],[76.7642,11.99916],[76.76425,11.99818],[76.76755,11.99435],[76.7678,11.99224],[76.77042,11.9916],[76.77357,11.98977],[76.78072,11.98824],[76.78209,11.98682],[76.78447,11.9856],[76.78548,11.98549],[76.78619,11.98606],[76.78739,11.98558],[76.79257,11.98667],[76.79275,11.98853],[76.79621,11.98907],[76.79672,11.99476],[76.79486,12.00361],[76.79492,12.00396],[76.7957,12.00373],[76.79146,12.00578],[76.79204,12.00694],[76.7919,12.00955],[76.79405,12.01353],[76.79497,12.01448],[76.79865,12.01566],[76.79935,12.01736],[76.80584,12.01817],[76.80561,12.02071],[76.80936,12.02105],[76.81121,12.02182],[76.81148,12.02724],[76.81515,12.02725],[76.81805,12.02802],[76.82057,12.02807]],[[76.87257,11.94617],[76.87226,11.94082],[76.87031,11.93963],[76.8704,11.93898],[76.87248,11.93787],[76.87284,11.93207],[76.87031,11.93077],[76.86933,11.92958],[76.86585,11.92923],[76.86566,11.92854],[76.8647,11.92873],[76.86468,11.92973],[76.86212,11.92953],[76.86227,11.9275],[76.86168,11.92725],[76.86068,11.92816],[76.85813,11.92728],[76.85829,11.92597],[76.85988,11.92634],[76.86033,11.92588],[76.86016,11.92212],[76.86054,11.92202],[76.86053,11.92088],[76.8611,11.92084],[76.86082,11.91912],[76.85914,11.91909],[76.85773,11.91368],[76.86442,11.91394],[76.86775,11.91485],[76.87811,11.9118],[76.88218,11.92196],[76.88177,11.92313],[76.88072,11.92341],[76.88071,11.92495],[76.87942,11.92926],[76.88218,11.93661],[76.88488,11.93781],[76.88457,11.93853],[76.8852,11.9387],[76.88544,11.93796],[76.88676,11.93784],[76.88667,11.93877],[76.88761,11.93977],[76.8876,11.94049],[76.88726,11.94223],[76.8826,11.94386],[76.87836,11.94714],[76.87474,11.94853],[76.87419,11.94923],[76.87354,11.9493],[76.87257,11.94617]],[[76.8621,11.86997],[76.85614,11.86438],[76.85521,11.8594],[76.85761,11.85872],[76.85662,11.85639],[76.85762,11.85595],[76.85873,11.85286],[76.8615,11.8527],[76.86226,11.85046],[76.86689,11.85076],[76.86749,11.85306],[76.86661,11.85696],[76.86668,11.86157],[76.86757,11.86759],[76.86235,11.87023],[76.8621,11.86997]],[[76.85253,11.74341],[76.852,11.73596],[76.8535,11.73255],[76.85449,11.73207],[76.85811,11.71879],[76.86101,11.73378],[76.85992,11.73823],[76.86427,11.73755],[76.8646,11.73954],[76.86373,11.73984],[76.86404,11.74156],[76.8629,11.74198],[76.86308,11.7424],[76.86021,11.7435],[76.85897,11.74382],[76.85808,11.74268],[76.85273,11.74414],[76.85253,11.74341]],[[76.8984,11.96824],[76.89804,11.96784],[76.89819,11.96664],[76.89708,11.9666],[76.89761,11.96437],[76.89732,11.96231],[76.89582,11.9632],[76.8956,11.9621],[76.89629,11.96194],[76.89626,11.96119],[76.89737,11.96013],[76.89712,11.95851],[76.89871,11.95812],[76.89895,11.9591],[76.89852,11.95944],[76.89916,11.96066],[76.89887,11.96374],[76.9001,11.96366],[76.90052,11.96451],[76.90222,11.96438],[76.9015,11.96463],[76.9019,11.96646],[76.90069,11.9671],[76.90097,11.96801],[76.90273,11.96826],[76.90261,11.96722],[76.90398,11.96737],[76.90381,11.96451],[76.90323,11.96458],[76.90322,11.96423],[76.90401,11.96421],[76.9039,11.96383],[76.90544,11.96309],[76.90565,11.96006],[76.90386,11.9601],[76.90416,11.96104],[76.90474,11.9612],[76.90477,11.96204],[76.9027,11.96228],[76.90281,11.96033],[76.90383,11.96001],[76.90309,11.9584],[76.90118,11.95869],[76.90109,11.95807],[76.90187,11.95795],[76.90151,11.957],[76.90303,11.95675],[76.90418,11.95556],[76.90564,11.95592],[76.90555,11.95451],[76.90684,11.95363],[76.90742,11.95367],[76.90748,11.95563],[76.90975,11.95539],[76.90935,11.9545],[76.91113,11.95431],[76.91081,11.95571],[76.90772,11.95611],[76.90733,11.95628],[76.90761,11.95687],[76.90637,11.95707],[76.9066,11.95993],[76.90729,11.95956],[76.90771,11.95721],[76.91225,11.95649],[76.91178,11.95739],[76.91063,11.95791],[76.91071,11.95852],[76.91226,11.95811],[76.91225,11.95983],[76.91089,11.96003],[76.90829,11.95919],[76.90815,11.95959],[76.90746,11.95952],[76.90727,11.96135],[76.90772,11.96128],[76.90784,11.96293],[76.90641,11.96316],[76.90609,11.96346],[76.90638,11.96398],[76.90514,11.96423],[76.90517,11.96588],[76.90647,11.96552],[76.90614,11.96456],[76.90759,11.96456],[76.90667,11.96642],[76.90704,11.96807],[76.90097,11.97064],[76.89817,11.97007],[76.89786,11.96975],[76.89867,11.96879],[76.8984,11.96824]],[[76.90291,11.9658],[76.90242,11.96466],[76.90313,11.96545],[76.90291,11.9658]]],[[[76.63283,11.86929],[76.63241,11.86788],[76.63516,11.86812],[76.63499,11.86562],[76.63818,11.86509],[76.63806,11.86206],[76.63689,11.86196],[76.63674,11.86032],[76.63998,11.85974],[76.63988,11.85837],[76.64149,11.858],[76.6414,11.85715],[76.643,11.85635],[76.64283,11.85579],[76.6463,11.85608],[76.65419,11.85533],[76.65423,11.85445],[76.64191,11.85527],[76.64162,11.85403],[76.64077,11.85411],[76.64059,11.85247],[76.63744,11.85285],[76.6369,11.85224],[76.63215,11.85292],[76.61894,11.85331],[76.61959,11.86028],[76.61275,11.86299],[76.61191,11.86485],[76.61024,11.86509],[76.61349,11.86731],[76.6152,11.86682],[76.61912,11.86731],[76.62107,11.8692],[76.62311,11.86931],[76.62401,11.87025],[76.62424,11.87175],[76.62811,11.8704],[76.63215,11.87013],[76.63283,11.86929]]],[[[76.97386,11.84921],[76.97452,11.84961],[76.97652,11.84856],[76.97767,11.84609],[76.98404,11.84307],[76.98557,11.83646],[76.97775,11.83969],[76.97147,11.8404],[76.96986,11.84134],[76.96927,11.84212],[76.97014,11.84354],[76.97088,11.84972],[76.97386,11.84921]]]]}},{"type":"Feature","properties":{"unitId":266,"unitName":"Kuderu PS"},"geometry":{"type":"MultiPolygon","coordinates":[[[[76.85765,12.18029],[76.86072,12.17985],[76.86254,12.18025],[76.86268,12.17885],[76.86327,12.17886],[76.86339,12.17669],[76.86543,12.17673],[76.86545,12.17432],[76.87185,12.17417],[76.87125,12.17392],[76.86977,12.16952],[76.86945,12.16215],[76.86769,12.16184],[76.87003,12.15486],[76.86983,12.15396],[76.87117,12.15124],[76.86999,12.148],[76.87092,12.14768],[76.87131,12.14096],[76.87273,12.14069],[76.87622,12.13768],[76.88199,12.12983],[76.8907,12.13106],[76.89114,12.12636],[76.89051,12.12596],[76.89009,12.12389],[76.89043,12.12175],[76.89698,12.12163],[76.89707,12.12332],[76.90283,12.12317],[76.90304,12.11683],[76.90523,12.11547],[76.90679,12.11354],[76.91841,12.11515],[76.92382,12.11469],[76.92392,12.1137],[76.92432,12.11376],[76.92397,12.11346],[76.92423,12.11206],[76.92597,12.11191],[76.9261,12.10978],[76.92743,12.10971],[76.92807,12.10919],[76.92952,12.10974],[76.93039,12.10953],[76.93041,12.10727],[76.93339,12.10725],[76.93348,12.10657],[76.93427,12.1063],[76.93408,12.10495],[76.93562,12.10462],[76.93556,12.10342],[76.93665,12.10198],[76.94038,12.10006],[76.94472,12.09953],[76.9456,12.09882],[76.94783,12.09844],[76.9478,12.09804],[76.94865,12.09787],[76.94972,12.09967],[76.95197,12.0992],[76.95078,12.09728],[76.94914,12.09248],[76.94696,12.09292],[76.9465,12.09065],[76.94527,12.08836],[76.94157,12.08393],[76.9412,12.07885],[76.9395,12.07514],[76.9396,12.07412],[76.94056,12.07331],[76.94587,12.07251],[76.94833,12.07134],[76.9597,12.07088],[76.96148,12.07045],[76.9617,12.07118],[76.96211,12.07117],[76.96549,12.07065],[76.96677,12.06684],[76.96672,12.06356],[76.96364,12.06363],[76.96302,12.05887],[76.96036,12.05847],[76.96069,12.05545],[76.96026,12.0517],[76.96117,12.05155],[76.96104,12.0496],[76.96188,12.04922],[76.96197,12.04745],[76.96104,12.03763],[76.9687,12.038],[76.97197,12.03723],[76.96746,12.03027],[76.96678,12.02977],[76.96506,12.02965],[76.96485,12.02629],[76.96439,12.02606],[76.96474,12.02601],[76.96399,12.02372],[76.96177,12.02054],[76.95887,12.01841],[76.95688,12.0153],[76.95401,12.01552],[76.94986,12.01447],[76.94905,12.01411],[76.94847,12.01272],[76.94617,12.01309],[76.94738,12.01754],[76.93805,12.0177],[76.93818,12.02289],[76.94094,12.02274],[76.94121,12.02104],[76.94407,12.02115],[76.94447,12.02617],[76.94528,12.0286],[76.94056,12.02821],[76.94047,12.02596],[76.93882,12.02595],[76.93892,12.02655],[76.93784,12.02681],[76.93372,12.02714],[76.93233,12.02711],[76.93055,12.02605],[76.91863,12.02686],[76.91523,12.02578],[76.91337,12.03212],[76.91328,12.03552],[76.91053,12.0366],[76.91033,12.04166],[76.90927,12.04169],[76.90928,12.04228],[76.90472,12.04249],[76.90476,12.04325],[76.9032,12.04335],[76.90285,12.04513],[76.90172,12.04469],[76.90164,12.04337],[76.90047,12.04348],[76.90057,12.04398],[76.89976,12.04332],[76.89903,12.04342],[76.89924,12.04553],[76.90072,12.04692],[76.89336,12.04841],[76.89272,12.04866],[76.89306,12.04949],[76.89001,12.04977],[76.89005,12.05119],[76.88939,12.05166],[76.8889,12.0514],[76.8889,12.0523],[76.88927,12.05547],[76.89068,12.05551],[76.89066,12.05876],[76.88761,12.05883],[76.88761,12.05738],[76.88126,12.0583],[76.87058,12.05605],[76.86966,12.05807],[76.86827,12.05827],[76.86845,12.05976],[76.8674,12.06005],[76.86321,12.06042],[76.85281,12.06018],[76.85442,12.0624],[76.86143,12.06261],[76.87065,12.06378],[76.87461,12.07507],[76.87975,12.07994],[76.88042,12.07966],[76.88086,12.0808],[76.88393,12.08325],[76.88218,12.08714],[76.88206,12.09124],[76.8811,12.09123],[76.88141,12.09372],[76.88052,12.09806],[76.8785,12.09992],[76.87978,12.10217],[76.87969,12.10427],[76.87834,12.1041],[76.87787,12.10494],[76.87734,12.10495],[76.87672,12.11058],[76.87719,12.11344],[76.87633,12.11364],[76.87663,12.11544],[76.87418,12.11569],[76.86811,12.11788],[76.8606,12.11582],[76.8529,12.11644],[76.85159,12.11709],[76.8502,12.11689],[76.85018,12.11762],[76.84775,12.11763],[76.84745,12.11619],[76.84515,12.1132],[76.8453,12.11915],[76.84444,12.12026],[76.84052,12.12298],[76.83811,12.12333],[76.83796,12.12408],[76.83434,12.12709],[76.83122,12.13273],[76.83115,12.13563],[76.83231,12.1357],[76.83461,12.13879],[76.83744,12.14116],[76.83797,12.14337],[76.83922,12.14515],[76.84095,12.14523],[76.84154,12.14808],[76.84078,12.1569],[76.84222,12.15603],[76.84448,12.1563],[76.84732,12.15815],[76.85214,12.15903],[76.85195,12.16034],[76.85229,12.16044],[76.85177,12.16116],[76.85086,12.16116],[76.85073,12.16349],[76.84639,12.16392],[76.84553,12.1691],[76.84853,12.1684],[76.84846,12.16919],[76.84944,12.16901],[76.84922,12.17047],[76.8498,12.17057],[76.8501,12.16939],[76.85186,12.17006],[76.8518,12.17077],[76.8532,12.17094],[76.85211,12.17733],[76.85118,12.17956],[76.85148,12.17922],[76.85605,12.18096],[76.85765,12.18029]]],[[[76.92354,12.01227],[76.92407,12.01227],[76.92527,12.00796],[76.92527,12.00366],[76.92696,12.00299],[76.93427,12.00284],[76.93529,12.0021],[76.93553,11.99286],[76.93476,11.98873],[76.93096,11.9892],[76.92979,11.98875],[76.92808,11.98686],[76.92407,11.98803],[76.92139,11.98709],[76.91748,11.98747],[76.91718,11.98853],[76.9123,11.98913],[76.91172,11.99372],[76.89984,11.99532],[76.89919,11.99836],[76.90555,11.99875],[76.90553,11.99936],[76.90751,12.00012],[76.90823,12.00081],[76.90809,12.00152],[76.90902,12.00216],[76.91579,12.00573],[76.9172,12.00708],[76.91827,12.00733],[76.91996,12.00941],[76.92032,12.01074],[76.92245,12.01254],[76.92354,12.01227]]]]}},{"type":"Feature","properties":{"unitId":267,"unitName":"Santemaralli PS"},"geometry":{"type":"MultiPolygon","coordinates":[[[[76.97825,12.11497],[76.97811,12.11379],[76.97897,12.11245],[76.98126,12.11235],[76.98175,12.10937],[76.98328,12.11001],[76.98487,12.10972],[76.98467,12.10663],[76.98577,12.10641],[76.98573,12.10497],[76.98737,12.1041],[76.98727,12.10047],[76.98618,12.09783],[76.98502,12.0865],[76.98539,12.08058],[76.98492,12.07649],[76.98578,12.07414],[76.98599,12.07163],[76.9856,12.06631],[76.98477,12.06623],[76.98501,12.06345],[76.98642,12.06313],[76.98699,12.06114],[76.98764,12.06099],[76.98875,12.05922],[76.99108,12.0583],[76.99226,12.05053],[76.99388,12.05027],[76.99383,12.04801],[76.99666,12.04784],[76.9975,12.04651],[76.99858,12.04604],[76.99864,12.04545],[76.99758,12.04444],[76.9972,12.04314],[76.99739,12.04049],[76.99683,12.03788],[77.00036,12.03754],[77.00006,12.03135],[77.0058,12.03066],[77.00609,12.02983],[77.00516,12.02792],[77.0067,12.02746],[77.00647,12.02611],[77.00539,12.0248],[77.00586,12.02461],[77.00533,12.0225],[77.00634,12.02226],[77.00629,12.02185],[77.00493,12.02141],[77.00298,12.01947],[77.00292,12.01849],[77.00489,12.01569],[77.00512,12.01452],[77.00626,12.01446],[77.00597,12.01259],[77.00521,12.0124],[77.00818,12.00874],[77.00894,12.00859],[77.00898,12.00752],[77.00855,12.00724],[77.00364,12.00817],[77.00425,12.00644],[77.00352,12.00346],[76.99891,12.00436],[76.99804,12.00324],[76.99802,12.00108],[76.99718,11.99975],[76.99768,11.99807],[76.99664,11.99498],[76.995,11.99528],[76.99467,11.99474],[76.99654,11.99393],[76.99627,11.99193],[76.99494,11.98911],[76.99556,11.98364],[76.99656,11.9815],[76.99634,11.98064],[76.99514,11.97947],[76.98783,11.98023],[76.98421,11.98435],[76.98308,11.98477],[76.98254,11.98413],[76.98083,11.98455],[76.98,11.9856],[76.98026,11.98499],[76.97976,11.98432],[76.9805,11.98418],[76.98059,11.98283],[76.97731,11.98252],[76.97643,11.9805],[76.96837,11.98006],[76.96335,11.98041],[76.96327,11.97979],[76.96053,11.98162],[76.96072,11.98305],[76.94953,11.98429],[76.94973,11.98739],[76.94521,11.98872],[76.94524,11.98988],[76.94249,11.99011],[76.94254,11.9916],[76.93827,11.99154],[76.93826,11.99076],[76.93505,11.9907],[76.93557,11.99376],[76.93529,12.0021],[76.93427,12.00284],[76.92696,12.00299],[76.92527,12.00366],[76.92527,12.00796],[76.924,12.01307],[76.92357,12.01322],[76.93093,12.01273],[76.93111,12.01355],[76.93272,12.01361],[76.93591,12.01313],[76.93824,12.01773],[76.94738,12.01754],[76.94617,12.01309],[76.94847,12.01272],[76.94905,12.01411],[76.94986,12.01447],[76.95401,12.01552],[76.95688,12.0153],[76.95887,12.01841],[76.96177,12.02054],[76.96399,12.02372],[76.96474,12.02601],[76.96439,12.02606],[76.96485,12.02629],[76.96506,12.02965],[76.96678,12.02977],[76.96746,12.03027],[76.97194,12.03684],[76.97197,12.03723],[76.97016,12.03794],[76.96104,12.03763],[76.96197,12.04745],[76.96188,12.04922],[76.96104,12.0496],[76.96117,12.05155],[76.96026,12.0517],[76.96069,12.05545],[76.96036,12.05847],[76.96302,12.05887],[76.96364,12.06363],[76.96672,12.06356],[76.96677,12.06684],[76.96549,12.07065],[76.96211,12.07117],[76.9617,12.07118],[76.96148,12.07045],[76.9597,12.07088],[76.94833,12.07134],[76.94587,12.07251],[76.94056,12.07331],[76.9396,12.07412],[76.9395,12.07514],[76.9412,12.07885],[76.94157,12.08393],[76.94527,12.08836],[76.9465,12.09065],[76.94696,12.09292],[76.94914,12.09248],[76.95078,12.09728],[76.95283,12.10115],[76.96778,12.11073],[76.96899,12.11194],[76.97049,12.11281],[76.9723,12.11291],[76.97249,12.11415],[76.97439,12.11429],[76.97459,12.11487],[76.97627,12.11571],[76.97674,12.11677],[76.97751,12.11678],[76.97825,12.11497]]],[[[76.94528,12.02823],[76.94447,12.02617],[76.94407,12.02115],[76.94121,12.02104],[76.94094,12.02274],[76.939,12.02304],[76.93882,12.02595],[76.94047,12.02596],[76.94056,12.02821],[76.94528,12.0286],[76.94528,12.02823]]]]}},{"type":"Feature","properties":{"unitId":268,"unitName":"Chamarajanagar Town PS"},"geometry":{"type":"Polygon","coordinates":[[[76.94838,11.94345],[76.94813,11.94054],[76.94823,11.93943],[76.94879,11.93933],[76.94861,11.93553],[76.94898,11.93396],[76.95237,11.93444],[76.95422,11.93381],[76.95831,11.93848],[76.96552,11.94108],[76.96642,11.94088],[76.96638,11.93986],[76.96817,11.93928],[76.96684,11.9373],[76.96765,11.93644],[76.9734,11.93621],[76.97336,11.93534],[76.97397,11.93524],[76.97509,11.93584],[76.97693,11.93584],[76.97905,11.93455],[76.97921,11.93234],[76.97822,11.9297],[76.97887,11.9262],[76.9766,11.9245],[76.97586,11.92291],[76.97769,11.92164],[76.97764,11.92033],[76.9773,11.91899],[76.97646,11.91812],[76.97705,11.91658],[76.97578,11.91229],[76.97444,11.90072],[76.97425,11.90033],[76.96659,11.90218],[76.96531,11.90226],[76.96457,11.9017],[76.96227,11.90336],[76.95921,11.90456],[76.95834,11.90584],[76.9588,11.90758],[76.96061,11.90925],[76.95965,11.91041],[76.96119,11.91025],[76.96227,11.91721],[76.96266,11.9185],[76.9632,11.91848],[76.96435,11.92303],[76.96223,11.92374],[76.9566,11.92303],[76.95349,11.92217],[76.95212,11.92137],[76.94974,11.91882],[76.94792,11.91531],[76.94741,11.91553],[76.94671,11.91472],[76.94588,11.91509],[76.94548,11.91463],[76.94536,11.91268],[76.94272,11.90928],[76.94055,11.9044],[76.94008,11.90473],[76.93998,11.90389],[76.93479,11.90158],[76.9287,11.89651],[76.92307,11.88517],[76.92596,11.90687],[76.92981,11.91967],[76.92681,11.91914],[76.92698,11.92127],[76.92613,11.92138],[76.92655,11.92599],[76.91948,11.92631],[76.91949,11.93166],[76.91679,11.93155],[76.91658,11.93347],[76.91705,11.93429],[76.91639,11.93451],[76.9156,11.93389],[76.91469,11.93421],[76.9152,11.93645],[76.91357,11.93718],[76.91286,11.93672],[76.91146,11.93687],[76.90948,11.93942],[76.90725,11.93976],[76.9062,11.93948],[76.90518,11.9388],[76.90488,11.93786],[76.9035,11.9378],[76.90166,11.93868],[76.90147,11.94034],[76.90096,11.94046],[76.90263,11.9452],[76.90352,11.94631],[76.90453,11.94634],[76.90436,11.95017],[76.90565,11.95008],[76.90565,11.9505],[76.90641,11.95036],[76.90651,11.95077],[76.90829,11.95053],[76.90752,11.94582],[76.90792,11.94416],[76.91034,11.9401],[76.91165,11.93931],[76.9122,11.93919],[76.91247,11.94085],[76.91337,11.9422],[76.91623,11.94516],[76.9209,11.94487],[76.92708,11.94283],[76.92855,11.94206],[76.92839,11.94133],[76.92905,11.94121],[76.92917,11.93945],[76.93121,11.93932],[76.93125,11.93875],[76.93223,11.93879],[76.9351,11.93929],[76.93521,11.93982],[76.93671,11.94075],[76.9366,11.94191],[76.9384,11.94203],[76.93862,11.94855],[76.93986,11.95394],[76.93982,11.95673],[76.94388,11.95761],[76.94853,11.95743],[76.95034,11.95715],[76.94838,11.95036],[76.94838,11.94345]]]}},{"type":"Feature","properties":{"unitId":269,"unitName":"Begur PS"},"geometry":{"type":"MultiPolygon","coordinates":[[[[76.66115,12.00743],[76.66455,12.00628],[76.6716,12.00603],[76.67269,12.00198],[76.67371,12.0017],[76.68658,12.00036],[76.69142,12.00081],[76.69486,12.0006],[76.69495,11.99948],[76.6978,11.99868],[76.69766,11.99813],[76.69964,11.99818],[76.6997,11.99674],[76.70043,11.99671],[76.70143,11.99405],[76.70188,11.99397],[76.7024,11.99124],[76.70409,11.99099],[76.70314,11.98524],[76.70548,11.98538],[76.71617,11.98394],[76.71682,11.98814],[76.72494,11.9879],[76.72506,11.98856],[76.72678,11.98913],[76.72686,11.98967],[76.72868,11.98962],[76.72979,11.99059],[76.73187,11.99463],[76.73318,12.00275],[76.73676,12.00317],[76.73736,12.00005],[76.73685,11.99839],[76.73754,11.99801],[76.73793,11.99325],[76.73649,11.99034],[76.73805,11.99019],[76.73813,11.98899],[76.74029,11.98907],[76.73818,11.98743],[76.738,11.98674],[76.74021,11.98669],[76.74021,11.98221],[76.74201,11.97774],[76.74377,11.97553],[76.74385,11.97376],[76.7446,11.9729],[76.74474,11.97178],[76.74417,11.97184],[76.74344,11.9686],[76.74235,11.96814],[76.74191,11.9614],[76.74052,11.9583],[76.7388,11.95833],[76.73847,11.96116],[76.73644,11.96093],[76.73626,11.96134],[76.73834,11.96158],[76.73812,11.9626],[76.73637,11.9624],[76.73617,11.96184],[76.73575,11.9621],[76.73566,11.96085],[76.73392,11.96004],[76.72408,11.9602],[76.72334,11.95418],[76.72391,11.95415],[76.72447,11.95324],[76.72435,11.95098],[76.7259,11.95081],[76.72569,11.94861],[76.7231,11.94882],[76.72272,11.94778],[76.72103,11.94794],[76.72052,11.94753],[76.71688,11.94851],[76.70659,11.94724],[76.70504,11.94794],[76.70452,11.94884],[76.70175,11.94676],[76.70049,11.94466],[76.69785,11.94331],[76.69546,11.93792],[76.6958,11.93447],[76.69804,11.93402],[76.6986,11.9334],[76.69828,11.93065],[76.69517,11.92903],[76.69404,11.92783],[76.69357,11.92204],[76.69015,11.92211],[76.68995,11.92028],[76.67955,11.92039],[76.67551,11.92142],[76.6746,11.92043],[76.67309,11.91659],[76.67368,11.91625],[76.67469,11.91222],[76.67629,11.90912],[76.67679,11.90913],[76.67674,11.90767],[76.68067,11.9075],[76.68142,11.90662],[76.68516,11.90614],[76.69005,11.90695],[76.69645,11.90714],[76.69678,11.90756],[76.69772,11.90699],[76.69772,11.90438],[76.69912,11.90177],[76.69872,11.89973],[76.69899,11.898],[76.69823,11.89689],[76.69898,11.89587],[76.69808,11.89487],[76.69557,11.89447],[76.69467,11.8949],[76.69253,11.89235],[76.69219,11.89088],[76.69094,11.88977],[76.69151,11.88671],[76.69378,11.88528],[76.69475,11.88358],[76.6942,11.88181],[76.69558,11.87989],[76.6953,11.87899],[76.69595,11.87611],[76.69588,11.87403],[76.6963,11.87346],[76.69687,11.86625],[76.69352,11.86357],[76.69282,11.86409],[76.69137,11.86388],[76.68959,11.86543],[76.68858,11.86843],[76.68723,11.86925],[76.68751,11.86976],[76.68327,11.87018],[76.6825,11.87076],[76.67983,11.87113],[76.67957,11.86958],[76.67679,11.86971],[76.67704,11.87179],[76.6783,11.87154],[76.6782,11.87326],[76.67903,11.8763],[76.67823,11.87743],[76.67839,11.88095],[76.6788,11.88298],[76.67972,11.88408],[76.67772,11.88469],[76.67794,11.88706],[76.67558,11.88746],[76.67333,11.88855],[76.66686,11.88934],[76.66586,11.88907],[76.66344,11.88993],[76.66297,11.88762],[76.6635,11.8876],[76.66319,11.88591],[76.66257,11.885],[76.66198,11.88201],[76.66231,11.8799],[76.66315,11.87984],[76.66304,11.87753],[76.66059,11.87301],[76.65816,11.87067],[76.65888,11.87063],[76.65833,11.86859],[76.65518,11.86857],[76.65403,11.87015],[76.65421,11.87063],[76.65286,11.8709],[76.65267,11.87232],[76.648,11.87301],[76.64805,11.87481],[76.64587,11.87487],[76.64265,11.87367],[76.64148,11.8743],[76.63663,11.87482],[76.63672,11.87832],[76.6378,11.87834],[76.63795,11.87897],[76.63759,11.88054],[76.6369,11.88066],[76.63694,11.88172],[76.63123,11.88262],[76.63088,11.88222],[76.62913,11.88223],[76.6264,11.88275],[76.62216,11.87895],[76.61635,11.87942],[76.61631,11.8777],[76.6148,11.87764],[76.61461,11.87565],[76.61411,11.87573],[76.61338,11.87452],[76.61331,11.87172],[76.61387,11.87161],[76.61412,11.86946],[76.61363,11.86727],[76.60931,11.86448],[76.60936,11.86388],[76.60642,11.86392],[76.60367,11.8553],[76.59712,11.85436],[76.59638,11.85859],[76.59719,11.86351],[76.5882,11.86473],[76.55312,11.85773],[76.55728,11.89339],[76.56436,11.8914],[76.5641,11.89303],[76.56554,11.89265],[76.57143,11.89984],[76.56851,11.89962],[76.5707,11.90361],[76.57142,11.90396],[76.57232,11.90813],[76.57188,11.90803],[76.57673,11.92253],[76.57301,11.92504],[76.57202,11.92696],[76.57068,11.92735],[76.57165,11.93647],[76.57145,11.93949],[76.56347,11.94353],[76.56028,11.94429],[76.55772,11.94786],[76.5728,11.96481],[76.57205,11.96473],[76.57322,11.96774],[76.57639,11.97348],[76.57707,11.98313],[76.57853,11.98834],[76.58565,11.98556],[76.58706,11.9857],[76.58745,11.98657],[76.59262,11.98658],[76.59753,11.9841],[76.60874,11.99224],[76.6085,11.99273],[76.61356,11.99074],[76.62062,11.9898],[76.62737,11.98603],[76.63594,11.9823],[76.63601,11.98172],[76.63994,11.9825],[76.6408,11.9818],[76.64222,11.9817],[76.64285,11.98209],[76.64277,11.98614],[76.64395,11.98823],[76.64448,11.98828],[76.64695,11.99407],[76.64876,12.00361],[76.65051,12.00742],[76.65245,12.00738],[76.65241,12.00659],[76.65339,12.00633],[76.65468,12.00752],[76.65969,12.00787],[76.66115,12.00743]]],[[[76.71524,11.89208],[76.72232,11.89198],[76.72234,11.89166],[76.72535,11.89137],[76.72549,11.88494],[76.7248,11.88073],[76.72453,11.88012],[76.72218,11.87954],[76.72163,11.87856],[76.72002,11.87769],[76.71827,11.87814],[76.71858,11.8773],[76.71721,11.87726],[76.71684,11.87863],[76.71562,11.87797],[76.71457,11.88066],[76.71351,11.88086],[76.7133,11.88217],[76.71265,11.88253],[76.7093,11.88196],[76.71025,11.88433],[76.71104,11.8923],[76.71524,11.89208]]]]}},{"type":"Feature","properties":{"unitId":270,"unitName":"Gundlupete PS"},"geometry":{"type":"MultiPolygon","coordinates":[[[[76.66499,11.88941],[76.67333,11.88855],[76.67558,11.88746],[76.67794,11.88706],[76.67772,11.88469],[76.67972,11.88408],[76.6788,11.88298],[76.67839,11.88095],[76.67823,11.87743],[76.67903,11.8763],[76.6782,11.87326],[76.6783,11.87154],[76.67704,11.87179],[76.67679,11.86971],[76.67957,11.86958],[76.67983,11.87113],[76.6825,11.87076],[76.68327,11.87018],[76.68751,11.86976],[76.68723,11.86925],[76.68858,11.86843],[76.68959,11.86543],[76.69137,11.86388],[76.69282,11.86409],[76.69352,11.86357],[76.69687,11.86625],[76.6963,11.87346],[76.70009,11.87442],[76.70394,11.87451],[76.70565,11.87494],[76.70571,11.87534],[76.70713,11.87511],[76.7093,11.88196],[76.71265,11.88253],[76.7133,11.88217],[76.71351,11.88086],[76.71457,11.88066],[76.71562,11.87797],[76.71684,11.87863],[76.71721,11.87726],[76.71901,11.87729],[76.72033,11.87677],[76.71911,11.87247],[76.71842,11.87238],[76.71804,11.87172],[76.71741,11.8718],[76.71693,11.87011],[76.71642,11.86995],[76.7162,11.86807],[76.71516,11.8679],[76.71519,11.864],[76.71473,11.86404],[76.71446,11.8627],[76.71375,11.86146],[76.71327,11.86167],[76.71298,11.86061],[76.71392,11.86023],[76.71354,11.85919],[76.71596,11.85824],[76.71525,11.85629],[76.71694,11.85492],[76.7161,11.85053],[76.71852,11.85001],[76.7195,11.84538],[76.7203,11.84497],[76.71965,11.83653],[76.72319,11.83654],[76.72615,11.8372],[76.72824,11.83683],[76.72799,11.83534],[76.72899,11.83518],[76.72847,11.82537],[76.73087,11.82558],[76.73479,11.82461],[76.73455,11.82786],[76.73725,11.82832],[76.73693,11.8269],[76.73729,11.82666],[76.74019,11.82669],[76.74067,11.82773],[76.74027,11.82813],[76.73781,11.82838],[76.73845,11.82985],[76.74054,11.83036],[76.74356,11.82984],[76.74423,11.83029],[76.74438,11.83104],[76.74558,11.83097],[76.74531,11.82911],[76.7486,11.82885],[76.74846,11.82766],[76.74734,11.82775],[76.74655,11.82265],[76.74665,11.81956],[76.74595,11.81908],[76.74611,11.81868],[76.74452,11.81832],[76.74436,11.81746],[76.74272,11.81754],[76.7419,11.81628],[76.73962,11.81654],[76.73871,11.81614],[76.73809,11.81181],[76.74163,11.81167],[76.74395,11.81209],[76.74392,11.81009],[76.7468,11.80915],[76.74761,11.80788],[76.74801,11.7988],[76.74935,11.79912],[76.75052,11.80044],[76.75191,11.7999],[76.75211,11.79202],[76.75252,11.79088],[76.75385,11.79094],[76.75479,11.78898],[76.75523,11.77217],[76.74618,11.76646],[76.74689,11.76085],[76.74649,11.75818],[76.73602,11.75639],[76.72782,11.7525],[76.72562,11.7467],[76.72499,11.73993],[76.72529,11.73862],[76.72638,11.73885],[76.72671,11.73779],[76.72888,11.73817],[76.72898,11.7386],[76.73324,11.73859],[76.73311,11.73649],[76.73234,11.73653],[76.73249,11.735],[76.73554,11.73341],[76.73766,11.73358],[76.73771,11.73246],[76.73697,11.73227],[76.73627,11.73043],[76.74131,11.72972],[76.7408,11.72597],[76.74205,11.72569],[76.74194,11.72187],[76.74335,11.72162],[76.74414,11.72221],[76.74639,11.72233],[76.75094,11.72139],[76.75165,11.7174],[76.75001,11.71757],[76.7498,11.71556],[76.75056,11.71538],[76.7504,11.714],[76.75195,11.71369],[76.75088,11.70861],[76.7498,11.70689],[76.74956,11.70253],[76.75061,11.70237],[76.74988,11.69867],[76.75115,11.69694],[76.75102,11.69488],[76.75392,11.6887],[76.75652,11.68],[76.75696,11.68002],[76.76083,11.66883],[76.75901,11.669],[76.75042,11.65014],[76.75387,11.6485],[76.76493,11.64474],[76.78854,11.65321],[76.78827,11.65536],[76.80085,11.66969],[76.8136,11.68516],[76.81756,11.68836],[76.81814,11.68577],[76.81838,11.67895],[76.81963,11.67374],[76.82329,11.67557],[76.82676,11.67987],[76.83054,11.67368],[76.84315,11.67025],[76.84337,11.66906],[76.84299,11.6683],[76.84334,11.66787],[76.84143,11.66591],[76.84116,11.66107],[76.83856,11.66059],[76.83795,11.65723],[76.8368,11.65601],[76.83483,11.65567],[76.83587,11.65424],[76.8341,11.65051],[76.83381,11.64832],[76.83539,11.64442],[76.83684,11.64385],[76.83785,11.64188],[76.83467,11.63961],[76.83813,11.63574],[76.84058,11.63556],[76.84128,11.63434],[76.84313,11.63368],[76.84385,11.63288],[76.8446,11.63439],[76.84512,11.63442],[76.84485,11.6285],[76.84297,11.62799],[76.8428,11.62716],[76.84517,11.62696],[76.84673,11.62494],[76.84947,11.62479],[76.8484,11.62314],[76.84935,11.62157],[76.85207,11.62191],[76.84984,11.61935],[76.84871,11.61893],[76.84984,11.61776],[76.85041,11.61625],[76.85567,11.6159],[76.85772,11.6147],[76.85745,11.61012],[76.85598,11.60918],[76.85557,11.60836],[76.85716,11.60534],[76.85629,11.60201],[76.8562,11.59947],[76.85308,11.5968],[76.85074,11.59666],[76.84678,11.59496],[76.84397,11.59633],[76.83953,11.59707],[76.83072,11.6019],[76.82631,11.6066],[76.82408,11.60805],[76.82212,11.60814],[76.81923,11.60541],[76.81738,11.6049],[76.81013,11.6085],[76.80655,11.60858],[76.80115,11.60774],[76.79606,11.60877],[76.79147,11.61313],[76.78491,11.61202],[76.77495,11.61254],[76.7731,11.61334],[76.77047,11.61591],[76.7673,11.61475],[76.76287,11.61528],[76.75855,11.61807],[76.7557,11.61754],[76.75424,11.61628],[76.74958,11.61558],[76.74865,11.61479],[76.74258,11.61432],[76.7373,11.61559],[76.73093,11.61489],[76.72373,11.61536],[76.72072,11.61428],[76.70763,11.61446],[76.70599,11.61393],[76.70169,11.61486],[76.69739,11.61419],[76.68927,11.61476],[76.6837,11.61321],[76.68231,11.61396],[76.6699,11.61558],[76.66861,11.61509],[76.66453,11.6153],[76.6536,11.6143],[76.64962,11.6131],[76.64561,11.61346],[76.6421,11.61295],[76.6373,11.61391],[76.63259,11.61311],[76.62967,11.61192],[76.62534,11.61165],[76.62298,11.6109],[76.62172,11.60959],[76.62027,11.60928],[76.61906,11.60983],[76.61612,11.60874],[76.61339,11.61292],[76.60485,11.61131],[76.60416,11.6105],[76.60388,11.6111],[76.60114,11.61056],[76.59862,11.61094],[76.59773,11.61055],[76.59738,11.61099],[76.59804,11.61179],[76.59736,11.61278],[76.59791,11.61355],[76.59712,11.61445],[76.59737,11.6157],[76.59672,11.61627],[76.59404,11.61679],[76.59245,11.61835],[76.5915,11.61844],[76.59058,11.61774],[76.59063,11.61874],[76.58395,11.61414],[76.58269,11.61473],[76.58101,11.61467],[76.57916,11.61621],[76.57791,11.61586],[76.5776,11.61487],[76.57696,11.61481],[76.5765,11.61658],[76.57535,11.61733],[76.57575,11.61884],[76.57547,11.61947],[76.57391,11.61958],[76.57149,11.61896],[76.57018,11.61953],[76.56989,11.61839],[76.56865,11.61905],[76.56768,11.61894],[76.56719,11.62016],[76.56492,11.62098],[76.56425,11.62227],[76.56296,11.62337],[76.56027,11.62326],[76.55996,11.62359],[76.5598,11.62566],[76.56097,11.62664],[76.56189,11.62936],[76.56169,11.63126],[76.56114,11.63193],[76.56153,11.63304],[76.55973,11.63369],[76.55868,11.63899],[76.55799,11.63923],[76.55804,11.63997],[76.55727,11.6405],[76.5573,11.64153],[76.55643,11.64332],[76.55546,11.64365],[76.55518,11.64503],[76.55403,11.64648],[76.55445,11.64768],[76.55348,11.64861],[76.55518,11.65296],[76.55441,11.65497],[76.55474,11.65582],[76.55313,11.65649],[76.55311,11.65845],[76.55031,11.66213],[76.54965,11.6657],[76.55101,11.66811],[76.55082,11.67113],[76.55175,11.67246],[76.55074,11.67341],[76.54999,11.6752],[76.54732,11.67829],[76.53431,11.6889],[76.52634,11.69395],[76.5065,11.70169],[76.50479,11.69742],[76.5035,11.6962],[76.50287,11.69461],[76.50065,11.69386],[76.49885,11.69413],[76.49823,11.69336],[76.49808,11.69215],[76.49586,11.69227],[76.49546,11.68988],[76.49183,11.68855],[76.49055,11.68867],[76.48918,11.6874],[76.48886,11.68756],[76.48838,11.68648],[76.48686,11.68631],[76.48593,11.68724],[76.48431,11.68688],[76.48064,11.68789],[76.48024,11.68763],[76.48097,11.68479],[76.48037,11.68432],[76.48073,11.68231],[76.47942,11.67971],[76.47687,11.67858],[76.47534,11.67846],[76.47481,11.67786],[76.4729,11.67769],[76.46864,11.67312],[76.46762,11.67257],[76.46578,11.66992],[76.46544,11.66852],[76.46248,11.66673],[76.46151,11.6652],[76.45953,11.66399],[76.45848,11.66264],[76.45837,11.65995],[76.4576,11.66048],[76.45607,11.65878],[76.45401,11.6593],[76.45387,11.66014],[76.45338,11.66032],[76.45211,11.66],[76.45013,11.6604],[76.44925,11.65979],[76.44826,11.65997],[76.44727,11.66105],[76.4467,11.66061],[76.4451,11.66071],[76.44009,11.66481],[76.43519,11.66438],[76.43506,11.66555],[76.43411,11.66627],[76.42956,11.66658],[76.42833,11.66866],[76.4284,11.66948],[76.42739,11.66975],[76.42592,11.67114],[76.42371,11.6707],[76.42139,11.67185],[76.41938,11.67045],[76.41604,11.67168],[76.4153,11.67236],[76.41526,11.67314],[76.41408,11.67493],[76.4151,11.67543],[76.41529,11.67608],[76.4142,11.67664],[76.41353,11.67911],[76.41234,11.68023],[76.41343,11.68129],[76.41148,11.68248],[76.41227,11.6854],[76.41074,11.68646],[76.41067,11.68747],[76.40864,11.68776],[76.40802,11.68942],[76.40837,11.69031],[76.40956,11.69117],[76.40943,11.69269],[76.41017,11.69335],[76.40942,11.69397],[76.40947,11.69482],[76.41213,11.69576],[76.41196,11.69705],[76.41016,11.69844],[76.41057,11.69958],[76.40937,11.70135],[76.40784,11.70596],[76.40721,11.70605],[76.40615,11.70496],[76.40467,11.7046],[76.40175,11.70658],[76.40148,11.70735],[76.40232,11.7087],[76.40147,11.70992],[76.4015,11.7108],[76.40224,11.71187],[76.40419,11.71118],[76.40535,11.71228],[76.40538,11.71386],[76.40717,11.71506],[76.4095,11.71584],[76.41234,11.71508],[76.41288,11.71454],[76.41291,11.7119],[76.41465,11.71238],[76.4155,11.71314],[76.41637,11.71804],[76.41779,11.71883],[76.41883,11.71878],[76.42186,11.72092],[76.4241,11.72323],[76.42541,11.72371],[76.42754,11.72629],[76.42555,11.72719],[76.42498,11.73096],[76.42233,11.73451],[76.42158,11.73745],[76.41894,11.73859],[76.41737,11.74125],[76.41621,11.74102],[76.41249,11.73821],[76.41119,11.73826],[76.40864,11.73991],[76.41061,11.74157],[76.4119,11.74494],[76.41087,11.74642],[76.4115,11.75013],[76.41119,11.752],[76.41269,11.75217],[76.41464,11.75363],[76.41362,11.75657],[76.41143,11.75779],[76.41232,11.75934],[76.4114,11.76158],[76.41213,11.76304],[76.4144,11.76453],[76.41565,11.76775],[76.42079,11.77103],[76.42244,11.77628],[76.42144,11.77753],[76.41798,11.77666],[76.41555,11.77699],[76.41205,11.77884],[76.41164,11.78114],[76.41359,11.78378],[76.41488,11.78455],[76.41121,11.7864],[76.41063,11.78837],[76.41408,11.7907],[76.41739,11.79071],[76.4181,11.79009],[76.42118,11.79192],[76.42151,11.79248],[76.42006,11.79485],[76.42098,11.79647],[76.42353,11.79581],[76.42622,11.7937],[76.42777,11.79462],[76.42829,11.79574],[76.42762,11.79816],[76.42559,11.79929],[76.42461,11.80075],[76.42576,11.80341],[76.42502,11.80506],[76.42419,11.80499],[76.42146,11.80322],[76.42025,11.80512],[76.41239,11.80837],[76.41008,11.81136],[76.41012,11.8149],[76.41082,11.81492],[76.41081,11.81287],[76.41161,11.81194],[76.41286,11.81211],[76.41651,11.80908],[76.42132,11.80767],[76.42157,11.80673],[76.42234,11.8064],[76.42421,11.80702],[76.4254,11.80669],[76.43954,11.80048],[76.44204,11.80035],[76.44457,11.79943],[76.44689,11.80012],[76.44972,11.79938],[76.45272,11.79965],[76.45443,11.79714],[76.4555,11.79652],[76.45982,11.82013],[76.48586,11.82248],[76.48236,11.84283],[76.48517,11.8557],[76.48921,11.86332],[76.5007,11.86307],[76.51756,11.86849],[76.53187,11.87448],[76.54565,11.86286],[76.55312,11.85773],[76.5882,11.86473],[76.5895,11.86464],[76.59719,11.86351],[76.59638,11.85859],[76.59712,11.85436],[76.60367,11.8553],[76.60642,11.86392],[76.60936,11.86388],[76.60931,11.86448],[76.61024,11.86509],[76.61191,11.86485],[76.61275,11.86299],[76.61959,11.86028],[76.61894,11.85331],[76.63215,11.85292],[76.6369,11.85224],[76.63744,11.85285],[76.64059,11.85247],[76.64077,11.85411],[76.64162,11.85403],[76.64191,11.85527],[76.65414,11.85436],[76.65419,11.85533],[76.6463,11.85608],[76.64283,11.85579],[76.643,11.85635],[76.6414,11.85715],[76.64149,11.858],[76.63988,11.85837],[76.63998,11.85974],[76.63674,11.86032],[76.63689,11.86196],[76.63806,11.86206],[76.63818,11.86509],[76.63499,11.86562],[76.63516,11.86812],[76.63241,11.86788],[76.63302,11.86948],[76.63215,11.87013],[76.62811,11.8704],[76.62424,11.87175],[76.62401,11.87025],[76.62311,11.86931],[76.62107,11.8692],[76.61912,11.86731],[76.6152,11.86682],[76.61363,11.86727],[76.61412,11.86946],[76.61387,11.87161],[76.61331,11.87172],[76.61351,11.87516],[76.61461,11.87565],[76.6148,11.87764],[76.61631,11.8777],[76.61635,11.87942],[76.62216,11.87895],[76.6264,11.88275],[76.62913,11.88223],[76.63088,11.88222],[76.63123,11.88262],[76.63694,11.88172],[76.6369,11.88066],[76.63759,11.88054],[76.63795,11.87897],[76.6378,11.87834],[76.63672,11.87832],[76.63663,11.87482],[76.64148,11.8743],[76.64265,11.87367],[76.64587,11.87487],[76.64805,11.87481],[76.648,11.87301],[76.65267,11.87232],[76.65286,11.8709],[76.65421,11.87063],[76.65403,11.87015],[76.65518,11.86857],[76.65833,11.86859],[76.65888,11.87063],[76.65816,11.87067],[76.66059,11.87301],[76.66304,11.87753],[76.66315,11.87984],[76.66231,11.8799],[76.66202,11.88282],[76.66287,11.88596],[76.66319,11.88591],[76.6635,11.8876],[76.66297,11.88762],[76.66344,11.88993],[76.66499,11.88941]],[[76.69633,11.7477],[76.69412,11.74584],[76.69112,11.73342],[76.69129,11.72754],[76.69075,11.72359],[76.6921,11.72404],[76.70256,11.72331],[76.70266,11.72441],[76.70482,11.72448],[76.70444,11.72733],[76.70493,11.72941],[76.70561,11.72938],[76.70654,11.73156],[76.70855,11.7328],[76.70928,11.73418],[76.7089,11.73477],[76.71046,11.73534],[76.71026,11.73693],[76.71095,11.738],[76.71071,11.73976],[76.70797,11.74444],[76.70564,11.75217],[76.69989,11.75068],[76.69633,11.7477]]],[[[76.69245,11.922],[76.69357,11.92204],[76.69467,11.921],[76.69489,11.9191],[76.6965,11.91768],[76.69788,11.91551],[76.69766,11.91251],[76.6965,11.91033],[76.69712,11.9074],[76.68516,11.90614],[76.68142,11.90662],[76.68067,11.9075],[76.67674,11.90767],[76.67679,11.90913],[76.67629,11.90912],[76.67469,11.91222],[76.67368,11.91625],[76.67309,11.91659],[76.6746,11.92043],[76.67551,11.92142],[76.67955,11.92039],[76.68995,11.92028],[76.69015,11.92211],[76.69245,11.922]]],[[[76.78461,11.76191],[76.78652,11.76089],[76.78993,11.7608],[76.79181,11.75991],[76.79333,11.76018],[76.79198,11.7512],[76.78737,11.74936],[76.78754,11.74814],[76.78497,11.74651],[76.78093,11.74632],[76.78091,11.74665],[76.77427,11.74782],[76.77329,11.74679],[76.77151,11.74671],[76.77096,11.74756],[76.77106,11.74907],[76.77162,11.749],[76.7733,11.75731],[76.77579,11.75758],[76.77679,11.75959],[76.77797,11.75954],[76.77757,11.76057],[76.77794,11.76132],[76.78013,11.76077],[76.78053,11.76179],[76.78461,11.76191]]],[[[76.834,11.73581],[76.83479,11.73202],[76.83327,11.72752],[76.83193,11.72568],[76.83606,11.72332],[76.83582,11.71922],[76.83226,11.71534],[76.82932,11.71609],[76.82428,11.72028],[76.82298,11.72075],[76.8239,11.72256],[76.82276,11.72319],[76.82253,11.72388],[76.82446,11.72819],[76.82437,11.72887],[76.82535,11.73006],[76.82551,11.73054],[76.82486,11.73093],[76.82541,11.73206],[76.82695,11.73213],[76.82779,11.73313],[76.82712,11.7347],[76.8285,11.73472],[76.83198,11.73913],[76.83273,11.73887],[76.83302,11.73793],[76.83279,11.73616],[76.834,11.73581]]]]}},{"type":"Feature","properties":{"unitId":271,"unitName":"Terakambi PS"},"geometry":{"type":"MultiPolygon","coordinates":[[[[76.72573,11.9486],[76.72568,11.94696],[76.7274,11.94684],[76.72743,11.94562],[76.72961,11.94574],[76.72959,11.9452],[76.73139,11.94572],[76.73215,11.94434],[76.73308,11.94439],[76.73389,11.93997],[76.73501,11.93907],[76.73432,11.93585],[76.73724,11.93577],[76.74069,11.93634],[76.74118,11.93737],[76.74283,11.93763],[76.74393,11.93776],[76.7444,11.93708],[76.74493,11.9354],[76.74362,11.93527],[76.74317,11.93462],[76.74269,11.93137],[76.74287,11.9228],[76.74403,11.91927],[76.748,11.9158],[76.74207,11.91592],[76.74016,11.91529],[76.74138,11.90528],[76.74234,11.905],[76.74321,11.90201],[76.74489,11.9021],[76.74505,11.90081],[76.74585,11.90087],[76.74603,11.89955],[76.74707,11.89955],[76.74717,11.89991],[76.74893,11.89942],[76.74827,11.89549],[76.75437,11.89485],[76.75435,11.89416],[76.75735,11.8938],[76.75722,11.89253],[76.75928,11.89233],[76.75891,11.89144],[76.75935,11.88548],[76.75862,11.87791],[76.76511,11.87623],[76.77452,11.875],[76.7745,11.87425],[76.77642,11.87359],[76.77651,11.87316],[76.77941,11.87312],[76.77929,11.87],[76.78039,11.87002],[76.78038,11.86758],[76.78265,11.86765],[76.78864,11.86575],[76.79393,11.8655],[76.79422,11.8674],[76.79292,11.86809],[76.79333,11.86956],[76.79614,11.86869],[76.79761,11.86877],[76.79784,11.86993],[76.80455,11.86982],[76.80755,11.8686],[76.8132,11.86372],[76.80783,11.86311],[76.80598,11.86102],[76.80444,11.85479],[76.80768,11.85341],[76.80735,11.8514],[76.8134,11.84955],[76.8165,11.85033],[76.8183,11.84652],[76.81806,11.84554],[76.81971,11.84481],[76.82226,11.84437],[76.8225,11.84468],[76.82271,11.84373],[76.82501,11.8417],[76.82783,11.84136],[76.82847,11.84228],[76.83015,11.8426],[76.82959,11.84074],[76.8318,11.83982],[76.83152,11.83829],[76.83305,11.8378],[76.83288,11.8369],[76.83414,11.83605],[76.83293,11.83492],[76.83024,11.83402],[76.82978,11.83249],[76.82774,11.83185],[76.82736,11.83096],[76.82641,11.83071],[76.82548,11.82751],[76.82303,11.82768],[76.82247,11.82744],[76.82245,11.82659],[76.81917,11.82642],[76.81707,11.82733],[76.81603,11.8263],[76.81413,11.81858],[76.81326,11.81349],[76.81393,11.81319],[76.81237,11.80643],[76.81529,11.80553],[76.81506,11.80375],[76.81412,11.80258],[76.8134,11.79995],[76.80972,11.79198],[76.81631,11.78605],[76.82355,11.79137],[76.82501,11.79084],[76.82741,11.79154],[76.82815,11.78992],[76.82898,11.78926],[76.82795,11.78382],[76.83701,11.78201],[76.83949,11.78103],[76.83658,11.7755],[76.8348,11.77466],[76.83433,11.77245],[76.83334,11.77271],[76.83285,11.77076],[76.83195,11.77072],[76.83195,11.77032],[76.83055,11.76956],[76.83031,11.7686],[76.82822,11.76919],[76.82781,11.77045],[76.82514,11.77033],[76.82492,11.77108],[76.82321,11.77221],[76.82445,11.77688],[76.81301,11.78129],[76.81245,11.77435],[76.81301,11.77367],[76.80748,11.76915],[76.81363,11.76778],[76.81598,11.7664],[76.81689,11.76678],[76.81847,11.76506],[76.81871,11.7636],[76.81806,11.76337],[76.81806,11.76105],[76.81695,11.7587],[76.8169,11.75736],[76.81429,11.75678],[76.81075,11.75828],[76.80903,11.75848],[76.80918,11.75594],[76.80854,11.75432],[76.80571,11.75484],[76.80555,11.7542],[76.80238,11.75453],[76.79222,11.75255],[76.79333,11.76018],[76.79181,11.75991],[76.78993,11.7608],[76.78652,11.76089],[76.78461,11.76191],[76.78053,11.76179],[76.78013,11.76077],[76.77794,11.76132],[76.77757,11.76057],[76.77797,11.75954],[76.77679,11.75959],[76.77579,11.75758],[76.7733,11.75731],[76.77162,11.749],[76.77106,11.74907],[76.77103,11.74741],[76.77151,11.74671],[76.77329,11.74679],[76.77427,11.74782],[76.78091,11.74665],[76.78093,11.74632],[76.78497,11.74651],[76.78754,11.74814],[76.78737,11.74936],[76.79198,11.7512],[76.79216,11.75232],[76.79433,11.74586],[76.80648,11.74031],[76.81087,11.74253],[76.81377,11.74249],[76.81988,11.73998],[76.82608,11.74334],[76.83292,11.74011],[76.83308,11.7406],[76.834,11.74052],[76.83689,11.73964],[76.83945,11.73768],[76.84073,11.73732],[76.84001,11.73439],[76.84299,11.73418],[76.8433,11.73353],[76.84595,11.73659],[76.84986,11.73573],[76.85002,11.73346],[76.85074,11.73354],[76.85087,11.73208],[76.85034,11.73061],[76.85081,11.72804],[76.8506,11.72094],[76.84142,11.71018],[76.84288,11.68845],[76.8434,11.67018],[76.83054,11.67368],[76.82676,11.67987],[76.82329,11.67557],[76.81963,11.67374],[76.81838,11.67895],[76.81814,11.68577],[76.81756,11.68836],[76.8136,11.68516],[76.80085,11.66969],[76.78827,11.65536],[76.78854,11.65321],[76.76493,11.64474],[76.75387,11.6485],[76.75042,11.65014],[76.75901,11.669],[76.76083,11.66883],[76.75696,11.68002],[76.75652,11.68],[76.75392,11.6887],[76.75102,11.69488],[76.75115,11.69694],[76.74988,11.69867],[76.75061,11.70237],[76.74956,11.70253],[76.7498,11.70689],[76.75088,11.70861],[76.75195,11.71369],[76.7504,11.714],[76.75056,11.71538],[76.7498,11.71556],[76.75001,11.71757],[76.75165,11.7174],[76.75094,11.72139],[76.74639,11.72233],[76.74414,11.72221],[76.74335,11.72162],[76.74194,11.72187],[76.74205,11.72569],[76.7408,11.72597],[76.74131,11.72972],[76.73627,11.73043],[76.73697,11.73227],[76.73771,11.73246],[76.73766,11.73358],[76.73554,11.73341],[76.73249,11.735],[76.73234,11.73653],[76.73311,11.73649],[76.73324,11.73859],[76.72898,11.7386],[76.72888,11.73817],[76.72671,11.73779],[76.72638,11.73885],[76.72529,11.73862],[76.725,11.73942],[76.72562,11.7467],[76.72782,11.7525],[76.73602,11.75639],[76.74649,11.75818],[76.74689,11.76085],[76.74618,11.76646],[76.75523,11.77217],[76.75479,11.78898],[76.75385,11.79094],[76.75252,11.79088],[76.75211,11.79202],[76.75191,11.7999],[76.75052,11.80044],[76.74935,11.79912],[76.74801,11.7988],[76.74761,11.80788],[76.7468,11.80915],[76.74392,11.81009],[76.74395,11.81209],[76.74163,11.81167],[76.73809,11.81181],[76.73871,11.81614],[76.73962,11.81654],[76.7419,11.81628],[76.74272,11.81754],[76.74436,11.81746],[76.74452,11.81832],[76.74611,11.81868],[76.74595,11.81908],[76.74665,11.81956],[76.74655,11.82265],[76.74734,11.82775],[76.74846,11.82766],[76.7486,11.82885],[76.74531,11.82911],[76.74558,11.83097],[76.74438,11.83104],[76.74423,11.83029],[76.74356,11.82984],[76.74054,11.83036],[76.73845,11.82985],[76.73781,11.82838],[76.74027,11.82813],[76.74067,11.82773],[76.74019,11.82669],[76.73729,11.82666],[76.73693,11.8269],[76.73725,11.82832],[76.73455,11.82786],[76.73479,11.82461],[76.73087,11.82558],[76.72847,11.82537],[76.72899,11.83518],[76.72799,11.83534],[76.72824,11.83683],[76.72615,11.8372],[76.72319,11.83654],[76.71965,11.83653],[76.7203,11.84497],[76.7195,11.84538],[76.71852,11.85001],[76.7161,11.85053],[76.71694,11.85492],[76.71525,11.85629],[76.71596,11.85824],[76.71354,11.85919],[76.71392,11.86023],[76.71298,11.86061],[76.71327,11.86167],[76.71375,11.86146],[76.71446,11.8627],[76.71473,11.86404],[76.71519,11.864],[76.71516,11.8679],[76.7162,11.86807],[76.71642,11.86995],[76.71693,11.87011],[76.71741,11.8718],[76.71904,11.87238],[76.71936,11.87417],[76.72005,11.87481],[76.72026,11.87692],[76.71858,11.8773],[76.71827,11.87814],[76.72002,11.87769],[76.72163,11.87856],[76.72218,11.87954],[76.72453,11.88012],[76.7248,11.88073],[76.72549,11.88494],[76.72535,11.89137],[76.72234,11.89166],[76.72232,11.89198],[76.71104,11.8923],[76.71025,11.88433],[76.70719,11.87518],[76.70571,11.87534],[76.70565,11.87494],[76.70394,11.87451],[76.70009,11.87442],[76.6963,11.87346],[76.69573,11.87496],[76.69595,11.87611],[76.6953,11.87899],[76.69558,11.87989],[76.6942,11.88181],[76.69475,11.88358],[76.69378,11.88528],[76.69151,11.88671],[76.6912,11.88779],[76.69094,11.88977],[76.69219,11.89088],[76.69253,11.89235],[76.6945,11.89474],[76.69557,11.89447],[76.69808,11.89487],[76.69898,11.89587],[76.69823,11.89689],[76.69899,11.898],[76.69872,11.89973],[76.69912,11.90177],[76.69772,11.90438],[76.69796,11.9063],[76.69712,11.9074],[76.6965,11.91033],[76.69766,11.91251],[76.69788,11.91551],[76.6965,11.91768],[76.69489,11.9191],[76.69467,11.921],[76.69357,11.92204],[76.69404,11.92783],[76.69517,11.92903],[76.69828,11.93065],[76.6986,11.9334],[76.69804,11.93402],[76.6958,11.93447],[76.69554,11.93621],[76.69546,11.93792],[76.69704,11.94221],[76.69836,11.94369],[76.70049,11.94466],[76.70175,11.94676],[76.70452,11.94884],[76.70504,11.94794],[76.70659,11.94724],[76.71688,11.94851],[76.72052,11.94753],[76.72103,11.94794],[76.72272,11.94778],[76.7231,11.94882],[76.72573,11.9486]],[[76.83168,11.73872],[76.8285,11.73472],[76.82712,11.7347],[76.82784,11.73339],[76.82718,11.73228],[76.82541,11.73206],[76.82486,11.73093],[76.82551,11.73054],[76.82535,11.73006],[76.82437,11.72887],[76.82446,11.72819],[76.82253,11.72388],[76.82276,11.72319],[76.8239,11.72256],[76.82298,11.72075],[76.82428,11.72028],[76.82932,11.71609],[76.83226,11.71534],[76.83566,11.71887],[76.83606,11.72332],[76.83193,11.72568],[76.83327,11.72752],[76.83479,11.73202],[76.834,11.73581],[76.8327,11.73633],[76.83308,11.73748],[76.83273,11.73887],[76.83198,11.73913],[76.83168,11.73872]]],[[[76.70743,11.74624],[76.70797,11.74444],[76.71071,11.73976],[76.71095,11.738],[76.71026,11.73693],[76.71046,11.73534],[76.7089,11.73477],[76.70928,11.73418],[76.70855,11.7328],[76.70654,11.73156],[76.70561,11.72938],[76.70493,11.72941],[76.70444,11.72733],[76.70482,11.72448],[76.70266,11.72441],[76.70256,11.72331],[76.6921,11.72404],[76.69075,11.72359],[76.69136,11.72996],[76.6909,11.73236],[76.69412,11.74584],[76.69989,11.75068],[76.70564,11.75217],[76.70743,11.74624]]],[[[76.87325,11.93018],[76.87314,11.9297],[76.87451,11.92917],[76.87952,11.9295],[76.88072,11.92341],[76.88177,11.92313],[76.88218,11.92196],[76.87809,11.91178],[76.86775,11.91485],[76.86442,11.91394],[76.85773,11.91368],[76.85914,11.91909],[76.86082,11.91912],[76.8611,11.92084],[76.86053,11.92088],[76.86054,11.92202],[76.86016,11.92212],[76.86033,11.92588],[76.85988,11.92634],[76.85829,11.92597],[76.85813,11.92728],[76.86068,11.92816],[76.86168,11.92725],[76.86227,11.9275],[76.86212,11.92953],[76.86468,11.92973],[76.8647,11.92873],[76.86771,11.92802],[76.86762,11.92727],[76.86997,11.92717],[76.87215,11.9286],[76.87175,11.92901],[76.8725,11.93028],[76.87325,11.93018]]]]}},{"type":"Feature","properties":{"unitId":272,"unitName":"Hanur PS"},"geometry":{"type":"MultiPolygon","coordinates":[[[[77.27981,12.30881],[77.2895,12.30203],[77.29534,12.30128],[77.30232,12.29725],[77.30603,12.29715],[77.31188,12.29936],[77.31504,12.30366],[77.3194,12.3058],[77.31902,12.3025],[77.31978,12.30223],[77.32614,12.30277],[77.33533,12.28788],[77.34454,12.27762],[77.355,12.27574],[77.35809,12.2774],[77.40595,12.27587],[77.41316,12.2809],[77.41833,12.28637],[77.42988,12.28669],[77.43234,12.28333],[77.44159,12.26589],[77.44678,12.25802],[77.44811,12.25192],[77.45238,12.24751],[77.45467,12.24677],[77.46055,12.2466],[77.46612,12.24283],[77.47277,12.24068],[77.47395,12.24075],[77.47421,12.24264],[77.47768,12.24076],[77.47942,12.23867],[77.4822,12.23344],[77.48266,12.23024],[77.48241,12.22858],[77.47263,12.21094],[77.47176,12.20827],[77.4726,12.20735],[77.47559,12.20571],[77.48127,12.20466],[77.4811,12.20199],[77.47836,12.20141],[77.47553,12.19865],[77.46974,12.19794],[77.46391,12.19366],[77.46283,12.19408],[77.46163,12.19362],[77.4615,12.19086],[77.46202,12.18888],[77.46273,12.18717],[77.46529,12.18516],[77.46522,12.18364],[77.46444,12.18259],[77.46072,12.17985],[77.45747,12.17628],[77.45163,12.16504],[77.44487,12.15656],[77.44191,12.15403],[77.43518,12.14657],[77.43425,12.1458],[77.43229,12.14565],[77.43024,12.14379],[77.42902,12.1412],[77.43028,12.13798],[77.42756,12.13501],[77.42525,12.13341],[77.4147,12.13123],[77.41283,12.13047],[77.40672,12.1206],[77.40331,12.11615],[77.40347,12.11337],[77.40243,12.10819],[77.40109,12.10459],[77.39918,12.10349],[77.38823,12.10123],[77.38695,12.10188],[77.39556,12.09041],[77.3972,12.08894],[77.39164,12.07921],[77.38992,12.07846],[77.38282,12.08127],[77.37788,12.08207],[77.37759,12.08267],[77.37623,12.08233],[77.37347,12.08287],[77.372,12.08323],[77.37106,12.08407],[77.36952,12.08256],[77.36997,12.08172],[77.36936,12.07941],[77.36825,12.07866],[77.36714,12.07661],[77.36747,12.07507],[77.36676,12.07488],[77.36604,12.07262],[77.36469,12.07101],[77.35873,12.07407],[77.34044,12.07556],[77.33854,12.07462],[77.3309,12.05241],[77.32969,12.05091],[77.31934,12.04715],[77.3195,12.04591],[77.31733,12.04537],[77.31662,12.04279],[77.3152,12.04291],[77.3089,12.04627],[77.3013,12.049],[77.29812,12.05074],[77.29485,12.05591],[77.29357,12.0541],[77.2943,12.04854],[77.29251,12.04718],[77.29482,12.0362],[77.29404,12.01943],[77.29564,12.01482],[77.29441,12.00861],[77.29437,12.00327],[77.29728,11.98494],[77.2949,11.98124],[77.29289,11.97671],[77.28996,11.97486],[77.26867,11.97019],[77.26892,11.97754],[77.26822,11.98226],[77.26284,12.0026],[77.25499,12.0006],[77.25322,11.99404],[77.25414,11.99079],[77.25455,11.98476],[77.25281,11.9847],[77.25386,11.98365],[77.25392,11.98009],[77.25476,11.97639],[77.25429,11.9712],[77.25657,11.96656],[77.25573,11.96025],[77.2565,11.95872],[77.2632,11.95345],[77.26234,11.95292],[77.25883,11.95252],[77.25765,11.95148],[77.25412,11.95246],[77.2542,11.95157],[77.25375,11.95145],[77.25355,11.9522],[77.25173,11.95299],[77.25189,11.95392],[77.251,11.956],[77.24848,11.95629],[77.24822,11.95743],[77.25083,11.96567],[77.25112,11.9686],[77.24973,11.97243],[77.24865,11.97313],[77.24733,11.97319],[77.24636,11.97233],[77.24594,11.97262],[77.24719,11.97425],[77.24738,11.97532],[77.24686,11.97727],[77.24536,11.9783],[77.24599,11.97893],[77.24633,11.98072],[77.24483,11.98477],[77.2449,11.98606],[77.24432,11.98609],[77.2451,11.9889],[77.24423,11.98908],[77.24559,11.98964],[77.24592,11.99174],[77.24706,11.99292],[77.24613,11.99294],[77.24279,12.00252],[77.24273,12.01134],[77.2384,12.01208],[77.23508,12.01189],[77.23219,12.01337],[77.22844,12.01748],[77.2237,12.01084],[77.21339,12.00758],[77.21216,12.00252],[77.20327,12.00299],[77.20119,12.0052],[77.20257,12.01855],[77.20324,12.02099],[77.20121,12.02206],[77.20794,12.02865],[77.2177,12.04484],[77.21763,12.04739],[77.21825,12.05005],[77.2181,12.05367],[77.21655,12.0597],[77.21411,12.06243],[77.21437,12.06854],[77.21605,12.08103],[77.21221,12.08425],[77.21166,12.08774],[77.20904,12.08853],[77.20916,12.08968],[77.20989,12.08964],[77.20994,12.09055],[77.20798,12.09063],[77.20774,12.08789],[77.2083,12.09448],[77.2079,12.09684],[77.20592,12.09842],[77.20503,12.09859],[77.20415,12.09805],[77.20374,12.09713],[77.20389,12.09484],[77.20561,12.09163],[77.20262,12.08331],[77.20382,12.0776],[77.20455,12.07692],[77.20417,12.07516],[77.20249,12.07191],[77.20205,12.06919],[77.2025,12.06525],[77.20385,12.06095],[77.2033,12.05807],[77.2027,12.0574],[77.20211,12.05758],[77.20228,12.05927],[77.20118,12.05844],[77.201,12.05721],[77.20174,12.05682],[77.20123,12.05456],[77.20051,12.05381],[77.20053,12.05279],[77.19939,12.05279],[77.19839,12.05108],[77.19842,12.05028],[77.19896,12.0506],[77.19931,12.05031],[77.19894,12.04876],[77.19952,12.04846],[77.19928,12.04652],[77.19575,12.05048],[77.19567,12.05156],[77.19657,12.05227],[77.19598,12.05267],[77.19627,12.05381],[77.19571,12.05441],[77.19595,12.05509],[77.19671,12.05489],[77.19736,12.05573],[77.19715,12.05396],[77.19763,12.05486],[77.19756,12.05636],[77.1983,12.05751],[77.19734,12.05734],[77.1979,12.0593],[77.19744,12.06052],[77.19567,12.06076],[77.19609,12.06218],[77.1973,12.06288],[77.19764,12.0648],[77.19702,12.06938],[77.19736,12.07329],[77.19696,12.07595],[77.19615,12.07634],[77.1967,12.07731],[77.19639,12.08283],[77.19371,12.09088],[77.19086,12.09571],[77.18903,12.09717],[77.18895,12.09786],[77.19086,12.09748],[77.19126,12.10006],[77.18814,12.10334],[77.18817,12.11119],[77.18968,12.11283],[77.18923,12.11647],[77.19423,12.1168],[77.1948,12.11346],[77.1985,12.11377],[77.19787,12.11599],[77.19901,12.11667],[77.19839,12.11888],[77.19928,12.11956],[77.19968,12.12213],[77.19884,12.12291],[77.19893,12.12456],[77.19779,12.12656],[77.19705,12.12681],[77.19738,12.12961],[77.19825,12.13076],[77.1975,12.13099],[77.19779,12.13191],[77.19676,12.13274],[77.19769,12.13384],[77.19709,12.13424],[77.19777,12.135],[77.19853,12.13464],[77.20399,12.13459],[77.2044,12.13698],[77.20614,12.13678],[77.20805,12.13552],[77.20788,12.13429],[77.20957,12.13394],[77.20934,12.13306],[77.21055,12.13102],[77.21227,12.13081],[77.21723,12.12794],[77.21801,12.13072],[77.21881,12.13066],[77.21894,12.13112],[77.21912,12.13265],[77.21856,12.13277],[77.21867,12.13345],[77.21979,12.1333],[77.22006,12.13472],[77.21905,12.1349],[77.21928,12.13575],[77.21983,12.13569],[77.22046,12.13906],[77.21993,12.13955],[77.21986,12.14051],[77.222,12.14013],[77.22181,12.13957],[77.22266,12.13875],[77.2225,12.13764],[77.22482,12.1371],[77.22482,12.1376],[77.22588,12.13759],[77.22671,12.14113],[77.22711,12.1409],[77.22723,12.14172],[77.22818,12.14149],[77.22916,12.14392],[77.22965,12.14432],[77.23107,12.14421],[77.23152,12.14596],[77.23286,12.14593],[77.23251,12.14692],[77.23331,12.1504],[77.2405,12.16666],[77.23921,12.16689],[77.23966,12.16985],[77.23558,12.17128],[77.23544,12.17345],[77.23621,12.17685],[77.23943,12.17649],[77.24009,12.17955],[77.23924,12.17997],[77.24222,12.19836],[77.24235,12.21274],[77.23838,12.21299],[77.23734,12.21365],[77.23733,12.2145],[77.23529,12.21492],[77.23455,12.21618],[77.23445,12.2198],[77.22939,12.22635],[77.23032,12.23314],[77.22944,12.24023],[77.23071,12.24236],[77.23163,12.24667],[77.23934,12.25751],[77.24221,12.26476],[77.2437,12.26674],[77.2439,12.26897],[77.24486,12.27164],[77.25079,12.28413],[77.2493,12.28614],[77.24829,12.29524],[77.24499,12.30067],[77.24428,12.30301],[77.24422,12.30708],[77.24945,12.30583],[77.25526,12.30925],[77.26399,12.31277],[77.26973,12.31258],[77.27328,12.31014],[77.27981,12.30881]]],[[[77.29755,11.91603],[77.29597,11.9124],[77.29721,11.90813],[77.29477,11.90505],[77.29676,11.89783],[77.29691,11.89245],[77.29642,11.88846],[77.29537,11.88652],[77.2942,11.87735],[77.28455,11.86989],[77.28454,11.86842],[77.28217,11.8629],[77.27893,11.84961],[77.28005,11.84628],[77.26305,11.8251],[77.25757,11.82256],[77.25693,11.82183],[77.25354,11.8139],[77.24972,11.8127],[77.24949,11.80446],[77.2475,11.80305],[77.24631,11.80024],[77.23813,11.79438],[77.23656,11.79474],[77.23617,11.79555],[77.22968,11.7959],[77.23026,11.7968],[77.22945,11.79879],[77.22966,11.80014],[77.22904,11.80308],[77.23326,11.8033],[77.23319,11.80446],[77.23566,11.80651],[77.23696,11.81012],[77.23861,11.81864],[77.23921,11.81862],[77.23944,11.81931],[77.23791,11.81991],[77.23849,11.8215],[77.23961,11.82113],[77.24034,11.82401],[77.24321,11.8232],[77.2456,11.82545],[77.2477,11.83047],[77.2491,11.83193],[77.25087,11.83679],[77.25311,11.84661],[77.24728,11.84963],[77.24456,11.8591],[77.24477,11.86126],[77.2478,11.8635],[77.24671,11.86438],[77.24753,11.86569],[77.2486,11.86566],[77.2506,11.86688],[77.25209,11.86689],[77.25191,11.86769],[77.25065,11.86824],[77.24996,11.86931],[77.25075,11.87277],[77.25656,11.87256],[77.25701,11.87143],[77.25646,11.8693],[77.25855,11.86893],[77.25852,11.86796],[77.25946,11.86796],[77.25967,11.86732],[77.26149,11.86612],[77.26359,11.86696],[77.2646,11.86804],[77.26524,11.86795],[77.26547,11.86834],[77.26503,11.86841],[77.2661,11.87012],[77.2659,11.87056],[77.26685,11.87078],[77.26682,11.87226],[77.2696,11.87271],[77.26966,11.87534],[77.27064,11.87555],[77.27175,11.87659],[77.2755,11.87725],[77.28346,11.87661],[77.28223,11.87813],[77.28173,11.87994],[77.28295,11.87998],[77.28289,11.88215],[77.28418,11.88399],[77.28496,11.88909],[77.28261,11.88953],[77.28185,11.89009],[77.2826,11.89455],[77.28102,11.89503],[77.28138,11.89741],[77.28155,11.89782],[77.28218,11.89777],[77.28224,11.89857],[77.28136,11.89941],[77.28138,11.90008],[77.28066,11.90034],[77.28116,11.90393],[77.27677,11.90608],[77.27568,11.90744],[77.27592,11.91416],[77.27781,11.91574],[77.2801,11.921],[77.27743,11.92253],[77.27753,11.92409],[77.27716,11.92456],[77.27413,11.92558],[77.27437,11.92769],[77.2725,11.92859],[77.27551,11.92979],[77.27868,11.93213],[77.28873,11.92943],[77.29064,11.92728],[77.29755,11.91603]]],[[[77.22524,11.83722],[77.22485,11.83494],[77.22258,11.83592],[77.22187,11.83821],[77.22306,11.842],[77.22391,11.84914],[77.22775,11.84844],[77.22998,11.84564],[77.23152,11.84057],[77.22948,11.8394],[77.22669,11.83917],[77.22524,11.83722]]],[[[77.20265,12.04813],[77.20212,12.04787],[77.20186,12.04891],[77.20295,12.05042],[77.20369,12.04975],[77.20265,12.04813]]]]}},{"type":"Feature","properties":{"unitId":273,"unitName":"Kollegala Town PS"},"geometry":{"type":"Polygon","coordinates":[[[77.09182,12.1904],[77.10604,12.18928],[77.10639,12.18609],[77.10818,12.18501],[77.10817,12.18324],[77.10728,12.18253],[77.10624,12.18243],[77.10333,12.18542],[77.10146,12.18522],[77.10048,12.18259],[77.09945,12.1824],[77.09974,12.1806],[77.09935,12.17592],[77.0998,12.1734],[77.1014,12.17279],[77.10393,12.17296],[77.10508,12.17231],[77.10523,12.17444],[77.10566,12.17443],[77.1061,12.17669],[77.10815,12.17669],[77.1089,12.17717],[77.10905,12.17791],[77.11006,12.17798],[77.11027,12.17938],[77.11116,12.17962],[77.11131,12.18141],[77.11631,12.18107],[77.12131,12.17858],[77.12136,12.17774],[77.12221,12.17712],[77.12623,12.17596],[77.1262,12.17559],[77.12929,12.17433],[77.13208,12.1743],[77.13402,12.17279],[77.13478,12.17121],[77.13603,12.17119],[77.13784,12.17032],[77.13696,12.16411],[77.13496,12.16205],[77.13498,12.16113],[77.13449,12.16106],[77.13469,12.15851],[77.13456,12.1572],[77.13392,12.15687],[77.13386,12.1548],[77.13162,12.15534],[77.13084,12.14989],[77.129,12.15007],[77.12785,12.14423],[77.12853,12.13998],[77.12916,12.13867],[77.13019,12.13865],[77.13057,12.13726],[77.13045,12.13396],[77.13337,12.13348],[77.13304,12.13205],[77.13363,12.13186],[77.13352,12.12994],[77.13108,12.13],[77.13084,12.12861],[77.12552,12.12879],[77.12383,12.128],[77.12145,12.12822],[77.12254,12.12602],[77.12246,12.12226],[77.12074,12.11891],[77.12035,12.11482],[77.11933,12.11213],[77.11706,12.11142],[77.1149,12.10885],[77.11625,12.10754],[77.11485,12.10257],[77.1107,12.1022],[77.1067,12.10394],[77.10787,12.10533],[77.10784,12.10697],[77.10465,12.11788],[77.1007,12.11779],[77.10026,12.11917],[77.09587,12.11979],[77.09444,12.12054],[77.09318,12.12029],[77.09203,12.12155],[77.08732,12.12154],[77.08648,12.12433],[77.08449,12.12556],[77.08292,12.12562],[77.08372,12.12732],[77.0834,12.13021],[77.08402,12.13278],[77.08334,12.13547],[77.08163,12.13793],[77.08233,12.1388],[77.08496,12.13867],[77.0866,12.13927],[77.08581,12.13941],[77.08627,12.14063],[77.0861,12.14445],[77.08508,12.14581],[77.08417,12.14587],[77.08238,12.14694],[77.08181,12.14948],[77.08038,12.15233],[77.08122,12.15524],[77.08076,12.15984],[77.08016,12.15995],[77.07988,12.16124],[77.07846,12.16167],[77.07745,12.16126],[77.07727,12.15926],[77.07657,12.15787],[77.07451,12.15772],[77.07295,12.15887],[77.07346,12.16257],[77.07228,12.1618],[77.07257,12.16298],[77.07338,12.16311],[77.07518,12.16584],[77.0746,12.1684],[77.07235,12.17134],[77.06752,12.17536],[77.06862,12.17535],[77.06957,12.17612],[77.07333,12.18092],[77.07731,12.18378],[77.08045,12.18765],[77.08548,12.19013],[77.09182,12.1904]]]}},{"type":"Feature","properties":{"unitId":274,"unitName":"M.M. Hills PS"},"geometry":{"type":"MultiPolygon","coordinates":[[[[77.61888,12.1189],[77.62092,12.12014],[77.62165,12.12003],[77.62217,12.11889],[77.62141,12.11827],[77.62168,12.11733],[77.62961,12.1135],[77.62763,12.10369],[77.62664,12.101],[77.61105,12.09958],[77.60475,12.10068],[77.59509,12.1037],[77.59536,12.11115],[77.59024,12.1162],[77.59063,12.11855],[77.59207,12.12129],[77.59623,12.12731],[77.5982,12.12894],[77.6014,12.13773],[77.60299,12.14006],[77.60906,12.14003],[77.61149,12.14082],[77.61581,12.1395],[77.62395,12.13561],[77.62328,12.13354],[77.62117,12.1309],[77.62073,12.12933],[77.61895,12.12639],[77.61891,12.12461],[77.61741,12.12258],[77.6177,12.12034],[77.61888,12.1189]]],[[[77.61578,12.04899],[77.61975,12.04531],[77.61915,12.04193],[77.61753,12.03824],[77.61405,12.03512],[77.59452,12.02409],[77.59087,12.02387],[77.57722,12.03292],[77.57655,12.03405],[77.57597,12.03797],[77.57722,12.04138],[77.5787,12.04337],[77.59554,12.04801],[77.59681,12.04873],[77.60847,12.04822],[77.61578,12.04899]]],[[[77.69759,12.05766],[77.70323,12.05682],[77.70503,12.05604],[77.70385,12.04982],[77.71665,12.04644],[77.71256,12.04047],[77.7087,12.03836],[77.7088,12.03766],[77.70785,12.037],[77.70683,12.03485],[77.70615,12.0359],[77.70661,12.03746],[77.70602,12.03925],[77.70659,12.04087],[77.70608,12.04238],[77.70474,12.04263],[77.70375,12.04193],[77.70163,12.04238],[77.6991,12.04439],[77.69931,12.04583],[77.69883,12.04652],[77.69601,12.04723],[77.69409,12.04596],[77.69264,12.04675],[77.69172,12.04787],[77.69122,12.04965],[77.68964,12.05123],[77.69211,12.05859],[77.69759,12.05766]]],[[[77.61843,12.02045],[77.61956,12.02037],[77.62074,12.01881],[77.62052,12.0164],[77.61841,12.00963],[77.61865,12.00721],[77.61821,12.00604],[77.60835,12.00758],[77.60786,12.01027],[77.60806,12.0134],[77.61096,12.02109],[77.61312,12.02155],[77.61843,12.02045]]],[[[77.63805,12.01605],[77.63787,12.01475],[77.63615,12.01556],[77.62492,12.01734],[77.6263,12.02035],[77.62642,12.02378],[77.62765,12.02737],[77.6291,12.02816],[77.62988,12.02977],[77.62954,12.03116],[77.63161,12.03051],[77.63462,12.02835],[77.63435,12.02674],[77.64004,12.0247],[77.63945,12.02277],[77.6397,12.02176],[77.6383,12.01934],[77.63805,12.01605]]],[[[77.55621,11.99421],[77.55227,11.99441],[77.54915,11.9964],[77.55048,12.00142],[77.55048,12.00535],[77.55228,12.00791],[77.55397,12.00656],[77.55927,12.00502],[77.55758,11.9975],[77.55621,11.99421]]],[[[77.52831,11.96127],[77.52773,11.96127],[77.52643,11.96589],[77.52573,11.97052],[77.52829,11.97505],[77.52971,11.97922],[77.5318,11.97559],[77.53194,11.97109],[77.53338,11.96812],[77.53215,11.96547],[77.52831,11.96127]]],[[[77.54881,12.03276],[77.5488,12.03193],[77.55029,12.03031],[77.5505,12.02874],[77.5518,12.02841],[77.5507,12.02354],[77.54663,12.02422],[77.54055,12.0269],[77.54119,12.02887],[77.54096,12.03022],[77.54126,12.02906],[77.54242,12.03241],[77.54737,12.0322],[77.54881,12.03276]]],[[[77.54009,11.99077],[77.53973,11.99011],[77.53466,11.99076],[77.53535,11.99237],[77.53525,11.99551],[77.53605,11.9968],[77.53635,11.99932],[77.53869,12.00143],[77.54255,12.00058],[77.54204,11.99572],[77.54009,11.99077]]],[[[77.66152,12.012],[77.66142,12.01105],[77.65768,12.01198],[77.65418,12.01525],[77.65477,12.01808],[77.6565,12.01912],[77.66266,12.01934],[77.66152,12.012]]],[[[77.66077,12.13837],[77.65979,12.13503],[77.6558,12.13562],[77.65662,12.14308],[77.65724,12.1444],[77.66032,12.14421],[77.66148,12.14267],[77.66176,12.14133],[77.66077,12.13837]]],[[[77.65207,12.03141],[77.65174,12.02964],[77.64608,12.03049],[77.64747,12.03443],[77.6513,12.03465],[77.65257,12.03339],[77.65207,12.03141]]],[[[77.59898,11.99871],[77.59871,11.99796],[77.59788,11.99794],[77.59751,11.99701],[77.59746,11.99434],[77.59561,11.99519],[77.59601,11.99674],[77.5959,12.00062],[77.59645,12.00122],[77.59929,12.00105],[77.59898,11.99871]]],[[[77.6752,12.14719],[77.67394,12.14534],[77.67254,12.14599],[77.67528,12.15259],[77.67762,12.15176],[77.6752,12.14719]]],[[[77.66321,12.13013],[77.66271,12.12923],[77.66143,12.12973],[77.66308,12.13309],[77.66442,12.13443],[77.6647,12.1343],[77.66321,12.13013]]]]}},{"type":"Feature","properties":{"unitId":275,"unitName":"Ramapura PS"},"geometry":{"type":"Polygon","coordinates":[[[77.61139,12.20638],[77.6128,12.20605],[77.61769,12.20138],[77.62021,12.20035],[77.62408,12.20059],[77.62773,12.20213],[77.62998,12.20244],[77.63275,12.20039],[77.63526,12.19767],[77.63876,12.19682],[77.64049,12.1968],[77.64572,12.19854],[77.65172,12.19889],[77.6558,12.19967],[77.66518,12.19837],[77.67071,12.1951],[77.67378,12.19431],[77.67725,12.19272],[77.6814,12.19192],[77.69149,12.18805],[77.69703,12.18534],[77.71197,12.18236],[77.71911,12.18325],[77.72228,12.18295],[77.72628,12.18222],[77.73085,12.18063],[77.73319,12.17856],[77.73426,12.17696],[77.73524,12.17082],[77.73604,12.16896],[77.73748,12.1672],[77.7421,12.1637],[77.7459,12.1582],[77.74744,12.15324],[77.74657,12.1451],[77.74772,12.14125],[77.74888,12.14032],[77.75128,12.13619],[77.75275,12.13438],[77.76004,12.1287],[77.7724,12.1219],[77.77642,12.11693],[77.77685,12.11354],[77.77605,12.11132],[77.77298,12.10833],[77.76797,12.10707],[77.76601,12.10288],[77.76448,12.10112],[77.75608,12.07986],[77.75292,12.07719],[77.74823,12.07489],[77.74275,12.07013],[77.73299,12.06495],[77.72786,12.06274],[77.72134,12.05371],[77.71732,12.04623],[77.70385,12.04982],[77.70503,12.05604],[77.70323,12.05682],[77.69868,12.05757],[77.69842,12.05728],[77.69211,12.05859],[77.68964,12.05123],[77.69122,12.04965],[77.69172,12.04787],[77.69409,12.04596],[77.69601,12.04723],[77.69883,12.04652],[77.69931,12.04583],[77.6991,12.04439],[77.70163,12.04238],[77.70375,12.04193],[77.70474,12.04263],[77.70608,12.04238],[77.70659,12.04087],[77.70602,12.03925],[77.70661,12.03746],[77.70615,12.0359],[77.7077,12.03407],[77.70329,12.02561],[77.69548,12.01406],[77.69396,12.00942],[77.67591,11.96912],[77.67422,11.96471],[77.67396,11.96244],[77.67435,11.95488],[77.67539,11.95215],[77.67164,11.95135],[77.67004,11.94976],[77.66867,11.94936],[77.65824,11.94993],[77.657,11.95044],[77.65583,11.95403],[77.65384,11.95478],[77.65121,11.95485],[77.64866,11.95382],[77.64696,11.95068],[77.64561,11.95023],[77.64251,11.95026],[77.63934,11.94831],[77.63416,11.94811],[77.62871,11.9467],[77.62362,11.94751],[77.62024,11.94529],[77.61698,11.94474],[77.61255,11.94278],[77.60692,11.94227],[77.60604,11.94158],[77.60432,11.93825],[77.60332,11.93797],[77.59492,11.94036],[77.59198,11.94045],[77.58819,11.93945],[77.58587,11.93712],[77.57546,11.93672],[77.56808,11.93863],[77.56158,11.942],[77.56047,11.94216],[77.54839,11.94007],[77.54262,11.93845],[77.54086,11.93686],[77.53884,11.93304],[77.53797,11.93267],[77.5337,11.93401],[77.52868,11.93393],[77.52288,11.93706],[77.51853,11.93833],[77.51403,11.93775],[77.51235,11.93804],[77.50422,11.94152],[77.50128,11.94026],[77.50015,11.94024],[77.49629,11.9439],[77.49405,11.94365],[77.49288,11.94179],[77.49272,11.9403],[77.49308,11.93148],[77.4921,11.92691],[77.49174,11.92144],[77.48843,11.91225],[77.48872,11.91129],[77.49069,11.91037],[77.49039,11.90856],[77.48742,11.90417],[77.48371,11.90148],[77.48321,11.90006],[77.48323,11.89885],[77.48495,11.89465],[77.48588,11.88959],[77.48566,11.88788],[77.48435,11.88823],[77.48119,11.89362],[77.47921,11.8935],[77.47804,11.89091],[77.47644,11.89144],[77.47447,11.89408],[77.47493,11.89823],[77.4733,11.89988],[77.47066,11.90055],[77.46699,11.90031],[77.46301,11.90116],[77.46194,11.90093],[77.46154,11.90021],[77.4627,11.89704],[77.46367,11.89592],[77.46386,11.89332],[77.46214,11.88939],[77.46253,11.88599],[77.46308,11.88491],[77.46268,11.88384],[77.46053,11.88241],[77.4605,11.88038],[77.46586,11.87435],[77.46442,11.87026],[77.46425,11.86815],[77.46287,11.86481],[77.46009,11.86381],[77.463,11.85971],[77.46307,11.85839],[77.46154,11.85405],[77.46695,11.84985],[77.46704,11.84657],[77.46453,11.84311],[77.46376,11.8431],[77.46248,11.84051],[77.46162,11.8363],[77.46051,11.83419],[77.46048,11.83208],[77.45946,11.83066],[77.4572,11.82959],[77.45603,11.82715],[77.45613,11.82461],[77.45293,11.81729],[77.45193,11.81263],[77.45352,11.80933],[77.45347,11.80755],[77.45156,11.80522],[77.45202,11.80195],[77.45041,11.80073],[77.45141,11.79949],[77.45051,11.79544],[77.44822,11.79018],[77.44713,11.78924],[77.44607,11.78953],[77.44444,11.78852],[77.44361,11.78906],[77.44166,11.78863],[77.44042,11.78645],[77.44064,11.78531],[77.44326,11.78327],[77.44254,11.78196],[77.44102,11.78199],[77.43888,11.78069],[77.43792,11.78142],[77.43384,11.77823],[77.4307,11.77065],[77.42852,11.7672],[77.42894,11.76247],[77.42813,11.76124],[77.42711,11.76103],[77.42371,11.76163],[77.42259,11.76244],[77.42218,11.77253],[77.41508,11.77531],[77.41354,11.775],[77.39619,11.78589],[77.39443,11.78786],[77.38784,11.78876],[77.38312,11.7879],[77.3698,11.78688],[77.36924,11.78706],[77.36887,11.78979],[77.36485,11.79045],[77.35987,11.77992],[77.34838,11.77522],[77.33504,11.77153],[77.32752,11.77575],[77.3135,11.79281],[77.29369,11.80932],[77.29298,11.80926],[77.29216,11.80632],[77.29052,11.80328],[77.28748,11.80058],[77.2746,11.80304],[77.27369,11.80374],[77.27303,11.80543],[77.26273,11.80956],[77.26138,11.81061],[77.25943,11.81053],[77.25042,11.81291],[77.25354,11.8139],[77.25693,11.82183],[77.25757,11.82256],[77.26305,11.8251],[77.28005,11.84628],[77.27893,11.84961],[77.28217,11.8629],[77.28454,11.86842],[77.28455,11.86989],[77.2942,11.87735],[77.29537,11.88652],[77.29642,11.88846],[77.29691,11.89245],[77.29676,11.89783],[77.29477,11.90505],[77.29721,11.90813],[77.29597,11.9124],[77.29755,11.91603],[77.29064,11.92728],[77.28873,11.92943],[77.27868,11.93213],[77.27551,11.92979],[77.2725,11.92859],[77.27437,11.92769],[77.27413,11.92558],[77.27716,11.92456],[77.27753,11.92409],[77.27743,11.92253],[77.2801,11.921],[77.27781,11.91574],[77.27592,11.91416],[77.27568,11.90744],[77.27677,11.90608],[77.28116,11.90393],[77.28066,11.90034],[77.28138,11.90008],[77.28136,11.89941],[77.28224,11.89857],[77.28218,11.89777],[77.28155,11.89782],[77.28138,11.89741],[77.28102,11.89503],[77.2826,11.89455],[77.28185,11.89009],[77.28261,11.88953],[77.28496,11.88909],[77.28418,11.88399],[77.28289,11.88215],[77.28295,11.87998],[77.28173,11.87994],[77.28223,11.87813],[77.28346,11.87661],[77.2755,11.87725],[77.27175,11.87659],[77.27064,11.87555],[77.26966,11.87534],[77.2696,11.87271],[77.26682,11.87226],[77.26685,11.87078],[77.2659,11.87056],[77.2661,11.87012],[77.26503,11.86841],[77.26547,11.86834],[77.26524,11.86795],[77.2646,11.86804],[77.26359,11.86696],[77.26149,11.86612],[77.25967,11.86732],[77.25946,11.86796],[77.25852,11.86796],[77.25855,11.86893],[77.25646,11.8693],[77.25701,11.87143],[77.25656,11.87256],[77.25075,11.87277],[77.24996,11.86931],[77.25065,11.86824],[77.25191,11.86769],[77.25209,11.86689],[77.2506,11.86688],[77.2486,11.86566],[77.24753,11.86569],[77.24671,11.86438],[77.2478,11.8635],[77.24477,11.86126],[77.24456,11.8591],[77.24728,11.84963],[77.25311,11.84661],[77.25087,11.83679],[77.2491,11.83193],[77.2477,11.83047],[77.2456,11.82545],[77.24321,11.8232],[77.24034,11.82401],[77.23961,11.82113],[77.23849,11.8215],[77.23791,11.81991],[77.23944,11.81931],[77.23921,11.81862],[77.23861,11.81864],[77.23696,11.81012],[77.23566,11.80651],[77.23319,11.80446],[77.23326,11.8033],[77.22904,11.80308],[77.22966,11.80014],[77.22945,11.79879],[77.23026,11.7968],[77.22975,11.79598],[77.21276,11.79536],[77.18949,11.79268],[77.18995,11.7943],[77.18911,11.79898],[77.19185,11.80974],[77.19259,11.81725],[77.18633,11.83162],[77.17637,11.84725],[77.17221,11.85916],[77.17496,11.8622],[77.17437,11.86871],[77.17526,11.87104],[77.17317,11.87907],[77.17397,11.88621],[77.17297,11.88963],[77.17409,11.89471],[77.17403,11.90068],[77.17559,11.90552],[77.17504,11.90772],[77.17651,11.9124],[77.17609,11.91368],[77.17814,11.91834],[77.17886,11.92163],[77.17819,11.93265],[77.17949,11.93584],[77.17912,11.9398],[77.18024,11.9467],[77.17738,11.95712],[77.17721,11.96043],[77.17967,11.96371],[77.18079,11.96849],[77.18065,11.96972],[77.18177,11.97217],[77.1817,11.97608],[77.18007,11.98222],[77.18018,11.98485],[77.18256,11.99005],[77.18285,11.99177],[77.18101,11.99566],[77.17884,11.99879],[77.17803,12.00149],[77.17486,12.00517],[77.17486,12.00574],[77.17565,12.00634],[77.17534,12.00768],[77.17716,12.0161],[77.16773,12.01886],[77.1564,12.03092],[77.1572,12.03233],[77.15665,12.03353],[77.1573,12.03914],[77.15675,12.04055],[77.15718,12.04257],[77.1568,12.04336],[77.15946,12.04812],[77.16007,12.05044],[77.15961,12.05456],[77.16195,12.05673],[77.16442,12.06278],[77.16654,12.06443],[77.168,12.06735],[77.16335,12.07872],[77.16587,12.08011],[77.17336,12.08997],[77.17618,12.0976],[77.1781,12.10126],[77.18005,12.10163],[77.18169,12.10398],[77.18194,12.11533],[77.18923,12.11647],[77.18968,12.11283],[77.18817,12.11119],[77.18814,12.10334],[77.19126,12.10006],[77.19086,12.09748],[77.18895,12.09786],[77.18903,12.09717],[77.19086,12.09571],[77.19371,12.09088],[77.19639,12.08283],[77.1967,12.07731],[77.19615,12.07634],[77.19696,12.07595],[77.19736,12.07329],[77.19702,12.06938],[77.19764,12.0648],[77.1973,12.06288],[77.19609,12.06218],[77.19567,12.06076],[77.19744,12.06052],[77.1979,12.0593],[77.19734,12.05734],[77.1983,12.05751],[77.19756,12.05636],[77.19763,12.05486],[77.19715,12.05396],[77.19736,12.05573],[77.19671,12.05489],[77.19595,12.05509],[77.19571,12.05441],[77.19627,12.05381],[77.19598,12.05267],[77.19657,12.05227],[77.19567,12.05156],[77.19575,12.05048],[77.19928,12.04652],[77.19952,12.04846],[77.19894,12.04876],[77.19931,12.05031],[77.19896,12.0506],[77.19842,12.05028],[77.19839,12.05108],[77.19939,12.05279],[77.20053,12.05279],[77.20051,12.05381],[77.20123,12.05456],[77.20174,12.05682],[77.201,12.05721],[77.20118,12.05844],[77.20228,12.05927],[77.20211,12.05758],[77.2027,12.0574],[77.2033,12.05807],[77.20385,12.06095],[77.2025,12.06525],[77.20205,12.06919],[77.20249,12.07191],[77.20417,12.07516],[77.20455,12.07692],[77.20382,12.0776],[77.20262,12.08331],[77.20561,12.09163],[77.20389,12.09484],[77.20374,12.09713],[77.20415,12.09805],[77.20503,12.09859],[77.20592,12.09842],[77.2079,12.09684],[77.2083,12.09448],[77.20774,12.08789],[77.20798,12.09063],[77.20994,12.09055],[77.20989,12.08964],[77.20916,12.08968],[77.20904,12.08853],[77.21166,12.08774],[77.21221,12.08425],[77.21605,12.08103],[77.21437,12.06854],[77.21411,12.06243],[77.21655,12.0597],[77.2181,12.05367],[77.21825,12.05005],[77.21763,12.04739],[77.2177,12.04484],[77.20794,12.02865],[77.20121,12.02206],[77.20324,12.02099],[77.20257,12.01855],[77.20119,12.0052],[77.20327,12.00299],[77.21216,12.00252],[77.21339,12.00758],[77.2237,12.01084],[77.22844,12.01748],[77.23219,12.01337],[77.23508,12.01189],[77.2384,12.01208],[77.24273,12.01134],[77.24279,12.00252],[77.24613,11.99294],[77.24706,11.99292],[77.24592,11.99174],[77.24559,11.98964],[77.24423,11.98908],[77.2451,11.9889],[77.24432,11.98609],[77.2449,11.98606],[77.24483,11.98477],[77.24633,11.98072],[77.24599,11.97893],[77.24536,11.9783],[77.24686,11.97727],[77.24738,11.97532],[77.24719,11.97425],[77.24594,11.97262],[77.24636,11.97233],[77.24733,11.97319],[77.24865,11.97313],[77.24973,11.97243],[77.25112,11.9686],[77.25083,11.96567],[77.24822,11.95743],[77.24848,11.95629],[77.251,11.956],[77.25189,11.95392],[77.25173,11.95299],[77.25355,11.9522],[77.25375,11.95145],[77.2542,11.95157],[77.25412,11.95246],[77.25765,11.95148],[77.25883,11.95252],[77.26234,11.95292],[77.2632,11.95345],[77.2565,11.95872],[77.25573,11.96025],[77.25657,11.96656],[77.25429,11.9712],[77.25476,11.97639],[77.25392,11.98009],[77.25386,11.98365],[77.25281,11.9847],[77.25455,11.98476],[77.25414,11.99079],[77.25322,11.99404],[77.25499,12.0006],[77.26284,12.0026],[77.26822,11.98226],[77.26892,11.97754],[77.26867,11.97019],[77.28996,11.97486],[77.29289,11.97671],[77.2949,11.98124],[77.29728,11.98494],[77.29437,12.00327],[77.29441,12.00861],[77.29564,12.01482],[77.29404,12.01943],[77.29482,12.0362],[77.29251,12.04718],[77.2943,12.04854],[77.29357,12.0541],[77.29485,12.05591],[77.29812,12.05074],[77.3013,12.049],[77.3089,12.04627],[77.3152,12.04291],[77.31662,12.04279],[77.31733,12.04537],[77.3195,12.04591],[77.31934,12.04715],[77.32969,12.05091],[77.3309,12.05241],[77.33854,12.07462],[77.34044,12.07556],[77.35873,12.07407],[77.36469,12.07101],[77.36604,12.07262],[77.36676,12.07488],[77.36747,12.07507],[77.36714,12.07661],[77.36825,12.07866],[77.36936,12.07941],[77.36997,12.08172],[77.36952,12.08256],[77.37106,12.08407],[77.372,12.08323],[77.37347,12.08287],[77.37623,12.08233],[77.37759,12.08267],[77.37788,12.08207],[77.38282,12.08127],[77.38992,12.07846],[77.39164,12.07921],[77.3972,12.08894],[77.39556,12.09041],[77.38695,12.10188],[77.38823,12.10123],[77.39918,12.10349],[77.40109,12.10459],[77.40243,12.10819],[77.40347,12.11337],[77.40331,12.11615],[77.40672,12.1206],[77.41283,12.13047],[77.4147,12.13123],[77.42525,12.13341],[77.42756,12.13501],[77.43028,12.13798],[77.42902,12.1412],[77.43024,12.14379],[77.43229,12.14565],[77.43425,12.1458],[77.43518,12.14657],[77.44191,12.15403],[77.44487,12.15656],[77.45163,12.16504],[77.45747,12.17628],[77.46072,12.17985],[77.46444,12.18259],[77.46522,12.18364],[77.46529,12.18516],[77.46273,12.18717],[77.46202,12.18888],[77.4615,12.19086],[77.46163,12.19362],[77.46283,12.19408],[77.46391,12.19366],[77.46974,12.19794],[77.47553,12.19865],[77.47836,12.20141],[77.4811,12.20199],[77.48127,12.20466],[77.48625,12.20376],[77.48761,12.20209],[77.48975,12.20091],[77.49139,12.19834],[77.49292,12.19762],[77.49681,12.19781],[77.50332,12.19621],[77.51015,12.19534],[77.51519,12.19527],[77.51878,12.19459],[77.5231,12.19761],[77.52872,12.19921],[77.53179,12.19927],[77.53586,12.19859],[77.54063,12.20273],[77.54364,12.20429],[77.54573,12.20478],[77.54893,12.20426],[77.55316,12.20163],[77.56041,12.19911],[77.56353,12.19676],[77.56527,12.19639],[77.56674,12.19704],[77.56937,12.19995],[77.57411,12.20111],[77.57523,12.201],[77.57781,12.19909],[77.5802,12.19841],[77.58305,12.19841],[77.58878,12.19965],[77.59579,12.19897],[77.59891,12.20013],[77.60189,12.20332],[77.60554,12.20582],[77.60762,12.20633],[77.61139,12.20638]],[[77.61184,12.14046],[77.61149,12.14082],[77.60906,12.14003],[77.60299,12.14006],[77.6014,12.13773],[77.5982,12.12894],[77.59623,12.12731],[77.59207,12.12129],[77.59063,12.11855],[77.59024,12.1162],[77.59536,12.11115],[77.59509,12.1037],[77.60475,12.10068],[77.61105,12.09958],[77.62664,12.101],[77.62763,12.10369],[77.62961,12.1135],[77.62168,12.11733],[77.62141,12.11827],[77.62217,12.11889],[77.62165,12.12003],[77.62092,12.12014],[77.61888,12.1189],[77.6177,12.12034],[77.61737,12.1222],[77.61891,12.12461],[77.61895,12.12639],[77.62073,12.12933],[77.62117,12.1309],[77.62328,12.13354],[77.62395,12.13561],[77.61581,12.1395],[77.61184,12.14046]],[[77.61038,12.0487],[77.60847,12.04822],[77.59681,12.04873],[77.59554,12.04801],[77.5787,12.04337],[77.57722,12.04138],[77.57597,12.03797],[77.57655,12.03405],[77.57722,12.03292],[77.59087,12.02387],[77.59452,12.02409],[77.61405,12.03512],[77.61753,12.03824],[77.61915,12.04193],[77.61975,12.04531],[77.61578,12.04899],[77.61038,12.0487]],[[77.61987,12.01422],[77.62074,12.01881],[77.61956,12.02037],[77.61312,12.02155],[77.61114,12.02128],[77.60806,12.0134],[77.60786,12.01027],[77.60835,12.00758],[77.61821,12.00604],[77.61865,12.00721],[77.61841,12.00963],[77.61987,12.01422]],[[77.63056,12.03092],[77.62954,12.03116],[77.62967,12.02919],[77.6291,12.02816],[77.62765,12.02737],[77.62642,12.02378],[77.6263,12.02035],[77.62492,12.01734],[77.63615,12.01556],[77.63787,12.01475],[77.6383,12.01934],[77.6397,12.02176],[77.63945,12.02277],[77.64004,12.0247],[77.63435,12.02674],[77.63462,12.02835],[77.63056,12.03092]],[[77.55253,12.00785],[77.55048,12.00535],[77.55048,12.00142],[77.54915,11.9964],[77.55227,11.99441],[77.55613,11.99401],[77.55758,11.9975],[77.55927,12.00502],[77.55397,12.00656],[77.55253,12.00785]],[[77.22258,11.83592],[77.22485,11.83494],[77.22524,11.83722],[77.22669,11.83917],[77.22948,11.8394],[77.23152,11.84057],[77.22998,11.84564],[77.22775,11.84844],[77.22391,11.84914],[77.22306,11.842],[77.22187,11.83821],[77.22258,11.83592]],[[77.52593,11.9685],[77.52798,11.96124],[77.53215,11.96547],[77.53338,11.96812],[77.53194,11.97109],[77.5318,11.97559],[77.52971,11.97922],[77.52829,11.97505],[77.52573,11.97052],[77.52593,11.9685]],[[77.5507,12.02354],[77.5518,12.02841],[77.5505,12.02874],[77.55029,12.03031],[77.5488,12.03193],[77.54881,12.03276],[77.54737,12.0322],[77.54242,12.03241],[77.54126,12.02906],[77.54096,12.03022],[77.54119,12.02887],[77.54055,12.0269],[77.54663,12.02422],[77.5507,12.02354]],[[77.53964,12.0012],[77.53869,12.00143],[77.53635,11.99932],[77.53605,11.9968],[77.53525,11.99551],[77.53535,11.99237],[77.53466,11.99076],[77.53973,11.99011],[77.54009,11.99077],[77.54204,11.99572],[77.54255,12.00058],[77.53964,12.0012]],[[77.65452,12.01493],[77.65798,12.01175],[77.66142,12.01105],[77.66266,12.01934],[77.65985,12.01951],[77.65592,12.01884],[77.65477,12.01808],[77.65418,12.01525],[77.65452,12.01493]],[[77.65662,12.14308],[77.6558,12.13562],[77.65979,12.13503],[77.66176,12.14133],[77.66148,12.14267],[77.66032,12.14421],[77.65724,12.1444],[77.65662,12.14308]],[[77.64665,12.03203],[77.64608,12.03049],[77.65174,12.02964],[77.65257,12.03339],[77.6513,12.03465],[77.64747,12.03443],[77.64665,12.03203]],[[77.59712,11.9945],[77.59746,11.99434],[77.59788,11.99794],[77.59871,11.99796],[77.59898,11.99871],[77.59929,12.00105],[77.59645,12.00122],[77.5959,12.00062],[77.59601,11.99674],[77.59561,11.99519],[77.59712,11.9945]],[[77.67355,12.14543],[77.67394,12.14534],[77.67635,12.14895],[77.67762,12.15176],[77.67528,12.15259],[77.67254,12.14599],[77.67355,12.14543]],[[77.66175,12.12933],[77.66271,12.12923],[77.6646,12.13437],[77.66308,12.13309],[77.66143,12.12973],[77.66175,12.12933]],[[77.20344,12.05027],[77.20295,12.05042],[77.20186,12.04891],[77.20212,12.04787],[77.20253,12.04778],[77.20322,12.04874],[77.20369,12.04975],[77.20344,12.05027]]]}},{"type":"Feature","properties":{"unitId":276,"unitName":"Mambali PS"},"geometry":{"type":"Polygon","coordinates":[[[77.08402,12.13278],[77.0834,12.13021],[77.08372,12.12732],[77.08337,12.12627],[77.07966,12.12362],[77.0788,12.12356],[77.07846,12.12035],[77.07686,12.12052],[77.07683,12.11984],[77.07619,12.11931],[77.07659,12.11771],[77.07947,12.11794],[77.0788,12.11514],[77.07904,12.11423],[77.08096,12.11467],[77.08143,12.10957],[77.08331,12.10875],[77.08708,12.10481],[77.08659,12.10316],[77.08918,12.10226],[77.0894,12.1034],[77.09313,12.10216],[77.09534,12.10029],[77.09781,12.09669],[77.09927,12.09574],[77.0989,12.09431],[77.0993,12.09372],[77.09838,12.09159],[77.09886,12.09077],[77.09874,12.08879],[77.0978,12.08547],[77.10084,12.0805],[77.09367,12.08096],[77.09179,12.08253],[77.09145,12.08145],[77.08953,12.0827],[77.08622,12.0836],[77.08478,12.08738],[77.08337,12.08865],[77.08083,12.08865],[77.07978,12.08926],[77.07796,12.08938],[77.07701,12.08823],[77.07608,12.08912],[77.07157,12.08875],[77.06884,12.08922],[77.06834,12.09048],[77.06777,12.09077],[77.06779,12.09184],[77.06581,12.09187],[77.06585,12.09257],[77.06453,12.09262],[77.0644,12.09046],[77.06332,12.09035],[77.0631,12.08938],[77.06056,12.08943],[77.06055,12.08993],[77.05923,12.08994],[77.05927,12.09163],[77.05563,12.09228],[77.05528,12.09371],[77.05254,12.09392],[77.05267,12.09441],[77.05122,12.0945],[77.05062,12.09384],[77.05014,12.09549],[77.04853,12.09697],[77.0477,12.10732],[77.04214,12.10845],[77.04103,12.10912],[77.04003,12.10879],[77.04005,12.10788],[77.03888,12.10736],[77.03581,12.10738],[77.03555,12.10808],[77.03421,12.109],[77.03429,12.11325],[77.0389,12.11434],[77.04317,12.11473],[77.04369,12.11641],[77.04515,12.11672],[77.04517,12.11742],[77.04606,12.11745],[77.0463,12.11901],[77.04805,12.11911],[77.04808,12.11748],[77.05104,12.11774],[77.05234,12.11849],[77.05388,12.11826],[77.05994,12.12504],[77.06083,12.12523],[77.06057,12.12644],[77.06109,12.12778],[77.06188,12.1275],[77.06227,12.12825],[77.0632,12.12828],[77.06373,12.12892],[77.0634,12.12961],[77.0645,12.12975],[77.06497,12.13144],[77.06711,12.13243],[77.07122,12.13303],[77.07978,12.13268],[77.07993,12.13539],[77.08283,12.13618],[77.08402,12.13278]]]}},{"type":"Feature","properties":{"unitId":277,"unitName":"Yelandur PS"},"geometry":{"type":"Polygon","coordinates":[[[77.02934,12.11244],[77.03423,12.1129],[77.03421,12.109],[77.03555,12.10808],[77.03581,12.10738],[77.03888,12.10736],[77.04005,12.10788],[77.04003,12.10879],[77.04103,12.10912],[77.04214,12.10845],[77.0477,12.10732],[77.04851,12.09703],[77.05014,12.09549],[77.05062,12.09384],[77.05122,12.0945],[77.05267,12.09441],[77.05254,12.09392],[77.05528,12.09371],[77.05563,12.09228],[77.05927,12.09163],[77.05923,12.08994],[77.06055,12.08993],[77.06056,12.08943],[77.0631,12.08938],[77.06332,12.09035],[77.06424,12.09029],[77.06453,12.09262],[77.06585,12.09257],[77.06581,12.09187],[77.06779,12.09184],[77.06777,12.09077],[77.06834,12.09048],[77.06884,12.08922],[77.07157,12.08875],[77.07608,12.08912],[77.07701,12.08823],[77.07796,12.08938],[77.07978,12.08926],[77.08083,12.08865],[77.08337,12.08865],[77.08478,12.08738],[77.08622,12.0836],[77.08953,12.0827],[77.09145,12.08145],[77.09179,12.08253],[77.09367,12.08096],[77.10084,12.0805],[77.10339,12.0736],[77.1117,12.06847],[77.12091,12.06879],[77.12083,12.06995],[77.12458,12.06835],[77.13261,12.06995],[77.14908,12.06385],[77.15065,12.05661],[77.14843,12.05059],[77.15128,12.04213],[77.15519,12.04431],[77.1571,12.04309],[77.15675,12.04055],[77.15727,12.03958],[77.1572,12.03696],[77.15665,12.03353],[77.15718,12.0319],[77.1565,12.0307],[77.16773,12.01886],[77.17716,12.0161],[77.17534,12.00768],[77.17565,12.00634],[77.17486,12.00574],[77.17486,12.00517],[77.17803,12.00149],[77.17884,11.99879],[77.18101,11.99566],[77.18285,11.99177],[77.18256,11.99005],[77.18018,11.98485],[77.18007,11.98222],[77.1817,11.97608],[77.18177,11.97217],[77.18065,11.96972],[77.18079,11.96849],[77.17967,11.96371],[77.17721,11.96043],[77.17738,11.95712],[77.18024,11.9467],[77.17912,11.9398],[77.17949,11.93584],[77.17819,11.93265],[77.17886,11.92163],[77.17814,11.91834],[77.17609,11.91368],[77.17651,11.9124],[77.17504,11.90772],[77.17559,11.90552],[77.17403,11.90068],[77.17409,11.89471],[77.17297,11.88963],[77.17397,11.88621],[77.17312,11.87985],[77.17381,11.87572],[77.15731,11.88435],[77.14223,11.88762],[77.13272,11.89954],[77.13476,11.91746],[77.13762,11.92591],[77.1372,11.92939],[77.13028,11.93436],[77.1141,11.94174],[77.10368,11.95551],[77.10479,11.96507],[77.10798,11.97705],[77.10876,11.98309],[77.09844,11.99172],[77.09628,11.99154],[77.09194,11.99351],[77.08958,11.9951],[77.08949,11.99464],[77.08857,11.99484],[77.08819,11.99573],[77.0865,11.99633],[77.08605,11.99589],[77.08199,11.99652],[77.0781,11.99748],[77.07786,11.99817],[77.07688,11.99795],[77.07572,11.99856],[77.07595,11.99785],[77.07541,11.99849],[77.07181,11.99928],[77.07216,11.99988],[77.07191,12.00249],[77.0684,12.00223],[77.06798,12.00269],[77.06478,12.00301],[77.06317,12.00376],[77.06406,12.00528],[77.06358,12.00584],[77.06125,12.00604],[77.0611,12.00457],[77.06041,12.00458],[77.05842,12.00237],[77.05814,12.00102],[77.05668,12.00209],[77.05602,12.00208],[77.05691,12.00715],[77.0565,12.0079],[77.0567,12.00997],[77.05554,12.01235],[77.056,12.0137],[77.05558,12.01471],[77.05588,12.01642],[77.05254,12.01675],[77.05078,12.01579],[77.05062,12.015],[77.04925,12.01533],[77.04912,12.01487],[77.0468,12.01468],[77.0467,12.01547],[77.04589,12.01573],[77.04559,12.01941],[77.04477,12.02042],[77.04446,12.0228],[77.04399,12.02341],[77.04375,12.02856],[77.0431,12.03068],[77.04382,12.03192],[77.03905,12.03279],[77.03603,12.0328],[77.03479,12.02741],[77.03526,12.02611],[77.03378,12.02597],[77.03371,12.02559],[77.03462,12.0254],[77.03512,12.02442],[77.03525,12.02177],[77.03577,12.02084],[77.03525,12.01748],[77.0341,12.01673],[77.03417,12.01604],[77.03376,12.01634],[77.03275,12.01538],[77.0318,12.0133],[77.03076,12.01318],[77.03083,12.01262],[77.02937,12.01286],[77.02807,12.01073],[77.02648,12.01072],[77.0262,12.00846],[77.02382,12.00858],[77.02297,12.00259],[77.0168,12.00471],[77.01561,12.00605],[77.01472,12.00626],[77.01459,12.00557],[77.01261,12.00607],[77.01267,12.00677],[77.01096,12.00693],[77.01032,12.00809],[77.00949,12.00785],[77.00904,12.00665],[77.00823,12.00696],[77.00898,12.00752],[77.00894,12.00859],[77.00818,12.00874],[77.00521,12.0124],[77.00597,12.01259],[77.00626,12.01446],[77.00512,12.01452],[77.00489,12.01569],[77.00292,12.01849],[77.00298,12.01947],[77.00493,12.02141],[77.00629,12.02185],[77.00634,12.02226],[77.00533,12.0225],[77.00586,12.02461],[77.00539,12.0248],[77.00647,12.02611],[77.0067,12.02746],[77.00516,12.02792],[77.00609,12.02983],[77.0058,12.03066],[77.00006,12.03135],[77.00036,12.03754],[76.99683,12.03788],[76.99739,12.04049],[76.9972,12.04314],[76.99758,12.04444],[76.99864,12.04545],[76.99858,12.04604],[76.9975,12.04651],[76.99666,12.04784],[76.99383,12.04801],[76.99388,12.05027],[76.99226,12.05053],[76.99108,12.0583],[76.98875,12.05922],[76.98764,12.06099],[76.98699,12.06114],[76.98642,12.06313],[76.98501,12.06345],[76.98477,12.06623],[76.9856,12.06631],[76.98599,12.07163],[76.98578,12.07414],[76.98492,12.07649],[76.98539,12.08058],[76.99474,12.08145],[76.99553,12.09058],[76.99464,12.09505],[76.99493,12.09867],[76.99435,12.10823],[77.00056,12.109],[77.01197,12.10932],[77.01215,12.1098],[77.01657,12.10975],[77.01885,12.11026],[77.02075,12.11075],[77.02167,12.11178],[77.02241,12.11192],[77.02303,12.11505],[77.02602,12.11493],[77.02934,12.11244]]]}}]}