{"type":"FeatureCollection","features":[{"type":"Feature","properties":{"unitId":296,"unitName":"Aldur PS"},"geometry":{"type":"Polygon","coordinates":[[[75.58718,13.30834],[75.58595,13.30689],[75.58475,13.30711],[75.58424,13.30587],[75.58258,13.30464],[75.58362,13.30391],[75.5842,13.30236],[75.58507,13.30177],[75.5865,13.30186],[75.58873,13.29821],[75.59373,13.30329],[75.59764,13.30264],[75.59921,13.30139],[75.5999,13.29724],[75.59945,13.29518],[75.60047,13.29582],[75.60097,13.29514],[75.60688,13.29549],[75.60791,13.29651],[75.61332,13.29577],[75.61392,13.29589],[75.61462,13.29698],[75.61449,13.29818],[75.61593,13.30069],[75.61554,13.30073],[75.61565,13.30115],[75.61902,13.30325],[75.62306,13.30402],[75.62529,13.30792],[75.62857,13.30417],[75.62985,13.3018],[75.63024,13.30217],[75.63039,13.30161],[75.63254,13.3008],[75.63326,13.30146],[75.63445,13.30172],[75.63493,13.30139],[75.63614,13.30206],[75.63838,13.29917],[75.64154,13.30022],[75.64521,13.30286],[75.65061,13.30998],[75.65368,13.31012],[75.65267,13.31569],[75.66999,13.30811],[75.67547,13.30732],[75.67919,13.30864],[75.68166,13.30733],[75.68278,13.30739],[75.68357,13.30643],[75.68404,13.30681],[75.68432,13.3086],[75.6848,13.30927],[75.68566,13.30922],[75.68598,13.30984],[75.68585,13.31134],[75.68632,13.31205],[75.6859,13.31301],[75.68668,13.31375],[75.68792,13.31362],[75.68939,13.31469],[75.68742,13.31614],[75.68807,13.31751],[75.6884,13.32048],[75.68947,13.32052],[75.69101,13.32033],[75.69168,13.31951],[75.69278,13.31967],[75.69327,13.31795],[75.69253,13.31751],[75.692,13.31785],[75.69148,13.31669],[75.69222,13.31285],[75.69093,13.31062],[75.69212,13.31013],[75.69239,13.30956],[75.68943,13.30969],[75.68942,13.30921],[75.68881,13.30894],[75.68881,13.30814],[75.68946,13.30782],[75.69001,13.30841],[75.69459,13.30772],[75.69467,13.30835],[75.69546,13.30846],[75.69616,13.30691],[75.69713,13.30755],[75.69709,13.30667],[75.69673,13.30589],[75.69503,13.30578],[75.69287,13.30729],[75.69031,13.30747],[75.69001,13.30657],[75.68942,13.30659],[75.68816,13.30475],[75.69211,13.30473],[75.69246,13.30426],[75.69431,13.30388],[75.69537,13.30269],[75.69615,13.30365],[75.69713,13.30295],[75.70226,13.3047],[75.70373,13.30422],[75.70498,13.30432],[75.70518,13.30478],[75.7061,13.30453],[75.70632,13.30387],[75.70743,13.30389],[75.70653,13.30322],[75.70555,13.30326],[75.70643,13.30235],[75.70775,13.30301],[75.71047,13.30312],[75.71396,13.30251],[75.71363,13.30087],[75.71424,13.30076],[75.7175,13.30139],[75.71807,13.30274],[75.72003,13.30193],[75.72067,13.30077],[75.72032,13.29369],[75.72193,13.29399],[75.72273,13.2906],[75.72123,13.28892],[75.723,13.28082],[75.72606,13.27923],[75.72755,13.27582],[75.72744,13.26993],[75.7282,13.26699],[75.7275,13.26658],[75.73227,13.26172],[75.73439,13.25778],[75.73456,13.25336],[75.73538,13.25317],[75.73608,13.25211],[75.73084,13.24577],[75.7325,13.24113],[75.73238,13.24038],[75.72998,13.24008],[75.73374,13.23149],[75.73563,13.23047],[75.73596,13.23079],[75.73781,13.23028],[75.74202,13.23091],[75.74296,13.22931],[75.74364,13.22332],[75.73956,13.21668],[75.73914,13.2152],[75.73653,13.21689],[75.73526,13.21579],[75.73327,13.21509],[75.73483,13.211],[75.73629,13.21095],[75.73704,13.2103],[75.73957,13.21132],[75.73989,13.20983],[75.7417,13.209],[75.74328,13.20747],[75.73486,13.19458],[75.73379,13.19088],[75.73431,13.19035],[75.73356,13.18965],[75.73335,13.18814],[75.73187,13.18558],[75.73045,13.18432],[75.72965,13.18439],[75.72829,13.18316],[75.72783,13.18326],[75.72814,13.18245],[75.72552,13.182],[75.72386,13.18263],[75.72378,13.18325],[75.72327,13.18282],[75.71444,13.18406],[75.71174,13.18742],[75.712,13.19031],[75.71084,13.19346],[75.70869,13.19472],[75.70114,13.19642],[75.69739,13.19529],[75.6954,13.19272],[75.69024,13.19023],[75.69114,13.18891],[75.69132,13.18718],[75.6935,13.18326],[75.69424,13.18086],[75.69368,13.17981],[75.68991,13.17873],[75.68833,13.17877],[75.67806,13.17471],[75.67273,13.16992],[75.66933,13.16819],[75.66046,13.1692],[75.65547,13.17345],[75.65529,13.16876],[75.65234,13.169],[75.64136,13.16429],[75.63114,13.16717],[75.63122,13.16814],[75.62848,13.17254],[75.62834,13.17696],[75.62641,13.18013],[75.62149,13.17929],[75.6199,13.17702],[75.62141,13.17344],[75.61457,13.17001],[75.61201,13.16948],[75.59942,13.17125],[75.59045,13.16894],[75.59108,13.16571],[75.5834,13.16306],[75.57988,13.16515],[75.58089,13.16773],[75.58082,13.1684],[75.57959,13.16923],[75.5795,13.17039],[75.58504,13.17269],[75.58903,13.18271],[75.58661,13.1869],[75.5737,13.18936],[75.57172,13.19362],[75.57088,13.19436],[75.57094,13.19494],[75.5702,13.19494],[75.57191,13.19787],[75.57236,13.20512],[75.56945,13.20813],[75.57729,13.21464],[75.54093,13.21678],[75.51794,13.2231],[75.51808,13.22666],[75.52306,13.24449],[75.52476,13.24585],[75.52655,13.2445],[75.528,13.2454],[75.53085,13.25312],[75.53203,13.25775],[75.53348,13.26025],[75.53476,13.26468],[75.53634,13.26734],[75.53466,13.27002],[75.54364,13.2785],[75.53479,13.30164],[75.53324,13.30386],[75.53511,13.30496],[75.54694,13.30468],[75.56107,13.29513],[75.56268,13.29788],[75.56053,13.30375],[75.56178,13.31602],[75.56124,13.32638],[75.56204,13.32719],[75.55881,13.33051],[75.56371,13.33813],[75.56654,13.33972],[75.56687,13.33724],[75.57334,13.32796],[75.58544,13.32615],[75.58715,13.32092],[75.59349,13.31497],[75.59081,13.31342],[75.59054,13.31258],[75.58819,13.31028],[75.58718,13.30834]]]}},{"type":"Feature","properties":{"unitId":297,"unitName":"Chickmagalur Rural PS"},"geometry":{"type":"Polygon","coordinates":[[[75.78709,13.51112],[75.79104,13.51109],[75.7976,13.50899],[75.8008,13.50713],[75.81352,13.50534],[75.82451,13.50756],[75.82988,13.51037],[75.83803,13.5006],[75.84225,13.49127],[75.84097,13.49032],[75.8405,13.48834],[75.83987,13.48827],[75.83959,13.48657],[75.83976,13.48599],[75.84028,13.48608],[75.8403,13.48658],[75.84118,13.4865],[75.84132,13.48497],[75.84099,13.48517],[75.84053,13.48432],[75.83999,13.48435],[75.84033,13.48337],[75.84118,13.48305],[75.84208,13.48333],[75.84243,13.48453],[75.84284,13.48369],[75.84247,13.48137],[75.84335,13.47881],[75.84294,13.47723],[75.84976,13.47623],[75.85914,13.47411],[75.86048,13.4684],[75.88941,13.47377],[75.89034,13.47222],[75.89069,13.46873],[75.89032,13.46459],[75.88394,13.45795],[75.8792,13.45509],[75.87696,13.45018],[75.87666,13.44813],[75.87997,13.44561],[75.87911,13.44954],[75.88171,13.4498],[75.88314,13.45245],[75.88754,13.44981],[75.88778,13.44362],[75.88474,13.43693],[75.88769,13.43803],[75.88725,13.43693],[75.88861,13.43174],[75.8922,13.43067],[75.89326,13.43177],[75.89369,13.43139],[75.89353,13.4304],[75.89586,13.43067],[75.89707,13.42874],[75.89899,13.42865],[75.90007,13.42668],[75.90089,13.42689],[75.90484,13.42379],[75.90592,13.42112],[75.90396,13.41894],[75.90391,13.41728],[75.90857,13.41805],[75.90889,13.42026],[75.90819,13.42032],[75.90795,13.42145],[75.90699,13.42146],[75.90659,13.42238],[75.90708,13.42351],[75.90683,13.4247],[75.90482,13.42486],[75.90473,13.42558],[75.9061,13.42636],[75.90565,13.42734],[75.90431,13.42726],[75.904,13.42819],[75.90279,13.42723],[75.90256,13.42767],[75.90089,13.42741],[75.90001,13.42878],[75.9003,13.4296],[75.89897,13.43025],[75.8979,13.42978],[75.89635,13.43094],[75.89808,13.43403],[75.89939,13.43345],[75.89944,13.43287],[75.90137,13.43259],[75.90233,13.43261],[75.90274,13.43431],[75.90338,13.43403],[75.90305,13.43296],[75.90449,13.43251],[75.90384,13.43134],[75.90488,13.43075],[75.90481,13.42981],[75.90611,13.42944],[75.9073,13.42805],[75.90875,13.42761],[75.90887,13.42707],[75.91093,13.42739],[75.91049,13.42619],[75.90958,13.42555],[75.91072,13.42046],[75.90885,13.41789],[75.90289,13.41196],[75.89745,13.41327],[75.89407,13.41542],[75.89357,13.41414],[75.88815,13.41456],[75.88762,13.41634],[75.888,13.41843],[75.8848,13.41864],[75.88318,13.42114],[75.88292,13.4238],[75.87947,13.42929],[75.87363,13.42897],[75.86399,13.4351],[75.84937,13.43004],[75.85817,13.42323],[75.85883,13.42104],[75.86233,13.41936],[75.86336,13.41832],[75.86614,13.4178],[75.86623,13.41613],[75.86566,13.41484],[75.8647,13.41427],[75.8648,13.41351],[75.86806,13.41345],[75.86862,13.40934],[75.86824,13.40641],[75.86787,13.40646],[75.86764,13.40556],[75.86664,13.4062],[75.86389,13.40527],[75.8619,13.40079],[75.85955,13.39935],[75.86304,13.39842],[75.8611,13.39444],[75.86008,13.39433],[75.85989,13.39249],[75.85693,13.38542],[75.85194,13.38528],[75.85008,13.38197],[75.84988,13.38074],[75.85058,13.37627],[75.85333,13.37573],[75.85318,13.37475],[75.85369,13.37452],[75.85334,13.37221],[75.85464,13.3721],[75.85638,13.37311],[75.85715,13.37293],[75.85642,13.37269],[75.85628,13.37052],[75.85751,13.37098],[75.85786,13.36991],[75.85737,13.3687],[75.85855,13.36877],[75.85779,13.36806],[75.85798,13.36771],[75.85938,13.36762],[75.86018,13.36811],[75.86266,13.36763],[75.85128,13.36215],[75.84843,13.35966],[75.85169,13.36087],[75.86314,13.3596],[75.86876,13.35501],[75.87549,13.35372],[75.87838,13.35419],[75.8822,13.35696],[75.88492,13.35746],[75.88554,13.35841],[75.88835,13.35954],[75.88869,13.36195],[75.88796,13.36252],[75.88784,13.36393],[75.88929,13.36721],[75.88922,13.36946],[75.89135,13.37119],[75.89118,13.37181],[75.89028,13.37228],[75.89,13.37398],[75.89031,13.37459],[75.89135,13.3746],[75.89231,13.37666],[75.89026,13.37787],[75.8861,13.37683],[75.88385,13.37576],[75.88236,13.37588],[75.88339,13.37911],[75.88425,13.38012],[75.88474,13.3825],[75.88745,13.38177],[75.88879,13.38349],[75.88849,13.38429],[75.88979,13.38461],[75.88974,13.38633],[75.89174,13.38928],[75.89583,13.39139],[75.89908,13.39824],[75.90256,13.40168],[75.90413,13.40243],[75.9039,13.3944],[75.9008,13.37554],[75.90121,13.37516],[75.90464,13.37766],[75.90665,13.378],[75.90777,13.37917],[75.90969,13.37907],[75.91013,13.3799],[75.91181,13.38056],[75.91164,13.38197],[75.91333,13.38287],[75.91658,13.38352],[75.91932,13.38281],[75.92697,13.38258],[75.92696,13.38036],[75.92491,13.3713],[75.92737,13.37102],[75.92729,13.37058],[75.93275,13.37233],[75.93347,13.37114],[75.9331,13.36891],[75.93266,13.36885],[75.93362,13.36715],[75.93198,13.36351],[75.93653,13.36251],[75.93889,13.35229],[75.94415,13.34025],[75.9456,13.339],[75.95216,13.34004],[75.95603,13.34801],[75.9659,13.34278],[75.98345,13.34853],[75.98371,13.34898],[75.98622,13.34915],[75.98469,13.34288],[75.99161,13.33647],[75.99021,13.32915],[75.99727,13.31977],[76.00316,13.31988],[76.00881,13.32177],[76.01363,13.31541],[76.01626,13.3152],[76.02012,13.31559],[76.02235,13.31786],[76.02474,13.31833],[76.02634,13.32102],[76.02708,13.32147],[76.02675,13.32286],[76.02729,13.32486],[76.02705,13.32784],[76.0286,13.33399],[76.03176,13.33368],[76.03132,13.338],[76.03449,13.33738],[76.03291,13.33669],[76.03298,13.33569],[76.03436,13.33297],[76.03192,13.322],[76.0322,13.3212],[76.03678,13.32028],[76.03458,13.31776],[76.03364,13.31345],[76.03319,13.30169],[76.03723,13.30032],[76.03711,13.29556],[76.03726,13.29494],[76.03828,13.29499],[76.03936,13.29382],[76.03864,13.29035],[76.04081,13.28121],[76.04269,13.27981],[76.04236,13.27859],[76.04339,13.27459],[76.04128,13.27022],[76.04149,13.26879],[76.04051,13.26768],[76.04201,13.26659],[76.04195,13.26616],[76.03881,13.26645],[76.03896,13.26563],[76.04018,13.26507],[76.04049,13.26392],[76.0395,13.26261],[76.03812,13.25408],[76.03673,13.25209],[76.03669,13.24951],[76.03276,13.24923],[76.02116,13.25179],[76.01786,13.25002],[76.01757,13.25409],[76.01791,13.25562],[76.01749,13.2577],[76.01474,13.26155],[76.00838,13.26043],[75.998,13.26072],[75.99025,13.25985],[75.98943,13.26025],[75.98862,13.26441],[75.98738,13.26453],[75.98652,13.26405],[75.9856,13.26497],[75.98488,13.265],[75.98511,13.26335],[75.98438,13.2635],[75.98423,13.26547],[75.98481,13.26531],[75.98562,13.2662],[75.98447,13.2662],[75.98499,13.26661],[75.98221,13.26663],[75.98132,13.26543],[75.9776,13.26493],[75.97194,13.26203],[75.96836,13.26234],[75.96476,13.26088],[75.95632,13.26097],[75.95003,13.25967],[75.94121,13.25861],[75.93745,13.25625],[75.91961,13.25706],[75.91772,13.2606],[75.91672,13.26002],[75.91535,13.26167],[75.91259,13.2609],[75.91201,13.26027],[75.91012,13.26081],[75.90706,13.2591],[75.90712,13.25877],[75.90482,13.25797],[75.90026,13.26625],[75.89339,13.26394],[75.89318,13.2646],[75.88736,13.26156],[75.88184,13.25994],[75.87743,13.26064],[75.87515,13.25258],[75.87371,13.25214],[75.87313,13.24987],[75.8719,13.24789],[75.86782,13.24407],[75.86165,13.2405],[75.8609,13.24128],[75.86306,13.24297],[75.86122,13.24329],[75.8599,13.2444],[75.85963,13.24854],[75.86032,13.25356],[75.85559,13.25379],[75.85528,13.25586],[75.85765,13.25684],[75.85768,13.25774],[75.85689,13.25836],[75.85602,13.2579],[75.85526,13.25869],[75.85167,13.25855],[75.85163,13.25714],[75.85043,13.25688],[75.85014,13.25625],[75.84738,13.25659],[75.84725,13.25606],[75.84288,13.25424],[75.84293,13.25276],[75.8403,13.25131],[75.83722,13.25159],[75.83578,13.2522],[75.83578,13.25317],[75.83074,13.25736],[75.82594,13.25313],[75.8242,13.25294],[75.82225,13.25502],[75.82226,13.25576],[75.82093,13.25681],[75.81821,13.25771],[75.81834,13.25926],[75.81612,13.25924],[75.81584,13.25881],[75.81505,13.25908],[75.81345,13.25844],[75.81343,13.26078],[75.80744,13.25883],[75.80869,13.25731],[75.80943,13.25467],[75.80747,13.24975],[75.80759,13.24681],[75.80866,13.24437],[75.80871,13.2426],[75.80945,13.24243],[75.81016,13.23709],[75.81159,13.23348],[75.81295,13.23219],[75.81301,13.23071],[75.81004,13.23115],[75.80975,13.22955],[75.80875,13.229],[75.80984,13.22177],[75.80939,13.22047],[75.80819,13.2194],[75.80569,13.21559],[75.79917,13.21612],[75.79788,13.21586],[75.79761,13.21447],[75.79678,13.21474],[75.79384,13.2137],[75.78968,13.21437],[75.78692,13.21237],[75.77933,13.21],[75.77533,13.21656],[75.7743,13.21592],[75.7741,13.21402],[75.77295,13.21294],[75.77182,13.21274],[75.77025,13.21397],[75.76646,13.21197],[75.76443,13.21476],[75.76193,13.2159],[75.76178,13.21756],[75.75851,13.21817],[75.75776,13.21642],[75.75553,13.21556],[75.753,13.21306],[75.75127,13.20923],[75.75097,13.20721],[75.74996,13.20582],[75.74937,13.20608],[75.74881,13.20507],[75.74818,13.20526],[75.74737,13.20679],[75.7432,13.20733],[75.7417,13.209],[75.73977,13.20996],[75.73957,13.21132],[75.73704,13.2103],[75.73629,13.21095],[75.73483,13.211],[75.73327,13.21509],[75.73526,13.21579],[75.73653,13.21689],[75.73914,13.2152],[75.73956,13.21668],[75.74364,13.22332],[75.74296,13.22931],[75.74202,13.23091],[75.73781,13.23028],[75.73596,13.23079],[75.73563,13.23047],[75.73374,13.23149],[75.72998,13.24008],[75.73238,13.24038],[75.7325,13.24113],[75.73084,13.24577],[75.73608,13.25211],[75.73538,13.25317],[75.73456,13.25336],[75.73439,13.25778],[75.73227,13.26172],[75.7275,13.26658],[75.7282,13.26699],[75.72744,13.26993],[75.72755,13.27582],[75.72606,13.27923],[75.723,13.28082],[75.72123,13.28892],[75.72273,13.2906],[75.72193,13.29399],[75.72032,13.29369],[75.72067,13.30077],[75.72003,13.30193],[75.71859,13.30264],[75.72169,13.3033],[75.72185,13.30411],[75.72081,13.30551],[75.72128,13.30634],[75.72616,13.30688],[75.72425,13.3093],[75.72233,13.30861],[75.72109,13.30906],[75.72182,13.30986],[75.72427,13.31065],[75.72471,13.31204],[75.72312,13.31709],[75.72285,13.32035],[75.72129,13.32393],[75.72146,13.32676],[75.7153,13.32701],[75.71503,13.32965],[75.71719,13.33785],[75.71406,13.33933],[75.71162,13.3415],[75.7101,13.34181],[75.70947,13.3431],[75.7093,13.34507],[75.70861,13.34608],[75.70459,13.34758],[75.70322,13.34717],[75.69737,13.34767],[75.69645,13.34853],[75.69515,13.34816],[75.69465,13.3509],[75.69332,13.35245],[75.6934,13.35341],[75.69206,13.35462],[75.69364,13.35734],[75.69627,13.3574],[75.69743,13.3579],[75.69747,13.35934],[75.69451,13.36234],[75.69428,13.36633],[75.69508,13.37134],[75.69523,13.37925],[75.69595,13.38249],[75.69891,13.38842],[75.69984,13.38903],[75.70097,13.38867],[75.70199,13.38952],[75.702,13.39061],[75.70338,13.3907],[75.70307,13.39222],[75.70186,13.39317],[75.70587,13.39484],[75.71361,13.39177],[75.71568,13.39263],[75.71716,13.39433],[75.71756,13.39727],[75.72485,13.4024],[75.72279,13.40496],[75.71958,13.41056],[75.71987,13.41148],[75.71917,13.41422],[75.72108,13.41937],[75.72218,13.41976],[75.7235,13.42141],[75.72467,13.42737],[75.72401,13.42849],[75.72542,13.43187],[75.72498,13.43213],[75.72685,13.43462],[75.7258,13.43897],[75.72654,13.4405],[75.72946,13.4398],[75.72898,13.44064],[75.72639,13.44109],[75.7279,13.44275],[75.72928,13.44536],[75.73296,13.44839],[75.73233,13.44849],[75.73251,13.44892],[75.73492,13.45036],[75.73588,13.45003],[75.73759,13.45061],[75.7382,13.45188],[75.73786,13.45377],[75.73827,13.45412],[75.73832,13.45554],[75.74045,13.45565],[75.74188,13.4567],[75.74414,13.45675],[75.74601,13.4544],[75.74832,13.45465],[75.74756,13.45542],[75.74743,13.45605],[75.74795,13.45627],[75.74743,13.45666],[75.74662,13.46026],[75.74436,13.46354],[75.74557,13.46351],[75.74795,13.46715],[75.74967,13.46854],[75.75184,13.47454],[75.75815,13.47917],[75.76347,13.48727],[75.77121,13.49356],[75.76656,13.50109],[75.76561,13.50355],[75.77706,13.51603],[75.7802,13.51518],[75.78188,13.5137],[75.78709,13.51112]],[[75.754,13.36069],[75.75365,13.3601],[75.75177,13.35963],[75.7521,13.35925],[75.75176,13.35639],[75.75033,13.35358],[75.75054,13.35281],[75.7515,13.35223],[75.751,13.34989],[75.75144,13.34854],[75.75118,13.34791],[75.74939,13.34808],[75.74839,13.34869],[75.74799,13.34871],[75.74805,13.34821],[75.74915,13.34493],[75.75165,13.34103],[75.75242,13.33824],[75.75426,13.33457],[75.75447,13.33022],[75.75498,13.32965],[75.75656,13.32275],[75.75942,13.31772],[75.75945,13.31692],[75.76027,13.31611],[75.76006,13.31505],[75.76146,13.31234],[75.76202,13.31266],[75.7653,13.31152],[75.76566,13.31049],[75.76746,13.30917],[75.76771,13.30833],[75.76719,13.30634],[75.76845,13.30579],[75.76771,13.30512],[75.76868,13.30471],[75.76998,13.30321],[75.77023,13.30161],[75.77196,13.30012],[75.77299,13.29991],[75.7739,13.29802],[75.7759,13.29761],[75.77715,13.2967],[75.77735,13.29593],[75.77832,13.29682],[75.77997,13.29533],[75.78055,13.29588],[75.7809,13.2952],[75.78057,13.29341],[75.78215,13.29381],[75.78245,13.29342],[75.78338,13.29357],[75.78353,13.29272],[75.78514,13.29287],[75.78545,13.29154],[75.78623,13.29125],[75.78717,13.29172],[75.78803,13.29059],[75.78952,13.29057],[75.79037,13.29169],[75.79143,13.29064],[75.7926,13.29112],[75.79457,13.29001],[75.79645,13.29017],[75.79768,13.28739],[75.80378,13.28781],[75.8049,13.29001],[75.80501,13.29191],[75.80423,13.2924],[75.80381,13.29475],[75.80408,13.29652],[75.8049,13.29662],[75.80587,13.29781],[75.80565,13.29923],[75.80807,13.30055],[75.80832,13.30187],[75.80915,13.3023],[75.80791,13.30396],[75.8106,13.30463],[75.80664,13.30663],[75.80868,13.30986],[75.80857,13.3125],[75.80976,13.31998],[75.81146,13.32],[75.81165,13.32077],[75.8121,13.32428],[75.81144,13.32486],[75.81087,13.32697],[75.81404,13.3294],[75.8208,13.33626],[75.81812,13.33868],[75.81615,13.34155],[75.80688,13.34612],[75.80233,13.34702],[75.80127,13.35113],[75.79461,13.35435],[75.79201,13.35007],[75.7908,13.35063],[75.79075,13.35298],[75.78707,13.35627],[75.78365,13.3603],[75.78066,13.36036],[75.78004,13.36114],[75.78011,13.36195],[75.77887,13.36265],[75.7776,13.36279],[75.77608,13.3594],[75.7735,13.34819],[75.7712,13.34831],[75.77005,13.34945],[75.7708,13.35597],[75.76919,13.35815],[75.77037,13.35953],[75.77109,13.36173],[75.77063,13.36098],[75.76931,13.36033],[75.76947,13.35951],[75.7686,13.35893],[75.76846,13.35759],[75.76767,13.35751],[75.76799,13.35877],[75.76728,13.35885],[75.76705,13.35756],[75.76602,13.35775],[75.76589,13.35732],[75.76374,13.35655],[75.7633,13.36005],[75.76134,13.36287],[75.76095,13.36454],[75.7641,13.36734],[75.76525,13.37709],[75.75663,13.37419],[75.75463,13.36163],[75.754,13.36069]],[[75.76568,13.28606],[75.76604,13.29255],[75.76535,13.29267],[75.76629,13.29478],[75.76603,13.29542],[75.7669,13.29553],[75.76701,13.29669],[75.76642,13.29711],[75.7678,13.30041],[75.76539,13.29903],[75.76125,13.30009],[75.76065,13.30124],[75.76013,13.30019],[75.759,13.30033],[75.75896,13.30084],[75.75825,13.30078],[75.75824,13.30118],[75.75725,13.30119],[75.75624,13.2998],[75.75492,13.29962],[75.75461,13.29841],[75.75591,13.29792],[75.75535,13.2953],[75.757,13.2947],[75.75707,13.28269],[75.75779,13.27961],[75.76456,13.27995],[75.7662,13.27958],[75.76568,13.28606]],[[75.90692,13.41645],[75.90813,13.41742],[75.90641,13.41759],[75.90624,13.41657],[75.90692,13.41645]]]}},{"type":"Feature","properties":{"unitId":298,"unitName":"Mallanduru PS"},"geometry":{"type":"Polygon","coordinates":[[[75.69703,13.5635],[75.69701,13.56309],[75.70183,13.56382],[75.70773,13.56527],[75.72129,13.56589],[75.72341,13.56385],[75.72597,13.56371],[75.72411,13.56142],[75.72551,13.55957],[75.72902,13.55774],[75.73058,13.55984],[75.7369,13.5567],[75.74333,13.54971],[75.75036,13.53391],[75.75769,13.53302],[75.76143,13.53347],[75.76991,13.52532],[75.77157,13.51753],[75.77567,13.51597],[75.77706,13.51603],[75.76561,13.50355],[75.76656,13.50109],[75.77121,13.49356],[75.76347,13.48727],[75.75815,13.47917],[75.75184,13.47454],[75.74967,13.46854],[75.74795,13.46715],[75.74557,13.46351],[75.74436,13.46354],[75.74662,13.46026],[75.74743,13.45666],[75.74795,13.45627],[75.74743,13.45605],[75.74756,13.45542],[75.74832,13.45465],[75.74601,13.4544],[75.74414,13.45675],[75.74188,13.4567],[75.74045,13.45565],[75.73832,13.45554],[75.73827,13.45412],[75.73786,13.45377],[75.7382,13.45188],[75.73759,13.45061],[75.73588,13.45003],[75.73492,13.45036],[75.73251,13.44892],[75.73233,13.44849],[75.73296,13.44839],[75.72928,13.44536],[75.7279,13.44275],[75.72639,13.44109],[75.72898,13.44064],[75.72946,13.4398],[75.72654,13.4405],[75.7258,13.43897],[75.72685,13.43462],[75.72498,13.43213],[75.72542,13.43187],[75.72401,13.42849],[75.72467,13.42737],[75.7235,13.42141],[75.72218,13.41976],[75.72108,13.41937],[75.71917,13.41422],[75.71987,13.41148],[75.71958,13.41056],[75.72279,13.40496],[75.72485,13.4024],[75.71756,13.39727],[75.71716,13.39433],[75.71568,13.39263],[75.71361,13.39177],[75.70587,13.39484],[75.70186,13.39317],[75.70307,13.39222],[75.70338,13.3907],[75.702,13.39061],[75.70199,13.38952],[75.70097,13.38867],[75.69984,13.38903],[75.69891,13.38842],[75.69595,13.38249],[75.69523,13.37925],[75.69508,13.37134],[75.69428,13.36633],[75.69451,13.36234],[75.69747,13.35934],[75.69741,13.35776],[75.69364,13.35734],[75.69206,13.35462],[75.6934,13.35341],[75.69332,13.35245],[75.69465,13.3509],[75.69515,13.34816],[75.69645,13.34853],[75.69737,13.34767],[75.70322,13.34717],[75.70459,13.34758],[75.70861,13.34608],[75.7093,13.34507],[75.70947,13.3431],[75.7101,13.34181],[75.71162,13.3415],[75.71406,13.33933],[75.71719,13.33785],[75.71503,13.32965],[75.7153,13.32701],[75.72146,13.32676],[75.72129,13.32393],[75.72285,13.32035],[75.72312,13.31709],[75.72471,13.31204],[75.72427,13.31065],[75.72182,13.30986],[75.72109,13.30906],[75.72233,13.30861],[75.72425,13.3093],[75.72616,13.30688],[75.72128,13.30634],[75.72081,13.30551],[75.72185,13.30411],[75.72169,13.3033],[75.71807,13.30274],[75.7175,13.30139],[75.71514,13.30075],[75.71363,13.30087],[75.71396,13.30251],[75.71047,13.30312],[75.70775,13.30301],[75.70643,13.30235],[75.70555,13.30326],[75.70653,13.30322],[75.70743,13.30389],[75.70632,13.30387],[75.7061,13.30453],[75.70518,13.30478],[75.70498,13.30432],[75.70373,13.30422],[75.70226,13.3047],[75.69713,13.30295],[75.69615,13.30365],[75.69537,13.30269],[75.69431,13.30388],[75.69246,13.30426],[75.69211,13.30473],[75.68816,13.30475],[75.68942,13.30659],[75.69001,13.30657],[75.69031,13.30747],[75.69287,13.30729],[75.69503,13.30578],[75.69673,13.30589],[75.69713,13.30755],[75.69616,13.30691],[75.69546,13.30846],[75.69467,13.30835],[75.69459,13.30772],[75.69001,13.30841],[75.68946,13.30782],[75.68881,13.30814],[75.68881,13.30894],[75.68942,13.30921],[75.68943,13.30969],[75.69239,13.30956],[75.69212,13.31013],[75.69093,13.31062],[75.69222,13.31285],[75.69148,13.31669],[75.692,13.31785],[75.69253,13.31751],[75.69327,13.31795],[75.69278,13.31967],[75.69201,13.31944],[75.69101,13.32033],[75.6884,13.32048],[75.68807,13.31751],[75.68742,13.31614],[75.68939,13.31469],[75.68792,13.31362],[75.68668,13.31375],[75.6859,13.31301],[75.68632,13.31205],[75.68585,13.31134],[75.68598,13.30984],[75.68566,13.30922],[75.6848,13.30927],[75.68432,13.3086],[75.68404,13.30681],[75.68357,13.30643],[75.68278,13.30739],[75.68166,13.30733],[75.67919,13.30864],[75.67547,13.30732],[75.66999,13.30811],[75.65267,13.31569],[75.65368,13.31012],[75.65061,13.30998],[75.64521,13.30286],[75.64154,13.30022],[75.63838,13.29917],[75.63614,13.30206],[75.63493,13.30139],[75.63445,13.30172],[75.63326,13.30146],[75.63254,13.3008],[75.63039,13.30161],[75.63024,13.30217],[75.62985,13.3018],[75.62857,13.30417],[75.62529,13.30792],[75.62306,13.30402],[75.61902,13.30325],[75.61565,13.30115],[75.61554,13.30073],[75.61593,13.30069],[75.61464,13.2986],[75.61462,13.29698],[75.61392,13.29589],[75.60791,13.29651],[75.60688,13.29549],[75.60097,13.29514],[75.60047,13.29582],[75.59945,13.29518],[75.5999,13.29724],[75.59921,13.30139],[75.59764,13.30264],[75.59373,13.30329],[75.58873,13.29821],[75.5865,13.30186],[75.58507,13.30177],[75.5842,13.30236],[75.58362,13.30391],[75.58258,13.30464],[75.58424,13.30587],[75.58475,13.30711],[75.58595,13.30689],[75.58664,13.30812],[75.58755,13.30854],[75.58819,13.31028],[75.59054,13.31258],[75.59081,13.31342],[75.59349,13.31497],[75.58715,13.32092],[75.58544,13.32615],[75.57334,13.32796],[75.56687,13.33724],[75.56604,13.342],[75.56808,13.35],[75.57048,13.34921],[75.57191,13.34934],[75.57399,13.35109],[75.57424,13.35088],[75.5742,13.3514],[75.57659,13.35431],[75.58672,13.35914],[75.5962,13.36848],[75.59954,13.3833],[75.6004,13.38387],[75.59896,13.39982],[75.59607,13.40419],[75.59436,13.41446],[75.5924,13.41625],[75.58947,13.42047],[75.5871,13.42261],[75.58547,13.42212],[75.58148,13.42813],[75.57908,13.44129],[75.57334,13.44409],[75.57113,13.44726],[75.56659,13.44975],[75.56344,13.44896],[75.56135,13.45219],[75.56019,13.45274],[75.55745,13.45549],[75.55857,13.45666],[75.55888,13.45644],[75.56157,13.4598],[75.56709,13.4652],[75.54616,13.47821],[75.54523,13.47996],[75.52933,13.47885],[75.52727,13.47818],[75.52857,13.48059],[75.52875,13.4821],[75.52776,13.48412],[75.52789,13.4881],[75.52878,13.48989],[75.53076,13.49025],[75.53264,13.49656],[75.53465,13.49908],[75.5362,13.50033],[75.53928,13.50104],[75.53984,13.50178],[75.5404,13.50284],[75.54006,13.50429],[75.539,13.50549],[75.53856,13.50705],[75.53904,13.50798],[75.54117,13.50846],[75.54205,13.50929],[75.54281,13.51354],[75.54349,13.51483],[75.54941,13.5187],[75.55073,13.51763],[75.55029,13.5173],[75.55912,13.50584],[75.56898,13.51069],[75.58124,13.50645],[75.5826,13.50461],[75.58733,13.5021],[75.59035,13.512],[75.57942,13.51522],[75.59629,13.53411],[75.59524,13.53735],[75.59977,13.54286],[75.60976,13.54825],[75.62003,13.55177],[75.63349,13.55478],[75.64426,13.55925],[75.65128,13.56019],[75.66065,13.56441],[75.6625,13.56158],[75.66218,13.56144],[75.66355,13.56032],[75.67569,13.56294],[75.68544,13.56726],[75.69627,13.56483],[75.69706,13.56414],[75.69703,13.5635]]]}},{"type":"Feature","properties":{"unitId":299,"unitName":"Basavanahalli PS"},"geometry":{"type":"Polygon","coordinates":[[[75.76312,13.36051],[75.76374,13.35655],[75.76589,13.35732],[75.76602,13.35775],[75.76705,13.35756],[75.76728,13.35885],[75.76799,13.35877],[75.76767,13.35751],[75.76846,13.35759],[75.7686,13.35893],[75.76947,13.35951],[75.76931,13.36033],[75.77063,13.36098],[75.77109,13.36173],[75.77037,13.35953],[75.76919,13.35815],[75.7708,13.35597],[75.77005,13.34945],[75.7712,13.34831],[75.7735,13.34819],[75.77608,13.3594],[75.7776,13.36279],[75.78011,13.36195],[75.78004,13.36114],[75.78066,13.36036],[75.78365,13.3603],[75.78707,13.35627],[75.79075,13.35298],[75.7908,13.35063],[75.79201,13.35007],[75.79461,13.35435],[75.80127,13.35113],[75.80233,13.34702],[75.79793,13.34578],[75.79639,13.34144],[75.79699,13.33875],[75.79664,13.33393],[75.79477,13.32863],[75.78575,13.32795],[75.78538,13.32816],[75.78528,13.32975],[75.78535,13.33183],[75.78584,13.33269],[75.7832,13.3333],[75.78041,13.33296],[75.78038,13.33437],[75.77827,13.33457],[75.77842,13.33157],[75.77718,13.32825],[75.7774,13.3273],[75.77865,13.32728],[75.77974,13.326],[75.77948,13.32326],[75.78028,13.32096],[75.78022,13.31941],[75.78207,13.31852],[75.78249,13.31678],[75.78161,13.31655],[75.781,13.31565],[75.77667,13.31525],[75.77627,13.31574],[75.77512,13.31483],[75.77425,13.31571],[75.7706,13.31616],[75.76973,13.31808],[75.77051,13.31911],[75.77029,13.32129],[75.77082,13.3223],[75.7698,13.32249],[75.76878,13.32352],[75.769,13.32246],[75.76985,13.32165],[75.76835,13.32095],[75.76929,13.31721],[75.76906,13.31612],[75.76851,13.31581],[75.76864,13.31443],[75.76825,13.31388],[75.76863,13.31351],[75.76808,13.31234],[75.76707,13.31219],[75.76567,13.3107],[75.76496,13.31182],[75.76202,13.31266],[75.76146,13.31234],[75.76006,13.31505],[75.76027,13.31611],[75.75945,13.31692],[75.75942,13.31772],[75.75638,13.32334],[75.75498,13.32965],[75.75447,13.33022],[75.75426,13.33457],[75.75242,13.33824],[75.75165,13.34103],[75.74915,13.34493],[75.74799,13.34871],[75.74998,13.34794],[75.75118,13.34791],[75.75144,13.34854],[75.751,13.34989],[75.7515,13.35223],[75.75054,13.35281],[75.75033,13.35358],[75.75176,13.35639],[75.7521,13.35925],[75.75177,13.35963],[75.75365,13.3601],[75.75463,13.36163],[75.75663,13.37419],[75.76525,13.37709],[75.7641,13.36734],[75.76095,13.36454],[75.76134,13.36287],[75.76312,13.36051]]]}},{"type":"Feature","properties":{"unitId":300,"unitName":"Chickmagalur Town PS"},"geometry":{"type":"MultiPolygon","coordinates":[[[[75.81293,13.32858],[75.81087,13.32697],[75.81144,13.32486],[75.8121,13.32428],[75.81165,13.32077],[75.81146,13.32],[75.80976,13.31998],[75.80857,13.3125],[75.80868,13.30986],[75.80664,13.30663],[75.8106,13.30463],[75.80791,13.30396],[75.80915,13.3023],[75.80832,13.30187],[75.80807,13.30055],[75.80565,13.29923],[75.80587,13.29781],[75.8049,13.29662],[75.80408,13.29652],[75.80381,13.29475],[75.80423,13.2924],[75.80501,13.29191],[75.8049,13.29001],[75.80378,13.28781],[75.79768,13.28739],[75.79645,13.29017],[75.79457,13.29001],[75.7926,13.29112],[75.79143,13.29064],[75.79037,13.29169],[75.78952,13.29057],[75.78803,13.29059],[75.78717,13.29172],[75.78623,13.29125],[75.78545,13.29154],[75.78514,13.29287],[75.78353,13.29272],[75.78338,13.29357],[75.78245,13.29342],[75.78215,13.29381],[75.78066,13.29336],[75.7809,13.2952],[75.78055,13.29588],[75.77997,13.29533],[75.77832,13.29682],[75.77735,13.29593],[75.77715,13.2967],[75.7759,13.29761],[75.7739,13.29802],[75.77299,13.29991],[75.7708,13.30101],[75.76997,13.30198],[75.76998,13.30321],[75.76868,13.30471],[75.76771,13.30512],[75.76845,13.30579],[75.76719,13.30634],[75.76771,13.30833],[75.76746,13.30917],[75.76567,13.3107],[75.76707,13.31219],[75.76808,13.31234],[75.76863,13.31351],[75.76825,13.31388],[75.76864,13.31443],[75.76851,13.31581],[75.76906,13.31612],[75.76929,13.31721],[75.76835,13.32095],[75.76985,13.32165],[75.769,13.32246],[75.76878,13.32352],[75.7698,13.32249],[75.77082,13.3223],[75.77029,13.32129],[75.77051,13.31911],[75.76973,13.31808],[75.7706,13.31616],[75.77425,13.31571],[75.77512,13.31483],[75.77627,13.31574],[75.77667,13.31525],[75.78075,13.31561],[75.78161,13.31655],[75.78221,13.31655],[75.78257,13.31721],[75.7821,13.31754],[75.78245,13.31788],[75.78207,13.31852],[75.78022,13.31941],[75.78028,13.32096],[75.77948,13.32326],[75.77974,13.326],[75.77865,13.32728],[75.77765,13.32705],[75.77718,13.32825],[75.77842,13.33157],[75.77827,13.33457],[75.78038,13.33437],[75.78041,13.33296],[75.7832,13.3333],[75.78584,13.33269],[75.78535,13.33183],[75.78528,13.32975],[75.78538,13.32816],[75.78575,13.32795],[75.79477,13.32863],[75.79664,13.33393],[75.79699,13.33875],[75.79639,13.34144],[75.79793,13.34578],[75.80215,13.34706],[75.80688,13.34612],[75.81615,13.34155],[75.81812,13.33868],[75.8208,13.33626],[75.81293,13.32858]]],[[[75.76091,13.3003],[75.76539,13.29903],[75.7678,13.30041],[75.76642,13.29711],[75.76701,13.29669],[75.7669,13.29553],[75.76603,13.29542],[75.76629,13.29478],[75.76535,13.29267],[75.76604,13.29255],[75.7655,13.28768],[75.7662,13.27958],[75.76456,13.27995],[75.75779,13.27961],[75.75753,13.28051],[75.757,13.28411],[75.757,13.2947],[75.75535,13.2953],[75.75591,13.29792],[75.75517,13.29802],[75.75466,13.29877],[75.75492,13.29962],[75.75624,13.2998],[75.75725,13.30119],[75.75824,13.30118],[75.75825,13.30078],[75.75896,13.30084],[75.759,13.30033],[75.76013,13.30019],[75.76065,13.30124],[75.76091,13.3003]]]]}},{"type":"Feature","properties":{"unitId":301,"unitName":"Balur PS"},"geometry":{"type":"Polygon","coordinates":[[[75.47795,13.27049],[75.48214,13.27011],[75.49182,13.27071],[75.49324,13.27182],[75.49384,13.27346],[75.4946,13.27337],[75.49568,13.27236],[75.49653,13.26968],[75.49839,13.27002],[75.50384,13.26652],[75.50577,13.26755],[75.5065,13.26729],[75.50667,13.26569],[75.50496,13.26441],[75.50467,13.26351],[75.50749,13.26302],[75.50806,13.26131],[75.50882,13.26089],[75.51298,13.26032],[75.51289,13.25877],[75.51442,13.2579],[75.51585,13.25578],[75.51754,13.2548],[75.51989,13.25543],[75.52112,13.25367],[75.52508,13.25174],[75.52506,13.24949],[75.52321,13.24722],[75.52476,13.24585],[75.52306,13.24449],[75.51808,13.22666],[75.51659,13.20562],[75.51696,13.20559],[75.51746,13.20399],[75.51642,13.20152],[75.51717,13.20038],[75.51655,13.1929],[75.51549,13.18816],[75.51574,13.18403],[75.51924,13.17752],[75.52056,13.1672],[75.52773,13.16565],[75.52654,13.16384],[75.52203,13.15931],[75.52555,13.15521],[75.52567,13.15443],[75.52734,13.15423],[75.53075,13.15082],[75.53033,13.14952],[75.53081,13.1485],[75.53169,13.14931],[75.53209,13.14913],[75.53279,13.14792],[75.53289,13.14697],[75.53223,13.14614],[75.53304,13.14434],[75.53141,13.14347],[75.52952,13.14335],[75.52697,13.14431],[75.52607,13.14278],[75.52571,13.14112],[75.52602,13.14055],[75.5233,13.13784],[75.52371,13.1367],[75.52155,13.13264],[75.51892,13.1308],[75.5073,13.12779],[75.50728,13.1264],[75.50475,13.12255],[75.50158,13.12155],[75.50374,13.1183],[75.49639,13.11656],[75.48664,13.11912],[75.47382,13.09375],[75.47008,13.09841],[75.46853,13.09871],[75.46815,13.09947],[75.46752,13.09964],[75.46699,13.10157],[75.46621,13.10133],[75.46331,13.1031],[75.46285,13.10435],[75.46028,13.1068],[75.45662,13.10772],[75.45611,13.1091],[75.45249,13.10945],[75.44908,13.10834],[75.448,13.10705],[75.44689,13.10677],[75.44603,13.10547],[75.44415,13.10542],[75.44244,13.10798],[75.4432,13.10962],[75.4415,13.11388],[75.43871,13.11572],[75.43333,13.11822],[75.43255,13.11907],[75.43287,13.11998],[75.43228,13.1202],[75.43205,13.11724],[75.4287,13.11486],[75.42675,13.11418],[75.42537,13.11171],[75.42562,13.10968],[75.42386,13.10631],[75.41884,13.10788],[75.41538,13.1062],[75.41245,13.10865],[75.41042,13.11109],[75.40755,13.11165],[75.40802,13.11339],[75.40913,13.11496],[75.40965,13.11499],[75.40984,13.11635],[75.41082,13.11741],[75.41238,13.12482],[75.41081,13.13105],[75.40768,13.13957],[75.40901,13.14267],[75.40899,13.14957],[75.40962,13.15008],[75.40763,13.15247],[75.40812,13.1543],[75.40699,13.15649],[75.40698,13.15808],[75.40292,13.16069],[75.40084,13.16116],[75.40001,13.16341],[75.39911,13.16372],[75.39786,13.16506],[75.39554,13.16548],[75.39494,13.16638],[75.39407,13.16611],[75.3903,13.16918],[75.39006,13.16996],[75.38854,13.17072],[75.38842,13.17209],[75.38753,13.17273],[75.3862,13.17559],[75.38727,13.17631],[75.38999,13.17361],[75.39314,13.17358],[75.40354,13.17159],[75.40703,13.17],[75.40881,13.16746],[75.40973,13.16761],[75.41504,13.16563],[75.41716,13.16583],[75.42067,13.16748],[75.42091,13.16906],[75.4186,13.17257],[75.41777,13.1801],[75.41626,13.18114],[75.41575,13.18248],[75.41417,13.18406],[75.41607,13.1907],[75.41564,13.19124],[75.41781,13.19104],[75.41953,13.18962],[75.42453,13.19106],[75.43246,13.19424],[75.43309,13.19398],[75.43645,13.19525],[75.43649,13.19655],[75.43581,13.19703],[75.43545,13.19853],[75.43671,13.19984],[75.43761,13.20265],[75.43696,13.20404],[75.43713,13.20941],[75.43548,13.21169],[75.43815,13.21434],[75.43836,13.21569],[75.43974,13.2138],[75.44287,13.21113],[75.45267,13.21114],[75.45328,13.2103],[75.45357,13.21085],[75.45503,13.21109],[75.45688,13.20919],[75.46741,13.21346],[75.46531,13.21885],[75.46487,13.22234],[75.46211,13.2475],[75.46284,13.24816],[75.46268,13.25126],[75.46123,13.25284],[75.46046,13.25494],[75.46071,13.25545],[75.46397,13.2555],[75.46531,13.25726],[75.46758,13.25901],[75.46823,13.25895],[75.46871,13.25755],[75.47022,13.25701],[75.47202,13.25795],[75.4728,13.26418],[75.4736,13.26658],[75.47266,13.27167],[75.47297,13.27432],[75.47412,13.27445],[75.47652,13.27337],[75.47795,13.27049]]]}},{"type":"Feature","properties":{"unitId":302,"unitName":"Banakal PS"},"geometry":{"type":"Polygon","coordinates":[[[75.57086,13.19609],[75.5702,13.19494],[75.57094,13.19494],[75.57088,13.19436],[75.57172,13.19362],[75.5737,13.18936],[75.58661,13.1869],[75.58903,13.18271],[75.58504,13.17269],[75.5795,13.17039],[75.57959,13.16923],[75.58082,13.1684],[75.58089,13.16773],[75.57988,13.16515],[75.5834,13.16306],[75.59108,13.16571],[75.59217,13.16241],[75.59242,13.15868],[75.5942,13.15691],[75.59451,13.15531],[75.59727,13.15122],[75.59556,13.14643],[75.59767,13.1473],[75.59778,13.14652],[75.59865,13.14566],[75.59785,13.14488],[75.59858,13.14287],[75.59849,13.14135],[75.5996,13.14109],[75.60137,13.13936],[75.6,13.13703],[75.5978,13.1361],[75.59748,13.13383],[75.60409,13.12785],[75.60551,13.12791],[75.60698,13.12908],[75.60741,13.12793],[75.60765,13.12826],[75.60801,13.12797],[75.60751,13.12667],[75.60883,13.12641],[75.60844,13.12599],[75.60874,13.125],[75.60817,13.1215],[75.60464,13.12074],[75.60406,13.11915],[75.60237,13.11742],[75.60069,13.11792],[75.59984,13.11647],[75.59905,13.117],[75.59719,13.11569],[75.59595,13.11637],[75.59634,13.11499],[75.59581,13.11462],[75.59546,13.11539],[75.59478,13.11504],[75.59458,13.11283],[75.59499,13.11216],[75.59627,13.11206],[75.59574,13.11152],[75.59618,13.10979],[75.59715,13.10936],[75.59766,13.10981],[75.59737,13.10833],[75.59842,13.10785],[75.59784,13.10707],[75.59896,13.10541],[75.59843,13.10484],[75.59868,13.10422],[75.5983,13.1041],[75.5979,13.10484],[75.59683,13.10439],[75.5974,13.10373],[75.59707,13.10313],[75.59861,13.10199],[75.6025,13.10123],[75.60319,13.09943],[75.60388,13.09953],[75.60477,13.09835],[75.60707,13.09818],[75.60738,13.09716],[75.60524,13.09579],[75.6039,13.09355],[75.60157,13.09344],[75.60111,13.09144],[75.60004,13.08962],[75.60017,13.08475],[75.60077,13.08443],[75.5961,13.07861],[75.59594,13.07527],[75.59429,13.07253],[75.5866,13.0705],[75.58679,13.06991],[75.58296,13.07065],[75.58197,13.07205],[75.58095,13.07214],[75.57925,13.07385],[75.57103,13.05982],[75.57059,13.05759],[75.56963,13.05647],[75.56863,13.0534],[75.5678,13.04315],[75.56648,13.0366],[75.56431,13.03616],[75.55767,13.02728],[75.5602,13.02564],[75.55571,13.0172],[75.55224,13.01204],[75.55148,13.01341],[75.55064,13.01357],[75.54947,13.00937],[75.54886,13.00882],[75.54244,13.00555],[75.53162,13.00328],[75.53119,13.00234],[75.52997,13.00214],[75.5327,13.00923],[75.53159,13.01281],[75.531,13.01275],[75.5302,13.01603],[75.53004,13.02306],[75.52958,13.02499],[75.52093,13.02728],[75.52037,13.03036],[75.52292,13.03425],[75.52624,13.03773],[75.52656,13.0404],[75.52593,13.04505],[75.52736,13.04735],[75.52705,13.04922],[75.51496,13.05456],[75.51768,13.05622],[75.51956,13.05837],[75.51875,13.06054],[75.51391,13.06482],[75.51288,13.06491],[75.50785,13.06908],[75.50596,13.07259],[75.5031,13.07508],[75.49187,13.08924],[75.48798,13.09016],[75.48059,13.08424],[75.47911,13.08202],[75.47819,13.0767],[75.4734,13.07851],[75.47152,13.07763],[75.46941,13.07572],[75.46764,13.07815],[75.46667,13.08287],[75.47447,13.09482],[75.47885,13.10425],[75.48664,13.11912],[75.49639,13.11656],[75.50374,13.1183],[75.50158,13.12155],[75.50475,13.12255],[75.50728,13.1264],[75.5073,13.12779],[75.51892,13.1308],[75.52155,13.13264],[75.52371,13.1367],[75.5233,13.13784],[75.52602,13.14055],[75.52571,13.14112],[75.52607,13.14278],[75.52697,13.14431],[75.52952,13.14335],[75.53141,13.14347],[75.53304,13.14434],[75.53223,13.14614],[75.53289,13.14697],[75.53279,13.14792],[75.53209,13.14913],[75.53169,13.14931],[75.53081,13.1485],[75.53033,13.14952],[75.53075,13.15082],[75.52734,13.15423],[75.52567,13.15443],[75.52555,13.15521],[75.52203,13.15931],[75.52654,13.16384],[75.52773,13.16565],[75.52056,13.1672],[75.51924,13.17752],[75.51574,13.18403],[75.51549,13.18816],[75.51655,13.1929],[75.51717,13.20038],[75.51642,13.20152],[75.51746,13.20399],[75.51696,13.20559],[75.51659,13.20562],[75.51794,13.2231],[75.54093,13.21678],[75.57729,13.21464],[75.56945,13.20813],[75.57236,13.20512],[75.57191,13.19787],[75.57086,13.19609]]]}},{"type":"Feature","properties":{"unitId":303,"unitName":"Gonibeedu PS"},"geometry":{"type":"Polygon","coordinates":[[[75.68578,13.13826],[75.69206,13.12737],[75.69635,13.12735],[75.70119,13.12626],[75.71094,13.12724],[75.71,13.12949],[75.71618,13.12938],[75.71904,13.13092],[75.72455,13.13249],[75.72546,13.13062],[75.73067,13.12437],[75.73138,13.12413],[75.73263,13.12461],[75.73629,13.12248],[75.73636,13.12011],[75.73773,13.11516],[75.73817,13.1146],[75.73911,13.11545],[75.74034,13.11356],[75.73927,13.11293],[75.73924,13.11217],[75.7387,13.11229],[75.73898,13.11066],[75.73616,13.11093],[75.73427,13.10986],[75.73392,13.10897],[75.73042,13.10606],[75.72831,13.1051],[75.72736,13.09579],[75.73048,13.08993],[75.73257,13.0892],[75.73503,13.08543],[75.74236,13.07108],[75.74055,13.05962],[75.74196,13.05708],[75.74182,13.05428],[75.73937,13.05088],[75.73923,13.05],[75.73997,13.04868],[75.74007,13.04735],[75.74042,13.04749],[75.74048,13.0451],[75.74197,13.04141],[75.74071,13.04135],[75.74001,13.03644],[75.74052,13.02985],[75.73634,13.0286],[75.73474,13.02737],[75.732,13.02644],[75.73067,13.02525],[75.72762,13.02381],[75.72472,13.02534],[75.72351,13.02819],[75.7238,13.02973],[75.72541,13.03169],[75.72512,13.03196],[75.72498,13.03154],[75.72286,13.031],[75.71687,13.03089],[75.71567,13.03284],[75.71391,13.03389],[75.71205,13.03401],[75.71008,13.03704],[75.70916,13.0371],[75.70614,13.03584],[75.70156,13.03557],[75.69918,13.03585],[75.69675,13.0369],[75.69562,13.04328],[75.6959,13.04601],[75.69548,13.046],[75.69396,13.04471],[75.69125,13.04434],[75.69051,13.04374],[75.69027,13.04055],[75.68853,13.03949],[75.68892,13.03743],[75.68806,13.03682],[75.68896,13.03464],[75.69033,13.03324],[75.68882,13.03357],[75.68824,13.03301],[75.68662,13.03277],[75.68668,13.03218],[75.68604,13.03427],[75.68458,13.03499],[75.6848,13.03567],[75.68376,13.03593],[75.68213,13.03364],[75.6829,13.03252],[75.68266,13.03217],[75.68327,13.0321],[75.68282,13.03125],[75.6812,13.03047],[75.67987,13.03168],[75.67878,13.03183],[75.67386,13.02977],[75.6749,13.02814],[75.67487,13.02495],[75.67441,13.0252],[75.6741,13.02467],[75.67379,13.02526],[75.67395,13.02598],[75.67316,13.02673],[75.67268,13.02972],[75.67057,13.02946],[75.67062,13.03058],[75.66977,13.02996],[75.66681,13.03],[75.6663,13.03125],[75.66568,13.03146],[75.66472,13.03138],[75.6638,13.03005],[75.66211,13.02931],[75.66165,13.02534],[75.65953,13.02486],[75.65908,13.02528],[75.65709,13.02481],[75.6562,13.02927],[75.652,13.02817],[75.65138,13.02719],[75.6499,13.02627],[75.64724,13.02735],[75.62427,13.00172],[75.62456,13.00137],[75.62243,12.99644],[75.61952,12.99105],[75.61543,12.98829],[75.60922,12.98117],[75.60712,12.97431],[75.60586,12.97343],[75.60222,12.96439],[75.60285,12.95766],[75.59513,12.94428],[75.5856,12.94058],[75.58487,12.94096],[75.57817,12.93838],[75.5732,12.93531],[75.57225,12.93409],[75.57134,12.93012],[75.56602,12.92482],[75.55729,12.91324],[75.54636,12.90581],[75.54931,12.90867],[75.55233,12.91346],[75.5522,12.91699],[75.55265,12.91927],[75.55244,12.9227],[75.55153,12.92671],[75.55178,12.93233],[75.55116,12.93621],[75.5518,12.93652],[75.55277,12.9391],[75.55324,12.94258],[75.55268,12.94414],[75.55114,12.94544],[75.55312,12.95014],[75.55145,12.95067],[75.55159,12.95199],[75.5504,12.95221],[75.54802,12.95392],[75.54808,12.95467],[75.54625,12.95571],[75.54606,12.95629],[75.54053,12.95782],[75.5354,12.96023],[75.53347,12.95997],[75.53374,12.96076],[75.53301,12.96223],[75.52839,12.96532],[75.52803,12.96695],[75.52694,12.96764],[75.52638,12.96946],[75.52393,12.97073],[75.52303,12.96982],[75.52318,12.96939],[75.52164,12.96833],[75.51928,12.96999],[75.51865,12.96966],[75.51758,12.97014],[75.50982,12.98065],[75.50619,12.98147],[75.50215,12.98122],[75.52036,12.98599],[75.52107,12.98938],[75.52234,12.99126],[75.52302,12.991],[75.52376,12.99185],[75.52376,12.99278],[75.52783,12.99659],[75.52698,12.99913],[75.52632,12.99927],[75.525,13.00221],[75.5273,13.00172],[75.52751,13.00207],[75.52944,13.00194],[75.53119,13.00234],[75.53162,13.00328],[75.54244,13.00555],[75.54947,13.00937],[75.55064,13.01357],[75.55148,13.01341],[75.55224,13.01204],[75.55571,13.0172],[75.5602,13.02564],[75.55767,13.02728],[75.56431,13.03616],[75.56648,13.0366],[75.5678,13.04315],[75.56863,13.0534],[75.56963,13.05647],[75.57059,13.05759],[75.57103,13.05982],[75.57925,13.07385],[75.58095,13.07214],[75.58197,13.07205],[75.58296,13.07065],[75.58679,13.06991],[75.58652,13.06744],[75.58906,13.06487],[75.58861,13.06344],[75.58936,13.06298],[75.58959,13.05979],[75.59066,13.05967],[75.59063,13.06027],[75.5912,13.06012],[75.59159,13.05741],[75.59292,13.05768],[75.59478,13.05978],[75.59662,13.0596],[75.59754,13.06266],[75.59868,13.06286],[75.60137,13.06571],[75.60263,13.0653],[75.60321,13.06603],[75.60507,13.06511],[75.60706,13.06578],[75.60778,13.06455],[75.60861,13.06514],[75.61183,13.06353],[75.61211,13.06272],[75.61635,13.06197],[75.61707,13.06105],[75.61712,13.05936],[75.61867,13.05795],[75.61857,13.05752],[75.62053,13.05783],[75.6209,13.05925],[75.62173,13.05981],[75.62246,13.06153],[75.62526,13.06193],[75.62495,13.06385],[75.62529,13.06584],[75.62695,13.06654],[75.62696,13.06726],[75.62589,13.06852],[75.62705,13.06974],[75.62693,13.07043],[75.62666,13.07082],[75.62661,13.07049],[75.62478,13.07034],[75.62161,13.07075],[75.62054,13.07009],[75.61905,13.07181],[75.61863,13.07308],[75.61781,13.07343],[75.61766,13.07252],[75.61685,13.07228],[75.61443,13.07277],[75.6095,13.07512],[75.60862,13.07632],[75.60508,13.07276],[75.60197,13.07253],[75.60065,13.07393],[75.59962,13.07388],[75.59744,13.07566],[75.59613,13.07507],[75.5961,13.07861],[75.60077,13.08443],[75.60017,13.08475],[75.60034,13.08837],[75.60543,13.08733],[75.60616,13.08811],[75.60769,13.08847],[75.61065,13.08453],[75.60884,13.08434],[75.60579,13.08302],[75.60571,13.08198],[75.60362,13.08151],[75.60317,13.08047],[75.60432,13.07838],[75.61099,13.07565],[75.61017,13.07686],[75.61055,13.07853],[75.61161,13.07919],[75.61434,13.07901],[75.6144,13.08214],[75.61375,13.08253],[75.61563,13.08245],[75.61724,13.08128],[75.61948,13.08078],[75.62162,13.08263],[75.62592,13.08418],[75.62889,13.08911],[75.63033,13.09001],[75.63264,13.09288],[75.63297,13.09816],[75.6342,13.09887],[75.63829,13.10735],[75.6449,13.10242],[75.64915,13.09816],[75.65462,13.1018],[75.65742,13.10251],[75.65916,13.10365],[75.66005,13.10363],[75.66249,13.10525],[75.67303,13.11724],[75.68029,13.13401],[75.67967,13.13524],[75.67985,13.136],[75.68455,13.13831],[75.68578,13.13826]],[[75.68338,13.12879],[75.68586,13.1294],[75.68779,13.13197],[75.68454,13.13209],[75.68444,13.13453],[75.68291,13.1342],[75.68261,13.13294],[75.68338,13.12879]],[[75.68674,13.126],[75.68711,13.12504],[75.68922,13.12512],[75.69041,13.12556],[75.69037,13.12704],[75.68838,13.12758],[75.68674,13.126]]]}},{"type":"Feature","properties":{"unitId":304,"unitName":"Mudigere PS"},"geometry":{"type":"MultiPolygon","coordinates":[[[[75.71115,13.19277],[75.712,13.19031],[75.71174,13.18742],[75.71444,13.18406],[75.72327,13.18282],[75.72378,13.18325],[75.72386,13.18263],[75.72552,13.182],[75.72814,13.18245],[75.72882,13.1816],[75.72902,13.17696],[75.73,13.17479],[75.7309,13.17039],[75.73054,13.16874],[75.72982,13.16797],[75.72955,13.16518],[75.73029,13.16341],[75.73444,13.15998],[75.7349,13.155],[75.73575,13.15337],[75.73692,13.15298],[75.74021,13.14849],[75.74178,13.14971],[75.74413,13.15001],[75.74447,13.15045],[75.74628,13.14926],[75.74714,13.14762],[75.74932,13.1453],[75.75072,13.14536],[75.75112,13.14587],[75.75163,13.14536],[75.751,13.14331],[75.75313,13.13915],[75.75311,13.13768],[75.7536,13.13707],[75.75032,13.13558],[75.75197,13.13514],[75.75168,13.13323],[75.74689,13.1292],[75.7435,13.12767],[75.73629,13.12248],[75.73263,13.12461],[75.73138,13.12413],[75.73067,13.12437],[75.72546,13.13062],[75.72455,13.13249],[75.71904,13.13092],[75.71618,13.12938],[75.71,13.12949],[75.71094,13.12724],[75.70119,13.12626],[75.69635,13.12735],[75.69206,13.12737],[75.68578,13.13826],[75.68455,13.13831],[75.67985,13.136],[75.67967,13.13524],[75.68029,13.13401],[75.67303,13.11724],[75.66249,13.10525],[75.66005,13.10363],[75.65916,13.10365],[75.65742,13.10251],[75.65462,13.1018],[75.64915,13.09816],[75.6449,13.10242],[75.63841,13.10742],[75.6342,13.09887],[75.63297,13.09816],[75.63264,13.09288],[75.63033,13.09001],[75.62889,13.08911],[75.62592,13.08418],[75.62162,13.08263],[75.61948,13.08078],[75.61724,13.08128],[75.61563,13.08245],[75.61375,13.08253],[75.6144,13.08214],[75.61434,13.07901],[75.61161,13.07919],[75.61055,13.07853],[75.61017,13.07686],[75.61099,13.07565],[75.60432,13.07838],[75.60317,13.08047],[75.60362,13.08151],[75.60561,13.08191],[75.60579,13.08302],[75.60884,13.08434],[75.61065,13.08453],[75.60769,13.08847],[75.60616,13.08811],[75.60543,13.08733],[75.60034,13.08837],[75.60004,13.08962],[75.60111,13.09144],[75.60157,13.09344],[75.6039,13.09355],[75.60524,13.09579],[75.60742,13.09754],[75.60707,13.09818],[75.60477,13.09835],[75.60388,13.09953],[75.60319,13.09943],[75.6025,13.10123],[75.59861,13.10199],[75.59707,13.10313],[75.5974,13.10373],[75.59683,13.10439],[75.5979,13.10484],[75.5983,13.1041],[75.59868,13.10422],[75.59843,13.10484],[75.59896,13.10541],[75.59784,13.10707],[75.59842,13.10785],[75.59737,13.10833],[75.59777,13.10968],[75.59715,13.10936],[75.59618,13.10979],[75.59574,13.11152],[75.59627,13.11206],[75.59462,13.11253],[75.59478,13.11504],[75.59546,13.11539],[75.59581,13.11462],[75.59623,13.11474],[75.59595,13.11637],[75.59719,13.11569],[75.59905,13.117],[75.59984,13.11647],[75.60069,13.11792],[75.60237,13.11742],[75.60406,13.11915],[75.60464,13.12074],[75.60817,13.1215],[75.60874,13.125],[75.60844,13.12599],[75.60883,13.12641],[75.60751,13.12667],[75.60801,13.12797],[75.60765,13.12826],[75.60741,13.12793],[75.60698,13.12908],[75.60551,13.12791],[75.60409,13.12785],[75.59748,13.13383],[75.5978,13.1361],[75.6,13.13703],[75.60137,13.13936],[75.5996,13.14109],[75.59849,13.14135],[75.59858,13.14287],[75.59785,13.14488],[75.59865,13.14566],[75.59778,13.14652],[75.59767,13.1473],[75.59556,13.14643],[75.59727,13.15122],[75.59451,13.15531],[75.5942,13.15691],[75.59242,13.15868],[75.59217,13.16241],[75.59045,13.16894],[75.59942,13.17125],[75.61201,13.16948],[75.61457,13.17001],[75.62141,13.17344],[75.6199,13.17702],[75.62149,13.17929],[75.62641,13.18013],[75.62834,13.17696],[75.62848,13.17254],[75.63122,13.16814],[75.63114,13.16717],[75.64136,13.16429],[75.65234,13.169],[75.65529,13.16876],[75.65547,13.17345],[75.66046,13.1692],[75.66933,13.16819],[75.67273,13.16992],[75.67806,13.17471],[75.68833,13.17877],[75.68991,13.17873],[75.69368,13.17981],[75.69424,13.18086],[75.6935,13.18326],[75.69132,13.18718],[75.69114,13.18891],[75.69024,13.19023],[75.6954,13.19272],[75.69739,13.19529],[75.70114,13.19642],[75.70282,13.19626],[75.70869,13.19472],[75.71084,13.19346],[75.71115,13.19277]]],[[[75.61443,13.07277],[75.61685,13.07228],[75.61766,13.07252],[75.61781,13.07343],[75.61863,13.07308],[75.61905,13.07181],[75.62054,13.07009],[75.62161,13.07075],[75.62478,13.07034],[75.62661,13.07049],[75.62666,13.07082],[75.62693,13.07043],[75.62705,13.06974],[75.62589,13.06852],[75.62696,13.06726],[75.62695,13.06654],[75.62529,13.06584],[75.62495,13.06385],[75.62526,13.06193],[75.62246,13.06153],[75.62173,13.05981],[75.6209,13.05925],[75.62053,13.05783],[75.61857,13.05752],[75.61867,13.05795],[75.61712,13.05936],[75.61707,13.06105],[75.61635,13.06197],[75.61211,13.06272],[75.61183,13.06353],[75.60861,13.06514],[75.60778,13.06455],[75.60706,13.06578],[75.60507,13.06511],[75.60321,13.06603],[75.60263,13.0653],[75.60137,13.06571],[75.59868,13.06286],[75.59754,13.06266],[75.59662,13.0596],[75.59478,13.05978],[75.59292,13.05768],[75.59159,13.05741],[75.5912,13.06012],[75.59063,13.06027],[75.59066,13.05967],[75.58959,13.05979],[75.58936,13.06298],[75.58861,13.06344],[75.58906,13.06487],[75.58652,13.06744],[75.5866,13.0705],[75.59429,13.07253],[75.59594,13.07527],[75.59744,13.07566],[75.59962,13.07388],[75.60065,13.07393],[75.60197,13.07253],[75.60508,13.07276],[75.60862,13.07632],[75.6095,13.07512],[75.61443,13.07277]]],[[[75.68454,13.13213],[75.68779,13.13197],[75.68586,13.1294],[75.68338,13.12879],[75.68261,13.13294],[75.68291,13.1342],[75.68444,13.13453],[75.68454,13.13213]]],[[[75.69036,13.12555],[75.68711,13.12504],[75.68673,13.12603],[75.68838,13.12758],[75.69037,13.12704],[75.69036,13.12555]]]]}},{"type":"Feature","properties":{"unitId":305,"unitName":"Hariharapura PS"},"geometry":{"type":"MultiPolygon","coordinates":[[[[75.22915,13.60383],[75.23072,13.60328],[75.23017,13.60192],[75.23177,13.59994],[75.23601,13.59927],[75.23627,13.59987],[75.23684,13.5998],[75.23688,13.60212],[75.24454,13.60547],[75.2484,13.59647],[75.24914,13.59576],[75.25288,13.59546],[75.25446,13.59401],[75.25434,13.59341],[75.25486,13.59281],[75.25449,13.59052],[75.25481,13.58701],[75.25582,13.5835],[75.25789,13.58323],[75.25798,13.58256],[75.25902,13.58256],[75.26343,13.58555],[75.26438,13.58543],[75.26702,13.58052],[75.26703,13.57667],[75.26849,13.57481],[75.26929,13.57118],[75.27014,13.5704],[75.2712,13.56806],[75.27217,13.5678],[75.27342,13.56601],[75.27596,13.56525],[75.27816,13.56398],[75.27892,13.56578],[75.27836,13.57066],[75.27909,13.57201],[75.2802,13.57275],[75.28043,13.5722],[75.28083,13.57231],[75.28057,13.5732],[75.28281,13.57438],[75.28335,13.57401],[75.2848,13.5752],[75.28696,13.57515],[75.28684,13.5761],[75.28747,13.57636],[75.28828,13.57573],[75.28941,13.57663],[75.28938,13.57747],[75.28984,13.57729],[75.29111,13.57903],[75.29506,13.58528],[75.2978,13.58328],[75.2977,13.58379],[75.30436,13.58436],[75.30611,13.58208],[75.30573,13.57955],[75.30881,13.57818],[75.31047,13.57896],[75.31904,13.57012],[75.31893,13.56804],[75.3147,13.55757],[75.31644,13.55443],[75.31613,13.55267],[75.31699,13.55249],[75.31886,13.55096],[75.3218,13.5519],[75.32547,13.54976],[75.32775,13.54906],[75.33244,13.54935],[75.3353,13.53731],[75.34247,13.5376],[75.34602,13.537],[75.35291,13.53175],[75.35388,13.52948],[75.35455,13.52933],[75.3554,13.5267],[75.35632,13.52722],[75.3539,13.5238],[75.35193,13.52329],[75.35529,13.51842],[75.35451,13.51552],[75.3555,13.51472],[75.35458,13.51318],[75.3539,13.51287],[75.34795,13.5143],[75.34711,13.51379],[75.34679,13.51224],[75.35376,13.51181],[75.34773,13.49872],[75.34626,13.49792],[75.33469,13.49831],[75.33242,13.503],[75.32972,13.50439],[75.32885,13.50334],[75.3255,13.50174],[75.32599,13.50149],[75.32509,13.49775],[75.32465,13.4983],[75.32281,13.49875],[75.32281,13.5002],[75.32432,13.50424],[75.32343,13.50674],[75.32252,13.50761],[75.31876,13.5072],[75.31755,13.50469],[75.31482,13.50199],[75.31347,13.50207],[75.31168,13.50483],[75.31107,13.50447],[75.31367,13.50114],[75.31255,13.49936],[75.31231,13.49768],[75.31604,13.49452],[75.31903,13.49484],[75.32085,13.49363],[75.32126,13.49244],[75.32098,13.49146],[75.31912,13.48879],[75.31909,13.48782],[75.32033,13.48569],[75.32237,13.48637],[75.32417,13.48582],[75.32689,13.483],[75.32757,13.48117],[75.33012,13.47868],[75.33028,13.47762],[75.32885,13.4756],[75.32952,13.47308],[75.33143,13.47164],[75.3315,13.4706],[75.33034,13.46946],[75.32859,13.46912],[75.32617,13.46948],[75.32143,13.46703],[75.31763,13.4642],[75.31441,13.46583],[75.31319,13.46592],[75.31169,13.46524],[75.3117,13.4663],[75.30842,13.46762],[75.30732,13.46588],[75.30624,13.4662],[75.30676,13.46658],[75.30598,13.46676],[75.30574,13.46618],[75.30889,13.46332],[75.3089,13.46211],[75.30786,13.46329],[75.30818,13.46329],[75.30796,13.46375],[75.30661,13.46415],[75.30622,13.46404],[75.30744,13.46342],[75.30549,13.46219],[75.30301,13.46391],[75.29642,13.46203],[75.29582,13.46571],[75.29425,13.46841],[75.28964,13.47082],[75.29128,13.47207],[75.28911,13.4726],[75.28777,13.47893],[75.28284,13.47799],[75.28223,13.48039],[75.28341,13.4795],[75.28419,13.48025],[75.28415,13.48288],[75.28086,13.4831],[75.2799,13.48448],[75.27635,13.48424],[75.27411,13.48612],[75.27354,13.4848],[75.27275,13.48499],[75.27127,13.48316],[75.26998,13.48343],[75.26872,13.48221],[75.26456,13.4822],[75.26407,13.47962],[75.26239,13.47929],[75.26332,13.47364],[75.26207,13.47068],[75.26058,13.46947],[75.2603,13.46871],[75.25521,13.46936],[75.25222,13.47319],[75.25221,13.47467],[75.24862,13.47425],[75.24799,13.47346],[75.24219,13.47491],[75.24112,13.47415],[75.23714,13.47478],[75.23398,13.47696],[75.22925,13.4862],[75.23106,13.4983],[75.21978,13.50207],[75.21858,13.49911],[75.21684,13.49787],[75.21424,13.49812],[75.21304,13.49333],[75.21226,13.49434],[75.21133,13.49573],[75.21373,13.50337],[75.2153,13.5051],[75.21198,13.50769],[75.20806,13.50631],[75.20863,13.506],[75.20953,13.50677],[75.21142,13.50691],[75.2115,13.50607],[75.21245,13.50489],[75.20991,13.50543],[75.20954,13.5051],[75.21,13.50406],[75.20974,13.50353],[75.21031,13.50326],[75.21062,13.50232],[75.2104,13.50146],[75.20777,13.50134],[75.20659,13.50349],[75.20676,13.50392],[75.20289,13.50912],[75.20561,13.51526],[75.21053,13.51632],[75.21083,13.51829],[75.20748,13.5189],[75.20349,13.51759],[75.20341,13.51879],[75.20484,13.52056],[75.20602,13.52078],[75.20695,13.52471],[75.21004,13.52596],[75.2181,13.52576],[75.21884,13.52397],[75.22294,13.52532],[75.22264,13.52549],[75.2248,13.52819],[75.22315,13.5304],[75.22143,13.53163],[75.22077,13.53427],[75.22176,13.54099],[75.22365,13.54826],[75.22098,13.54847],[75.21818,13.55127],[75.21886,13.55391],[75.21994,13.55525],[75.21945,13.55587],[75.21707,13.55566],[75.21554,13.55636],[75.216,13.55829],[75.22116,13.55852],[75.22195,13.55945],[75.22214,13.56255],[75.22529,13.56491],[75.22612,13.56822],[75.22315,13.56953],[75.2181,13.5748],[75.21241,13.57729],[75.21181,13.585],[75.21574,13.58997],[75.2188,13.59204],[75.22054,13.5944],[75.22088,13.59559],[75.22264,13.59648],[75.22094,13.60385],[75.22377,13.60435],[75.22568,13.60593],[75.22941,13.60429],[75.22915,13.60383]]],[[[75.30862,13.46435],[75.30877,13.46386],[75.30787,13.46416],[75.30862,13.46435]]],[[[75.30778,13.46549],[75.30798,13.46496],[75.30739,13.46492],[75.30731,13.46535],[75.30778,13.46549]]],[[[75.30948,13.46632],[75.30909,13.46657],[75.30973,13.46683],[75.30948,13.46632]]]]}},{"type":"Feature","properties":{"unitId":306,"unitName":"Jayapura PS"},"geometry":{"type":"MultiPolygon","coordinates":[[[[75.40336,13.48671],[75.40341,13.48639],[75.40527,13.48713],[75.40583,13.4865],[75.40567,13.48583],[75.40905,13.48386],[75.40936,13.48018],[75.40774,13.47122],[75.40421,13.459],[75.4033,13.45156],[75.40204,13.44974],[75.40165,13.44717],[75.40164,13.43695],[75.40041,13.4309],[75.40525,13.42972],[75.40493,13.41258],[75.40594,13.40256],[75.41005,13.39463],[75.41125,13.39466],[75.41243,13.3931],[75.41257,13.38215],[75.40982,13.37998],[75.41114,13.37931],[75.40928,13.37782],[75.40909,13.37695],[75.3996,13.36984],[75.39773,13.36994],[75.39663,13.37126],[75.39565,13.37108],[75.39464,13.36994],[75.39328,13.36693],[75.39384,13.36405],[75.39881,13.36503],[75.39897,13.36321],[75.39823,13.36223],[75.3976,13.36217],[75.39758,13.3614],[75.39672,13.36151],[75.39655,13.3606],[75.39478,13.36041],[75.39409,13.361],[75.37861,13.36476],[75.3731,13.35114],[75.37183,13.3363],[75.37397,13.32985],[75.37412,13.32813],[75.37625,13.32533],[75.38296,13.32696],[75.38546,13.32831],[75.39013,13.32695],[75.39262,13.32214],[75.39754,13.31519],[75.39469,13.30505],[75.39736,13.30259],[75.39589,13.30188],[75.39494,13.3018],[75.39476,13.30216],[75.39259,13.3017],[75.39133,13.29995],[75.3876,13.29867],[75.37851,13.29915],[75.37673,13.29242],[75.37132,13.28964],[75.3646,13.29054],[75.36462,13.28994],[75.36329,13.2901],[75.36331,13.29076],[75.36178,13.2881],[75.35739,13.29427],[75.35124,13.29781],[75.34716,13.29725],[75.34341,13.29365],[75.33765,13.29508],[75.33218,13.2867],[75.31602,13.29376],[75.31294,13.28912],[75.30796,13.28453],[75.30438,13.28368],[75.29944,13.2835],[75.29636,13.28415],[75.29056,13.28663],[75.2841,13.29338],[75.26213,13.28899],[75.2572,13.30794],[75.25656,13.30887],[75.26962,13.31658],[75.26956,13.31951],[75.27417,13.33801],[75.28736,13.34283],[75.28914,13.35346],[75.28544,13.36348],[75.29514,13.36458],[75.30212,13.37315],[75.30811,13.3777],[75.31149,13.38181],[75.31538,13.38493],[75.31444,13.40059],[75.31129,13.4095],[75.31739,13.41274],[75.32082,13.41539],[75.32727,13.41519],[75.32611,13.4156],[75.32515,13.41692],[75.32272,13.41725],[75.32371,13.41882],[75.32326,13.41969],[75.32388,13.42003],[75.32329,13.42292],[75.32158,13.42118],[75.32009,13.42108],[75.31924,13.41994],[75.31883,13.42028],[75.31843,13.41869],[75.31661,13.4162],[75.30935,13.41403],[75.30776,13.41645],[75.30593,13.42445],[75.30165,13.42989],[75.30291,13.43034],[75.30561,13.43284],[75.3108,13.43837],[75.31536,13.44037],[75.31757,13.43973],[75.31829,13.44078],[75.32065,13.44227],[75.31964,13.45046],[75.31868,13.45266],[75.31501,13.45273],[75.31502,13.45215],[75.31463,13.45214],[75.31488,13.45628],[75.31173,13.45778],[75.31003,13.46209],[75.31051,13.46453],[75.31319,13.46592],[75.31441,13.46583],[75.31763,13.4642],[75.32143,13.46703],[75.32386,13.46813],[75.32449,13.46628],[75.32414,13.46451],[75.325,13.46334],[75.32743,13.46311],[75.32819,13.46152],[75.3294,13.4606],[75.33332,13.46112],[75.33532,13.46039],[75.33643,13.45715],[75.3372,13.45678],[75.33804,13.45681],[75.33874,13.45772],[75.34005,13.45791],[75.34199,13.454],[75.34143,13.45285],[75.33854,13.45042],[75.33875,13.44522],[75.34009,13.44176],[75.34374,13.44283],[75.34452,13.44139],[75.34629,13.44079],[75.34711,13.43836],[75.34648,13.43616],[75.34679,13.43525],[75.34886,13.43473],[75.34929,13.43544],[75.3515,13.43604],[75.3516,13.43672],[75.35116,13.43655],[75.35113,13.43736],[75.35051,13.43797],[75.35149,13.44063],[75.35115,13.44172],[75.35295,13.44233],[75.35377,13.44519],[75.35274,13.44657],[75.35446,13.44739],[75.3518,13.45104],[75.35291,13.45239],[75.35177,13.45292],[75.3527,13.45349],[75.35257,13.45452],[75.35728,13.45706],[75.35969,13.4568],[75.36376,13.45726],[75.37371,13.45908],[75.37406,13.45709],[75.37724,13.45696],[75.37861,13.45403],[75.37948,13.45358],[75.37867,13.45313],[75.38086,13.45134],[75.38131,13.4515],[75.38192,13.4506],[75.37985,13.44961],[75.37948,13.44854],[75.38101,13.44568],[75.38357,13.44579],[75.38319,13.44733],[75.38421,13.45041],[75.3842,13.45408],[75.38472,13.45463],[75.38527,13.46109],[75.38796,13.46238],[75.39041,13.46811],[75.38735,13.46978],[75.3861,13.47111],[75.38778,13.47359],[75.39336,13.47549],[75.39191,13.48271],[75.39206,13.48517],[75.40084,13.4863],[75.4008,13.48736],[75.40298,13.48929],[75.40336,13.48671]]],[[[75.4111,13.35644],[75.41201,13.35591],[75.41225,13.35461],[75.40652,13.35318],[75.40461,13.35358],[75.40675,13.36099],[75.40911,13.36019],[75.4111,13.35644]]],[[[75.34094,13.44415],[75.33975,13.44327],[75.33941,13.44496],[75.33993,13.44533],[75.34064,13.44509],[75.34094,13.44415]]],[[[75.3198,13.41935],[75.32078,13.41951],[75.32057,13.4185],[75.31913,13.41915],[75.31938,13.41973],[75.3198,13.41935]]]]}},{"type":"Feature","properties":{"unitId":307,"unitName":"Koppa PS"},"geometry":{"type":"Polygon","coordinates":[[[75.39419,13.63],[75.39745,13.62918],[75.40761,13.62524],[75.40257,13.61315],[75.40216,13.60504],[75.40603,13.59852],[75.40542,13.5956],[75.40053,13.59265],[75.4005,13.58893],[75.39963,13.58707],[75.39828,13.5808],[75.39715,13.56806],[75.39632,13.56421],[75.39423,13.56024],[75.39553,13.55877],[75.40114,13.55635],[75.40635,13.55591],[75.40518,13.55501],[75.40599,13.55425],[75.40806,13.5538],[75.40706,13.55233],[75.40832,13.55326],[75.40839,13.55282],[75.40879,13.55321],[75.4092,13.5528],[75.40963,13.55392],[75.41168,13.55445],[75.4144,13.55721],[75.41755,13.55735],[75.41977,13.55847],[75.4202,13.55978],[75.41512,13.56519],[75.41504,13.56636],[75.41606,13.5673],[75.42685,13.56228],[75.42725,13.56183],[75.42563,13.55834],[75.42561,13.55671],[75.42473,13.55544],[75.42544,13.55482],[75.42897,13.55418],[75.43428,13.54976],[75.43423,13.54861],[75.43309,13.54615],[75.42808,13.54485],[75.42511,13.54223],[75.42587,13.54024],[75.42418,13.5337],[75.4214,13.52834],[75.41942,13.52253],[75.41917,13.51956],[75.42029,13.51747],[75.41823,13.51357],[75.41747,13.51315],[75.4174,13.51066],[75.41552,13.50433],[75.41444,13.50312],[75.41264,13.49928],[75.41098,13.4913],[75.41174,13.48855],[75.41032,13.48633],[75.41049,13.48415],[75.40905,13.48386],[75.40637,13.48523],[75.40567,13.48583],[75.40583,13.4865],[75.40527,13.48713],[75.40341,13.48639],[75.40298,13.48929],[75.4008,13.48736],[75.40084,13.4863],[75.39206,13.48517],[75.39191,13.48271],[75.39336,13.47549],[75.38778,13.47359],[75.3861,13.47111],[75.38735,13.46978],[75.39041,13.46811],[75.38796,13.46238],[75.38527,13.46109],[75.38472,13.45463],[75.3842,13.45408],[75.38421,13.45041],[75.38319,13.44733],[75.38357,13.44579],[75.38101,13.44568],[75.37948,13.44854],[75.37985,13.44961],[75.38192,13.4506],[75.38131,13.4515],[75.38086,13.45134],[75.37867,13.45313],[75.37948,13.45358],[75.37861,13.45403],[75.37724,13.45696],[75.37406,13.45709],[75.37371,13.45908],[75.36376,13.45726],[75.35969,13.4568],[75.35728,13.45706],[75.35257,13.45452],[75.3527,13.45349],[75.35177,13.45292],[75.35291,13.45239],[75.3518,13.45104],[75.35446,13.44739],[75.35274,13.44657],[75.35377,13.44519],[75.35295,13.44233],[75.35115,13.44172],[75.35149,13.44063],[75.35051,13.43797],[75.35113,13.43736],[75.35116,13.43655],[75.3516,13.43672],[75.3515,13.43604],[75.34929,13.43544],[75.34886,13.43473],[75.34687,13.4351],[75.34648,13.43616],[75.34711,13.43836],[75.34629,13.44079],[75.34452,13.44139],[75.34374,13.44283],[75.34009,13.44176],[75.33875,13.44522],[75.33854,13.45042],[75.34143,13.45285],[75.34199,13.454],[75.34005,13.45791],[75.33874,13.45772],[75.33804,13.45681],[75.3372,13.45678],[75.33643,13.45715],[75.33532,13.46039],[75.33332,13.46112],[75.3294,13.4606],[75.32819,13.46152],[75.32743,13.46311],[75.325,13.46334],[75.32414,13.46451],[75.32449,13.46628],[75.32386,13.46813],[75.32617,13.46948],[75.32859,13.46912],[75.33034,13.46946],[75.3315,13.4706],[75.33143,13.47164],[75.32952,13.47308],[75.32885,13.4756],[75.33028,13.47762],[75.33012,13.47868],[75.32757,13.48117],[75.32689,13.483],[75.32417,13.48582],[75.32237,13.48637],[75.32033,13.48569],[75.31909,13.48782],[75.31912,13.48879],[75.32098,13.49146],[75.32126,13.49244],[75.32085,13.49363],[75.31903,13.49484],[75.31604,13.49452],[75.31231,13.49768],[75.31255,13.49936],[75.31367,13.50114],[75.31107,13.50447],[75.31168,13.50483],[75.31347,13.50207],[75.31482,13.50199],[75.31755,13.50469],[75.31876,13.5072],[75.32252,13.50761],[75.32343,13.50674],[75.32432,13.50424],[75.32281,13.5002],[75.32304,13.49853],[75.32399,13.49853],[75.32531,13.49778],[75.32599,13.50149],[75.3255,13.50174],[75.32885,13.50334],[75.32972,13.50439],[75.33242,13.503],[75.33469,13.49831],[75.34626,13.49792],[75.34773,13.49872],[75.35376,13.51181],[75.34679,13.51224],[75.34711,13.51379],[75.34795,13.5143],[75.3539,13.51287],[75.35458,13.51318],[75.3555,13.51472],[75.35451,13.51552],[75.35529,13.51842],[75.35193,13.52329],[75.3539,13.5238],[75.35632,13.52722],[75.3554,13.5267],[75.35455,13.52933],[75.35388,13.52948],[75.35291,13.53175],[75.34602,13.537],[75.34247,13.5376],[75.3353,13.53731],[75.33244,13.54935],[75.32775,13.54906],[75.32547,13.54976],[75.3218,13.5519],[75.31886,13.55096],[75.31699,13.55249],[75.31613,13.55267],[75.31644,13.55443],[75.3147,13.55757],[75.31893,13.56804],[75.31904,13.57012],[75.31047,13.57896],[75.30881,13.57818],[75.30573,13.57955],[75.30611,13.58208],[75.30436,13.58436],[75.30814,13.58413],[75.31064,13.58789],[75.31444,13.58958],[75.32746,13.59127],[75.32954,13.58576],[75.33107,13.58481],[75.33193,13.58458],[75.34095,13.58577],[75.34385,13.5819],[75.34835,13.58502],[75.3509,13.58583],[75.35129,13.58801],[75.35349,13.59317],[75.37004,13.59615],[75.36474,13.6024],[75.36423,13.60627],[75.36442,13.60691],[75.36687,13.60886],[75.36767,13.61073],[75.36526,13.6193],[75.36697,13.62125],[75.37437,13.62617],[75.3754,13.62194],[75.37966,13.61744],[75.37683,13.61375],[75.38226,13.61358],[75.38517,13.61261],[75.38775,13.61411],[75.38709,13.61727],[75.38869,13.6184],[75.387,13.62048],[75.38724,13.62203],[75.39213,13.62439],[75.39237,13.62826],[75.39291,13.62967],[75.39419,13.63]],[[75.33971,13.44424],[75.33937,13.44417],[75.33975,13.44327],[75.34119,13.44431],[75.33993,13.44533],[75.33941,13.44496],[75.33971,13.44424]]]}},{"type":"Feature","properties":{"unitId":308,"unitName":"Kalasa PS"},"geometry":{"type":"Polygon","coordinates":[[[75.41371,13.32359],[75.4154,13.32376],[75.41946,13.31727],[75.44242,13.29483],[75.45093,13.29227],[75.45521,13.29033],[75.45771,13.26],[75.45727,13.25902],[75.45633,13.25881],[75.45748,13.25629],[75.46046,13.25494],[75.46123,13.25284],[75.46268,13.25126],[75.46284,13.24816],[75.46211,13.2475],[75.46487,13.22234],[75.46531,13.21885],[75.46741,13.21346],[75.45688,13.20919],[75.45503,13.21109],[75.45357,13.21085],[75.45328,13.2103],[75.45267,13.21114],[75.44287,13.21113],[75.43974,13.2138],[75.43836,13.21569],[75.43815,13.21434],[75.43548,13.21169],[75.43713,13.20941],[75.43696,13.20404],[75.43761,13.20265],[75.43671,13.19984],[75.43545,13.19853],[75.43581,13.19703],[75.43649,13.19655],[75.43645,13.19525],[75.43309,13.19398],[75.43246,13.19424],[75.42453,13.19106],[75.41953,13.18962],[75.41781,13.19104],[75.41564,13.19124],[75.41607,13.1907],[75.41417,13.18406],[75.41575,13.18248],[75.41626,13.18114],[75.41777,13.1801],[75.4186,13.17257],[75.42091,13.16906],[75.42067,13.16748],[75.41716,13.16583],[75.41504,13.16563],[75.40973,13.16761],[75.40881,13.16746],[75.40703,13.17],[75.40354,13.17159],[75.39314,13.17358],[75.38999,13.17361],[75.38727,13.17631],[75.3862,13.17559],[75.38425,13.17789],[75.3782,13.18134],[75.37347,13.18247],[75.36728,13.18164],[75.36319,13.18185],[75.35956,13.18503],[75.35623,13.18716],[75.35401,13.18461],[75.34825,13.18299],[75.35135,13.18615],[75.35098,13.18736],[75.35142,13.18768],[75.35317,13.18733],[75.35368,13.1877],[75.35225,13.18972],[75.35099,13.19026],[75.34815,13.19046],[75.34718,13.19148],[75.34329,13.19253],[75.33741,13.20642],[75.32933,13.20949],[75.33495,13.21583],[75.33538,13.21583],[75.33544,13.21683],[75.33641,13.21833],[75.33395,13.21997],[75.33194,13.23403],[75.3287,13.23308],[75.32751,13.2283],[75.32143,13.2236],[75.32109,13.22361],[75.32179,13.22538],[75.32181,13.22853],[75.31993,13.23002],[75.31879,13.22978],[75.31671,13.22866],[75.31582,13.22375],[75.31425,13.22228],[75.31391,13.22229],[75.31364,13.2236],[75.31266,13.22281],[75.31039,13.22406],[75.30961,13.2251],[75.30733,13.22389],[75.30523,13.22346],[75.30337,13.22175],[75.30226,13.21765],[75.30075,13.2166],[75.2964,13.2234],[75.29011,13.22744],[75.2869,13.22856],[75.27693,13.24518],[75.24845,13.27337],[75.26213,13.28899],[75.28218,13.29323],[75.2841,13.29338],[75.29056,13.28663],[75.29636,13.28415],[75.29944,13.2835],[75.30438,13.28368],[75.30796,13.28453],[75.31294,13.28912],[75.31602,13.29376],[75.33218,13.2867],[75.33765,13.29508],[75.34341,13.29365],[75.34716,13.29725],[75.35124,13.29781],[75.35739,13.29427],[75.36178,13.2881],[75.36331,13.29076],[75.36329,13.2901],[75.36462,13.28994],[75.3646,13.29054],[75.37132,13.28964],[75.37673,13.29242],[75.37851,13.29915],[75.3876,13.29867],[75.39133,13.29995],[75.39259,13.3017],[75.39476,13.30216],[75.39494,13.3018],[75.39589,13.30188],[75.39736,13.30259],[75.39469,13.30505],[75.39754,13.31519],[75.39262,13.32214],[75.39637,13.32069],[75.40078,13.32163],[75.40319,13.32042],[75.40527,13.32134],[75.4061,13.31972],[75.40687,13.3206],[75.40719,13.32007],[75.41016,13.32325],[75.41292,13.32464],[75.41371,13.32359]]]}},{"type":"Feature","properties":{"unitId":309,"unitName":"Kuduremukh PS"},"geometry":{"type":"Polygon","coordinates":[[[75.24865,13.27323],[75.27693,13.24518],[75.2869,13.22856],[75.29011,13.22744],[75.2964,13.2234],[75.30075,13.2166],[75.30226,13.21765],[75.30337,13.22175],[75.30523,13.22346],[75.30733,13.22389],[75.30961,13.2251],[75.31039,13.22406],[75.31266,13.22281],[75.31364,13.2236],[75.31391,13.22229],[75.31425,13.22228],[75.31582,13.22375],[75.31671,13.22866],[75.31879,13.22978],[75.31993,13.23002],[75.32181,13.22853],[75.32179,13.22538],[75.32109,13.22361],[75.32143,13.2236],[75.32751,13.2283],[75.3287,13.23308],[75.33194,13.23403],[75.33395,13.21997],[75.33641,13.21833],[75.33544,13.21683],[75.33538,13.21583],[75.33495,13.21583],[75.32933,13.20949],[75.33741,13.20642],[75.34329,13.19253],[75.34718,13.19148],[75.34815,13.19046],[75.35099,13.19026],[75.35225,13.18972],[75.35368,13.1877],[75.35317,13.18733],[75.35142,13.18768],[75.35098,13.18736],[75.35135,13.18615],[75.34596,13.18061],[75.3418,13.17898],[75.33982,13.17926],[75.33834,13.17838],[75.33806,13.17682],[75.3369,13.17638],[75.33695,13.17586],[75.33547,13.1759],[75.33538,13.17627],[75.33543,13.17479],[75.33472,13.17437],[75.33454,13.17308],[75.33368,13.17288],[75.33334,13.17195],[75.33113,13.1705],[75.33051,13.16884],[75.32946,13.16818],[75.32872,13.1641],[75.3266,13.16497],[75.32667,13.16582],[75.32608,13.16617],[75.32528,13.16542],[75.32392,13.16592],[75.32358,13.16416],[75.32168,13.16052],[75.3215,13.15781],[75.31925,13.15393],[75.31785,13.15317],[75.31719,13.15076],[75.31849,13.14867],[75.31824,13.14651],[75.31857,13.14441],[75.31915,13.14402],[75.31815,13.13986],[75.31391,13.13918],[75.31111,13.13817],[75.31048,13.13516],[75.31059,13.12952],[75.30391,13.12577],[75.2997,13.12723],[75.29901,13.12668],[75.29732,13.12721],[75.29448,13.12699],[75.29234,13.12812],[75.29179,13.12914],[75.29034,13.12963],[75.28986,13.12669],[75.28925,13.12656],[75.28864,13.12537],[75.28835,13.12266],[75.28508,13.12276],[75.28325,13.12581],[75.28207,13.12563],[75.28197,13.12418],[75.28093,13.12462],[75.28124,13.12613],[75.28024,13.1257],[75.28005,13.12702],[75.28059,13.12708],[75.27765,13.1319],[75.27559,13.13086],[75.27202,13.12744],[75.27069,13.12583],[75.27078,13.12472],[75.26755,13.12491],[75.26662,13.12406],[75.26462,13.12453],[75.2642,13.12519],[75.263,13.12471],[75.26268,13.12369],[75.26182,13.12372],[75.26156,13.12489],[75.26046,13.12492],[75.25928,13.12661],[75.2551,13.12932],[75.24795,13.13011],[75.24711,13.12854],[75.24376,13.12938],[75.24356,13.13047],[75.24081,13.13401],[75.23985,13.13633],[75.23743,13.13891],[75.2302,13.14047],[75.22794,13.14417],[75.2278,13.14514],[75.22689,13.1447],[75.22671,13.14708],[75.22308,13.14615],[75.22276,13.14725],[75.21963,13.15133],[75.21717,13.15204],[75.21593,13.15461],[75.212,13.15411],[75.20939,13.15128],[75.20759,13.15104],[75.20553,13.15215],[75.20495,13.15464],[75.20666,13.15681],[75.20754,13.16043],[75.20783,13.16902],[75.20643,13.16989],[75.20618,13.1723],[75.20395,13.1763],[75.20115,13.17814],[75.19902,13.17749],[75.19681,13.17804],[75.19532,13.18028],[75.19377,13.18067],[75.19213,13.18018],[75.19114,13.18082],[75.18942,13.18097],[75.18597,13.18313],[75.18481,13.18439],[75.17888,13.18645],[75.17683,13.18906],[75.1768,13.19175],[75.17606,13.19172],[75.17162,13.19609],[75.17001,13.19652],[75.16721,13.19556],[75.16595,13.19598],[75.16496,13.19721],[75.16416,13.20369],[75.16513,13.20502],[75.1663,13.20555],[75.16778,13.20769],[75.16728,13.20933],[75.16591,13.21098],[75.16584,13.21202],[75.16489,13.21278],[75.16421,13.21443],[75.1645,13.21535],[75.16397,13.21566],[75.16289,13.2198],[75.16277,13.22262],[75.1605,13.22768],[75.16053,13.2312],[75.15873,13.23648],[75.15795,13.23718],[75.15839,13.23812],[75.15742,13.24087],[75.15734,13.24296],[75.16175,13.24852],[75.17302,13.25625],[75.17885,13.25968],[75.2127,13.27291],[75.21616,13.27095],[75.22346,13.27127],[75.23208,13.26909],[75.24339,13.27703],[75.24865,13.27323]]]}},{"type":"Feature","properties":{"unitId":310,"unitName":"Balehonnur PS"},"geometry":{"type":"Polygon","coordinates":[[[75.55928,13.45696],[75.55745,13.45549],[75.56019,13.45274],[75.56135,13.45219],[75.56344,13.44896],[75.56659,13.44975],[75.57113,13.44726],[75.57334,13.44409],[75.57908,13.44129],[75.58148,13.42813],[75.58547,13.42212],[75.5871,13.42261],[75.58947,13.42047],[75.5924,13.41625],[75.59436,13.41446],[75.59607,13.40419],[75.59896,13.39982],[75.6004,13.38387],[75.59954,13.3833],[75.5962,13.36848],[75.58672,13.35914],[75.57659,13.35431],[75.5742,13.3514],[75.57424,13.35088],[75.57399,13.35109],[75.57191,13.34934],[75.57048,13.34921],[75.56808,13.35],[75.56626,13.34353],[75.56604,13.342],[75.56654,13.33972],[75.56371,13.33813],[75.55881,13.33051],[75.56204,13.32719],[75.56124,13.32638],[75.56178,13.31602],[75.56053,13.30375],[75.56268,13.29788],[75.56107,13.29513],[75.54694,13.30468],[75.53511,13.30496],[75.53324,13.30386],[75.53479,13.30164],[75.54364,13.2785],[75.53466,13.27002],[75.53634,13.26734],[75.53476,13.26468],[75.53348,13.26025],[75.53203,13.25775],[75.53085,13.25312],[75.528,13.2454],[75.52655,13.2445],[75.52341,13.24679],[75.52346,13.24769],[75.52455,13.24853],[75.52519,13.24982],[75.52508,13.25174],[75.52112,13.25367],[75.51989,13.25543],[75.51754,13.2548],[75.51585,13.25578],[75.51442,13.2579],[75.51289,13.25877],[75.51298,13.26032],[75.50882,13.26089],[75.50806,13.26131],[75.50749,13.26302],[75.50467,13.26351],[75.50496,13.26441],[75.50667,13.26569],[75.5065,13.26729],[75.50577,13.26755],[75.50384,13.26652],[75.49839,13.27002],[75.49653,13.26968],[75.49568,13.27236],[75.4946,13.27337],[75.49384,13.27346],[75.49324,13.27182],[75.49182,13.27071],[75.48005,13.2701],[75.47795,13.27049],[75.47652,13.27337],[75.47412,13.27445],[75.47297,13.27432],[75.47266,13.27167],[75.4736,13.26658],[75.4728,13.26418],[75.47202,13.25795],[75.47022,13.25701],[75.46871,13.25755],[75.46823,13.25895],[75.46758,13.25901],[75.46531,13.25726],[75.46397,13.2555],[75.46071,13.25545],[75.46046,13.25494],[75.4582,13.25582],[75.45748,13.25629],[75.45633,13.25881],[75.45727,13.25902],[75.45771,13.26],[75.45521,13.29033],[75.45093,13.29227],[75.44242,13.29483],[75.41946,13.31727],[75.4154,13.32376],[75.41371,13.32359],[75.41292,13.32464],[75.41016,13.32325],[75.40719,13.32007],[75.40687,13.3206],[75.4061,13.31972],[75.40527,13.32134],[75.40319,13.32042],[75.40078,13.32163],[75.39637,13.32069],[75.39262,13.32214],[75.39013,13.32695],[75.38761,13.32782],[75.38471,13.32819],[75.3849,13.32785],[75.38406,13.32788],[75.38296,13.32696],[75.37625,13.32533],[75.37412,13.32813],[75.37397,13.32985],[75.37183,13.3363],[75.3731,13.35114],[75.37861,13.36476],[75.39409,13.361],[75.39478,13.36041],[75.39655,13.3606],[75.39672,13.36151],[75.39758,13.3614],[75.3976,13.36217],[75.39823,13.36223],[75.39897,13.36321],[75.39881,13.36503],[75.39384,13.36405],[75.39328,13.36693],[75.39464,13.36994],[75.39565,13.37108],[75.39663,13.37126],[75.39773,13.36994],[75.3996,13.36984],[75.40909,13.37695],[75.40928,13.37782],[75.41114,13.37931],[75.40982,13.37998],[75.41257,13.38215],[75.41243,13.3931],[75.41125,13.39466],[75.41005,13.39463],[75.40594,13.40256],[75.40552,13.40579],[75.40493,13.41258],[75.40529,13.43153],[75.40483,13.43381],[75.40353,13.43642],[75.40356,13.44808],[75.40467,13.45016],[75.43913,13.44904],[75.44072,13.47001],[75.44548,13.46392],[75.4512,13.46409],[75.45268,13.45987],[75.45588,13.4463],[75.45965,13.4388],[75.46272,13.43608],[75.46169,13.43321],[75.46415,13.43213],[75.47021,13.43462],[75.47702,13.43579],[75.48043,13.43538],[75.48253,13.43777],[75.4833,13.43772],[75.48844,13.44052],[75.49341,13.43585],[75.49366,13.43344],[75.49418,13.43348],[75.4939,13.43543],[75.49464,13.43485],[75.49805,13.42886],[75.50089,13.43029],[75.49987,13.4317],[75.49951,13.4335],[75.50366,13.43535],[75.50867,13.4357],[75.51091,13.43708],[75.51167,13.43823],[75.51192,13.43933],[75.50997,13.44434],[75.51012,13.44692],[75.51255,13.45103],[75.51553,13.45211],[75.52089,13.45249],[75.52367,13.45373],[75.52458,13.45903],[75.52439,13.46068],[75.52294,13.463],[75.52294,13.46376],[75.52379,13.4655],[75.52876,13.46771],[75.53121,13.46966],[75.53172,13.47148],[75.53117,13.47278],[75.52742,13.47703],[75.52727,13.47818],[75.52933,13.47885],[75.54523,13.47996],[75.54616,13.47821],[75.56709,13.4652],[75.55928,13.45696]],[[75.40634,13.36049],[75.40461,13.35358],[75.40652,13.35318],[75.41225,13.35461],[75.41201,13.35591],[75.41125,13.35603],[75.40911,13.36019],[75.40675,13.36099],[75.40634,13.36049]]]}},{"type":"Feature","properties":{"unitId":311,"unitName":"N.R. Pura PS"},"geometry":{"type":"Polygon","coordinates":[[[75.48886,13.76861],[75.49857,13.75687],[75.50274,13.76261],[75.50699,13.76467],[75.50782,13.76412],[75.50814,13.76461],[75.50858,13.76326],[75.50766,13.76098],[75.50876,13.75989],[75.50872,13.75847],[75.50996,13.75725],[75.51064,13.75556],[75.51353,13.75462],[75.51484,13.7535],[75.51579,13.75354],[75.51623,13.75433],[75.51694,13.75447],[75.51831,13.75374],[75.51813,13.75289],[75.51924,13.75174],[75.522,13.75202],[75.52031,13.743],[75.52528,13.73868],[75.52833,13.73106],[75.54194,13.7245],[75.55332,13.7289],[75.5608,13.72901],[75.56812,13.73447],[75.57014,13.7346],[75.56705,13.74073],[75.56847,13.75196],[75.56792,13.7536],[75.56977,13.75406],[75.57115,13.75618],[75.57269,13.75603],[75.57333,13.75668],[75.57628,13.75622],[75.57903,13.75772],[75.58082,13.75739],[75.5828,13.75774],[75.58537,13.75963],[75.58634,13.75978],[75.58909,13.75911],[75.59296,13.75964],[75.59431,13.76026],[75.59732,13.76037],[75.59928,13.76109],[75.60763,13.76102],[75.60826,13.75957],[75.60941,13.74608],[75.62676,13.73413],[75.62682,13.73321],[75.61686,13.72201],[75.61739,13.71981],[75.62047,13.71321],[75.62024,13.71214],[75.61865,13.70988],[75.6178,13.71057],[75.61249,13.71012],[75.61234,13.70855],[75.61308,13.70288],[75.61501,13.69855],[75.61938,13.69555],[75.62619,13.69256],[75.62864,13.69042],[75.62876,13.68946],[75.62741,13.68944],[75.62736,13.68847],[75.62526,13.68696],[75.62267,13.68633],[75.62037,13.68631],[75.61836,13.68813],[75.61534,13.68831],[75.61276,13.68722],[75.6113,13.68561],[75.60937,13.68492],[75.60615,13.68534],[75.60544,13.68466],[75.6062,13.6843],[75.60502,13.68266],[75.61059,13.67142],[75.60799,13.6667],[75.60539,13.65967],[75.60069,13.65329],[75.599,13.65002],[75.59733,13.64864],[75.58678,13.64543],[75.58733,13.64524],[75.5883,13.64229],[75.58999,13.63966],[75.59384,13.63752],[75.59595,13.63197],[75.59845,13.63064],[75.60327,13.62245],[75.60265,13.61991],[75.60375,13.60771],[75.60177,13.60285],[75.60411,13.59459],[75.60309,13.59389],[75.60189,13.58614],[75.60225,13.58517],[75.60464,13.5855],[75.61336,13.58265],[75.625,13.58306],[75.63977,13.58674],[75.64636,13.59362],[75.65898,13.5945],[75.66925,13.5937],[75.67454,13.59527],[75.67797,13.59743],[75.67999,13.59782],[75.68322,13.59978],[75.68933,13.59885],[75.69084,13.59743],[75.69269,13.59819],[75.69409,13.59757],[75.69841,13.59798],[75.69919,13.59872],[75.70186,13.59843],[75.7037,13.59973],[75.70831,13.60143],[75.71504,13.60961],[75.71792,13.61433],[75.72081,13.61568],[75.72715,13.62112],[75.72951,13.62163],[75.73753,13.62563],[75.74241,13.61689],[75.74582,13.60935],[75.7418,13.60299],[75.73979,13.59463],[75.72982,13.59455],[75.71687,13.59283],[75.70222,13.58627],[75.70232,13.58507],[75.69781,13.57765],[75.69467,13.57691],[75.68697,13.57334],[75.67668,13.57389],[75.67275,13.57502],[75.67415,13.57107],[75.6755,13.56289],[75.66355,13.56032],[75.66218,13.56144],[75.6625,13.56158],[75.66065,13.56441],[75.65128,13.56019],[75.64426,13.55925],[75.63349,13.55478],[75.62003,13.55177],[75.60976,13.54825],[75.59977,13.54286],[75.59524,13.53735],[75.59629,13.53411],[75.57942,13.51522],[75.59035,13.512],[75.58733,13.5021],[75.5826,13.50461],[75.58124,13.50645],[75.56898,13.51069],[75.55912,13.50584],[75.55029,13.5173],[75.55073,13.51763],[75.54941,13.5187],[75.54349,13.51483],[75.54281,13.51354],[75.54205,13.50929],[75.54117,13.50846],[75.53904,13.50798],[75.53856,13.50705],[75.539,13.50549],[75.54006,13.50429],[75.5404,13.50284],[75.53984,13.50178],[75.53928,13.50104],[75.5362,13.50033],[75.53465,13.49908],[75.53264,13.49656],[75.53076,13.49025],[75.52878,13.48989],[75.52789,13.4881],[75.52776,13.48412],[75.52875,13.4821],[75.52857,13.48059],[75.52727,13.47818],[75.52742,13.47703],[75.53117,13.47278],[75.53172,13.47148],[75.53121,13.46966],[75.52876,13.46771],[75.52379,13.4655],[75.52294,13.46376],[75.52294,13.463],[75.52439,13.46068],[75.52458,13.45903],[75.52367,13.45373],[75.52089,13.45249],[75.51553,13.45211],[75.51255,13.45103],[75.51012,13.44692],[75.50997,13.44434],[75.51192,13.43933],[75.51167,13.43823],[75.51091,13.43708],[75.50867,13.4357],[75.50366,13.43535],[75.49951,13.4335],[75.49987,13.4317],[75.50089,13.43029],[75.49968,13.42939],[75.49805,13.42886],[75.49464,13.43485],[75.4939,13.43543],[75.49418,13.43348],[75.49366,13.43344],[75.49341,13.43585],[75.48844,13.44052],[75.4833,13.43772],[75.48253,13.43777],[75.48043,13.43538],[75.47702,13.43579],[75.47021,13.43462],[75.46415,13.43213],[75.46169,13.43321],[75.46272,13.43608],[75.45965,13.4388],[75.45588,13.4463],[75.45268,13.45987],[75.4512,13.46409],[75.44548,13.46392],[75.44072,13.47001],[75.43913,13.44904],[75.40467,13.45016],[75.40356,13.44808],[75.40353,13.43642],[75.40483,13.43381],[75.40525,13.42972],[75.40293,13.4302],[75.40041,13.4309],[75.40164,13.43695],[75.40165,13.44717],[75.40204,13.44974],[75.4033,13.45156],[75.40421,13.459],[75.40774,13.47122],[75.40936,13.48018],[75.40905,13.48386],[75.41049,13.48415],[75.41032,13.48633],[75.41174,13.48855],[75.41098,13.4913],[75.41264,13.49928],[75.41444,13.50312],[75.41552,13.50433],[75.4174,13.51066],[75.41747,13.51315],[75.41823,13.51357],[75.42029,13.51747],[75.41917,13.51956],[75.41942,13.52253],[75.4214,13.52834],[75.42418,13.5337],[75.42587,13.54024],[75.42511,13.54223],[75.42808,13.54485],[75.43309,13.54615],[75.43435,13.54966],[75.42897,13.55418],[75.42544,13.55482],[75.42473,13.55544],[75.42561,13.55671],[75.42563,13.55834],[75.42725,13.56183],[75.42685,13.56228],[75.41606,13.5673],[75.41504,13.56636],[75.41512,13.56519],[75.4202,13.55978],[75.41977,13.55847],[75.41755,13.55735],[75.4144,13.55721],[75.41168,13.55445],[75.40963,13.55392],[75.4092,13.5528],[75.40879,13.55321],[75.40839,13.55282],[75.40832,13.55326],[75.40706,13.55233],[75.40806,13.5538],[75.40599,13.55425],[75.40518,13.55501],[75.40635,13.55591],[75.40114,13.55635],[75.39553,13.55877],[75.39423,13.56024],[75.39632,13.56421],[75.39715,13.56806],[75.39828,13.5808],[75.39963,13.58707],[75.4005,13.58893],[75.40053,13.59265],[75.40542,13.5956],[75.40603,13.59852],[75.40216,13.60504],[75.40257,13.61315],[75.40761,13.62524],[75.40642,13.62578],[75.40624,13.63311],[75.41091,13.63947],[75.40972,13.64357],[75.41011,13.6476],[75.41328,13.65154],[75.41398,13.65315],[75.40569,13.65885],[75.40587,13.6709],[75.40283,13.6808],[75.39766,13.68861],[75.39736,13.6915],[75.39555,13.69301],[75.39438,13.69311],[75.39474,13.69368],[75.39439,13.69415],[75.39347,13.69387],[75.39325,13.6968],[75.3942,13.69917],[75.39373,13.70063],[75.39252,13.69996],[75.38728,13.70041],[75.38413,13.70448],[75.38283,13.70366],[75.38021,13.70417],[75.38068,13.70831],[75.38381,13.70974],[75.38431,13.71081],[75.3904,13.70954],[75.39304,13.70888],[75.4038,13.70335],[75.40557,13.7047],[75.40636,13.70607],[75.40795,13.70637],[75.41265,13.70526],[75.41608,13.70541],[75.42032,13.70666],[75.42257,13.70788],[75.42536,13.71339],[75.42812,13.71516],[75.43302,13.71598],[75.4381,13.71747],[75.44275,13.72065],[75.44645,13.72211],[75.45415,13.72291],[75.45547,13.72342],[75.45839,13.72787],[75.46049,13.73293],[75.46072,13.73492],[75.46005,13.73832],[75.46046,13.74033],[75.47179,13.75089],[75.47974,13.75553],[75.48531,13.75779],[75.48946,13.76063],[75.48981,13.76213],[75.48905,13.76326],[75.4872,13.76411],[75.48588,13.76649],[75.4869,13.76852],[75.48886,13.76861]]]}},{"type":"Feature","properties":{"unitId":312,"unitName":"Sringeri PS"},"geometry":{"type":"Polygon","coordinates":[[[75.19944,13.51],[75.20206,13.50898],[75.20289,13.50912],[75.20676,13.50392],[75.20659,13.50349],[75.20777,13.50134],[75.2104,13.50146],[75.21062,13.50232],[75.21031,13.50326],[75.20974,13.50353],[75.21,13.50406],[75.20954,13.5051],[75.20991,13.50543],[75.21245,13.50489],[75.2115,13.50607],[75.21142,13.50691],[75.20953,13.50677],[75.20863,13.506],[75.20806,13.50631],[75.21198,13.50769],[75.2153,13.5051],[75.21373,13.50337],[75.21133,13.49573],[75.21304,13.49333],[75.21424,13.49812],[75.21684,13.49787],[75.21858,13.49911],[75.21978,13.50207],[75.23106,13.4983],[75.22925,13.4862],[75.23398,13.47696],[75.23714,13.47478],[75.24112,13.47415],[75.24219,13.47491],[75.24799,13.47346],[75.24862,13.47425],[75.25221,13.47467],[75.25222,13.47319],[75.25521,13.46936],[75.25988,13.46856],[75.26207,13.47068],[75.26332,13.47364],[75.26239,13.47929],[75.26407,13.47962],[75.26456,13.4822],[75.26872,13.48221],[75.26998,13.48343],[75.27127,13.48316],[75.27275,13.48499],[75.27354,13.4848],[75.27411,13.48612],[75.27635,13.48424],[75.2799,13.48448],[75.28086,13.4831],[75.28415,13.48288],[75.28419,13.48025],[75.28341,13.4795],[75.28223,13.48039],[75.28284,13.47799],[75.28777,13.47893],[75.28911,13.4726],[75.29128,13.47207],[75.28964,13.47082],[75.29425,13.46841],[75.29582,13.46571],[75.29642,13.46203],[75.30301,13.46391],[75.30549,13.46219],[75.30744,13.46342],[75.30622,13.46404],[75.30661,13.46415],[75.30796,13.46375],[75.30818,13.46329],[75.30786,13.46329],[75.3089,13.46211],[75.30889,13.46332],[75.30574,13.46618],[75.30598,13.46676],[75.30676,13.46658],[75.30624,13.4662],[75.30732,13.46588],[75.30842,13.46762],[75.3117,13.4663],[75.31184,13.46531],[75.31051,13.46453],[75.31003,13.46209],[75.31173,13.45778],[75.31488,13.45628],[75.31463,13.45214],[75.31502,13.45215],[75.31501,13.45273],[75.31868,13.45266],[75.31964,13.45046],[75.32065,13.44227],[75.31829,13.44078],[75.31757,13.43973],[75.31536,13.44037],[75.3108,13.43837],[75.30561,13.43284],[75.30291,13.43034],[75.30165,13.42989],[75.30593,13.42445],[75.30776,13.41645],[75.30935,13.41403],[75.31661,13.4162],[75.31843,13.41869],[75.31883,13.42028],[75.31924,13.41994],[75.32009,13.42108],[75.32158,13.42118],[75.32329,13.42292],[75.32388,13.42003],[75.32326,13.41969],[75.32371,13.41882],[75.32278,13.41715],[75.32515,13.41692],[75.32611,13.4156],[75.32731,13.41545],[75.32082,13.41539],[75.31739,13.41274],[75.31129,13.4095],[75.31444,13.40059],[75.31538,13.38493],[75.31149,13.38181],[75.30811,13.3777],[75.30212,13.37315],[75.29514,13.36458],[75.28544,13.36348],[75.28914,13.35346],[75.28736,13.34283],[75.27417,13.33801],[75.26956,13.31951],[75.26962,13.31658],[75.25656,13.30887],[75.2572,13.30794],[75.26213,13.28899],[75.24858,13.27349],[75.24339,13.27703],[75.23208,13.26909],[75.22346,13.27127],[75.21616,13.27095],[75.2127,13.27291],[75.17885,13.25968],[75.17302,13.25625],[75.16175,13.24852],[75.15739,13.24301],[75.15573,13.24586],[75.15243,13.26148],[75.14995,13.26781],[75.14663,13.27186],[75.14336,13.28136],[75.14166,13.28498],[75.13854,13.28602],[75.13379,13.2816],[75.134,13.282],[75.1304,13.2824],[75.12753,13.28122],[75.12286,13.27765],[75.11693,13.27809],[75.11557,13.28276],[75.11354,13.28568],[75.11023,13.28757],[75.1074,13.28773],[75.10739,13.28897],[75.10529,13.294],[75.10403,13.29564],[75.10302,13.29602],[75.1014,13.29837],[75.10178,13.29917],[75.09993,13.30411],[75.09914,13.30558],[75.09828,13.30617],[75.09746,13.30786],[75.0976,13.30862],[75.096,13.31022],[75.09456,13.31324],[75.09455,13.31514],[75.09555,13.31502],[75.08978,13.3217],[75.0874,13.32629],[75.07411,13.34244],[75.08509,13.34832],[75.08675,13.3614],[75.09149,13.36039],[75.09642,13.35736],[75.10055,13.35903],[75.10534,13.35916],[75.10949,13.35638],[75.11385,13.35596],[75.1245,13.36432],[75.12494,13.37124],[75.12667,13.36909],[75.12765,13.3708],[75.12537,13.37203],[75.12407,13.37346],[75.12434,13.37515],[75.12347,13.37664],[75.1247,13.38081],[75.12637,13.38038],[75.12773,13.38142],[75.12741,13.38412],[75.12973,13.38343],[75.13072,13.38217],[75.1349,13.38101],[75.13564,13.38201],[75.13707,13.3827],[75.13819,13.38589],[75.13832,13.38822],[75.14177,13.38938],[75.14111,13.39559],[75.14111,13.40395],[75.13901,13.40863],[75.14141,13.40887],[75.14119,13.41152],[75.14445,13.41889],[75.14817,13.42185],[75.14859,13.42356],[75.1483,13.4245],[75.14705,13.42451],[75.14752,13.4282],[75.14993,13.43006],[75.1504,13.42983],[75.15078,13.43119],[75.15266,13.43152],[75.15153,13.43444],[75.14945,13.43657],[75.14948,13.43715],[75.1488,13.43704],[75.14753,13.43883],[75.14812,13.44042],[75.15158,13.44252],[75.15138,13.44458],[75.15442,13.44871],[75.15387,13.4506],[75.15481,13.45063],[75.15436,13.45152],[75.15538,13.45332],[75.15266,13.45379],[75.14162,13.45862],[75.14007,13.46347],[75.13938,13.46405],[75.13942,13.4657],[75.13678,13.46905],[75.13742,13.4725],[75.13527,13.47803],[75.14679,13.47904],[75.15593,13.49019],[75.15939,13.49351],[75.16087,13.49775],[75.17073,13.50696],[75.17181,13.50369],[75.17655,13.49869],[75.17704,13.49879],[75.17934,13.50304],[75.17979,13.50337],[75.18065,13.50309],[75.18122,13.50517],[75.1868,13.50818],[75.18839,13.50888],[75.19518,13.50912],[75.19688,13.50888],[75.19675,13.50744],[75.19812,13.50734],[75.19944,13.51]],[[75.32079,13.41935],[75.31904,13.4195],[75.32057,13.4185],[75.32079,13.41935]],[[75.3083,13.46437],[75.30787,13.46416],[75.30877,13.46386],[75.3083,13.46437]],[[75.30739,13.46492],[75.30798,13.46496],[75.30778,13.46549],[75.30731,13.46535],[75.30739,13.46492]],[[75.3099,13.46655],[75.30973,13.46683],[75.30904,13.46639],[75.3099,13.46655]]]}},{"type":"Feature","properties":{"unitId":313,"unitName":"Birur PS"},"geometry":{"type":"MultiPolygon","coordinates":[[[[75.89737,13.70944],[75.89774,13.70763],[75.8992,13.70636],[75.89852,13.70605],[75.89847,13.70538],[75.8994,13.70479],[75.90033,13.70509],[75.90123,13.70398],[75.90199,13.70433],[75.90444,13.70379],[75.90659,13.70452],[75.90757,13.70209],[75.90637,13.69528],[75.90759,13.69507],[75.91165,13.69231],[75.91615,13.69115],[75.91632,13.69066],[75.91935,13.6903],[75.92124,13.68913],[75.92245,13.69299],[75.92297,13.6975],[75.92455,13.70351],[75.92548,13.70324],[75.92542,13.70201],[75.92727,13.70203],[75.92702,13.70061],[75.92825,13.7002],[75.92875,13.70151],[75.92891,13.70062],[75.92936,13.70048],[75.93021,13.70116],[75.93254,13.69935],[75.93466,13.69878],[75.93669,13.70029],[75.94108,13.69995],[75.94526,13.7012],[75.94557,13.69362],[75.94273,13.69326],[75.94727,13.68131],[75.94962,13.68082],[75.94997,13.67918],[75.95675,13.67464],[75.96133,13.67281],[75.96087,13.66914],[75.96158,13.6689],[75.96059,13.66502],[75.96218,13.66447],[75.96022,13.66106],[75.96081,13.65975],[75.96116,13.6598],[75.96103,13.65902],[75.95834,13.6589],[75.9591,13.65426],[75.95878,13.65131],[75.95535,13.65143],[75.95428,13.65128],[75.95409,13.65081],[75.95242,13.65112],[75.95257,13.64951],[75.94126,13.64711],[75.93978,13.64657],[75.93987,13.64593],[75.93914,13.64529],[75.93388,13.64364],[75.93579,13.64361],[75.94469,13.63777],[75.94891,13.63849],[75.95685,13.63836],[75.96573,13.64103],[75.96894,13.64454],[75.96942,13.64447],[75.97005,13.64926],[75.98508,13.64823],[75.99277,13.64707],[75.99617,13.64725],[75.99554,13.65349],[75.99238,13.65449],[75.99564,13.66376],[75.99493,13.66679],[75.99601,13.66907],[75.9985,13.67102],[76.00795,13.67132],[76.02106,13.67015],[76.02377,13.67039],[76.02369,13.67103],[76.02854,13.67133],[76.02839,13.67326],[76.02572,13.6744],[76.02553,13.67579],[76.02618,13.68099],[76.02835,13.68067],[76.02846,13.68104],[76.02863,13.68376],[76.02782,13.68829],[76.02607,13.69102],[76.02135,13.70267],[76.02649,13.70149],[76.03121,13.70103],[76.03088,13.69774],[76.03138,13.69441],[76.03127,13.6886],[76.03638,13.68527],[76.03819,13.68483],[76.03852,13.68264],[76.04279,13.68263],[76.04365,13.68044],[76.05,13.68132],[76.05341,13.67775],[76.05374,13.6758],[76.05509,13.67575],[76.0546,13.66599],[76.05305,13.66645],[76.05243,13.66372],[76.05059,13.66083],[76.0502,13.65753],[76.04676,13.6461],[76.04793,13.64599],[76.0473,13.64252],[76.04362,13.6311],[76.04335,13.62675],[76.04408,13.62607],[76.04408,13.6253],[76.04358,13.62454],[76.04331,13.62085],[76.04444,13.61702],[76.03403,13.61489],[76.03221,13.61496],[76.03231,13.61446],[76.02634,13.61283],[76.02681,13.61104],[76.02109,13.60977],[76.01625,13.60884],[76.01569,13.61037],[76.01345,13.61065],[76.01022,13.61024],[76.00757,13.59214],[76.00862,13.59019],[76.00858,13.58465],[76.00757,13.57787],[76.00694,13.57801],[76.00642,13.57578],[76.00738,13.57113],[76.0075,13.56614],[76.00681,13.56594],[76.00676,13.56537],[76.00715,13.56398],[76.0033,13.56261],[75.99994,13.55934],[75.99899,13.56042],[75.9985,13.56024],[75.99714,13.5611],[75.99626,13.56045],[75.99558,13.56097],[75.99561,13.56043],[75.99476,13.55975],[75.99413,13.56048],[75.99363,13.56036],[75.99345,13.55873],[75.99277,13.55883],[75.99299,13.55962],[75.9919,13.55929],[75.99157,13.55972],[75.99101,13.55956],[75.99088,13.55878],[75.98953,13.55935],[75.98907,13.55855],[75.98708,13.5584],[75.98613,13.55899],[75.98491,13.55867],[75.98246,13.56013],[75.98317,13.56084],[75.98293,13.56107],[75.98029,13.56133],[75.97878,13.56224],[75.9775,13.56135],[75.97745,13.56203],[75.97445,13.56251],[75.97489,13.56402],[75.97229,13.5641],[75.97169,13.56314],[75.96967,13.56309],[75.96755,13.56378],[75.96703,13.56471],[75.96566,13.56452],[75.96492,13.56509],[75.96237,13.56542],[75.96028,13.56479],[75.96028,13.56389],[75.96325,13.56382],[75.96612,13.56205],[75.96647,13.55643],[75.96392,13.55618],[75.96361,13.55563],[75.9643,13.55515],[75.96451,13.5543],[75.96417,13.55297],[75.96448,13.55218],[75.96405,13.55201],[75.96398,13.55107],[75.96135,13.55084],[75.96291,13.54642],[75.96266,13.54446],[75.96318,13.54444],[75.9575,13.54411],[75.95526,13.54497],[75.95183,13.54544],[75.95128,13.55447],[75.94996,13.55463],[75.94602,13.55064],[75.93997,13.55056],[75.94401,13.55532],[75.94745,13.55612],[75.94818,13.5555],[75.94937,13.55562],[75.95258,13.55852],[75.95159,13.55997],[75.95247,13.56049],[75.95208,13.56104],[75.9527,13.56243],[75.95341,13.56166],[75.95477,13.56166],[75.95455,13.56219],[75.95529,13.56392],[75.95446,13.56473],[75.95448,13.56579],[75.95475,13.56634],[75.95564,13.56604],[75.95574,13.56635],[75.95424,13.57135],[75.93809,13.56933],[75.93842,13.5736],[75.94228,13.57414],[75.94248,13.57594],[75.94299,13.57607],[75.94364,13.58225],[75.94432,13.58353],[75.92918,13.5833],[75.92892,13.58418],[75.92522,13.58597],[75.92275,13.58801],[75.92147,13.58546],[75.92461,13.57681],[75.92581,13.56867],[75.92154,13.56827],[75.91701,13.56391],[75.90471,13.56199],[75.89417,13.53927],[75.88224,13.5358],[75.88004,13.53407],[75.87857,13.53401],[75.86637,13.52991],[75.85816,13.53047],[75.85871,13.54615],[75.8584,13.54914],[75.86715,13.5494],[75.86326,13.56533],[75.86184,13.56813],[75.86087,13.57377],[75.86175,13.57689],[75.86152,13.57845],[75.86228,13.58038],[75.8631,13.58104],[75.86386,13.58869],[75.87618,13.60482],[75.87359,13.6075],[75.87226,13.61052],[75.86801,13.61676],[75.87645,13.61805],[75.88528,13.62423],[75.88578,13.6389],[75.88468,13.65423],[75.88175,13.66495],[75.88871,13.68155],[75.89012,13.68627],[75.89124,13.69284],[75.89046,13.69317],[75.89035,13.69521],[75.88979,13.696],[75.88973,13.70019],[75.8918,13.70004],[75.89067,13.70113],[75.89097,13.7025],[75.89057,13.70495],[75.89103,13.70667],[75.89003,13.70861],[75.89657,13.70943],[75.89661,13.70864],[75.89724,13.70865],[75.89737,13.70944]]],[[[75.97221,13.56238],[75.97223,13.56184],[75.97413,13.5614],[75.97482,13.56053],[75.97649,13.56026],[75.97758,13.55896],[75.97941,13.55875],[75.98099,13.55764],[75.98341,13.55681],[75.98373,13.55611],[75.97984,13.55521],[75.97799,13.55428],[75.97783,13.55491],[75.97416,13.55403],[75.97409,13.55453],[75.97282,13.55442],[75.97277,13.55506],[75.96824,13.55595],[75.96807,13.5594],[75.96924,13.56174],[75.96905,13.5621],[75.97221,13.56238]]]]}},{"type":"Feature","properties":{"unitId":314,"unitName":"Kadur PS"},"geometry":{"type":"Polygon","coordinates":[[[76.05304,13.61779],[76.05589,13.61724],[76.05552,13.61613],[76.05646,13.6155],[76.05696,13.61265],[76.05546,13.61271],[76.05504,13.61087],[76.05524,13.60861],[76.05468,13.60603],[76.05654,13.5963],[76.05471,13.5864],[76.06906,13.58189],[76.06668,13.57685],[76.06569,13.57023],[76.06754,13.56968],[76.07164,13.56971],[76.07383,13.56826],[76.07873,13.56817],[76.07866,13.5671],[76.07337,13.5648],[76.07299,13.56393],[76.07775,13.56229],[76.07829,13.56001],[76.08623,13.55734],[76.08737,13.55746],[76.09097,13.5564],[76.09319,13.55422],[76.09581,13.55313],[76.09482,13.54793],[76.09249,13.54085],[76.09233,13.53795],[76.09761,13.53786],[76.10736,13.53609],[76.10695,13.53449],[76.10959,13.53423],[76.11029,13.53203],[76.11154,13.53193],[76.11142,13.52992],[76.11194,13.52903],[76.10999,13.52762],[76.11007,13.5258],[76.11064,13.52511],[76.10808,13.52253],[76.10793,13.52073],[76.1092,13.51832],[76.11109,13.51901],[76.11245,13.51889],[76.1132,13.51816],[76.11265,13.51769],[76.11306,13.51703],[76.11588,13.51837],[76.12541,13.51644],[76.12603,13.50299],[76.13622,13.50358],[76.13768,13.50437],[76.13826,13.50256],[76.13933,13.50186],[76.13828,13.49965],[76.13934,13.49599],[76.1393,13.49312],[76.14876,13.49235],[76.14997,13.49189],[76.14995,13.49117],[76.1505,13.49072],[76.15062,13.48663],[76.15223,13.48394],[76.15332,13.48326],[76.15347,13.48103],[76.1542,13.47941],[76.14687,13.47828],[76.14807,13.47483],[76.14689,13.47468],[76.14693,13.47209],[76.1476,13.47049],[76.14549,13.47067],[76.14533,13.46821],[76.14609,13.46764],[76.14532,13.46501],[76.14642,13.46508],[76.14805,13.46607],[76.15073,13.46589],[76.15163,13.4681],[76.15403,13.46667],[76.15807,13.46204],[76.15848,13.45977],[76.15137,13.45798],[76.14703,13.44762],[76.1447,13.44727],[76.145,13.44666],[76.14224,13.44575],[76.13884,13.44239],[76.13638,13.44403],[76.1401,13.43603],[76.14009,13.43134],[76.13909,13.42696],[76.14029,13.42157],[76.14113,13.42056],[76.1411,13.42013],[76.13943,13.41986],[76.1397,13.41795],[76.13897,13.41742],[76.13873,13.41639],[76.13883,13.4124],[76.13199,13.41546],[76.12547,13.41733],[76.12668,13.42109],[76.12769,13.42247],[76.13023,13.42421],[76.12711,13.42591],[76.12303,13.42654],[76.12113,13.43192],[76.11767,13.43164],[76.11346,13.42947],[76.10879,13.42892],[76.10856,13.43156],[76.10559,13.43189],[76.10373,13.43833],[76.10862,13.43774],[76.11442,13.43864],[76.11954,13.43781],[76.11901,13.44206],[76.11799,13.44445],[76.1138,13.45024],[76.10997,13.45186],[76.11159,13.45513],[76.11168,13.4569],[76.11091,13.45689],[76.10735,13.46001],[76.1053,13.46254],[76.10403,13.45983],[76.1028,13.45842],[76.10167,13.45758],[76.09917,13.45756],[76.09843,13.44886],[76.10097,13.44779],[76.10069,13.44665],[76.09948,13.44513],[76.09823,13.44504],[76.0969,13.44404],[76.09695,13.4432],[76.0946,13.44345],[76.09315,13.43997],[76.09286,13.43621],[76.09219,13.43553],[76.08937,13.43552],[76.08917,13.43422],[76.08465,13.43442],[76.08546,13.44059],[76.08611,13.4414],[76.08575,13.44505],[76.08319,13.44575],[76.08243,13.44513],[76.08093,13.44522],[76.08033,13.44721],[76.08072,13.44817],[76.08194,13.44918],[76.08549,13.45082],[76.08682,13.45045],[76.08708,13.45173],[76.0752,13.45378],[76.07221,13.45512],[76.07262,13.45786],[76.06673,13.45865],[76.0633,13.46149],[76.06411,13.45607],[76.06576,13.45556],[76.06857,13.4529],[76.06955,13.4513],[76.07159,13.45029],[76.0715,13.44978],[76.07263,13.44945],[76.07271,13.44704],[76.07317,13.44661],[76.07298,13.44479],[76.07267,13.44382],[76.07049,13.44338],[76.06738,13.44386],[76.06719,13.44476],[76.06252,13.44533],[76.0619,13.44491],[76.06174,13.44389],[76.06053,13.44417],[76.05899,13.4434],[76.05877,13.44406],[76.05774,13.44415],[76.05556,13.44562],[76.05609,13.45119],[76.04914,13.4627],[76.0487,13.4623],[76.03737,13.46842],[76.03306,13.47016],[76.02635,13.46655],[76.02638,13.46215],[76.02167,13.46047],[76.0198,13.45457],[76.0177,13.45367],[76.01877,13.44598],[76.00736,13.44571],[76.00723,13.44504],[76.00549,13.44539],[76.00624,13.45324],[76.00351,13.45322],[76.00335,13.45536],[76.00269,13.45543],[76.00272,13.45942],[76.00099,13.45965],[76.00085,13.46162],[75.99818,13.46168],[75.99819,13.46005],[75.99655,13.46085],[75.99649,13.45926],[75.99498,13.45872],[75.99313,13.45902],[75.98308,13.45734],[75.98155,13.45833],[75.97548,13.4648],[75.9734,13.46549],[75.97313,13.46664],[75.97361,13.46783],[75.97285,13.46874],[75.96722,13.47058],[75.97022,13.47656],[75.96986,13.47714],[75.9617,13.47854],[75.95958,13.4798],[75.9594,13.4813],[75.95858,13.48157],[75.95935,13.48262],[75.95912,13.48329],[75.96013,13.48714],[75.95389,13.48807],[75.95255,13.48904],[75.95116,13.48827],[75.94852,13.49126],[75.94679,13.48662],[75.94729,13.48557],[75.94683,13.48341],[75.94497,13.48189],[75.94391,13.47849],[75.94119,13.4738],[75.93634,13.47374],[75.93566,13.47267],[75.93225,13.46998],[75.93349,13.46236],[75.92945,13.46855],[75.9295,13.46908],[75.9122,13.47195],[75.89034,13.47222],[75.88941,13.47377],[75.86048,13.4684],[75.85914,13.47411],[75.84976,13.47623],[75.84294,13.47723],[75.84335,13.47881],[75.84247,13.48137],[75.84284,13.48369],[75.84243,13.48453],[75.84208,13.48333],[75.84118,13.48305],[75.84033,13.48337],[75.83999,13.48435],[75.84053,13.48432],[75.84099,13.48517],[75.84132,13.48497],[75.84118,13.4865],[75.8403,13.48658],[75.84028,13.48608],[75.83976,13.48599],[75.83959,13.48657],[75.83987,13.48827],[75.8405,13.48834],[75.84097,13.49032],[75.84225,13.49127],[75.83803,13.5006],[75.82988,13.51037],[75.83764,13.51416],[75.83832,13.52288],[75.84752,13.52306],[75.85816,13.53047],[75.86637,13.52991],[75.87857,13.53401],[75.88004,13.53407],[75.88224,13.5358],[75.89417,13.53927],[75.90471,13.56199],[75.91701,13.56391],[75.92154,13.56827],[75.92581,13.56867],[75.92461,13.57681],[75.92147,13.58546],[75.92275,13.58801],[75.92522,13.58597],[75.92892,13.58418],[75.92918,13.5833],[75.94432,13.58353],[75.94364,13.58225],[75.94299,13.57607],[75.94248,13.57594],[75.94228,13.57414],[75.93842,13.5736],[75.93809,13.56933],[75.95407,13.57139],[75.95574,13.56635],[75.95564,13.56604],[75.95475,13.56634],[75.95448,13.56579],[75.95446,13.56473],[75.95529,13.56392],[75.95455,13.56219],[75.95477,13.56166],[75.95341,13.56166],[75.9527,13.56243],[75.95208,13.56104],[75.95247,13.56049],[75.95161,13.5601],[75.95258,13.55852],[75.94937,13.55562],[75.94818,13.5555],[75.94745,13.55612],[75.94401,13.55532],[75.93997,13.55056],[75.94602,13.55064],[75.94996,13.55463],[75.95128,13.55447],[75.95183,13.54544],[75.95526,13.54497],[75.9575,13.54411],[75.96294,13.54425],[75.96269,13.54748],[75.96135,13.55084],[75.96398,13.55107],[75.96405,13.55201],[75.96448,13.55218],[75.96417,13.55297],[75.96451,13.5543],[75.9643,13.55515],[75.96361,13.55563],[75.96392,13.55618],[75.96647,13.55643],[75.96612,13.56205],[75.96325,13.56382],[75.96028,13.56389],[75.96028,13.56479],[75.96302,13.56546],[75.96566,13.56452],[75.96703,13.56471],[75.96755,13.56378],[75.96967,13.56309],[75.97169,13.56314],[75.97229,13.5641],[75.97489,13.56402],[75.97445,13.56251],[75.97745,13.56203],[75.9775,13.56135],[75.97878,13.56224],[75.98029,13.56133],[75.98293,13.56107],[75.98273,13.55993],[75.98491,13.55867],[75.98613,13.55899],[75.98708,13.5584],[75.98907,13.55855],[75.98953,13.55935],[75.99088,13.55878],[75.99101,13.55956],[75.99157,13.55972],[75.9919,13.55929],[75.99299,13.55962],[75.99277,13.55883],[75.99345,13.55873],[75.99363,13.56036],[75.99413,13.56048],[75.99476,13.55975],[75.99561,13.56043],[75.99558,13.56097],[75.99626,13.56045],[75.99714,13.5611],[75.9985,13.56024],[75.99899,13.56042],[75.99994,13.55934],[76.0033,13.56261],[76.00715,13.56398],[76.00676,13.56537],[76.00681,13.56594],[76.0075,13.56614],[76.00738,13.57113],[76.00642,13.57578],[76.00694,13.57801],[76.00757,13.57787],[76.00858,13.58465],[76.00862,13.59019],[76.00757,13.59214],[76.01022,13.61024],[76.01345,13.61065],[76.01569,13.61037],[76.01625,13.60884],[76.02681,13.61104],[76.02634,13.61283],[76.03231,13.61446],[76.03221,13.61496],[76.03403,13.61489],[76.04098,13.61613],[76.04444,13.61702],[76.04437,13.61767],[76.05127,13.61841],[76.05304,13.61779]],[[75.98035,13.55821],[75.97892,13.55898],[75.97758,13.55896],[75.97649,13.56026],[75.97482,13.56053],[75.97413,13.5614],[75.97223,13.56184],[75.97222,13.56255],[75.97064,13.56253],[75.96905,13.5621],[75.96924,13.56174],[75.96807,13.5594],[75.968,13.55655],[75.96824,13.55595],[75.97277,13.55506],[75.97282,13.55442],[75.97409,13.55453],[75.97416,13.55403],[75.97783,13.55491],[75.97799,13.55428],[75.97984,13.55521],[75.98373,13.55611],[75.98341,13.55681],[75.98035,13.55821]]]}},{"type":"Feature","properties":{"unitId":315,"unitName":"Panchanahalli PS"},"geometry":{"type":"MultiPolygon","coordinates":[[[[76.25298,13.62982],[76.25152,13.62186],[76.25165,13.62043],[76.25441,13.62008],[76.25674,13.62092],[76.26515,13.62086],[76.26562,13.62383],[76.26911,13.62384],[76.2691,13.62667],[76.27301,13.62697],[76.27323,13.62943],[76.27888,13.62863],[76.27952,13.62367],[76.27893,13.62312],[76.27675,13.62296],[76.27529,13.62179],[76.27585,13.61529],[76.27648,13.61363],[76.27628,13.61191],[76.27582,13.61076],[76.27326,13.6085],[76.27278,13.60734],[76.27317,13.60522],[76.27635,13.6037],[76.27702,13.6047],[76.27667,13.60692],[76.27727,13.6078],[76.27835,13.60753],[76.27971,13.60619],[76.28263,13.60608],[76.28178,13.60275],[76.282,13.60129],[76.28569,13.60049],[76.28683,13.59967],[76.28734,13.59894],[76.28782,13.59499],[76.28905,13.59478],[76.29061,13.59599],[76.29332,13.59382],[76.29217,13.59316],[76.29208,13.59244],[76.29341,13.59211],[76.29374,13.5915],[76.29311,13.59171],[76.29235,13.59042],[76.29696,13.59025],[76.29768,13.58907],[76.29777,13.59012],[76.30003,13.58975],[76.29985,13.58914],[76.30088,13.58876],[76.3043,13.58886],[76.3056,13.59082],[76.30655,13.59126],[76.32167,13.59389],[76.33087,13.59485],[76.33303,13.59569],[76.33912,13.58228],[76.33971,13.57837],[76.342,13.57636],[76.34724,13.5764],[76.35308,13.57791],[76.35927,13.55642],[76.36214,13.55186],[76.3633,13.54705],[76.36641,13.54853],[76.36412,13.54541],[76.3623,13.5324],[76.36256,13.53034],[76.3555,13.52713],[76.35339,13.52692],[76.3534,13.52576],[76.35233,13.52571],[76.35227,13.5252],[76.34916,13.52536],[76.34814,13.52079],[76.34813,13.51815],[76.34518,13.51531],[76.3451,13.51372],[76.34305,13.51342],[76.33997,13.5157],[76.33684,13.51689],[76.33023,13.52148],[76.32869,13.52395],[76.32695,13.52506],[76.32682,13.52705],[76.32587,13.52739],[76.32339,13.53075],[76.32327,13.53217],[76.32129,13.53712],[76.31989,13.53721],[76.31814,13.53642],[76.31761,13.53916],[76.31661,13.53901],[76.31604,13.53671],[76.31597,13.53203],[76.31397,13.53198],[76.31235,13.53028],[76.31151,13.53057],[76.31088,13.52936],[76.31088,13.52808],[76.31181,13.5269],[76.31202,13.5255],[76.30924,13.52536],[76.30905,13.52608],[76.30682,13.52585],[76.30673,13.52455],[76.30341,13.52457],[76.30065,13.5218],[76.30053,13.52254],[76.29805,13.52338],[76.29644,13.52496],[76.2955,13.52763],[76.2937,13.5272],[76.29335,13.52409],[76.29255,13.52307],[76.29281,13.52012],[76.29118,13.50743],[76.29254,13.50473],[76.28347,13.50546],[76.28225,13.50539],[76.28123,13.50462],[76.27958,13.50569],[76.27678,13.50572],[76.2754,13.50631],[76.27512,13.5058],[76.26879,13.5065],[76.2647,13.50533],[76.26235,13.50544],[76.26111,13.51171],[76.24691,13.50829],[76.24192,13.50824],[76.23355,13.50685],[76.23826,13.4955],[76.23696,13.49276],[76.2298,13.48474],[76.22632,13.48484],[76.22252,13.48382],[76.21759,13.48325],[76.2186,13.48403],[76.21964,13.48412],[76.21954,13.48591],[76.21908,13.48588],[76.21843,13.48816],[76.21839,13.49112],[76.21784,13.4911],[76.21757,13.49177],[76.21634,13.49174],[76.21639,13.49287],[76.21524,13.49282],[76.21506,13.49604],[76.21643,13.49734],[76.21697,13.49946],[76.21416,13.49922],[76.21719,13.50901],[76.21706,13.50988],[76.21418,13.51083],[76.21445,13.51117],[76.20828,13.51736],[76.20866,13.51982],[76.20364,13.52975],[76.19615,13.53814],[76.19696,13.53978],[76.20451,13.54279],[76.20712,13.54245],[76.20672,13.54331],[76.20702,13.54375],[76.20868,13.5452],[76.20892,13.54604],[76.2099,13.54608],[76.20986,13.54738],[76.21057,13.54735],[76.21142,13.55165],[76.21485,13.55212],[76.21449,13.55314],[76.2149,13.55415],[76.21431,13.55554],[76.21534,13.55606],[76.21917,13.55638],[76.2216,13.55585],[76.22399,13.55816],[76.22273,13.56415],[76.22238,13.57709],[76.21369,13.5812],[76.21127,13.59419],[76.212,13.5958],[76.20723,13.60541],[76.20803,13.608],[76.20574,13.60939],[76.20566,13.61209],[76.21101,13.61895],[76.21119,13.61855],[76.21498,13.6175],[76.22193,13.61864],[76.22468,13.6201],[76.22825,13.62122],[76.22991,13.62472],[76.23351,13.62962],[76.23736,13.63012],[76.24244,13.6297],[76.24205,13.63121],[76.24535,13.63177],[76.25123,13.63139],[76.25298,13.62982]]],[[[76.2611,13.65466],[76.26282,13.65281],[76.2631,13.64909],[76.28205,13.64908],[76.28204,13.64796],[76.28699,13.64735],[76.28589,13.64561],[76.28656,13.64352],[76.28404,13.64118],[76.28318,13.63807],[76.28266,13.63747],[76.28008,13.63665],[76.27989,13.6362],[76.28002,13.63483],[76.28113,13.63298],[76.28089,13.63134],[76.27587,13.63178],[76.26982,13.63304],[76.26129,13.6359],[76.25756,13.63646],[76.25535,13.63539],[76.2548,13.64099],[76.25112,13.64057],[76.25016,13.64905],[76.25044,13.65062],[76.25005,13.65076],[76.24988,13.65199],[76.24751,13.65229],[76.24755,13.65306],[76.24848,13.65522],[76.25403,13.65452],[76.25508,13.658],[76.25429,13.66266],[76.2611,13.65466]]]]}},{"type":"Feature","properties":{"unitId":316,"unitName":"Sakkaraya Patna PS"},"geometry":{"type":"MultiPolygon","coordinates":[[[[75.95116,13.48827],[75.95255,13.48904],[75.95389,13.48807],[75.96013,13.48714],[75.95912,13.48329],[75.95935,13.48262],[75.95858,13.48157],[75.9594,13.4813],[75.95958,13.4798],[75.9617,13.47854],[75.96986,13.47714],[75.97022,13.47656],[75.96722,13.47058],[75.97285,13.46874],[75.97361,13.46783],[75.97313,13.46664],[75.9734,13.46549],[75.97548,13.4648],[75.98155,13.45833],[75.98308,13.45734],[75.99313,13.45902],[75.99498,13.45872],[75.99649,13.45926],[75.99655,13.46085],[75.99819,13.46005],[75.99818,13.46168],[76.00085,13.46162],[76.00099,13.45965],[76.00272,13.45942],[76.00269,13.45543],[76.00335,13.45536],[76.00351,13.45322],[76.00624,13.45324],[76.00605,13.4488],[76.00558,13.44813],[76.00529,13.44556],[76.00723,13.44504],[76.00736,13.44571],[76.01877,13.44598],[76.0177,13.45367],[76.0198,13.45457],[76.02167,13.46047],[76.02638,13.46215],[76.02635,13.46655],[76.03306,13.47016],[76.03737,13.46842],[76.0487,13.4623],[76.04914,13.4627],[76.05609,13.45119],[76.05556,13.44562],[76.05774,13.44415],[76.05877,13.44406],[76.05899,13.4434],[76.06053,13.44417],[76.06174,13.44389],[76.0619,13.44491],[76.06252,13.44533],[76.06719,13.44476],[76.06738,13.44386],[76.07049,13.44338],[76.07267,13.44382],[76.07298,13.44479],[76.07317,13.44661],[76.07271,13.44704],[76.07263,13.44945],[76.0715,13.44978],[76.07159,13.45029],[76.06955,13.4513],[76.06857,13.4529],[76.06576,13.45556],[76.06411,13.45607],[76.0633,13.46149],[76.06673,13.45865],[76.07262,13.45786],[76.07221,13.45512],[76.0752,13.45378],[76.08708,13.45173],[76.08682,13.45045],[76.08549,13.45082],[76.08072,13.44817],[76.08044,13.44589],[76.08093,13.44522],[76.08243,13.44513],[76.08319,13.44575],[76.08575,13.44505],[76.08611,13.4414],[76.08546,13.44059],[76.08452,13.43483],[76.08465,13.43442],[76.08917,13.43422],[76.08937,13.43552],[76.09219,13.43553],[76.09286,13.43621],[76.09315,13.43997],[76.0946,13.44345],[76.09695,13.4432],[76.0969,13.44404],[76.09823,13.44504],[76.09948,13.44513],[76.10069,13.44665],[76.10097,13.44779],[76.09843,13.44886],[76.09917,13.45756],[76.10167,13.45758],[76.1028,13.45842],[76.10403,13.45983],[76.1053,13.46254],[76.10735,13.46001],[76.11091,13.45689],[76.11168,13.4569],[76.11159,13.45513],[76.10997,13.45186],[76.1138,13.45024],[76.11799,13.44445],[76.11901,13.44206],[76.11954,13.43781],[76.11442,13.43864],[76.10862,13.43774],[76.10373,13.43833],[76.10559,13.43189],[76.10856,13.43156],[76.10879,13.42892],[76.11346,13.42947],[76.11767,13.43164],[76.12113,13.43192],[76.12303,13.42654],[76.12711,13.42591],[76.13023,13.42421],[76.12769,13.42247],[76.12668,13.42109],[76.12547,13.41733],[76.13199,13.41546],[76.13639,13.41321],[76.13896,13.41252],[76.13931,13.41119],[76.14039,13.41066],[76.14081,13.40966],[76.14058,13.40827],[76.13948,13.40815],[76.13941,13.40669],[76.13784,13.40699],[76.13713,13.4058],[76.13481,13.40588],[76.12963,13.40411],[76.1296,13.40022],[76.12363,13.40159],[76.1112,13.4005],[76.10991,13.39651],[76.11056,13.39611],[76.09958,13.39222],[76.09849,13.39146],[76.09834,13.39373],[76.09636,13.39301],[76.08924,13.39243],[76.08879,13.39187],[76.08927,13.38747],[76.08851,13.38769],[76.08724,13.38169],[76.08719,13.37603],[76.08908,13.37181],[76.08172,13.37195],[76.0797,13.3739],[76.07791,13.37474],[76.0583,13.38053],[76.05603,13.38156],[76.05365,13.37975],[76.04911,13.37816],[76.04177,13.37422],[76.03885,13.36766],[76.04204,13.36488],[76.03826,13.3563],[76.03765,13.35734],[76.03225,13.34589],[76.02905,13.34585],[76.02986,13.34266],[76.03239,13.34027],[76.03449,13.33738],[76.03132,13.338],[76.03176,13.33368],[76.0286,13.33399],[76.02744,13.33016],[76.02705,13.32784],[76.02729,13.32486],[76.02675,13.32286],[76.02708,13.32147],[76.02634,13.32102],[76.02474,13.31833],[76.02235,13.31786],[76.02038,13.31578],[76.01935,13.31544],[76.01363,13.31541],[76.00881,13.32177],[76.00316,13.31988],[75.99727,13.31977],[75.99021,13.32915],[75.99161,13.33647],[75.98469,13.34288],[75.98622,13.34915],[75.98371,13.34898],[75.98345,13.34853],[75.9659,13.34278],[75.95603,13.34801],[75.95216,13.34004],[75.9456,13.339],[75.94415,13.34025],[75.93889,13.35229],[75.93653,13.36251],[75.93198,13.36351],[75.93362,13.36715],[75.93266,13.36885],[75.9331,13.36891],[75.93347,13.37114],[75.93275,13.37233],[75.92729,13.37058],[75.92737,13.37102],[75.92491,13.3713],[75.92696,13.38036],[75.92697,13.38258],[75.91932,13.38281],[75.91658,13.38352],[75.91333,13.38287],[75.91164,13.38197],[75.91181,13.38056],[75.91013,13.3799],[75.90969,13.37907],[75.90777,13.37917],[75.90665,13.378],[75.90464,13.37766],[75.90121,13.37516],[75.9008,13.37554],[75.9039,13.3944],[75.90413,13.40243],[75.90256,13.40168],[75.89908,13.39824],[75.89583,13.39139],[75.89174,13.38928],[75.88974,13.38633],[75.88979,13.38461],[75.88849,13.38429],[75.88879,13.38349],[75.88745,13.38177],[75.88474,13.3825],[75.88425,13.38012],[75.88339,13.37911],[75.88236,13.37588],[75.88385,13.37576],[75.8861,13.37683],[75.89026,13.37787],[75.89231,13.37666],[75.89135,13.3746],[75.89031,13.37459],[75.89,13.37398],[75.89028,13.37228],[75.89118,13.37181],[75.89135,13.37119],[75.88922,13.36946],[75.88929,13.36721],[75.88784,13.36393],[75.88796,13.36252],[75.88869,13.36195],[75.88835,13.35954],[75.88554,13.35841],[75.88492,13.35746],[75.8822,13.35696],[75.87838,13.35419],[75.87549,13.35372],[75.86876,13.35501],[75.86314,13.3596],[75.85169,13.36087],[75.84843,13.35966],[75.85128,13.36215],[75.86266,13.36763],[75.86018,13.36811],[75.85938,13.36762],[75.85798,13.36771],[75.85779,13.36806],[75.85855,13.36877],[75.85737,13.3687],[75.85786,13.36991],[75.85751,13.37098],[75.85628,13.37052],[75.85642,13.37269],[75.85715,13.37293],[75.85638,13.37311],[75.85464,13.3721],[75.85334,13.37221],[75.85369,13.37452],[75.85318,13.37475],[75.85333,13.37573],[75.85058,13.37627],[75.84988,13.38074],[75.85008,13.38197],[75.85194,13.38528],[75.85693,13.38542],[75.85989,13.39249],[75.86008,13.39433],[75.8611,13.39444],[75.86304,13.39842],[75.85955,13.39935],[75.8619,13.40079],[75.86389,13.40527],[75.86664,13.4062],[75.86764,13.40556],[75.86787,13.40646],[75.86824,13.40641],[75.86862,13.40934],[75.86806,13.41345],[75.8648,13.41351],[75.8647,13.41427],[75.86566,13.41484],[75.86623,13.41613],[75.86614,13.4178],[75.86336,13.41832],[75.86233,13.41936],[75.85883,13.42104],[75.85817,13.42323],[75.84937,13.43004],[75.86399,13.4351],[75.87363,13.42897],[75.87947,13.42929],[75.88292,13.4238],[75.88318,13.42114],[75.8848,13.41864],[75.888,13.41843],[75.88762,13.41634],[75.88815,13.41456],[75.89357,13.41414],[75.89407,13.41542],[75.89745,13.41327],[75.90289,13.41196],[75.90885,13.41789],[75.91072,13.42046],[75.90958,13.42555],[75.91049,13.42619],[75.91093,13.42739],[75.90887,13.42707],[75.90875,13.42761],[75.9073,13.42805],[75.90611,13.42944],[75.90481,13.42981],[75.90488,13.43075],[75.90384,13.43134],[75.90449,13.43251],[75.90305,13.43296],[75.90338,13.43403],[75.90274,13.43431],[75.90233,13.43261],[75.90137,13.43259],[75.89944,13.43287],[75.89939,13.43345],[75.89808,13.43403],[75.89635,13.43094],[75.8979,13.42978],[75.89897,13.43025],[75.9003,13.4296],[75.90001,13.42878],[75.90089,13.42741],[75.90256,13.42767],[75.90279,13.42723],[75.904,13.42819],[75.90431,13.42726],[75.90565,13.42734],[75.9061,13.42636],[75.90473,13.42558],[75.90482,13.42486],[75.90683,13.4247],[75.90708,13.42351],[75.90659,13.42238],[75.90699,13.42146],[75.90795,13.42145],[75.90819,13.42032],[75.90889,13.42026],[75.90857,13.41805],[75.90391,13.41728],[75.90396,13.41894],[75.90592,13.42112],[75.90484,13.42379],[75.90089,13.42689],[75.90007,13.42668],[75.89899,13.42865],[75.89707,13.42874],[75.89586,13.43067],[75.89353,13.4304],[75.89369,13.43139],[75.89326,13.43177],[75.8922,13.43067],[75.88861,13.43174],[75.88725,13.43693],[75.88769,13.43803],[75.88474,13.43693],[75.88778,13.44362],[75.88754,13.44981],[75.88314,13.45245],[75.88171,13.4498],[75.87911,13.44954],[75.87997,13.44561],[75.87666,13.44813],[75.87696,13.45018],[75.8792,13.45509],[75.88394,13.45795],[75.89032,13.46459],[75.89069,13.46873],[75.89034,13.47222],[75.9092,13.47228],[75.9295,13.46908],[75.92945,13.46855],[75.93349,13.46236],[75.93225,13.46998],[75.93566,13.47267],[75.93634,13.47374],[75.94119,13.4738],[75.94391,13.47849],[75.94497,13.48189],[75.94683,13.48341],[75.94729,13.48557],[75.94679,13.48662],[75.94852,13.49126],[75.95116,13.48827]]],[[[75.90761,13.41769],[75.90813,13.41742],[75.90693,13.41645],[75.90624,13.41657],[75.90641,13.41759],[75.90761,13.41769]]]]}},{"type":"Feature","properties":{"unitId":317,"unitName":"Singatagere PS"},"geometry":{"type":"Polygon","coordinates":[[[76.22196,13.55643],[76.2216,13.55585],[76.21917,13.55638],[76.21534,13.55606],[76.21431,13.55554],[76.2149,13.55415],[76.21449,13.55314],[76.21485,13.55212],[76.21142,13.55165],[76.21057,13.54735],[76.20986,13.54738],[76.2099,13.54608],[76.20892,13.54604],[76.20868,13.5452],[76.20702,13.54375],[76.20672,13.54331],[76.20712,13.54245],[76.20451,13.54279],[76.19696,13.53978],[76.19615,13.53814],[76.20364,13.52975],[76.20866,13.51982],[76.20828,13.51736],[76.21445,13.51117],[76.21418,13.51083],[76.21706,13.50988],[76.21719,13.50901],[76.21416,13.49922],[76.21697,13.49946],[76.21643,13.49734],[76.21506,13.49604],[76.21524,13.49282],[76.21639,13.49287],[76.21634,13.49174],[76.21757,13.49177],[76.21784,13.4911],[76.21839,13.49112],[76.21843,13.48816],[76.21908,13.48588],[76.21954,13.48591],[76.21964,13.48412],[76.2186,13.48403],[76.21759,13.48325],[76.22252,13.48382],[76.22632,13.48484],[76.22968,13.48484],[76.23267,13.48224],[76.23293,13.48146],[76.23351,13.48155],[76.23453,13.48052],[76.23339,13.47932],[76.23355,13.47454],[76.23215,13.46905],[76.23147,13.46849],[76.22663,13.46754],[76.21554,13.46836],[76.20735,13.46799],[76.20007,13.46997],[76.19807,13.4693],[76.19975,13.46107],[76.19929,13.45831],[76.19974,13.45657],[76.19969,13.45144],[76.19899,13.45089],[76.19423,13.4509],[76.19338,13.45042],[76.19346,13.45191],[76.19124,13.45173],[76.18708,13.45251],[76.1898,13.4559],[76.19239,13.46092],[76.19396,13.46907],[76.18903,13.46978],[76.18383,13.46906],[76.17785,13.46928],[76.17483,13.47],[76.16945,13.47005],[76.16351,13.46943],[76.16206,13.46971],[76.16072,13.46338],[76.15848,13.45977],[76.15807,13.46204],[76.15403,13.46667],[76.15163,13.4681],[76.15073,13.46589],[76.14805,13.46607],[76.14547,13.46484],[76.14609,13.46764],[76.14533,13.46821],[76.14549,13.47067],[76.1476,13.47049],[76.14693,13.47209],[76.14689,13.47468],[76.14807,13.47483],[76.14687,13.47828],[76.1542,13.47941],[76.15347,13.48103],[76.15332,13.48326],[76.15223,13.48394],[76.15062,13.48663],[76.1505,13.49072],[76.14995,13.49117],[76.14997,13.49189],[76.14682,13.49271],[76.1393,13.49312],[76.13934,13.49599],[76.13828,13.49965],[76.13933,13.50186],[76.13826,13.50256],[76.13768,13.50437],[76.13622,13.50358],[76.12603,13.50299],[76.12541,13.51644],[76.11588,13.51837],[76.11306,13.51703],[76.11265,13.51769],[76.1132,13.51816],[76.11245,13.51889],[76.11109,13.51901],[76.1092,13.51832],[76.10793,13.52073],[76.10808,13.52253],[76.11064,13.52511],[76.11007,13.5258],[76.10999,13.52762],[76.11194,13.52903],[76.11142,13.52992],[76.11154,13.53193],[76.11029,13.53203],[76.10959,13.53423],[76.10695,13.53449],[76.10736,13.53609],[76.09761,13.53786],[76.09233,13.53795],[76.09249,13.54085],[76.09552,13.55145],[76.09756,13.55082],[76.10467,13.55012],[76.10479,13.55321],[76.11614,13.55035],[76.12235,13.55011],[76.12531,13.54819],[76.12781,13.5454],[76.12655,13.54414],[76.1283,13.54281],[76.12963,13.54295],[76.13108,13.54427],[76.1343,13.54474],[76.13495,13.54583],[76.13228,13.55004],[76.1314,13.55283],[76.12937,13.55606],[76.13274,13.55632],[76.13604,13.55444],[76.13899,13.55506],[76.14219,13.55819],[76.14481,13.56508],[76.1456,13.56903],[76.14699,13.57138],[76.15058,13.57016],[76.16054,13.56939],[76.16311,13.56872],[76.17652,13.56855],[76.17581,13.5621],[76.17711,13.55444],[76.17748,13.5479],[76.17939,13.54706],[76.18901,13.54529],[76.19073,13.55427],[76.19171,13.55561],[76.19543,13.56928],[76.19647,13.57042],[76.19637,13.57276],[76.19713,13.57552],[76.19642,13.57794],[76.19926,13.57854],[76.20273,13.58039],[76.20406,13.5852],[76.20831,13.58752],[76.2116,13.58303],[76.21369,13.5812],[76.22238,13.57709],[76.22273,13.56415],[76.22399,13.55816],[76.22196,13.55643]]]}},{"type":"Feature","properties":{"unitId":318,"unitName":"Ajjampura PS"},"geometry":{"type":"Polygon","coordinates":[[[76.05032,13.89357],[76.05208,13.89235],[76.05376,13.89243],[76.05362,13.87945],[76.06621,13.87902],[76.0763,13.87931],[76.07608,13.87905],[76.08748,13.87402],[76.09105,13.86714],[76.09956,13.86441],[76.10161,13.85872],[76.10387,13.83793],[76.10701,13.83235],[76.10676,13.82929],[76.10948,13.82529],[76.11038,13.82231],[76.1133,13.81934],[76.11513,13.81541],[76.11563,13.8124],[76.12423,13.81224],[76.12674,13.81285],[76.12948,13.81453],[76.13018,13.81143],[76.13041,13.80478],[76.131,13.80476],[76.13203,13.80079],[76.13348,13.78523],[76.14777,13.75116],[76.14773,13.74369],[76.14898,13.73263],[76.15793,13.73089],[76.1607,13.73092],[76.16967,13.72811],[76.17098,13.72435],[76.1718,13.71831],[76.16769,13.70618],[76.17272,13.70045],[76.17574,13.69861],[76.17912,13.69778],[76.18357,13.69786],[76.1889,13.6946],[76.19004,13.68905],[76.19122,13.68723],[76.19167,13.6787],[76.19131,13.67871],[76.19055,13.6747],[76.19239,13.67312],[76.19463,13.67277],[76.19862,13.67304],[76.20128,13.6721],[76.20664,13.668],[76.20196,13.6628],[76.20085,13.6644],[76.19763,13.6649],[76.18479,13.66484],[76.18356,13.66662],[76.18681,13.67216],[76.18807,13.67662],[76.1788,13.67751],[76.17342,13.67921],[76.17253,13.6808],[76.17002,13.6805],[76.15809,13.67729],[76.15476,13.6715],[76.1533,13.66383],[76.14246,13.65915],[76.13929,13.65497],[76.13886,13.65091],[76.13162,13.65067],[76.12846,13.64836],[76.12291,13.65292],[76.11866,13.65121],[76.11521,13.64869],[76.10916,13.64879],[76.1084,13.65171],[76.10305,13.65287],[76.10359,13.65615],[76.10275,13.66007],[76.10272,13.66257],[76.10342,13.66506],[76.09839,13.66502],[76.09762,13.66258],[76.09494,13.6609],[76.09307,13.65875],[76.08106,13.66118],[76.08207,13.67022],[76.08135,13.67655],[76.09,13.67604],[76.09176,13.68008],[76.09225,13.68005],[76.09239,13.6814],[76.09073,13.68176],[76.09189,13.68595],[76.08652,13.68758],[76.08616,13.68718],[76.08586,13.68129],[76.06837,13.68354],[76.06661,13.68155],[76.06572,13.68174],[76.06261,13.68466],[76.06106,13.68527],[76.06067,13.68314],[76.06097,13.67884],[76.06033,13.67574],[76.05374,13.6758],[76.05341,13.67775],[76.05,13.68132],[76.04365,13.68044],[76.04279,13.68263],[76.03852,13.68264],[76.03819,13.68483],[76.03638,13.68527],[76.03127,13.6886],[76.03138,13.69441],[76.03088,13.69774],[76.03121,13.70103],[76.02649,13.70149],[76.02135,13.70267],[76.02607,13.69102],[76.02782,13.68829],[76.02863,13.68376],[76.02846,13.68104],[76.02835,13.68067],[76.02618,13.68099],[76.02553,13.67579],[76.02572,13.6744],[76.02839,13.67326],[76.02854,13.67133],[76.02369,13.67103],[76.02377,13.67039],[76.02106,13.67015],[76.00795,13.67132],[75.9985,13.67102],[75.99601,13.66907],[75.99493,13.66679],[75.99564,13.66376],[75.99238,13.65449],[75.99554,13.65349],[75.99617,13.64725],[75.99277,13.64707],[75.98508,13.64823],[75.97005,13.64926],[75.96942,13.64447],[75.96894,13.64454],[75.96573,13.64103],[75.95685,13.63836],[75.94891,13.63849],[75.94469,13.63777],[75.93579,13.64361],[75.93388,13.64364],[75.93914,13.64529],[75.93987,13.64593],[75.93978,13.64657],[75.94126,13.64711],[75.95257,13.64951],[75.95242,13.65112],[75.95409,13.65081],[75.95428,13.65128],[75.95535,13.65143],[75.95878,13.65131],[75.9591,13.65426],[75.95834,13.6589],[75.96103,13.65902],[75.96116,13.6598],[75.96081,13.65975],[75.96022,13.66106],[75.96218,13.66447],[75.96059,13.66502],[75.96158,13.6689],[75.96087,13.66914],[75.96133,13.67281],[75.95675,13.67464],[75.94997,13.67918],[75.94962,13.68082],[75.94727,13.68131],[75.94273,13.69326],[75.94557,13.69362],[75.94546,13.70474],[75.94609,13.70664],[75.94734,13.70778],[75.9442,13.70978],[75.94021,13.70795],[75.93433,13.70874],[75.92865,13.70812],[75.92154,13.70932],[75.92155,13.71098],[75.92364,13.71742],[75.91966,13.71847],[75.91994,13.72086],[75.91135,13.71912],[75.90723,13.72064],[75.90783,13.72452],[75.90699,13.72586],[75.90839,13.72647],[75.90867,13.73],[75.90046,13.73089],[75.89908,13.7305],[75.89832,13.73144],[75.89696,13.73102],[75.89642,13.73212],[75.89389,13.73336],[75.89409,13.73402],[75.89244,13.73551],[75.89237,13.73626],[75.8958,13.73529],[75.8994,13.73647],[75.90151,13.73647],[75.902,13.73749],[75.90336,13.73734],[75.90354,13.73799],[75.90579,13.73825],[75.90599,13.73932],[75.90686,13.73927],[75.90727,13.74025],[75.90878,13.74068],[75.90899,13.74254],[75.9105,13.74611],[75.91077,13.74892],[75.9097,13.75591],[75.91562,13.75561],[75.91723,13.75484],[75.92049,13.75551],[75.92476,13.75535],[75.93072,13.75652],[75.93116,13.761],[75.92039,13.7655],[75.92096,13.76822],[75.92659,13.78365],[75.93112,13.79156],[75.91798,13.79143],[75.90724,13.77425],[75.89895,13.77392],[75.89395,13.77216],[75.8891,13.77584],[75.88571,13.77364],[75.88416,13.77364],[75.88923,13.7867],[75.89415,13.81107],[75.89915,13.8115],[75.90209,13.81259],[75.90644,13.8083],[75.90702,13.80674],[75.92024,13.80726],[75.92666,13.81349],[75.92783,13.81391],[75.93143,13.8142],[75.93567,13.81263],[75.93997,13.8127],[75.9461,13.81413],[75.94708,13.81725],[75.94951,13.81635],[75.95215,13.81602],[75.95295,13.8181],[75.94933,13.82013],[75.94993,13.82122],[75.95041,13.8249],[75.9489,13.82599],[75.9479,13.83072],[75.95167,13.83519],[75.95247,13.83512],[75.95293,13.83562],[75.95337,13.83646],[75.95295,13.83708],[75.95514,13.83745],[75.95527,13.83944],[75.95577,13.83997],[75.95641,13.83957],[75.95689,13.83974],[75.95673,13.84013],[75.95762,13.83977],[75.95836,13.84026],[75.95849,13.8413],[75.95806,13.84155],[75.95871,13.8425],[75.95842,13.84294],[75.96154,13.84413],[75.96145,13.84502],[75.96379,13.84554],[75.96907,13.85498],[75.96923,13.85347],[75.96985,13.85399],[75.97177,13.85282],[75.97509,13.85258],[75.97711,13.84868],[75.98091,13.84793],[75.98305,13.84839],[75.9842,13.84757],[75.98834,13.84781],[75.99245,13.84918],[75.99384,13.85035],[76.00274,13.86084],[76.00293,13.86308],[76.00598,13.86688],[76.01002,13.86516],[76.0159,13.87054],[76.01711,13.86477],[76.02057,13.86235],[76.02222,13.86268],[76.02217,13.86335],[76.02343,13.86327],[76.02436,13.86482],[76.02492,13.86474],[76.02571,13.86568],[76.02606,13.86683],[76.02652,13.86679],[76.02645,13.86805],[76.03044,13.86743],[76.03084,13.86869],[76.03126,13.86861],[76.03002,13.87102],[76.02911,13.87088],[76.02753,13.8719],[76.02737,13.87499],[76.02902,13.87545],[76.02996,13.87501],[76.03211,13.88142],[76.03318,13.88144],[76.03468,13.89753],[76.051,13.89764],[76.04907,13.8959],[76.05032,13.89357]]]}},{"type":"Feature","properties":{"unitId":319,"unitName":"Lakkavalli PS"},"geometry":{"type":"MultiPolygon","coordinates":[[[[75.73204,13.76871],[75.72378,13.75267],[75.7244,13.74229],[75.72359,13.74103],[75.72413,13.73598],[75.72532,13.73514],[75.72539,13.73431],[75.72826,13.73305],[75.72913,13.73314],[75.73008,13.73057],[75.73113,13.73054],[75.73183,13.72994],[75.7328,13.72806],[75.7344,13.72732],[75.73605,13.72735],[75.73646,13.7266],[75.7386,13.72576],[75.73917,13.72281],[75.74007,13.72152],[75.73979,13.71983],[75.73877,13.71957],[75.73665,13.71687],[75.73651,13.71493],[75.73593,13.71433],[75.73586,13.70144],[75.72786,13.69425],[75.74142,13.67626],[75.73644,13.65852],[75.73366,13.65779],[75.73954,13.63085],[75.73916,13.62953],[75.7395,13.62918],[75.7371,13.62941],[75.73753,13.62563],[75.72951,13.62163],[75.72715,13.62112],[75.72081,13.61568],[75.71792,13.61433],[75.71504,13.60961],[75.70831,13.60143],[75.7037,13.59973],[75.70186,13.59843],[75.69919,13.59872],[75.69841,13.59798],[75.69409,13.59757],[75.69269,13.59819],[75.69084,13.59743],[75.68933,13.59885],[75.68322,13.59978],[75.67999,13.59782],[75.67797,13.59743],[75.67454,13.59527],[75.66925,13.5937],[75.65898,13.5945],[75.64636,13.59362],[75.63977,13.58674],[75.625,13.58306],[75.61336,13.58265],[75.60464,13.5855],[75.60225,13.58517],[75.60189,13.58614],[75.60309,13.59389],[75.60411,13.59459],[75.60177,13.60285],[75.60375,13.60771],[75.60265,13.61991],[75.60327,13.62245],[75.59845,13.63064],[75.59595,13.63197],[75.59384,13.63752],[75.58999,13.63966],[75.5883,13.64229],[75.58733,13.64524],[75.58678,13.64543],[75.59733,13.64864],[75.599,13.65002],[75.60069,13.65329],[75.60539,13.65967],[75.60799,13.6667],[75.61059,13.67142],[75.60502,13.68266],[75.6062,13.6843],[75.60544,13.68466],[75.60615,13.68534],[75.60937,13.68492],[75.6113,13.68561],[75.61276,13.68722],[75.61534,13.68831],[75.61836,13.68813],[75.62037,13.68631],[75.62267,13.68633],[75.62526,13.68696],[75.62736,13.68847],[75.62741,13.68944],[75.62876,13.68946],[75.62864,13.69042],[75.62619,13.69256],[75.61938,13.69555],[75.61501,13.69855],[75.61308,13.70288],[75.61249,13.71012],[75.6178,13.71057],[75.61865,13.70988],[75.61847,13.70827],[75.62151,13.70312],[75.626,13.70133],[75.62899,13.70391],[75.63153,13.7038],[75.63324,13.70156],[75.63701,13.70213],[75.63912,13.70278],[75.64084,13.70413],[75.64363,13.70521],[75.6446,13.70744],[75.64885,13.71062],[75.6498,13.7127],[75.65094,13.71774],[75.65152,13.71832],[75.65475,13.71939],[75.66084,13.71893],[75.6625,13.71953],[75.66676,13.71961],[75.67231,13.72088],[75.67407,13.72213],[75.67552,13.7258],[75.67559,13.72803],[75.67411,13.72949],[75.67157,13.73031],[75.66854,13.73049],[75.66759,13.73123],[75.66602,13.73776],[75.66528,13.73902],[75.6598,13.74164],[75.65844,13.74304],[75.65671,13.74596],[75.6563,13.74755],[75.65713,13.74896],[75.66129,13.74905],[75.6636,13.75047],[75.66427,13.75286],[75.66372,13.75601],[75.66433,13.75758],[75.66681,13.7614],[75.67002,13.76467],[75.67063,13.7648],[75.67444,13.7611],[75.6753,13.7578],[75.67499,13.75363],[75.67561,13.75174],[75.67685,13.75107],[75.6795,13.75071],[75.68138,13.74939],[75.68347,13.74905],[75.68485,13.74938],[75.68879,13.75242],[75.68877,13.75354],[75.68737,13.75579],[75.68595,13.75711],[75.68329,13.75845],[75.68179,13.76084],[75.682,13.76201],[75.68474,13.76524],[75.68489,13.7662],[75.68653,13.7673],[75.69511,13.76768],[75.69759,13.76745],[75.69763,13.76688],[75.69809,13.76683],[75.70237,13.76748],[75.7051,13.76727],[75.70802,13.76566],[75.70947,13.76554],[75.71211,13.76775],[75.71312,13.77035],[75.71302,13.77226],[75.72053,13.77169],[75.73186,13.7692],[75.73204,13.76871]]],[[[75.76509,13.70302],[75.76563,13.70041],[75.76553,13.69694],[75.7626,13.67911],[75.77742,13.68242],[75.78324,13.68164],[75.79258,13.68848],[75.79306,13.68939],[75.79466,13.68998],[75.79488,13.6908],[75.79665,13.69256],[75.80073,13.69231],[75.80228,13.69328],[75.80323,13.69328],[75.8035,13.69191],[75.80298,13.6904],[75.80286,13.68665],[75.80364,13.68652],[75.80274,13.68134],[75.79212,13.67953],[75.78831,13.67119],[75.77001,13.66905],[75.75967,13.67813],[75.7608,13.6786],[75.76046,13.69514],[75.76083,13.70067],[75.76014,13.70217],[75.7599,13.70331],[75.76024,13.70407],[75.75989,13.70455],[75.76183,13.70456],[75.76359,13.70528],[75.76425,13.70671],[75.76509,13.70302]]]]}},{"type":"Feature","properties":{"unitId":320,"unitName":"Lingadahalli PS"},"geometry":{"type":"Polygon","coordinates":[[[75.84125,13.68449],[75.84392,13.68425],[75.84724,13.6832],[75.85284,13.68001],[75.85719,13.67823],[75.86291,13.67398],[75.86826,13.67296],[75.87481,13.66518],[75.88048,13.66363],[75.88176,13.66498],[75.88468,13.65423],[75.88578,13.6389],[75.88528,13.62423],[75.87645,13.61805],[75.86801,13.61676],[75.87226,13.61052],[75.87359,13.6075],[75.87618,13.60482],[75.86402,13.58899],[75.8631,13.58104],[75.86228,13.58038],[75.86152,13.57845],[75.86175,13.57689],[75.86087,13.57377],[75.86121,13.57124],[75.86184,13.56813],[75.86326,13.56533],[75.86497,13.55913],[75.86715,13.5494],[75.8584,13.54914],[75.85871,13.54615],[75.85816,13.53047],[75.84752,13.52306],[75.83832,13.52288],[75.8375,13.51399],[75.82451,13.50756],[75.81352,13.50534],[75.8008,13.50713],[75.7976,13.50899],[75.79104,13.51109],[75.78709,13.51112],[75.78188,13.5137],[75.7802,13.51518],[75.77567,13.51597],[75.77157,13.51753],[75.76991,13.52532],[75.76143,13.53347],[75.75769,13.53302],[75.75036,13.53391],[75.74333,13.54971],[75.7369,13.5567],[75.73058,13.55984],[75.72902,13.55774],[75.72551,13.55957],[75.72411,13.56142],[75.72597,13.56371],[75.72341,13.56385],[75.72129,13.56589],[75.70773,13.56527],[75.69701,13.56309],[75.69706,13.56414],[75.69627,13.56483],[75.68544,13.56726],[75.6755,13.56289],[75.67415,13.57107],[75.67275,13.57502],[75.67668,13.57389],[75.68697,13.57334],[75.69467,13.57691],[75.69781,13.57765],[75.70232,13.58507],[75.70222,13.58627],[75.71687,13.59283],[75.72982,13.59455],[75.74001,13.59477],[75.7418,13.60299],[75.74582,13.60935],[75.74241,13.61689],[75.73735,13.62596],[75.7371,13.62941],[75.7395,13.62918],[75.73916,13.62953],[75.73954,13.63085],[75.73366,13.65779],[75.73644,13.65852],[75.74142,13.67626],[75.74088,13.67694],[75.75661,13.68215],[75.75683,13.68174],[75.75606,13.68048],[75.75657,13.67996],[75.75787,13.67989],[75.75939,13.67792],[75.75967,13.67813],[75.77001,13.66905],[75.78944,13.67132],[75.79385,13.66764],[75.80187,13.66748],[75.80331,13.66826],[75.81381,13.66793],[75.81835,13.66345],[75.82039,13.66202],[75.8221,13.6616],[75.82324,13.66387],[75.82276,13.66665],[75.82423,13.66881],[75.82563,13.67255],[75.82574,13.67371],[75.82464,13.67484],[75.82453,13.67648],[75.82541,13.67792],[75.8291,13.67735],[75.82917,13.68082],[75.83054,13.68387],[75.83079,13.68354],[75.83259,13.68446],[75.83361,13.68429],[75.83378,13.68543],[75.84125,13.68449]]]}},{"type":"Feature","properties":{"unitId":321,"unitName":"Tarikere Town PS"},"geometry":{"type":"Polygon","coordinates":[[[75.85187,13.81093],[75.86774,13.81061],[75.87849,13.80904],[75.88629,13.80921],[75.89021,13.80841],[75.89327,13.80704],[75.88923,13.7867],[75.88416,13.77364],[75.88571,13.77364],[75.8891,13.77584],[75.89395,13.77216],[75.89895,13.77392],[75.90724,13.77425],[75.91798,13.79143],[75.93112,13.79156],[75.92659,13.78365],[75.92096,13.76822],[75.92039,13.7655],[75.93116,13.761],[75.93072,13.75652],[75.92476,13.75535],[75.92049,13.75551],[75.91723,13.75484],[75.91562,13.75561],[75.9097,13.75591],[75.91077,13.74892],[75.9105,13.74611],[75.90899,13.74254],[75.90878,13.74068],[75.90727,13.74025],[75.90686,13.73927],[75.90599,13.73932],[75.90579,13.73825],[75.90354,13.73799],[75.90336,13.73734],[75.902,13.73749],[75.90151,13.73647],[75.8994,13.73647],[75.8958,13.73529],[75.89237,13.73626],[75.89244,13.73551],[75.89409,13.73402],[75.89389,13.73336],[75.89642,13.73212],[75.89696,13.73102],[75.89832,13.73144],[75.89908,13.7305],[75.90046,13.73089],[75.90867,13.73],[75.90839,13.72647],[75.90699,13.72586],[75.90783,13.72452],[75.90723,13.72064],[75.91135,13.71912],[75.91994,13.72086],[75.91966,13.71847],[75.92364,13.71742],[75.92155,13.71098],[75.92154,13.70932],[75.92865,13.70812],[75.93433,13.70874],[75.94021,13.70795],[75.9442,13.70978],[75.94734,13.70778],[75.94609,13.70664],[75.94546,13.70474],[75.94526,13.7012],[75.94108,13.69995],[75.93669,13.70029],[75.93466,13.69878],[75.93254,13.69935],[75.93021,13.70116],[75.92936,13.70048],[75.92891,13.70062],[75.92875,13.70151],[75.92825,13.7002],[75.92702,13.70061],[75.92727,13.70203],[75.92542,13.70201],[75.92548,13.70324],[75.92455,13.70351],[75.92297,13.6975],[75.92245,13.69299],[75.92124,13.68913],[75.91935,13.6903],[75.91632,13.69066],[75.91615,13.69115],[75.91165,13.69231],[75.90759,13.69507],[75.90637,13.69528],[75.90757,13.70209],[75.90652,13.7046],[75.90444,13.70379],[75.90199,13.70433],[75.90123,13.70398],[75.90033,13.70509],[75.8994,13.70479],[75.89847,13.70538],[75.89852,13.70605],[75.8992,13.70636],[75.89774,13.70763],[75.89737,13.70944],[75.89724,13.70865],[75.89677,13.70861],[75.89657,13.70943],[75.89035,13.7088],[75.89016,13.70812],[75.89103,13.70667],[75.89057,13.70495],[75.89097,13.7025],[75.89067,13.70113],[75.8918,13.70004],[75.88973,13.70019],[75.88979,13.696],[75.89035,13.69521],[75.89046,13.69317],[75.89124,13.69284],[75.89012,13.68627],[75.88871,13.68155],[75.88178,13.66502],[75.88048,13.66363],[75.87481,13.66518],[75.86826,13.67296],[75.86291,13.67398],[75.85719,13.67823],[75.85284,13.68001],[75.84724,13.6832],[75.84392,13.68425],[75.83378,13.68543],[75.83361,13.68429],[75.83259,13.68446],[75.83079,13.68354],[75.83054,13.68387],[75.82917,13.68082],[75.8291,13.67735],[75.82541,13.67792],[75.82453,13.67648],[75.82464,13.67484],[75.82574,13.67371],[75.82563,13.67255],[75.82423,13.66881],[75.82276,13.66665],[75.82324,13.66387],[75.8221,13.6616],[75.82039,13.66202],[75.81835,13.66345],[75.81381,13.66793],[75.80331,13.66826],[75.80187,13.66748],[75.79385,13.66764],[75.78944,13.67132],[75.78831,13.67119],[75.79212,13.67953],[75.80274,13.68134],[75.80364,13.68652],[75.80286,13.68665],[75.80298,13.6904],[75.8035,13.69191],[75.80323,13.69328],[75.80228,13.69328],[75.80073,13.69231],[75.79665,13.69256],[75.79488,13.6908],[75.79466,13.68998],[75.79306,13.68939],[75.79258,13.68848],[75.78324,13.68164],[75.77742,13.68242],[75.7626,13.67911],[75.76553,13.69694],[75.76563,13.70041],[75.76425,13.70671],[75.76359,13.70528],[75.76183,13.70456],[75.75989,13.70455],[75.76024,13.70407],[75.7599,13.70331],[75.76014,13.70217],[75.76083,13.70067],[75.76046,13.69514],[75.7608,13.6786],[75.75939,13.67792],[75.75787,13.67989],[75.75657,13.67996],[75.75606,13.68048],[75.75683,13.68174],[75.75661,13.68215],[75.74088,13.67694],[75.72786,13.69425],[75.73586,13.70144],[75.73593,13.71433],[75.73651,13.71493],[75.73665,13.71687],[75.73877,13.71957],[75.73979,13.71983],[75.74007,13.72152],[75.73917,13.72281],[75.7386,13.72576],[75.73646,13.7266],[75.73605,13.72735],[75.7344,13.72732],[75.7328,13.72806],[75.73183,13.72994],[75.73113,13.73054],[75.73008,13.73057],[75.72913,13.73314],[75.72826,13.73305],[75.72539,13.73431],[75.72532,13.73514],[75.72413,13.73598],[75.72359,13.74103],[75.7244,13.74229],[75.72378,13.75267],[75.73211,13.76885],[75.74295,13.77696],[75.74937,13.78096],[75.76498,13.78217],[75.76611,13.78789],[75.76591,13.78938],[75.76637,13.78939],[75.76314,13.79205],[75.76182,13.79248],[75.75993,13.79454],[75.76391,13.7964],[75.76656,13.79683],[75.76737,13.7962],[75.77062,13.79673],[75.7724,13.79594],[75.77235,13.79558],[75.77716,13.79476],[75.77824,13.79086],[75.78979,13.79986],[75.79009,13.79532],[75.79857,13.7956],[75.80493,13.79469],[75.80935,13.80127],[75.81739,13.80878],[75.82541,13.81714],[75.83678,13.81351],[75.84429,13.81286],[75.85187,13.81093]]]}},{"type":"Feature","properties":{"unitId":322,"unitName":"YagathiPS"},"geometry":{"type":"Polygon","coordinates":[[[76.19379,13.71217],[76.19622,13.71225],[76.19705,13.7118],[76.20725,13.71249],[76.21434,13.71146],[76.21952,13.71014],[76.22076,13.69754],[76.2211,13.68265],[76.2232,13.68271],[76.22555,13.68036],[76.22684,13.68],[76.23002,13.68029],[76.23122,13.68134],[76.23231,13.6782],[76.23475,13.67798],[76.23929,13.6734],[76.24181,13.66778],[76.24443,13.66738],[76.24488,13.66596],[76.25429,13.66266],[76.25508,13.658],[76.25403,13.65452],[76.24848,13.65522],[76.24755,13.65306],[76.24751,13.65229],[76.24988,13.65199],[76.25005,13.65076],[76.25044,13.65062],[76.25016,13.64905],[76.25112,13.64057],[76.2548,13.64099],[76.25535,13.63539],[76.25756,13.63646],[76.26129,13.6359],[76.26982,13.63304],[76.27587,13.63178],[76.28089,13.63134],[76.27888,13.62863],[76.27323,13.62943],[76.27301,13.62697],[76.2691,13.62667],[76.26911,13.62384],[76.26562,13.62383],[76.26515,13.62086],[76.25674,13.62092],[76.25441,13.62008],[76.25165,13.62043],[76.25152,13.62186],[76.25305,13.63003],[76.25123,13.63139],[76.2442,13.63174],[76.24205,13.63121],[76.24244,13.6297],[76.23736,13.63012],[76.23351,13.62962],[76.22991,13.62472],[76.22825,13.62122],[76.22468,13.6201],[76.22193,13.61864],[76.21498,13.6175],[76.21119,13.61855],[76.21101,13.61895],[76.20566,13.61209],[76.20574,13.60939],[76.20803,13.608],[76.20723,13.60541],[76.212,13.5958],[76.21127,13.59419],[76.21368,13.58121],[76.2116,13.58303],[76.20831,13.58752],[76.20406,13.5852],[76.20273,13.58039],[76.19926,13.57854],[76.19642,13.57794],[76.19713,13.57552],[76.19637,13.57276],[76.19647,13.57042],[76.19543,13.56928],[76.19171,13.55561],[76.19073,13.55427],[76.18901,13.54529],[76.17939,13.54706],[76.17748,13.5479],[76.17711,13.55444],[76.17581,13.5621],[76.17652,13.56855],[76.16311,13.56872],[76.16054,13.56939],[76.15058,13.57016],[76.14699,13.57138],[76.1456,13.56903],[76.14481,13.56508],[76.14219,13.55819],[76.13899,13.55506],[76.13604,13.55444],[76.13274,13.55632],[76.12937,13.55606],[76.1314,13.55283],[76.13228,13.55004],[76.13495,13.54583],[76.1343,13.54474],[76.13108,13.54427],[76.12963,13.54295],[76.1283,13.54281],[76.12655,13.54414],[76.12781,13.5454],[76.12531,13.54819],[76.12235,13.55011],[76.11614,13.55035],[76.10479,13.55321],[76.10467,13.55012],[76.09756,13.55082],[76.09552,13.55145],[76.09581,13.55313],[76.09319,13.55422],[76.09097,13.5564],[76.08737,13.55746],[76.08623,13.55734],[76.07829,13.56001],[76.07775,13.56229],[76.07299,13.56393],[76.07337,13.5648],[76.07866,13.5671],[76.0789,13.56762],[76.07873,13.56817],[76.07383,13.56826],[76.07164,13.56971],[76.06754,13.56968],[76.06569,13.57023],[76.06668,13.57685],[76.06906,13.58189],[76.05471,13.5864],[76.05654,13.5963],[76.05468,13.60603],[76.05546,13.61271],[76.05696,13.61265],[76.05646,13.6155],[76.05552,13.61613],[76.05589,13.61724],[76.05127,13.61841],[76.04437,13.61767],[76.04336,13.62032],[76.04358,13.62454],[76.04408,13.6253],[76.04408,13.62607],[76.04335,13.62675],[76.04362,13.6311],[76.0473,13.64252],[76.04793,13.64599],[76.04676,13.6461],[76.0502,13.65753],[76.05059,13.66083],[76.05243,13.66372],[76.05305,13.66645],[76.0546,13.66599],[76.05509,13.67575],[76.06033,13.67574],[76.06097,13.67884],[76.06067,13.68314],[76.06106,13.68527],[76.06261,13.68466],[76.06572,13.68174],[76.06661,13.68155],[76.06837,13.68354],[76.08586,13.68129],[76.08616,13.68718],[76.08652,13.68758],[76.09189,13.68595],[76.09073,13.68176],[76.09239,13.6814],[76.09225,13.68005],[76.09176,13.68008],[76.09,13.67604],[76.08135,13.67655],[76.08207,13.67022],[76.08106,13.66118],[76.09307,13.65875],[76.09494,13.6609],[76.09762,13.66258],[76.09839,13.66502],[76.10342,13.66506],[76.10272,13.66257],[76.10275,13.66007],[76.10359,13.65615],[76.10305,13.65287],[76.1084,13.65171],[76.10916,13.64879],[76.11521,13.64869],[76.11866,13.65121],[76.12291,13.65292],[76.12846,13.64836],[76.13162,13.65067],[76.13886,13.65091],[76.13929,13.65497],[76.14246,13.65915],[76.1533,13.66383],[76.15476,13.6715],[76.15809,13.67729],[76.16154,13.67803],[76.16338,13.67902],[76.1714,13.68075],[76.17253,13.6808],[76.17342,13.67921],[76.1788,13.67751],[76.18807,13.67662],[76.18681,13.67216],[76.18356,13.66662],[76.18479,13.66484],[76.19763,13.6649],[76.20085,13.6644],[76.20196,13.6628],[76.20664,13.668],[76.20128,13.6721],[76.19862,13.67304],[76.19463,13.67277],[76.19239,13.67312],[76.19055,13.6747],[76.19131,13.67871],[76.19167,13.6787],[76.19122,13.68723],[76.19004,13.68905],[76.1889,13.6946],[76.18357,13.69786],[76.17912,13.69778],[76.17574,13.69861],[76.17272,13.70045],[76.16769,13.70618],[76.1718,13.71831],[76.17167,13.71974],[76.17977,13.71654],[76.18291,13.71641],[76.19379,13.71217]]]}}]}